<?xml version="1.0" encoding="UTF-8"?>
<!-- Created with BasicAirData GPS Logger for Android - ver. 3.2.3 -->
<!-- Track 50 = 5466 TrackPoints + 0 Placemarks -->

<!-- Track Statistics (based on Total Time | Time in Movement): -->
<!--  Distance = 14.0 km -->
<!--  Duration = 01:53:53 | 59:40 -->
<!--  Altitude Gap = 2 m -->
<!--  Max Speed = 39 km/h -->
<!--  Avg Speed = 7.4 | 14.1 km/h -->
<!--  Direction = ESE -->
<!--  Activity = cycling -->
<!--  Altitudes = Raw -->

<gpx version="1.0"
     creator="BasicAirData GPS Logger 3.2.3"
     xmlns="http://www.topografix.com/GPX/1/0"
     xmlns:xsi="http://www.w3.org/2001/XMLSchema-instance"
     xsi:schemaLocation="http://www.topografix.com/GPX/1/0 http://www.topografix.com/GPX/1/0/gpx.xsd">
<name>GPS Logger 20250116-183435</name>
<time>2025-01-20T08:40:14Z</time>
<keywords>cycling</keywords>
<bounds minlat="10.76432692" minlon="106.69549967" maxlat="10.78951174" maxlon="106.72213736" />

<trk>
 <name>Track 20250116-183435</name>
 <trkseg>
  <trkpt lat="10.77628086" lon="106.70279871"><ele>0.378</ele><time>2025-01-16T11:34:35Z</time><speed>0.000</speed><sat>21</sat></trkpt>
  <trkpt lat="10.77628338" lon="106.70279884"><ele>0.411</ele><time>2025-01-16T11:34:36Z</time><speed>0.000</speed><sat>23</sat></trkpt>
  <trkpt lat="10.77628512" lon="106.70279901"><ele>0.502</ele><time>2025-01-16T11:34:37Z</time><speed>0.000</speed><sat>25</sat></trkpt>
  <trkpt lat="10.77628540" lon="106.70280039"><ele>0.723</ele><time>2025-01-16T11:34:38Z</time><speed>0.000</speed><sat>23</sat></trkpt>
  <trkpt lat="10.77628667" lon="106.70280097"><ele>0.757</ele><time>2025-01-16T11:34:39Z</time><speed>0.000</speed><sat>22</sat></trkpt>
  <trkpt lat="10.77628759" lon="106.70280115"><ele>0.789</ele><time>2025-01-16T11:34:40Z</time><speed>0.000</speed><sat>23</sat></trkpt>
  <trkpt lat="10.77628829" lon="106.70280162"><ele>0.862</ele><time>2025-01-16T11:34:41Z</time><speed>0.000</speed><sat>25</sat></trkpt>
  <trkpt lat="10.77628846" lon="106.70280146"><ele>0.713</ele><time>2025-01-16T11:34:42Z</time><speed>0.000</speed><sat>23</sat></trkpt>
  <trkpt lat="10.77628779" lon="106.70280124"><ele>0.784</ele><time>2025-01-16T11:34:43Z</time><speed>0.000</speed><sat>25</sat></trkpt>
  <trkpt lat="10.77628667" lon="106.70280250"><ele>0.767</ele><time>2025-01-16T11:34:44Z</time><speed>0.000</speed><sat>23</sat></trkpt>
  <trkpt lat="10.77628634" lon="106.70280267"><ele>0.819</ele><time>2025-01-16T11:34:45Z</time><speed>0.000</speed><sat>21</sat></trkpt>
  <trkpt lat="10.77628467" lon="106.70280189"><ele>0.974</ele><time>2025-01-16T11:34:46Z</time><speed>0.000</speed><sat>26</sat></trkpt>
  <trkpt lat="10.77628364" lon="106.70280121"><ele>0.875</ele><time>2025-01-16T11:34:47Z</time><speed>0.000</speed><sat>24</sat></trkpt>
  <trkpt lat="10.77628238" lon="106.70280237"><ele>1.014</ele><time>2025-01-16T11:34:48Z</time><speed>0.000</speed><sat>25</sat></trkpt>
  <trkpt lat="10.77628150" lon="106.70280236"><ele>0.782</ele><time>2025-01-16T11:34:49Z</time><speed>0.000</speed><sat>24</sat></trkpt>
  <trkpt lat="10.77628027" lon="106.70280402"><ele>0.824</ele><time>2025-01-16T11:34:50Z</time><speed>0.000</speed><sat>25</sat></trkpt>
  <trkpt lat="10.77627921" lon="106.70280461"><ele>0.814</ele><time>2025-01-16T11:34:51Z</time><speed>0.000</speed><sat>23</sat></trkpt>
  <trkpt lat="10.77627854" lon="106.70280482"><ele>0.814</ele><time>2025-01-16T11:34:52Z</time><speed>0.000</speed><sat>20</sat></trkpt>
  <trkpt lat="10.77627849" lon="106.70280530"><ele>0.851</ele><time>2025-01-16T11:34:53Z</time><speed>0.000</speed><sat>21</sat></trkpt>
  <trkpt lat="10.77627863" lon="106.70280408"><ele>0.716</ele><time>2025-01-16T11:34:54Z</time><speed>0.000</speed><sat>26</sat></trkpt>
  <trkpt lat="10.77627799" lon="106.70280381"><ele>0.750</ele><time>2025-01-16T11:34:55Z</time><speed>0.000</speed><sat>26</sat></trkpt>
  <trkpt lat="10.77627708" lon="106.70280315"><ele>0.763</ele><time>2025-01-16T11:34:56Z</time><speed>0.000</speed><sat>24</sat></trkpt>
  <trkpt lat="10.77627642" lon="106.70280313"><ele>0.729</ele><time>2025-01-16T11:34:57Z</time><speed>0.000</speed><sat>23</sat></trkpt>
  <trkpt lat="10.77627613" lon="106.70280345"><ele>0.711</ele><time>2025-01-16T11:34:58Z</time><speed>0.000</speed><sat>23</sat></trkpt>
  <trkpt lat="10.77627562" lon="106.70280329"><ele>0.682</ele><time>2025-01-16T11:34:59Z</time><speed>0.000</speed><sat>23</sat></trkpt>
  <trkpt lat="10.77627271" lon="106.70280436"><ele>0.642</ele><time>2025-01-16T11:35:00Z</time><speed>0.000</speed><sat>22</sat></trkpt>
  <trkpt lat="10.77627156" lon="106.70280425"><ele>0.848</ele><time>2025-01-16T11:35:01Z</time><speed>0.000</speed><sat>26</sat></trkpt>
  <trkpt lat="10.77626931" lon="106.70280436"><ele>0.672</ele><time>2025-01-16T11:35:02Z</time><speed>0.000</speed><sat>25</sat></trkpt>
  <trkpt lat="10.77626637" lon="106.70280345"><ele>0.696</ele><time>2025-01-16T11:35:03Z</time><speed>0.000</speed><sat>25</sat></trkpt>
  <trkpt lat="10.77626696" lon="106.70280195"><ele>0.666</ele><time>2025-01-16T11:35:04Z</time><speed>0.000</speed><sat>24</sat></trkpt>
  <trkpt lat="10.77626531" lon="106.70280139"><ele>0.705</ele><time>2025-01-16T11:35:05Z</time><speed>0.000</speed><sat>23</sat></trkpt>
  <trkpt lat="10.77626393" lon="106.70280122"><ele>0.691</ele><time>2025-01-16T11:35:06Z</time><speed>0.000</speed><sat>22</sat></trkpt>
  <trkpt lat="10.77626319" lon="106.70280142"><ele>0.636</ele><time>2025-01-16T11:35:07Z</time><speed>0.000</speed><sat>22</sat></trkpt>
  <trkpt lat="10.77626330" lon="106.70280137"><ele>0.631</ele><time>2025-01-16T11:35:08Z</time><speed>0.000</speed><sat>22</sat></trkpt>
  <trkpt lat="10.77626302" lon="106.70280034"><ele>0.684</ele><time>2025-01-16T11:35:09Z</time><speed>0.000</speed><sat>22</sat></trkpt>
  <trkpt lat="10.77626351" lon="106.70280039"><ele>0.697</ele><time>2025-01-16T11:35:10Z</time><speed>0.000</speed><sat>21</sat></trkpt>
  <trkpt lat="10.77626310" lon="106.70280036"><ele>0.780</ele><time>2025-01-16T11:35:11Z</time><speed>0.000</speed><sat>21</sat></trkpt>
  <trkpt lat="10.77626388" lon="106.70280041"><ele>0.772</ele><time>2025-01-16T11:35:12Z</time><speed>0.000</speed><sat>21</sat></trkpt>
  <trkpt lat="10.77626454" lon="106.70280046"><ele>0.774</ele><time>2025-01-16T11:35:13Z</time><speed>0.000</speed><sat>19</sat></trkpt>
  <trkpt lat="10.77626449" lon="106.70280037"><ele>0.775</ele><time>2025-01-16T11:35:14Z</time><speed>0.000</speed><sat>23</sat></trkpt>
  <trkpt lat="10.77626423" lon="106.70280036"><ele>0.817</ele><time>2025-01-16T11:35:15Z</time><speed>0.000</speed><sat>22</sat></trkpt>
  <trkpt lat="10.77626450" lon="106.70280023"><ele>0.809</ele><time>2025-01-16T11:35:16Z</time><speed>0.000</speed><sat>21</sat></trkpt>
  <trkpt lat="10.77626376" lon="106.70280051"><ele>0.849</ele><time>2025-01-16T11:35:17Z</time><speed>0.000</speed><sat>23</sat></trkpt>
  <trkpt lat="10.77626395" lon="106.70279968"><ele>0.891</ele><time>2025-01-16T11:35:18Z</time><speed>0.000</speed><sat>21</sat></trkpt>
  <trkpt lat="10.77626397" lon="106.70279992"><ele>0.907</ele><time>2025-01-16T11:35:19Z</time><speed>0.000</speed><sat>21</sat></trkpt>
  <trkpt lat="10.77626398" lon="106.70279964"><ele>0.885</ele><time>2025-01-16T11:35:20Z</time><speed>0.000</speed><sat>21</sat></trkpt>
  <trkpt lat="10.77626377" lon="106.70279958"><ele>0.914</ele><time>2025-01-16T11:35:21Z</time><speed>0.000</speed><sat>22</sat></trkpt>
  <trkpt lat="10.77626412" lon="106.70279949"><ele>0.973</ele><time>2025-01-16T11:35:22Z</time><speed>0.000</speed><sat>21</sat></trkpt>
  <trkpt lat="10.77626399" lon="106.70279952"><ele>1.030</ele><time>2025-01-16T11:35:23Z</time><speed>0.000</speed><sat>23</sat></trkpt>
  <trkpt lat="10.77626458" lon="106.70279941"><ele>0.983</ele><time>2025-01-16T11:35:24Z</time><speed>0.000</speed><sat>22</sat></trkpt>
  <trkpt lat="10.77626518" lon="106.70279999"><ele>1.059</ele><time>2025-01-16T11:35:25Z</time><speed>0.000</speed><sat>25</sat></trkpt>
  <trkpt lat="10.77626534" lon="106.70280007"><ele>1.130</ele><time>2025-01-16T11:35:26Z</time><speed>0.000</speed><sat>24</sat></trkpt>
  <trkpt lat="10.77626495" lon="106.70279992"><ele>1.086</ele><time>2025-01-16T11:35:27Z</time><speed>0.000</speed><sat>25</sat></trkpt>
  <trkpt lat="10.77626453" lon="106.70280011"><ele>1.102</ele><time>2025-01-16T11:35:28Z</time><speed>0.000</speed><sat>26</sat></trkpt>
  <trkpt lat="10.77626409" lon="106.70280055"><ele>1.081</ele><time>2025-01-16T11:35:29Z</time><speed>0.000</speed><sat>26</sat></trkpt>
  <trkpt lat="10.77626375" lon="106.70280060"><ele>1.112</ele><time>2025-01-16T11:35:30Z</time><speed>0.000</speed><sat>25</sat></trkpt>
  <trkpt lat="10.77626319" lon="106.70280060"><ele>1.096</ele><time>2025-01-16T11:35:31Z</time><speed>0.000</speed><sat>24</sat></trkpt>
  <trkpt lat="10.77626303" lon="106.70280062"><ele>1.105</ele><time>2025-01-16T11:35:32Z</time><speed>0.000</speed><sat>24</sat></trkpt>
  <trkpt lat="10.77626248" lon="106.70280100"><ele>1.059</ele><time>2025-01-16T11:35:33Z</time><speed>0.000</speed><sat>25</sat></trkpt>
  <trkpt lat="10.77626216" lon="106.70280105"><ele>1.065</ele><time>2025-01-16T11:35:34Z</time><speed>0.000</speed><sat>24</sat></trkpt>
  <trkpt lat="10.77626174" lon="106.70280102"><ele>1.054</ele><time>2025-01-16T11:35:35Z</time><speed>0.000</speed><sat>24</sat></trkpt>
  <trkpt lat="10.77626167" lon="106.70280087"><ele>1.016</ele><time>2025-01-16T11:35:36Z</time><speed>0.000</speed><sat>24</sat></trkpt>
  <trkpt lat="10.77626146" lon="106.70280076"><ele>0.946</ele><time>2025-01-16T11:35:37Z</time><speed>0.000</speed><sat>23</sat></trkpt>
  <trkpt lat="10.77626163" lon="106.70280027"><ele>0.908</ele><time>2025-01-16T11:35:38Z</time><speed>0.000</speed><sat>25</sat></trkpt>
  <trkpt lat="10.77626183" lon="106.70279990"><ele>0.857</ele><time>2025-01-16T11:35:39Z</time><speed>0.000</speed><sat>21</sat></trkpt>
  <trkpt lat="10.77626202" lon="106.70279983"><ele>0.857</ele><time>2025-01-16T11:35:40Z</time><speed>0.000</speed><sat>23</sat></trkpt>
  <trkpt lat="10.77626235" lon="106.70279967"><ele>0.818</ele><time>2025-01-16T11:35:41Z</time><speed>0.000</speed><sat>23</sat></trkpt>
  <trkpt lat="10.77626305" lon="106.70279972"><ele>0.728</ele><time>2025-01-16T11:35:42Z</time><speed>0.000</speed><sat>25</sat></trkpt>
  <trkpt lat="10.77626357" lon="106.70280010"><ele>0.769</ele><time>2025-01-16T11:35:43Z</time><speed>0.000</speed><sat>24</sat></trkpt>
  <trkpt lat="10.77626376" lon="106.70280038"><ele>0.810</ele><time>2025-01-16T11:35:44Z</time><speed>0.000</speed><sat>24</sat></trkpt>
  <trkpt lat="10.77626388" lon="106.70280073"><ele>0.827</ele><time>2025-01-16T11:35:45Z</time><speed>0.000</speed><sat>23</sat></trkpt>
  <trkpt lat="10.77626535" lon="106.70280140"><ele>0.856</ele><time>2025-01-16T11:35:46Z</time><speed>0.000</speed><sat>25</sat></trkpt>
  <trkpt lat="10.77626533" lon="106.70280138"><ele>0.882</ele><time>2025-01-16T11:35:47Z</time><speed>0.000</speed><sat>23</sat></trkpt>
  <trkpt lat="10.77626598" lon="106.70280113"><ele>0.842</ele><time>2025-01-16T11:35:48Z</time><speed>0.000</speed><sat>25</sat></trkpt>
  <trkpt lat="10.77626708" lon="106.70280121"><ele>0.841</ele><time>2025-01-16T11:35:49Z</time><speed>0.000</speed><sat>26</sat></trkpt>
  <trkpt lat="10.77626874" lon="106.70280018"><ele>0.862</ele><time>2025-01-16T11:35:50Z</time><speed>0.000</speed><sat>25</sat></trkpt>
  <trkpt lat="10.77626939" lon="106.70280028"><ele>0.899</ele><time>2025-01-16T11:35:51Z</time><speed>0.000</speed><sat>24</sat></trkpt>
  <trkpt lat="10.77626992" lon="106.70280077"><ele>0.951</ele><time>2025-01-16T11:35:52Z</time><speed>0.000</speed><sat>23</sat></trkpt>
  <trkpt lat="10.77626995" lon="106.70280084"><ele>0.998</ele><time>2025-01-16T11:35:53Z</time><speed>0.000</speed><sat>26</sat></trkpt>
  <trkpt lat="10.77627021" lon="106.70280113"><ele>0.990</ele><time>2025-01-16T11:35:54Z</time><speed>0.000</speed><sat>25</sat></trkpt>
  <trkpt lat="10.77627012" lon="106.70280139"><ele>0.962</ele><time>2025-01-16T11:35:55Z</time><speed>0.000</speed><sat>26</sat></trkpt>
  <trkpt lat="10.77626971" lon="106.70280203"><ele>0.966</ele><time>2025-01-16T11:35:56Z</time><speed>0.000</speed><sat>26</sat></trkpt>
  <trkpt lat="10.77626957" lon="106.70280258"><ele>0.942</ele><time>2025-01-16T11:35:57Z</time><speed>0.000</speed><sat>25</sat></trkpt>
  <trkpt lat="10.77627077" lon="106.70280247"><ele>1.007</ele><time>2025-01-16T11:35:58Z</time><speed>0.000</speed><sat>25</sat></trkpt>
  <trkpt lat="10.77627066" lon="106.70280237"><ele>0.944</ele><time>2025-01-16T11:35:59Z</time><speed>0.000</speed><sat>26</sat></trkpt>
  <trkpt lat="10.77627041" lon="106.70280223"><ele>0.908</ele><time>2025-01-16T11:36:00Z</time><speed>0.000</speed><sat>24</sat></trkpt>
  <trkpt lat="10.77626982" lon="106.70280344"><ele>0.689</ele><time>2025-01-16T11:36:01Z</time><speed>0.000</speed><sat>25</sat></trkpt>
  <trkpt lat="10.77626911" lon="106.70280370"><ele>0.588</ele><time>2025-01-16T11:36:02Z</time><speed>0.000</speed><sat>23</sat></trkpt>
  <trkpt lat="10.77626869" lon="106.70280415"><ele>0.584</ele><time>2025-01-16T11:36:03Z</time><speed>0.000</speed><sat>21</sat></trkpt>
  <trkpt lat="10.77626841" lon="106.70280372"><ele>0.518</ele><time>2025-01-16T11:36:04Z</time><speed>0.000</speed><sat>19</sat></trkpt>
  <trkpt lat="10.77626717" lon="106.70280421"><ele>0.501</ele><time>2025-01-16T11:36:05Z</time><speed>0.000</speed><sat>21</sat></trkpt>
  <trkpt lat="10.77626666" lon="106.70280442"><ele>0.479</ele><time>2025-01-16T11:36:06Z</time><speed>0.000</speed><sat>22</sat></trkpt>
  <trkpt lat="10.77626557" lon="106.70280499"><ele>0.457</ele><time>2025-01-16T11:36:07Z</time><speed>0.000</speed><sat>24</sat></trkpt>
  <trkpt lat="10.77626531" lon="106.70280512"><ele>0.425</ele><time>2025-01-16T11:36:08Z</time><speed>0.000</speed><sat>24</sat></trkpt>
  <trkpt lat="10.77626477" lon="106.70280620"><ele>0.434</ele><time>2025-01-16T11:36:09Z</time><speed>0.000</speed><sat>23</sat></trkpt>
  <trkpt lat="10.77626499" lon="106.70280708"><ele>0.465</ele><time>2025-01-16T11:36:10Z</time><speed>0.000</speed><sat>22</sat></trkpt>
  <trkpt lat="10.77626531" lon="106.70280760"><ele>0.392</ele><time>2025-01-16T11:36:11Z</time><speed>0.000</speed><sat>23</sat></trkpt>
  <trkpt lat="10.77626505" lon="106.70280773"><ele>0.330</ele><time>2025-01-16T11:36:12Z</time><speed>0.000</speed><sat>24</sat></trkpt>
  <trkpt lat="10.77626519" lon="106.70280771"><ele>0.249</ele><time>2025-01-16T11:36:13Z</time><speed>0.000</speed><sat>23</sat></trkpt>
  <trkpt lat="10.77626436" lon="106.70280755"><ele>0.200</ele><time>2025-01-16T11:36:14Z</time><speed>0.000</speed><sat>24</sat></trkpt>
  <trkpt lat="10.77626438" lon="106.70280773"><ele>0.120</ele><time>2025-01-16T11:36:15Z</time><speed>0.000</speed><sat>21</sat></trkpt>
  <trkpt lat="10.77626469" lon="106.70280792"><ele>0.029</ele><time>2025-01-16T11:36:16Z</time><speed>0.000</speed><sat>21</sat></trkpt>
  <trkpt lat="10.77626463" lon="106.70280767"><ele>0.023</ele><time>2025-01-16T11:36:17Z</time><speed>0.016</speed><sat>21</sat></trkpt>
  <trkpt lat="10.77626466" lon="106.70280766"><ele>0.064</ele><time>2025-01-16T11:36:18Z</time><speed>0.011</speed><sat>20</sat></trkpt>
  <trkpt lat="10.77626472" lon="106.70280778"><ele>0.033</ele><time>2025-01-16T11:36:19Z</time><speed>0.015</speed><sat>24</sat></trkpt>
  <trkpt lat="10.77626465" lon="106.70280776"><ele>0.036</ele><time>2025-01-16T11:36:20Z</time><speed>0.011</speed><sat>23</sat></trkpt>
  <trkpt lat="10.77626485" lon="106.70280808"><ele>0.031</ele><time>2025-01-16T11:36:21Z</time><speed>0.028</speed><sat>24</sat></trkpt>
  <trkpt lat="10.77626480" lon="106.70280802"><ele>-0.002</ele><time>2025-01-16T11:36:22Z</time><speed>0.018</speed><sat>24</sat></trkpt>
  <trkpt lat="10.77626484" lon="106.70280804"><ele>0.017</ele><time>2025-01-16T11:36:23Z</time><speed>0.012</speed><sat>20</sat></trkpt>
  <trkpt lat="10.77626491" lon="106.70280810"><ele>0.014</ele><time>2025-01-16T11:36:24Z</time><speed>0.012</speed><sat>19</sat></trkpt>
  <trkpt lat="10.77626470" lon="106.70280789"><ele>0.005</ele><time>2025-01-16T11:36:25Z</time><speed>0.022</speed><sat>20</sat></trkpt>
  <trkpt lat="10.77626478" lon="106.70280799"><ele>0.019</ele><time>2025-01-16T11:36:26Z</time><speed>0.019</speed><sat>23</sat></trkpt>
  <trkpt lat="10.77626513" lon="106.70280805"><ele>0.102</ele><time>2025-01-16T11:36:27Z</time><speed>0.031</speed><sat>18</sat></trkpt>
  <trkpt lat="10.77626507" lon="106.70280792"><ele>0.071</ele><time>2025-01-16T11:36:28Z</time><speed>0.023</speed><sat>19</sat></trkpt>
  <trkpt lat="10.77626513" lon="106.70280795"><ele>0.081</ele><time>2025-01-16T11:36:29Z</time><speed>0.018</speed><sat>22</sat></trkpt>
  <trkpt lat="10.77626512" lon="106.70280796"><ele>0.055</ele><time>2025-01-16T11:36:30Z</time><speed>0.012</speed><sat>23</sat></trkpt>
  <trkpt lat="10.77626513" lon="106.70280792"><ele>0.026</ele><time>2025-01-16T11:36:31Z</time><speed>0.007</speed><sat>23</sat></trkpt>
  <trkpt lat="10.77626513" lon="106.70280786"><ele>-0.010</ele><time>2025-01-16T11:36:32Z</time><speed>0.006</speed><sat>21</sat></trkpt>
  <trkpt lat="10.77626513" lon="106.70280786"><ele>-0.009</ele><time>2025-01-16T11:36:33Z</time><speed>0.005</speed><sat>21</sat></trkpt>
  <trkpt lat="10.77626513" lon="106.70280779"><ele>-0.002</ele><time>2025-01-16T11:36:34Z</time><speed>0.005</speed><sat>22</sat></trkpt>
  <trkpt lat="10.77626507" lon="106.70280770"><ele>-0.019</ele><time>2025-01-16T11:36:35Z</time><speed>0.006</speed><sat>22</sat></trkpt>
  <trkpt lat="10.77626514" lon="106.70280761"><ele>-0.016</ele><time>2025-01-16T11:36:36Z</time><speed>0.007</speed><sat>24</sat></trkpt>
  <trkpt lat="10.77626521" lon="106.70280771"><ele>-0.032</ele><time>2025-01-16T11:36:37Z</time><speed>0.010</speed><sat>23</sat></trkpt>
  <trkpt lat="10.77626500" lon="106.70280752"><ele>-0.093</ele><time>2025-01-16T11:36:38Z</time><speed>0.021</speed><sat>23</sat></trkpt>
  <trkpt lat="10.77626522" lon="106.70280771"><ele>-0.038</ele><time>2025-01-16T11:36:39Z</time><speed>0.027</speed><sat>21</sat></trkpt>
  <trkpt lat="10.77626521" lon="106.70280762"><ele>-0.057</ele><time>2025-01-16T11:36:40Z</time><speed>0.018</speed><sat>19</sat></trkpt>
  <trkpt lat="10.77626521" lon="106.70280758"><ele>-0.038</ele><time>2025-01-16T11:36:41Z</time><speed>0.011</speed><sat>20</sat></trkpt>
  <trkpt lat="10.77626526" lon="106.70280753"><ele>-0.009</ele><time>2025-01-16T11:36:42Z</time><speed>0.009</speed><sat>20</sat></trkpt>
  <trkpt lat="10.77626530" lon="106.70280776"><ele>-0.031</ele><time>2025-01-16T11:36:43Z</time><speed>0.019</speed><sat>20</sat></trkpt>
  <trkpt lat="10.77626531" lon="106.70280773"><ele>-0.026</ele><time>2025-01-16T11:36:44Z</time><speed>0.012</speed><sat>20</sat></trkpt>
  <trkpt lat="10.77626529" lon="106.70280765"><ele>-0.086</ele><time>2025-01-16T11:36:45Z</time><speed>0.011</speed><sat>22</sat></trkpt>
  <trkpt lat="10.77626535" lon="106.70280774"><ele>-0.097</ele><time>2025-01-16T11:36:46Z</time><speed>0.013</speed><sat>22</sat></trkpt>
  <trkpt lat="10.77626533" lon="106.70280776"><ele>-0.081</ele><time>2025-01-16T11:36:47Z</time><speed>0.009</speed><sat>21</sat></trkpt>
  <trkpt lat="10.77626540" lon="106.70280760"><ele>-0.104</ele><time>2025-01-16T11:36:48Z</time><speed>0.014</speed><sat>21</sat></trkpt>
  <trkpt lat="10.77626544" lon="106.70280763"><ele>-0.075</ele><time>2025-01-16T11:36:49Z</time><speed>0.011</speed><sat>21</sat></trkpt>
  <trkpt lat="10.77626551" lon="106.70280763"><ele>-0.041</ele><time>2025-01-16T11:36:50Z</time><speed>0.009</speed><sat>20</sat></trkpt>
  <trkpt lat="10.77626545" lon="106.70280762"><ele>-0.077</ele><time>2025-01-16T11:36:51Z</time><speed>0.008</speed><sat>19</sat></trkpt>
  <trkpt lat="10.77626556" lon="106.70280763"><ele>-0.093</ele><time>2025-01-16T11:36:52Z</time><speed>0.011</speed><sat>18</sat></trkpt>
  <trkpt lat="10.77626556" lon="106.70280757"><ele>-0.064</ele><time>2025-01-16T11:36:53Z</time><speed>0.008</speed><sat>18</sat></trkpt>
  <trkpt lat="10.77626526" lon="106.70280730"><ele>-0.169</ele><time>2025-01-16T11:36:54Z</time><speed>0.026</speed><sat>16</sat></trkpt>
  <trkpt lat="10.77626531" lon="106.70280730"><ele>-0.156</ele><time>2025-01-16T11:36:55Z</time><speed>0.016</speed><sat>17</sat></trkpt>
  <trkpt lat="10.77626526" lon="106.70280723"><ele>-0.165</ele><time>2025-01-16T11:36:56Z</time><speed>0.014</speed><sat>18</sat></trkpt>
  <trkpt lat="10.77626563" lon="106.70280757"><ele>-0.112</ele><time>2025-01-16T11:36:57Z</time><speed>0.037</speed><sat>18</sat></trkpt>
  <trkpt lat="10.77626513" lon="106.70280746"><ele>-0.230</ele><time>2025-01-16T11:36:58Z</time><speed>0.045</speed><sat>17</sat></trkpt>
  <trkpt lat="10.77626507" lon="106.70280745"><ele>-0.267</ele><time>2025-01-16T11:36:59Z</time><speed>0.027</speed><sat>20</sat></trkpt>
  <trkpt lat="10.77626510" lon="106.70280746"><ele>-0.268</ele><time>2025-01-16T11:37:00Z</time><speed>0.017</speed><sat>21</sat></trkpt>
  <trkpt lat="10.77626518" lon="106.70280743"><ele>-0.244</ele><time>2025-01-16T11:37:01Z</time><speed>0.012</speed><sat>19</sat></trkpt>
  <trkpt lat="10.77626521" lon="106.70280744"><ele>-0.252</ele><time>2025-01-16T11:37:02Z</time><speed>0.008</speed><sat>21</sat></trkpt>
  <trkpt lat="10.77626566" lon="106.70280785"><ele>-0.259</ele><time>2025-01-16T11:37:03Z</time><speed>0.040</speed><sat>22</sat></trkpt>
  <trkpt lat="10.77626569" lon="106.70280786"><ele>-0.264</ele><time>2025-01-16T11:37:04Z</time><speed>0.023</speed><sat>23</sat></trkpt>
  <trkpt lat="10.77626570" lon="106.70280788"><ele>-0.278</ele><time>2025-01-16T11:37:05Z</time><speed>0.014</speed><sat>22</sat></trkpt>
  <trkpt lat="10.77626565" lon="106.70280793"><ele>-0.274</ele><time>2025-01-16T11:37:06Z</time><speed>0.009</speed><sat>19</sat></trkpt>
  <trkpt lat="10.77626565" lon="106.70280785"><ele>-0.270</ele><time>2025-01-16T11:37:07Z</time><speed>0.008</speed><sat>15</sat></trkpt>
  <trkpt lat="10.77626564" lon="106.70280788"><ele>-0.267</ele><time>2025-01-16T11:37:08Z</time><speed>0.006</speed><sat>16</sat></trkpt>
  <trkpt lat="10.77626570" lon="106.70280796"><ele>-0.298</ele><time>2025-01-16T11:37:09Z</time><speed>0.009</speed><sat>17</sat></trkpt>
  <trkpt lat="10.77626563" lon="106.70280779"><ele>-0.267</ele><time>2025-01-16T11:37:10Z</time><speed>0.014</speed><sat>17</sat></trkpt>
  <trkpt lat="10.77626565" lon="106.70280772"><ele>-0.255</ele><time>2025-01-16T11:37:11Z</time><speed>0.011</speed><sat>19</sat></trkpt>
  <trkpt lat="10.77626566" lon="106.70280780"><ele>-0.182</ele><time>2025-01-16T11:37:12Z</time><speed>0.012</speed><sat>20</sat></trkpt>
  <trkpt lat="10.77626561" lon="106.70280795"><ele>-0.271</ele><time>2025-01-16T11:37:13Z</time><speed>0.018</speed><sat>22</sat></trkpt>
  <trkpt lat="10.77626569" lon="106.70280796"><ele>-0.312</ele><time>2025-01-16T11:37:14Z</time><speed>0.014</speed><sat>21</sat></trkpt>
  <trkpt lat="10.77626574" lon="106.70280771"><ele>-0.282</ele><time>2025-01-16T11:37:15Z</time><speed>0.019</speed><sat>22</sat></trkpt>
  <trkpt lat="10.77626582" lon="106.70280755"><ele>-0.310</ele><time>2025-01-16T11:37:16Z</time><speed>0.019</speed><sat>19</sat></trkpt>
  <trkpt lat="10.77626582" lon="106.70280747"><ele>-0.337</ele><time>2025-01-16T11:37:17Z</time><speed>0.014</speed><sat>22</sat></trkpt>
  <trkpt lat="10.77626589" lon="106.70280755"><ele>-0.342</ele><time>2025-01-16T11:37:18Z</time><speed>0.012</speed><sat>20</sat></trkpt>
  <trkpt lat="10.77626589" lon="106.70280766"><ele>-0.346</ele><time>2025-01-16T11:37:19Z</time><speed>0.012</speed><sat>23</sat></trkpt>
  <trkpt lat="10.77626594" lon="106.70280748"><ele>-0.257</ele><time>2025-01-16T11:37:20Z</time><speed>0.016</speed><sat>21</sat></trkpt>
  <trkpt lat="10.77626622" lon="106.70280763"><ele>-0.269</ele><time>2025-01-16T11:37:21Z</time><speed>0.028</speed><sat>22</sat></trkpt>
  <trkpt lat="10.77626623" lon="106.70280772"><ele>-0.324</ele><time>2025-01-16T11:37:22Z</time><speed>0.019</speed><sat>22</sat></trkpt>
  <trkpt lat="10.77626620" lon="106.70280763"><ele>-0.282</ele><time>2025-01-16T11:37:23Z</time><speed>0.015</speed><sat>21</sat></trkpt>
  <trkpt lat="10.77626620" lon="106.70280775"><ele>-0.322</ele><time>2025-01-16T11:37:24Z</time><speed>0.013</speed><sat>22</sat></trkpt>
  <trkpt lat="10.77626616" lon="106.70280773"><ele>-0.366</ele><time>2025-01-16T11:37:25Z</time><speed>0.008</speed><sat>20</sat></trkpt>
  <trkpt lat="10.77626620" lon="106.70280777"><ele>-0.309</ele><time>2025-01-16T11:37:26Z</time><speed>0.006</speed><sat>20</sat></trkpt>
  <trkpt lat="10.77626628" lon="106.70280786"><ele>-0.335</ele><time>2025-01-16T11:37:27Z</time><speed>0.015</speed><sat>21</sat></trkpt>
  <trkpt lat="10.77626638" lon="106.70280783"><ele>-0.316</ele><time>2025-01-16T11:37:28Z</time><speed>0.014</speed><sat>20</sat></trkpt>
  <trkpt lat="10.77626640" lon="106.70280795"><ele>-0.324</ele><time>2025-01-16T11:37:29Z</time><speed>0.013</speed><sat>21</sat></trkpt>
  <trkpt lat="10.77626635" lon="106.70280781"><ele>-0.324</ele><time>2025-01-16T11:37:30Z</time><speed>0.015</speed><sat>23</sat></trkpt>
  <trkpt lat="10.77626637" lon="106.70280790"><ele>-0.360</ele><time>2025-01-16T11:37:31Z</time><speed>0.012</speed><sat>21</sat></trkpt>
  <trkpt lat="10.77626638" lon="106.70280787"><ele>-0.400</ele><time>2025-01-16T11:37:32Z</time><speed>0.008</speed><sat>22</sat></trkpt>
  <trkpt lat="10.77626659" lon="106.70280799"><ele>-0.303</ele><time>2025-01-16T11:37:33Z</time><speed>0.020</speed><sat>22</sat></trkpt>
  <trkpt lat="10.77626662" lon="106.70280790"><ele>-0.329</ele><time>2025-01-16T11:37:34Z</time><speed>0.014</speed><sat>21</sat></trkpt>
  <trkpt lat="10.77626668" lon="106.70280788"><ele>-0.333</ele><time>2025-01-16T11:37:35Z</time><speed>0.010</speed><sat>20</sat></trkpt>
  <trkpt lat="10.77626668" lon="106.70280781"><ele>-0.327</ele><time>2025-01-16T11:37:36Z</time><speed>0.009</speed><sat>20</sat></trkpt>
  <trkpt lat="10.77626670" lon="106.70280784"><ele>-0.361</ele><time>2025-01-16T11:37:37Z</time><speed>0.006</speed><sat>19</sat></trkpt>
  <trkpt lat="10.77626673" lon="106.70280782"><ele>-0.376</ele><time>2025-01-16T11:37:38Z</time><speed>0.005</speed><sat>20</sat></trkpt>
  <trkpt lat="10.77626681" lon="106.70280787"><ele>-0.393</ele><time>2025-01-16T11:37:39Z</time><speed>0.006</speed><sat>20</sat></trkpt>
  <trkpt lat="10.77626686" lon="106.70280791"><ele>-0.438</ele><time>2025-01-16T11:37:40Z</time><speed>0.006</speed><sat>19</sat></trkpt>
  <trkpt lat="10.77626692" lon="106.70280789"><ele>-0.444</ele><time>2025-01-16T11:37:41Z</time><speed>0.006</speed><sat>20</sat></trkpt>
  <trkpt lat="10.77626668" lon="106.70280752"><ele>-0.526</ele><time>2025-01-16T11:37:42Z</time><speed>0.026</speed><sat>21</sat></trkpt>
  <trkpt lat="10.77626673" lon="106.70280752"><ele>-0.539</ele><time>2025-01-16T11:37:43Z</time><speed>0.016</speed><sat>21</sat></trkpt>
  <trkpt lat="10.77626674" lon="106.70280753"><ele>-0.563</ele><time>2025-01-16T11:37:44Z</time><speed>0.009</speed><sat>21</sat></trkpt>
  <trkpt lat="10.77626677" lon="106.70280797"><ele>-0.505</ele><time>2025-01-16T11:37:45Z</time><speed>0.029</speed><sat>20</sat></trkpt>
  <trkpt lat="10.77626662" lon="106.70280798"><ele>-0.604</ele><time>2025-01-16T11:37:46Z</time><speed>0.021</speed><sat>20</sat></trkpt>
  <trkpt lat="10.77626632" lon="106.70280772"><ele>-0.612</ele><time>2025-01-16T11:37:47Z</time><speed>0.020</speed><sat>22</sat></trkpt>
  <trkpt lat="10.77626636" lon="106.70280760"><ele>-0.665</ele><time>2025-01-16T11:37:48Z</time><speed>0.019</speed><sat>20</sat></trkpt>
  <trkpt lat="10.77626651" lon="106.70280745"><ele>-0.664</ele><time>2025-01-16T11:37:49Z</time><speed>0.016</speed><sat>18</sat></trkpt>
  <trkpt lat="10.77626660" lon="106.70280712"><ele>-0.633</ele><time>2025-01-16T11:37:50Z</time><speed>0.010</speed><sat>21</sat></trkpt>
  <trkpt lat="10.77626685" lon="106.70280747"><ele>-0.535</ele><time>2025-01-16T11:37:51Z</time><speed>0.030</speed><sat>22</sat></trkpt>
  <trkpt lat="10.77626686" lon="106.70280740"><ele>-0.557</ele><time>2025-01-16T11:37:52Z</time><speed>0.019</speed><sat>22</sat></trkpt>
  <trkpt lat="10.77626693" lon="106.70280737"><ele>-0.555</ele><time>2025-01-16T11:37:53Z</time><speed>0.012</speed><sat>22</sat></trkpt>
  <trkpt lat="10.77626692" lon="106.70280737"><ele>-0.589</ele><time>2025-01-16T11:37:54Z</time><speed>0.008</speed><sat>21</sat></trkpt>
  <trkpt lat="10.77626696" lon="106.70280742"><ele>-0.607</ele><time>2025-01-16T11:37:55Z</time><speed>0.008</speed><sat>20</sat></trkpt>
  <trkpt lat="10.77626700" lon="106.70280744"><ele>-0.634</ele><time>2025-01-16T11:37:56Z</time><speed>0.007</speed><sat>20</sat></trkpt>
  <trkpt lat="10.77626700" lon="106.70280739"><ele>-0.654</ele><time>2025-01-16T11:37:57Z</time><speed>0.005</speed><sat>21</sat></trkpt>
  <trkpt lat="10.77626704" lon="106.70280732"><ele>-0.616</ele><time>2025-01-16T11:37:58Z</time><speed>0.007</speed><sat>20</sat></trkpt>
  <trkpt lat="10.77626709" lon="106.70280727"><ele>-0.631</ele><time>2025-01-16T11:37:59Z</time><speed>0.006</speed><sat>20</sat></trkpt>
  <trkpt lat="10.77626690" lon="106.70280686"><ele>-0.462</ele><time>2025-01-16T11:38:00Z</time><speed>0.023</speed><sat>21</sat></trkpt>
  <trkpt lat="10.77626691" lon="106.70280670"><ele>-0.512</ele><time>2025-01-16T11:38:01Z</time><speed>0.016</speed><sat>22</sat></trkpt>
  <trkpt lat="10.77626699" lon="106.70280667"><ele>-0.561</ele><time>2025-01-16T11:38:02Z</time><speed>0.013</speed><sat>21</sat></trkpt>
  <trkpt lat="10.77626675" lon="106.70280653"><ele>-0.516</ele><time>2025-01-16T11:38:03Z</time><speed>0.022</speed><sat>22</sat></trkpt>
  <trkpt lat="10.77626684" lon="106.70280658"><ele>-0.530</ele><time>2025-01-16T11:38:04Z</time><speed>0.017</speed><sat>23</sat></trkpt>
  <trkpt lat="10.77626692" lon="106.70280662"><ele>-0.501</ele><time>2025-01-16T11:38:05Z</time><speed>0.013</speed><sat>22</sat></trkpt>
  <trkpt lat="10.77626664" lon="106.70280636"><ele>-0.621</ele><time>2025-01-16T11:38:06Z</time><speed>0.029</speed><sat>21</sat></trkpt>
  <trkpt lat="10.77626658" lon="106.70280633"><ele>-0.613</ele><time>2025-01-16T11:38:07Z</time><speed>0.019</speed><sat>21</sat></trkpt>
  <trkpt lat="10.77626657" lon="106.70280624"><ele>-0.562</ele><time>2025-01-16T11:38:08Z</time><speed>0.016</speed><sat>22</sat></trkpt>
  <trkpt lat="10.77626671" lon="106.70280665"><ele>-0.491</ele><time>2025-01-16T11:38:09Z</time><speed>0.034</speed><sat>20</sat></trkpt>
  <trkpt lat="10.77626680" lon="106.70280681"><ele>-0.480</ele><time>2025-01-16T11:38:10Z</time><speed>0.027</speed><sat>21</sat></trkpt>
  <trkpt lat="10.77626670" lon="106.70280620"><ele>-0.303</ele><time>2025-01-16T11:38:11Z</time><speed>0.041</speed><sat>20</sat></trkpt>
  <trkpt lat="10.77626663" lon="106.70280617"><ele>-0.343</ele><time>2025-01-16T11:38:12Z</time><speed>0.027</speed><sat>18</sat></trkpt>
  <trkpt lat="10.77626675" lon="106.70280618"><ele>-0.360</ele><time>2025-01-16T11:38:13Z</time><speed>0.020</speed><sat>18</sat></trkpt>
  <trkpt lat="10.77626676" lon="106.70280589"><ele>-0.340</ele><time>2025-01-16T11:38:14Z</time><speed>0.015</speed><sat>19</sat></trkpt>
  <trkpt lat="10.77626689" lon="106.70280630"><ele>-0.182</ele><time>2025-01-16T11:38:15Z</time><speed>0.033</speed><sat>21</sat></trkpt>
  <trkpt lat="10.77626693" lon="106.70280634"><ele>-0.151</ele><time>2025-01-16T11:38:16Z</time><speed>0.021</speed><sat>21</sat></trkpt>
  <trkpt lat="10.77626690" lon="106.70280620"><ele>-0.105</ele><time>2025-01-16T11:38:17Z</time><speed>0.017</speed><sat>21</sat></trkpt>
  <trkpt lat="10.77626691" lon="106.70280606"><ele>-0.080</ele><time>2025-01-16T11:38:18Z</time><speed>0.015</speed><sat>22</sat></trkpt>
  <trkpt lat="10.77626664" lon="106.70280585"><ele>-0.138</ele><time>2025-01-16T11:38:19Z</time><speed>0.027</speed><sat>21</sat></trkpt>
  <trkpt lat="10.77626669" lon="106.70280530"><ele>-0.146</ele><time>2025-01-16T11:38:20Z</time><speed>0.042</speed><sat>21</sat></trkpt>
  <trkpt lat="10.77626676" lon="106.70280581"><ele>0.003</ele><time>2025-01-16T11:38:21Z</time><speed>0.049</speed><sat>21</sat></trkpt>
  <trkpt lat="10.77626687" lon="106.70280594"><ele>0.012</ele><time>2025-01-16T11:38:22Z</time><speed>0.035</speed><sat>20</sat></trkpt>
  <trkpt lat="10.77626690" lon="106.70280579"><ele>0.047</ele><time>2025-01-16T11:38:23Z</time><speed>0.026</speed><sat>21</sat></trkpt>
  <trkpt lat="10.77626702" lon="106.70280589"><ele>0.118</ele><time>2025-01-16T11:38:24Z</time><speed>0.021</speed><sat>19</sat></trkpt>
  <trkpt lat="10.77626705" lon="106.70280577"><ele>0.096</ele><time>2025-01-16T11:38:25Z</time><speed>0.016</speed><sat>21</sat></trkpt>
  <trkpt lat="10.77626708" lon="106.70280584"><ele>0.112</ele><time>2025-01-16T11:38:26Z</time><speed>0.014</speed><sat>19</sat></trkpt>
  <trkpt lat="10.77626711" lon="106.70280592"><ele>0.229</ele><time>2025-01-16T11:38:27Z</time><speed>0.013</speed><sat>19</sat></trkpt>
  <trkpt lat="10.77626712" lon="106.70280598"><ele>0.254</ele><time>2025-01-16T11:38:28Z</time><speed>0.011</speed><sat>19</sat></trkpt>
  <trkpt lat="10.77626713" lon="106.70280596"><ele>0.247</ele><time>2025-01-16T11:38:29Z</time><speed>0.008</speed><sat>20</sat></trkpt>
  <trkpt lat="10.77626712" lon="106.70280594"><ele>0.234</ele><time>2025-01-16T11:38:30Z</time><speed>0.005</speed><sat>20</sat></trkpt>
  <trkpt lat="10.77626691" lon="106.70280594"><ele>0.244</ele><time>2025-01-16T11:38:31Z</time><speed>0.015</speed><sat>19</sat></trkpt>
  <trkpt lat="10.77626703" lon="106.70280599"><ele>0.248</ele><time>2025-01-16T11:38:32Z</time><speed>0.014</speed><sat>20</sat></trkpt>
  <trkpt lat="10.77626684" lon="106.70280570"><ele>0.201</ele><time>2025-01-16T11:38:33Z</time><speed>0.025</speed><sat>17</sat></trkpt>
  <trkpt lat="10.77626697" lon="106.70280572"><ele>0.188</ele><time>2025-01-16T11:38:34Z</time><speed>0.019</speed><sat>19</sat></trkpt>
  <trkpt lat="10.77626699" lon="106.70280579"><ele>0.194</ele><time>2025-01-16T11:38:35Z</time><speed>0.014</speed><sat>20</sat></trkpt>
  <trkpt lat="10.77626704" lon="106.70280578"><ele>0.187</ele><time>2025-01-16T11:38:36Z</time><speed>0.009</speed><sat>18</sat></trkpt>
  <trkpt lat="10.77626695" lon="106.70280565"><ele>0.175</ele><time>2025-01-16T11:38:37Z</time><speed>0.012</speed><sat>20</sat></trkpt>
  <trkpt lat="10.77626690" lon="106.70280569"><ele>0.161</ele><time>2025-01-16T11:38:38Z</time><speed>0.010</speed><sat>20</sat></trkpt>
  <trkpt lat="10.77626718" lon="106.70280585"><ele>0.199</ele><time>2025-01-16T11:38:39Z</time><speed>0.022</speed><sat>20</sat></trkpt>
  <trkpt lat="10.77626709" lon="106.70280566"><ele>0.223</ele><time>2025-01-16T11:38:40Z</time><speed>0.019</speed><sat>20</sat></trkpt>
  <trkpt lat="10.77626713" lon="106.70280578"><ele>0.229</ele><time>2025-01-16T11:38:41Z</time><speed>0.016</speed><sat>17</sat></trkpt>
  <trkpt lat="10.77626702" lon="106.70280574"><ele>0.201</ele><time>2025-01-16T11:38:42Z</time><speed>0.013</speed><sat>18</sat></trkpt>
  <trkpt lat="10.77626691" lon="106.70280556"><ele>0.202</ele><time>2025-01-16T11:38:43Z</time><speed>0.016</speed><sat>20</sat></trkpt>
  <trkpt lat="10.77626690" lon="106.70280559"><ele>0.181</ele><time>2025-01-16T11:38:44Z</time><speed>0.012</speed><sat>19</sat></trkpt>
  <trkpt lat="10.77626700" lon="106.70280567"><ele>0.280</ele><time>2025-01-16T11:38:45Z</time><speed>0.015</speed><sat>20</sat></trkpt>
  <trkpt lat="10.77626694" lon="106.70280567"><ele>0.328</ele><time>2025-01-16T11:38:46Z</time><speed>0.012</speed><sat>19</sat></trkpt>
  <trkpt lat="10.77626699" lon="106.70280554"><ele>0.301</ele><time>2025-01-16T11:38:47Z</time><speed>0.009</speed><sat>19</sat></trkpt>
  <trkpt lat="10.77626703" lon="106.70280575"><ele>0.322</ele><time>2025-01-16T11:38:48Z</time><speed>0.016</speed><sat>19</sat></trkpt>
  <trkpt lat="10.77626697" lon="106.70280565"><ele>0.349</ele><time>2025-01-16T11:38:49Z</time><speed>0.011</speed><sat>20</sat></trkpt>
  <trkpt lat="10.77626720" lon="106.70280603"><ele>0.311</ele><time>2025-01-16T11:38:50Z</time><speed>0.027</speed><sat>20</sat></trkpt>
  <trkpt lat="10.77626706" lon="106.70280587"><ele>0.277</ele><time>2025-01-16T11:38:51Z</time><speed>0.020</speed><sat>22</sat></trkpt>
  <trkpt lat="10.77626725" lon="106.70280591"><ele>0.245</ele><time>2025-01-16T11:38:52Z</time><speed>0.022</speed><sat>24</sat></trkpt>
  <trkpt lat="10.77626750" lon="106.70280589"><ele>0.201</ele><time>2025-01-16T11:38:53Z</time><speed>0.013</speed><sat>24</sat></trkpt>
  <trkpt lat="10.77626770" lon="106.70280617"><ele>0.069</ele><time>2025-01-16T11:38:54Z</time><speed>0.026</speed><sat>19</sat></trkpt>
  <trkpt lat="10.77626747" lon="106.70280586"><ele>-0.060</ele><time>2025-01-16T11:38:55Z</time><speed>0.026</speed><sat>21</sat></trkpt>
  <trkpt lat="10.77626737" lon="106.70280523"><ele>-0.061</ele><time>2025-01-16T11:38:56Z</time><speed>0.038</speed><sat>20</sat></trkpt>
  <trkpt lat="10.77626709" lon="106.70280479"><ele>-0.072</ele><time>2025-01-16T11:38:57Z</time><speed>0.024</speed><sat>24</sat></trkpt>
  <trkpt lat="10.77626701" lon="106.70280476"><ele>-0.270</ele><time>2025-01-16T11:38:58Z</time><speed>0.026</speed><sat>25</sat></trkpt>
  <trkpt lat="10.77626610" lon="106.70280508"><ele>-0.305</ele><time>2025-01-16T11:38:59Z</time><speed>0.018</speed><sat>26</sat></trkpt>
  <trkpt lat="10.77626612" lon="106.70280511"><ele>-0.367</ele><time>2025-01-16T11:39:00Z</time><speed>0.012</speed><sat>23</sat></trkpt>
  <trkpt lat="10.77626648" lon="106.70280626"><ele>-0.287</ele><time>2025-01-16T11:39:01Z</time><speed>0.033</speed><sat>19</sat></trkpt>
  <trkpt lat="10.77626649" lon="106.70280605"><ele>-0.385</ele><time>2025-01-16T11:39:02Z</time><speed>0.027</speed><sat>20</sat></trkpt>
  <trkpt lat="10.77626662" lon="106.70280590"><ele>-0.490</ele><time>2025-01-16T11:39:03Z</time><speed>0.016</speed><sat>22</sat></trkpt>
  <trkpt lat="10.77626690" lon="106.70280624"><ele>-0.391</ele><time>2025-01-16T11:39:04Z</time><speed>0.025</speed><sat>20</sat></trkpt>
  <trkpt lat="10.77626698" lon="106.70280627"><ele>-0.288</ele><time>2025-01-16T11:39:05Z</time><speed>0.021</speed><sat>22</sat></trkpt>
  <trkpt lat="10.77626693" lon="106.70280645"><ele>-0.316</ele><time>2025-01-16T11:39:06Z</time><speed>0.025</speed><sat>21</sat></trkpt>
  <trkpt lat="10.77626740" lon="106.70280604"><ele>-0.317</ele><time>2025-01-16T11:39:07Z</time><speed>0.019</speed><sat>20</sat></trkpt>
  <trkpt lat="10.77626738" lon="106.70280610"><ele>-0.261</ele><time>2025-01-16T11:39:08Z</time><speed>0.017</speed><sat>21</sat></trkpt>
  <trkpt lat="10.77626756" lon="106.70280587"><ele>-0.245</ele><time>2025-01-16T11:39:09Z</time><speed>0.029</speed><sat>25</sat></trkpt>
  <trkpt lat="10.77626688" lon="106.70280593"><ele>-0.292</ele><time>2025-01-16T11:39:10Z</time><speed>0.020</speed><sat>25</sat></trkpt>
  <trkpt lat="10.77626680" lon="106.70280532"><ele>-0.515</ele><time>2025-01-16T11:39:11Z</time><speed>0.025</speed><sat>22</sat></trkpt>
  <trkpt lat="10.77626686" lon="106.70280532"><ele>-0.218</ele><time>2025-01-16T11:39:12Z</time><speed>0.022</speed><sat>22</sat></trkpt>
  <trkpt lat="10.77626683" lon="106.70280628"><ele>-0.076</ele><time>2025-01-16T11:39:13Z</time><speed>0.050</speed><sat>22</sat></trkpt>
  <trkpt lat="10.77626670" lon="106.70280615"><ele>-0.003</ele><time>2025-01-16T11:39:14Z</time><speed>0.037</speed><sat>20</sat></trkpt>
  <trkpt lat="10.77626719" lon="106.70280737"><ele>-0.051</ele><time>2025-01-16T11:39:15Z</time><speed>0.076</speed><sat>21</sat></trkpt>
  <trkpt lat="10.77626679" lon="106.70280740"><ele>-0.274</ele><time>2025-01-16T11:39:16Z</time><speed>0.053</speed><sat>20</sat></trkpt>
  <trkpt lat="10.77626610" lon="106.70280809"><ele>-0.324</ele><time>2025-01-16T11:39:17Z</time><speed>0.037</speed><sat>19</sat></trkpt>
  <trkpt lat="10.77626615" lon="106.70280870"><ele>-0.457</ele><time>2025-01-16T11:39:18Z</time><speed>0.050</speed><sat>20</sat></trkpt>
  <trkpt lat="10.77626573" lon="106.70281048"><ele>-0.396</ele><time>2025-01-16T11:39:19Z</time><speed>0.060</speed><sat>22</sat></trkpt>
  <trkpt lat="10.77626890" lon="106.70281143"><ele>-0.476</ele><time>2025-01-16T11:39:20Z</time><speed>0.136</speed><sat>25</sat></trkpt>
  <trkpt lat="10.77626564" lon="106.70280978"><ele>-0.880</ele><time>2025-01-16T11:39:21Z</time><speed>0.122</speed><sat>25</sat></trkpt>
  <trkpt lat="10.77626437" lon="106.70280987"><ele>-0.992</ele><time>2025-01-16T11:39:22Z</time><speed>0.087</speed><sat>25</sat></trkpt>
  <trkpt lat="10.77626358" lon="106.70280917"><ele>-1.088</ele><time>2025-01-16T11:39:23Z</time><speed>0.055</speed><sat>24</sat></trkpt>
  <trkpt lat="10.77626290" lon="106.70281048"><ele>-1.237</ele><time>2025-01-16T11:39:24Z</time><speed>0.120</speed><sat>22</sat></trkpt>
  <trkpt lat="10.77626179" lon="106.70281195"><ele>-1.303</ele><time>2025-01-16T11:39:25Z</time><speed>0.075</speed><sat>25</sat></trkpt>
  <trkpt lat="10.77626194" lon="106.70281091"><ele>-1.366</ele><time>2025-01-16T11:39:26Z</time><speed>0.057</speed><sat>23</sat></trkpt>
  <trkpt lat="10.77626207" lon="106.70281062"><ele>-1.484</ele><time>2025-01-16T11:39:27Z</time><speed>0.036</speed><sat>23</sat></trkpt>
  <trkpt lat="10.77626254" lon="106.70281032"><ele>-1.685</ele><time>2025-01-16T11:39:28Z</time><speed>0.026</speed><sat>22</sat></trkpt>
  <trkpt lat="10.77626235" lon="106.70280983"><ele>-1.948</ele><time>2025-01-16T11:39:29Z</time><speed>0.027</speed><sat>23</sat></trkpt>
  <trkpt lat="10.77626239" lon="106.70280931"><ele>-2.192</ele><time>2025-01-16T11:39:30Z</time><speed>0.031</speed><sat>21</sat></trkpt>
  <trkpt lat="10.77626263" lon="106.70280898"><ele>-2.337</ele><time>2025-01-16T11:39:31Z</time><speed>0.022</speed><sat>24</sat></trkpt>
  <trkpt lat="10.77626371" lon="106.70280984"><ele>-2.610</ele><time>2025-01-16T11:39:32Z</time><speed>0.019</speed><sat>22</sat></trkpt>
  <trkpt lat="10.77626298" lon="106.70280959"><ele>-2.288</ele><time>2025-01-16T11:39:33Z</time><speed>0.016</speed><sat>24</sat></trkpt>
  <trkpt lat="10.77626295" lon="106.70280941"><ele>-2.109</ele><time>2025-01-16T11:39:34Z</time><speed>0.014</speed><sat>27</sat></trkpt>
  <trkpt lat="10.77626311" lon="106.70280929"><ele>-2.098</ele><time>2025-01-16T11:39:35Z</time><speed>0.015</speed><sat>24</sat></trkpt>
  <trkpt lat="10.77626338" lon="106.70280920"><ele>-2.020</ele><time>2025-01-16T11:39:36Z</time><speed>0.015</speed><sat>23</sat></trkpt>
  <trkpt lat="10.77626342" lon="106.70280918"><ele>-1.936</ele><time>2025-01-16T11:39:37Z</time><speed>0.032</speed><sat>25</sat></trkpt>
  <trkpt lat="10.77626371" lon="106.70280915"><ele>-1.811</ele><time>2025-01-16T11:39:38Z</time><speed>0.020</speed><sat>23</sat></trkpt>
  <trkpt lat="10.77626417" lon="106.70280937"><ele>-1.863</ele><time>2025-01-16T11:39:39Z</time><speed>0.029</speed><sat>23</sat></trkpt>
  <trkpt lat="10.77626422" lon="106.70280903"><ele>-1.801</ele><time>2025-01-16T11:39:40Z</time><speed>0.021</speed><sat>25</sat></trkpt>
  <trkpt lat="10.77626417" lon="106.70280912"><ele>-1.689</ele><time>2025-01-16T11:39:41Z</time><speed>0.015</speed><sat>24</sat></trkpt>
  <trkpt lat="10.77626447" lon="106.70280902"><ele>-1.621</ele><time>2025-01-16T11:39:42Z</time><speed>0.012</speed><sat>21</sat></trkpt>
  <trkpt lat="10.77626471" lon="106.70280856"><ele>-1.628</ele><time>2025-01-16T11:39:43Z</time><speed>0.027</speed><sat>19</sat></trkpt>
  <trkpt lat="10.77626539" lon="106.70280835"><ele>-1.549</ele><time>2025-01-16T11:39:44Z</time><speed>0.021</speed><sat>21</sat></trkpt>
  <trkpt lat="10.77626527" lon="106.70280838"><ele>-1.431</ele><time>2025-01-16T11:39:45Z</time><speed>0.024</speed><sat>20</sat></trkpt>
  <trkpt lat="10.77626539" lon="106.70280782"><ele>-1.342</ele><time>2025-01-16T11:39:46Z</time><speed>0.028</speed><sat>19</sat></trkpt>
  <trkpt lat="10.77626439" lon="106.70280632"><ele>-1.635</ele><time>2025-01-16T11:39:47Z</time><speed>0.112</speed><sat>20</sat></trkpt>
  <trkpt lat="10.77626436" lon="106.70280656"><ele>-1.592</ele><time>2025-01-16T11:39:48Z</time><speed>0.067</speed><sat>21</sat></trkpt>
  <trkpt lat="10.77626410" lon="106.70280680"><ele>-1.653</ele><time>2025-01-16T11:39:49Z</time><speed>0.047</speed><sat>23</sat></trkpt>
  <trkpt lat="10.77626432" lon="106.70280692"><ele>-1.711</ele><time>2025-01-16T11:39:50Z</time><speed>0.037</speed><sat>22</sat></trkpt>
  <trkpt lat="10.77626869" lon="106.70280892"><ele>-0.841</ele><time>2025-01-16T11:39:51Z</time><speed>0.031</speed><sat>23</sat></trkpt>
  <trkpt lat="10.77626810" lon="106.70280901"><ele>-1.156</ele><time>2025-01-16T11:39:52Z</time><speed>0.026</speed><sat>23</sat></trkpt>
  <trkpt lat="10.77626795" lon="106.70280875"><ele>-1.144</ele><time>2025-01-16T11:39:53Z</time><speed>0.017</speed><sat>24</sat></trkpt>
  <trkpt lat="10.77626816" lon="106.70280845"><ele>-1.075</ele><time>2025-01-16T11:39:54Z</time><speed>0.023</speed><sat>25</sat></trkpt>
  <trkpt lat="10.77626830" lon="106.70280757"><ele>-1.519</ele><time>2025-01-16T11:39:55Z</time><speed>0.060</speed><sat>23</sat></trkpt>
  <trkpt lat="10.77626843" lon="106.70280673"><ele>-1.512</ele><time>2025-01-16T11:39:56Z</time><speed>0.043</speed><sat>23</sat></trkpt>
  <trkpt lat="10.77626828" lon="106.70280662"><ele>-1.569</ele><time>2025-01-16T11:39:57Z</time><speed>0.042</speed><sat>24</sat></trkpt>
  <trkpt lat="10.77626842" lon="106.70280697"><ele>-1.612</ele><time>2025-01-16T11:39:58Z</time><speed>0.036</speed><sat>20</sat></trkpt>
  <trkpt lat="10.77626853" lon="106.70280637"><ele>-1.692</ele><time>2025-01-16T11:39:59Z</time><speed>0.032</speed><sat>17</sat></trkpt>
  <trkpt lat="10.77626867" lon="106.70280615"><ele>-1.752</ele><time>2025-01-16T11:40:00Z</time><speed>0.020</speed><sat>18</sat></trkpt>
  <trkpt lat="10.77626866" lon="106.70280594"><ele>-1.925</ele><time>2025-01-16T11:40:01Z</time><speed>0.017</speed><sat>18</sat></trkpt>
  <trkpt lat="10.77626938" lon="106.70280560"><ele>-2.136</ele><time>2025-01-16T11:40:02Z</time><speed>0.049</speed><sat>18</sat></trkpt>
  <trkpt lat="10.77627030" lon="106.70280541"><ele>-2.181</ele><time>2025-01-16T11:40:03Z</time><speed>0.033</speed><sat>20</sat></trkpt>
  <trkpt lat="10.77627019" lon="106.70280589"><ele>-2.237</ele><time>2025-01-16T11:40:04Z</time><speed>0.033</speed><sat>19</sat></trkpt>
  <trkpt lat="10.77627030" lon="106.70280596"><ele>-2.283</ele><time>2025-01-16T11:40:05Z</time><speed>0.031</speed><sat>16</sat></trkpt>
  <trkpt lat="10.77627023" lon="106.70280594"><ele>-2.278</ele><time>2025-01-16T11:40:06Z</time><speed>0.033</speed><sat>18</sat></trkpt>
  <trkpt lat="10.77626953" lon="106.70280629"><ele>-2.272</ele><time>2025-01-16T11:40:07Z</time><speed>0.059</speed><sat>19</sat></trkpt>
  <trkpt lat="10.77626909" lon="106.70280363"><ele>-2.249</ele><time>2025-01-16T11:40:08Z</time><speed>0.184</speed><sat>18</sat></trkpt>
  <trkpt lat="10.77627031" lon="106.70280344"><ele>-2.146</ele><time>2025-01-16T11:40:09Z</time><speed>0.117</speed><sat>20</sat></trkpt>
  <trkpt lat="10.77626976" lon="106.70280268"><ele>-2.020</ele><time>2025-01-16T11:40:10Z</time><speed>0.066</speed><sat>20</sat></trkpt>
  <trkpt lat="10.77626968" lon="106.70280256"><ele>-2.011</ele><time>2025-01-16T11:40:11Z</time><speed>0.042</speed><sat>18</sat></trkpt>
  <trkpt lat="10.77626978" lon="106.70280287"><ele>-1.975</ele><time>2025-01-16T11:40:12Z</time><speed>0.035</speed><sat>17</sat></trkpt>
  <trkpt lat="10.77626934" lon="106.70280286"><ele>-1.844</ele><time>2025-01-16T11:40:13Z</time><speed>0.041</speed><sat>18</sat></trkpt>
  <trkpt lat="10.77626943" lon="106.70280298"><ele>-1.652</ele><time>2025-01-16T11:40:14Z</time><speed>0.029</speed><sat>20</sat></trkpt>
  <trkpt lat="10.77626946" lon="106.70280337"><ele>-1.712</ele><time>2025-01-16T11:40:15Z</time><speed>0.031</speed><sat>19</sat></trkpt>
  <trkpt lat="10.77626941" lon="106.70280264"><ele>-1.584</ele><time>2025-01-16T11:40:16Z</time><speed>0.029</speed><sat>17</sat></trkpt>
  <trkpt lat="10.77626939" lon="106.70280269"><ele>-1.525</ele><time>2025-01-16T11:40:17Z</time><speed>0.021</speed><sat>17</sat></trkpt>
  <trkpt lat="10.77626957" lon="106.70280276"><ele>-1.417</ele><time>2025-01-16T11:40:18Z</time><speed>0.019</speed><sat>15</sat></trkpt>
  <trkpt lat="10.77626948" lon="106.70280263"><ele>-1.463</ele><time>2025-01-16T11:40:19Z</time><speed>0.017</speed><sat>14</sat></trkpt>
  <trkpt lat="10.77626948" lon="106.70280265"><ele>-1.501</ele><time>2025-01-16T11:40:20Z</time><speed>0.013</speed><sat>14</sat></trkpt>
  <trkpt lat="10.77626947" lon="106.70280267"><ele>-1.512</ele><time>2025-01-16T11:40:21Z</time><speed>0.008</speed><sat>17</sat></trkpt>
  <trkpt lat="10.77626948" lon="106.70280263"><ele>-1.504</ele><time>2025-01-16T11:40:22Z</time><speed>0.006</speed><sat>16</sat></trkpt>
  <trkpt lat="10.77626946" lon="106.70280277"><ele>-1.572</ele><time>2025-01-16T11:40:23Z</time><speed>0.010</speed><sat>16</sat></trkpt>
  <trkpt lat="10.77626948" lon="106.70280272"><ele>-1.558</ele><time>2025-01-16T11:40:24Z</time><speed>0.009</speed><sat>18</sat></trkpt>
  <trkpt lat="10.77626965" lon="106.70280252"><ele>-1.574</ele><time>2025-01-16T11:40:25Z</time><speed>0.007</speed><sat>18</sat></trkpt>
  <trkpt lat="10.77626960" lon="106.70280240"><ele>-1.662</ele><time>2025-01-16T11:40:26Z</time><speed>0.005</speed><sat>16</sat></trkpt>
  <trkpt lat="10.77626996" lon="106.70280320"><ele>-1.619</ele><time>2025-01-16T11:40:27Z</time><speed>0.005</speed><sat>15</sat></trkpt>
  <trkpt lat="10.77626987" lon="106.70280174"><ele>-1.787</ele><time>2025-01-16T11:40:28Z</time><speed>0.064</speed><sat>16</sat></trkpt>
  <trkpt lat="10.77626996" lon="106.70280194"><ele>-1.674</ele><time>2025-01-16T11:40:29Z</time><speed>0.043</speed><sat>17</sat></trkpt>
  <trkpt lat="10.77626970" lon="106.70280187"><ele>-1.617</ele><time>2025-01-16T11:40:30Z</time><speed>0.034</speed><sat>17</sat></trkpt>
  <trkpt lat="10.77626950" lon="106.70280162"><ele>-1.576</ele><time>2025-01-16T11:40:31Z</time><speed>0.020</speed><sat>18</sat></trkpt>
  <trkpt lat="10.77626960" lon="106.70280140"><ele>-1.501</ele><time>2025-01-16T11:40:32Z</time><speed>0.014</speed><sat>20</sat></trkpt>
  <trkpt lat="10.77626969" lon="106.70280154"><ele>-1.386</ele><time>2025-01-16T11:40:33Z</time><speed>0.008</speed><sat>21</sat></trkpt>
  <trkpt lat="10.77626939" lon="106.70280209"><ele>-1.384</ele><time>2025-01-16T11:40:34Z</time><speed>0.009</speed><sat>20</sat></trkpt>
  <trkpt lat="10.77626938" lon="106.70280198"><ele>-1.364</ele><time>2025-01-16T11:40:35Z</time><speed>0.013</speed><sat>18</sat></trkpt>
  <trkpt lat="10.77626957" lon="106.70280194"><ele>-1.355</ele><time>2025-01-16T11:40:36Z</time><speed>0.007</speed><sat>20</sat></trkpt>
  <trkpt lat="10.77626960" lon="106.70280197"><ele>-1.296</ele><time>2025-01-16T11:40:37Z</time><speed>0.010</speed><sat>17</sat></trkpt>
  <trkpt lat="10.77626952" lon="106.70280185"><ele>-1.355</ele><time>2025-01-16T11:40:38Z</time><speed>0.010</speed><sat>23</sat></trkpt>
  <trkpt lat="10.77626960" lon="106.70280161"><ele>-1.345</ele><time>2025-01-16T11:40:39Z</time><speed>0.009</speed><sat>23</sat></trkpt>
  <trkpt lat="10.77626957" lon="106.70280152"><ele>-1.370</ele><time>2025-01-16T11:40:40Z</time><speed>0.016</speed><sat>24</sat></trkpt>
  <trkpt lat="10.77626921" lon="106.70280189"><ele>-1.403</ele><time>2025-01-16T11:40:41Z</time><speed>0.017</speed><sat>22</sat></trkpt>
  <trkpt lat="10.77626906" lon="106.70280199"><ele>-1.429</ele><time>2025-01-16T11:40:42Z</time><speed>0.010</speed><sat>21</sat></trkpt>
  <trkpt lat="10.77626775" lon="106.70279989"><ele>-1.392</ele><time>2025-01-16T11:40:43Z</time><speed>0.086</speed><sat>22</sat></trkpt>
  <trkpt lat="10.77626801" lon="106.70279964"><ele>-1.425</ele><time>2025-01-16T11:40:44Z</time><speed>0.058</speed><sat>21</sat></trkpt>
  <trkpt lat="10.77626815" lon="106.70279978"><ele>-1.423</ele><time>2025-01-16T11:40:45Z</time><speed>0.045</speed><sat>20</sat></trkpt>
  <trkpt lat="10.77626751" lon="106.70280074"><ele>-1.344</ele><time>2025-01-16T11:40:46Z</time><speed>0.123</speed><sat>21</sat></trkpt>
  <trkpt lat="10.77626565" lon="106.70280590"><ele>-1.375</ele><time>2025-01-16T11:40:47Z</time><speed>0.213</speed><sat>22</sat></trkpt>
  <trkpt lat="10.77626790" lon="106.70280663"><ele>-0.794</ele><time>2025-01-16T11:40:48Z</time><speed>0.165</speed><sat>23</sat></trkpt>
  <trkpt lat="10.77626865" lon="106.70280746"><ele>-1.060</ele><time>2025-01-16T11:40:49Z</time><speed>0.093</speed><sat>20</sat></trkpt>
  <trkpt lat="10.77626971" lon="106.70280850"><ele>-0.756</ele><time>2025-01-16T11:40:50Z</time><speed>0.099</speed><sat>16</sat></trkpt>
  <trkpt lat="10.77627097" lon="106.70280896"><ele>-0.809</ele><time>2025-01-16T11:40:51Z</time><speed>0.062</speed><sat>19</sat></trkpt>
  <trkpt lat="10.77627165" lon="106.70280899"><ele>-0.754</ele><time>2025-01-16T11:40:52Z</time><speed>0.036</speed><sat>23</sat></trkpt>
  <trkpt lat="10.77627192" lon="106.70280873"><ele>-0.896</ele><time>2025-01-16T11:40:53Z</time><speed>0.031</speed><sat>24</sat></trkpt>
  <trkpt lat="10.77627210" lon="106.70280865"><ele>-0.834</ele><time>2025-01-16T11:40:54Z</time><speed>0.023</speed><sat>23</sat></trkpt>
  <trkpt lat="10.77627162" lon="106.70280809"><ele>-0.953</ele><time>2025-01-16T11:40:55Z</time><speed>0.024</speed><sat>25</sat></trkpt>
  <trkpt lat="10.77627158" lon="106.70280809"><ele>-0.853</ele><time>2025-01-16T11:40:56Z</time><speed>0.015</speed><sat>24</sat></trkpt>
  <trkpt lat="10.77627186" lon="106.70280834"><ele>-0.830</ele><time>2025-01-16T11:40:57Z</time><speed>0.032</speed><sat>22</sat></trkpt>
  <trkpt lat="10.77627185" lon="106.70280829"><ele>-0.848</ele><time>2025-01-16T11:40:58Z</time><speed>0.020</speed><sat>20</sat></trkpt>
  <trkpt lat="10.77627191" lon="106.70280874"><ele>-0.734</ele><time>2025-01-16T11:40:59Z</time><speed>0.030</speed><sat>20</sat></trkpt>
  <trkpt lat="10.77627184" lon="106.70280920"><ele>-0.772</ele><time>2025-01-16T11:41:00Z</time><speed>0.022</speed><sat>22</sat></trkpt>
  <trkpt lat="10.77627135" lon="106.70280816"><ele>-0.823</ele><time>2025-01-16T11:41:01Z</time><speed>0.063</speed><sat>20</sat></trkpt>
  <trkpt lat="10.77627109" lon="106.70280836"><ele>-0.881</ele><time>2025-01-16T11:41:02Z</time><speed>0.039</speed><sat>19</sat></trkpt>
  <trkpt lat="10.77627004" lon="106.70280884"><ele>-0.924</ele><time>2025-01-16T11:41:03Z</time><speed>0.031</speed><sat>21</sat></trkpt>
  <trkpt lat="10.77626924" lon="106.70280842"><ele>-0.897</ele><time>2025-01-16T11:41:04Z</time><speed>0.059</speed><sat>19</sat></trkpt>
  <trkpt lat="10.77626882" lon="106.70280821"><ele>-1.039</ele><time>2025-01-16T11:41:05Z</time><speed>0.038</speed><sat>22</sat></trkpt>
  <trkpt lat="10.77626842" lon="106.70280838"><ele>-1.085</ele><time>2025-01-16T11:41:06Z</time><speed>0.032</speed><sat>26</sat></trkpt>
  <trkpt lat="10.77626805" lon="106.70280830"><ele>-1.141</ele><time>2025-01-16T11:41:07Z</time><speed>0.019</speed><sat>26</sat></trkpt>
  <trkpt lat="10.77626786" lon="106.70280837"><ele>-0.993</ele><time>2025-01-16T11:41:08Z</time><speed>0.016</speed><sat>26</sat></trkpt>
  <trkpt lat="10.77626918" lon="106.70280938"><ele>-0.715</ele><time>2025-01-16T11:41:09Z</time><speed>0.055</speed><sat>24</sat></trkpt>
  <trkpt lat="10.77626984" lon="106.70280930"><ele>-0.538</ele><time>2025-01-16T11:41:10Z</time><speed>0.033</speed><sat>22</sat></trkpt>
  <trkpt lat="10.77627029" lon="106.70280934"><ele>-0.370</ele><time>2025-01-16T11:41:11Z</time><speed>0.022</speed><sat>22</sat></trkpt>
  <trkpt lat="10.77627081" lon="106.70280959"><ele>-0.283</ele><time>2025-01-16T11:41:12Z</time><speed>0.021</speed><sat>20</sat></trkpt>
  <trkpt lat="10.77627141" lon="106.70280975"><ele>-0.335</ele><time>2025-01-16T11:41:13Z</time><speed>0.035</speed><sat>22</sat></trkpt>
  <trkpt lat="10.77627160" lon="106.70280958"><ele>-0.247</ele><time>2025-01-16T11:41:14Z</time><speed>0.024</speed><sat>21</sat></trkpt>
  <trkpt lat="10.77627159" lon="106.70280968"><ele>-0.212</ele><time>2025-01-16T11:41:15Z</time><speed>0.022</speed><sat>20</sat></trkpt>
  <trkpt lat="10.77627163" lon="106.70280952"><ele>-0.396</ele><time>2025-01-16T11:41:16Z</time><speed>0.015</speed><sat>21</sat></trkpt>
  <trkpt lat="10.77627173" lon="106.70280940"><ele>-0.482</ele><time>2025-01-16T11:41:17Z</time><speed>0.009</speed><sat>21</sat></trkpt>
  <trkpt lat="10.77627187" lon="106.70280920"><ele>-0.596</ele><time>2025-01-16T11:41:18Z</time><speed>0.010</speed><sat>21</sat></trkpt>
  <trkpt lat="10.77627202" lon="106.70280890"><ele>-0.747</ele><time>2025-01-16T11:41:19Z</time><speed>0.014</speed><sat>22</sat></trkpt>
  <trkpt lat="10.77627206" lon="106.70280864"><ele>-0.834</ele><time>2025-01-16T11:41:20Z</time><speed>0.013</speed><sat>20</sat></trkpt>
  <trkpt lat="10.77627191" lon="106.70280847"><ele>-1.012</ele><time>2025-01-16T11:41:21Z</time><speed>0.016</speed><sat>22</sat></trkpt>
  <trkpt lat="10.77627190" lon="106.70280853"><ele>-0.949</ele><time>2025-01-16T11:41:22Z</time><speed>0.012</speed><sat>21</sat></trkpt>
  <trkpt lat="10.77627202" lon="106.70280852"><ele>-1.067</ele><time>2025-01-16T11:41:23Z</time><speed>0.012</speed><sat>23</sat></trkpt>
  <trkpt lat="10.77627202" lon="106.70280861"><ele>-1.097</ele><time>2025-01-16T11:41:24Z</time><speed>0.011</speed><sat>23</sat></trkpt>
  <trkpt lat="10.77627204" lon="106.70280869"><ele>-1.091</ele><time>2025-01-16T11:41:25Z</time><speed>0.010</speed><sat>21</sat></trkpt>
  <trkpt lat="10.77627210" lon="106.70280868"><ele>-1.045</ele><time>2025-01-16T11:41:26Z</time><speed>0.008</speed><sat>22</sat></trkpt>
  <trkpt lat="10.77627217" lon="106.70280863"><ele>-1.091</ele><time>2025-01-16T11:41:27Z</time><speed>0.006</speed><sat>23</sat></trkpt>
  <trkpt lat="10.77627220" lon="106.70280872"><ele>-1.024</ele><time>2025-01-16T11:41:28Z</time><speed>0.006</speed><sat>21</sat></trkpt>
  <trkpt lat="10.77627234" lon="106.70280892"><ele>-1.124</ele><time>2025-01-16T11:41:29Z</time><speed>0.020</speed><sat>21</sat></trkpt>
  <trkpt lat="10.77627385" lon="106.70280994"><ele>-1.126</ele><time>2025-01-16T11:41:30Z</time><speed>0.087</speed><sat>23</sat></trkpt>
  <trkpt lat="10.77627408" lon="106.70280916"><ele>-1.299</ele><time>2025-01-16T11:41:31Z</time><speed>0.083</speed><sat>23</sat></trkpt>
  <trkpt lat="10.77627428" lon="106.70280926"><ele>-1.288</ele><time>2025-01-16T11:41:32Z</time><speed>0.051</speed><sat>22</sat></trkpt>
  <trkpt lat="10.77627570" lon="106.70281053"><ele>-1.146</ele><time>2025-01-16T11:41:33Z</time><speed>0.051</speed><sat>26</sat></trkpt>
  <trkpt lat="10.77627605" lon="106.70281128"><ele>-1.016</ele><time>2025-01-16T11:41:34Z</time><speed>0.064</speed><sat>25</sat></trkpt>
  <trkpt lat="10.77627754" lon="106.70281104"><ele>-0.613</ele><time>2025-01-16T11:41:35Z</time><speed>0.124</speed><sat>24</sat></trkpt>
  <trkpt lat="10.77627794" lon="106.70281163"><ele>-0.645</ele><time>2025-01-16T11:41:36Z</time><speed>0.081</speed><sat>25</sat></trkpt>
  <trkpt lat="10.77627814" lon="106.70281136"><ele>-0.694</ele><time>2025-01-16T11:41:37Z</time><speed>0.068</speed><sat>25</sat></trkpt>
  <trkpt lat="10.77627794" lon="106.70281144"><ele>-0.714</ele><time>2025-01-16T11:41:38Z</time><speed>0.047</speed><sat>26</sat></trkpt>
  <trkpt lat="10.77627803" lon="106.70281151"><ele>-0.694</ele><time>2025-01-16T11:41:39Z</time><speed>0.036</speed><sat>27</sat></trkpt>
  <trkpt lat="10.77627808" lon="106.70281125"><ele>-0.769</ele><time>2025-01-16T11:41:40Z</time><speed>0.025</speed><sat>26</sat></trkpt>
  <trkpt lat="10.77627810" lon="106.70281104"><ele>-0.853</ele><time>2025-01-16T11:41:41Z</time><speed>0.018</speed><sat>21</sat></trkpt>
  <trkpt lat="10.77627812" lon="106.70281097"><ele>-0.790</ele><time>2025-01-16T11:41:42Z</time><speed>0.012</speed><sat>25</sat></trkpt>
  <trkpt lat="10.77627816" lon="106.70281096"><ele>-0.842</ele><time>2025-01-16T11:41:43Z</time><speed>0.009</speed><sat>27</sat></trkpt>
  <trkpt lat="10.77627807" lon="106.70281103"><ele>-0.873</ele><time>2025-01-16T11:41:44Z</time><speed>0.011</speed><sat>25</sat></trkpt>
  <trkpt lat="10.77627802" lon="106.70281107"><ele>-0.834</ele><time>2025-01-16T11:41:45Z</time><speed>0.014</speed><sat>25</sat></trkpt>
  <trkpt lat="10.77627728" lon="106.70281080"><ele>-0.843</ele><time>2025-01-16T11:41:46Z</time><speed>0.036</speed><sat>26</sat></trkpt>
  <trkpt lat="10.77627710" lon="106.70281070"><ele>-0.812</ele><time>2025-01-16T11:41:47Z</time><speed>0.031</speed><sat>26</sat></trkpt>
  <trkpt lat="10.77627578" lon="106.70281102"><ele>-0.844</ele><time>2025-01-16T11:41:48Z</time><speed>0.061</speed><sat>26</sat></trkpt>
  <trkpt lat="10.77627344" lon="106.70281003"><ele>-1.225</ele><time>2025-01-16T11:41:49Z</time><speed>0.171</speed><sat>25</sat></trkpt>
  <trkpt lat="10.77627391" lon="106.70281018"><ele>-1.315</ele><time>2025-01-16T11:41:50Z</time><speed>0.129</speed><sat>27</sat></trkpt>
  <trkpt lat="10.77627405" lon="106.70280996"><ele>-1.210</ele><time>2025-01-16T11:41:51Z</time><speed>0.083</speed><sat>27</sat></trkpt>
  <trkpt lat="10.77627384" lon="106.70280970"><ele>-1.153</ele><time>2025-01-16T11:41:52Z</time><speed>0.052</speed><sat>25</sat></trkpt>
  <trkpt lat="10.77627375" lon="106.70280975"><ele>-1.084</ele><time>2025-01-16T11:41:53Z</time><speed>0.041</speed><sat>24</sat></trkpt>
  <trkpt lat="10.77627367" lon="106.70280974"><ele>-1.145</ele><time>2025-01-16T11:41:54Z</time><speed>0.024</speed><sat>26</sat></trkpt>
  <trkpt lat="10.77627352" lon="106.70280971"><ele>-1.090</ele><time>2025-01-16T11:41:55Z</time><speed>0.018</speed><sat>26</sat></trkpt>
  <trkpt lat="10.77627318" lon="106.70280979"><ele>-1.121</ele><time>2025-01-16T11:41:56Z</time><speed>0.018</speed><sat>25</sat></trkpt>
  <trkpt lat="10.77627275" lon="106.70280976"><ele>-1.239</ele><time>2025-01-16T11:41:57Z</time><speed>0.018</speed><sat>25</sat></trkpt>
  <trkpt lat="10.77627261" lon="106.70280974"><ele>-1.243</ele><time>2025-01-16T11:41:58Z</time><speed>0.016</speed><sat>26</sat></trkpt>
  <trkpt lat="10.77627281" lon="106.70280981"><ele>-1.267</ele><time>2025-01-16T11:41:59Z</time><speed>0.020</speed><sat>26</sat></trkpt>
  <trkpt lat="10.77627285" lon="106.70281052"><ele>-1.298</ele><time>2025-01-16T11:42:00Z</time><speed>0.051</speed><sat>24</sat></trkpt>
  <trkpt lat="10.77627280" lon="106.70281071"><ele>-1.330</ele><time>2025-01-16T11:42:01Z</time><speed>0.039</speed><sat>26</sat></trkpt>
  <trkpt lat="10.77627250" lon="106.70281005"><ele>-1.380</ele><time>2025-01-16T11:42:02Z</time><speed>0.049</speed><sat>27</sat></trkpt>
  <trkpt lat="10.77627219" lon="106.70281024"><ele>-1.458</ele><time>2025-01-16T11:42:03Z</time><speed>0.034</speed><sat>25</sat></trkpt>
  <trkpt lat="10.77627234" lon="106.70281036"><ele>-1.430</ele><time>2025-01-16T11:42:04Z</time><speed>0.030</speed><sat>21</sat></trkpt>
  <trkpt lat="10.77627230" lon="106.70281057"><ele>-1.350</ele><time>2025-01-16T11:42:05Z</time><speed>0.031</speed><sat>23</sat></trkpt>
  <trkpt lat="10.77627225" lon="106.70281059"><ele>-1.432</ele><time>2025-01-16T11:42:06Z</time><speed>0.018</speed><sat>24</sat></trkpt>
  <trkpt lat="10.77627210" lon="106.70281033"><ele>-1.452</ele><time>2025-01-16T11:42:07Z</time><speed>0.018</speed><sat>24</sat></trkpt>
  <trkpt lat="10.77627206" lon="106.70281034"><ele>-1.481</ele><time>2025-01-16T11:42:08Z</time><speed>0.011</speed><sat>24</sat></trkpt>
  <trkpt lat="10.77627221" lon="106.70281050"><ele>-1.355</ele><time>2025-01-16T11:42:09Z</time><speed>0.022</speed><sat>27</sat></trkpt>
  <trkpt lat="10.77627220" lon="106.70281042"><ele>-1.349</ele><time>2025-01-16T11:42:10Z</time><speed>0.014</speed><sat>25</sat></trkpt>
  <trkpt lat="10.77627219" lon="106.70281043"><ele>-1.343</ele><time>2025-01-16T11:42:11Z</time><speed>0.011</speed><sat>22</sat></trkpt>
  <trkpt lat="10.77627213" lon="106.70281046"><ele>-1.291</ele><time>2025-01-16T11:42:12Z</time><speed>0.009</speed><sat>22</sat></trkpt>
  <trkpt lat="10.77627203" lon="106.70281050"><ele>-1.333</ele><time>2025-01-16T11:42:13Z</time><speed>0.005</speed><sat>23</sat></trkpt>
  <trkpt lat="10.77627188" lon="106.70281065"><ele>-1.368</ele><time>2025-01-16T11:42:14Z</time><speed>0.008</speed><sat>21</sat></trkpt>
  <trkpt lat="10.77627184" lon="106.70281063"><ele>-1.330</ele><time>2025-01-16T11:42:15Z</time><speed>0.007</speed><sat>21</sat></trkpt>
  <trkpt lat="10.77627179" lon="106.70281071"><ele>-1.382</ele><time>2025-01-16T11:42:16Z</time><speed>0.007</speed><sat>24</sat></trkpt>
  <trkpt lat="10.77627205" lon="106.70281057"><ele>-1.412</ele><time>2025-01-16T11:42:17Z</time><speed>0.012</speed><sat>23</sat></trkpt>
  <trkpt lat="10.77627199" lon="106.70281060"><ele>-1.431</ele><time>2025-01-16T11:42:18Z</time><speed>0.011</speed><sat>24</sat></trkpt>
  <trkpt lat="10.77627201" lon="106.70281061"><ele>-1.509</ele><time>2025-01-16T11:42:19Z</time><speed>0.012</speed><sat>23</sat></trkpt>
  <trkpt lat="10.77627187" lon="106.70281048"><ele>-1.540</ele><time>2025-01-16T11:42:20Z</time><speed>0.011</speed><sat>26</sat></trkpt>
  <trkpt lat="10.77627196" lon="106.70281003"><ele>-1.576</ele><time>2025-01-16T11:42:21Z</time><speed>0.029</speed><sat>26</sat></trkpt>
  <trkpt lat="10.77627201" lon="106.70281004"><ele>-1.515</ele><time>2025-01-16T11:42:22Z</time><speed>0.020</speed><sat>27</sat></trkpt>
  <trkpt lat="10.77627208" lon="106.70280978"><ele>-1.510</ele><time>2025-01-16T11:42:23Z</time><speed>0.027</speed><sat>24</sat></trkpt>
  <trkpt lat="10.77627202" lon="106.70280961"><ele>-1.527</ele><time>2025-01-16T11:42:24Z</time><speed>0.017</speed><sat>24</sat></trkpt>
  <trkpt lat="10.77627194" lon="106.70280951"><ele>-1.518</ele><time>2025-01-16T11:42:25Z</time><speed>0.010</speed><sat>26</sat></trkpt>
  <trkpt lat="10.77627167" lon="106.70280930"><ele>-1.529</ele><time>2025-01-16T11:42:26Z</time><speed>0.012</speed><sat>26</sat></trkpt>
  <trkpt lat="10.77627151" lon="106.70280939"><ele>-1.491</ele><time>2025-01-16T11:42:27Z</time><speed>0.014</speed><sat>26</sat></trkpt>
  <trkpt lat="10.77627131" lon="106.70280913"><ele>-1.527</ele><time>2025-01-16T11:42:28Z</time><speed>0.026</speed><sat>23</sat></trkpt>
  <trkpt lat="10.77627139" lon="106.70280905"><ele>-1.543</ele><time>2025-01-16T11:42:29Z</time><speed>0.023</speed><sat>21</sat></trkpt>
  <trkpt lat="10.77627185" lon="106.70280934"><ele>-1.612</ele><time>2025-01-16T11:42:30Z</time><speed>0.041</speed><sat>25</sat></trkpt>
  <trkpt lat="10.77627176" lon="106.70280956"><ele>-1.585</ele><time>2025-01-16T11:42:31Z</time><speed>0.038</speed><sat>25</sat></trkpt>
  <trkpt lat="10.77627179" lon="106.70280940"><ele>-1.599</ele><time>2025-01-16T11:42:32Z</time><speed>0.023</speed><sat>27</sat></trkpt>
  <trkpt lat="10.77627222" lon="106.70280932"><ele>-1.507</ele><time>2025-01-16T11:42:33Z</time><speed>0.036</speed><sat>26</sat></trkpt>
  <trkpt lat="10.77627213" lon="106.70280899"><ele>-1.619</ele><time>2025-01-16T11:42:34Z</time><speed>0.034</speed><sat>27</sat></trkpt>
  <trkpt lat="10.77627223" lon="106.70280899"><ele>-1.531</ele><time>2025-01-16T11:42:35Z</time><speed>0.024</speed><sat>25</sat></trkpt>
  <trkpt lat="10.77627252" lon="106.70280858"><ele>-1.576</ele><time>2025-01-16T11:42:36Z</time><speed>0.020</speed><sat>23</sat></trkpt>
  <trkpt lat="10.77627258" lon="106.70280844"><ele>-1.512</ele><time>2025-01-16T11:42:37Z</time><speed>0.018</speed><sat>25</sat></trkpt>
  <trkpt lat="10.77627252" lon="106.70280830"><ele>-1.390</ele><time>2025-01-16T11:42:38Z</time><speed>0.016</speed><sat>24</sat></trkpt>
  <trkpt lat="10.77627257" lon="106.70280835"><ele>-1.474</ele><time>2025-01-16T11:42:39Z</time><speed>0.016</speed><sat>25</sat></trkpt>
  <trkpt lat="10.77627268" lon="106.70280826"><ele>-1.477</ele><time>2025-01-16T11:42:40Z</time><speed>0.013</speed><sat>26</sat></trkpt>
  <trkpt lat="10.77627268" lon="106.70280818"><ele>-1.509</ele><time>2025-01-16T11:42:41Z</time><speed>0.010</speed><sat>27</sat></trkpt>
  <trkpt lat="10.77627265" lon="106.70280807"><ele>-1.541</ele><time>2025-01-16T11:42:42Z</time><speed>0.007</speed><sat>27</sat></trkpt>
  <trkpt lat="10.77627268" lon="106.70280788"><ele>-1.542</ele><time>2025-01-16T11:42:43Z</time><speed>0.005</speed><sat>26</sat></trkpt>
  <trkpt lat="10.77627260" lon="106.70280778"><ele>-1.563</ele><time>2025-01-16T11:42:44Z</time><speed>0.007</speed><sat>27</sat></trkpt>
  <trkpt lat="10.77627299" lon="106.70280784"><ele>-1.510</ele><time>2025-01-16T11:42:45Z</time><speed>0.029</speed><sat>27</sat></trkpt>
  <trkpt lat="10.77627274" lon="106.70280758"><ele>-1.655</ele><time>2025-01-16T11:42:46Z</time><speed>0.032</speed><sat>27</sat></trkpt>
  <trkpt lat="10.77627281" lon="106.70280755"><ele>-1.649</ele><time>2025-01-16T11:42:47Z</time><speed>0.021</speed><sat>25</sat></trkpt>
  <trkpt lat="10.77627284" lon="106.70280754"><ele>-1.649</ele><time>2025-01-16T11:42:48Z</time><speed>0.014</speed><sat>24</sat></trkpt>
  <trkpt lat="10.77627285" lon="106.70280755"><ele>-1.679</ele><time>2025-01-16T11:42:49Z</time><speed>0.011</speed><sat>25</sat></trkpt>
  <trkpt lat="10.77627261" lon="106.70280750"><ele>-1.779</ele><time>2025-01-16T11:42:50Z</time><speed>0.019</speed><sat>26</sat></trkpt>
  <trkpt lat="10.77627165" lon="106.70280562"><ele>-1.743</ele><time>2025-01-16T11:42:51Z</time><speed>0.122</speed><sat>26</sat></trkpt>
  <trkpt lat="10.77627178" lon="106.70280535"><ele>-1.667</ele><time>2025-01-16T11:42:52Z</time><speed>0.082</speed><sat>28</sat></trkpt>
  <trkpt lat="10.77627154" lon="106.70280531"><ele>-1.688</ele><time>2025-01-16T11:42:53Z</time><speed>0.048</speed><sat>28</sat></trkpt>
  <trkpt lat="10.77627147" lon="106.70280531"><ele>-1.679</ele><time>2025-01-16T11:42:54Z</time><speed>0.029</speed><sat>25</sat></trkpt>
  <trkpt lat="10.77627176" lon="106.70280538"><ele>-1.676</ele><time>2025-01-16T11:42:55Z</time><speed>0.039</speed><sat>24</sat></trkpt>
  <trkpt lat="10.77627184" lon="106.70280484"><ele>-1.550</ele><time>2025-01-16T11:42:56Z</time><speed>0.033</speed><sat>26</sat></trkpt>
  <trkpt lat="10.77627250" lon="106.70280524"><ele>-1.486</ele><time>2025-01-16T11:42:57Z</time><speed>0.068</speed><sat>26</sat></trkpt>
  <trkpt lat="10.77627314" lon="106.70280529"><ele>-1.595</ele><time>2025-01-16T11:42:58Z</time><speed>0.044</speed><sat>22</sat></trkpt>
  <trkpt lat="10.77627300" lon="106.70280537"><ele>-1.666</ele><time>2025-01-16T11:42:59Z</time><speed>0.029</speed><sat>25</sat></trkpt>
  <trkpt lat="10.77627267" lon="106.70280529"><ele>-1.794</ele><time>2025-01-16T11:43:00Z</time><speed>0.026</speed><sat>22</sat></trkpt>
  <trkpt lat="10.77627215" lon="106.70280446"><ele>-1.973</ele><time>2025-01-16T11:43:01Z</time><speed>0.020</speed><sat>22</sat></trkpt>
  <trkpt lat="10.77627222" lon="106.70280327"><ele>-1.983</ele><time>2025-01-16T11:43:02Z</time><speed>0.023</speed><sat>23</sat></trkpt>
  <trkpt lat="10.77627239" lon="106.70280266"><ele>-2.001</ele><time>2025-01-16T11:43:03Z</time><speed>0.017</speed><sat>24</sat></trkpt>
  <trkpt lat="10.77627230" lon="106.70280240"><ele>-1.942</ele><time>2025-01-16T11:43:04Z</time><speed>0.011</speed><sat>22</sat></trkpt>
  <trkpt lat="10.77627222" lon="106.70280221"><ele>-1.878</ele><time>2025-01-16T11:43:05Z</time><speed>0.008</speed><sat>21</sat></trkpt>
  <trkpt lat="10.77627189" lon="106.70280198"><ele>-1.670</ele><time>2025-01-16T11:43:06Z</time><speed>0.024</speed><sat>21</sat></trkpt>
  <trkpt lat="10.77627197" lon="106.70280220"><ele>-1.652</ele><time>2025-01-16T11:43:07Z</time><speed>0.031</speed><sat>22</sat></trkpt>
  <trkpt lat="10.77627195" lon="106.70280218"><ele>-1.637</ele><time>2025-01-16T11:43:08Z</time><speed>0.017</speed><sat>22</sat></trkpt>
  <trkpt lat="10.77627196" lon="106.70280200"><ele>-1.595</ele><time>2025-01-16T11:43:09Z</time><speed>0.012</speed><sat>23</sat></trkpt>
  <trkpt lat="10.77627190" lon="106.70280189"><ele>-1.589</ele><time>2025-01-16T11:43:10Z</time><speed>0.011</speed><sat>21</sat></trkpt>
  <trkpt lat="10.77627200" lon="106.70280190"><ele>-1.577</ele><time>2025-01-16T11:43:11Z</time><speed>0.007</speed><sat>22</sat></trkpt>
  <trkpt lat="10.77627204" lon="106.70280176"><ele>-1.570</ele><time>2025-01-16T11:43:12Z</time><speed>0.009</speed><sat>24</sat></trkpt>
  <trkpt lat="10.77627205" lon="106.70280164"><ele>-1.634</ele><time>2025-01-16T11:43:13Z</time><speed>0.008</speed><sat>21</sat></trkpt>
  <trkpt lat="10.77627238" lon="106.70280151"><ele>-1.636</ele><time>2025-01-16T11:43:14Z</time><speed>0.010</speed><sat>22</sat></trkpt>
  <trkpt lat="10.77627250" lon="106.70280112"><ele>-1.590</ele><time>2025-01-16T11:43:15Z</time><speed>0.018</speed><sat>23</sat></trkpt>
  <trkpt lat="10.77627255" lon="106.70280100"><ele>-1.565</ele><time>2025-01-16T11:43:16Z</time><speed>0.012</speed><sat>23</sat></trkpt>
  <trkpt lat="10.77627259" lon="106.70280089"><ele>-1.522</ele><time>2025-01-16T11:43:17Z</time><speed>0.008</speed><sat>21</sat></trkpt>
  <trkpt lat="10.77627261" lon="106.70280100"><ele>-1.555</ele><time>2025-01-16T11:43:18Z</time><speed>0.012</speed><sat>23</sat></trkpt>
  <trkpt lat="10.77627286" lon="106.70280092"><ele>-1.545</ele><time>2025-01-16T11:43:19Z</time><speed>0.016</speed><sat>23</sat></trkpt>
  <trkpt lat="10.77627297" lon="106.70280086"><ele>-1.502</ele><time>2025-01-16T11:43:20Z</time><speed>0.012</speed><sat>20</sat></trkpt>
  <trkpt lat="10.77627303" lon="106.70280085"><ele>-1.472</ele><time>2025-01-16T11:43:21Z</time><speed>0.009</speed><sat>20</sat></trkpt>
  <trkpt lat="10.77627286" lon="106.70280032"><ele>-1.345</ele><time>2025-01-16T11:43:22Z</time><speed>0.037</speed><sat>21</sat></trkpt>
  <trkpt lat="10.77627249" lon="106.70279971"><ele>-1.357</ele><time>2025-01-16T11:43:23Z</time><speed>0.027</speed><sat>23</sat></trkpt>
  <trkpt lat="10.77627219" lon="106.70279960"><ele>-1.343</ele><time>2025-01-16T11:43:24Z</time><speed>0.026</speed><sat>24</sat></trkpt>
  <trkpt lat="10.77627238" lon="106.70280039"><ele>-1.374</ele><time>2025-01-16T11:43:25Z</time><speed>0.056</speed><sat>26</sat></trkpt>
  <trkpt lat="10.77627255" lon="106.70280121"><ele>-1.404</ele><time>2025-01-16T11:43:26Z</time><speed>0.037</speed><sat>24</sat></trkpt>
  <trkpt lat="10.77627215" lon="106.70280093"><ele>-1.298</ele><time>2025-01-16T11:43:27Z</time><speed>0.042</speed><sat>23</sat></trkpt>
  <trkpt lat="10.77627158" lon="106.70280112"><ele>-1.212</ele><time>2025-01-16T11:43:28Z</time><speed>0.032</speed><sat>26</sat></trkpt>
  <trkpt lat="10.77627120" lon="106.70280189"><ele>-1.260</ele><time>2025-01-16T11:43:29Z</time><speed>0.038</speed><sat>27</sat></trkpt>
  <trkpt lat="10.77627035" lon="106.70280211"><ele>-1.348</ele><time>2025-01-16T11:43:30Z</time><speed>0.025</speed><sat>24</sat></trkpt>
  <trkpt lat="10.77627011" lon="106.70280230"><ele>-1.402</ele><time>2025-01-16T11:43:31Z</time><speed>0.022</speed><sat>25</sat></trkpt>
  <trkpt lat="10.77626999" lon="106.70280252"><ele>-1.434</ele><time>2025-01-16T11:43:32Z</time><speed>0.015</speed><sat>25</sat></trkpt>
  <trkpt lat="10.77626993" lon="106.70280270"><ele>-1.456</ele><time>2025-01-16T11:43:33Z</time><speed>0.010</speed><sat>23</sat></trkpt>
  <trkpt lat="10.77626997" lon="106.70280279"><ele>-1.467</ele><time>2025-01-16T11:43:34Z</time><speed>0.017</speed><sat>25</sat></trkpt>
  <trkpt lat="10.77626961" lon="106.70280292"><ele>-1.582</ele><time>2025-01-16T11:43:35Z</time><speed>0.011</speed><sat>24</sat></trkpt>
  <trkpt lat="10.77626910" lon="106.70280337"><ele>-1.608</ele><time>2025-01-16T11:43:36Z</time><speed>0.009</speed><sat>24</sat></trkpt>
  <trkpt lat="10.77626865" lon="106.70280354"><ele>-1.640</ele><time>2025-01-16T11:43:37Z</time><speed>0.030</speed><sat>25</sat></trkpt>
  <trkpt lat="10.77626805" lon="106.70280352"><ele>-1.625</ele><time>2025-01-16T11:43:38Z</time><speed>0.027</speed><sat>24</sat></trkpt>
  <trkpt lat="10.77626794" lon="106.70280330"><ele>-1.630</ele><time>2025-01-16T11:43:39Z</time><speed>0.029</speed><sat>23</sat></trkpt>
  <trkpt lat="10.77626841" lon="106.70280325"><ele>-1.554</ele><time>2025-01-16T11:43:40Z</time><speed>0.023</speed><sat>23</sat></trkpt>
  <trkpt lat="10.77626885" lon="106.70280276"><ele>-1.537</ele><time>2025-01-16T11:43:41Z</time><speed>0.017</speed><sat>23</sat></trkpt>
  <trkpt lat="10.77626909" lon="106.70280249"><ele>-1.516</ele><time>2025-01-16T11:43:42Z</time><speed>0.012</speed><sat>23</sat></trkpt>
  <trkpt lat="10.77626897" lon="106.70280218"><ele>-1.471</ele><time>2025-01-16T11:43:43Z</time><speed>0.017</speed><sat>12</sat></trkpt>
  <trkpt lat="10.77626963" lon="106.70279983"><ele>-1.505</ele><time>2025-01-16T11:43:44Z</time><speed>0.110</speed><sat>12</sat></trkpt>
  <trkpt lat="10.77627061" lon="106.70279780"><ele>-1.508</ele><time>2025-01-16T11:43:45Z</time><speed>0.161</speed><sat>12</sat></trkpt>
  <trkpt lat="10.77626920" lon="106.70279018"><ele>-1.497</ele><time>2025-01-16T11:43:46Z</time><speed>0.365</speed><sat>8</sat></trkpt>
  <trkpt lat="10.77626683" lon="106.70278794"><ele>-1.449</ele><time>2025-01-16T11:43:47Z</time><speed>0.413</speed><sat>10</sat></trkpt>
  <trkpt lat="10.77626218" lon="106.70279008"><ele>-1.375</ele><time>2025-01-16T11:43:48Z</time><speed>0.391</speed><sat>9</sat></trkpt>
  <trkpt lat="10.77625447" lon="106.70279431"><ele>-1.284</ele><time>2025-01-16T11:43:49Z</time><speed>0.536</speed><sat>6</sat></trkpt>
  <trkpt lat="10.77624753" lon="106.70279894"><ele>-1.354</ele><time>2025-01-16T11:43:50Z</time><speed>0.722</speed><sat>6</sat></trkpt>
  <trkpt lat="10.77623931" lon="106.70280728"><ele>-1.316</ele><time>2025-01-16T11:43:51Z</time><speed>0.927</speed><sat>6</sat></trkpt>
  <trkpt lat="10.77623040" lon="106.70281611"><ele>-1.237</ele><time>2025-01-16T11:43:52Z</time><speed>1.072</speed><sat>7</sat></trkpt>
  <trkpt lat="10.77622401" lon="106.70282451"><ele>-1.096</ele><time>2025-01-16T11:43:53Z</time><speed>1.121</speed><sat>5</sat></trkpt>
  <trkpt lat="10.77621400" lon="106.70283225"><ele>-1.026</ele><time>2025-01-16T11:43:54Z</time><speed>1.201</speed><sat>7</sat></trkpt>
  <trkpt lat="10.77620766" lon="106.70284048"><ele>-0.901</ele><time>2025-01-16T11:43:55Z</time><speed>1.208</speed><sat>6</sat></trkpt>
  <trkpt lat="10.77620217" lon="106.70284880"><ele>-0.917</ele><time>2025-01-16T11:43:56Z</time><speed>1.206</speed><sat>7</sat></trkpt>
  <trkpt lat="10.77619605" lon="106.70285860"><ele>-0.950</ele><time>2025-01-16T11:43:57Z</time><speed>1.227</speed><sat>5</sat></trkpt>
  <trkpt lat="10.77618890" lon="106.70286480"><ele>-0.874</ele><time>2025-01-16T11:43:58Z</time><speed>1.210</speed><sat>4</sat></trkpt>
  <trkpt lat="10.77618000" lon="106.70287119"><ele>-0.776</ele><time>2025-01-16T11:43:59Z</time><speed>1.217</speed><sat>6</sat></trkpt>
  <trkpt lat="10.77617217" lon="106.70288099"><ele>-0.825</ele><time>2025-01-16T11:44:00Z</time><speed>1.240</speed><sat>7</sat></trkpt>
  <trkpt lat="10.77616267" lon="106.70289202"><ele>-0.851</ele><time>2025-01-16T11:44:01Z</time><speed>1.281</speed><sat>7</sat></trkpt>
  <trkpt lat="10.77615077" lon="106.70290606"><ele>-1.159</ele><time>2025-01-16T11:44:02Z</time><speed>1.360</speed><sat>6</sat></trkpt>
  <trkpt lat="10.77613947" lon="106.70292204"><ele>-0.895</ele><time>2025-01-16T11:44:03Z</time><speed>1.431</speed><sat>4</sat></trkpt>
  <trkpt lat="10.77612739" lon="106.70293975"><ele>-0.976</ele><time>2025-01-16T11:44:04Z</time><speed>1.527</speed><sat>5</sat></trkpt>
  <trkpt lat="10.77611447" lon="106.70295597"><ele>-0.850</ele><time>2025-01-16T11:44:05Z</time><speed>1.585</speed><sat>4</sat></trkpt>
  <trkpt lat="10.77610075" lon="106.70297467"><ele>-0.916</ele><time>2025-01-16T11:44:06Z</time><speed>1.922</speed><sat>4</sat></trkpt>
  <trkpt lat="10.77608623" lon="106.70299771"><ele>-0.363</ele><time>2025-01-16T11:44:07Z</time><speed>1.797</speed><sat>5</sat></trkpt>
  <trkpt lat="10.77607331" lon="106.70302540"><ele>-0.256</ele><time>2025-01-16T11:44:08Z</time><speed>1.945</speed><sat>5</sat></trkpt>
  <trkpt lat="10.77606474" lon="106.70303696"><ele>-0.324</ele><time>2025-01-16T11:44:09Z</time><speed>1.942</speed><sat>5</sat></trkpt>
  <trkpt lat="10.77605016" lon="106.70304490"><ele>-0.220</ele><time>2025-01-16T11:44:10Z</time><speed>1.956</speed><sat>7</sat></trkpt>
  <trkpt lat="10.77604654" lon="106.70302984"><ele>-0.484</ele><time>2025-01-16T11:44:11Z</time><speed>1.952</speed><sat>9</sat></trkpt>
  <trkpt lat="10.77603749" lon="106.70303610"><ele>-0.734</ele><time>2025-01-16T11:44:12Z</time><speed>1.910</speed><sat>9</sat></trkpt>
  <trkpt lat="10.77606022" lon="106.70301368"><ele>-2.734</ele><time>2025-01-16T11:44:13Z</time><speed>2.048</speed><sat>16</sat></trkpt>
  <trkpt lat="10.77607608" lon="106.70302732"><ele>-0.989</ele><time>2025-01-16T11:44:14Z</time><speed>2.085</speed><sat>20</sat></trkpt>
  <trkpt lat="10.77607849" lon="106.70306369"><ele>-1.263</ele><time>2025-01-16T11:44:15Z</time><speed>2.247</speed><sat>20</sat></trkpt>
  <trkpt lat="10.77606320" lon="106.70308913"><ele>-1.283</ele><time>2025-01-16T11:44:16Z</time><speed>2.342</speed><sat>22</sat></trkpt>
  <trkpt lat="10.77604252" lon="106.70310903"><ele>-1.125</ele><time>2025-01-16T11:44:17Z</time><speed>2.423</speed><sat>20</sat></trkpt>
  <trkpt lat="10.77602179" lon="106.70313096"><ele>-0.831</ele><time>2025-01-16T11:44:18Z</time><speed>2.511</speed><sat>19</sat></trkpt>
  <trkpt lat="10.77599941" lon="106.70315162"><ele>-0.564</ele><time>2025-01-16T11:44:19Z</time><speed>2.595</speed><sat>22</sat></trkpt>
  <trkpt lat="10.77598023" lon="106.70317518"><ele>-0.725</ele><time>2025-01-16T11:44:20Z</time><speed>2.672</speed><sat>22</sat></trkpt>
  <trkpt lat="10.77596052" lon="106.70319930"><ele>-0.770</ele><time>2025-01-16T11:44:21Z</time><speed>2.749</speed><sat>22</sat></trkpt>
  <trkpt lat="10.77594090" lon="106.70322452"><ele>-0.767</ele><time>2025-01-16T11:44:22Z</time><speed>2.824</speed><sat>19</sat></trkpt>
  <trkpt lat="10.77592238" lon="106.70324895"><ele>-0.878</ele><time>2025-01-16T11:44:23Z</time><speed>2.881</speed><sat>17</sat></trkpt>
  <trkpt lat="10.77590174" lon="106.70327215"><ele>-1.076</ele><time>2025-01-16T11:44:24Z</time><speed>2.936</speed><sat>18</sat></trkpt>
  <trkpt lat="10.77587864" lon="106.70329430"><ele>-1.094</ele><time>2025-01-16T11:44:25Z</time><speed>2.993</speed><sat>15</sat></trkpt>
  <trkpt lat="10.77585523" lon="106.70331419"><ele>-1.143</ele><time>2025-01-16T11:44:26Z</time><speed>3.033</speed><sat>15</sat></trkpt>
  <trkpt lat="10.77583507" lon="106.70333740"><ele>-1.077</ele><time>2025-01-16T11:44:27Z</time><speed>3.066</speed><sat>17</sat></trkpt>
  <trkpt lat="10.77581461" lon="106.70335972"><ele>-1.153</ele><time>2025-01-16T11:44:28Z</time><speed>3.093</speed><sat>16</sat></trkpt>
  <trkpt lat="10.77579311" lon="106.70338323"><ele>-0.947</ele><time>2025-01-16T11:44:29Z</time><speed>3.129</speed><sat>17</sat></trkpt>
  <trkpt lat="10.77577212" lon="106.70340276"><ele>-0.959</ele><time>2025-01-16T11:44:30Z</time><speed>3.136</speed><sat>15</sat></trkpt>
  <trkpt lat="10.77575482" lon="106.70342542"><ele>-0.824</ele><time>2025-01-16T11:44:31Z</time><speed>3.141</speed><sat>15</sat></trkpt>
  <trkpt lat="10.77573461" lon="106.70344722"><ele>-1.388</ele><time>2025-01-16T11:44:32Z</time><speed>3.159</speed><sat>15</sat></trkpt>
  <trkpt lat="10.77571316" lon="106.70347023"><ele>-1.508</ele><time>2025-01-16T11:44:33Z</time><speed>3.190</speed><sat>15</sat></trkpt>
  <trkpt lat="10.77569089" lon="106.70349358"><ele>-1.562</ele><time>2025-01-16T11:44:34Z</time><speed>3.227</speed><sat>14</sat></trkpt>
  <trkpt lat="10.77566826" lon="106.70351829"><ele>-1.673</ele><time>2025-01-16T11:44:35Z</time><speed>3.272</speed><sat>14</sat></trkpt>
  <trkpt lat="10.77564482" lon="106.70354265"><ele>-1.588</ele><time>2025-01-16T11:44:36Z</time><speed>3.316</speed><sat>15</sat></trkpt>
  <trkpt lat="10.77562225" lon="106.70356905"><ele>-1.577</ele><time>2025-01-16T11:44:37Z</time><speed>3.365</speed><sat>15</sat></trkpt>
  <trkpt lat="10.77559985" lon="106.70359552"><ele>-1.511</ele><time>2025-01-16T11:44:38Z</time><speed>3.408</speed><sat>16</sat></trkpt>
  <trkpt lat="10.77557643" lon="106.70361977"><ele>-1.236</ele><time>2025-01-16T11:44:39Z</time><speed>3.439</speed><sat>15</sat></trkpt>
  <trkpt lat="10.77555472" lon="106.70364478"><ele>-1.233</ele><time>2025-01-16T11:44:40Z</time><speed>3.460</speed><sat>20</sat></trkpt>
  <trkpt lat="10.77553225" lon="106.70366854"><ele>-1.204</ele><time>2025-01-16T11:44:41Z</time><speed>3.474</speed><sat>18</sat></trkpt>
  <trkpt lat="10.77551201" lon="106.70369364"><ele>-1.317</ele><time>2025-01-16T11:44:42Z</time><speed>3.482</speed><sat>18</sat></trkpt>
  <trkpt lat="10.77548923" lon="106.70371688"><ele>-1.468</ele><time>2025-01-16T11:44:43Z</time><speed>3.492</speed><sat>18</sat></trkpt>
  <trkpt lat="10.77546847" lon="106.70374223"><ele>-1.505</ele><time>2025-01-16T11:44:44Z</time><speed>3.501</speed><sat>16</sat></trkpt>
  <trkpt lat="10.77544632" lon="106.70376677"><ele>-1.586</ele><time>2025-01-16T11:44:45Z</time><speed>3.513</speed><sat>15</sat></trkpt>
  <trkpt lat="10.77542487" lon="106.70379104"><ele>-1.730</ele><time>2025-01-16T11:44:46Z</time><speed>3.517</speed><sat>15</sat></trkpt>
  <trkpt lat="10.77540270" lon="106.70381484"><ele>-1.755</ele><time>2025-01-16T11:44:47Z</time><speed>3.524</speed><sat>17</sat></trkpt>
  <trkpt lat="10.77538358" lon="106.70384150"><ele>-1.813</ele><time>2025-01-16T11:44:48Z</time><speed>3.802</speed><sat>20</sat></trkpt>
  <trkpt lat="10.77536147" lon="106.70386908"><ele>-2.044</ele><time>2025-01-16T11:44:49Z</time><speed>3.948</speed><sat>19</sat></trkpt>
  <trkpt lat="10.77533709" lon="106.70389747"><ele>-2.183</ele><time>2025-01-16T11:44:50Z</time><speed>4.123</speed><sat>19</sat></trkpt>
  <trkpt lat="10.77531382" lon="106.70392587"><ele>-2.333</ele><time>2025-01-16T11:44:51Z</time><speed>3.947</speed><sat>21</sat></trkpt>
  <trkpt lat="10.77528998" lon="106.70395155"><ele>-2.439</ele><time>2025-01-16T11:44:52Z</time><speed>3.904</speed><sat>21</sat></trkpt>
  <trkpt lat="10.77526651" lon="106.70397619"><ele>-2.419</ele><time>2025-01-16T11:44:53Z</time><speed>3.757</speed><sat>21</sat></trkpt>
  <trkpt lat="10.77524323" lon="106.70399990"><ele>-2.445</ele><time>2025-01-16T11:44:54Z</time><speed>3.521</speed><sat>22</sat></trkpt>
  <trkpt lat="10.77522272" lon="106.70402299"><ele>-2.585</ele><time>2025-01-16T11:44:55Z</time><speed>3.335</speed><sat>19</sat></trkpt>
  <trkpt lat="10.77520368" lon="106.70404425"><ele>-2.586</ele><time>2025-01-16T11:44:56Z</time><speed>3.071</speed><sat>20</sat></trkpt>
  <trkpt lat="10.77518616" lon="106.70406310"><ele>-2.674</ele><time>2025-01-16T11:44:57Z</time><speed>2.706</speed><sat>18</sat></trkpt>
  <trkpt lat="10.77517107" lon="106.70407899"><ele>-2.689</ele><time>2025-01-16T11:44:58Z</time><speed>2.266</speed><sat>19</sat></trkpt>
  <trkpt lat="10.77515843" lon="106.70409237"><ele>-2.728</ele><time>2025-01-16T11:44:59Z</time><speed>1.920</speed><sat>21</sat></trkpt>
  <trkpt lat="10.77514824" lon="106.70410390"><ele>-2.821</ele><time>2025-01-16T11:45:00Z</time><speed>1.633</speed><sat>21</sat></trkpt>
  <trkpt lat="10.77514274" lon="106.70411383"><ele>-2.990</ele><time>2025-01-16T11:45:01Z</time><speed>1.216</speed><sat>21</sat></trkpt>
  <trkpt lat="10.77513810" lon="106.70411929"><ele>-2.961</ele><time>2025-01-16T11:45:02Z</time><speed>0.759</speed><sat>19</sat></trkpt>
  <trkpt lat="10.77513487" lon="106.70412180"><ele>-2.898</ele><time>2025-01-16T11:45:03Z</time><speed>0.459</speed><sat>21</sat></trkpt>
  <trkpt lat="10.77513285" lon="106.70412262"><ele>-2.938</ele><time>2025-01-16T11:45:04Z</time><speed>0.000</speed><sat>21</sat></trkpt>
  <trkpt lat="10.77513285" lon="106.70412262"><ele>-2.864</ele><time>2025-01-16T11:45:05Z</time><speed>0.000</speed><sat>22</sat></trkpt>
  <trkpt lat="10.77513285" lon="106.70412262"><ele>-2.827</ele><time>2025-01-16T11:45:06Z</time><speed>0.000</speed><sat>21</sat></trkpt>
  <trkpt lat="10.77513285" lon="106.70412262"><ele>-2.757</ele><time>2025-01-16T11:45:07Z</time><speed>0.000</speed><sat>21</sat></trkpt>
  <trkpt lat="10.77513285" lon="106.70412262"><ele>-2.689</ele><time>2025-01-16T11:45:08Z</time><speed>0.000</speed><sat>21</sat></trkpt>
  <trkpt lat="10.77513285" lon="106.70412262"><ele>-2.832</ele><time>2025-01-16T11:45:09Z</time><speed>0.000</speed><sat>20</sat></trkpt>
  <trkpt lat="10.77513285" lon="106.70412262"><ele>-2.979</ele><time>2025-01-16T11:45:10Z</time><speed>0.000</speed><sat>20</sat></trkpt>
  <trkpt lat="10.77513285" lon="106.70412262"><ele>-3.095</ele><time>2025-01-16T11:45:11Z</time><speed>0.000</speed><sat>21</sat></trkpt>
  <trkpt lat="10.77513285" lon="106.70412262"><ele>-3.139</ele><time>2025-01-16T11:45:12Z</time><speed>0.000</speed><sat>20</sat></trkpt>
  <trkpt lat="10.77513285" lon="106.70412262"><ele>-3.044</ele><time>2025-01-16T11:45:13Z</time><speed>0.000</speed><sat>21</sat></trkpt>
  <trkpt lat="10.77513285" lon="106.70412262"><ele>-2.981</ele><time>2025-01-16T11:45:14Z</time><speed>0.000</speed><sat>22</sat></trkpt>
  <trkpt lat="10.77513285" lon="106.70412262"><ele>-3.089</ele><time>2025-01-16T11:45:15Z</time><speed>0.000</speed><sat>20</sat></trkpt>
  <trkpt lat="10.77513285" lon="106.70412262"><ele>-2.967</ele><time>2025-01-16T11:45:16Z</time><speed>0.000</speed><sat>21</sat></trkpt>
  <trkpt lat="10.77512493" lon="106.70412290"><ele>-2.917</ele><time>2025-01-16T11:45:17Z</time><speed>0.289</speed><sat>21</sat></trkpt>
  <trkpt lat="10.77512003" lon="106.70412860"><ele>-2.852</ele><time>2025-01-16T11:45:18Z</time><speed>0.793</speed><sat>22</sat></trkpt>
  <trkpt lat="10.77511095" lon="106.70413895"><ele>-2.743</ele><time>2025-01-16T11:45:19Z</time><speed>1.482</speed><sat>21</sat></trkpt>
  <trkpt lat="10.77509878" lon="106.70415222"><ele>-2.798</ele><time>2025-01-16T11:45:20Z</time><speed>2.001</speed><sat>22</sat></trkpt>
  <trkpt lat="10.77508446" lon="106.70416757"><ele>-2.816</ele><time>2025-01-16T11:45:21Z</time><speed>2.394</speed><sat>22</sat></trkpt>
  <trkpt lat="10.77506725" lon="106.70418392"><ele>-2.755</ele><time>2025-01-16T11:45:22Z</time><speed>2.674</speed><sat>22</sat></trkpt>
  <trkpt lat="10.77505032" lon="106.70420064"><ele>-2.405</ele><time>2025-01-16T11:45:23Z</time><speed>2.815</speed><sat>21</sat></trkpt>
  <trkpt lat="10.77503325" lon="106.70421873"><ele>-2.256</ele><time>2025-01-16T11:45:24Z</time><speed>2.794</speed><sat>21</sat></trkpt>
  <trkpt lat="10.77501510" lon="106.70423774"><ele>-2.264</ele><time>2025-01-16T11:45:25Z</time><speed>2.740</speed><sat>22</sat></trkpt>
  <trkpt lat="10.77499881" lon="106.70425602"><ele>-2.204</ele><time>2025-01-16T11:45:26Z</time><speed>2.671</speed><sat>20</sat></trkpt>
  <trkpt lat="10.77498107" lon="106.70427131"><ele>-2.236</ele><time>2025-01-16T11:45:27Z</time><speed>2.509</speed><sat>20</sat></trkpt>
  <trkpt lat="10.77496537" lon="106.70428678"><ele>-1.840</ele><time>2025-01-16T11:45:28Z</time><speed>2.291</speed><sat>20</sat></trkpt>
  <trkpt lat="10.77495021" lon="106.70429924"><ele>-1.838</ele><time>2025-01-16T11:45:29Z</time><speed>2.005</speed><sat>22</sat></trkpt>
  <trkpt lat="10.77493226" lon="106.70431021"><ele>-1.710</ele><time>2025-01-16T11:45:30Z</time><speed>1.964</speed><sat>21</sat></trkpt>
  <trkpt lat="10.77491314" lon="106.70431625"><ele>-1.379</ele><time>2025-01-16T11:45:31Z</time><speed>1.804</speed><sat>21</sat></trkpt>
  <trkpt lat="10.77489365" lon="106.70431949"><ele>-1.009</ele><time>2025-01-16T11:45:32Z</time><speed>1.777</speed><sat>22</sat></trkpt>
  <trkpt lat="10.77487199" lon="106.70431133"><ele>-0.673</ele><time>2025-01-16T11:45:33Z</time><speed>2.248</speed><sat>23</sat></trkpt>
  <trkpt lat="10.77485041" lon="106.70429725"><ele>-0.568</ele><time>2025-01-16T11:45:34Z</time><speed>2.555</speed><sat>23</sat></trkpt>
  <trkpt lat="10.77483390" lon="106.70428234"><ele>-0.159</ele><time>2025-01-16T11:45:35Z</time><speed>2.752</speed><sat>25</sat></trkpt>
  <trkpt lat="10.77481247" lon="106.70426477"><ele>0.521</ele><time>2025-01-16T11:45:36Z</time><speed>2.734</speed><sat>23</sat></trkpt>
  <trkpt lat="10.77478941" lon="106.70424402"><ele>0.739</ele><time>2025-01-16T11:45:37Z</time><speed>3.155</speed><sat>21</sat></trkpt>
  <trkpt lat="10.77476428" lon="106.70422165"><ele>0.910</ele><time>2025-01-16T11:45:38Z</time><speed>3.585</speed><sat>22</sat></trkpt>
  <trkpt lat="10.77473692" lon="106.70419527"><ele>1.329</ele><time>2025-01-16T11:45:39Z</time><speed>4.150</speed><sat>18</sat></trkpt>
  <trkpt lat="10.77471173" lon="106.70416833"><ele>1.263</ele><time>2025-01-16T11:45:40Z</time><speed>4.258</speed><sat>19</sat></trkpt>
  <trkpt lat="10.77468474" lon="106.70413817"><ele>1.373</ele><time>2025-01-16T11:45:41Z</time><speed>4.394</speed><sat>18</sat></trkpt>
  <trkpt lat="10.77465807" lon="106.70410882"><ele>1.507</ele><time>2025-01-16T11:45:42Z</time><speed>4.466</speed><sat>19</sat></trkpt>
  <trkpt lat="10.77462836" lon="106.70407835"><ele>1.489</ele><time>2025-01-16T11:45:43Z</time><speed>4.636</speed><sat>16</sat></trkpt>
  <trkpt lat="10.77459598" lon="106.70405140"><ele>1.211</ele><time>2025-01-16T11:45:44Z</time><speed>4.667</speed><sat>16</sat></trkpt>
  <trkpt lat="10.77456132" lon="106.70402313"><ele>1.028</ele><time>2025-01-16T11:45:45Z</time><speed>4.691</speed><sat>15</sat></trkpt>
  <trkpt lat="10.77452688" lon="106.70399254"><ele>0.751</ele><time>2025-01-16T11:45:46Z</time><speed>4.829</speed><sat>17</sat></trkpt>
  <trkpt lat="10.77449494" lon="106.70396156"><ele>0.187</ele><time>2025-01-16T11:45:47Z</time><speed>4.670</speed><sat>20</sat></trkpt>
  <trkpt lat="10.77446286" lon="106.70393362"><ele>0.358</ele><time>2025-01-16T11:45:48Z</time><speed>4.243</speed><sat>19</sat></trkpt>
  <trkpt lat="10.77443378" lon="106.70390897"><ele>0.044</ele><time>2025-01-16T11:45:49Z</time><speed>3.973</speed><sat>20</sat></trkpt>
  <trkpt lat="10.77440690" lon="106.70388366"><ele>-0.157</ele><time>2025-01-16T11:45:50Z</time><speed>3.869</speed><sat>21</sat></trkpt>
  <trkpt lat="10.77437844" lon="106.70386194"><ele>-0.799</ele><time>2025-01-16T11:45:51Z</time><speed>3.808</speed><sat>21</sat></trkpt>
  <trkpt lat="10.77435372" lon="106.70383518"><ele>-0.067</ele><time>2025-01-16T11:45:52Z</time><speed>3.433</speed><sat>19</sat></trkpt>
  <trkpt lat="10.77433344" lon="106.70381242"><ele>0.315</ele><time>2025-01-16T11:45:53Z</time><speed>3.161</speed><sat>20</sat></trkpt>
  <trkpt lat="10.77431538" lon="106.70379528"><ele>0.582</ele><time>2025-01-16T11:45:54Z</time><speed>2.830</speed><sat>22</sat></trkpt>
  <trkpt lat="10.77430791" lon="106.70378552"><ele>-2.160</ele><time>2025-01-16T11:45:55Z</time><speed>2.776</speed><sat>25</sat></trkpt>
  <trkpt lat="10.77429372" lon="106.70376768"><ele>-1.793</ele><time>2025-01-16T11:45:56Z</time><speed>2.140</speed><sat>26</sat></trkpt>
  <trkpt lat="10.77427819" lon="106.70374314"><ele>-0.690</ele><time>2025-01-16T11:45:57Z</time><speed>3.324</speed><sat>24</sat></trkpt>
  <trkpt lat="10.77427097" lon="106.70372568"><ele>-0.180</ele><time>2025-01-16T11:45:58Z</time><speed>2.823</speed><sat>23</sat></trkpt>
  <trkpt lat="10.77427959" lon="106.70370412"><ele>-0.084</ele><time>2025-01-16T11:45:59Z</time><speed>2.659</speed><sat>22</sat></trkpt>
  <trkpt lat="10.77428880" lon="106.70367616"><ele>0.285</ele><time>2025-01-16T11:46:00Z</time><speed>2.575</speed><sat>21</sat></trkpt>
  <trkpt lat="10.77430901" lon="106.70366142"><ele>-0.211</ele><time>2025-01-16T11:46:01Z</time><speed>2.962</speed><sat>21</sat></trkpt>
  <trkpt lat="10.77432971" lon="106.70364048"><ele>-0.723</ele><time>2025-01-16T11:46:02Z</time><speed>3.114</speed><sat>20</sat></trkpt>
  <trkpt lat="10.77435217" lon="106.70361898"><ele>-1.282</ele><time>2025-01-16T11:46:03Z</time><speed>3.382</speed><sat>18</sat></trkpt>
  <trkpt lat="10.77437633" lon="106.70359966"><ele>-1.411</ele><time>2025-01-16T11:46:04Z</time><speed>3.417</speed><sat>18</sat></trkpt>
  <trkpt lat="10.77439989" lon="106.70357914"><ele>-1.901</ele><time>2025-01-16T11:46:05Z</time><speed>3.570</speed><sat>18</sat></trkpt>
  <trkpt lat="10.77442562" lon="106.70355715"><ele>-1.903</ele><time>2025-01-16T11:46:06Z</time><speed>3.812</speed><sat>18</sat></trkpt>
  <trkpt lat="10.77445694" lon="106.70353482"><ele>-1.863</ele><time>2025-01-16T11:46:07Z</time><speed>3.944</speed><sat>19</sat></trkpt>
  <trkpt lat="10.77448614" lon="106.70350851"><ele>-2.050</ele><time>2025-01-16T11:46:08Z</time><speed>4.101</speed><sat>18</sat></trkpt>
  <trkpt lat="10.77451523" lon="106.70348231"><ele>-2.067</ele><time>2025-01-16T11:46:09Z</time><speed>4.137</speed><sat>17</sat></trkpt>
  <trkpt lat="10.77454031" lon="106.70345190"><ele>-2.112</ele><time>2025-01-16T11:46:10Z</time><speed>4.106</speed><sat>20</sat></trkpt>
  <trkpt lat="10.77456532" lon="106.70342405"><ele>-2.027</ele><time>2025-01-16T11:46:11Z</time><speed>4.122</speed><sat>21</sat></trkpt>
  <trkpt lat="10.77459178" lon="106.70339546"><ele>-1.968</ele><time>2025-01-16T11:46:12Z</time><speed>4.135</speed><sat>21</sat></trkpt>
  <trkpt lat="10.77461631" lon="106.70336711"><ele>-2.129</ele><time>2025-01-16T11:46:13Z</time><speed>4.205</speed><sat>21</sat></trkpt>
  <trkpt lat="10.77464338" lon="106.70333974"><ele>-2.196</ele><time>2025-01-16T11:46:14Z</time><speed>4.166</speed><sat>20</sat></trkpt>
  <trkpt lat="10.77467001" lon="106.70331083"><ele>-2.185</ele><time>2025-01-16T11:46:15Z</time><speed>4.181</speed><sat>21</sat></trkpt>
  <trkpt lat="10.77469534" lon="106.70328346"><ele>-2.155</ele><time>2025-01-16T11:46:16Z</time><speed>4.090</speed><sat>22</sat></trkpt>
  <trkpt lat="10.77471964" lon="106.70325631"><ele>-2.127</ele><time>2025-01-16T11:46:17Z</time><speed>3.948</speed><sat>23</sat></trkpt>
  <trkpt lat="10.77474363" lon="106.70322844"><ele>-2.092</ele><time>2025-01-16T11:46:18Z</time><speed>4.042</speed><sat>23</sat></trkpt>
  <trkpt lat="10.77476767" lon="106.70320099"><ele>-1.937</ele><time>2025-01-16T11:46:19Z</time><speed>4.118</speed><sat>24</sat></trkpt>
  <trkpt lat="10.77479107" lon="106.70317405"><ele>-1.874</ele><time>2025-01-16T11:46:20Z</time><speed>3.875</speed><sat>24</sat></trkpt>
  <trkpt lat="10.77481475" lon="106.70314653"><ele>-1.754</ele><time>2025-01-16T11:46:21Z</time><speed>3.904</speed><sat>25</sat></trkpt>
  <trkpt lat="10.77483921" lon="106.70311996"><ele>-1.482</ele><time>2025-01-16T11:46:22Z</time><speed>4.010</speed><sat>26</sat></trkpt>
  <trkpt lat="10.77486336" lon="106.70309231"><ele>-1.332</ele><time>2025-01-16T11:46:23Z</time><speed>3.964</speed><sat>25</sat></trkpt>
  <trkpt lat="10.77488843" lon="106.70306591"><ele>-1.240</ele><time>2025-01-16T11:46:24Z</time><speed>3.987</speed><sat>25</sat></trkpt>
  <trkpt lat="10.77491174" lon="106.70303864"><ele>-1.155</ele><time>2025-01-16T11:46:25Z</time><speed>3.856</speed><sat>26</sat></trkpt>
  <trkpt lat="10.77493514" lon="106.70301263"><ele>-1.030</ele><time>2025-01-16T11:46:26Z</time><speed>3.824</speed><sat>25</sat></trkpt>
  <trkpt lat="10.77495784" lon="106.70298681"><ele>-1.096</ele><time>2025-01-16T11:46:27Z</time><speed>3.765</speed><sat>26</sat></trkpt>
  <trkpt lat="10.77498061" lon="106.70296204"><ele>-1.048</ele><time>2025-01-16T11:46:28Z</time><speed>3.675</speed><sat>27</sat></trkpt>
  <trkpt lat="10.77500210" lon="106.70293725"><ele>-1.009</ele><time>2025-01-16T11:46:29Z</time><speed>3.638</speed><sat>27</sat></trkpt>
  <trkpt lat="10.77502375" lon="106.70291445"><ele>-1.086</ele><time>2025-01-16T11:46:30Z</time><speed>3.526</speed><sat>28</sat></trkpt>
  <trkpt lat="10.77504438" lon="106.70289120"><ele>-1.135</ele><time>2025-01-16T11:46:31Z</time><speed>3.305</speed><sat>28</sat></trkpt>
  <trkpt lat="10.77506492" lon="106.70286848"><ele>-1.033</ele><time>2025-01-16T11:46:32Z</time><speed>3.233</speed><sat>28</sat></trkpt>
  <trkpt lat="10.77508431" lon="106.70284554"><ele>-0.935</ele><time>2025-01-16T11:46:33Z</time><speed>3.170</speed><sat>28</sat></trkpt>
  <trkpt lat="10.77510429" lon="106.70282404"><ele>-0.827</ele><time>2025-01-16T11:46:34Z</time><speed>3.186</speed><sat>27</sat></trkpt>
  <trkpt lat="10.77512292" lon="106.70280241"><ele>-0.752</ele><time>2025-01-16T11:46:35Z</time><speed>3.254</speed><sat>27</sat></trkpt>
  <trkpt lat="10.77514220" lon="106.70278140"><ele>-0.719</ele><time>2025-01-16T11:46:36Z</time><speed>3.145</speed><sat>27</sat></trkpt>
  <trkpt lat="10.77516193" lon="106.70275970"><ele>-0.617</ele><time>2025-01-16T11:46:37Z</time><speed>3.173</speed><sat>28</sat></trkpt>
  <trkpt lat="10.77518218" lon="106.70273725"><ele>-0.505</ele><time>2025-01-16T11:46:38Z</time><speed>3.193</speed><sat>28</sat></trkpt>
  <trkpt lat="10.77520285" lon="106.70271477"><ele>-0.453</ele><time>2025-01-16T11:46:39Z</time><speed>3.270</speed><sat>27</sat></trkpt>
  <trkpt lat="10.77522374" lon="106.70269204"><ele>-0.495</ele><time>2025-01-16T11:46:40Z</time><speed>3.409</speed><sat>27</sat></trkpt>
  <trkpt lat="10.77524616" lon="106.70266898"><ele>-0.577</ele><time>2025-01-16T11:46:41Z</time><speed>3.492</speed><sat>25</sat></trkpt>
  <trkpt lat="10.77526860" lon="106.70264582"><ele>-0.562</ele><time>2025-01-16T11:46:42Z</time><speed>3.502</speed><sat>25</sat></trkpt>
  <trkpt lat="10.77529241" lon="106.70262320"><ele>-0.523</ele><time>2025-01-16T11:46:43Z</time><speed>3.588</speed><sat>24</sat></trkpt>
  <trkpt lat="10.77531552" lon="106.70260033"><ele>-0.606</ele><time>2025-01-16T11:46:44Z</time><speed>3.596</speed><sat>24</sat></trkpt>
  <trkpt lat="10.77533939" lon="106.70257648"><ele>-0.708</ele><time>2025-01-16T11:46:45Z</time><speed>3.733</speed><sat>23</sat></trkpt>
  <trkpt lat="10.77536340" lon="106.70255155"><ele>-0.750</ele><time>2025-01-16T11:46:46Z</time><speed>3.869</speed><sat>23</sat></trkpt>
  <trkpt lat="10.77538845" lon="106.70252579"><ele>-0.812</ele><time>2025-01-16T11:46:47Z</time><speed>4.002</speed><sat>23</sat></trkpt>
  <trkpt lat="10.77541381" lon="106.70249853"><ele>-0.900</ele><time>2025-01-16T11:46:48Z</time><speed>4.192</speed><sat>23</sat></trkpt>
  <trkpt lat="10.77543824" lon="106.70247327"><ele>-0.983</ele><time>2025-01-16T11:46:49Z</time><speed>3.643</speed><sat>24</sat></trkpt>
  <trkpt lat="10.77545564" lon="106.70245530"><ele>-1.033</ele><time>2025-01-16T11:46:50Z</time><speed>2.553</speed><sat>25</sat></trkpt>
  <trkpt lat="10.77546535" lon="106.70244490"><ele>-1.068</ele><time>2025-01-16T11:46:51Z</time><speed>1.591</speed><sat>27</sat></trkpt>
  <trkpt lat="10.77546854" lon="106.70244168"><ele>-1.080</ele><time>2025-01-16T11:46:52Z</time><speed>0.492</speed><sat>27</sat></trkpt>
  <trkpt lat="10.77546870" lon="106.70244161"><ele>-1.124</ele><time>2025-01-16T11:46:53Z</time><speed>0.000</speed><sat>28</sat></trkpt>
  <trkpt lat="10.77546870" lon="106.70244161"><ele>-1.121</ele><time>2025-01-16T11:46:54Z</time><speed>0.000</speed><sat>28</sat></trkpt>
  <trkpt lat="10.77546870" lon="106.70244161"><ele>-1.262</ele><time>2025-01-16T11:46:55Z</time><speed>0.000</speed><sat>27</sat></trkpt>
  <trkpt lat="10.77546870" lon="106.70244161"><ele>-1.296</ele><time>2025-01-16T11:46:56Z</time><speed>0.000</speed><sat>28</sat></trkpt>
  <trkpt lat="10.77546870" lon="106.70244161"><ele>-1.330</ele><time>2025-01-16T11:46:57Z</time><speed>0.000</speed><sat>28</sat></trkpt>
  <trkpt lat="10.77546870" lon="106.70244161"><ele>-1.359</ele><time>2025-01-16T11:46:58Z</time><speed>0.000</speed><sat>28</sat></trkpt>
  <trkpt lat="10.77546870" lon="106.70244161"><ele>-1.416</ele><time>2025-01-16T11:46:59Z</time><speed>0.000</speed><sat>28</sat></trkpt>
  <trkpt lat="10.77546870" lon="106.70244161"><ele>-1.449</ele><time>2025-01-16T11:47:00Z</time><speed>0.000</speed><sat>28</sat></trkpt>
  <trkpt lat="10.77546870" lon="106.70244161"><ele>-1.516</ele><time>2025-01-16T11:47:01Z</time><speed>0.000</speed><sat>28</sat></trkpt>
  <trkpt lat="10.77546870" lon="106.70244161"><ele>-1.496</ele><time>2025-01-16T11:47:02Z</time><speed>0.000</speed><sat>29</sat></trkpt>
  <trkpt lat="10.77546870" lon="106.70244161"><ele>-1.512</ele><time>2025-01-16T11:47:03Z</time><speed>0.000</speed><sat>29</sat></trkpt>
  <trkpt lat="10.77546870" lon="106.70244161"><ele>-1.533</ele><time>2025-01-16T11:47:04Z</time><speed>0.000</speed><sat>27</sat></trkpt>
  <trkpt lat="10.77546870" lon="106.70244161"><ele>-1.566</ele><time>2025-01-16T11:47:05Z</time><speed>0.000</speed><sat>27</sat></trkpt>
  <trkpt lat="10.77546870" lon="106.70244161"><ele>-1.578</ele><time>2025-01-16T11:47:06Z</time><speed>0.000</speed><sat>28</sat></trkpt>
  <trkpt lat="10.77546870" lon="106.70244161"><ele>-1.540</ele><time>2025-01-16T11:47:07Z</time><speed>0.000</speed><sat>28</sat></trkpt>
  <trkpt lat="10.77546870" lon="106.70244161"><ele>-1.559</ele><time>2025-01-16T11:47:08Z</time><speed>0.000</speed><sat>26</sat></trkpt>
  <trkpt lat="10.77546870" lon="106.70244161"><ele>-1.493</ele><time>2025-01-16T11:47:09Z</time><speed>0.000</speed><sat>27</sat></trkpt>
  <trkpt lat="10.77546870" lon="106.70244161"><ele>-1.441</ele><time>2025-01-16T11:47:10Z</time><speed>0.000</speed><sat>28</sat></trkpt>
  <trkpt lat="10.77546870" lon="106.70244161"><ele>-1.362</ele><time>2025-01-16T11:47:11Z</time><speed>0.000</speed><sat>28</sat></trkpt>
  <trkpt lat="10.77546870" lon="106.70244161"><ele>-1.343</ele><time>2025-01-16T11:47:12Z</time><speed>0.000</speed><sat>27</sat></trkpt>
  <trkpt lat="10.77546870" lon="106.70244161"><ele>-1.300</ele><time>2025-01-16T11:47:13Z</time><speed>0.000</speed><sat>27</sat></trkpt>
  <trkpt lat="10.77546870" lon="106.70244161"><ele>-1.310</ele><time>2025-01-16T11:47:14Z</time><speed>0.000</speed><sat>28</sat></trkpt>
  <trkpt lat="10.77546870" lon="106.70244161"><ele>-1.344</ele><time>2025-01-16T11:47:15Z</time><speed>0.000</speed><sat>28</sat></trkpt>
  <trkpt lat="10.77546870" lon="106.70244161"><ele>-1.350</ele><time>2025-01-16T11:47:16Z</time><speed>0.000</speed><sat>28</sat></trkpt>
  <trkpt lat="10.77546870" lon="106.70244161"><ele>-1.333</ele><time>2025-01-16T11:47:17Z</time><speed>0.000</speed><sat>27</sat></trkpt>
  <trkpt lat="10.77546870" lon="106.70244161"><ele>-1.309</ele><time>2025-01-16T11:47:18Z</time><speed>0.000</speed><sat>27</sat></trkpt>
  <trkpt lat="10.77546870" lon="106.70244161"><ele>-1.273</ele><time>2025-01-16T11:47:19Z</time><speed>0.000</speed><sat>28</sat></trkpt>
  <trkpt lat="10.77546870" lon="106.70244161"><ele>-1.242</ele><time>2025-01-16T11:47:20Z</time><speed>0.000</speed><sat>27</sat></trkpt>
  <trkpt lat="10.77546870" lon="106.70244161"><ele>-1.206</ele><time>2025-01-16T11:47:21Z</time><speed>0.000</speed><sat>27</sat></trkpt>
  <trkpt lat="10.77546870" lon="106.70244161"><ele>-1.141</ele><time>2025-01-16T11:47:22Z</time><speed>0.000</speed><sat>28</sat></trkpt>
  <trkpt lat="10.77546870" lon="106.70244161"><ele>-1.086</ele><time>2025-01-16T11:47:23Z</time><speed>0.000</speed><sat>28</sat></trkpt>
  <trkpt lat="10.77546870" lon="106.70244161"><ele>-0.996</ele><time>2025-01-16T11:47:24Z</time><speed>0.000</speed><sat>28</sat></trkpt>
  <trkpt lat="10.77546870" lon="106.70244161"><ele>-0.963</ele><time>2025-01-16T11:47:25Z</time><speed>0.000</speed><sat>28</sat></trkpt>
  <trkpt lat="10.77546870" lon="106.70244161"><ele>-1.006</ele><time>2025-01-16T11:47:26Z</time><speed>0.000</speed><sat>28</sat></trkpt>
  <trkpt lat="10.77546870" lon="106.70244161"><ele>-1.000</ele><time>2025-01-16T11:47:27Z</time><speed>0.000</speed><sat>28</sat></trkpt>
  <trkpt lat="10.77546870" lon="106.70244161"><ele>-1.188</ele><time>2025-01-16T11:47:28Z</time><speed>0.000</speed><sat>27</sat></trkpt>
  <trkpt lat="10.77546870" lon="106.70244161"><ele>-1.138</ele><time>2025-01-16T11:47:29Z</time><speed>0.000</speed><sat>29</sat></trkpt>
  <trkpt lat="10.77546870" lon="106.70244161"><ele>-1.060</ele><time>2025-01-16T11:47:30Z</time><speed>0.000</speed><sat>28</sat></trkpt>
  <trkpt lat="10.77546870" lon="106.70244161"><ele>-1.125</ele><time>2025-01-16T11:47:31Z</time><speed>0.000</speed><sat>28</sat></trkpt>
  <trkpt lat="10.77546870" lon="106.70244161"><ele>-1.157</ele><time>2025-01-16T11:47:32Z</time><speed>0.000</speed><sat>29</sat></trkpt>
  <trkpt lat="10.77546870" lon="106.70244161"><ele>-1.376</ele><time>2025-01-16T11:47:33Z</time><speed>0.000</speed><sat>30</sat></trkpt>
  <trkpt lat="10.77546870" lon="106.70244161"><ele>-1.404</ele><time>2025-01-16T11:47:34Z</time><speed>0.000</speed><sat>30</sat></trkpt>
  <trkpt lat="10.77546156" lon="106.70243485"><ele>-1.440</ele><time>2025-01-16T11:47:35Z</time><speed>0.280</speed><sat>30</sat></trkpt>
  <trkpt lat="10.77546759" lon="106.70242983"><ele>-1.409</ele><time>2025-01-16T11:47:36Z</time><speed>0.968</speed><sat>29</sat></trkpt>
  <trkpt lat="10.77547773" lon="106.70241968"><ele>-1.366</ele><time>2025-01-16T11:47:37Z</time><speed>1.736</speed><sat>29</sat></trkpt>
  <trkpt lat="10.77548836" lon="106.70241033"><ele>-1.457</ele><time>2025-01-16T11:47:38Z</time><speed>2.059</speed><sat>30</sat></trkpt>
  <trkpt lat="10.77550179" lon="106.70239699"><ele>-1.665</ele><time>2025-01-16T11:47:39Z</time><speed>2.362</speed><sat>29</sat></trkpt>
  <trkpt lat="10.77551405" lon="106.70237857"><ele>-0.393</ele><time>2025-01-16T11:47:40Z</time><speed>2.582</speed><sat>29</sat></trkpt>
  <trkpt lat="10.77552759" lon="106.70236310"><ele>-1.077</ele><time>2025-01-16T11:47:41Z</time><speed>2.404</speed><sat>29</sat></trkpt>
  <trkpt lat="10.77554484" lon="106.70234808"><ele>-1.257</ele><time>2025-01-16T11:47:42Z</time><speed>2.547</speed><sat>30</sat></trkpt>
  <trkpt lat="10.77556197" lon="106.70233190"><ele>-1.363</ele><time>2025-01-16T11:47:43Z</time><speed>2.578</speed><sat>30</sat></trkpt>
  <trkpt lat="10.77557775" lon="106.70231608"><ele>-1.328</ele><time>2025-01-16T11:47:44Z</time><speed>2.513</speed><sat>30</sat></trkpt>
  <trkpt lat="10.77559357" lon="106.70229988"><ele>-1.588</ele><time>2025-01-16T11:47:45Z</time><speed>2.478</speed><sat>28</sat></trkpt>
  <trkpt lat="10.77560946" lon="106.70228306"><ele>-1.580</ele><time>2025-01-16T11:47:46Z</time><speed>2.665</speed><sat>30</sat></trkpt>
  <trkpt lat="10.77562922" lon="106.70226408"><ele>-1.741</ele><time>2025-01-16T11:47:47Z</time><speed>2.807</speed><sat>30</sat></trkpt>
  <trkpt lat="10.77564773" lon="106.70224394"><ele>-1.712</ele><time>2025-01-16T11:47:48Z</time><speed>2.871</speed><sat>30</sat></trkpt>
  <trkpt lat="10.77566638" lon="106.70222274"><ele>-1.880</ele><time>2025-01-16T11:47:49Z</time><speed>2.922</speed><sat>30</sat></trkpt>
  <trkpt lat="10.77568435" lon="106.70220173"><ele>-1.955</ele><time>2025-01-16T11:47:50Z</time><speed>2.916</speed><sat>30</sat></trkpt>
  <trkpt lat="10.77570290" lon="106.70218149"><ele>-2.099</ele><time>2025-01-16T11:47:51Z</time><speed>3.098</speed><sat>30</sat></trkpt>
  <trkpt lat="10.77572377" lon="106.70215937"><ele>-1.943</ele><time>2025-01-16T11:47:52Z</time><speed>3.302</speed><sat>29</sat></trkpt>
  <trkpt lat="10.77574668" lon="106.70213627"><ele>-2.069</ele><time>2025-01-16T11:47:53Z</time><speed>3.375</speed><sat>29</sat></trkpt>
  <trkpt lat="10.77576661" lon="106.70211473"><ele>-2.043</ele><time>2025-01-16T11:47:54Z</time><speed>3.389</speed><sat>29</sat></trkpt>
  <trkpt lat="10.77578911" lon="106.70209105"><ele>-1.828</ele><time>2025-01-16T11:47:55Z</time><speed>3.581</speed><sat>29</sat></trkpt>
  <trkpt lat="10.77581115" lon="106.70206728"><ele>-1.805</ele><time>2025-01-16T11:47:56Z</time><speed>3.588</speed><sat>27</sat></trkpt>
  <trkpt lat="10.77583316" lon="106.70204424"><ele>-1.939</ele><time>2025-01-16T11:47:57Z</time><speed>3.504</speed><sat>26</sat></trkpt>
  <trkpt lat="10.77585480" lon="106.70202083"><ele>-2.240</ele><time>2025-01-16T11:47:58Z</time><speed>3.526</speed><sat>25</sat></trkpt>
  <trkpt lat="10.77587718" lon="106.70199789"><ele>-2.290</ele><time>2025-01-16T11:47:59Z</time><speed>3.516</speed><sat>24</sat></trkpt>
  <trkpt lat="10.77589791" lon="106.70197547"><ele>-2.281</ele><time>2025-01-16T11:48:00Z</time><speed>3.263</speed><sat>25</sat></trkpt>
  <trkpt lat="10.77591730" lon="106.70195456"><ele>-2.280</ele><time>2025-01-16T11:48:01Z</time><speed>3.196</speed><sat>25</sat></trkpt>
  <trkpt lat="10.77593697" lon="106.70193215"><ele>-2.228</ele><time>2025-01-16T11:48:02Z</time><speed>3.327</speed><sat>24</sat></trkpt>
  <trkpt lat="10.77595733" lon="106.70190963"><ele>-2.246</ele><time>2025-01-16T11:48:03Z</time><speed>3.427</speed><sat>24</sat></trkpt>
  <trkpt lat="10.77597881" lon="106.70188635"><ele>-2.158</ele><time>2025-01-16T11:48:04Z</time><speed>3.527</speed><sat>24</sat></trkpt>
  <trkpt lat="10.77600040" lon="106.70186276"><ele>-2.223</ele><time>2025-01-16T11:48:05Z</time><speed>3.537</speed><sat>24</sat></trkpt>
  <trkpt lat="10.77602256" lon="106.70183836"><ele>-2.042</ele><time>2025-01-16T11:48:06Z</time><speed>3.556</speed><sat>24</sat></trkpt>
  <trkpt lat="10.77604453" lon="106.70181396"><ele>-2.093</ele><time>2025-01-16T11:48:07Z</time><speed>3.585</speed><sat>24</sat></trkpt>
  <trkpt lat="10.77606656" lon="106.70179021"><ele>-2.007</ele><time>2025-01-16T11:48:08Z</time><speed>3.592</speed><sat>24</sat></trkpt>
  <trkpt lat="10.77608806" lon="106.70176656"><ele>-1.993</ele><time>2025-01-16T11:48:09Z</time><speed>3.463</speed><sat>24</sat></trkpt>
  <trkpt lat="10.77611006" lon="106.70174391"><ele>-2.021</ele><time>2025-01-16T11:48:10Z</time><speed>3.465</speed><sat>24</sat></trkpt>
  <trkpt lat="10.77613150" lon="106.70172138"><ele>-2.046</ele><time>2025-01-16T11:48:11Z</time><speed>3.376</speed><sat>24</sat></trkpt>
  <trkpt lat="10.77615271" lon="106.70169961"><ele>-1.972</ele><time>2025-01-16T11:48:12Z</time><speed>3.368</speed><sat>23</sat></trkpt>
  <trkpt lat="10.77617431" lon="106.70167756"><ele>-2.029</ele><time>2025-01-16T11:48:13Z</time><speed>3.401</speed><sat>24</sat></trkpt>
  <trkpt lat="10.77619600" lon="106.70165565"><ele>-2.031</ele><time>2025-01-16T11:48:14Z</time><speed>3.370</speed><sat>24</sat></trkpt>
  <trkpt lat="10.77621737" lon="106.70163318"><ele>-1.834</ele><time>2025-01-16T11:48:15Z</time><speed>3.415</speed><sat>24</sat></trkpt>
  <trkpt lat="10.77623942" lon="106.70161059"><ele>-1.798</ele><time>2025-01-16T11:48:16Z</time><speed>3.455</speed><sat>24</sat></trkpt>
  <trkpt lat="10.77626140" lon="106.70158806"><ele>-1.758</ele><time>2025-01-16T11:48:17Z</time><speed>3.465</speed><sat>24</sat></trkpt>
  <trkpt lat="10.77628339" lon="106.70156604"><ele>-1.771</ele><time>2025-01-16T11:48:18Z</time><speed>3.410</speed><sat>24</sat></trkpt>
  <trkpt lat="10.77630525" lon="106.70154374"><ele>-1.718</ele><time>2025-01-16T11:48:19Z</time><speed>3.458</speed><sat>24</sat></trkpt>
  <trkpt lat="10.77632847" lon="106.70152005"><ele>-1.702</ele><time>2025-01-16T11:48:20Z</time><speed>3.759</speed><sat>24</sat></trkpt>
  <trkpt lat="10.77635402" lon="106.70149347"><ele>-1.678</ele><time>2025-01-16T11:48:21Z</time><speed>4.046</speed><sat>25</sat></trkpt>
  <trkpt lat="10.77638073" lon="106.70146634"><ele>-1.632</ele><time>2025-01-16T11:48:22Z</time><speed>4.219</speed><sat>25</sat></trkpt>
  <trkpt lat="10.77640738" lon="106.70143832"><ele>-1.601</ele><time>2025-01-16T11:48:23Z</time><speed>4.256</speed><sat>23</sat></trkpt>
  <trkpt lat="10.77643180" lon="106.70140894"><ele>-1.572</ele><time>2025-01-16T11:48:24Z</time><speed>4.225</speed><sat>26</sat></trkpt>
  <trkpt lat="10.77645183" lon="106.70137673"><ele>-1.550</ele><time>2025-01-16T11:48:25Z</time><speed>4.161</speed><sat>29</sat></trkpt>
  <trkpt lat="10.77646500" lon="106.70134193"><ele>-1.565</ele><time>2025-01-16T11:48:26Z</time><speed>4.050</speed><sat>30</sat></trkpt>
  <trkpt lat="10.77647068" lon="106.70130603"><ele>-1.496</ele><time>2025-01-16T11:48:27Z</time><speed>3.933</speed><sat>30</sat></trkpt>
  <trkpt lat="10.77646942" lon="106.70127066"><ele>-1.287</ele><time>2025-01-16T11:48:28Z</time><speed>3.805</speed><sat>30</sat></trkpt>
  <trkpt lat="10.77645996" lon="106.70123602"><ele>-1.177</ele><time>2025-01-16T11:48:29Z</time><speed>3.829</speed><sat>30</sat></trkpt>
  <trkpt lat="10.77644455" lon="106.70120241"><ele>-1.659</ele><time>2025-01-16T11:48:30Z</time><speed>3.888</speed><sat>30</sat></trkpt>
  <trkpt lat="10.77642174" lon="106.70117142"><ele>-2.158</ele><time>2025-01-16T11:48:31Z</time><speed>4.018</speed><sat>27</sat></trkpt>
  <trkpt lat="10.77639776" lon="106.70114453"><ele>-2.194</ele><time>2025-01-16T11:48:32Z</time><speed>4.030</speed><sat>27</sat></trkpt>
  <trkpt lat="10.77637364" lon="106.70111833"><ele>-2.120</ele><time>2025-01-16T11:48:33Z</time><speed>3.983</speed><sat>26</sat></trkpt>
  <trkpt lat="10.77634740" lon="106.70109703"><ele>-2.226</ele><time>2025-01-16T11:48:34Z</time><speed>3.672</speed><sat>27</sat></trkpt>
  <trkpt lat="10.77631972" lon="106.70108276"><ele>-2.195</ele><time>2025-01-16T11:48:35Z</time><speed>3.391</speed><sat>26</sat></trkpt>
  <trkpt lat="10.77629067" lon="106.70107401"><ele>-2.171</ele><time>2025-01-16T11:48:36Z</time><speed>3.399</speed><sat>26</sat></trkpt>
  <trkpt lat="10.77626175" lon="106.70106703"><ele>-2.060</ele><time>2025-01-16T11:48:37Z</time><speed>3.324</speed><sat>28</sat></trkpt>
  <trkpt lat="10.77623074" lon="106.70106745"><ele>-2.042</ele><time>2025-01-16T11:48:38Z</time><speed>3.407</speed><sat>27</sat></trkpt>
  <trkpt lat="10.77620011" lon="106.70107548"><ele>-2.020</ele><time>2025-01-16T11:48:39Z</time><speed>3.493</speed><sat>25</sat></trkpt>
  <trkpt lat="10.77617342" lon="106.70109089"><ele>-2.084</ele><time>2025-01-16T11:48:40Z</time><speed>3.213</speed><sat>29</sat></trkpt>
  <trkpt lat="10.77615140" lon="106.70110937"><ele>-2.009</ele><time>2025-01-16T11:48:41Z</time><speed>2.974</speed><sat>27</sat></trkpt>
  <trkpt lat="10.77613463" lon="106.70112914"><ele>-2.026</ele><time>2025-01-16T11:48:42Z</time><speed>2.784</speed><sat>24</sat></trkpt>
  <trkpt lat="10.77612241" lon="106.70115032"><ele>-2.204</ele><time>2025-01-16T11:48:43Z</time><speed>2.589</speed><sat>24</sat></trkpt>
  <trkpt lat="10.77611002" lon="106.70117086"><ele>-2.544</ele><time>2025-01-16T11:48:44Z</time><speed>2.629</speed><sat>24</sat></trkpt>
  <trkpt lat="10.77609755" lon="106.70119080"><ele>-2.418</ele><time>2025-01-16T11:48:45Z</time><speed>2.559</speed><sat>25</sat></trkpt>
  <trkpt lat="10.77608323" lon="106.70120947"><ele>-2.447</ele><time>2025-01-16T11:48:46Z</time><speed>2.487</speed><sat>24</sat></trkpt>
  <trkpt lat="10.77606798" lon="106.70122788"><ele>-2.411</ele><time>2025-01-16T11:48:47Z</time><speed>2.510</speed><sat>24</sat></trkpt>
  <trkpt lat="10.77605325" lon="106.70124487"><ele>-2.414</ele><time>2025-01-16T11:48:48Z</time><speed>2.317</speed><sat>22</sat></trkpt>
  <trkpt lat="10.77603867" lon="106.70126354"><ele>-2.297</ele><time>2025-01-16T11:48:49Z</time><speed>2.329</speed><sat>21</sat></trkpt>
  <trkpt lat="10.77602187" lon="106.70128176"><ele>-2.129</ele><time>2025-01-16T11:48:50Z</time><speed>2.354</speed><sat>21</sat></trkpt>
  <trkpt lat="10.77600719" lon="106.70129708"><ele>-2.089</ele><time>2025-01-16T11:48:51Z</time><speed>2.370</speed><sat>20</sat></trkpt>
  <trkpt lat="10.77599142" lon="106.70131372"><ele>-2.036</ele><time>2025-01-16T11:48:52Z</time><speed>2.434</speed><sat>20</sat></trkpt>
  <trkpt lat="10.77597463" lon="106.70132924"><ele>-1.969</ele><time>2025-01-16T11:48:53Z</time><speed>2.257</speed><sat>20</sat></trkpt>
  <trkpt lat="10.77596009" lon="106.70134552"><ele>-1.933</ele><time>2025-01-16T11:48:54Z</time><speed>2.324</speed><sat>20</sat></trkpt>
  <trkpt lat="10.77594405" lon="106.70136114"><ele>-1.846</ele><time>2025-01-16T11:48:55Z</time><speed>2.434</speed><sat>21</sat></trkpt>
  <trkpt lat="10.77592887" lon="106.70137631"><ele>-1.974</ele><time>2025-01-16T11:48:56Z</time><speed>2.471</speed><sat>21</sat></trkpt>
  <trkpt lat="10.77591465" lon="106.70139105"><ele>-1.924</ele><time>2025-01-16T11:48:57Z</time><speed>2.299</speed><sat>21</sat></trkpt>
  <trkpt lat="10.77590128" lon="106.70140492"><ele>-1.898</ele><time>2025-01-16T11:48:58Z</time><speed>1.924</speed><sat>20</sat></trkpt>
  <trkpt lat="10.77589100" lon="106.70141612"><ele>-1.955</ele><time>2025-01-16T11:48:59Z</time><speed>1.685</speed><sat>22</sat></trkpt>
  <trkpt lat="10.77588317" lon="106.70142655"><ele>-1.975</ele><time>2025-01-16T11:49:00Z</time><speed>1.357</speed><sat>22</sat></trkpt>
  <trkpt lat="10.77587585" lon="106.70143513"><ele>-2.004</ele><time>2025-01-16T11:49:01Z</time><speed>1.234</speed><sat>21</sat></trkpt>
  <trkpt lat="10.77586701" lon="106.70144481"><ele>-1.947</ele><time>2025-01-16T11:49:02Z</time><speed>1.372</speed><sat>21</sat></trkpt>
  <trkpt lat="10.77585719" lon="106.70145474"><ele>-1.998</ele><time>2025-01-16T11:49:03Z</time><speed>1.511</speed><sat>21</sat></trkpt>
  <trkpt lat="10.77584788" lon="106.70146533"><ele>-1.947</ele><time>2025-01-16T11:49:04Z</time><speed>1.506</speed><sat>21</sat></trkpt>
  <trkpt lat="10.77583859" lon="106.70147673"><ele>-1.929</ele><time>2025-01-16T11:49:05Z</time><speed>1.576</speed><sat>21</sat></trkpt>
  <trkpt lat="10.77582851" lon="106.70148782"><ele>-1.945</ele><time>2025-01-16T11:49:06Z</time><speed>1.644</speed><sat>21</sat></trkpt>
  <trkpt lat="10.77581979" lon="106.70149802"><ele>-1.941</ele><time>2025-01-16T11:49:07Z</time><speed>1.520</speed><sat>20</sat></trkpt>
  <trkpt lat="10.77581168" lon="106.70150506"><ele>-1.972</ele><time>2025-01-16T11:49:08Z</time><speed>1.213</speed><sat>19</sat></trkpt>
  <trkpt lat="10.77580697" lon="106.70151176"><ele>-1.995</ele><time>2025-01-16T11:49:09Z</time><speed>0.963</speed><sat>19</sat></trkpt>
  <trkpt lat="10.77580231" lon="106.70151585"><ele>-2.065</ele><time>2025-01-16T11:49:10Z</time><speed>0.676</speed><sat>20</sat></trkpt>
  <trkpt lat="10.77579510" lon="106.70152219"><ele>-2.073</ele><time>2025-01-16T11:49:11Z</time><speed>0.423</speed><sat>21</sat></trkpt>
  <trkpt lat="10.77578983" lon="106.70152823"><ele>-2.155</ele><time>2025-01-16T11:49:12Z</time><speed>0.539</speed><sat>22</sat></trkpt>
  <trkpt lat="10.77578235" lon="106.70153656"><ele>-2.025</ele><time>2025-01-16T11:49:13Z</time><speed>0.717</speed><sat>22</sat></trkpt>
  <trkpt lat="10.77576974" lon="106.70154895"><ele>-1.885</ele><time>2025-01-16T11:49:14Z</time><speed>0.822</speed><sat>22</sat></trkpt>
  <trkpt lat="10.77576324" lon="106.70155648"><ele>-1.879</ele><time>2025-01-16T11:49:15Z</time><speed>0.702</speed><sat>23</sat></trkpt>
  <trkpt lat="10.77576238" lon="106.70155947"><ele>-1.618</ele><time>2025-01-16T11:49:16Z</time><speed>0.510</speed><sat>23</sat></trkpt>
  <trkpt lat="10.77576240" lon="106.70156346"><ele>-1.556</ele><time>2025-01-16T11:49:17Z</time><speed>0.497</speed><sat>22</sat></trkpt>
  <trkpt lat="10.77576863" lon="106.70155694"><ele>-1.114</ele><time>2025-01-16T11:49:18Z</time><speed>0.302</speed><sat>22</sat></trkpt>
  <trkpt lat="10.77577204" lon="106.70155580"><ele>-0.832</ele><time>2025-01-16T11:49:19Z</time><speed>0.000</speed><sat>22</sat></trkpt>
  <trkpt lat="10.77577204" lon="106.70155580"><ele>-0.410</ele><time>2025-01-16T11:49:20Z</time><speed>0.000</speed><sat>22</sat></trkpt>
  <trkpt lat="10.77577204" lon="106.70155580"><ele>-0.609</ele><time>2025-01-16T11:49:21Z</time><speed>0.000</speed><sat>22</sat></trkpt>
  <trkpt lat="10.77577204" lon="106.70155580"><ele>-0.646</ele><time>2025-01-16T11:49:22Z</time><speed>0.000</speed><sat>23</sat></trkpt>
  <trkpt lat="10.77577204" lon="106.70155580"><ele>-0.984</ele><time>2025-01-16T11:49:23Z</time><speed>0.000</speed><sat>23</sat></trkpt>
  <trkpt lat="10.77577204" lon="106.70155580"><ele>-1.529</ele><time>2025-01-16T11:49:24Z</time><speed>0.000</speed><sat>23</sat></trkpt>
  <trkpt lat="10.77577204" lon="106.70155580"><ele>-1.650</ele><time>2025-01-16T11:49:25Z</time><speed>0.000</speed><sat>22</sat></trkpt>
  <trkpt lat="10.77577204" lon="106.70155580"><ele>-1.757</ele><time>2025-01-16T11:49:26Z</time><speed>0.000</speed><sat>22</sat></trkpt>
  <trkpt lat="10.77577204" lon="106.70155580"><ele>-1.989</ele><time>2025-01-16T11:49:27Z</time><speed>0.000</speed><sat>24</sat></trkpt>
  <trkpt lat="10.77577204" lon="106.70155580"><ele>-2.025</ele><time>2025-01-16T11:49:28Z</time><speed>0.000</speed><sat>20</sat></trkpt>
  <trkpt lat="10.77577204" lon="106.70155580"><ele>-2.202</ele><time>2025-01-16T11:49:29Z</time><speed>0.000</speed><sat>22</sat></trkpt>
  <trkpt lat="10.77577204" lon="106.70155580"><ele>-2.309</ele><time>2025-01-16T11:49:30Z</time><speed>0.000</speed><sat>22</sat></trkpt>
  <trkpt lat="10.77577204" lon="106.70155580"><ele>-2.406</ele><time>2025-01-16T11:49:31Z</time><speed>0.000</speed><sat>21</sat></trkpt>
  <trkpt lat="10.77577204" lon="106.70155580"><ele>-2.440</ele><time>2025-01-16T11:49:32Z</time><speed>0.000</speed><sat>21</sat></trkpt>
  <trkpt lat="10.77577204" lon="106.70155580"><ele>-2.597</ele><time>2025-01-16T11:49:33Z</time><speed>0.000</speed><sat>21</sat></trkpt>
  <trkpt lat="10.77577204" lon="106.70155580"><ele>-2.599</ele><time>2025-01-16T11:49:34Z</time><speed>0.000</speed><sat>21</sat></trkpt>
  <trkpt lat="10.77577204" lon="106.70155580"><ele>-2.377</ele><time>2025-01-16T11:49:35Z</time><speed>0.000</speed><sat>21</sat></trkpt>
  <trkpt lat="10.77575504" lon="106.70156431"><ele>-2.290</ele><time>2025-01-16T11:49:36Z</time><speed>1.333</speed><sat>21</sat></trkpt>
  <trkpt lat="10.77572363" lon="106.70159774"><ele>-2.256</ele><time>2025-01-16T11:49:38Z</time><speed>2.022</speed><sat>20</sat></trkpt>
  <trkpt lat="10.77571321" lon="106.70160946"><ele>-2.100</ele><time>2025-01-16T11:49:39Z</time><speed>2.172</speed><sat>20</sat></trkpt>
  <trkpt lat="10.77569510" lon="106.70162929"><ele>-1.711</ele><time>2025-01-16T11:49:40Z</time><speed>2.306</speed><sat>23</sat></trkpt>
  <trkpt lat="10.77567901" lon="106.70164826"><ele>-1.616</ele><time>2025-01-16T11:49:41Z</time><speed>2.637</speed><sat>23</sat></trkpt>
  <trkpt lat="10.77566292" lon="106.70166572"><ele>-1.619</ele><time>2025-01-16T11:49:42Z</time><speed>2.941</speed><sat>23</sat></trkpt>
  <trkpt lat="10.77564359" lon="106.70168677"><ele>-1.073</ele><time>2025-01-16T11:49:43Z</time><speed>3.015</speed><sat>23</sat></trkpt>
  <trkpt lat="10.77562299" lon="106.70170809"><ele>-1.197</ele><time>2025-01-16T11:49:44Z</time><speed>3.055</speed><sat>23</sat></trkpt>
  <trkpt lat="10.77560338" lon="106.70172748"><ele>-1.178</ele><time>2025-01-16T11:49:45Z</time><speed>3.178</speed><sat>23</sat></trkpt>
  <trkpt lat="10.77558207" lon="106.70174875"><ele>-1.277</ele><time>2025-01-16T11:49:46Z</time><speed>3.269</speed><sat>24</sat></trkpt>
  <trkpt lat="10.77555987" lon="106.70177094"><ele>-1.308</ele><time>2025-01-16T11:49:47Z</time><speed>3.376</speed><sat>24</sat></trkpt>
  <trkpt lat="10.77553487" lon="106.70179566"><ele>-1.303</ele><time>2025-01-16T11:49:48Z</time><speed>3.828</speed><sat>25</sat></trkpt>
  <trkpt lat="10.77550947" lon="106.70182349"><ele>-1.457</ele><time>2025-01-16T11:49:49Z</time><speed>4.157</speed><sat>28</sat></trkpt>
  <trkpt lat="10.77548438" lon="106.70185399"><ele>-1.384</ele><time>2025-01-16T11:49:50Z</time><speed>4.534</speed><sat>28</sat></trkpt>
  <trkpt lat="10.77545684" lon="106.70188581"><ele>-1.257</ele><time>2025-01-16T11:49:51Z</time><speed>4.658</speed><sat>28</sat></trkpt>
  <trkpt lat="10.77542793" lon="106.70191674"><ele>-1.361</ele><time>2025-01-16T11:49:52Z</time><speed>4.647</speed><sat>29</sat></trkpt>
  <trkpt lat="10.77540006" lon="106.70194549"><ele>-1.395</ele><time>2025-01-16T11:49:53Z</time><speed>4.705</speed><sat>28</sat></trkpt>
  <trkpt lat="10.77537317" lon="106.70197692"><ele>-1.344</ele><time>2025-01-16T11:49:54Z</time><speed>4.808</speed><sat>30</sat></trkpt>
  <trkpt lat="10.77534521" lon="106.70201239"><ele>-1.237</ele><time>2025-01-16T11:49:55Z</time><speed>4.827</speed><sat>26</sat></trkpt>
  <trkpt lat="10.77531551" lon="106.70204899"><ele>-1.231</ele><time>2025-01-16T11:49:56Z</time><speed>4.806</speed><sat>20</sat></trkpt>
  <trkpt lat="10.77528756" lon="106.70208354"><ele>-1.381</ele><time>2025-01-16T11:49:57Z</time><speed>4.652</speed><sat>15</sat></trkpt>
  <trkpt lat="10.77525556" lon="106.70211802"><ele>-1.442</ele><time>2025-01-16T11:49:58Z</time><speed>4.763</speed><sat>11</sat></trkpt>
  <trkpt lat="10.77522388" lon="106.70214861"><ele>-1.495</ele><time>2025-01-16T11:49:59Z</time><speed>4.729</speed><sat>11</sat></trkpt>
  <trkpt lat="10.77519671" lon="106.70217383"><ele>-1.718</ele><time>2025-01-16T11:50:00Z</time><speed>4.620</speed><sat>10</sat></trkpt>
  <trkpt lat="10.77517135" lon="106.70219934"><ele>-1.661</ele><time>2025-01-16T11:50:01Z</time><speed>4.695</speed><sat>9</sat></trkpt>
  <trkpt lat="10.77514449" lon="106.70222655"><ele>-1.922</ele><time>2025-01-16T11:50:02Z</time><speed>4.435</speed><sat>10</sat></trkpt>
  <trkpt lat="10.77511824" lon="106.70225336"><ele>-2.009</ele><time>2025-01-16T11:50:03Z</time><speed>4.428</speed><sat>11</sat></trkpt>
  <trkpt lat="10.77509329" lon="106.70228038"><ele>-2.153</ele><time>2025-01-16T11:50:04Z</time><speed>4.510</speed><sat>11</sat></trkpt>
  <trkpt lat="10.77506536" lon="106.70231222"><ele>-2.273</ele><time>2025-01-16T11:50:05Z</time><speed>4.862</speed><sat>9</sat></trkpt>
  <trkpt lat="10.77503621" lon="106.70234941"><ele>-2.195</ele><time>2025-01-16T11:50:06Z</time><speed>5.044</speed><sat>10</sat></trkpt>
  <trkpt lat="10.77500836" lon="106.70238421"><ele>-2.122</ele><time>2025-01-16T11:50:07Z</time><speed>4.988</speed><sat>8</sat></trkpt>
  <trkpt lat="10.77498170" lon="106.70241420"><ele>-2.404</ele><time>2025-01-16T11:50:08Z</time><speed>4.754</speed><sat>9</sat></trkpt>
  <trkpt lat="10.77494957" lon="106.70244902"><ele>-2.323</ele><time>2025-01-16T11:50:09Z</time><speed>4.941</speed><sat>9</sat></trkpt>
  <trkpt lat="10.77491326" lon="106.70248509"><ele>-2.192</ele><time>2025-01-16T11:50:10Z</time><speed>5.079</speed><sat>8</sat></trkpt>
  <trkpt lat="10.77488023" lon="106.70251906"><ele>-2.295</ele><time>2025-01-16T11:50:11Z</time><speed>5.215</speed><sat>8</sat></trkpt>
  <trkpt lat="10.77484705" lon="106.70255122"><ele>-2.237</ele><time>2025-01-16T11:50:12Z</time><speed>4.939</speed><sat>8</sat></trkpt>
  <trkpt lat="10.77481348" lon="106.70258125"><ele>-2.600</ele><time>2025-01-16T11:50:13Z</time><speed>4.894</speed><sat>8</sat></trkpt>
  <trkpt lat="10.77478578" lon="106.70260910"><ele>-3.063</ele><time>2025-01-16T11:50:14Z</time><speed>4.548</speed><sat>8</sat></trkpt>
  <trkpt lat="10.77475629" lon="106.70263808"><ele>-3.128</ele><time>2025-01-16T11:50:15Z</time><speed>4.329</speed><sat>8</sat></trkpt>
  <trkpt lat="10.77472760" lon="106.70266502"><ele>-3.140</ele><time>2025-01-16T11:50:16Z</time><speed>4.199</speed><sat>7</sat></trkpt>
  <trkpt lat="10.77469957" lon="106.70269133"><ele>-3.265</ele><time>2025-01-16T11:50:17Z</time><speed>4.205</speed><sat>7</sat></trkpt>
  <trkpt lat="10.77466982" lon="106.70271684"><ele>-3.401</ele><time>2025-01-16T11:50:18Z</time><speed>4.196</speed><sat>7</sat></trkpt>
  <trkpt lat="10.77464200" lon="106.70274158"><ele>-3.360</ele><time>2025-01-16T11:50:19Z</time><speed>4.005</speed><sat>6</sat></trkpt>
  <trkpt lat="10.77461116" lon="106.70276098"><ele>-3.294</ele><time>2025-01-16T11:50:20Z</time><speed>3.942</speed><sat>6</sat></trkpt>
  <trkpt lat="10.77458177" lon="106.70278093"><ele>-3.101</ele><time>2025-01-16T11:50:21Z</time><speed>3.963</speed><sat>6</sat></trkpt>
  <trkpt lat="10.77455056" lon="106.70280303"><ele>-3.062</ele><time>2025-01-16T11:50:22Z</time><speed>3.913</speed><sat>5</sat></trkpt>
  <trkpt lat="10.77451900" lon="106.70282465"><ele>-3.025</ele><time>2025-01-16T11:50:23Z</time><speed>3.969</speed><sat>7</sat></trkpt>
  <trkpt lat="10.77449197" lon="106.70284249"><ele>-3.413</ele><time>2025-01-16T11:50:24Z</time><speed>3.963</speed><sat>7</sat></trkpt>
  <trkpt lat="10.77446178" lon="106.70286149"><ele>-3.439</ele><time>2025-01-16T11:50:25Z</time><speed>3.826</speed><sat>7</sat></trkpt>
  <trkpt lat="10.77442711" lon="106.70287898"><ele>-3.561</ele><time>2025-01-16T11:50:26Z</time><speed>3.847</speed><sat>8</sat></trkpt>
  <trkpt lat="10.77439218" lon="106.70290359"><ele>-3.282</ele><time>2025-01-16T11:50:27Z</time><speed>3.894</speed><sat>8</sat></trkpt>
  <trkpt lat="10.77436566" lon="106.70292691"><ele>-2.844</ele><time>2025-01-16T11:50:28Z</time><speed>3.760</speed><sat>6</sat></trkpt>
  <trkpt lat="10.77433898" lon="106.70295306"><ele>-2.410</ele><time>2025-01-16T11:50:29Z</time><speed>3.814</speed><sat>7</sat></trkpt>
  <trkpt lat="10.77431300" lon="106.70298367"><ele>-2.010</ele><time>2025-01-16T11:50:30Z</time><speed>3.797</speed><sat>6</sat></trkpt>
  <trkpt lat="10.77428397" lon="106.70300442"><ele>-1.827</ele><time>2025-01-16T11:50:31Z</time><speed>3.726</speed><sat>6</sat></trkpt>
  <trkpt lat="10.77425554" lon="106.70302475"><ele>-1.756</ele><time>2025-01-16T11:50:32Z</time><speed>3.636</speed><sat>7</sat></trkpt>
  <trkpt lat="10.77423009" lon="106.70304735"><ele>-1.632</ele><time>2025-01-16T11:50:33Z</time><speed>3.617</speed><sat>7</sat></trkpt>
  <trkpt lat="10.77420772" lon="106.70307165"><ele>-1.695</ele><time>2025-01-16T11:50:34Z</time><speed>3.610</speed><sat>7</sat></trkpt>
  <trkpt lat="10.77418821" lon="106.70309458"><ele>-2.112</ele><time>2025-01-16T11:50:35Z</time><speed>3.596</speed><sat>6</sat></trkpt>
  <trkpt lat="10.77416985" lon="106.70311892"><ele>-2.006</ele><time>2025-01-16T11:50:36Z</time><speed>3.556</speed><sat>6</sat></trkpt>
  <trkpt lat="10.77417663" lon="106.70316331"><ele>0.439</ele><time>2025-01-16T11:50:37Z</time><speed>3.500</speed><sat>7</sat></trkpt>
  <trkpt lat="10.77418250" lon="106.70320836"><ele>-2.128</ele><time>2025-01-16T11:50:38Z</time><speed>3.175</speed><sat>16</sat></trkpt>
  <trkpt lat="10.77417321" lon="106.70324793"><ele>-4.293</ele><time>2025-01-16T11:50:39Z</time><speed>3.129</speed><sat>21</sat></trkpt>
  <trkpt lat="10.77414867" lon="106.70329444"><ele>-1.596</ele><time>2025-01-16T11:50:40Z</time><speed>3.139</speed><sat>19</sat></trkpt>
  <trkpt lat="10.77413034" lon="106.70332773"><ele>-1.554</ele><time>2025-01-16T11:50:41Z</time><speed>2.954</speed><sat>20</sat></trkpt>
  <trkpt lat="10.77410717" lon="106.70335236"><ele>-0.456</ele><time>2025-01-16T11:50:42Z</time><speed>3.035</speed><sat>22</sat></trkpt>
  <trkpt lat="10.77408381" lon="106.70337852"><ele>-0.106</ele><time>2025-01-16T11:50:43Z</time><speed>3.389</speed><sat>21</sat></trkpt>
  <trkpt lat="10.77406144" lon="106.70340894"><ele>-1.680</ele><time>2025-01-16T11:50:44Z</time><speed>3.506</speed><sat>19</sat></trkpt>
  <trkpt lat="10.77404587" lon="106.70343311"><ele>-1.573</ele><time>2025-01-16T11:50:45Z</time><speed>3.632</speed><sat>20</sat></trkpt>
  <trkpt lat="10.77402805" lon="106.70346273"><ele>-0.604</ele><time>2025-01-16T11:50:46Z</time><speed>3.553</speed><sat>21</sat></trkpt>
  <trkpt lat="10.77401144" lon="106.70348411"><ele>-0.921</ele><time>2025-01-16T11:50:47Z</time><speed>3.750</speed><sat>20</sat></trkpt>
  <trkpt lat="10.77398373" lon="106.70351104"><ele>-1.967</ele><time>2025-01-16T11:50:48Z</time><speed>4.169</speed><sat>22</sat></trkpt>
  <trkpt lat="10.77395690" lon="106.70353744"><ele>-2.273</ele><time>2025-01-16T11:50:49Z</time><speed>4.235</speed><sat>19</sat></trkpt>
  <trkpt lat="10.77392840" lon="106.70356815"><ele>-2.106</ele><time>2025-01-16T11:50:50Z</time><speed>4.365</speed><sat>22</sat></trkpt>
  <trkpt lat="10.77389830" lon="106.70359522"><ele>-2.055</ele><time>2025-01-16T11:50:51Z</time><speed>4.486</speed><sat>22</sat></trkpt>
  <trkpt lat="10.77386960" lon="106.70362267"><ele>-1.706</ele><time>2025-01-16T11:50:52Z</time><speed>4.542</speed><sat>25</sat></trkpt>
  <trkpt lat="10.77383972" lon="106.70365298"><ele>-1.530</ele><time>2025-01-16T11:50:53Z</time><speed>4.573</speed><sat>26</sat></trkpt>
  <trkpt lat="10.77381172" lon="106.70368533"><ele>-1.394</ele><time>2025-01-16T11:50:54Z</time><speed>4.702</speed><sat>26</sat></trkpt>
  <trkpt lat="10.77378299" lon="106.70371714"><ele>-0.924</ele><time>2025-01-16T11:50:55Z</time><speed>4.734</speed><sat>26</sat></trkpt>
  <trkpt lat="10.77375412" lon="106.70375064"><ele>-0.404</ele><time>2025-01-16T11:50:56Z</time><speed>4.644</speed><sat>26</sat></trkpt>
  <trkpt lat="10.77372787" lon="106.70378497"><ele>-0.115</ele><time>2025-01-16T11:50:57Z</time><speed>4.616</speed><sat>26</sat></trkpt>
  <trkpt lat="10.77370007" lon="106.70381763"><ele>-0.038</ele><time>2025-01-16T11:50:58Z</time><speed>4.666</speed><sat>27</sat></trkpt>
  <trkpt lat="10.77367190" lon="106.70384900"><ele>0.056</ele><time>2025-01-16T11:50:59Z</time><speed>4.580</speed><sat>25</sat></trkpt>
  <trkpt lat="10.77364376" lon="106.70388060"><ele>0.220</ele><time>2025-01-16T11:51:00Z</time><speed>4.548</speed><sat>25</sat></trkpt>
  <trkpt lat="10.77361567" lon="106.70391261"><ele>0.153</ele><time>2025-01-16T11:51:01Z</time><speed>4.594</speed><sat>28</sat></trkpt>
  <trkpt lat="10.77358694" lon="106.70394421"><ele>-0.005</ele><time>2025-01-16T11:51:02Z</time><speed>4.578</speed><sat>22</sat></trkpt>
  <trkpt lat="10.77355593" lon="106.70397313"><ele>0.039</ele><time>2025-01-16T11:51:03Z</time><speed>4.662</speed><sat>26</sat></trkpt>
  <trkpt lat="10.77352742" lon="106.70400157"><ele>-0.224</ele><time>2025-01-16T11:51:04Z</time><speed>4.571</speed><sat>25</sat></trkpt>
  <trkpt lat="10.77350005" lon="106.70402927"><ele>-0.432</ele><time>2025-01-16T11:51:05Z</time><speed>4.529</speed><sat>25</sat></trkpt>
  <trkpt lat="10.77347128" lon="106.70405798"><ele>-0.764</ele><time>2025-01-16T11:51:06Z</time><speed>4.625</speed><sat>24</sat></trkpt>
  <trkpt lat="10.77344316" lon="106.70408512"><ele>-0.994</ele><time>2025-01-16T11:51:07Z</time><speed>4.606</speed><sat>25</sat></trkpt>
  <trkpt lat="10.77341370" lon="106.70411562"><ele>-1.099</ele><time>2025-01-16T11:51:08Z</time><speed>4.683</speed><sat>27</sat></trkpt>
  <trkpt lat="10.77338524" lon="106.70414683"><ele>-1.210</ele><time>2025-01-16T11:51:09Z</time><speed>4.630</speed><sat>24</sat></trkpt>
  <trkpt lat="10.77335782" lon="106.70417698"><ele>-1.048</ele><time>2025-01-16T11:51:10Z</time><speed>4.494</speed><sat>24</sat></trkpt>
  <trkpt lat="10.77332780" lon="106.70420924"><ele>-0.897</ele><time>2025-01-16T11:51:11Z</time><speed>4.440</speed><sat>22</sat></trkpt>
  <trkpt lat="10.77330173" lon="106.70423839"><ele>-0.733</ele><time>2025-01-16T11:51:12Z</time><speed>4.529</speed><sat>22</sat></trkpt>
  <trkpt lat="10.77327420" lon="106.70426728"><ele>-0.483</ele><time>2025-01-16T11:51:13Z</time><speed>4.532</speed><sat>20</sat></trkpt>
  <trkpt lat="10.77324912" lon="106.70429501"><ele>-0.506</ele><time>2025-01-16T11:51:14Z</time><speed>4.452</speed><sat>16</sat></trkpt>
  <trkpt lat="10.77322734" lon="106.70432371"><ele>-0.660</ele><time>2025-01-16T11:51:15Z</time><speed>4.222</speed><sat>18</sat></trkpt>
  <trkpt lat="10.77319973" lon="106.70435673"><ele>-0.945</ele><time>2025-01-16T11:51:16Z</time><speed>4.256</speed><sat>17</sat></trkpt>
  <trkpt lat="10.77317328" lon="106.70438828"><ele>-0.899</ele><time>2025-01-16T11:51:17Z</time><speed>3.935</speed><sat>18</sat></trkpt>
  <trkpt lat="10.77314817" lon="106.70441844"><ele>-0.958</ele><time>2025-01-16T11:51:18Z</time><speed>3.587</speed><sat>18</sat></trkpt>
  <trkpt lat="10.77312624" lon="106.70444215"><ele>-0.946</ele><time>2025-01-16T11:51:19Z</time><speed>3.650</speed><sat>17</sat></trkpt>
  <trkpt lat="10.77309960" lon="106.70446166"><ele>-1.066</ele><time>2025-01-16T11:51:20Z</time><speed>3.025</speed><sat>17</sat></trkpt>
  <trkpt lat="10.77307583" lon="106.70447692"><ele>-1.198</ele><time>2025-01-16T11:51:21Z</time><speed>3.037</speed><sat>17</sat></trkpt>
  <trkpt lat="10.77306169" lon="106.70449751"><ele>-0.979</ele><time>2025-01-16T11:51:22Z</time><speed>2.918</speed><sat>17</sat></trkpt>
  <trkpt lat="10.77305025" lon="106.70451978"><ele>-1.477</ele><time>2025-01-16T11:51:23Z</time><speed>2.695</speed><sat>18</sat></trkpt>
  <trkpt lat="10.77303496" lon="106.70453440"><ele>-1.837</ele><time>2025-01-16T11:51:24Z</time><speed>2.364</speed><sat>19</sat></trkpt>
  <trkpt lat="10.77302413" lon="106.70454765"><ele>-1.894</ele><time>2025-01-16T11:51:25Z</time><speed>1.720</speed><sat>20</sat></trkpt>
  <trkpt lat="10.77301865" lon="106.70455787"><ele>-1.933</ele><time>2025-01-16T11:51:26Z</time><speed>1.250</speed><sat>21</sat></trkpt>
  <trkpt lat="10.77301068" lon="106.70456372"><ele>-1.811</ele><time>2025-01-16T11:51:27Z</time><speed>1.041</speed><sat>21</sat></trkpt>
  <trkpt lat="10.77300516" lon="106.70456702"><ele>-1.728</ele><time>2025-01-16T11:51:28Z</time><speed>0.558</speed><sat>21</sat></trkpt>
  <trkpt lat="10.77300394" lon="106.70457049"><ele>-1.649</ele><time>2025-01-16T11:51:29Z</time><speed>0.436</speed><sat>21</sat></trkpt>
  <trkpt lat="10.77300266" lon="106.70457186"><ele>-1.848</ele><time>2025-01-16T11:51:30Z</time><speed>0.000</speed><sat>22</sat></trkpt>
  <trkpt lat="10.77300266" lon="106.70457186"><ele>-2.210</ele><time>2025-01-16T11:51:31Z</time><speed>0.000</speed><sat>21</sat></trkpt>
  <trkpt lat="10.77300211" lon="106.70457121"><ele>-2.212</ele><time>2025-01-16T11:51:32Z</time><speed>0.354</speed><sat>21</sat></trkpt>
  <trkpt lat="10.77300057" lon="106.70457495"><ele>-2.025</ele><time>2025-01-16T11:51:33Z</time><speed>0.619</speed><sat>20</sat></trkpt>
  <trkpt lat="10.77299729" lon="106.70457876"><ele>-2.077</ele><time>2025-01-16T11:51:34Z</time><speed>0.320</speed><sat>20</sat></trkpt>
  <trkpt lat="10.77299384" lon="106.70458315"><ele>-1.982</ele><time>2025-01-16T11:51:35Z</time><speed>0.575</speed><sat>21</sat></trkpt>
  <trkpt lat="10.77298882" lon="106.70458930"><ele>-1.817</ele><time>2025-01-16T11:51:36Z</time><speed>0.954</speed><sat>21</sat></trkpt>
  <trkpt lat="10.77297861" lon="106.70459862"><ele>-1.931</ele><time>2025-01-16T11:51:37Z</time><speed>1.326</speed><sat>19</sat></trkpt>
  <trkpt lat="10.77296681" lon="106.70461070"><ele>-1.918</ele><time>2025-01-16T11:51:38Z</time><speed>1.767</speed><sat>19</sat></trkpt>
  <trkpt lat="10.77295222" lon="106.70462586"><ele>-1.820</ele><time>2025-01-16T11:51:39Z</time><speed>2.308</speed><sat>19</sat></trkpt>
  <trkpt lat="10.77293500" lon="106.70464295"><ele>-1.826</ele><time>2025-01-16T11:51:40Z</time><speed>2.657</speed><sat>19</sat></trkpt>
  <trkpt lat="10.77291800" lon="106.70466230"><ele>-1.702</ele><time>2025-01-16T11:51:41Z</time><speed>2.903</speed><sat>19</sat></trkpt>
  <trkpt lat="10.77289855" lon="106.70468247"><ele>-1.772</ele><time>2025-01-16T11:51:42Z</time><speed>3.068</speed><sat>16</sat></trkpt>
  <trkpt lat="10.77287822" lon="106.70470423"><ele>-1.670</ele><time>2025-01-16T11:51:43Z</time><speed>3.270</speed><sat>15</sat></trkpt>
  <trkpt lat="10.77285597" lon="106.70472682"><ele>-1.624</ele><time>2025-01-16T11:51:44Z</time><speed>3.441</speed><sat>16</sat></trkpt>
  <trkpt lat="10.77283441" lon="106.70474946"><ele>-1.537</ele><time>2025-01-16T11:51:45Z</time><speed>3.495</speed><sat>17</sat></trkpt>
  <trkpt lat="10.77280790" lon="106.70477564"><ele>-1.530</ele><time>2025-01-16T11:51:46Z</time><speed>3.932</speed><sat>17</sat></trkpt>
  <trkpt lat="10.77278294" lon="106.70480129"><ele>-1.446</ele><time>2025-01-16T11:51:47Z</time><speed>4.063</speed><sat>17</sat></trkpt>
  <trkpt lat="10.77275546" lon="106.70483082"><ele>-1.429</ele><time>2025-01-16T11:51:48Z</time><speed>4.254</speed><sat>17</sat></trkpt>
  <trkpt lat="10.77273163" lon="106.70485958"><ele>-1.311</ele><time>2025-01-16T11:51:49Z</time><speed>4.417</speed><sat>17</sat></trkpt>
  <trkpt lat="10.77270649" lon="106.70488857"><ele>-1.543</ele><time>2025-01-16T11:51:50Z</time><speed>4.177</speed><sat>16</sat></trkpt>
  <trkpt lat="10.77267666" lon="106.70491970"><ele>-1.567</ele><time>2025-01-16T11:51:51Z</time><speed>4.205</speed><sat>18</sat></trkpt>
  <trkpt lat="10.77264769" lon="106.70494639"><ele>-1.578</ele><time>2025-01-16T11:51:52Z</time><speed>4.225</speed><sat>20</sat></trkpt>
  <trkpt lat="10.77261980" lon="106.70497590"><ele>-1.567</ele><time>2025-01-16T11:51:53Z</time><speed>4.397</speed><sat>21</sat></trkpt>
  <trkpt lat="10.77259193" lon="106.70500431"><ele>-1.630</ele><time>2025-01-16T11:51:54Z</time><speed>4.416</speed><sat>17</sat></trkpt>
  <trkpt lat="10.77256433" lon="106.70503400"><ele>-1.619</ele><time>2025-01-16T11:51:55Z</time><speed>4.479</speed><sat>19</sat></trkpt>
  <trkpt lat="10.77253529" lon="106.70506529"><ele>-1.579</ele><time>2025-01-16T11:51:56Z</time><speed>4.421</speed><sat>22</sat></trkpt>
  <trkpt lat="10.77250550" lon="106.70509884"><ele>-1.442</ele><time>2025-01-16T11:51:57Z</time><speed>4.477</speed><sat>22</sat></trkpt>
  <trkpt lat="10.77248020" lon="106.70512771"><ele>-1.470</ele><time>2025-01-16T11:51:58Z</time><speed>4.559</speed><sat>24</sat></trkpt>
  <trkpt lat="10.77245212" lon="106.70515862"><ele>-2.126</ele><time>2025-01-16T11:51:59Z</time><speed>4.364</speed><sat>22</sat></trkpt>
  <trkpt lat="10.77242408" lon="106.70518494"><ele>-2.378</ele><time>2025-01-16T11:52:00Z</time><speed>4.345</speed><sat>23</sat></trkpt>
  <trkpt lat="10.77240001" lon="106.70521477"><ele>-2.451</ele><time>2025-01-16T11:52:01Z</time><speed>4.258</speed><sat>22</sat></trkpt>
  <trkpt lat="10.77237156" lon="106.70524235"><ele>-2.383</ele><time>2025-01-16T11:52:02Z</time><speed>4.218</speed><sat>22</sat></trkpt>
  <trkpt lat="10.77234629" lon="106.70527167"><ele>-2.105</ele><time>2025-01-16T11:52:03Z</time><speed>4.305</speed><sat>21</sat></trkpt>
  <trkpt lat="10.77232127" lon="106.70529936"><ele>-1.904</ele><time>2025-01-16T11:52:04Z</time><speed>4.309</speed><sat>20</sat></trkpt>
  <trkpt lat="10.77229558" lon="106.70532773"><ele>-1.863</ele><time>2025-01-16T11:52:05Z</time><speed>4.297</speed><sat>20</sat></trkpt>
  <trkpt lat="10.77227187" lon="106.70535375"><ele>-1.931</ele><time>2025-01-16T11:52:06Z</time><speed>4.403</speed><sat>23</sat></trkpt>
  <trkpt lat="10.77224918" lon="106.70538083"><ele>-1.866</ele><time>2025-01-16T11:52:07Z</time><speed>4.378</speed><sat>19</sat></trkpt>
  <trkpt lat="10.77222314" lon="106.70541067"><ele>-1.869</ele><time>2025-01-16T11:52:08Z</time><speed>4.459</speed><sat>18</sat></trkpt>
  <trkpt lat="10.77219716" lon="106.70543998"><ele>-1.919</ele><time>2025-01-16T11:52:09Z</time><speed>4.343</speed><sat>21</sat></trkpt>
  <trkpt lat="10.77217020" lon="106.70547016"><ele>-1.881</ele><time>2025-01-16T11:52:10Z</time><speed>4.282</speed><sat>19</sat></trkpt>
  <trkpt lat="10.77214264" lon="106.70550057"><ele>-1.882</ele><time>2025-01-16T11:52:11Z</time><speed>4.390</speed><sat>17</sat></trkpt>
  <trkpt lat="10.77211270" lon="106.70553081"><ele>-1.765</ele><time>2025-01-16T11:52:12Z</time><speed>4.485</speed><sat>17</sat></trkpt>
  <trkpt lat="10.77208490" lon="106.70556173"><ele>-1.807</ele><time>2025-01-16T11:52:13Z</time><speed>4.566</speed><sat>16</sat></trkpt>
  <trkpt lat="10.77205700" lon="106.70559310"><ele>-1.857</ele><time>2025-01-16T11:52:14Z</time><speed>4.605</speed><sat>16</sat></trkpt>
  <trkpt lat="10.77202720" lon="106.70562504"><ele>-1.765</ele><time>2025-01-16T11:52:15Z</time><speed>4.527</speed><sat>14</sat></trkpt>
  <trkpt lat="10.77200042" lon="106.70565299"><ele>-1.688</ele><time>2025-01-16T11:52:16Z</time><speed>4.454</speed><sat>15</sat></trkpt>
  <trkpt lat="10.77197233" lon="106.70568222"><ele>-1.639</ele><time>2025-01-16T11:52:17Z</time><speed>4.492</speed><sat>15</sat></trkpt>
  <trkpt lat="10.77194260" lon="106.70571114"><ele>-1.467</ele><time>2025-01-16T11:52:18Z</time><speed>4.569</speed><sat>16</sat></trkpt>
  <trkpt lat="10.77191197" lon="106.70574126"><ele>-1.338</ele><time>2025-01-16T11:52:19Z</time><speed>4.558</speed><sat>16</sat></trkpt>
  <trkpt lat="10.77188025" lon="106.70577268"><ele>-0.916</ele><time>2025-01-16T11:52:20Z</time><speed>4.682</speed><sat>16</sat></trkpt>
  <trkpt lat="10.77185196" lon="106.70580542"><ele>-0.805</ele><time>2025-01-16T11:52:21Z</time><speed>4.625</speed><sat>17</sat></trkpt>
  <trkpt lat="10.77182393" lon="106.70583778"><ele>-0.842</ele><time>2025-01-16T11:52:22Z</time><speed>4.590</speed><sat>17</sat></trkpt>
  <trkpt lat="10.77179402" lon="106.70586854"><ele>-0.777</ele><time>2025-01-16T11:52:23Z</time><speed>4.643</speed><sat>17</sat></trkpt>
  <trkpt lat="10.77176444" lon="106.70590048"><ele>-0.682</ele><time>2025-01-16T11:52:24Z</time><speed>4.619</speed><sat>18</sat></trkpt>
  <trkpt lat="10.77174121" lon="106.70593057"><ele>-0.758</ele><time>2025-01-16T11:52:25Z</time><speed>4.736</speed><sat>18</sat></trkpt>
  <trkpt lat="10.77171614" lon="106.70596367"><ele>-0.817</ele><time>2025-01-16T11:52:26Z</time><speed>4.663</speed><sat>19</sat></trkpt>
  <trkpt lat="10.77168829" lon="106.70599651"><ele>-0.619</ele><time>2025-01-16T11:52:27Z</time><speed>4.681</speed><sat>19</sat></trkpt>
  <trkpt lat="10.77165908" lon="106.70603155"><ele>-0.719</ele><time>2025-01-16T11:52:28Z</time><speed>4.316</speed><sat>19</sat></trkpt>
  <trkpt lat="10.77163447" lon="106.70606221"><ele>-0.892</ele><time>2025-01-16T11:52:29Z</time><speed>4.139</speed><sat>18</sat></trkpt>
  <trkpt lat="10.77161094" lon="106.70609175"><ele>-0.873</ele><time>2025-01-16T11:52:30Z</time><speed>3.956</speed><sat>18</sat></trkpt>
  <trkpt lat="10.77158882" lon="106.70611801"><ele>-0.954</ele><time>2025-01-16T11:52:31Z</time><speed>3.568</speed><sat>18</sat></trkpt>
  <trkpt lat="10.77156798" lon="106.70614196"><ele>-0.923</ele><time>2025-01-16T11:52:32Z</time><speed>3.376</speed><sat>16</sat></trkpt>
  <trkpt lat="10.77154964" lon="106.70616677"><ele>-0.956</ele><time>2025-01-16T11:52:33Z</time><speed>3.353</speed><sat>17</sat></trkpt>
  <trkpt lat="10.77153153" lon="106.70618987"><ele>-0.775</ele><time>2025-01-16T11:52:34Z</time><speed>3.250</speed><sat>18</sat></trkpt>
  <trkpt lat="10.77151547" lon="106.70621102"><ele>-0.736</ele><time>2025-01-16T11:52:35Z</time><speed>2.977</speed><sat>18</sat></trkpt>
  <trkpt lat="10.77149982" lon="106.70623172"><ele>-0.702</ele><time>2025-01-16T11:52:36Z</time><speed>2.805</speed><sat>18</sat></trkpt>
  <trkpt lat="10.77148576" lon="106.70625055"><ele>-0.686</ele><time>2025-01-16T11:52:37Z</time><speed>2.649</speed><sat>17</sat></trkpt>
  <trkpt lat="10.77146790" lon="106.70626885"><ele>-0.623</ele><time>2025-01-16T11:52:38Z</time><speed>2.809</speed><sat>18</sat></trkpt>
  <trkpt lat="10.77144540" lon="106.70628142"><ele>-0.569</ele><time>2025-01-16T11:52:39Z</time><speed>2.917</speed><sat>21</sat></trkpt>
  <trkpt lat="10.77141881" lon="106.70628622"><ele>-0.714</ele><time>2025-01-16T11:52:40Z</time><speed>3.087</speed><sat>20</sat></trkpt>
  <trkpt lat="10.77138949" lon="106.70629148"><ele>-0.589</ele><time>2025-01-16T11:52:41Z</time><speed>3.445</speed><sat>22</sat></trkpt>
  <trkpt lat="10.77135818" lon="106.70629773"><ele>-0.672</ele><time>2025-01-16T11:52:42Z</time><speed>3.653</speed><sat>22</sat></trkpt>
  <trkpt lat="10.77132307" lon="106.70629992"><ele>-0.683</ele><time>2025-01-16T11:52:43Z</time><speed>3.859</speed><sat>19</sat></trkpt>
  <trkpt lat="10.77128676" lon="106.70629919"><ele>-0.481</ele><time>2025-01-16T11:52:44Z</time><speed>4.160</speed><sat>19</sat></trkpt>
  <trkpt lat="10.77124181" lon="106.70630005"><ele>-0.429</ele><time>2025-01-16T11:52:45Z</time><speed>4.517</speed><sat>19</sat></trkpt>
  <trkpt lat="10.77119643" lon="106.70629178"><ele>-1.009</ele><time>2025-01-16T11:52:46Z</time><speed>4.858</speed><sat>21</sat></trkpt>
  <trkpt lat="10.77113806" lon="106.70628614"><ele>-1.454</ele><time>2025-01-16T11:52:47Z</time><speed>5.719</speed><sat>21</sat></trkpt>
  <trkpt lat="10.77108032" lon="106.70627842"><ele>-1.874</ele><time>2025-01-16T11:52:48Z</time><speed>5.999</speed><sat>21</sat></trkpt>
  <trkpt lat="10.77102324" lon="106.70626885"><ele>-2.424</ele><time>2025-01-16T11:52:49Z</time><speed>6.259</speed><sat>22</sat></trkpt>
  <trkpt lat="10.77096565" lon="106.70626265"><ele>-2.246</ele><time>2025-01-16T11:52:50Z</time><speed>6.314</speed><sat>23</sat></trkpt>
  <trkpt lat="10.77090677" lon="106.70625503"><ele>-2.752</ele><time>2025-01-16T11:52:51Z</time><speed>6.342</speed><sat>23</sat></trkpt>
  <trkpt lat="10.77084851" lon="106.70625166"><ele>-2.678</ele><time>2025-01-16T11:52:52Z</time><speed>6.449</speed><sat>21</sat></trkpt>
  <trkpt lat="10.77079035" lon="106.70624928"><ele>-2.640</ele><time>2025-01-16T11:52:53Z</time><speed>6.426</speed><sat>19</sat></trkpt>
  <trkpt lat="10.77073197" lon="106.70624470"><ele>-2.553</ele><time>2025-01-16T11:52:54Z</time><speed>6.469</speed><sat>19</sat></trkpt>
  <trkpt lat="10.77067151" lon="106.70623643"><ele>-2.717</ele><time>2025-01-16T11:52:55Z</time><speed>6.554</speed><sat>18</sat></trkpt>
  <trkpt lat="10.77061261" lon="106.70622964"><ele>-2.482</ele><time>2025-01-16T11:52:56Z</time><speed>6.542</speed><sat>19</sat></trkpt>
  <trkpt lat="10.77055312" lon="106.70622077"><ele>-2.465</ele><time>2025-01-16T11:52:57Z</time><speed>6.670</speed><sat>20</sat></trkpt>
  <trkpt lat="10.77049265" lon="106.70621048"><ele>-2.410</ele><time>2025-01-16T11:52:58Z</time><speed>6.871</speed><sat>20</sat></trkpt>
  <trkpt lat="10.77042964" lon="106.70619944"><ele>-1.878</ele><time>2025-01-16T11:52:59Z</time><speed>7.024</speed><sat>20</sat></trkpt>
  <trkpt lat="10.77036633" lon="106.70618578"><ele>-1.986</ele><time>2025-01-16T11:53:00Z</time><speed>7.111</speed><sat>18</sat></trkpt>
  <trkpt lat="10.77030259" lon="106.70617123"><ele>-2.024</ele><time>2025-01-16T11:53:01Z</time><speed>7.118</speed><sat>20</sat></trkpt>
  <trkpt lat="10.77024454" lon="106.70615767"><ele>-1.977</ele><time>2025-01-16T11:53:02Z</time><speed>7.203</speed><sat>20</sat></trkpt>
  <trkpt lat="10.77018102" lon="106.70613719"><ele>-1.453</ele><time>2025-01-16T11:53:03Z</time><speed>7.148</speed><sat>19</sat></trkpt>
  <trkpt lat="10.77011408" lon="106.70611502"><ele>-0.954</ele><time>2025-01-16T11:53:04Z</time><speed>7.155</speed><sat>21</sat></trkpt>
  <trkpt lat="10.77005516" lon="106.70609431"><ele>-0.745</ele><time>2025-01-16T11:53:05Z</time><speed>6.928</speed><sat>20</sat></trkpt>
  <trkpt lat="10.76999735" lon="106.70607392"><ele>-0.402</ele><time>2025-01-16T11:53:06Z</time><speed>6.839</speed><sat>20</sat></trkpt>
  <trkpt lat="10.76993568" lon="106.70605285"><ele>-0.421</ele><time>2025-01-16T11:53:07Z</time><speed>6.834</speed><sat>18</sat></trkpt>
  <trkpt lat="10.76987043" lon="106.70602929"><ele>-0.403</ele><time>2025-01-16T11:53:08Z</time><speed>6.907</speed><sat>19</sat></trkpt>
  <trkpt lat="10.76981644" lon="106.70600564"><ele>-0.031</ele><time>2025-01-16T11:53:09Z</time><speed>6.740</speed><sat>16</sat></trkpt>
  <trkpt lat="10.76977074" lon="106.70598358"><ele>0.117</ele><time>2025-01-16T11:53:10Z</time><speed>6.929</speed><sat>16</sat></trkpt>
  <trkpt lat="10.76971906" lon="106.70595797"><ele>0.250</ele><time>2025-01-16T11:53:11Z</time><speed>6.864</speed><sat>15</sat></trkpt>
  <trkpt lat="10.76966908" lon="106.70593123"><ele>0.261</ele><time>2025-01-16T11:53:12Z</time><speed>6.803</speed><sat>15</sat></trkpt>
  <trkpt lat="10.76961493" lon="106.70589783"><ele>-0.200</ele><time>2025-01-16T11:53:13Z</time><speed>6.828</speed><sat>15</sat></trkpt>
  <trkpt lat="10.76956106" lon="106.70586480"><ele>-0.050</ele><time>2025-01-16T11:53:14Z</time><speed>7.060</speed><sat>14</sat></trkpt>
  <trkpt lat="10.76950797" lon="106.70583407"><ele>-0.027</ele><time>2025-01-16T11:53:15Z</time><speed>6.642</speed><sat>13</sat></trkpt>
  <trkpt lat="10.76945871" lon="106.70580306"><ele>-0.203</ele><time>2025-01-16T11:53:16Z</time><speed>6.338</speed><sat>14</sat></trkpt>
  <trkpt lat="10.76941210" lon="106.70577455"><ele>-0.861</ele><time>2025-01-16T11:53:17Z</time><speed>6.009</speed><sat>14</sat></trkpt>
  <trkpt lat="10.76936587" lon="106.70574849"><ele>-0.946</ele><time>2025-01-16T11:53:18Z</time><speed>5.594</speed><sat>14</sat></trkpt>
  <trkpt lat="10.76931297" lon="106.70572118"><ele>-0.653</ele><time>2025-01-16T11:53:19Z</time><speed>5.707</speed><sat>12</sat></trkpt>
  <trkpt lat="10.76926410" lon="106.70569678"><ele>-0.167</ele><time>2025-01-16T11:53:20Z</time><speed>5.493</speed><sat>11</sat></trkpt>
  <trkpt lat="10.76921015" lon="106.70567403"><ele>0.256</ele><time>2025-01-16T11:53:21Z</time><speed>5.575</speed><sat>12</sat></trkpt>
  <trkpt lat="10.76913875" lon="106.70564682"><ele>1.230</ele><time>2025-01-16T11:53:22Z</time><speed>6.485</speed><sat>15</sat></trkpt>
  <trkpt lat="10.76907602" lon="106.70562377"><ele>2.184</ele><time>2025-01-16T11:53:23Z</time><speed>6.981</speed><sat>14</sat></trkpt>
  <trkpt lat="10.76901489" lon="106.70560394"><ele>2.526</ele><time>2025-01-16T11:53:24Z</time><speed>7.170</speed><sat>13</sat></trkpt>
  <trkpt lat="10.76895902" lon="106.70559034"><ele>1.370</ele><time>2025-01-16T11:53:25Z</time><speed>6.904</speed><sat>15</sat></trkpt>
  <trkpt lat="10.76889822" lon="106.70557381"><ele>1.933</ele><time>2025-01-16T11:53:26Z</time><speed>6.836</speed><sat>16</sat></trkpt>
  <trkpt lat="10.76883200" lon="106.70556157"><ele>2.956</ele><time>2025-01-16T11:53:27Z</time><speed>6.979</speed><sat>20</sat></trkpt>
  <trkpt lat="10.76876384" lon="106.70555150"><ele>3.107</ele><time>2025-01-16T11:53:28Z</time><speed>7.163</speed><sat>20</sat></trkpt>
  <trkpt lat="10.76870247" lon="106.70555354"><ele>3.800</ele><time>2025-01-16T11:53:29Z</time><speed>6.747</speed><sat>19</sat></trkpt>
  <trkpt lat="10.76864464" lon="106.70555419"><ele>4.299</ele><time>2025-01-16T11:53:30Z</time><speed>6.549</speed><sat>20</sat></trkpt>
  <trkpt lat="10.76858894" lon="106.70556099"><ele>4.707</ele><time>2025-01-16T11:53:31Z</time><speed>6.377</speed><sat>22</sat></trkpt>
  <trkpt lat="10.76853520" lon="106.70556902"><ele>4.830</ele><time>2025-01-16T11:53:32Z</time><speed>6.344</speed><sat>21</sat></trkpt>
  <trkpt lat="10.76848031" lon="106.70558068"><ele>4.360</ele><time>2025-01-16T11:53:33Z</time><speed>6.393</speed><sat>19</sat></trkpt>
  <trkpt lat="10.76842537" lon="106.70559523"><ele>3.875</ele><time>2025-01-16T11:53:34Z</time><speed>6.393</speed><sat>19</sat></trkpt>
  <trkpt lat="10.76836767" lon="106.70561261"><ele>4.353</ele><time>2025-01-16T11:53:35Z</time><speed>6.648</speed><sat>18</sat></trkpt>
  <trkpt lat="10.76830802" lon="106.70563305"><ele>3.813</ele><time>2025-01-16T11:53:36Z</time><speed>6.848</speed><sat>19</sat></trkpt>
  <trkpt lat="10.76825209" lon="106.70565422"><ele>3.162</ele><time>2025-01-16T11:53:37Z</time><speed>7.086</speed><sat>17</sat></trkpt>
  <trkpt lat="10.76819055" lon="106.70567692"><ele>3.119</ele><time>2025-01-16T11:53:38Z</time><speed>7.210</speed><sat>18</sat></trkpt>
  <trkpt lat="10.76813117" lon="106.70570223"><ele>2.951</ele><time>2025-01-16T11:53:39Z</time><speed>7.319</speed><sat>19</sat></trkpt>
  <trkpt lat="10.76806920" lon="106.70573000"><ele>3.365</ele><time>2025-01-16T11:53:40Z</time><speed>7.429</speed><sat>18</sat></trkpt>
  <trkpt lat="10.76800433" lon="106.70576342"><ele>3.207</ele><time>2025-01-16T11:53:41Z</time><speed>7.536</speed><sat>21</sat></trkpt>
  <trkpt lat="10.76794448" lon="106.70579230"><ele>1.943</ele><time>2025-01-16T11:53:42Z</time><speed>7.623</speed><sat>18</sat></trkpt>
  <trkpt lat="10.76788145" lon="106.70582624"><ele>1.845</ele><time>2025-01-16T11:53:43Z</time><speed>7.752</speed><sat>19</sat></trkpt>
  <trkpt lat="10.76781927" lon="106.70586426"><ele>1.214</ele><time>2025-01-16T11:53:44Z</time><speed>8.134</speed><sat>21</sat></trkpt>
  <trkpt lat="10.76775573" lon="106.70590632"><ele>0.730</ele><time>2025-01-16T11:53:45Z</time><speed>8.616</speed><sat>20</sat></trkpt>
  <trkpt lat="10.76769292" lon="106.70594194"><ele>0.950</ele><time>2025-01-16T11:53:46Z</time><speed>8.795</speed><sat>18</sat></trkpt>
  <trkpt lat="10.76763053" lon="106.70597474"><ele>0.834</ele><time>2025-01-16T11:53:47Z</time><speed>8.820</speed><sat>19</sat></trkpt>
  <trkpt lat="10.76756097" lon="106.70601977"><ele>0.269</ele><time>2025-01-16T11:53:48Z</time><speed>9.182</speed><sat>18</sat></trkpt>
  <trkpt lat="10.76749484" lon="106.70606534"><ele>0.140</ele><time>2025-01-16T11:53:49Z</time><speed>9.293</speed><sat>17</sat></trkpt>
  <trkpt lat="10.76742804" lon="106.70609945"><ele>-0.140</ele><time>2025-01-16T11:53:50Z</time><speed>9.270</speed><sat>17</sat></trkpt>
  <trkpt lat="10.76736411" lon="106.70612951"><ele>-0.344</ele><time>2025-01-16T11:53:51Z</time><speed>8.773</speed><sat>19</sat></trkpt>
  <trkpt lat="10.76730354" lon="106.70615685"><ele>-0.883</ele><time>2025-01-16T11:53:52Z</time><speed>8.406</speed><sat>17</sat></trkpt>
  <trkpt lat="10.76725849" lon="106.70616969"><ele>-0.834</ele><time>2025-01-16T11:53:53Z</time><speed>7.182</speed><sat>18</sat></trkpt>
  <trkpt lat="10.76721148" lon="106.70619617"><ele>-0.032</ele><time>2025-01-16T11:53:54Z</time><speed>6.530</speed><sat>19</sat></trkpt>
  <trkpt lat="10.76716649" lon="106.70622533"><ele>1.086</ele><time>2025-01-16T11:53:55Z</time><speed>5.964</speed><sat>19</sat></trkpt>
  <trkpt lat="10.76712174" lon="106.70625742"><ele>2.845</ele><time>2025-01-16T11:53:56Z</time><speed>5.667</speed><sat>18</sat></trkpt>
  <trkpt lat="10.76707738" lon="106.70628076"><ele>2.684</ele><time>2025-01-16T11:53:57Z</time><speed>5.345</speed><sat>16</sat></trkpt>
  <trkpt lat="10.76703361" lon="106.70630108"><ele>2.625</ele><time>2025-01-16T11:53:58Z</time><speed>4.984</speed><sat>17</sat></trkpt>
  <trkpt lat="10.76699710" lon="106.70632198"><ele>2.547</ele><time>2025-01-16T11:53:59Z</time><speed>4.529</speed><sat>18</sat></trkpt>
  <trkpt lat="10.76696253" lon="106.70634187"><ele>2.552</ele><time>2025-01-16T11:54:00Z</time><speed>3.994</speed><sat>18</sat></trkpt>
  <trkpt lat="10.76692441" lon="106.70635451"><ele>2.254</ele><time>2025-01-16T11:54:01Z</time><speed>3.968</speed><sat>18</sat></trkpt>
  <trkpt lat="10.76688967" lon="106.70636702"><ele>2.129</ele><time>2025-01-16T11:54:02Z</time><speed>3.557</speed><sat>16</sat></trkpt>
  <trkpt lat="10.76685910" lon="106.70637615"><ele>2.042</ele><time>2025-01-16T11:54:03Z</time><speed>3.355</speed><sat>17</sat></trkpt>
  <trkpt lat="10.76682954" lon="106.70638448"><ele>2.136</ele><time>2025-01-16T11:54:04Z</time><speed>3.286</speed><sat>17</sat></trkpt>
  <trkpt lat="10.76679896" lon="106.70638872"><ele>2.100</ele><time>2025-01-16T11:54:05Z</time><speed>3.196</speed><sat>16</sat></trkpt>
  <trkpt lat="10.76677297" lon="106.70639173"><ele>1.830</ele><time>2025-01-16T11:54:06Z</time><speed>3.232</speed><sat>17</sat></trkpt>
  <trkpt lat="10.76674680" lon="106.70638199"><ele>1.543</ele><time>2025-01-16T11:54:07Z</time><speed>3.019</speed><sat>20</sat></trkpt>
  <trkpt lat="10.76672344" lon="106.70636112"><ele>1.703</ele><time>2025-01-16T11:54:08Z</time><speed>2.931</speed><sat>17</sat></trkpt>
  <trkpt lat="10.76670325" lon="106.70633533"><ele>1.404</ele><time>2025-01-16T11:54:09Z</time><speed>2.680</speed><sat>15</sat></trkpt>
  <trkpt lat="10.76668177" lon="106.70630771"><ele>1.375</ele><time>2025-01-16T11:54:10Z</time><speed>2.297</speed><sat>16</sat></trkpt>
  <trkpt lat="10.76666862" lon="106.70628297"><ele>1.198</ele><time>2025-01-16T11:54:11Z</time><speed>2.346</speed><sat>16</sat></trkpt>
  <trkpt lat="10.76664202" lon="106.70624072"><ele>0.684</ele><time>2025-01-16T11:54:12Z</time><speed>2.823</speed><sat>15</sat></trkpt>
  <trkpt lat="10.76662251" lon="106.70619764"><ele>-0.183</ele><time>2025-01-16T11:54:13Z</time><speed>3.280</speed><sat>13</sat></trkpt>
  <trkpt lat="10.76660408" lon="106.70614876"><ele>0.211</ele><time>2025-01-16T11:54:14Z</time><speed>3.611</speed><sat>15</sat></trkpt>
  <trkpt lat="10.76655809" lon="106.70607379"><ele>-0.180</ele><time>2025-01-16T11:54:15Z</time><speed>5.427</speed><sat>15</sat></trkpt>
  <trkpt lat="10.76652942" lon="106.70601654"><ele>-0.150</ele><time>2025-01-16T11:54:16Z</time><speed>5.945</speed><sat>16</sat></trkpt>
  <trkpt lat="10.76651131" lon="106.70595708"><ele>-0.212</ele><time>2025-01-16T11:54:17Z</time><speed>6.174</speed><sat>16</sat></trkpt>
  <trkpt lat="10.76649291" lon="106.70589619"><ele>-0.217</ele><time>2025-01-16T11:54:18Z</time><speed>6.459</speed><sat>16</sat></trkpt>
  <trkpt lat="10.76646975" lon="106.70583681"><ele>-0.180</ele><time>2025-01-16T11:54:19Z</time><speed>6.586</speed><sat>15</sat></trkpt>
  <trkpt lat="10.76643955" lon="106.70577908"><ele>-1.047</ele><time>2025-01-16T11:54:20Z</time><speed>6.861</speed><sat>15</sat></trkpt>
  <trkpt lat="10.76640712" lon="106.70572495"><ele>-0.617</ele><time>2025-01-16T11:54:21Z</time><speed>6.858</speed><sat>16</sat></trkpt>
  <trkpt lat="10.76637843" lon="106.70566420"><ele>-0.581</ele><time>2025-01-16T11:54:22Z</time><speed>6.990</speed><sat>17</sat></trkpt>
  <trkpt lat="10.76635396" lon="106.70560549"><ele>-0.587</ele><time>2025-01-16T11:54:23Z</time><speed>6.885</speed><sat>18</sat></trkpt>
  <trkpt lat="10.76632441" lon="106.70554891"><ele>-0.506</ele><time>2025-01-16T11:54:24Z</time><speed>6.829</speed><sat>17</sat></trkpt>
  <trkpt lat="10.76630809" lon="106.70548608"><ele>-0.133</ele><time>2025-01-16T11:54:25Z</time><speed>6.648</speed><sat>20</sat></trkpt>
  <trkpt lat="10.76628073" lon="106.70542216"><ele>0.115</ele><time>2025-01-16T11:54:26Z</time><speed>6.521</speed><sat>18</sat></trkpt>
  <trkpt lat="10.76625837" lon="106.70536230"><ele>0.980</ele><time>2025-01-16T11:54:27Z</time><speed>6.327</speed><sat>23</sat></trkpt>
  <trkpt lat="10.76623991" lon="106.70530604"><ele>1.762</ele><time>2025-01-16T11:54:28Z</time><speed>6.291</speed><sat>20</sat></trkpt>
  <trkpt lat="10.76620757" lon="106.70525462"><ele>2.728</ele><time>2025-01-16T11:54:29Z</time><speed>6.211</speed><sat>18</sat></trkpt>
  <trkpt lat="10.76617802" lon="106.70520322"><ele>3.337</ele><time>2025-01-16T11:54:30Z</time><speed>6.079</speed><sat>22</sat></trkpt>
  <trkpt lat="10.76614856" lon="106.70515335"><ele>4.076</ele><time>2025-01-16T11:54:31Z</time><speed>6.082</speed><sat>22</sat></trkpt>
  <trkpt lat="10.76611650" lon="106.70510213"><ele>4.265</ele><time>2025-01-16T11:54:32Z</time><speed>6.260</speed><sat>17</sat></trkpt>
  <trkpt lat="10.76608819" lon="106.70504708"><ele>4.306</ele><time>2025-01-16T11:54:33Z</time><speed>6.356</speed><sat>19</sat></trkpt>
  <trkpt lat="10.76606440" lon="106.70499223"><ele>4.056</ele><time>2025-01-16T11:54:34Z</time><speed>6.297</speed><sat>20</sat></trkpt>
  <trkpt lat="10.76604219" lon="106.70492685"><ele>4.059</ele><time>2025-01-16T11:54:35Z</time><speed>6.548</speed><sat>17</sat></trkpt>
  <trkpt lat="10.76602117" lon="106.70487353"><ele>3.657</ele><time>2025-01-16T11:54:36Z</time><speed>6.347</speed><sat>17</sat></trkpt>
  <trkpt lat="10.76600083" lon="106.70482085"><ele>3.806</ele><time>2025-01-16T11:54:37Z</time><speed>6.038</speed><sat>18</sat></trkpt>
  <trkpt lat="10.76599242" lon="106.70477473"><ele>4.002</ele><time>2025-01-16T11:54:38Z</time><speed>5.488</speed><sat>19</sat></trkpt>
  <trkpt lat="10.76597542" lon="106.70473285"><ele>3.104</ele><time>2025-01-16T11:54:39Z</time><speed>4.797</speed><sat>17</sat></trkpt>
  <trkpt lat="10.76595394" lon="106.70469550"><ele>2.724</ele><time>2025-01-16T11:54:40Z</time><speed>3.803</speed><sat>18</sat></trkpt>
  <trkpt lat="10.76593971" lon="106.70466745"><ele>2.755</ele><time>2025-01-16T11:54:41Z</time><speed>2.791</speed><sat>16</sat></trkpt>
  <trkpt lat="10.76590600" lon="106.70462212"><ele>0.530</ele><time>2025-01-16T11:54:42Z</time><speed>3.703</speed><sat>18</sat></trkpt>
  <trkpt lat="10.76588390" lon="106.70460274"><ele>0.817</ele><time>2025-01-16T11:54:43Z</time><speed>3.543</speed><sat>20</sat></trkpt>
  <trkpt lat="10.76586025" lon="106.70458793"><ele>1.046</ele><time>2025-01-16T11:54:44Z</time><speed>3.436</speed><sat>23</sat></trkpt>
  <trkpt lat="10.76588853" lon="106.70462285"><ele>3.533</ele><time>2025-01-16T11:54:45Z</time><speed>0.529</speed><sat>18</sat></trkpt>
  <trkpt lat="10.76581517" lon="106.70460026"><ele>0.991</ele><time>2025-01-16T11:54:46Z</time><speed>3.539</speed><sat>19</sat></trkpt>
  <trkpt lat="10.76578110" lon="106.70461510"><ele>0.578</ele><time>2025-01-16T11:54:47Z</time><speed>3.672</speed><sat>18</sat></trkpt>
  <trkpt lat="10.76574553" lon="106.70463076"><ele>0.536</ele><time>2025-01-16T11:54:48Z</time><speed>3.971</speed><sat>17</sat></trkpt>
  <trkpt lat="10.76577907" lon="106.70469207"><ele>0.932</ele><time>2025-01-16T11:54:49Z</time><speed>4.825</speed><sat>14</sat></trkpt>
  <trkpt lat="10.76574609" lon="106.70473373"><ele>0.237</ele><time>2025-01-16T11:54:50Z</time><speed>5.846</speed><sat>12</sat></trkpt>
  <trkpt lat="10.76571084" lon="106.70477902"><ele>-0.369</ele><time>2025-01-16T11:54:51Z</time><speed>6.753</speed><sat>13</sat></trkpt>
  <trkpt lat="10.76567176" lon="106.70482987"><ele>-0.921</ele><time>2025-01-16T11:54:52Z</time><speed>7.590</speed><sat>11</sat></trkpt>
  <trkpt lat="10.76562578" lon="106.70488626"><ele>-1.097</ele><time>2025-01-16T11:54:53Z</time><speed>8.250</speed><sat>11</sat></trkpt>
  <trkpt lat="10.76557722" lon="106.70494023"><ele>-0.846</ele><time>2025-01-16T11:54:54Z</time><speed>8.716</speed><sat>10</sat></trkpt>
  <trkpt lat="10.76552525" lon="106.70498604"><ele>-0.531</ele><time>2025-01-16T11:54:55Z</time><speed>8.922</speed><sat>12</sat></trkpt>
  <trkpt lat="10.76546860" lon="106.70502234"><ele>-0.714</ele><time>2025-01-16T11:54:56Z</time><speed>8.885</speed><sat>10</sat></trkpt>
  <trkpt lat="10.76540631" lon="106.70505632"><ele>-0.132</ele><time>2025-01-16T11:54:57Z</time><speed>8.884</speed><sat>9</sat></trkpt>
  <trkpt lat="10.76534632" lon="106.70508166"><ele>0.761</ele><time>2025-01-16T11:54:58Z</time><speed>8.702</speed><sat>10</sat></trkpt>
  <trkpt lat="10.76529056" lon="106.70509058"><ele>2.040</ele><time>2025-01-16T11:54:59Z</time><speed>8.145</speed><sat>13</sat></trkpt>
  <trkpt lat="10.76523901" lon="106.70511208"><ele>2.903</ele><time>2025-01-16T11:55:00Z</time><speed>7.686</speed><sat>13</sat></trkpt>
  <trkpt lat="10.76518374" lon="106.70514192"><ele>3.017</ele><time>2025-01-16T11:55:01Z</time><speed>7.507</speed><sat>17</sat></trkpt>
  <trkpt lat="10.76512162" lon="106.70515942"><ele>2.488</ele><time>2025-01-16T11:55:02Z</time><speed>7.260</speed><sat>16</sat></trkpt>
  <trkpt lat="10.76495627" lon="106.70499665"><ele>2.082</ele><time>2025-01-16T11:55:03Z</time><speed>6.680</speed><sat>15</sat></trkpt>
  <trkpt lat="10.76490465" lon="106.70502584"><ele>2.339</ele><time>2025-01-16T11:55:04Z</time><speed>6.640</speed><sat>18</sat></trkpt>
  <trkpt lat="10.76485348" lon="106.70504710"><ele>1.575</ele><time>2025-01-16T11:55:05Z</time><speed>6.487</speed><sat>18</sat></trkpt>
  <trkpt lat="10.76479933" lon="106.70506528"><ele>1.637</ele><time>2025-01-16T11:55:06Z</time><speed>6.465</speed><sat>17</sat></trkpt>
  <trkpt lat="10.76474565" lon="106.70508924"><ele>1.996</ele><time>2025-01-16T11:55:07Z</time><speed>6.377</speed><sat>19</sat></trkpt>
  <trkpt lat="10.76470140" lon="106.70511342"><ele>2.753</ele><time>2025-01-16T11:55:08Z</time><speed>5.893</speed><sat>18</sat></trkpt>
  <trkpt lat="10.76465264" lon="106.70513387"><ele>3.140</ele><time>2025-01-16T11:55:09Z</time><speed>5.697</speed><sat>17</sat></trkpt>
  <trkpt lat="10.76460233" lon="106.70515035"><ele>3.215</ele><time>2025-01-16T11:55:10Z</time><speed>5.572</speed><sat>17</sat></trkpt>
  <trkpt lat="10.76456158" lon="106.70516833"><ele>3.508</ele><time>2025-01-16T11:55:11Z</time><speed>5.194</speed><sat>17</sat></trkpt>
  <trkpt lat="10.76452723" lon="106.70518621"><ele>3.939</ele><time>2025-01-16T11:55:12Z</time><speed>4.702</speed><sat>16</sat></trkpt>
  <trkpt lat="10.76449175" lon="106.70520629"><ele>4.052</ele><time>2025-01-16T11:55:13Z</time><speed>4.134</speed><sat>17</sat></trkpt>
  <trkpt lat="10.76446186" lon="106.70522991"><ele>4.023</ele><time>2025-01-16T11:55:14Z</time><speed>3.891</speed><sat>16</sat></trkpt>
  <trkpt lat="10.76443580" lon="106.70525418"><ele>3.675</ele><time>2025-01-16T11:55:15Z</time><speed>3.954</speed><sat>18</sat></trkpt>
  <trkpt lat="10.76441079" lon="106.70528289"><ele>4.047</ele><time>2025-01-16T11:55:16Z</time><speed>4.213</speed><sat>19</sat></trkpt>
  <trkpt lat="10.76438556" lon="106.70531343"><ele>4.060</ele><time>2025-01-16T11:55:17Z</time><speed>4.651</speed><sat>21</sat></trkpt>
  <trkpt lat="10.76435827" lon="106.70535253"><ele>3.693</ele><time>2025-01-16T11:55:18Z</time><speed>4.668</speed><sat>22</sat></trkpt>
  <trkpt lat="10.76433844" lon="106.70538990"><ele>3.443</ele><time>2025-01-16T11:55:19Z</time><speed>4.520</speed><sat>24</sat></trkpt>
  <trkpt lat="10.76432700" lon="106.70543563"><ele>3.368</ele><time>2025-01-16T11:55:20Z</time><speed>4.433</speed><sat>24</sat></trkpt>
  <trkpt lat="10.76432692" lon="106.70547426"><ele>3.293</ele><time>2025-01-16T11:55:21Z</time><speed>4.059</speed><sat>23</sat></trkpt>
  <trkpt lat="10.76436034" lon="106.70552361"><ele>2.684</ele><time>2025-01-16T11:55:22Z</time><speed>5.533</speed><sat>22</sat></trkpt>
  <trkpt lat="10.76439167" lon="106.70558007"><ele>2.081</ele><time>2025-01-16T11:55:23Z</time><speed>5.953</speed><sat>21</sat></trkpt>
  <trkpt lat="10.76442291" lon="106.70563162"><ele>1.557</ele><time>2025-01-16T11:55:24Z</time><speed>6.281</speed><sat>22</sat></trkpt>
  <trkpt lat="10.76445291" lon="106.70568670"><ele>1.349</ele><time>2025-01-16T11:55:25Z</time><speed>6.469</speed><sat>22</sat></trkpt>
  <trkpt lat="10.76447907" lon="106.70574309"><ele>0.934</ele><time>2025-01-16T11:55:26Z</time><speed>6.734</speed><sat>22</sat></trkpt>
  <trkpt lat="10.76450520" lon="106.70580173"><ele>0.904</ele><time>2025-01-16T11:55:27Z</time><speed>6.729</speed><sat>20</sat></trkpt>
  <trkpt lat="10.76453276" lon="106.70586164"><ele>0.568</ele><time>2025-01-16T11:55:28Z</time><speed>6.801</speed><sat>21</sat></trkpt>
  <trkpt lat="10.76456015" lon="106.70591929"><ele>0.579</ele><time>2025-01-16T11:55:29Z</time><speed>6.805</speed><sat>20</sat></trkpt>
  <trkpt lat="10.76458709" lon="106.70597578"><ele>0.633</ele><time>2025-01-16T11:55:30Z</time><speed>6.653</speed><sat>20</sat></trkpt>
  <trkpt lat="10.76461101" lon="106.70603131"><ele>0.720</ele><time>2025-01-16T11:55:31Z</time><speed>6.555</speed><sat>19</sat></trkpt>
  <trkpt lat="10.76463299" lon="106.70608458"><ele>0.877</ele><time>2025-01-16T11:55:32Z</time><speed>6.335</speed><sat>20</sat></trkpt>
  <trkpt lat="10.76465553" lon="106.70613575"><ele>0.804</ele><time>2025-01-16T11:55:33Z</time><speed>6.046</speed><sat>21</sat></trkpt>
  <trkpt lat="10.76467593" lon="106.70618626"><ele>0.964</ele><time>2025-01-16T11:55:34Z</time><speed>5.865</speed><sat>21</sat></trkpt>
  <trkpt lat="10.76469678" lon="106.70623538"><ele>1.173</ele><time>2025-01-16T11:55:35Z</time><speed>5.895</speed><sat>20</sat></trkpt>
  <trkpt lat="10.76471852" lon="106.70628534"><ele>1.078</ele><time>2025-01-16T11:55:36Z</time><speed>5.849</speed><sat>21</sat></trkpt>
  <trkpt lat="10.76473943" lon="106.70633590"><ele>1.219</ele><time>2025-01-16T11:55:37Z</time><speed>5.884</speed><sat>18</sat></trkpt>
  <trkpt lat="10.76475952" lon="106.70638456"><ele>1.142</ele><time>2025-01-16T11:55:38Z</time><speed>5.683</speed><sat>20</sat></trkpt>
  <trkpt lat="10.76477874" lon="106.70643096"><ele>1.123</ele><time>2025-01-16T11:55:39Z</time><speed>5.463</speed><sat>20</sat></trkpt>
  <trkpt lat="10.76479762" lon="106.70647444"><ele>1.059</ele><time>2025-01-16T11:55:40Z</time><speed>5.154</speed><sat>21</sat></trkpt>
  <trkpt lat="10.76481588" lon="106.70651425"><ele>0.880</ele><time>2025-01-16T11:55:41Z</time><speed>4.858</speed><sat>21</sat></trkpt>
  <trkpt lat="10.76483264" lon="106.70654767"><ele>0.797</ele><time>2025-01-16T11:55:42Z</time><speed>4.249</speed><sat>20</sat></trkpt>
  <trkpt lat="10.76484713" lon="106.70657960"><ele>0.689</ele><time>2025-01-16T11:55:43Z</time><speed>4.053</speed><sat>21</sat></trkpt>
  <trkpt lat="10.76485771" lon="106.70660276"><ele>0.668</ele><time>2025-01-16T11:55:44Z</time><speed>3.094</speed><sat>21</sat></trkpt>
  <trkpt lat="10.76486746" lon="106.70662512"><ele>0.697</ele><time>2025-01-16T11:55:45Z</time><speed>2.759</speed><sat>21</sat></trkpt>
  <trkpt lat="10.76487539" lon="106.70664323"><ele>0.700</ele><time>2025-01-16T11:55:46Z</time><speed>2.251</speed><sat>20</sat></trkpt>
  <trkpt lat="10.76488378" lon="106.70666010"><ele>0.715</ele><time>2025-01-16T11:55:47Z</time><speed>2.126</speed><sat>21</sat></trkpt>
  <trkpt lat="10.76488978" lon="106.70667719"><ele>0.778</ele><time>2025-01-16T11:55:48Z</time><speed>1.136</speed><sat>21</sat></trkpt>
  <trkpt lat="10.76489265" lon="106.70668598"><ele>0.787</ele><time>2025-01-16T11:55:49Z</time><speed>0.990</speed><sat>20</sat></trkpt>
  <trkpt lat="10.76488650" lon="106.70668361"><ele>0.190</ele><time>2025-01-16T11:55:50Z</time><speed>0.603</speed><sat>22</sat></trkpt>
  <trkpt lat="10.76490375" lon="106.70668003"><ele>-0.116</ele><time>2025-01-16T11:55:51Z</time><speed>0.619</speed><sat>24</sat></trkpt>
  <trkpt lat="10.76490941" lon="106.70669115"><ele>-0.558</ele><time>2025-01-16T11:55:52Z</time><speed>0.422</speed><sat>24</sat></trkpt>
  <trkpt lat="10.76491182" lon="106.70669915"><ele>-0.191</ele><time>2025-01-16T11:55:53Z</time><speed>0.000</speed><sat>25</sat></trkpt>
  <trkpt lat="10.76491182" lon="106.70669915"><ele>-0.289</ele><time>2025-01-16T11:55:54Z</time><speed>0.000</speed><sat>25</sat></trkpt>
  <trkpt lat="10.76491182" lon="106.70669915"><ele>-0.344</ele><time>2025-01-16T11:55:55Z</time><speed>0.000</speed><sat>25</sat></trkpt>
  <trkpt lat="10.76491182" lon="106.70669915"><ele>-0.299</ele><time>2025-01-16T11:55:56Z</time><speed>0.000</speed><sat>25</sat></trkpt>
  <trkpt lat="10.76491182" lon="106.70669915"><ele>-0.258</ele><time>2025-01-16T11:55:57Z</time><speed>0.000</speed><sat>26</sat></trkpt>
  <trkpt lat="10.76491182" lon="106.70669915"><ele>-0.250</ele><time>2025-01-16T11:55:58Z</time><speed>0.000</speed><sat>24</sat></trkpt>
  <trkpt lat="10.76491182" lon="106.70669915"><ele>-0.279</ele><time>2025-01-16T11:55:59Z</time><speed>0.000</speed><sat>24</sat></trkpt>
  <trkpt lat="10.76491182" lon="106.70669915"><ele>-0.217</ele><time>2025-01-16T11:56:00Z</time><speed>0.000</speed><sat>24</sat></trkpt>
  <trkpt lat="10.76491182" lon="106.70669915"><ele>-0.272</ele><time>2025-01-16T11:56:01Z</time><speed>0.000</speed><sat>24</sat></trkpt>
  <trkpt lat="10.76491182" lon="106.70669915"><ele>-0.225</ele><time>2025-01-16T11:56:02Z</time><speed>0.000</speed><sat>23</sat></trkpt>
  <trkpt lat="10.76491182" lon="106.70669915"><ele>-0.255</ele><time>2025-01-16T11:56:03Z</time><speed>0.000</speed><sat>24</sat></trkpt>
  <trkpt lat="10.76491182" lon="106.70669915"><ele>-0.291</ele><time>2025-01-16T11:56:04Z</time><speed>0.000</speed><sat>22</sat></trkpt>
  <trkpt lat="10.76491182" lon="106.70669915"><ele>-0.448</ele><time>2025-01-16T11:56:05Z</time><speed>0.000</speed><sat>24</sat></trkpt>
  <trkpt lat="10.76491182" lon="106.70669915"><ele>-0.324</ele><time>2025-01-16T11:56:06Z</time><speed>0.000</speed><sat>24</sat></trkpt>
  <trkpt lat="10.76491182" lon="106.70669915"><ele>-0.261</ele><time>2025-01-16T11:56:07Z</time><speed>0.000</speed><sat>23</sat></trkpt>
  <trkpt lat="10.76491182" lon="106.70669915"><ele>-0.205</ele><time>2025-01-16T11:56:08Z</time><speed>0.000</speed><sat>23</sat></trkpt>
  <trkpt lat="10.76491182" lon="106.70669915"><ele>-0.335</ele><time>2025-01-16T11:56:09Z</time><speed>0.000</speed><sat>22</sat></trkpt>
  <trkpt lat="10.76491182" lon="106.70669915"><ele>-0.201</ele><time>2025-01-16T11:56:10Z</time><speed>0.000</speed><sat>21</sat></trkpt>
  <trkpt lat="10.76491182" lon="106.70669915"><ele>-0.141</ele><time>2025-01-16T11:56:11Z</time><speed>0.000</speed><sat>23</sat></trkpt>
  <trkpt lat="10.76491182" lon="106.70669915"><ele>-0.042</ele><time>2025-01-16T11:56:12Z</time><speed>0.000</speed><sat>23</sat></trkpt>
  <trkpt lat="10.76491182" lon="106.70669915"><ele>0.055</ele><time>2025-01-16T11:56:13Z</time><speed>0.000</speed><sat>22</sat></trkpt>
  <trkpt lat="10.76491182" lon="106.70669915"><ele>0.145</ele><time>2025-01-16T11:56:14Z</time><speed>0.000</speed><sat>23</sat></trkpt>
  <trkpt lat="10.76491182" lon="106.70669915"><ele>0.233</ele><time>2025-01-16T11:56:15Z</time><speed>0.000</speed><sat>23</sat></trkpt>
  <trkpt lat="10.76491182" lon="106.70669915"><ele>0.396</ele><time>2025-01-16T11:56:16Z</time><speed>0.000</speed><sat>24</sat></trkpt>
  <trkpt lat="10.76491182" lon="106.70669915"><ele>0.535</ele><time>2025-01-16T11:56:17Z</time><speed>0.000</speed><sat>24</sat></trkpt>
  <trkpt lat="10.76491182" lon="106.70669915"><ele>0.573</ele><time>2025-01-16T11:56:18Z</time><speed>0.000</speed><sat>24</sat></trkpt>
  <trkpt lat="10.76491182" lon="106.70669915"><ele>0.600</ele><time>2025-01-16T11:56:19Z</time><speed>0.000</speed><sat>24</sat></trkpt>
  <trkpt lat="10.76491182" lon="106.70669915"><ele>0.594</ele><time>2025-01-16T11:56:20Z</time><speed>0.000</speed><sat>25</sat></trkpt>
  <trkpt lat="10.76491182" lon="106.70669915"><ele>0.610</ele><time>2025-01-16T11:56:21Z</time><speed>0.000</speed><sat>24</sat></trkpt>
  <trkpt lat="10.76491182" lon="106.70669915"><ele>0.666</ele><time>2025-01-16T11:56:22Z</time><speed>0.000</speed><sat>22</sat></trkpt>
  <trkpt lat="10.76491182" lon="106.70669915"><ele>0.779</ele><time>2025-01-16T11:56:23Z</time><speed>0.000</speed><sat>23</sat></trkpt>
  <trkpt lat="10.76491182" lon="106.70669915"><ele>0.716</ele><time>2025-01-16T11:56:24Z</time><speed>0.000</speed><sat>24</sat></trkpt>
  <trkpt lat="10.76492052" lon="106.70670951"><ele>0.826</ele><time>2025-01-16T11:56:25Z</time><speed>0.527</speed><sat>24</sat></trkpt>
  <trkpt lat="10.76492451" lon="106.70671919"><ele>0.917</ele><time>2025-01-16T11:56:26Z</time><speed>1.073</speed><sat>23</sat></trkpt>
  <trkpt lat="10.76493109" lon="106.70673487"><ele>1.079</ele><time>2025-01-16T11:56:27Z</time><speed>1.780</speed><sat>23</sat></trkpt>
  <trkpt lat="10.76493853" lon="106.70675295"><ele>1.130</ele><time>2025-01-16T11:56:28Z</time><speed>2.076</speed><sat>24</sat></trkpt>
  <trkpt lat="10.76494730" lon="106.70677631"><ele>1.234</ele><time>2025-01-16T11:56:29Z</time><speed>2.516</speed><sat>25</sat></trkpt>
  <trkpt lat="10.76495678" lon="106.70680097"><ele>1.202</ele><time>2025-01-16T11:56:30Z</time><speed>2.755</speed><sat>25</sat></trkpt>
  <trkpt lat="10.76496677" lon="106.70682563"><ele>1.244</ele><time>2025-01-16T11:56:31Z</time><speed>2.717</speed><sat>25</sat></trkpt>
  <trkpt lat="10.76497683" lon="106.70684888"><ele>1.354</ele><time>2025-01-16T11:56:32Z</time><speed>2.600</speed><sat>26</sat></trkpt>
  <trkpt lat="10.76498633" lon="106.70687247"><ele>1.306</ele><time>2025-01-16T11:56:33Z</time><speed>2.662</speed><sat>26</sat></trkpt>
  <trkpt lat="10.76499686" lon="106.70689733"><ele>1.267</ele><time>2025-01-16T11:56:34Z</time><speed>2.858</speed><sat>24</sat></trkpt>
  <trkpt lat="10.76500779" lon="106.70692261"><ele>1.193</ele><time>2025-01-16T11:56:35Z</time><speed>2.893</speed><sat>25</sat></trkpt>
  <trkpt lat="10.76501780" lon="106.70694738"><ele>1.178</ele><time>2025-01-16T11:56:36Z</time><speed>3.043</speed><sat>24</sat></trkpt>
  <trkpt lat="10.76502939" lon="106.70697369"><ele>1.268</ele><time>2025-01-16T11:56:37Z</time><speed>2.851</speed><sat>22</sat></trkpt>
  <trkpt lat="10.76503656" lon="106.70699264"><ele>0.968</ele><time>2025-01-16T11:56:38Z</time><speed>2.146</speed><sat>25</sat></trkpt>
  <trkpt lat="10.76504382" lon="106.70701256"><ele>0.528</ele><time>2025-01-16T11:56:39Z</time><speed>1.661</speed><sat>24</sat></trkpt>
  <trkpt lat="10.76504879" lon="106.70702148"><ele>0.617</ele><time>2025-01-16T11:56:40Z</time><speed>0.941</speed><sat>22</sat></trkpt>
  <trkpt lat="10.76505048" lon="106.70702288"><ele>0.714</ele><time>2025-01-16T11:56:41Z</time><speed>0.000</speed><sat>23</sat></trkpt>
  <trkpt lat="10.76505048" lon="106.70702288"><ele>0.669</ele><time>2025-01-16T11:56:42Z</time><speed>0.000</speed><sat>22</sat></trkpt>
  <trkpt lat="10.76505048" lon="106.70702288"><ele>0.492</ele><time>2025-01-16T11:56:43Z</time><speed>0.000</speed><sat>25</sat></trkpt>
  <trkpt lat="10.76505048" lon="106.70702288"><ele>0.432</ele><time>2025-01-16T11:56:44Z</time><speed>0.000</speed><sat>22</sat></trkpt>
  <trkpt lat="10.76505048" lon="106.70702288"><ele>0.354</ele><time>2025-01-16T11:56:45Z</time><speed>0.000</speed><sat>24</sat></trkpt>
  <trkpt lat="10.76505048" lon="106.70702288"><ele>0.300</ele><time>2025-01-16T11:56:46Z</time><speed>0.000</speed><sat>21</sat></trkpt>
  <trkpt lat="10.76505048" lon="106.70702288"><ele>0.199</ele><time>2025-01-16T11:56:47Z</time><speed>0.000</speed><sat>21</sat></trkpt>
  <trkpt lat="10.76505048" lon="106.70702288"><ele>0.230</ele><time>2025-01-16T11:56:48Z</time><speed>0.000</speed><sat>22</sat></trkpt>
  <trkpt lat="10.76505048" lon="106.70702288"><ele>0.231</ele><time>2025-01-16T11:56:49Z</time><speed>0.000</speed><sat>21</sat></trkpt>
  <trkpt lat="10.76505048" lon="106.70702288"><ele>0.195</ele><time>2025-01-16T11:56:50Z</time><speed>0.000</speed><sat>20</sat></trkpt>
  <trkpt lat="10.76505048" lon="106.70702288"><ele>0.188</ele><time>2025-01-16T11:56:51Z</time><speed>0.000</speed><sat>21</sat></trkpt>
  <trkpt lat="10.76505048" lon="106.70702288"><ele>0.198</ele><time>2025-01-16T11:56:52Z</time><speed>0.000</speed><sat>21</sat></trkpt>
  <trkpt lat="10.76505048" lon="106.70702288"><ele>0.217</ele><time>2025-01-16T11:56:53Z</time><speed>0.000</speed><sat>21</sat></trkpt>
  <trkpt lat="10.76505048" lon="106.70702288"><ele>0.231</ele><time>2025-01-16T11:56:54Z</time><speed>0.000</speed><sat>22</sat></trkpt>
  <trkpt lat="10.76505048" lon="106.70702288"><ele>0.218</ele><time>2025-01-16T11:56:55Z</time><speed>0.000</speed><sat>23</sat></trkpt>
  <trkpt lat="10.76505048" lon="106.70702288"><ele>0.279</ele><time>2025-01-16T11:56:56Z</time><speed>0.000</speed><sat>23</sat></trkpt>
  <trkpt lat="10.76505048" lon="106.70702288"><ele>0.269</ele><time>2025-01-16T11:56:57Z</time><speed>0.000</speed><sat>23</sat></trkpt>
  <trkpt lat="10.76505048" lon="106.70702288"><ele>0.253</ele><time>2025-01-16T11:56:58Z</time><speed>0.000</speed><sat>23</sat></trkpt>
  <trkpt lat="10.76505048" lon="106.70702288"><ele>0.172</ele><time>2025-01-16T11:56:59Z</time><speed>0.000</speed><sat>23</sat></trkpt>
  <trkpt lat="10.76505048" lon="106.70702288"><ele>0.208</ele><time>2025-01-16T11:57:00Z</time><speed>0.000</speed><sat>23</sat></trkpt>
  <trkpt lat="10.76505048" lon="106.70702288"><ele>0.256</ele><time>2025-01-16T11:57:01Z</time><speed>0.000</speed><sat>23</sat></trkpt>
  <trkpt lat="10.76505048" lon="106.70702288"><ele>0.277</ele><time>2025-01-16T11:57:02Z</time><speed>0.000</speed><sat>22</sat></trkpt>
  <trkpt lat="10.76505048" lon="106.70702288"><ele>0.366</ele><time>2025-01-16T11:57:03Z</time><speed>0.000</speed><sat>22</sat></trkpt>
  <trkpt lat="10.76505048" lon="106.70702288"><ele>0.436</ele><time>2025-01-16T11:57:04Z</time><speed>0.000</speed><sat>21</sat></trkpt>
  <trkpt lat="10.76505048" lon="106.70702288"><ele>0.519</ele><time>2025-01-16T11:57:05Z</time><speed>0.000</speed><sat>21</sat></trkpt>
  <trkpt lat="10.76505048" lon="106.70702288"><ele>0.562</ele><time>2025-01-16T11:57:06Z</time><speed>0.000</speed><sat>21</sat></trkpt>
  <trkpt lat="10.76505048" lon="106.70702288"><ele>0.549</ele><time>2025-01-16T11:57:07Z</time><speed>0.000</speed><sat>20</sat></trkpt>
  <trkpt lat="10.76505048" lon="106.70702288"><ele>0.543</ele><time>2025-01-16T11:57:08Z</time><speed>0.000</speed><sat>23</sat></trkpt>
  <trkpt lat="10.76505048" lon="106.70702288"><ele>0.645</ele><time>2025-01-16T11:57:09Z</time><speed>0.000</speed><sat>23</sat></trkpt>
  <trkpt lat="10.76505048" lon="106.70702288"><ele>0.731</ele><time>2025-01-16T11:57:10Z</time><speed>0.000</speed><sat>23</sat></trkpt>
  <trkpt lat="10.76505048" lon="106.70702288"><ele>0.733</ele><time>2025-01-16T11:57:11Z</time><speed>0.000</speed><sat>22</sat></trkpt>
  <trkpt lat="10.76505048" lon="106.70702288"><ele>0.754</ele><time>2025-01-16T11:57:12Z</time><speed>0.000</speed><sat>22</sat></trkpt>
  <trkpt lat="10.76505048" lon="106.70702288"><ele>0.828</ele><time>2025-01-16T11:57:13Z</time><speed>0.000</speed><sat>22</sat></trkpt>
  <trkpt lat="10.76505048" lon="106.70702288"><ele>0.884</ele><time>2025-01-16T11:57:14Z</time><speed>0.000</speed><sat>22</sat></trkpt>
  <trkpt lat="10.76505048" lon="106.70702288"><ele>0.873</ele><time>2025-01-16T11:57:15Z</time><speed>0.000</speed><sat>21</sat></trkpt>
  <trkpt lat="10.76505048" lon="106.70702288"><ele>0.876</ele><time>2025-01-16T11:57:16Z</time><speed>0.000</speed><sat>22</sat></trkpt>
  <trkpt lat="10.76505048" lon="106.70702288"><ele>0.893</ele><time>2025-01-16T11:57:17Z</time><speed>0.000</speed><sat>22</sat></trkpt>
  <trkpt lat="10.76505048" lon="106.70702288"><ele>0.907</ele><time>2025-01-16T11:57:18Z</time><speed>0.000</speed><sat>21</sat></trkpt>
  <trkpt lat="10.76505048" lon="106.70702288"><ele>0.837</ele><time>2025-01-16T11:57:19Z</time><speed>0.000</speed><sat>22</sat></trkpt>
  <trkpt lat="10.76505048" lon="106.70702288"><ele>0.924</ele><time>2025-01-16T11:57:20Z</time><speed>0.000</speed><sat>21</sat></trkpt>
  <trkpt lat="10.76505048" lon="106.70702288"><ele>0.790</ele><time>2025-01-16T11:57:21Z</time><speed>0.000</speed><sat>22</sat></trkpt>
  <trkpt lat="10.76505048" lon="106.70702288"><ele>0.777</ele><time>2025-01-16T11:57:22Z</time><speed>0.000</speed><sat>22</sat></trkpt>
  <trkpt lat="10.76505048" lon="106.70702288"><ele>0.687</ele><time>2025-01-16T11:57:23Z</time><speed>0.000</speed><sat>21</sat></trkpt>
  <trkpt lat="10.76505048" lon="106.70702288"><ele>0.574</ele><time>2025-01-16T11:57:24Z</time><speed>0.000</speed><sat>21</sat></trkpt>
  <trkpt lat="10.76505048" lon="106.70702288"><ele>0.569</ele><time>2025-01-16T11:57:25Z</time><speed>0.000</speed><sat>21</sat></trkpt>
  <trkpt lat="10.76505048" lon="106.70702288"><ele>0.512</ele><time>2025-01-16T11:57:26Z</time><speed>0.000</speed><sat>19</sat></trkpt>
  <trkpt lat="10.76505048" lon="106.70702288"><ele>0.524</ele><time>2025-01-16T11:57:27Z</time><speed>0.000</speed><sat>21</sat></trkpt>
  <trkpt lat="10.76505048" lon="106.70702288"><ele>0.462</ele><time>2025-01-16T11:57:28Z</time><speed>0.000</speed><sat>21</sat></trkpt>
  <trkpt lat="10.76505048" lon="106.70702288"><ele>0.416</ele><time>2025-01-16T11:57:29Z</time><speed>0.000</speed><sat>19</sat></trkpt>
  <trkpt lat="10.76505048" lon="106.70702288"><ele>0.431</ele><time>2025-01-16T11:57:30Z</time><speed>0.000</speed><sat>20</sat></trkpt>
  <trkpt lat="10.76505048" lon="106.70702288"><ele>0.402</ele><time>2025-01-16T11:57:31Z</time><speed>0.000</speed><sat>21</sat></trkpt>
  <trkpt lat="10.76505048" lon="106.70702288"><ele>0.397</ele><time>2025-01-16T11:57:32Z</time><speed>0.000</speed><sat>21</sat></trkpt>
  <trkpt lat="10.76505048" lon="106.70702288"><ele>0.328</ele><time>2025-01-16T11:57:33Z</time><speed>0.000</speed><sat>21</sat></trkpt>
  <trkpt lat="10.76505048" lon="106.70702288"><ele>0.225</ele><time>2025-01-16T11:57:34Z</time><speed>0.000</speed><sat>21</sat></trkpt>
  <trkpt lat="10.76505048" lon="106.70702288"><ele>0.181</ele><time>2025-01-16T11:57:35Z</time><speed>0.000</speed><sat>20</sat></trkpt>
  <trkpt lat="10.76505048" lon="106.70702288"><ele>0.151</ele><time>2025-01-16T11:57:36Z</time><speed>0.000</speed><sat>20</sat></trkpt>
  <trkpt lat="10.76505048" lon="106.70702288"><ele>0.075</ele><time>2025-01-16T11:57:37Z</time><speed>0.000</speed><sat>20</sat></trkpt>
  <trkpt lat="10.76505048" lon="106.70702288"><ele>0.090</ele><time>2025-01-16T11:57:38Z</time><speed>0.000</speed><sat>19</sat></trkpt>
  <trkpt lat="10.76505048" lon="106.70702288"><ele>0.146</ele><time>2025-01-16T11:57:39Z</time><speed>0.000</speed><sat>19</sat></trkpt>
  <trkpt lat="10.76505048" lon="106.70702288"><ele>0.171</ele><time>2025-01-16T11:57:40Z</time><speed>0.000</speed><sat>19</sat></trkpt>
  <trkpt lat="10.76505048" lon="106.70702288"><ele>0.190</ele><time>2025-01-16T11:57:41Z</time><speed>0.000</speed><sat>19</sat></trkpt>
  <trkpt lat="10.76505048" lon="106.70702288"><ele>0.238</ele><time>2025-01-16T11:57:42Z</time><speed>0.000</speed><sat>19</sat></trkpt>
  <trkpt lat="10.76505048" lon="106.70702288"><ele>0.135</ele><time>2025-01-16T11:57:43Z</time><speed>0.000</speed><sat>20</sat></trkpt>
  <trkpt lat="10.76505048" lon="106.70702288"><ele>0.188</ele><time>2025-01-16T11:57:44Z</time><speed>0.000</speed><sat>19</sat></trkpt>
  <trkpt lat="10.76505048" lon="106.70702288"><ele>0.265</ele><time>2025-01-16T11:57:45Z</time><speed>0.000</speed><sat>18</sat></trkpt>
  <trkpt lat="10.76505048" lon="106.70702288"><ele>0.214</ele><time>2025-01-16T11:57:46Z</time><speed>0.000</speed><sat>19</sat></trkpt>
  <trkpt lat="10.76505048" lon="106.70702288"><ele>0.193</ele><time>2025-01-16T11:57:47Z</time><speed>0.000</speed><sat>19</sat></trkpt>
  <trkpt lat="10.76505048" lon="106.70702288"><ele>0.181</ele><time>2025-01-16T11:57:48Z</time><speed>0.000</speed><sat>19</sat></trkpt>
  <trkpt lat="10.76505048" lon="106.70702288"><ele>0.097</ele><time>2025-01-16T11:57:49Z</time><speed>0.000</speed><sat>19</sat></trkpt>
  <trkpt lat="10.76505048" lon="106.70702288"><ele>0.126</ele><time>2025-01-16T11:57:50Z</time><speed>0.000</speed><sat>19</sat></trkpt>
  <trkpt lat="10.76505048" lon="106.70702288"><ele>0.197</ele><time>2025-01-16T11:57:51Z</time><speed>0.000</speed><sat>19</sat></trkpt>
  <trkpt lat="10.76505048" lon="106.70702288"><ele>0.120</ele><time>2025-01-16T11:57:52Z</time><speed>0.000</speed><sat>19</sat></trkpt>
  <trkpt lat="10.76505048" lon="106.70702288"><ele>0.128</ele><time>2025-01-16T11:57:53Z</time><speed>0.000</speed><sat>19</sat></trkpt>
  <trkpt lat="10.76505048" lon="106.70702288"><ele>0.136</ele><time>2025-01-16T11:57:54Z</time><speed>0.000</speed><sat>21</sat></trkpt>
  <trkpt lat="10.76505048" lon="106.70702288"><ele>0.113</ele><time>2025-01-16T11:57:55Z</time><speed>0.000</speed><sat>20</sat></trkpt>
  <trkpt lat="10.76505048" lon="106.70702288"><ele>0.120</ele><time>2025-01-16T11:57:56Z</time><speed>0.000</speed><sat>20</sat></trkpt>
  <trkpt lat="10.76505048" lon="106.70702288"><ele>0.084</ele><time>2025-01-16T11:57:57Z</time><speed>0.000</speed><sat>20</sat></trkpt>
  <trkpt lat="10.76505048" lon="106.70702288"><ele>0.067</ele><time>2025-01-16T11:57:58Z</time><speed>0.000</speed><sat>20</sat></trkpt>
  <trkpt lat="10.76505048" lon="106.70702288"><ele>0.034</ele><time>2025-01-16T11:57:59Z</time><speed>0.000</speed><sat>19</sat></trkpt>
  <trkpt lat="10.76505048" lon="106.70702288"><ele>0.012</ele><time>2025-01-16T11:58:00Z</time><speed>0.000</speed><sat>19</sat></trkpt>
  <trkpt lat="10.76505048" lon="106.70702288"><ele>-0.095</ele><time>2025-01-16T11:58:01Z</time><speed>0.000</speed><sat>19</sat></trkpt>
  <trkpt lat="10.76505048" lon="106.70702288"><ele>-0.107</ele><time>2025-01-16T11:58:02Z</time><speed>0.000</speed><sat>19</sat></trkpt>
  <trkpt lat="10.76505048" lon="106.70702288"><ele>-0.146</ele><time>2025-01-16T11:58:03Z</time><speed>0.000</speed><sat>19</sat></trkpt>
  <trkpt lat="10.76505048" lon="106.70702288"><ele>-0.188</ele><time>2025-01-16T11:58:04Z</time><speed>0.000</speed><sat>19</sat></trkpt>
  <trkpt lat="10.76505048" lon="106.70702288"><ele>-0.243</ele><time>2025-01-16T11:58:05Z</time><speed>0.000</speed><sat>20</sat></trkpt>
  <trkpt lat="10.76505048" lon="106.70702288"><ele>-0.276</ele><time>2025-01-16T11:58:06Z</time><speed>0.000</speed><sat>19</sat></trkpt>
  <trkpt lat="10.76505048" lon="106.70702288"><ele>-0.262</ele><time>2025-01-16T11:58:07Z</time><speed>0.000</speed><sat>23</sat></trkpt>
  <trkpt lat="10.76505048" lon="106.70702288"><ele>-0.276</ele><time>2025-01-16T11:58:08Z</time><speed>0.000</speed><sat>26</sat></trkpt>
  <trkpt lat="10.76505048" lon="106.70702288"><ele>-0.369</ele><time>2025-01-16T11:58:09Z</time><speed>0.000</speed><sat>25</sat></trkpt>
  <trkpt lat="10.76505048" lon="106.70702288"><ele>-0.693</ele><time>2025-01-16T11:58:10Z</time><speed>0.000</speed><sat>26</sat></trkpt>
  <trkpt lat="10.76505048" lon="106.70702288"><ele>-0.617</ele><time>2025-01-16T11:58:11Z</time><speed>0.000</speed><sat>28</sat></trkpt>
  <trkpt lat="10.76505048" lon="106.70702288"><ele>-0.877</ele><time>2025-01-16T11:58:12Z</time><speed>0.000</speed><sat>28</sat></trkpt>
  <trkpt lat="10.76505048" lon="106.70702288"><ele>-0.882</ele><time>2025-01-16T11:58:13Z</time><speed>0.000</speed><sat>28</sat></trkpt>
  <trkpt lat="10.76505548" lon="106.70702210"><ele>-0.916</ele><time>2025-01-16T11:58:14Z</time><speed>0.430</speed><sat>27</sat></trkpt>
  <trkpt lat="10.76505711" lon="106.70703070"><ele>-1.367</ele><time>2025-01-16T11:58:15Z</time><speed>1.068</speed><sat>28</sat></trkpt>
  <trkpt lat="10.76506348" lon="106.70704456"><ele>-1.340</ele><time>2025-01-16T11:58:16Z</time><speed>1.744</speed><sat>28</sat></trkpt>
  <trkpt lat="10.76507208" lon="106.70706107"><ele>-1.404</ele><time>2025-01-16T11:58:17Z</time><speed>2.176</speed><sat>28</sat></trkpt>
  <trkpt lat="10.76508321" lon="106.70707993"><ele>-1.312</ele><time>2025-01-16T11:58:18Z</time><speed>2.461</speed><sat>28</sat></trkpt>
  <trkpt lat="10.76509549" lon="106.70709875"><ele>-1.114</ele><time>2025-01-16T11:58:19Z</time><speed>2.569</speed><sat>28</sat></trkpt>
  <trkpt lat="10.76511242" lon="106.70711710"><ele>-0.961</ele><time>2025-01-16T11:58:20Z</time><speed>2.954</speed><sat>29</sat></trkpt>
  <trkpt lat="10.76513302" lon="106.70713645"><ele>-0.941</ele><time>2025-01-16T11:58:21Z</time><speed>3.215</speed><sat>28</sat></trkpt>
  <trkpt lat="10.76515877" lon="106.70715381"><ele>-1.145</ele><time>2025-01-16T11:58:22Z</time><speed>3.584</speed><sat>27</sat></trkpt>
  <trkpt lat="10.76519014" lon="106.70716643"><ele>-1.278</ele><time>2025-01-16T11:58:23Z</time><speed>3.755</speed><sat>29</sat></trkpt>
  <trkpt lat="10.76522473" lon="106.70717340"><ele>-1.531</ele><time>2025-01-16T11:58:24Z</time><speed>3.969</speed><sat>28</sat></trkpt>
  <trkpt lat="10.76526217" lon="106.70717511"><ele>-1.733</ele><time>2025-01-16T11:58:25Z</time><speed>4.175</speed><sat>28</sat></trkpt>
  <trkpt lat="10.76530141" lon="106.70717311"><ele>-1.826</ele><time>2025-01-16T11:58:26Z</time><speed>4.502</speed><sat>28</sat></trkpt>
  <trkpt lat="10.76534244" lon="106.70716705"><ele>-1.942</ele><time>2025-01-16T11:58:27Z</time><speed>4.624</speed><sat>28</sat></trkpt>
  <trkpt lat="10.76538905" lon="106.70715407"><ele>-1.857</ele><time>2025-01-16T11:58:28Z</time><speed>4.983</speed><sat>27</sat></trkpt>
  <trkpt lat="10.76543821" lon="106.70713788"><ele>-2.035</ele><time>2025-01-16T11:58:29Z</time><speed>5.319</speed><sat>27</sat></trkpt>
  <trkpt lat="10.76548200" lon="106.70711671"><ele>-2.073</ele><time>2025-01-16T11:58:30Z</time><speed>5.564</speed><sat>27</sat></trkpt>
  <trkpt lat="10.76552982" lon="106.70709529"><ele>-2.199</ele><time>2025-01-16T11:58:31Z</time><speed>5.729</speed><sat>28</sat></trkpt>
  <trkpt lat="10.76557662" lon="106.70707274"><ele>-2.346</ele><time>2025-01-16T11:58:32Z</time><speed>5.899</speed><sat>28</sat></trkpt>
  <trkpt lat="10.76562498" lon="106.70704796"><ele>-2.453</ele><time>2025-01-16T11:58:33Z</time><speed>6.182</speed><sat>28</sat></trkpt>
  <trkpt lat="10.76567528" lon="106.70702248"><ele>-2.386</ele><time>2025-01-16T11:58:34Z</time><speed>6.336</speed><sat>25</sat></trkpt>
  <trkpt lat="10.76572547" lon="106.70699599"><ele>-2.415</ele><time>2025-01-16T11:58:35Z</time><speed>6.316</speed><sat>26</sat></trkpt>
  <trkpt lat="10.76577754" lon="106.70697145"><ele>-2.472</ele><time>2025-01-16T11:58:36Z</time><speed>6.387</speed><sat>25</sat></trkpt>
  <trkpt lat="10.76583042" lon="106.70694636"><ele>-2.509</ele><time>2025-01-16T11:58:37Z</time><speed>6.280</speed><sat>26</sat></trkpt>
  <trkpt lat="10.76588462" lon="106.70692184"><ele>-2.572</ele><time>2025-01-16T11:58:38Z</time><speed>6.516</speed><sat>24</sat></trkpt>
  <trkpt lat="10.76593907" lon="106.70689733"><ele>-2.829</ele><time>2025-01-16T11:58:39Z</time><speed>6.567</speed><sat>27</sat></trkpt>
  <trkpt lat="10.76599489" lon="106.70687319"><ele>-2.859</ele><time>2025-01-16T11:58:40Z</time><speed>6.569</speed><sat>26</sat></trkpt>
  <trkpt lat="10.76604920" lon="106.70684976"><ele>-2.792</ele><time>2025-01-16T11:58:41Z</time><speed>6.547</speed><sat>24</sat></trkpt>
  <trkpt lat="10.76610315" lon="106.70682581"><ele>-2.740</ele><time>2025-01-16T11:58:42Z</time><speed>6.450</speed><sat>26</sat></trkpt>
  <trkpt lat="10.76615940" lon="106.70680047"><ele>-2.713</ele><time>2025-01-16T11:58:43Z</time><speed>6.432</speed><sat>25</sat></trkpt>
  <trkpt lat="10.76621236" lon="106.70677675"><ele>-2.716</ele><time>2025-01-16T11:58:44Z</time><speed>6.397</speed><sat>24</sat></trkpt>
  <trkpt lat="10.76626690" lon="106.70675385"><ele>-2.654</ele><time>2025-01-16T11:58:45Z</time><speed>6.376</speed><sat>26</sat></trkpt>
  <trkpt lat="10.76631923" lon="106.70672954"><ele>-2.747</ele><time>2025-01-16T11:58:46Z</time><speed>6.326</speed><sat>24</sat></trkpt>
  <trkpt lat="10.76637194" lon="106.70670499"><ele>-2.812</ele><time>2025-01-16T11:58:47Z</time><speed>6.325</speed><sat>26</sat></trkpt>
  <trkpt lat="10.76642307" lon="106.70668122"><ele>-2.906</ele><time>2025-01-16T11:58:48Z</time><speed>6.187</speed><sat>25</sat></trkpt>
  <trkpt lat="10.76647223" lon="106.70665739"><ele>-2.634</ele><time>2025-01-16T11:58:49Z</time><speed>6.112</speed><sat>26</sat></trkpt>
  <trkpt lat="10.76651889" lon="106.70663539"><ele>-2.617</ele><time>2025-01-16T11:58:50Z</time><speed>5.869</speed><sat>26</sat></trkpt>
  <trkpt lat="10.76656130" lon="106.70661310"><ele>-2.518</ele><time>2025-01-16T11:58:51Z</time><speed>5.765</speed><sat>26</sat></trkpt>
  <trkpt lat="10.76660326" lon="106.70659164"><ele>-2.139</ele><time>2025-01-16T11:58:52Z</time><speed>5.446</speed><sat>27</sat></trkpt>
  <trkpt lat="10.76664560" lon="106.70657442"><ele>-2.328</ele><time>2025-01-16T11:58:53Z</time><speed>5.363</speed><sat>27</sat></trkpt>
  <trkpt lat="10.76668930" lon="106.70655336"><ele>-2.388</ele><time>2025-01-16T11:58:54Z</time><speed>5.489</speed><sat>27</sat></trkpt>
  <trkpt lat="10.76673716" lon="106.70653002"><ele>-2.257</ele><time>2025-01-16T11:58:55Z</time><speed>5.755</speed><sat>27</sat></trkpt>
  <trkpt lat="10.76678563" lon="106.70650630"><ele>-2.093</ele><time>2025-01-16T11:58:56Z</time><speed>6.049</speed><sat>28</sat></trkpt>
  <trkpt lat="10.76683487" lon="106.70648294"><ele>-2.055</ele><time>2025-01-16T11:58:57Z</time><speed>6.153</speed><sat>28</sat></trkpt>
  <trkpt lat="10.76688551" lon="106.70645969"><ele>-1.935</ele><time>2025-01-16T11:58:58Z</time><speed>6.229</speed><sat>29</sat></trkpt>
  <trkpt lat="10.76693796" lon="106.70643636"><ele>-1.738</ele><time>2025-01-16T11:58:59Z</time><speed>6.288</speed><sat>28</sat></trkpt>
  <trkpt lat="10.76698752" lon="106.70640999"><ele>-1.665</ele><time>2025-01-16T11:59:00Z</time><speed>6.447</speed><sat>28</sat></trkpt>
  <trkpt lat="10.76703612" lon="106.70638307"><ele>-1.508</ele><time>2025-01-16T11:59:01Z</time><speed>6.231</speed><sat>28</sat></trkpt>
  <trkpt lat="10.76708250" lon="106.70635478"><ele>-1.401</ele><time>2025-01-16T11:59:02Z</time><speed>6.334</speed><sat>29</sat></trkpt>
  <trkpt lat="10.76712884" lon="106.70632385"><ele>-1.456</ele><time>2025-01-16T11:59:03Z</time><speed>6.321</speed><sat>26</sat></trkpt>
  <trkpt lat="10.76717688" lon="106.70629323"><ele>-1.416</ele><time>2025-01-16T11:59:04Z</time><speed>6.181</speed><sat>29</sat></trkpt>
  <trkpt lat="10.76723046" lon="106.70626122"><ele>-1.614</ele><time>2025-01-16T11:59:05Z</time><speed>6.271</speed><sat>29</sat></trkpt>
  <trkpt lat="10.76728104" lon="106.70623485"><ele>-1.722</ele><time>2025-01-16T11:59:06Z</time><speed>6.410</speed><sat>29</sat></trkpt>
  <trkpt lat="10.76733378" lon="106.70620509"><ele>-1.863</ele><time>2025-01-16T11:59:07Z</time><speed>6.460</speed><sat>30</sat></trkpt>
  <trkpt lat="10.76738553" lon="106.70617657"><ele>-1.903</ele><time>2025-01-16T11:59:08Z</time><speed>6.616</speed><sat>30</sat></trkpt>
  <trkpt lat="10.76743764" lon="106.70614482"><ele>-2.250</ele><time>2025-01-16T11:59:09Z</time><speed>6.669</speed><sat>30</sat></trkpt>
  <trkpt lat="10.76748786" lon="106.70611387"><ele>-2.345</ele><time>2025-01-16T11:59:10Z</time><speed>6.619</speed><sat>29</sat></trkpt>
  <trkpt lat="10.76753970" lon="106.70608114"><ele>-2.504</ele><time>2025-01-16T11:59:10.999Z</time><speed>6.870</speed><sat>29</sat></trkpt>
  <trkpt lat="10.76759503" lon="106.70604863"><ele>-2.527</ele><time>2025-01-16T11:59:11.999Z</time><speed>6.935</speed><sat>26</sat></trkpt>
  <trkpt lat="10.76765147" lon="106.70601599"><ele>-2.483</ele><time>2025-01-16T11:59:12.999Z</time><speed>7.002</speed><sat>24</sat></trkpt>
  <trkpt lat="10.76770449" lon="106.70598693"><ele>-2.415</ele><time>2025-01-16T11:59:13.999Z</time><speed>7.105</speed><sat>26</sat></trkpt>
  <trkpt lat="10.76775417" lon="106.70595554"><ele>-2.133</ele><time>2025-01-16T11:59:14.999Z</time><speed>6.942</speed><sat>25</sat></trkpt>
  <trkpt lat="10.76780526" lon="106.70592144"><ele>-2.108</ele><time>2025-01-16T11:59:15.999Z</time><speed>6.760</speed><sat>23</sat></trkpt>
  <trkpt lat="10.76785877" lon="106.70588436"><ele>-1.832</ele><time>2025-01-16T11:59:16.999Z</time><speed>6.713</speed><sat>18</sat></trkpt>
  <trkpt lat="10.76790651" lon="106.70585223"><ele>-1.606</ele><time>2025-01-16T11:59:17.999Z</time><speed>6.615</speed><sat>19</sat></trkpt>
  <trkpt lat="10.76795209" lon="106.70582477"><ele>-1.199</ele><time>2025-01-16T11:59:18.999Z</time><speed>6.457</speed><sat>18</sat></trkpt>
  <trkpt lat="10.76800150" lon="106.70579670"><ele>-0.602</ele><time>2025-01-16T11:59:19.999Z</time><speed>6.399</speed><sat>16</sat></trkpt>
  <trkpt lat="10.76804929" lon="106.70577000"><ele>-0.402</ele><time>2025-01-16T11:59:20.999Z</time><speed>6.099</speed><sat>17</sat></trkpt>
  <trkpt lat="10.76809616" lon="106.70574600"><ele>-0.051</ele><time>2025-01-16T11:59:21.999Z</time><speed>6.008</speed><sat>17</sat></trkpt>
  <trkpt lat="10.76814656" lon="106.70572328"><ele>0.081</ele><time>2025-01-16T11:59:22.999Z</time><speed>6.110</speed><sat>17</sat></trkpt>
  <trkpt lat="10.76819782" lon="106.70570326"><ele>0.433</ele><time>2025-01-16T11:59:23.999Z</time><speed>6.193</speed><sat>18</sat></trkpt>
  <trkpt lat="10.76825085" lon="106.70568428"><ele>0.527</ele><time>2025-01-16T11:59:24.999Z</time><speed>6.234</speed><sat>15</sat></trkpt>
  <trkpt lat="10.76830149" lon="106.70566659"><ele>0.574</ele><time>2025-01-16T11:59:25.999Z</time><speed>5.863</speed><sat>13</sat></trkpt>
  <trkpt lat="10.76835494" lon="106.70565084"><ele>0.781</ele><time>2025-01-16T11:59:26.999Z</time><speed>6.325</speed><sat>14</sat></trkpt>
  <trkpt lat="10.76841579" lon="106.70563468"><ele>1.935</ele><time>2025-01-16T11:59:27.999Z</time><speed>6.523</speed><sat>14</sat></trkpt>
  <trkpt lat="10.76847539" lon="106.70562431"><ele>1.881</ele><time>2025-01-16T11:59:28.999Z</time><speed>6.460</speed><sat>15</sat></trkpt>
  <trkpt lat="10.76853933" lon="106.70561759"><ele>2.175</ele><time>2025-01-16T11:59:29.999Z</time><speed>6.402</speed><sat>23</sat></trkpt>
  <trkpt lat="10.76859865" lon="106.70561705"><ele>2.416</ele><time>2025-01-16T11:59:30.999Z</time><speed>6.352</speed><sat>29</sat></trkpt>
  <trkpt lat="10.76865752" lon="106.70561679"><ele>2.643</ele><time>2025-01-16T11:59:31.999Z</time><speed>6.394</speed><sat>28</sat></trkpt>
  <trkpt lat="10.76871197" lon="106.70562049"><ele>2.366</ele><time>2025-01-16T11:59:32.999Z</time><speed>6.357</speed><sat>28</sat></trkpt>
  <trkpt lat="10.76876914" lon="106.70562189"><ele>2.095</ele><time>2025-01-16T11:59:33.999Z</time><speed>6.435</speed><sat>28</sat></trkpt>
  <trkpt lat="10.76882737" lon="106.70562611"><ele>2.328</ele><time>2025-01-16T11:59:34.999Z</time><speed>6.411</speed><sat>28</sat></trkpt>
  <trkpt lat="10.76888361" lon="106.70563339"><ele>2.360</ele><time>2025-01-16T11:59:35.999Z</time><speed>6.450</speed><sat>28</sat></trkpt>
  <trkpt lat="10.76894041" lon="106.70564215"><ele>2.816</ele><time>2025-01-16T11:59:36.999Z</time><speed>6.256</speed><sat>28</sat></trkpt>
  <trkpt lat="10.76899880" lon="106.70565436"><ele>2.994</ele><time>2025-01-16T11:59:37.999Z</time><speed>5.986</speed><sat>28</sat></trkpt>
  <trkpt lat="10.76905055" lon="106.70567223"><ele>2.800</ele><time>2025-01-16T11:59:38.999Z</time><speed>6.045</speed><sat>28</sat></trkpt>
  <trkpt lat="10.76910462" lon="106.70569110"><ele>2.875</ele><time>2025-01-16T11:59:39.999Z</time><speed>6.257</speed><sat>27</sat></trkpt>
  <trkpt lat="10.76915909" lon="106.70571047"><ele>2.643</ele><time>2025-01-16T11:59:40.999Z</time><speed>6.341</speed><sat>26</sat></trkpt>
  <trkpt lat="10.76921328" lon="106.70573248"><ele>2.529</ele><time>2025-01-16T11:59:41.999Z</time><speed>6.478</speed><sat>21</sat></trkpt>
  <trkpt lat="10.76926785" lon="106.70575473"><ele>2.548</ele><time>2025-01-16T11:59:42.999Z</time><speed>6.492</speed><sat>21</sat></trkpt>
  <trkpt lat="10.76931971" lon="106.70577934"><ele>2.418</ele><time>2025-01-16T11:59:43.999Z</time><speed>6.382</speed><sat>19</sat></trkpt>
  <trkpt lat="10.76937134" lon="106.70580515"><ele>2.358</ele><time>2025-01-16T11:59:44.999Z</time><speed>6.349</speed><sat>17</sat></trkpt>
  <trkpt lat="10.76942243" lon="106.70583368"><ele>2.087</ele><time>2025-01-16T11:59:45.999Z</time><speed>6.204</speed><sat>19</sat></trkpt>
  <trkpt lat="10.76946839" lon="106.70586039"><ele>2.035</ele><time>2025-01-16T11:59:46.999Z</time><speed>6.107</speed><sat>16</sat></trkpt>
  <trkpt lat="10.76952043" lon="106.70588907"><ele>2.027</ele><time>2025-01-16T11:59:47.999Z</time><speed>6.056</speed><sat>16</sat></trkpt>
  <trkpt lat="10.76956816" lon="106.70591574"><ele>2.071</ele><time>2025-01-16T11:59:48.999Z</time><speed>6.115</speed><sat>16</sat></trkpt>
  <trkpt lat="10.76961779" lon="106.70594606"><ele>1.831</ele><time>2025-01-16T11:59:49.999Z</time><speed>6.062</speed><sat>16</sat></trkpt>
  <trkpt lat="10.76966647" lon="106.70597502"><ele>1.623</ele><time>2025-01-16T11:59:50.999Z</time><speed>6.111</speed><sat>15</sat></trkpt>
  <trkpt lat="10.76972318" lon="106.70600470"><ele>1.381</ele><time>2025-01-16T11:59:51.999Z</time><speed>6.087</speed><sat>13</sat></trkpt>
  <trkpt lat="10.76978083" lon="106.70603124"><ele>1.143</ele><time>2025-01-16T11:59:52.999Z</time><speed>6.182</speed><sat>14</sat></trkpt>
  <trkpt lat="10.76982979" lon="106.70605650"><ele>0.963</ele><time>2025-01-16T11:59:53.999Z</time><speed>6.309</speed><sat>14</sat></trkpt>
  <trkpt lat="10.76988309" lon="106.70608389"><ele>0.498</ele><time>2025-01-16T11:59:54.999Z</time><speed>6.430</speed><sat>16</sat></trkpt>
  <trkpt lat="10.76993540" lon="106.70610879"><ele>0.259</ele><time>2025-01-16T11:59:55.999Z</time><speed>6.549</speed><sat>16</sat></trkpt>
  <trkpt lat="10.76998790" lon="106.70613460"><ele>-0.048</ele><time>2025-01-16T11:59:56.999Z</time><speed>6.551</speed><sat>17</sat></trkpt>
  <trkpt lat="10.77004207" lon="106.70615331"><ele>0.288</ele><time>2025-01-16T11:59:57.999Z</time><speed>6.849</speed><sat>14</sat></trkpt>
  <trkpt lat="10.77010250" lon="106.70617291"><ele>-0.237</ele><time>2025-01-16T11:59:58.999Z</time><speed>6.830</speed><sat>15</sat></trkpt>
  <trkpt lat="10.77016080" lon="106.70619359"><ele>-0.148</ele><time>2025-01-16T11:59:59.999Z</time><speed>7.003</speed><sat>15</sat></trkpt>
  <trkpt lat="10.77021038" lon="106.70620789"><ele>-0.994</ele><time>2025-01-16T12:00:00.999Z</time><speed>7.046</speed><sat>17</sat></trkpt>
  <trkpt lat="10.77026888" lon="106.70622561"><ele>-1.074</ele><time>2025-01-16T12:00:01.999Z</time><speed>7.070</speed><sat>19</sat></trkpt>
  <trkpt lat="10.77032973" lon="106.70624140"><ele>-1.294</ele><time>2025-01-16T12:00:02.999Z</time><speed>7.063</speed><sat>19</sat></trkpt>
  <trkpt lat="10.77038951" lon="106.70625642"><ele>-1.200</ele><time>2025-01-16T12:00:03.999Z</time><speed>7.192</speed><sat>19</sat></trkpt>
  <trkpt lat="10.77045608" lon="106.70627351"><ele>-0.874</ele><time>2025-01-16T12:00:04.999Z</time><speed>7.263</speed><sat>18</sat></trkpt>
  <trkpt lat="10.77052456" lon="106.70629096"><ele>-0.310</ele><time>2025-01-16T12:00:05.999Z</time><speed>7.444</speed><sat>13</sat></trkpt>
  <trkpt lat="10.77058524" lon="106.70630611"><ele>-0.008</ele><time>2025-01-16T12:00:06.999Z</time><speed>7.348</speed><sat>12</sat></trkpt>
  <trkpt lat="10.77063960" lon="106.70631927"><ele>0.637</ele><time>2025-01-16T12:00:07.999Z</time><speed>6.773</speed><sat>14</sat></trkpt>
  <trkpt lat="10.77069118" lon="106.70633069"><ele>0.547</ele><time>2025-01-16T12:00:08.999Z</time><speed>6.255</speed><sat>16</sat></trkpt>
  <trkpt lat="10.77073489" lon="106.70633615"><ele>0.365</ele><time>2025-01-16T12:00:09.999Z</time><speed>5.572</speed><sat>15</sat></trkpt>
  <trkpt lat="10.77078400" lon="106.70634626"><ele>0.372</ele><time>2025-01-16T12:00:10.999Z</time><speed>5.344</speed><sat>15</sat></trkpt>
  <trkpt lat="10.77082709" lon="106.70635489"><ele>0.401</ele><time>2025-01-16T12:00:11.999Z</time><speed>5.212</speed><sat>14</sat></trkpt>
  <trkpt lat="10.77086993" lon="106.70635943"><ele>-0.294</ele><time>2025-01-16T12:00:12.999Z</time><speed>4.819</speed><sat>19</sat></trkpt>
  <trkpt lat="10.77091503" lon="106.70636084"><ele>-0.494</ele><time>2025-01-16T12:00:13.999Z</time><speed>4.126</speed><sat>23</sat></trkpt>
  <trkpt lat="10.77094135" lon="106.70636035"><ele>-0.903</ele><time>2025-01-16T12:00:14.999Z</time><speed>3.619</speed><sat>24</sat></trkpt>
  <trkpt lat="10.77096824" lon="106.70636066"><ele>-0.830</ele><time>2025-01-16T12:00:15.999Z</time><speed>3.157</speed><sat>28</sat></trkpt>
  <trkpt lat="10.77099232" lon="106.70635810"><ele>-0.370</ele><time>2025-01-16T12:00:16.999Z</time><speed>2.824</speed><sat>29</sat></trkpt>
  <trkpt lat="10.77101395" lon="106.70635758"><ele>-0.718</ele><time>2025-01-16T12:00:17.999Z</time><speed>2.690</speed><sat>29</sat></trkpt>
  <trkpt lat="10.77103544" lon="106.70635958"><ele>-0.669</ele><time>2025-01-16T12:00:18.999Z</time><speed>2.600</speed><sat>29</sat></trkpt>
  <trkpt lat="10.77105566" lon="106.70636153"><ele>-1.302</ele><time>2025-01-16T12:00:19.999Z</time><speed>2.405</speed><sat>28</sat></trkpt>
  <trkpt lat="10.77107903" lon="106.70636219"><ele>-2.239</ele><time>2025-01-16T12:00:20.999Z</time><speed>2.396</speed><sat>27</sat></trkpt>
  <trkpt lat="10.77109817" lon="106.70636547"><ele>-3.450</ele><time>2025-01-16T12:00:21.999Z</time><speed>2.282</speed><sat>25</sat></trkpt>
  <trkpt lat="10.77111862" lon="106.70636726"><ele>-3.888</ele><time>2025-01-16T12:00:22.999Z</time><speed>2.243</speed><sat>26</sat></trkpt>
  <trkpt lat="10.77113737" lon="106.70636803"><ele>-4.306</ele><time>2025-01-16T12:00:23.999Z</time><speed>2.224</speed><sat>25</sat></trkpt>
  <trkpt lat="10.77115438" lon="106.70636911"><ele>-4.647</ele><time>2025-01-16T12:00:24.999Z</time><speed>1.764</speed><sat>26</sat></trkpt>
  <trkpt lat="10.77116726" lon="106.70636880"><ele>-4.738</ele><time>2025-01-16T12:00:25.999Z</time><speed>1.432</speed><sat>26</sat></trkpt>
  <trkpt lat="10.77117618" lon="106.70636952"><ele>-4.765</ele><time>2025-01-16T12:00:26.999Z</time><speed>0.911</speed><sat>26</sat></trkpt>
  <trkpt lat="10.77118369" lon="106.70637006"><ele>-4.796</ele><time>2025-01-16T12:00:27.999Z</time><speed>0.841</speed><sat>25</sat></trkpt>
  <trkpt lat="10.77119169" lon="106.70637064"><ele>-4.826</ele><time>2025-01-16T12:00:28.999Z</time><speed>0.916</speed><sat>24</sat></trkpt>
  <trkpt lat="10.77120126" lon="106.70637043"><ele>-4.971</ele><time>2025-01-16T12:00:29.999Z</time><speed>1.055</speed><sat>26</sat></trkpt>
  <trkpt lat="10.77121808" lon="106.70636916"><ele>-4.975</ele><time>2025-01-16T12:00:30.999Z</time><speed>1.640</speed><sat>26</sat></trkpt>
  <trkpt lat="10.77123686" lon="106.70637126"><ele>-4.561</ele><time>2025-01-16T12:00:31.999Z</time><speed>2.057</speed><sat>25</sat></trkpt>
  <trkpt lat="10.77125455" lon="106.70637603"><ele>-4.405</ele><time>2025-01-16T12:00:32.999Z</time><speed>2.066</speed><sat>24</sat></trkpt>
  <trkpt lat="10.77127385" lon="106.70638057"><ele>-4.164</ele><time>2025-01-16T12:00:33.999Z</time><speed>2.089</speed><sat>24</sat></trkpt>
  <trkpt lat="10.77129217" lon="106.70638200"><ele>-4.296</ele><time>2025-01-16T12:00:34.999Z</time><speed>2.268</speed><sat>24</sat></trkpt>
  <trkpt lat="10.77131071" lon="106.70638433"><ele>-4.313</ele><time>2025-01-16T12:00:35.999Z</time><speed>2.438</speed><sat>24</sat></trkpt>
  <trkpt lat="10.77133133" lon="106.70638415"><ele>-4.648</ele><time>2025-01-16T12:00:36.999Z</time><speed>2.481</speed><sat>23</sat></trkpt>
  <trkpt lat="10.77135475" lon="106.70638644"><ele>-4.723</ele><time>2025-01-16T12:00:37.999Z</time><speed>2.778</speed><sat>25</sat></trkpt>
  <trkpt lat="10.77137878" lon="106.70638741"><ele>-5.288</ele><time>2025-01-16T12:00:38.999Z</time><speed>2.771</speed><sat>26</sat></trkpt>
  <trkpt lat="10.77140435" lon="106.70638679"><ele>-5.193</ele><time>2025-01-16T12:00:39.999Z</time><speed>3.057</speed><sat>26</sat></trkpt>
  <trkpt lat="10.77143277" lon="106.70638827"><ele>-4.998</ele><time>2025-01-16T12:00:40.999Z</time><speed>3.072</speed><sat>24</sat></trkpt>
  <trkpt lat="10.77145588" lon="106.70638962"><ele>-4.616</ele><time>2025-01-16T12:00:41.999Z</time><speed>3.016</speed><sat>24</sat></trkpt>
  <trkpt lat="10.77147934" lon="106.70639174"><ele>-4.218</ele><time>2025-01-16T12:00:42.999Z</time><speed>2.967</speed><sat>22</sat></trkpt>
  <trkpt lat="10.77150831" lon="106.70639501"><ele>-3.926</ele><time>2025-01-16T12:00:43.999Z</time><speed>2.661</speed><sat>22</sat></trkpt>
  <trkpt lat="10.77153020" lon="106.70639978"><ele>-3.529</ele><time>2025-01-16T12:00:44.999Z</time><speed>2.350</speed><sat>22</sat></trkpt>
  <trkpt lat="10.77155194" lon="106.70640441"><ele>-3.243</ele><time>2025-01-16T12:00:45.999Z</time><speed>2.007</speed><sat>25</sat></trkpt>
  <trkpt lat="10.77158092" lon="106.70640912"><ele>-3.226</ele><time>2025-01-16T12:00:46.999Z</time><speed>1.937</speed><sat>27</sat></trkpt>
  <trkpt lat="10.77159496" lon="106.70640654"><ele>-3.023</ele><time>2025-01-16T12:00:47.999Z</time><speed>2.048</speed><sat>27</sat></trkpt>
  <trkpt lat="10.77161128" lon="106.70640722"><ele>-2.929</ele><time>2025-01-16T12:00:48.999Z</time><speed>2.244</speed><sat>26</sat></trkpt>
  <trkpt lat="10.77163645" lon="106.70640817"><ele>-2.929</ele><time>2025-01-16T12:00:49.999Z</time><speed>2.369</speed><sat>27</sat></trkpt>
  <trkpt lat="10.77165789" lon="106.70640910"><ele>-2.740</ele><time>2025-01-16T12:00:50.999Z</time><speed>2.516</speed><sat>28</sat></trkpt>
  <trkpt lat="10.77167933" lon="106.70641234"><ele>-2.763</ele><time>2025-01-16T12:00:51.999Z</time><speed>2.542</speed><sat>28</sat></trkpt>
  <trkpt lat="10.77170230" lon="106.70641394"><ele>-2.690</ele><time>2025-01-16T12:00:52.999Z</time><speed>2.652</speed><sat>28</sat></trkpt>
  <trkpt lat="10.77172648" lon="106.70641534"><ele>-2.876</ele><time>2025-01-16T12:00:53.999Z</time><speed>2.685</speed><sat>28</sat></trkpt>
  <trkpt lat="10.77174964" lon="106.70641667"><ele>-2.832</ele><time>2025-01-16T12:00:54.999Z</time><speed>2.550</speed><sat>28</sat></trkpt>
  <trkpt lat="10.77177158" lon="106.70641846"><ele>-2.940</ele><time>2025-01-16T12:00:55.999Z</time><speed>2.482</speed><sat>28</sat></trkpt>
  <trkpt lat="10.77179143" lon="106.70641989"><ele>-2.980</ele><time>2025-01-16T12:00:56.999Z</time><speed>2.113</speed><sat>28</sat></trkpt>
  <trkpt lat="10.77180764" lon="106.70642051"><ele>-3.319</ele><time>2025-01-16T12:00:57.999Z</time><speed>1.787</speed><sat>27</sat></trkpt>
  <trkpt lat="10.77182478" lon="106.70642127"><ele>-3.460</ele><time>2025-01-16T12:00:58.999Z</time><speed>1.617</speed><sat>27</sat></trkpt>
  <trkpt lat="10.77184026" lon="106.70642046"><ele>-3.235</ele><time>2025-01-16T12:00:59.999Z</time><speed>1.264</speed><sat>25</sat></trkpt>
  <trkpt lat="10.77185357" lon="106.70641962"><ele>-3.045</ele><time>2025-01-16T12:01:00.999Z</time><speed>1.396</speed><sat>28</sat></trkpt>
  <trkpt lat="10.77186766" lon="106.70641771"><ele>-3.034</ele><time>2025-01-16T12:01:01.999Z</time><speed>1.507</speed><sat>28</sat></trkpt>
  <trkpt lat="10.77188138" lon="106.70641654"><ele>-2.995</ele><time>2025-01-16T12:01:02.999Z</time><speed>2.060</speed><sat>27</sat></trkpt>
  <trkpt lat="10.77190002" lon="106.70641790"><ele>-2.956</ele><time>2025-01-16T12:01:03.999Z</time><speed>2.203</speed><sat>28</sat></trkpt>
  <trkpt lat="10.77191747" lon="106.70641717"><ele>-3.086</ele><time>2025-01-16T12:01:04.999Z</time><speed>2.070</speed><sat>28</sat></trkpt>
  <trkpt lat="10.77193397" lon="106.70641692"><ele>-3.175</ele><time>2025-01-16T12:01:05.999Z</time><speed>1.977</speed><sat>24</sat></trkpt>
  <trkpt lat="10.77195922" lon="106.70641645"><ele>-3.129</ele><time>2025-01-16T12:01:06.999Z</time><speed>1.712</speed><sat>25</sat></trkpt>
  <trkpt lat="10.77196994" lon="106.70641495"><ele>-3.235</ele><time>2025-01-16T12:01:07.999Z</time><speed>1.731</speed><sat>26</sat></trkpt>
  <trkpt lat="10.77199219" lon="106.70641737"><ele>-2.763</ele><time>2025-01-16T12:01:08.999Z</time><speed>1.815</speed><sat>26</sat></trkpt>
  <trkpt lat="10.77200985" lon="106.70641831"><ele>-2.952</ele><time>2025-01-16T12:01:09.999Z</time><speed>1.791</speed><sat>27</sat></trkpt>
  <trkpt lat="10.77202624" lon="106.70642033"><ele>-2.883</ele><time>2025-01-16T12:01:10.999Z</time><speed>1.726</speed><sat>26</sat></trkpt>
  <trkpt lat="10.77204255" lon="106.70641980"><ele>-2.899</ele><time>2025-01-16T12:01:11.999Z</time><speed>1.709</speed><sat>24</sat></trkpt>
  <trkpt lat="10.77205362" lon="106.70642137"><ele>-2.573</ele><time>2025-01-16T12:01:12.999Z</time><speed>1.626</speed><sat>26</sat></trkpt>
  <trkpt lat="10.77206040" lon="106.70642401"><ele>-2.110</ele><time>2025-01-16T12:01:13.999Z</time><speed>1.452</speed><sat>26</sat></trkpt>
  <trkpt lat="10.77207212" lon="106.70642907"><ele>-2.537</ele><time>2025-01-16T12:01:14.999Z</time><speed>1.078</speed><sat>27</sat></trkpt>
  <trkpt lat="10.77207852" lon="106.70643519"><ele>-3.038</ele><time>2025-01-16T12:01:15.999Z</time><speed>0.725</speed><sat>27</sat></trkpt>
  <trkpt lat="10.77208620" lon="106.70643876"><ele>-3.161</ele><time>2025-01-16T12:01:16.999Z</time><speed>0.669</speed><sat>26</sat></trkpt>
  <trkpt lat="10.77209366" lon="106.70644256"><ele>-2.984</ele><time>2025-01-16T12:01:17.999Z</time><speed>0.975</speed><sat>26</sat></trkpt>
  <trkpt lat="10.77210187" lon="106.70644440"><ele>-2.829</ele><time>2025-01-16T12:01:18.999Z</time><speed>1.027</speed><sat>26</sat></trkpt>
  <trkpt lat="10.77211113" lon="106.70645176"><ele>-2.781</ele><time>2025-01-16T12:01:19.999Z</time><speed>1.108</speed><sat>25</sat></trkpt>
  <trkpt lat="10.77211557" lon="106.70645579"><ele>-2.824</ele><time>2025-01-16T12:01:20.999Z</time><speed>1.288</speed><sat>24</sat></trkpt>
  <trkpt lat="10.77212388" lon="106.70645987"><ele>-2.747</ele><time>2025-01-16T12:01:21.999Z</time><speed>1.443</speed><sat>24</sat></trkpt>
  <trkpt lat="10.77213852" lon="106.70646261"><ele>-2.547</ele><time>2025-01-16T12:01:22.999Z</time><speed>1.318</speed><sat>25</sat></trkpt>
  <trkpt lat="10.77214972" lon="106.70646321"><ele>-2.087</ele><time>2025-01-16T12:01:23.999Z</time><speed>1.345</speed><sat>23</sat></trkpt>
  <trkpt lat="10.77216369" lon="106.70646454"><ele>-1.858</ele><time>2025-01-16T12:01:24.999Z</time><speed>1.514</speed><sat>19</sat></trkpt>
  <trkpt lat="10.77217868" lon="106.70646719"><ele>-1.817</ele><time>2025-01-16T12:01:25.999Z</time><speed>1.548</speed><sat>20</sat></trkpt>
  <trkpt lat="10.77219004" lon="106.70646941"><ele>-1.790</ele><time>2025-01-16T12:01:26.999Z</time><speed>1.378</speed><sat>19</sat></trkpt>
  <trkpt lat="10.77219974" lon="106.70646933"><ele>-1.734</ele><time>2025-01-16T12:01:27.999Z</time><speed>1.314</speed><sat>18</sat></trkpt>
  <trkpt lat="10.77221338" lon="106.70647291"><ele>-1.805</ele><time>2025-01-16T12:01:28.999Z</time><speed>1.281</speed><sat>18</sat></trkpt>
  <trkpt lat="10.77222662" lon="106.70647670"><ele>-1.944</ele><time>2025-01-16T12:01:29.999Z</time><speed>1.247</speed><sat>17</sat></trkpt>
  <trkpt lat="10.77223675" lon="106.70647571"><ele>-1.847</ele><time>2025-01-16T12:01:30.999Z</time><speed>1.112</speed><sat>18</sat></trkpt>
  <trkpt lat="10.77225235" lon="106.70647684"><ele>-1.934</ele><time>2025-01-16T12:01:31.999Z</time><speed>0.911</speed><sat>18</sat></trkpt>
  <trkpt lat="10.77226607" lon="106.70647836"><ele>-2.112</ele><time>2025-01-16T12:01:32.999Z</time><speed>0.943</speed><sat>16</sat></trkpt>
  <trkpt lat="10.77227691" lon="106.70647544"><ele>-1.869</ele><time>2025-01-16T12:01:33.999Z</time><speed>1.300</speed><sat>17</sat></trkpt>
  <trkpt lat="10.77229112" lon="106.70647369"><ele>-1.746</ele><time>2025-01-16T12:01:34.999Z</time><speed>1.531</speed><sat>16</sat></trkpt>
  <trkpt lat="10.77230862" lon="106.70647352"><ele>-1.708</ele><time>2025-01-16T12:01:35.999Z</time><speed>2.032</speed><sat>15</sat></trkpt>
  <trkpt lat="10.77233383" lon="106.70646945"><ele>-1.626</ele><time>2025-01-16T12:01:36.999Z</time><speed>2.331</speed><sat>15</sat></trkpt>
  <trkpt lat="10.77236683" lon="106.70646424"><ele>-1.471</ele><time>2025-01-16T12:01:37.999Z</time><speed>2.366</speed><sat>15</sat></trkpt>
  <trkpt lat="10.77239105" lon="106.70646132"><ele>-0.930</ele><time>2025-01-16T12:01:38.999Z</time><speed>2.326</speed><sat>16</sat></trkpt>
  <trkpt lat="10.77240533" lon="106.70645979"><ele>-0.409</ele><time>2025-01-16T12:01:39.999Z</time><speed>1.963</speed><sat>16</sat></trkpt>
  <trkpt lat="10.77241603" lon="106.70645629"><ele>0.542</ele><time>2025-01-16T12:01:40.999Z</time><speed>1.840</speed><sat>13</sat></trkpt>
  <trkpt lat="10.77242649" lon="106.70645435"><ele>1.756</ele><time>2025-01-16T12:01:41.999Z</time><speed>1.646</speed><sat>14</sat></trkpt>
  <trkpt lat="10.77243695" lon="106.70645830"><ele>2.064</ele><time>2025-01-16T12:01:42.999Z</time><speed>1.352</speed><sat>14</sat></trkpt>
  <trkpt lat="10.77245394" lon="106.70646077"><ele>2.205</ele><time>2025-01-16T12:01:43.999Z</time><speed>1.187</speed><sat>18</sat></trkpt>
  <trkpt lat="10.77246514" lon="106.70646311"><ele>1.772</ele><time>2025-01-16T12:01:44.999Z</time><speed>0.996</speed><sat>17</sat></trkpt>
  <trkpt lat="10.77246948" lon="106.70646518"><ele>1.709</ele><time>2025-01-16T12:01:45.999Z</time><speed>0.880</speed><sat>17</sat></trkpt>
  <trkpt lat="10.77248312" lon="106.70646840"><ele>0.523</ele><time>2025-01-16T12:01:46.999Z</time><speed>0.783</speed><sat>18</sat></trkpt>
  <trkpt lat="10.77249108" lon="106.70647156"><ele>-0.650</ele><time>2025-01-16T12:01:47.999Z</time><speed>0.465</speed><sat>14</sat></trkpt>
  <trkpt lat="10.77249859" lon="106.70646911"><ele>-1.032</ele><time>2025-01-16T12:01:48.999Z</time><speed>0.000</speed><sat>15</sat></trkpt>
  <trkpt lat="10.77250005" lon="106.70647174"><ele>-1.277</ele><time>2025-01-16T12:01:49.999Z</time><speed>0.000</speed><sat>19</sat></trkpt>
  <trkpt lat="10.77250091" lon="106.70647223"><ele>-1.128</ele><time>2025-01-16T12:01:50.999Z</time><speed>0.000</speed><sat>19</sat></trkpt>
  <trkpt lat="10.77250142" lon="106.70647167"><ele>-0.864</ele><time>2025-01-16T12:01:51.999Z</time><speed>0.000</speed><sat>17</sat></trkpt>
  <trkpt lat="10.77250348" lon="106.70647081"><ele>-0.681</ele><time>2025-01-16T12:01:52.999Z</time><speed>0.468</speed><sat>19</sat></trkpt>
  <trkpt lat="10.77251262" lon="106.70647027"><ele>-0.483</ele><time>2025-01-16T12:01:53.999Z</time><speed>1.085</speed><sat>18</sat></trkpt>
  <trkpt lat="10.77252792" lon="106.70646944"><ele>-0.163</ele><time>2025-01-16T12:01:54.999Z</time><speed>1.713</speed><sat>16</sat></trkpt>
  <trkpt lat="10.77254675" lon="106.70646795"><ele>0.235</ele><time>2025-01-16T12:01:55.999Z</time><speed>1.713</speed><sat>17</sat></trkpt>
  <trkpt lat="10.77256821" lon="106.70646379"><ele>0.695</ele><time>2025-01-16T12:01:56.999Z</time><speed>2.048</speed><sat>16</sat></trkpt>
  <trkpt lat="10.77259048" lon="106.70645664"><ele>1.119</ele><time>2025-01-16T12:01:57.999Z</time><speed>2.235</speed><sat>16</sat></trkpt>
  <trkpt lat="10.77261535" lon="106.70645713"><ele>1.062</ele><time>2025-01-16T12:01:58.999Z</time><speed>2.221</speed><sat>18</sat></trkpt>
  <trkpt lat="10.77264020" lon="106.70645822"><ele>0.981</ele><time>2025-01-16T12:01:59.999Z</time><speed>2.247</speed><sat>18</sat></trkpt>
  <trkpt lat="10.77266501" lon="106.70646112"><ele>0.910</ele><time>2025-01-16T12:02:00.999Z</time><speed>2.197</speed><sat>16</sat></trkpt>
  <trkpt lat="10.77269332" lon="106.70646497"><ele>0.573</ele><time>2025-01-16T12:02:01.999Z</time><speed>2.059</speed><sat>17</sat></trkpt>
  <trkpt lat="10.77271550" lon="106.70646854"><ele>0.600</ele><time>2025-01-16T12:02:02.999Z</time><speed>2.058</speed><sat>16</sat></trkpt>
  <trkpt lat="10.77274220" lon="106.70646771"><ele>-0.127</ele><time>2025-01-16T12:02:03.999Z</time><speed>2.084</speed><sat>16</sat></trkpt>
  <trkpt lat="10.77276122" lon="106.70647311"><ele>-0.173</ele><time>2025-01-16T12:02:04.999Z</time><speed>1.705</speed><sat>17</sat></trkpt>
  <trkpt lat="10.77278023" lon="106.70647658"><ele>-0.269</ele><time>2025-01-16T12:02:05.999Z</time><speed>1.867</speed><sat>18</sat></trkpt>
  <trkpt lat="10.77280628" lon="106.70648707"><ele>0.361</ele><time>2025-01-16T12:02:06.999Z</time><speed>1.627</speed><sat>17</sat></trkpt>
  <trkpt lat="10.77282777" lon="106.70649339"><ele>0.560</ele><time>2025-01-16T12:02:07.999Z</time><speed>1.493</speed><sat>18</sat></trkpt>
  <trkpt lat="10.77284495" lon="106.70650192"><ele>1.167</ele><time>2025-01-16T12:02:08.999Z</time><speed>1.147</speed><sat>19</sat></trkpt>
  <trkpt lat="10.77285734" lon="106.70650465"><ele>1.390</ele><time>2025-01-16T12:02:09.999Z</time><speed>0.799</speed><sat>17</sat></trkpt>
  <trkpt lat="10.77287119" lon="106.70651003"><ele>2.014</ele><time>2025-01-16T12:02:10.999Z</time><speed>0.803</speed><sat>18</sat></trkpt>
  <trkpt lat="10.77287972" lon="106.70651249"><ele>2.940</ele><time>2025-01-16T12:02:11.999Z</time><speed>0.499</speed><sat>17</sat></trkpt>
  <trkpt lat="10.77288605" lon="106.70651176"><ele>2.130</ele><time>2025-01-16T12:02:12.999Z</time><speed>0.355</speed><sat>16</sat></trkpt>
  <trkpt lat="10.77288951" lon="106.70651056"><ele>2.076</ele><time>2025-01-16T12:02:13.999Z</time><speed>0.000</speed><sat>16</sat></trkpt>
  <trkpt lat="10.77289187" lon="106.70650596"><ele>2.321</ele><time>2025-01-16T12:02:14.999Z</time><speed>0.505</speed><sat>16</sat></trkpt>
  <trkpt lat="10.77289612" lon="106.70650298"><ele>2.416</ele><time>2025-01-16T12:02:15.999Z</time><speed>0.692</speed><sat>17</sat></trkpt>
  <trkpt lat="10.77290428" lon="106.70650188"><ele>2.338</ele><time>2025-01-16T12:02:16.999Z</time><speed>1.087</speed><sat>17</sat></trkpt>
  <trkpt lat="10.77292137" lon="106.70650203"><ele>2.524</ele><time>2025-01-16T12:02:17.999Z</time><speed>1.176</speed><sat>16</sat></trkpt>
  <trkpt lat="10.77293679" lon="106.70650473"><ele>2.505</ele><time>2025-01-16T12:02:18.999Z</time><speed>1.369</speed><sat>15</sat></trkpt>
  <trkpt lat="10.77295603" lon="106.70650874"><ele>2.803</ele><time>2025-01-16T12:02:19.999Z</time><speed>1.316</speed><sat>16</sat></trkpt>
  <trkpt lat="10.77296896" lon="106.70650919"><ele>2.834</ele><time>2025-01-16T12:02:20.999Z</time><speed>1.194</speed><sat>17</sat></trkpt>
  <trkpt lat="10.77298040" lon="106.70651098"><ele>3.056</ele><time>2025-01-16T12:02:21.999Z</time><speed>1.074</speed><sat>15</sat></trkpt>
  <trkpt lat="10.77299073" lon="106.70651367"><ele>3.132</ele><time>2025-01-16T12:02:22.999Z</time><speed>2.677</speed><sat>16</sat></trkpt>
  <trkpt lat="10.77299954" lon="106.70651562"><ele>3.199</ele><time>2025-01-16T12:02:23.999Z</time><speed>2.511</speed><sat>15</sat></trkpt>
  <trkpt lat="10.77300868" lon="106.70651515"><ele>3.151</ele><time>2025-01-16T12:02:24.999Z</time><speed>2.360</speed><sat>17</sat></trkpt>
  <trkpt lat="10.77301737" lon="106.70651516"><ele>2.730</ele><time>2025-01-16T12:02:25.999Z</time><speed>2.222</speed><sat>17</sat></trkpt>
  <trkpt lat="10.77302882" lon="106.70651670"><ele>2.627</ele><time>2025-01-16T12:02:26.999Z</time><speed>2.127</speed><sat>15</sat></trkpt>
  <trkpt lat="10.77304420" lon="106.70652072"><ele>2.702</ele><time>2025-01-16T12:02:27.999Z</time><speed>2.082</speed><sat>17</sat></trkpt>
  <trkpt lat="10.77306191" lon="106.70652265"><ele>2.742</ele><time>2025-01-16T12:02:28.999Z</time><speed>2.061</speed><sat>15</sat></trkpt>
  <trkpt lat="10.77307743" lon="106.70652442"><ele>2.754</ele><time>2025-01-16T12:02:29.999Z</time><speed>2.027</speed><sat>15</sat></trkpt>
  <trkpt lat="10.77309264" lon="106.70652616"><ele>2.627</ele><time>2025-01-16T12:02:30.999Z</time><speed>1.993</speed><sat>15</sat></trkpt>
  <trkpt lat="10.77310857" lon="106.70652787"><ele>2.646</ele><time>2025-01-16T12:02:31.999Z</time><speed>1.969</speed><sat>14</sat></trkpt>
  <trkpt lat="10.77312613" lon="106.70653215"><ele>2.658</ele><time>2025-01-16T12:02:32.999Z</time><speed>1.960</speed><sat>12</sat></trkpt>
  <trkpt lat="10.77313768" lon="106.70653452"><ele>2.597</ele><time>2025-01-16T12:02:33.999Z</time><speed>1.898</speed><sat>13</sat></trkpt>
  <trkpt lat="10.77315386" lon="106.70653703"><ele>2.644</ele><time>2025-01-16T12:02:34.999Z</time><speed>1.884</speed><sat>13</sat></trkpt>
  <trkpt lat="10.77317305" lon="106.70653791"><ele>2.525</ele><time>2025-01-16T12:02:35.999Z</time><speed>1.900</speed><sat>12</sat></trkpt>
  <trkpt lat="10.77319143" lon="106.70653912"><ele>2.424</ele><time>2025-01-16T12:02:36.999Z</time><speed>1.910</speed><sat>14</sat></trkpt>
  <trkpt lat="10.77320723" lon="106.70654184"><ele>2.310</ele><time>2025-01-16T12:02:37.999Z</time><speed>1.900</speed><sat>12</sat></trkpt>
  <trkpt lat="10.77322052" lon="106.70654580"><ele>2.001</ele><time>2025-01-16T12:02:38.999Z</time><speed>1.872</speed><sat>12</sat></trkpt>
  <trkpt lat="10.77323738" lon="106.70654705"><ele>1.872</ele><time>2025-01-16T12:02:39.999Z</time><speed>1.871</speed><sat>14</sat></trkpt>
  <trkpt lat="10.77325329" lon="106.70654947"><ele>1.885</ele><time>2025-01-16T12:02:40.999Z</time><speed>1.862</speed><sat>13</sat></trkpt>
  <trkpt lat="10.77327027" lon="106.70655268"><ele>1.578</ele><time>2025-01-16T12:02:41.999Z</time><speed>1.861</speed><sat>14</sat></trkpt>
  <trkpt lat="10.77327671" lon="106.70655625"><ele>1.459</ele><time>2025-01-16T12:02:42.999Z</time><speed>1.766</speed><sat>17</sat></trkpt>
  <trkpt lat="10.77327750" lon="106.70655617"><ele>1.518</ele><time>2025-01-16T12:02:43.999Z</time><speed>1.619</speed><sat>16</sat></trkpt>
  <trkpt lat="10.77328324" lon="106.70655494"><ele>1.753</ele><time>2025-01-16T12:02:44.999Z</time><speed>1.402</speed><sat>18</sat></trkpt>
  <trkpt lat="10.77328658" lon="106.70655371"><ele>1.682</ele><time>2025-01-16T12:02:45.999Z</time><speed>1.247</speed><sat>18</sat></trkpt>
  <trkpt lat="10.77329319" lon="106.70655355"><ele>1.426</ele><time>2025-01-16T12:02:46.999Z</time><speed>1.184</speed><sat>15</sat></trkpt>
  <trkpt lat="10.77330508" lon="106.70655460"><ele>1.289</ele><time>2025-01-16T12:02:47.999Z</time><speed>1.241</speed><sat>16</sat></trkpt>
  <trkpt lat="10.77332317" lon="106.70655388"><ele>1.524</ele><time>2025-01-16T12:02:48.999Z</time><speed>1.365</speed><sat>17</sat></trkpt>
  <trkpt lat="10.77333832" lon="106.70655485"><ele>1.485</ele><time>2025-01-16T12:02:49.999Z</time><speed>1.450</speed><sat>16</sat></trkpt>
  <trkpt lat="10.77335870" lon="106.70655627"><ele>1.403</ele><time>2025-01-16T12:02:50.999Z</time><speed>1.588</speed><sat>16</sat></trkpt>
  <trkpt lat="10.77337979" lon="106.70655772"><ele>1.173</ele><time>2025-01-16T12:02:51.999Z</time><speed>1.710</speed><sat>15</sat></trkpt>
  <trkpt lat="10.77340116" lon="106.70656050"><ele>0.972</ele><time>2025-01-16T12:02:52.999Z</time><speed>1.806</speed><sat>16</sat></trkpt>
  <trkpt lat="10.77342150" lon="106.70656127"><ele>0.895</ele><time>2025-01-16T12:02:53.999Z</time><speed>1.867</speed><sat>16</sat></trkpt>
  <trkpt lat="10.77344262" lon="106.70656273"><ele>0.918</ele><time>2025-01-16T12:02:54.999Z</time><speed>1.921</speed><sat>16</sat></trkpt>
  <trkpt lat="10.77346325" lon="106.70656456"><ele>0.820</ele><time>2025-01-16T12:02:55.999Z</time><speed>1.963</speed><sat>17</sat></trkpt>
  <trkpt lat="10.77348037" lon="106.70656619"><ele>0.712</ele><time>2025-01-16T12:02:56.999Z</time><speed>1.965</speed><sat>17</sat></trkpt>
  <trkpt lat="10.77349463" lon="106.70656735"><ele>0.520</ele><time>2025-01-16T12:02:57.999Z</time><speed>1.936</speed><sat>14</sat></trkpt>
  <trkpt lat="10.77350653" lon="106.70656927"><ele>0.361</ele><time>2025-01-16T12:02:58.999Z</time><speed>1.884</speed><sat>16</sat></trkpt>
  <trkpt lat="10.77351902" lon="106.70656940"><ele>0.303</ele><time>2025-01-16T12:02:59.999Z</time><speed>1.836</speed><sat>19</sat></trkpt>
  <trkpt lat="10.77352858" lon="106.70657079"><ele>0.698</ele><time>2025-01-16T12:03:00.999Z</time><speed>1.767</speed><sat>21</sat></trkpt>
  <trkpt lat="10.77354098" lon="106.70657189"><ele>0.511</ele><time>2025-01-16T12:03:01.999Z</time><speed>1.733</speed><sat>18</sat></trkpt>
  <trkpt lat="10.77355855" lon="106.70657497"><ele>0.557</ele><time>2025-01-16T12:03:02.999Z</time><speed>1.753</speed><sat>20</sat></trkpt>
  <trkpt lat="10.77357785" lon="106.70658014"><ele>0.239</ele><time>2025-01-16T12:03:03.999Z</time><speed>1.794</speed><sat>21</sat></trkpt>
  <trkpt lat="10.77359926" lon="106.70658491"><ele>0.073</ele><time>2025-01-16T12:03:04.999Z</time><speed>1.854</speed><sat>21</sat></trkpt>
  <trkpt lat="10.77362201" lon="106.70658753"><ele>-0.486</ele><time>2025-01-16T12:03:05.999Z</time><speed>1.923</speed><sat>20</sat></trkpt>
  <trkpt lat="10.77364630" lon="106.70659012"><ele>-0.784</ele><time>2025-01-16T12:03:06.999Z</time><speed>1.999</speed><sat>18</sat></trkpt>
  <trkpt lat="10.77366819" lon="106.70659348"><ele>-0.808</ele><time>2025-01-16T12:03:07.999Z</time><speed>2.047</speed><sat>18</sat></trkpt>
  <trkpt lat="10.77368965" lon="106.70659595"><ele>-0.947</ele><time>2025-01-16T12:03:08.999Z</time><speed>2.081</speed><sat>20</sat></trkpt>
  <trkpt lat="10.77370863" lon="106.70659821"><ele>-1.412</ele><time>2025-01-16T12:03:09.999Z</time><speed>2.091</speed><sat>19</sat></trkpt>
  <trkpt lat="10.77372942" lon="106.70659908"><ele>-1.434</ele><time>2025-01-16T12:03:10.999Z</time><speed>2.115</speed><sat>17</sat></trkpt>
  <trkpt lat="10.77375222" lon="106.70660000"><ele>-1.217</ele><time>2025-01-16T12:03:11.999Z</time><speed>2.156</speed><sat>19</sat></trkpt>
  <trkpt lat="10.77377691" lon="106.70660222"><ele>-1.173</ele><time>2025-01-16T12:03:12.999Z</time><speed>2.214</speed><sat>19</sat></trkpt>
  <trkpt lat="10.77380267" lon="106.70660385"><ele>-1.375</ele><time>2025-01-16T12:03:13.999Z</time><speed>2.278</speed><sat>18</sat></trkpt>
  <trkpt lat="10.77383075" lon="106.70660624"><ele>-1.239</ele><time>2025-01-16T12:03:14.999Z</time><speed>2.360</speed><sat>17</sat></trkpt>
  <trkpt lat="10.77385875" lon="106.70660744"><ele>-1.572</ele><time>2025-01-16T12:03:15.999Z</time><speed>2.433</speed><sat>16</sat></trkpt>
  <trkpt lat="10.77388510" lon="106.70660972"><ele>-1.685</ele><time>2025-01-16T12:03:16.999Z</time><speed>2.487</speed><sat>17</sat></trkpt>
  <trkpt lat="10.77391314" lon="106.70661141"><ele>-1.935</ele><time>2025-01-16T12:03:17.999Z</time><speed>2.550</speed><sat>16</sat></trkpt>
  <trkpt lat="10.77394038" lon="106.70661275"><ele>-1.930</ele><time>2025-01-16T12:03:18.999Z</time><speed>2.598</speed><sat>16</sat></trkpt>
  <trkpt lat="10.77396550" lon="106.70661409"><ele>-2.124</ele><time>2025-01-16T12:03:19.999Z</time><speed>2.618</speed><sat>16</sat></trkpt>
  <trkpt lat="10.77398750" lon="106.70661570"><ele>-2.255</ele><time>2025-01-16T12:03:20.999Z</time><speed>2.606</speed><sat>16</sat></trkpt>
  <trkpt lat="10.77400882" lon="106.70661720"><ele>-2.413</ele><time>2025-01-16T12:03:21.999Z</time><speed>2.586</speed><sat>16</sat></trkpt>
  <trkpt lat="10.77402871" lon="106.70661906"><ele>-2.466</ele><time>2025-01-16T12:03:22.999Z</time><speed>2.553</speed><sat>17</sat></trkpt>
  <trkpt lat="10.77404265" lon="106.70661997"><ele>-2.515</ele><time>2025-01-16T12:03:23.999Z</time><speed>2.464</speed><sat>15</sat></trkpt>
  <trkpt lat="10.77405590" lon="106.70662062"><ele>-2.581</ele><time>2025-01-16T12:03:24.999Z</time><speed>2.369</speed><sat>15</sat></trkpt>
  <trkpt lat="10.77405942" lon="106.70662128"><ele>-2.757</ele><time>2025-01-16T12:03:25.999Z</time><speed>2.190</speed><sat>17</sat></trkpt>
  <trkpt lat="10.77406134" lon="106.70662039"><ele>-2.964</ele><time>2025-01-16T12:03:26.999Z</time><speed>1.823</speed><sat>15</sat></trkpt>
  <trkpt lat="10.77406540" lon="106.70661957"><ele>-3.062</ele><time>2025-01-16T12:03:27.999Z</time><speed>1.598</speed><sat>15</sat></trkpt>
  <trkpt lat="10.77407023" lon="106.70661878"><ele>-3.049</ele><time>2025-01-16T12:03:28.999Z</time><speed>1.452</speed><sat>13</sat></trkpt>
  <trkpt lat="10.77407953" lon="106.70661945"><ele>-2.989</ele><time>2025-01-16T12:03:29.999Z</time><speed>1.437</speed><sat>12</sat></trkpt>
  <trkpt lat="10.77409418" lon="106.70661896"><ele>-3.005</ele><time>2025-01-16T12:03:30.999Z</time><speed>1.500</speed><sat>12</sat></trkpt>
  <trkpt lat="10.77410747" lon="106.70662179"><ele>-3.157</ele><time>2025-01-16T12:03:31.999Z</time><speed>1.541</speed><sat>11</sat></trkpt>
  <trkpt lat="10.77412267" lon="106.70662409"><ele>-3.182</ele><time>2025-01-16T12:03:32.999Z</time><speed>1.578</speed><sat>11</sat></trkpt>
  <trkpt lat="10.77413275" lon="106.70662393"><ele>-3.257</ele><time>2025-01-16T12:03:33.999Z</time><speed>1.541</speed><sat>12</sat></trkpt>
  <trkpt lat="10.77414101" lon="106.70662305"><ele>-3.284</ele><time>2025-01-16T12:03:34.999Z</time><speed>1.482</speed><sat>12</sat></trkpt>
  <trkpt lat="10.77415091" lon="106.70662280"><ele>-3.325</ele><time>2025-01-16T12:03:35.999Z</time><speed>1.443</speed><sat>13</sat></trkpt>
  <trkpt lat="10.77416019" lon="106.70662262"><ele>-3.315</ele><time>2025-01-16T12:03:36.999Z</time><speed>1.404</speed><sat>12</sat></trkpt>
  <trkpt lat="10.77416937" lon="106.70662316"><ele>-3.294</ele><time>2025-01-16T12:03:37.999Z</time><speed>1.367</speed><sat>13</sat></trkpt>
  <trkpt lat="10.77417953" lon="106.70662441"><ele>-3.312</ele><time>2025-01-16T12:03:38.999Z</time><speed>1.344</speed><sat>10</sat></trkpt>
  <trkpt lat="10.77419356" lon="106.70662549"><ele>-3.226</ele><time>2025-01-16T12:03:39.999Z</time><speed>1.357</speed><sat>9</sat></trkpt>
  <trkpt lat="10.77420650" lon="106.70662684"><ele>-3.138</ele><time>2025-01-16T12:03:40.999Z</time><speed>1.359</speed><sat>10</sat></trkpt>
  <trkpt lat="10.77421792" lon="106.70662832"><ele>-3.046</ele><time>2025-01-16T12:03:41.999Z</time><speed>1.349</speed><sat>10</sat></trkpt>
  <trkpt lat="10.77422412" lon="106.70662796"><ele>-2.895</ele><time>2025-01-16T12:03:42.999Z</time><speed>1.289</speed><sat>10</sat></trkpt>
  <trkpt lat="10.77422887" lon="106.70662751"><ele>-3.014</ele><time>2025-01-16T12:03:43.999Z</time><speed>1.217</speed><sat>9</sat></trkpt>
  <trkpt lat="10.77423410" lon="106.70662793"><ele>-2.979</ele><time>2025-01-16T12:03:44.999Z</time><speed>1.153</speed><sat>11</sat></trkpt>
  <trkpt lat="10.77424266" lon="106.70662801"><ele>-2.915</ele><time>2025-01-16T12:03:45.999Z</time><speed>1.127</speed><sat>9</sat></trkpt>
  <trkpt lat="10.77425530" lon="106.70662961"><ele>-2.874</ele><time>2025-01-16T12:03:46.999Z</time><speed>1.144</speed><sat>8</sat></trkpt>
  <trkpt lat="10.77426832" lon="106.70663001"><ele>-2.829</ele><time>2025-01-16T12:03:47.999Z</time><speed>1.169</speed><sat>9</sat></trkpt>
  <trkpt lat="10.77428377" lon="106.70663172"><ele>-2.830</ele><time>2025-01-16T12:03:48.999Z</time><speed>1.217</speed><sat>10</sat></trkpt>
  <trkpt lat="10.77429838" lon="106.70663080"><ele>-2.783</ele><time>2025-01-16T12:03:49.999Z</time><speed>1.253</speed><sat>10</sat></trkpt>
  <trkpt lat="10.77431041" lon="106.70663268"><ele>-2.747</ele><time>2025-01-16T12:03:50.999Z</time><speed>1.264</speed><sat>12</sat></trkpt>
  <trkpt lat="10.77432801" lon="106.70663232"><ele>-2.668</ele><time>2025-01-16T12:03:51.999Z</time><speed>1.322</speed><sat>12</sat></trkpt>
  <trkpt lat="10.77434147" lon="106.70663301"><ele>-2.728</ele><time>2025-01-16T12:03:52.999Z</time><speed>1.338</speed><sat>11</sat></trkpt>
  <trkpt lat="10.77434919" lon="106.70663284"><ele>-2.714</ele><time>2025-01-16T12:03:53.999Z</time><speed>1.297</speed><sat>9</sat></trkpt>
  <trkpt lat="10.77435657" lon="106.70663369"><ele>-2.703</ele><time>2025-01-16T12:03:54.999Z</time><speed>1.254</speed><sat>10</sat></trkpt>
  <trkpt lat="10.77436126" lon="106.70663582"><ele>-2.726</ele><time>2025-01-16T12:03:55.999Z</time><speed>1.195</speed><sat>13</sat></trkpt>
  <trkpt lat="10.77437357" lon="106.70663678"><ele>-2.704</ele><time>2025-01-16T12:03:56.999Z</time><speed>1.206</speed><sat>13</sat></trkpt>
  <trkpt lat="10.77438904" lon="106.70663840"><ele>-2.687</ele><time>2025-01-16T12:03:57.999Z</time><speed>1.248</speed><sat>10</sat></trkpt>
  <trkpt lat="10.77440730" lon="106.70664045"><ele>-2.684</ele><time>2025-01-16T12:03:58.999Z</time><speed>1.314</speed><sat>11</sat></trkpt>
  <trkpt lat="10.77442629" lon="106.70664109"><ele>-2.513</ele><time>2025-01-16T12:03:59.999Z</time><speed>1.382</speed><sat>9</sat></trkpt>
  <trkpt lat="10.77444017" lon="106.70664211"><ele>-2.638</ele><time>2025-01-16T12:04:00.999Z</time><speed>1.396</speed><sat>11</sat></trkpt>
  <trkpt lat="10.77444909" lon="106.70664269"><ele>-2.629</ele><time>2025-01-16T12:04:01.999Z</time><speed>1.362</speed><sat>10</sat></trkpt>
  <trkpt lat="10.77445894" lon="106.70664457"><ele>-2.618</ele><time>2025-01-16T12:04:02.999Z</time><speed>1.338</speed><sat>9</sat></trkpt>
  <trkpt lat="10.77446942" lon="106.70664545"><ele>-2.578</ele><time>2025-01-16T12:04:03.999Z</time><speed>1.320</speed><sat>9</sat></trkpt>
  <trkpt lat="10.77447911" lon="106.70664626"><ele>-2.552</ele><time>2025-01-16T12:04:04.999Z</time><speed>1.296</speed><sat>10</sat></trkpt>
  <trkpt lat="10.77448650" lon="106.70664740"><ele>-2.551</ele><time>2025-01-16T12:04:05.999Z</time><speed>1.255</speed><sat>10</sat></trkpt>
  <trkpt lat="10.77449235" lon="106.70664822"><ele>-2.611</ele><time>2025-01-16T12:04:06.999Z</time><speed>1.204</speed><sat>10</sat></trkpt>
  <trkpt lat="10.77450001" lon="106.70664757"><ele>-2.665</ele><time>2025-01-16T12:04:07.999Z</time><speed>1.172</speed><sat>11</sat></trkpt>
  <trkpt lat="10.77451209" lon="106.70664739"><ele>-3.052</ele><time>2025-01-16T12:04:08.999Z</time><speed>1.183</speed><sat>10</sat></trkpt>
  <trkpt lat="10.77452266" lon="106.70664669"><ele>-3.085</ele><time>2025-01-16T12:04:09.999Z</time><speed>1.181</speed><sat>10</sat></trkpt>
  <trkpt lat="10.77453405" lon="106.70664703"><ele>-3.081</ele><time>2025-01-16T12:04:10.999Z</time><speed>1.186</speed><sat>11</sat></trkpt>
  <trkpt lat="10.77454883" lon="106.70664750"><ele>-2.954</ele><time>2025-01-16T12:04:11.999Z</time><speed>1.224</speed><sat>11</sat></trkpt>
  <trkpt lat="10.77456382" lon="106.70664678"><ele>-2.967</ele><time>2025-01-16T12:04:12.999Z</time><speed>1.265</speed><sat>10</sat></trkpt>
  <trkpt lat="10.77457856" lon="106.70664597"><ele>-3.059</ele><time>2025-01-16T12:04:13.999Z</time><speed>1.302</speed><sat>11</sat></trkpt>
  <trkpt lat="10.77459423" lon="106.70664481"><ele>-3.181</ele><time>2025-01-16T12:04:14.999Z</time><speed>1.343</speed><sat>9</sat></trkpt>
  <trkpt lat="10.77460963" lon="106.70664497"><ele>-3.035</ele><time>2025-01-16T12:04:15.999Z</time><speed>1.377</speed><sat>9</sat></trkpt>
  <trkpt lat="10.77462466" lon="106.70664578"><ele>-2.940</ele><time>2025-01-16T12:04:16.999Z</time><speed>1.398</speed><sat>9</sat></trkpt>
  <trkpt lat="10.77463431" lon="106.70664673"><ele>-2.904</ele><time>2025-01-16T12:04:17.999Z</time><speed>1.366</speed><sat>10</sat></trkpt>
  <trkpt lat="10.77463640" lon="106.70664158"><ele>-2.988</ele><time>2025-01-16T12:04:18.999Z</time><speed>1.295</speed><sat>10</sat></trkpt>
  <trkpt lat="10.77464160" lon="106.70663960"><ele>-2.935</ele><time>2025-01-16T12:04:19.999Z</time><speed>1.142</speed><sat>11</sat></trkpt>
  <trkpt lat="10.77464360" lon="106.70663969"><ele>-2.832</ele><time>2025-01-16T12:04:20.999Z</time><speed>1.018</speed><sat>12</sat></trkpt>
  <trkpt lat="10.77464983" lon="106.70664471"><ele>-2.926</ele><time>2025-01-16T12:04:21.999Z</time><speed>1.037</speed><sat>13</sat></trkpt>
  <trkpt lat="10.77465800" lon="106.70665110"><ele>-3.165</ele><time>2025-01-16T12:04:22.999Z</time><speed>1.112</speed><sat>17</sat></trkpt>
  <trkpt lat="10.77467541" lon="106.70665798"><ele>-3.424</ele><time>2025-01-16T12:04:23.999Z</time><speed>1.245</speed><sat>15</sat></trkpt>
  <trkpt lat="10.77469178" lon="106.70665885"><ele>-3.583</ele><time>2025-01-16T12:04:24.999Z</time><speed>1.315</speed><sat>13</sat></trkpt>
  <trkpt lat="10.77470323" lon="106.70665688"><ele>-3.692</ele><time>2025-01-16T12:04:25.999Z</time><speed>1.306</speed><sat>15</sat></trkpt>
  <trkpt lat="10.77471470" lon="106.70665630"><ele>-3.481</ele><time>2025-01-16T12:04:26.999Z</time><speed>1.284</speed><sat>14</sat></trkpt>
  <trkpt lat="10.77472386" lon="106.70665566"><ele>-3.726</ele><time>2025-01-16T12:04:27.999Z</time><speed>1.243</speed><sat>15</sat></trkpt>
  <trkpt lat="10.77473235" lon="106.70665452"><ele>-3.588</ele><time>2025-01-16T12:04:28.999Z</time><speed>1.204</speed><sat>15</sat></trkpt>
  <trkpt lat="10.77474000" lon="106.70665352"><ele>-3.635</ele><time>2025-01-16T12:04:29.999Z</time><speed>1.164</speed><sat>18</sat></trkpt>
  <trkpt lat="10.77474494" lon="106.70665441"><ele>-3.631</ele><time>2025-01-16T12:04:30.999Z</time><speed>1.104</speed><sat>18</sat></trkpt>
  <trkpt lat="10.77474918" lon="106.70665460"><ele>-3.752</ele><time>2025-01-16T12:04:31.999Z</time><speed>0.983</speed><sat>18</sat></trkpt>
  <trkpt lat="10.77475295" lon="106.70665558"><ele>-3.618</ele><time>2025-01-16T12:04:32.999Z</time><speed>0.878</speed><sat>16</sat></trkpt>
  <trkpt lat="10.77475226" lon="106.70665619"><ele>-3.742</ele><time>2025-01-16T12:04:33.999Z</time><speed>0.757</speed><sat>14</sat></trkpt>
  <trkpt lat="10.77475294" lon="106.70665644"><ele>-3.935</ele><time>2025-01-16T12:04:34.999Z</time><speed>0.204</speed><sat>13</sat></trkpt>
  <trkpt lat="10.77475461" lon="106.70665684"><ele>-4.112</ele><time>2025-01-16T12:04:35.999Z</time><speed>0.198</speed><sat>15</sat></trkpt>
  <trkpt lat="10.77476086" lon="106.70665720"><ele>-4.148</ele><time>2025-01-16T12:04:36.999Z</time><speed>0.388</speed><sat>15</sat></trkpt>
  <trkpt lat="10.77476537" lon="106.70665673"><ele>-4.126</ele><time>2025-01-16T12:04:37.999Z</time><speed>0.483</speed><sat>16</sat></trkpt>
  <trkpt lat="10.77476919" lon="106.70665633"><ele>-4.135</ele><time>2025-01-16T12:04:38.999Z</time><speed>0.511</speed><sat>14</sat></trkpt>
  <trkpt lat="10.77477383" lon="106.70665670"><ele>-4.154</ele><time>2025-01-16T12:04:39.999Z</time><speed>0.510</speed><sat>17</sat></trkpt>
  <trkpt lat="10.77478153" lon="106.70665705"><ele>-4.051</ele><time>2025-01-16T12:04:40.999Z</time><speed>0.555</speed><sat>17</sat></trkpt>
  <trkpt lat="10.77479365" lon="106.70665775"><ele>-4.039</ele><time>2025-01-16T12:04:41.999Z</time><speed>0.901</speed><sat>16</sat></trkpt>
  <trkpt lat="10.77480489" lon="106.70665881"><ele>-4.071</ele><time>2025-01-16T12:04:42.999Z</time><speed>1.028</speed><sat>16</sat></trkpt>
  <trkpt lat="10.77481509" lon="106.70665922"><ele>-4.068</ele><time>2025-01-16T12:04:43.999Z</time><speed>1.064</speed><sat>13</sat></trkpt>
  <trkpt lat="10.77482564" lon="106.70666000"><ele>-4.064</ele><time>2025-01-16T12:04:44.999Z</time><speed>1.092</speed><sat>14</sat></trkpt>
  <trkpt lat="10.77483698" lon="106.70666068"><ele>-4.005</ele><time>2025-01-16T12:04:45.999Z</time><speed>1.133</speed><sat>13</sat></trkpt>
  <trkpt lat="10.77485310" lon="106.70666128"><ele>-4.023</ele><time>2025-01-16T12:04:46.999Z</time><speed>1.256</speed><sat>14</sat></trkpt>
  <trkpt lat="10.77487209" lon="106.70666279"><ele>-4.286</ele><time>2025-01-16T12:04:47.999Z</time><speed>1.401</speed><sat>16</sat></trkpt>
  <trkpt lat="10.77489454" lon="106.70666554"><ele>-4.344</ele><time>2025-01-16T12:04:48.999Z</time><speed>1.573</speed><sat>17</sat></trkpt>
  <trkpt lat="10.77492209" lon="106.70666724"><ele>-4.350</ele><time>2025-01-16T12:04:49.999Z</time><speed>1.476</speed><sat>20</sat></trkpt>
  <trkpt lat="10.77495171" lon="106.70666888"><ele>-4.541</ele><time>2025-01-16T12:04:50.999Z</time><speed>1.618</speed><sat>20</sat></trkpt>
  <trkpt lat="10.77498406" lon="106.70667236"><ele>-4.532</ele><time>2025-01-16T12:04:51.999Z</time><speed>1.779</speed><sat>22</sat></trkpt>
  <trkpt lat="10.77501729" lon="106.70667522"><ele>-4.536</ele><time>2025-01-16T12:04:52.999Z</time><speed>2.549</speed><sat>20</sat></trkpt>
  <trkpt lat="10.77505803" lon="106.70667725"><ele>-4.670</ele><time>2025-01-16T12:04:53.999Z</time><speed>2.173</speed><sat>22</sat></trkpt>
  <trkpt lat="10.77509733" lon="106.70668229"><ele>-4.745</ele><time>2025-01-16T12:04:54.999Z</time><speed>3.057</speed><sat>23</sat></trkpt>
  <trkpt lat="10.77513299" lon="106.70668362"><ele>-4.650</ele><time>2025-01-16T12:04:55.999Z</time><speed>3.300</speed><sat>24</sat></trkpt>
  <trkpt lat="10.77517085" lon="106.70668401"><ele>-4.890</ele><time>2025-01-16T12:04:56.999Z</time><speed>3.498</speed><sat>21</sat></trkpt>
  <trkpt lat="10.77520796" lon="106.70668602"><ele>-4.871</ele><time>2025-01-16T12:04:57.999Z</time><speed>3.608</speed><sat>22</sat></trkpt>
  <trkpt lat="10.77524709" lon="106.70669044"><ele>-4.871</ele><time>2025-01-16T12:04:58.999Z</time><speed>3.735</speed><sat>22</sat></trkpt>
  <trkpt lat="10.77528557" lon="106.70669228"><ele>-5.085</ele><time>2025-01-16T12:04:59.999Z</time><speed>3.814</speed><sat>22</sat></trkpt>
  <trkpt lat="10.77532621" lon="106.70669168"><ele>-4.941</ele><time>2025-01-16T12:05:00.999Z</time><speed>3.913</speed><sat>23</sat></trkpt>
  <trkpt lat="10.77536894" lon="106.70668994"><ele>-5.004</ele><time>2025-01-16T12:05:01.999Z</time><speed>4.029</speed><sat>22</sat></trkpt>
  <trkpt lat="10.77540947" lon="106.70668708"><ele>-4.898</ele><time>2025-01-16T12:05:02.999Z</time><speed>4.090</speed><sat>26</sat></trkpt>
  <trkpt lat="10.77545103" lon="106.70668588"><ele>-4.831</ele><time>2025-01-16T12:05:03.999Z</time><speed>4.153</speed><sat>26</sat></trkpt>
  <trkpt lat="10.77549317" lon="106.70668649"><ele>-4.790</ele><time>2025-01-16T12:05:04.999Z</time><speed>4.215</speed><sat>26</sat></trkpt>
  <trkpt lat="10.77553527" lon="106.70668840"><ele>-4.677</ele><time>2025-01-16T12:05:05.999Z</time><speed>4.268</speed><sat>24</sat></trkpt>
  <trkpt lat="10.77557561" lon="106.70669040"><ele>-4.839</ele><time>2025-01-16T12:05:06.999Z</time><speed>4.292</speed><sat>22</sat></trkpt>
  <trkpt lat="10.77561249" lon="106.70669377"><ele>-4.767</ele><time>2025-01-16T12:05:07.999Z</time><speed>3.997</speed><sat>25</sat></trkpt>
  <trkpt lat="10.77564677" lon="106.70669732"><ele>-4.650</ele><time>2025-01-16T12:05:08.999Z</time><speed>3.724</speed><sat>26</sat></trkpt>
  <trkpt lat="10.77567965" lon="106.70669950"><ele>-4.583</ele><time>2025-01-16T12:05:09.999Z</time><speed>3.492</speed><sat>27</sat></trkpt>
  <trkpt lat="10.77570712" lon="106.70670088"><ele>-4.368</ele><time>2025-01-16T12:05:10.999Z</time><speed>2.951</speed><sat>23</sat></trkpt>
  <trkpt lat="10.77573352" lon="106.70670205"><ele>-4.240</ele><time>2025-01-16T12:05:11.999Z</time><speed>2.846</speed><sat>27</sat></trkpt>
  <trkpt lat="10.77575849" lon="106.70670371"><ele>-4.047</ele><time>2025-01-16T12:05:12.999Z</time><speed>2.731</speed><sat>23</sat></trkpt>
  <trkpt lat="10.77578183" lon="106.70670379"><ele>-3.950</ele><time>2025-01-16T12:05:13.999Z</time><speed>2.690</speed><sat>25</sat></trkpt>
  <trkpt lat="10.77580410" lon="106.70670364"><ele>-4.059</ele><time>2025-01-16T12:05:14.999Z</time><speed>2.406</speed><sat>24</sat></trkpt>
  <trkpt lat="10.77582462" lon="106.70670436"><ele>-4.061</ele><time>2025-01-16T12:05:15.999Z</time><speed>2.097</speed><sat>23</sat></trkpt>
  <trkpt lat="10.77583910" lon="106.70670482"><ele>-3.864</ele><time>2025-01-16T12:05:16.999Z</time><speed>1.625</speed><sat>26</sat></trkpt>
  <trkpt lat="10.77584840" lon="106.70670499"><ele>-3.612</ele><time>2025-01-16T12:05:17.999Z</time><speed>1.068</speed><sat>25</sat></trkpt>
  <trkpt lat="10.77585609" lon="106.70670496"><ele>-3.511</ele><time>2025-01-16T12:05:18.999Z</time><speed>0.837</speed><sat>25</sat></trkpt>
  <trkpt lat="10.77586255" lon="106.70670547"><ele>-3.356</ele><time>2025-01-16T12:05:19.999Z</time><speed>0.676</speed><sat>25</sat></trkpt>
  <trkpt lat="10.77586725" lon="106.70670531"><ele>-3.137</ele><time>2025-01-16T12:05:20.999Z</time><speed>0.349</speed><sat>25</sat></trkpt>
  <trkpt lat="10.77587062" lon="106.70670424"><ele>-3.123</ele><time>2025-01-16T12:05:21.999Z</time><speed>0.000</speed><sat>25</sat></trkpt>
  <trkpt lat="10.77587062" lon="106.70670424"><ele>-3.169</ele><time>2025-01-16T12:05:22.999Z</time><speed>0.000</speed><sat>24</sat></trkpt>
  <trkpt lat="10.77587062" lon="106.70670424"><ele>-3.496</ele><time>2025-01-16T12:05:23.999Z</time><speed>0.000</speed><sat>24</sat></trkpt>
  <trkpt lat="10.77587062" lon="106.70670424"><ele>-3.750</ele><time>2025-01-16T12:05:24.999Z</time><speed>0.000</speed><sat>23</sat></trkpt>
  <trkpt lat="10.77587062" lon="106.70670424"><ele>-3.955</ele><time>2025-01-16T12:05:25.999Z</time><speed>0.000</speed><sat>25</sat></trkpt>
  <trkpt lat="10.77587062" lon="106.70670424"><ele>-4.103</ele><time>2025-01-16T12:05:26.999Z</time><speed>0.000</speed><sat>23</sat></trkpt>
  <trkpt lat="10.77587062" lon="106.70670424"><ele>-4.358</ele><time>2025-01-16T12:05:27.999Z</time><speed>0.000</speed><sat>24</sat></trkpt>
  <trkpt lat="10.77587062" lon="106.70670424"><ele>-4.466</ele><time>2025-01-16T12:05:28.999Z</time><speed>0.000</speed><sat>24</sat></trkpt>
  <trkpt lat="10.77587062" lon="106.70670424"><ele>-4.665</ele><time>2025-01-16T12:05:29.999Z</time><speed>0.000</speed><sat>25</sat></trkpt>
  <trkpt lat="10.77587062" lon="106.70670424"><ele>-4.509</ele><time>2025-01-16T12:05:30.999Z</time><speed>0.000</speed><sat>25</sat></trkpt>
  <trkpt lat="10.77587062" lon="106.70670424"><ele>-4.486</ele><time>2025-01-16T12:05:31.999Z</time><speed>0.000</speed><sat>25</sat></trkpt>
  <trkpt lat="10.77587062" lon="106.70670424"><ele>-4.401</ele><time>2025-01-16T12:05:32.999Z</time><speed>0.000</speed><sat>26</sat></trkpt>
  <trkpt lat="10.77587062" lon="106.70670424"><ele>-4.156</ele><time>2025-01-16T12:05:33.999Z</time><speed>0.000</speed><sat>23</sat></trkpt>
  <trkpt lat="10.77587062" lon="106.70670424"><ele>-4.219</ele><time>2025-01-16T12:05:34.999Z</time><speed>0.000</speed><sat>25</sat></trkpt>
  <trkpt lat="10.77587062" lon="106.70670424"><ele>-4.186</ele><time>2025-01-16T12:05:35.999Z</time><speed>0.000</speed><sat>23</sat></trkpt>
  <trkpt lat="10.77587062" lon="106.70670424"><ele>-4.171</ele><time>2025-01-16T12:05:36.999Z</time><speed>0.000</speed><sat>24</sat></trkpt>
  <trkpt lat="10.77586888" lon="106.70670162"><ele>-4.144</ele><time>2025-01-16T12:05:37.999Z</time><speed>0.420</speed><sat>25</sat></trkpt>
  <trkpt lat="10.77587961" lon="106.70670253"><ele>-4.161</ele><time>2025-01-16T12:05:38.999Z</time><speed>1.172</speed><sat>25</sat></trkpt>
  <trkpt lat="10.77589734" lon="106.70670433"><ele>-4.127</ele><time>2025-01-16T12:05:39.999Z</time><speed>1.816</speed><sat>24</sat></trkpt>
  <trkpt lat="10.77591393" lon="106.70670536"><ele>-3.990</ele><time>2025-01-16T12:05:40.999Z</time><speed>1.788</speed><sat>26</sat></trkpt>
  <trkpt lat="10.77592659" lon="106.70670696"><ele>-3.995</ele><time>2025-01-16T12:05:41.999Z</time><speed>1.294</speed><sat>26</sat></trkpt>
  <trkpt lat="10.77593318" lon="106.70670794"><ele>-3.905</ele><time>2025-01-16T12:05:42.999Z</time><speed>0.634</speed><sat>25</sat></trkpt>
  <trkpt lat="10.77593669" lon="106.70670828"><ele>-3.916</ele><time>2025-01-16T12:05:43.999Z</time><speed>0.311</speed><sat>26</sat></trkpt>
  <trkpt lat="10.77593557" lon="106.70670782"><ele>-3.833</ele><time>2025-01-16T12:05:44.999Z</time><speed>0.000</speed><sat>25</sat></trkpt>
  <trkpt lat="10.77593557" lon="106.70670782"><ele>-3.761</ele><time>2025-01-16T12:05:45.999Z</time><speed>0.000</speed><sat>23</sat></trkpt>
  <trkpt lat="10.77593557" lon="106.70670782"><ele>-3.654</ele><time>2025-01-16T12:05:46.999Z</time><speed>0.000</speed><sat>23</sat></trkpt>
  <trkpt lat="10.77593557" lon="106.70670782"><ele>-3.600</ele><time>2025-01-16T12:05:47.999Z</time><speed>0.000</speed><sat>24</sat></trkpt>
  <trkpt lat="10.77593557" lon="106.70670782"><ele>-3.859</ele><time>2025-01-16T12:05:48.999Z</time><speed>0.000</speed><sat>24</sat></trkpt>
  <trkpt lat="10.77593557" lon="106.70670782"><ele>-3.999</ele><time>2025-01-16T12:05:49.999Z</time><speed>0.000</speed><sat>25</sat></trkpt>
  <trkpt lat="10.77593557" lon="106.70670782"><ele>-4.118</ele><time>2025-01-16T12:05:50.999Z</time><speed>0.000</speed><sat>23</sat></trkpt>
  <trkpt lat="10.77593557" lon="106.70670782"><ele>-4.003</ele><time>2025-01-16T12:05:51.999Z</time><speed>0.000</speed><sat>24</sat></trkpt>
  <trkpt lat="10.77593557" lon="106.70670782"><ele>-3.826</ele><time>2025-01-16T12:05:52.999Z</time><speed>0.000</speed><sat>25</sat></trkpt>
  <trkpt lat="10.77593557" lon="106.70670782"><ele>-3.597</ele><time>2025-01-16T12:05:53.999Z</time><speed>0.000</speed><sat>24</sat></trkpt>
  <trkpt lat="10.77593557" lon="106.70670782"><ele>-3.364</ele><time>2025-01-16T12:05:54.999Z</time><speed>0.000</speed><sat>25</sat></trkpt>
  <trkpt lat="10.77593557" lon="106.70670782"><ele>-3.261</ele><time>2025-01-16T12:05:55.999Z</time><speed>0.000</speed><sat>25</sat></trkpt>
  <trkpt lat="10.77593557" lon="106.70670782"><ele>-2.853</ele><time>2025-01-16T12:05:56.999Z</time><speed>0.000</speed><sat>25</sat></trkpt>
  <trkpt lat="10.77593557" lon="106.70670782"><ele>-2.888</ele><time>2025-01-16T12:05:57.999Z</time><speed>0.000</speed><sat>25</sat></trkpt>
  <trkpt lat="10.77593557" lon="106.70670782"><ele>-3.166</ele><time>2025-01-16T12:05:58.999Z</time><speed>0.000</speed><sat>26</sat></trkpt>
  <trkpt lat="10.77593557" lon="106.70670782"><ele>-3.247</ele><time>2025-01-16T12:05:59.999Z</time><speed>0.000</speed><sat>24</sat></trkpt>
  <trkpt lat="10.77593557" lon="106.70670782"><ele>-3.332</ele><time>2025-01-16T12:06:00.999Z</time><speed>0.000</speed><sat>25</sat></trkpt>
  <trkpt lat="10.77594690" lon="106.70671883"><ele>-3.418</ele><time>2025-01-16T12:06:01.999Z</time><speed>0.280</speed><sat>26</sat></trkpt>
  <trkpt lat="10.77595178" lon="106.70671947"><ele>-3.530</ele><time>2025-01-16T12:06:02.999Z</time><speed>0.558</speed><sat>27</sat></trkpt>
  <trkpt lat="10.77596108" lon="106.70672154"><ele>-3.641</ele><time>2025-01-16T12:06:03.999Z</time><speed>1.115</speed><sat>26</sat></trkpt>
  <trkpt lat="10.77597528" lon="106.70672394"><ele>-3.752</ele><time>2025-01-16T12:06:04.999Z</time><speed>1.633</speed><sat>26</sat></trkpt>
  <trkpt lat="10.77598909" lon="106.70672668"><ele>-3.740</ele><time>2025-01-16T12:06:05.999Z</time><speed>1.491</speed><sat>25</sat></trkpt>
  <trkpt lat="10.77600129" lon="106.70672837"><ele>-3.735</ele><time>2025-01-16T12:06:06.999Z</time><speed>1.518</speed><sat>24</sat></trkpt>
  <trkpt lat="10.77601438" lon="106.70673002"><ele>-3.595</ele><time>2025-01-16T12:06:07.999Z</time><speed>1.585</speed><sat>24</sat></trkpt>
  <trkpt lat="10.77602444" lon="106.70673151"><ele>-3.591</ele><time>2025-01-16T12:06:08.999Z</time><speed>1.128</speed><sat>24</sat></trkpt>
  <trkpt lat="10.77602757" lon="106.70673287"><ele>-3.422</ele><time>2025-01-16T12:06:09.999Z</time><speed>0.401</speed><sat>24</sat></trkpt>
  <trkpt lat="10.77602721" lon="106.70673403"><ele>-3.378</ele><time>2025-01-16T12:06:10.999Z</time><speed>0.000</speed><sat>24</sat></trkpt>
  <trkpt lat="10.77602721" lon="106.70673403"><ele>-3.334</ele><time>2025-01-16T12:06:11.999Z</time><speed>0.000</speed><sat>24</sat></trkpt>
  <trkpt lat="10.77602721" lon="106.70673403"><ele>-3.370</ele><time>2025-01-16T12:06:12.999Z</time><speed>0.000</speed><sat>23</sat></trkpt>
  <trkpt lat="10.77602721" lon="106.70673403"><ele>-3.481</ele><time>2025-01-16T12:06:13.999Z</time><speed>0.000</speed><sat>23</sat></trkpt>
  <trkpt lat="10.77602721" lon="106.70673403"><ele>-3.705</ele><time>2025-01-16T12:06:14.999Z</time><speed>0.000</speed><sat>23</sat></trkpt>
  <trkpt lat="10.77602721" lon="106.70673403"><ele>-3.883</ele><time>2025-01-16T12:06:15.999Z</time><speed>0.000</speed><sat>23</sat></trkpt>
  <trkpt lat="10.77602721" lon="106.70673403"><ele>-3.970</ele><time>2025-01-16T12:06:16.999Z</time><speed>0.000</speed><sat>23</sat></trkpt>
  <trkpt lat="10.77602721" lon="106.70673403"><ele>-4.019</ele><time>2025-01-16T12:06:17.999Z</time><speed>0.000</speed><sat>24</sat></trkpt>
  <trkpt lat="10.77602976" lon="106.70674096"><ele>-4.147</ele><time>2025-01-16T12:06:18.999Z</time><speed>0.302</speed><sat>23</sat></trkpt>
  <trkpt lat="10.77603769" lon="106.70674271"><ele>-4.140</ele><time>2025-01-16T12:06:19.999Z</time><speed>0.914</speed><sat>24</sat></trkpt>
  <trkpt lat="10.77605129" lon="106.70674526"><ele>-4.152</ele><time>2025-01-16T12:06:20.999Z</time><speed>1.543</speed><sat>23</sat></trkpt>
  <trkpt lat="10.77606756" lon="106.70674771"><ele>-4.183</ele><time>2025-01-16T12:06:21.999Z</time><speed>1.792</speed><sat>24</sat></trkpt>
  <trkpt lat="10.77608454" lon="106.70675035"><ele>-4.166</ele><time>2025-01-16T12:06:22.999Z</time><speed>1.983</speed><sat>25</sat></trkpt>
  <trkpt lat="10.77610230" lon="106.70675356"><ele>-4.151</ele><time>2025-01-16T12:06:23.999Z</time><speed>2.095</speed><sat>24</sat></trkpt>
  <trkpt lat="10.77611998" lon="106.70675695"><ele>-4.051</ele><time>2025-01-16T12:06:24.999Z</time><speed>1.959</speed><sat>25</sat></trkpt>
  <trkpt lat="10.77613518" lon="106.70675976"><ele>-4.035</ele><time>2025-01-16T12:06:25.999Z</time><speed>1.715</speed><sat>25</sat></trkpt>
  <trkpt lat="10.77614926" lon="106.70676183"><ele>-4.040</ele><time>2025-01-16T12:06:26.999Z</time><speed>1.531</speed><sat>25</sat></trkpt>
  <trkpt lat="10.77616352" lon="106.70676478"><ele>-4.057</ele><time>2025-01-16T12:06:27.999Z</time><speed>1.601</speed><sat>25</sat></trkpt>
  <trkpt lat="10.77618235" lon="106.70676864"><ele>-4.101</ele><time>2025-01-16T12:06:28.999Z</time><speed>2.157</speed><sat>25</sat></trkpt>
  <trkpt lat="10.77620220" lon="106.70677324"><ele>-4.086</ele><time>2025-01-16T12:06:29.999Z</time><speed>2.307</speed><sat>25</sat></trkpt>
  <trkpt lat="10.77622061" lon="106.70677781"><ele>-4.103</ele><time>2025-01-16T12:06:30.999Z</time><speed>2.037</speed><sat>25</sat></trkpt>
  <trkpt lat="10.77623796" lon="106.70678176"><ele>-4.044</ele><time>2025-01-16T12:06:31.999Z</time><speed>2.053</speed><sat>26</sat></trkpt>
  <trkpt lat="10.77625642" lon="106.70678511"><ele>-4.058</ele><time>2025-01-16T12:06:32.999Z</time><speed>2.160</speed><sat>26</sat></trkpt>
  <trkpt lat="10.77627624" lon="106.70678876"><ele>-3.996</ele><time>2025-01-16T12:06:33.999Z</time><speed>2.226</speed><sat>26</sat></trkpt>
  <trkpt lat="10.77629601" lon="106.70679272"><ele>-3.987</ele><time>2025-01-16T12:06:34.999Z</time><speed>2.177</speed><sat>24</sat></trkpt>
  <trkpt lat="10.77631483" lon="106.70679617"><ele>-4.078</ele><time>2025-01-16T12:06:35.999Z</time><speed>2.065</speed><sat>25</sat></trkpt>
  <trkpt lat="10.77633278" lon="106.70679969"><ele>-4.185</ele><time>2025-01-16T12:06:36.999Z</time><speed>1.961</speed><sat>24</sat></trkpt>
  <trkpt lat="10.77634851" lon="106.70680271"><ele>-4.261</ele><time>2025-01-16T12:06:37.999Z</time><speed>1.787</speed><sat>26</sat></trkpt>
  <trkpt lat="10.77635959" lon="106.70680470"><ele>-4.266</ele><time>2025-01-16T12:06:38.999Z</time><speed>1.260</speed><sat>25</sat></trkpt>
  <trkpt lat="10.77636606" lon="106.70680620"><ele>-4.216</ele><time>2025-01-16T12:06:39.999Z</time><speed>0.721</speed><sat>26</sat></trkpt>
  <trkpt lat="10.77636881" lon="106.70680700"><ele>-4.193</ele><time>2025-01-16T12:06:40.999Z</time><speed>0.286</speed><sat>26</sat></trkpt>
  <trkpt lat="10.77636896" lon="106.70680744"><ele>-4.214</ele><time>2025-01-16T12:06:41.999Z</time><speed>0.000</speed><sat>26</sat></trkpt>
  <trkpt lat="10.77636896" lon="106.70680744"><ele>-4.218</ele><time>2025-01-16T12:06:42.999Z</time><speed>0.000</speed><sat>26</sat></trkpt>
  <trkpt lat="10.77636896" lon="106.70680744"><ele>-4.159</ele><time>2025-01-16T12:06:43.999Z</time><speed>0.000</speed><sat>26</sat></trkpt>
  <trkpt lat="10.77636896" lon="106.70680744"><ele>-4.077</ele><time>2025-01-16T12:06:44.999Z</time><speed>0.000</speed><sat>26</sat></trkpt>
  <trkpt lat="10.77636896" lon="106.70680744"><ele>-3.963</ele><time>2025-01-16T12:06:45.999Z</time><speed>0.000</speed><sat>27</sat></trkpt>
  <trkpt lat="10.77636896" lon="106.70680744"><ele>-3.908</ele><time>2025-01-16T12:06:46.999Z</time><speed>0.000</speed><sat>27</sat></trkpt>
  <trkpt lat="10.77636896" lon="106.70680744"><ele>-3.850</ele><time>2025-01-16T12:06:47.999Z</time><speed>0.000</speed><sat>27</sat></trkpt>
  <trkpt lat="10.77636896" lon="106.70680744"><ele>-3.811</ele><time>2025-01-16T12:06:48.999Z</time><speed>0.000</speed><sat>26</sat></trkpt>
  <trkpt lat="10.77636896" lon="106.70680744"><ele>-3.819</ele><time>2025-01-16T12:06:49.999Z</time><speed>0.000</speed><sat>27</sat></trkpt>
  <trkpt lat="10.77637169" lon="106.70681055"><ele>-4.287</ele><time>2025-01-16T12:06:50.999Z</time><speed>0.278</speed><sat>27</sat></trkpt>
  <trkpt lat="10.77637249" lon="106.70681253"><ele>-4.239</ele><time>2025-01-16T12:06:51.999Z</time><speed>0.000</speed><sat>27</sat></trkpt>
  <trkpt lat="10.77637249" lon="106.70681253"><ele>-4.213</ele><time>2025-01-16T12:06:52.999Z</time><speed>0.000</speed><sat>28</sat></trkpt>
  <trkpt lat="10.77637249" lon="106.70681253"><ele>-4.082</ele><time>2025-01-16T12:06:53.999Z</time><speed>0.000</speed><sat>27</sat></trkpt>
  <trkpt lat="10.77637249" lon="106.70681253"><ele>-3.983</ele><time>2025-01-16T12:06:54.999Z</time><speed>0.000</speed><sat>28</sat></trkpt>
  <trkpt lat="10.77637249" lon="106.70681253"><ele>-3.929</ele><time>2025-01-16T12:06:55.999Z</time><speed>0.000</speed><sat>26</sat></trkpt>
  <trkpt lat="10.77637249" lon="106.70681253"><ele>-3.918</ele><time>2025-01-16T12:06:56.999Z</time><speed>0.000</speed><sat>25</sat></trkpt>
  <trkpt lat="10.77637249" lon="106.70681253"><ele>-3.907</ele><time>2025-01-16T12:06:57.999Z</time><speed>0.000</speed><sat>25</sat></trkpt>
  <trkpt lat="10.77637249" lon="106.70681253"><ele>-3.797</ele><time>2025-01-16T12:06:58.999Z</time><speed>0.000</speed><sat>26</sat></trkpt>
  <trkpt lat="10.77637249" lon="106.70681253"><ele>-3.608</ele><time>2025-01-16T12:06:59.999Z</time><speed>0.000</speed><sat>29</sat></trkpt>
  <trkpt lat="10.77637802" lon="106.70681129"><ele>-3.495</ele><time>2025-01-16T12:07:00.999Z</time><speed>0.775</speed><sat>29</sat></trkpt>
  <trkpt lat="10.77639124" lon="106.70681155"><ele>-3.415</ele><time>2025-01-16T12:07:01.999Z</time><speed>0.984</speed><sat>29</sat></trkpt>
  <trkpt lat="10.77640561" lon="106.70681261"><ele>-3.154</ele><time>2025-01-16T12:07:02.999Z</time><speed>1.882</speed><sat>27</sat></trkpt>
  <trkpt lat="10.77642652" lon="106.70681639"><ele>-3.212</ele><time>2025-01-16T12:07:03.999Z</time><speed>2.083</speed><sat>27</sat></trkpt>
  <trkpt lat="10.77644505" lon="106.70682140"><ele>-3.170</ele><time>2025-01-16T12:07:04.999Z</time><speed>2.124</speed><sat>28</sat></trkpt>
  <trkpt lat="10.77646473" lon="106.70682498"><ele>-3.024</ele><time>2025-01-16T12:07:05.999Z</time><speed>2.289</speed><sat>28</sat></trkpt>
  <trkpt lat="10.77648047" lon="106.70682874"><ele>-2.873</ele><time>2025-01-16T12:07:06.999Z</time><speed>1.765</speed><sat>27</sat></trkpt>
  <trkpt lat="10.77649485" lon="106.70683216"><ele>-2.806</ele><time>2025-01-16T12:07:07.999Z</time><speed>1.627</speed><sat>28</sat></trkpt>
  <trkpt lat="10.77650968" lon="106.70683562"><ele>-2.844</ele><time>2025-01-16T12:07:08.999Z</time><speed>1.677</speed><sat>28</sat></trkpt>
  <trkpt lat="10.77652774" lon="106.70684066"><ele>-2.746</ele><time>2025-01-16T12:07:09.999Z</time><speed>2.163</speed><sat>27</sat></trkpt>
  <trkpt lat="10.77654914" lon="106.70684578"><ele>-2.756</ele><time>2025-01-16T12:07:10.999Z</time><speed>2.721</speed><sat>27</sat></trkpt>
  <trkpt lat="10.77657733" lon="106.70685183"><ele>-2.797</ele><time>2025-01-16T12:07:11.999Z</time><speed>3.084</speed><sat>27</sat></trkpt>
  <trkpt lat="10.77660483" lon="106.70685854"><ele>-2.825</ele><time>2025-01-16T12:07:12.999Z</time><speed>3.079</speed><sat>26</sat></trkpt>
  <trkpt lat="10.77663162" lon="106.70686512"><ele>-2.887</ele><time>2025-01-16T12:07:13.999Z</time><speed>3.172</speed><sat>28</sat></trkpt>
  <trkpt lat="10.77666042" lon="106.70687201"><ele>-2.968</ele><time>2025-01-16T12:07:14.999Z</time><speed>3.461</speed><sat>25</sat></trkpt>
  <trkpt lat="10.77669387" lon="106.70687905"><ele>-3.054</ele><time>2025-01-16T12:07:15.999Z</time><speed>3.737</speed><sat>26</sat></trkpt>
  <trkpt lat="10.77672568" lon="106.70688573"><ele>-3.072</ele><time>2025-01-16T12:07:16.999Z</time><speed>3.783</speed><sat>25</sat></trkpt>
  <trkpt lat="10.77675780" lon="106.70689202"><ele>-3.139</ele><time>2025-01-16T12:07:17.999Z</time><speed>3.544</speed><sat>26</sat></trkpt>
  <trkpt lat="10.77678793" lon="106.70689994"><ele>-3.187</ele><time>2025-01-16T12:07:18.999Z</time><speed>3.288</speed><sat>26</sat></trkpt>
  <trkpt lat="10.77681496" lon="106.70690647"><ele>-3.151</ele><time>2025-01-16T12:07:19.999Z</time><speed>2.850</speed><sat>26</sat></trkpt>
  <trkpt lat="10.77683717" lon="106.70691201"><ele>-3.111</ele><time>2025-01-16T12:07:20.999Z</time><speed>2.273</speed><sat>26</sat></trkpt>
  <trkpt lat="10.77685653" lon="106.70691722"><ele>-3.087</ele><time>2025-01-16T12:07:21.999Z</time><speed>2.151</speed><sat>26</sat></trkpt>
  <trkpt lat="10.77687490" lon="106.70692154"><ele>-3.092</ele><time>2025-01-16T12:07:22.999Z</time><speed>2.032</speed><sat>27</sat></trkpt>
  <trkpt lat="10.77689305" lon="106.70692595"><ele>-3.086</ele><time>2025-01-16T12:07:23.999Z</time><speed>2.004</speed><sat>26</sat></trkpt>
  <trkpt lat="10.77691073" lon="106.70692980"><ele>-3.023</ele><time>2025-01-16T12:07:24.999Z</time><speed>1.988</speed><sat>27</sat></trkpt>
  <trkpt lat="10.77692924" lon="106.70693405"><ele>-2.921</ele><time>2025-01-16T12:07:25.999Z</time><speed>2.116</speed><sat>27</sat></trkpt>
  <trkpt lat="10.77694961" lon="106.70693890"><ele>-2.973</ele><time>2025-01-16T12:07:26.999Z</time><speed>2.353</speed><sat>26</sat></trkpt>
  <trkpt lat="10.77697087" lon="106.70694350"><ele>-3.017</ele><time>2025-01-16T12:07:27.999Z</time><speed>2.364</speed><sat>26</sat></trkpt>
  <trkpt lat="10.77699167" lon="106.70694812"><ele>-2.966</ele><time>2025-01-16T12:07:28.999Z</time><speed>2.284</speed><sat>25</sat></trkpt>
  <trkpt lat="10.77700941" lon="106.70695265"><ele>-3.013</ele><time>2025-01-16T12:07:29.999Z</time><speed>1.887</speed><sat>26</sat></trkpt>
  <trkpt lat="10.77702310" lon="106.70695529"><ele>-3.104</ele><time>2025-01-16T12:07:30.999Z</time><speed>1.559</speed><sat>26</sat></trkpt>
  <trkpt lat="10.77703442" lon="106.70695785"><ele>-3.138</ele><time>2025-01-16T12:07:31.999Z</time><speed>1.239</speed><sat>25</sat></trkpt>
  <trkpt lat="10.77704469" lon="106.70696071"><ele>-3.093</ele><time>2025-01-16T12:07:32.999Z</time><speed>1.171</speed><sat>25</sat></trkpt>
  <trkpt lat="10.77705670" lon="106.70696356"><ele>-3.236</ele><time>2025-01-16T12:07:33.999Z</time><speed>1.381</speed><sat>25</sat></trkpt>
  <trkpt lat="10.77707296" lon="106.70696753"><ele>-3.245</ele><time>2025-01-16T12:07:34.999Z</time><speed>2.017</speed><sat>25</sat></trkpt>
  <trkpt lat="10.77709188" lon="106.70697212"><ele>-3.254</ele><time>2025-01-16T12:07:35.999Z</time><speed>2.184</speed><sat>24</sat></trkpt>
  <trkpt lat="10.77710965" lon="106.70697650"><ele>-3.248</ele><time>2025-01-16T12:07:36.999Z</time><speed>1.837</speed><sat>24</sat></trkpt>
  <trkpt lat="10.77712261" lon="106.70697973"><ele>-3.237</ele><time>2025-01-16T12:07:37.999Z</time><speed>1.476</speed><sat>23</sat></trkpt>
  <trkpt lat="10.77713167" lon="106.70698206"><ele>-3.305</ele><time>2025-01-16T12:07:38.999Z</time><speed>1.044</speed><sat>24</sat></trkpt>
  <trkpt lat="10.77713676" lon="106.70698306"><ele>-3.238</ele><time>2025-01-16T12:07:39.999Z</time><speed>0.584</speed><sat>23</sat></trkpt>
  <trkpt lat="10.77713888" lon="106.70698325"><ele>-3.213</ele><time>2025-01-16T12:07:40.999Z</time><speed>0.000</speed><sat>25</sat></trkpt>
  <trkpt lat="10.77713888" lon="106.70698325"><ele>-3.193</ele><time>2025-01-16T12:07:41.999Z</time><speed>0.000</speed><sat>24</sat></trkpt>
  <trkpt lat="10.77713888" lon="106.70698325"><ele>-3.190</ele><time>2025-01-16T12:07:42.999Z</time><speed>0.000</speed><sat>24</sat></trkpt>
  <trkpt lat="10.77713888" lon="106.70698325"><ele>-3.162</ele><time>2025-01-16T12:07:43.999Z</time><speed>0.000</speed><sat>24</sat></trkpt>
  <trkpt lat="10.77713888" lon="106.70698325"><ele>-3.186</ele><time>2025-01-16T12:07:44.999Z</time><speed>0.000</speed><sat>24</sat></trkpt>
  <trkpt lat="10.77713888" lon="106.70698325"><ele>-3.180</ele><time>2025-01-16T12:07:45.999Z</time><speed>0.000</speed><sat>24</sat></trkpt>
  <trkpt lat="10.77713888" lon="106.70698325"><ele>-3.160</ele><time>2025-01-16T12:07:46.999Z</time><speed>0.000</speed><sat>24</sat></trkpt>
  <trkpt lat="10.77713888" lon="106.70698325"><ele>-3.194</ele><time>2025-01-16T12:07:47.999Z</time><speed>0.000</speed><sat>23</sat></trkpt>
  <trkpt lat="10.77713888" lon="106.70698325"><ele>-3.126</ele><time>2025-01-16T12:07:48.999Z</time><speed>0.000</speed><sat>23</sat></trkpt>
  <trkpt lat="10.77713888" lon="106.70698325"><ele>-3.089</ele><time>2025-01-16T12:07:49.999Z</time><speed>0.000</speed><sat>22</sat></trkpt>
  <trkpt lat="10.77713888" lon="106.70698325"><ele>-3.055</ele><time>2025-01-16T12:07:50.999Z</time><speed>0.000</speed><sat>22</sat></trkpt>
  <trkpt lat="10.77713888" lon="106.70698325"><ele>-3.155</ele><time>2025-01-16T12:07:51.999Z</time><speed>0.000</speed><sat>22</sat></trkpt>
  <trkpt lat="10.77714096" lon="106.70698319"><ele>-3.186</ele><time>2025-01-16T12:07:52.999Z</time><speed>0.291</speed><sat>23</sat></trkpt>
  <trkpt lat="10.77714876" lon="106.70698533"><ele>-3.193</ele><time>2025-01-16T12:07:53.999Z</time><speed>0.910</speed><sat>22</sat></trkpt>
  <trkpt lat="10.77715725" lon="106.70698744"><ele>-3.222</ele><time>2025-01-16T12:07:54.999Z</time><speed>0.982</speed><sat>23</sat></trkpt>
  <trkpt lat="10.77716291" lon="106.70698887"><ele>-3.221</ele><time>2025-01-16T12:07:55.999Z</time><speed>0.647</speed><sat>23</sat></trkpt>
  <trkpt lat="10.77716644" lon="106.70698983"><ele>-3.202</ele><time>2025-01-16T12:07:56.999Z</time><speed>0.413</speed><sat>23</sat></trkpt>
  <trkpt lat="10.77717089" lon="106.70699096"><ele>-3.258</ele><time>2025-01-16T12:07:57.999Z</time><speed>0.519</speed><sat>23</sat></trkpt>
  <trkpt lat="10.77717659" lon="106.70699233"><ele>-3.258</ele><time>2025-01-16T12:07:58.999Z</time><speed>0.686</speed><sat>23</sat></trkpt>
  <trkpt lat="10.77718454" lon="106.70699442"><ele>-3.270</ele><time>2025-01-16T12:07:59.999Z</time><speed>0.945</speed><sat>23</sat></trkpt>
  <trkpt lat="10.77719754" lon="106.70699763"><ele>-3.356</ele><time>2025-01-16T12:08:00.999Z</time><speed>1.506</speed><sat>23</sat></trkpt>
  <trkpt lat="10.77721404" lon="106.70700214"><ele>-3.346</ele><time>2025-01-16T12:08:01.999Z</time><speed>1.961</speed><sat>22</sat></trkpt>
  <trkpt lat="10.77723149" lon="106.70700697"><ele>-3.303</ele><time>2025-01-16T12:08:02.999Z</time><speed>2.056</speed><sat>22</sat></trkpt>
  <trkpt lat="10.77725019" lon="106.70701229"><ele>-3.297</ele><time>2025-01-16T12:08:03.999Z</time><speed>2.151</speed><sat>23</sat></trkpt>
  <trkpt lat="10.77726836" lon="106.70701708"><ele>-3.271</ele><time>2025-01-16T12:08:04.999Z</time><speed>1.998</speed><sat>24</sat></trkpt>
  <trkpt lat="10.77728505" lon="106.70702122"><ele>-3.304</ele><time>2025-01-16T12:08:05.999Z</time><speed>1.959</speed><sat>24</sat></trkpt>
  <trkpt lat="10.77730121" lon="106.70702510"><ele>-3.231</ele><time>2025-01-16T12:08:06.999Z</time><speed>1.858</speed><sat>24</sat></trkpt>
  <trkpt lat="10.77731776" lon="106.70702878"><ele>-3.377</ele><time>2025-01-16T12:08:07.999Z</time><speed>1.930</speed><sat>24</sat></trkpt>
  <trkpt lat="10.77733447" lon="106.70703282"><ele>-3.304</ele><time>2025-01-16T12:08:08.999Z</time><speed>1.814</speed><sat>24</sat></trkpt>
  <trkpt lat="10.77734724" lon="106.70703619"><ele>-3.333</ele><time>2025-01-16T12:08:09.999Z</time><speed>1.480</speed><sat>24</sat></trkpt>
  <trkpt lat="10.77735377" lon="106.70703738"><ele>-3.301</ele><time>2025-01-16T12:08:10.999Z</time><speed>0.732</speed><sat>25</sat></trkpt>
  <trkpt lat="10.77735764" lon="106.70703843"><ele>-3.310</ele><time>2025-01-16T12:08:11.999Z</time><speed>0.457</speed><sat>25</sat></trkpt>
  <trkpt lat="10.77735858" lon="106.70703847"><ele>-3.354</ele><time>2025-01-16T12:08:12.999Z</time><speed>0.000</speed><sat>25</sat></trkpt>
  <trkpt lat="10.77735858" lon="106.70703847"><ele>-3.371</ele><time>2025-01-16T12:08:13.999Z</time><speed>0.000</speed><sat>24</sat></trkpt>
  <trkpt lat="10.77735858" lon="106.70703847"><ele>-3.316</ele><time>2025-01-16T12:08:14.999Z</time><speed>0.000</speed><sat>25</sat></trkpt>
  <trkpt lat="10.77735858" lon="106.70703847"><ele>-3.343</ele><time>2025-01-16T12:08:15.999Z</time><speed>0.000</speed><sat>25</sat></trkpt>
  <trkpt lat="10.77735858" lon="106.70703847"><ele>-3.378</ele><time>2025-01-16T12:08:16.999Z</time><speed>0.000</speed><sat>25</sat></trkpt>
  <trkpt lat="10.77735858" lon="106.70703847"><ele>-3.455</ele><time>2025-01-16T12:08:17.999Z</time><speed>0.000</speed><sat>25</sat></trkpt>
  <trkpt lat="10.77735858" lon="106.70703847"><ele>-3.522</ele><time>2025-01-16T12:08:18.999Z</time><speed>0.000</speed><sat>25</sat></trkpt>
  <trkpt lat="10.77735858" lon="106.70703847"><ele>-3.560</ele><time>2025-01-16T12:08:19.999Z</time><speed>0.000</speed><sat>25</sat></trkpt>
  <trkpt lat="10.77735858" lon="106.70703847"><ele>-3.578</ele><time>2025-01-16T12:08:20.999Z</time><speed>0.000</speed><sat>26</sat></trkpt>
  <trkpt lat="10.77735858" lon="106.70703847"><ele>-3.608</ele><time>2025-01-16T12:08:21.999Z</time><speed>0.000</speed><sat>26</sat></trkpt>
  <trkpt lat="10.77735858" lon="106.70703847"><ele>-3.639</ele><time>2025-01-16T12:08:22.999Z</time><speed>0.000</speed><sat>25</sat></trkpt>
  <trkpt lat="10.77735858" lon="106.70703847"><ele>-3.768</ele><time>2025-01-16T12:08:23.999Z</time><speed>0.000</speed><sat>25</sat></trkpt>
  <trkpt lat="10.77735858" lon="106.70703847"><ele>-3.788</ele><time>2025-01-16T12:08:24.999Z</time><speed>0.000</speed><sat>25</sat></trkpt>
  <trkpt lat="10.77735858" lon="106.70703847"><ele>-3.704</ele><time>2025-01-16T12:08:25.999Z</time><speed>0.000</speed><sat>24</sat></trkpt>
  <trkpt lat="10.77735858" lon="106.70703847"><ele>-3.666</ele><time>2025-01-16T12:08:26.999Z</time><speed>0.000</speed><sat>25</sat></trkpt>
  <trkpt lat="10.77735858" lon="106.70703847"><ele>-3.634</ele><time>2025-01-16T12:08:27.999Z</time><speed>0.000</speed><sat>26</sat></trkpt>
  <trkpt lat="10.77735858" lon="106.70703847"><ele>-3.552</ele><time>2025-01-16T12:08:28.999Z</time><speed>0.000</speed><sat>26</sat></trkpt>
  <trkpt lat="10.77735858" lon="106.70703847"><ele>-3.451</ele><time>2025-01-16T12:08:29.999Z</time><speed>0.000</speed><sat>25</sat></trkpt>
  <trkpt lat="10.77735858" lon="106.70703847"><ele>-3.344</ele><time>2025-01-16T12:08:30.999Z</time><speed>0.000</speed><sat>26</sat></trkpt>
  <trkpt lat="10.77735858" lon="106.70703847"><ele>-3.214</ele><time>2025-01-16T12:08:31.999Z</time><speed>0.000</speed><sat>24</sat></trkpt>
  <trkpt lat="10.77735858" lon="106.70703847"><ele>-3.084</ele><time>2025-01-16T12:08:32.999Z</time><speed>0.000</speed><sat>26</sat></trkpt>
  <trkpt lat="10.77736395" lon="106.70704003"><ele>-3.078</ele><time>2025-01-16T12:08:33.999Z</time><speed>0.547</speed><sat>26</sat></trkpt>
  <trkpt lat="10.77737668" lon="106.70704489"><ele>-2.700</ele><time>2025-01-16T12:08:34.999Z</time><speed>0.352</speed><sat>25</sat></trkpt>
  <trkpt lat="10.77738203" lon="106.70704575"><ele>-2.102</ele><time>2025-01-16T12:08:35.999Z</time><speed>0.000</speed><sat>24</sat></trkpt>
  <trkpt lat="10.77738203" lon="106.70704575"><ele>-2.044</ele><time>2025-01-16T12:08:36.999Z</time><speed>0.000</speed><sat>26</sat></trkpt>
  <trkpt lat="10.77739049" lon="106.70704837"><ele>-1.912</ele><time>2025-01-16T12:08:37.999Z</time><speed>0.634</speed><sat>26</sat></trkpt>
  <trkpt lat="10.77739656" lon="106.70704992"><ele>-1.726</ele><time>2025-01-16T12:08:38.999Z</time><speed>0.538</speed><sat>25</sat></trkpt>
  <trkpt lat="10.77740351" lon="106.70705336"><ele>-1.472</ele><time>2025-01-16T12:08:39.999Z</time><speed>0.543</speed><sat>25</sat></trkpt>
  <trkpt lat="10.77741072" lon="106.70705358"><ele>-1.391</ele><time>2025-01-16T12:08:40.999Z</time><speed>1.013</speed><sat>25</sat></trkpt>
  <trkpt lat="10.77742077" lon="106.70705204"><ele>-1.402</ele><time>2025-01-16T12:08:41.999Z</time><speed>1.246</speed><sat>25</sat></trkpt>
  <trkpt lat="10.77743581" lon="106.70705314"><ele>-1.316</ele><time>2025-01-16T12:08:42.999Z</time><speed>0.985</speed><sat>25</sat></trkpt>
  <trkpt lat="10.77744596" lon="106.70705453"><ele>-0.711</ele><time>2025-01-16T12:08:43.999Z</time><speed>0.464</speed><sat>25</sat></trkpt>
  <trkpt lat="10.77745052" lon="106.70705407"><ele>0.024</ele><time>2025-01-16T12:08:44.999Z</time><speed>0.000</speed><sat>24</sat></trkpt>
  <trkpt lat="10.77744893" lon="106.70705225"><ele>0.070</ele><time>2025-01-16T12:08:45.999Z</time><speed>0.319</speed><sat>24</sat></trkpt>
  <trkpt lat="10.77744527" lon="106.70705146"><ele>0.147</ele><time>2025-01-16T12:08:46.999Z</time><speed>0.000</speed><sat>24</sat></trkpt>
  <trkpt lat="10.77744527" lon="106.70705146"><ele>0.139</ele><time>2025-01-16T12:08:47.999Z</time><speed>0.000</speed><sat>23</sat></trkpt>
  <trkpt lat="10.77744527" lon="106.70705146"><ele>0.268</ele><time>2025-01-16T12:08:48.999Z</time><speed>0.000</speed><sat>25</sat></trkpt>
  <trkpt lat="10.77744527" lon="106.70705146"><ele>0.462</ele><time>2025-01-16T12:08:49.999Z</time><speed>0.000</speed><sat>25</sat></trkpt>
  <trkpt lat="10.77744527" lon="106.70705146"><ele>0.234</ele><time>2025-01-16T12:08:50.999Z</time><speed>0.000</speed><sat>25</sat></trkpt>
  <trkpt lat="10.77744527" lon="106.70705146"><ele>0.126</ele><time>2025-01-16T12:08:51.999Z</time><speed>0.000</speed><sat>23</sat></trkpt>
  <trkpt lat="10.77744527" lon="106.70705146"><ele>0.115</ele><time>2025-01-16T12:08:52.999Z</time><speed>0.000</speed><sat>21</sat></trkpt>
  <trkpt lat="10.77744527" lon="106.70705146"><ele>0.242</ele><time>2025-01-16T12:08:53.999Z</time><speed>0.000</speed><sat>22</sat></trkpt>
  <trkpt lat="10.77744527" lon="106.70705146"><ele>0.447</ele><time>2025-01-16T12:08:54.999Z</time><speed>0.000</speed><sat>22</sat></trkpt>
  <trkpt lat="10.77744527" lon="106.70705146"><ele>0.785</ele><time>2025-01-16T12:08:55.999Z</time><speed>0.000</speed><sat>22</sat></trkpt>
  <trkpt lat="10.77744527" lon="106.70705146"><ele>0.935</ele><time>2025-01-16T12:08:56.999Z</time><speed>0.000</speed><sat>21</sat></trkpt>
  <trkpt lat="10.77744527" lon="106.70705146"><ele>1.061</ele><time>2025-01-16T12:08:57.999Z</time><speed>0.000</speed><sat>23</sat></trkpt>
  <trkpt lat="10.77744527" lon="106.70705146"><ele>1.243</ele><time>2025-01-16T12:08:58.999Z</time><speed>0.000</speed><sat>23</sat></trkpt>
  <trkpt lat="10.77744527" lon="106.70705146"><ele>1.453</ele><time>2025-01-16T12:08:59.999Z</time><speed>0.000</speed><sat>23</sat></trkpt>
  <trkpt lat="10.77744527" lon="106.70705146"><ele>1.550</ele><time>2025-01-16T12:09:00.999Z</time><speed>0.000</speed><sat>22</sat></trkpt>
  <trkpt lat="10.77744527" lon="106.70705146"><ele>1.694</ele><time>2025-01-16T12:09:01.999Z</time><speed>0.000</speed><sat>25</sat></trkpt>
  <trkpt lat="10.77744527" lon="106.70705146"><ele>1.812</ele><time>2025-01-16T12:09:02.999Z</time><speed>0.000</speed><sat>25</sat></trkpt>
  <trkpt lat="10.77744527" lon="106.70705146"><ele>1.889</ele><time>2025-01-16T12:09:03.999Z</time><speed>0.000</speed><sat>25</sat></trkpt>
  <trkpt lat="10.77744527" lon="106.70705146"><ele>1.959</ele><time>2025-01-16T12:09:04.999Z</time><speed>0.000</speed><sat>25</sat></trkpt>
  <trkpt lat="10.77744527" lon="106.70705146"><ele>1.937</ele><time>2025-01-16T12:09:05.999Z</time><speed>0.000</speed><sat>24</sat></trkpt>
  <trkpt lat="10.77744527" lon="106.70705146"><ele>1.873</ele><time>2025-01-16T12:09:06.999Z</time><speed>0.000</speed><sat>24</sat></trkpt>
  <trkpt lat="10.77744527" lon="106.70705146"><ele>1.924</ele><time>2025-01-16T12:09:07.999Z</time><speed>0.000</speed><sat>24</sat></trkpt>
  <trkpt lat="10.77744527" lon="106.70705146"><ele>2.094</ele><time>2025-01-16T12:09:08.999Z</time><speed>0.000</speed><sat>25</sat></trkpt>
  <trkpt lat="10.77744527" lon="106.70705146"><ele>2.183</ele><time>2025-01-16T12:09:09.999Z</time><speed>0.000</speed><sat>25</sat></trkpt>
  <trkpt lat="10.77744527" lon="106.70705146"><ele>2.249</ele><time>2025-01-16T12:09:10.999Z</time><speed>0.000</speed><sat>24</sat></trkpt>
  <trkpt lat="10.77744527" lon="106.70705146"><ele>2.214</ele><time>2025-01-16T12:09:11.999Z</time><speed>0.000</speed><sat>24</sat></trkpt>
  <trkpt lat="10.77744527" lon="106.70705146"><ele>2.175</ele><time>2025-01-16T12:09:12.999Z</time><speed>0.000</speed><sat>24</sat></trkpt>
  <trkpt lat="10.77744527" lon="106.70705146"><ele>2.145</ele><time>2025-01-16T12:09:13.999Z</time><speed>0.000</speed><sat>21</sat></trkpt>
  <trkpt lat="10.77744527" lon="106.70705146"><ele>2.214</ele><time>2025-01-16T12:09:14.999Z</time><speed>0.000</speed><sat>22</sat></trkpt>
  <trkpt lat="10.77744527" lon="106.70705146"><ele>2.271</ele><time>2025-01-16T12:09:15.999Z</time><speed>0.000</speed><sat>22</sat></trkpt>
  <trkpt lat="10.77745460" lon="106.70705298"><ele>2.001</ele><time>2025-01-16T12:09:16.999Z</time><speed>0.306</speed><sat>22</sat></trkpt>
  <trkpt lat="10.77746549" lon="106.70705856"><ele>1.922</ele><time>2025-01-16T12:09:17.999Z</time><speed>0.629</speed><sat>24</sat></trkpt>
  <trkpt lat="10.77747553" lon="106.70706339"><ele>1.874</ele><time>2025-01-16T12:09:18.999Z</time><speed>0.514</speed><sat>21</sat></trkpt>
  <trkpt lat="10.77748255" lon="106.70706401"><ele>1.856</ele><time>2025-01-16T12:09:19.999Z</time><speed>0.654</speed><sat>20</sat></trkpt>
  <trkpt lat="10.77748954" lon="106.70706553"><ele>2.088</ele><time>2025-01-16T12:09:20.999Z</time><speed>0.504</speed><sat>20</sat></trkpt>
  <trkpt lat="10.77749249" lon="106.70706626"><ele>2.761</ele><time>2025-01-16T12:09:21.999Z</time><speed>0.285</speed><sat>21</sat></trkpt>
  <trkpt lat="10.77749303" lon="106.70706542"><ele>3.063</ele><time>2025-01-16T12:09:22.999Z</time><speed>0.000</speed><sat>20</sat></trkpt>
  <trkpt lat="10.77749303" lon="106.70706542"><ele>2.963</ele><time>2025-01-16T12:09:23.999Z</time><speed>0.000</speed><sat>19</sat></trkpt>
  <trkpt lat="10.77749303" lon="106.70706542"><ele>2.414</ele><time>2025-01-16T12:09:24.999Z</time><speed>0.000</speed><sat>21</sat></trkpt>
  <trkpt lat="10.77749303" lon="106.70706542"><ele>2.437</ele><time>2025-01-16T12:09:25.999Z</time><speed>0.000</speed><sat>20</sat></trkpt>
  <trkpt lat="10.77749303" lon="106.70706542"><ele>2.395</ele><time>2025-01-16T12:09:26.999Z</time><speed>0.000</speed><sat>20</sat></trkpt>
  <trkpt lat="10.77749303" lon="106.70706542"><ele>2.066</ele><time>2025-01-16T12:09:27.999Z</time><speed>0.000</speed><sat>20</sat></trkpt>
  <trkpt lat="10.77749303" lon="106.70706542"><ele>1.815</ele><time>2025-01-16T12:09:28.999Z</time><speed>0.000</speed><sat>23</sat></trkpt>
  <trkpt lat="10.77749303" lon="106.70706542"><ele>1.884</ele><time>2025-01-16T12:09:29.999Z</time><speed>0.000</speed><sat>23</sat></trkpt>
  <trkpt lat="10.77749303" lon="106.70706542"><ele>1.595</ele><time>2025-01-16T12:09:30.999Z</time><speed>0.000</speed><sat>24</sat></trkpt>
  <trkpt lat="10.77749303" lon="106.70706542"><ele>1.282</ele><time>2025-01-16T12:09:31.999Z</time><speed>0.000</speed><sat>24</sat></trkpt>
  <trkpt lat="10.77749303" lon="106.70706542"><ele>0.956</ele><time>2025-01-16T12:09:32.999Z</time><speed>0.000</speed><sat>23</sat></trkpt>
  <trkpt lat="10.77749303" lon="106.70706542"><ele>0.499</ele><time>2025-01-16T12:09:33.999Z</time><speed>0.000</speed><sat>24</sat></trkpt>
  <trkpt lat="10.77749303" lon="106.70706542"><ele>0.335</ele><time>2025-01-16T12:09:34.999Z</time><speed>0.000</speed><sat>27</sat></trkpt>
  <trkpt lat="10.77748926" lon="106.70706798"><ele>0.202</ele><time>2025-01-16T12:09:35.999Z</time><speed>0.334</speed><sat>28</sat></trkpt>
  <trkpt lat="10.77749287" lon="106.70706991"><ele>0.009</ele><time>2025-01-16T12:09:36.999Z</time><speed>0.279</speed><sat>27</sat></trkpt>
  <trkpt lat="10.77749861" lon="106.70707225"><ele>0.119</ele><time>2025-01-16T12:09:37.999Z</time><speed>0.000</speed><sat>27</sat></trkpt>
  <trkpt lat="10.77749861" lon="106.70707225"><ele>0.012</ele><time>2025-01-16T12:09:38.999Z</time><speed>0.000</speed><sat>27</sat></trkpt>
  <trkpt lat="10.77749861" lon="106.70707225"><ele>-0.033</ele><time>2025-01-16T12:09:39.999Z</time><speed>0.000</speed><sat>26</sat></trkpt>
  <trkpt lat="10.77749861" lon="106.70707225"><ele>-0.197</ele><time>2025-01-16T12:09:40.999Z</time><speed>0.000</speed><sat>27</sat></trkpt>
  <trkpt lat="10.77749861" lon="106.70707225"><ele>-0.064</ele><time>2025-01-16T12:09:41.999Z</time><speed>0.000</speed><sat>26</sat></trkpt>
  <trkpt lat="10.77749861" lon="106.70707225"><ele>0.118</ele><time>2025-01-16T12:09:42.999Z</time><speed>0.000</speed><sat>26</sat></trkpt>
  <trkpt lat="10.77749861" lon="106.70707225"><ele>0.209</ele><time>2025-01-16T12:09:43.999Z</time><speed>0.000</speed><sat>27</sat></trkpt>
  <trkpt lat="10.77749861" lon="106.70707225"><ele>0.176</ele><time>2025-01-16T12:09:44.999Z</time><speed>0.000</speed><sat>27</sat></trkpt>
  <trkpt lat="10.77749861" lon="106.70707225"><ele>0.177</ele><time>2025-01-16T12:09:45.999Z</time><speed>0.000</speed><sat>26</sat></trkpt>
  <trkpt lat="10.77749861" lon="106.70707225"><ele>0.172</ele><time>2025-01-16T12:09:46.999Z</time><speed>0.000</speed><sat>26</sat></trkpt>
  <trkpt lat="10.77749861" lon="106.70707225"><ele>-0.099</ele><time>2025-01-16T12:09:47.999Z</time><speed>0.000</speed><sat>26</sat></trkpt>
  <trkpt lat="10.77749861" lon="106.70707225"><ele>-0.249</ele><time>2025-01-16T12:09:48.999Z</time><speed>0.000</speed><sat>26</sat></trkpt>
  <trkpt lat="10.77749861" lon="106.70707225"><ele>-0.459</ele><time>2025-01-16T12:09:49.999Z</time><speed>0.000</speed><sat>27</sat></trkpt>
  <trkpt lat="10.77751355" lon="106.70707441"><ele>-0.555</ele><time>2025-01-16T12:09:50.999Z</time><speed>0.301</speed><sat>28</sat></trkpt>
  <trkpt lat="10.77751929" lon="106.70707651"><ele>-0.500</ele><time>2025-01-16T12:09:51.999Z</time><speed>0.364</speed><sat>28</sat></trkpt>
  <trkpt lat="10.77752445" lon="106.70707911"><ele>-0.367</ele><time>2025-01-16T12:09:52.999Z</time><speed>0.359</speed><sat>27</sat></trkpt>
  <trkpt lat="10.77753225" lon="106.70708313"><ele>-0.144</ele><time>2025-01-16T12:09:53.999Z</time><speed>0.384</speed><sat>26</sat></trkpt>
  <trkpt lat="10.77753709" lon="106.70708704"><ele>0.283</ele><time>2025-01-16T12:09:54.999Z</time><speed>0.000</speed><sat>26</sat></trkpt>
  <trkpt lat="10.77753709" lon="106.70708704"><ele>0.512</ele><time>2025-01-16T12:09:55.999Z</time><speed>0.000</speed><sat>27</sat></trkpt>
  <trkpt lat="10.77753709" lon="106.70708704"><ele>0.288</ele><time>2025-01-16T12:09:56.999Z</time><speed>0.000</speed><sat>26</sat></trkpt>
  <trkpt lat="10.77753709" lon="106.70708704"><ele>0.364</ele><time>2025-01-16T12:09:57.999Z</time><speed>0.000</speed><sat>26</sat></trkpt>
  <trkpt lat="10.77753709" lon="106.70708704"><ele>0.543</ele><time>2025-01-16T12:09:58.999Z</time><speed>0.000</speed><sat>25</sat></trkpt>
  <trkpt lat="10.77753709" lon="106.70708704"><ele>0.607</ele><time>2025-01-16T12:09:59.999Z</time><speed>0.000</speed><sat>25</sat></trkpt>
  <trkpt lat="10.77753709" lon="106.70708704"><ele>0.473</ele><time>2025-01-16T12:10:00.999Z</time><speed>0.000</speed><sat>26</sat></trkpt>
  <trkpt lat="10.77753709" lon="106.70708704"><ele>0.451</ele><time>2025-01-16T12:10:01.999Z</time><speed>0.000</speed><sat>26</sat></trkpt>
  <trkpt lat="10.77753709" lon="106.70708704"><ele>0.312</ele><time>2025-01-16T12:10:02.999Z</time><speed>0.000</speed><sat>25</sat></trkpt>
  <trkpt lat="10.77753709" lon="106.70708704"><ele>0.179</ele><time>2025-01-16T12:10:03.999Z</time><speed>0.000</speed><sat>25</sat></trkpt>
  <trkpt lat="10.77753709" lon="106.70708704"><ele>0.036</ele><time>2025-01-16T12:10:04.999Z</time><speed>0.000</speed><sat>25</sat></trkpt>
  <trkpt lat="10.77753709" lon="106.70708704"><ele>-0.038</ele><time>2025-01-16T12:10:05.999Z</time><speed>0.000</speed><sat>25</sat></trkpt>
  <trkpt lat="10.77753709" lon="106.70708704"><ele>-0.092</ele><time>2025-01-16T12:10:06.999Z</time><speed>0.000</speed><sat>26</sat></trkpt>
  <trkpt lat="10.77753709" lon="106.70708704"><ele>-0.083</ele><time>2025-01-16T12:10:07.999Z</time><speed>0.000</speed><sat>25</sat></trkpt>
  <trkpt lat="10.77753709" lon="106.70708704"><ele>-0.044</ele><time>2025-01-16T12:10:08.999Z</time><speed>0.000</speed><sat>25</sat></trkpt>
  <trkpt lat="10.77753709" lon="106.70708704"><ele>-0.072</ele><time>2025-01-16T12:10:09.999Z</time><speed>0.000</speed><sat>26</sat></trkpt>
  <trkpt lat="10.77753709" lon="106.70708704"><ele>-0.054</ele><time>2025-01-16T12:10:10.999Z</time><speed>0.000</speed><sat>26</sat></trkpt>
  <trkpt lat="10.77753709" lon="106.70708704"><ele>-0.063</ele><time>2025-01-16T12:10:11.999Z</time><speed>0.000</speed><sat>26</sat></trkpt>
  <trkpt lat="10.77753709" lon="106.70708704"><ele>0.009</ele><time>2025-01-16T12:10:12.999Z</time><speed>0.000</speed><sat>26</sat></trkpt>
  <trkpt lat="10.77753709" lon="106.70708704"><ele>0.073</ele><time>2025-01-16T12:10:13.999Z</time><speed>0.000</speed><sat>26</sat></trkpt>
  <trkpt lat="10.77753709" lon="106.70708704"><ele>0.085</ele><time>2025-01-16T12:10:14.999Z</time><speed>0.000</speed><sat>26</sat></trkpt>
  <trkpt lat="10.77753709" lon="106.70708704"><ele>0.176</ele><time>2025-01-16T12:10:15.999Z</time><speed>0.000</speed><sat>26</sat></trkpt>
  <trkpt lat="10.77753883" lon="106.70709125"><ele>0.189</ele><time>2025-01-16T12:10:16.999Z</time><speed>0.381</speed><sat>27</sat></trkpt>
  <trkpt lat="10.77754530" lon="106.70709236"><ele>0.402</ele><time>2025-01-16T12:10:17.999Z</time><speed>0.000</speed><sat>25</sat></trkpt>
  <trkpt lat="10.77755289" lon="106.70709471"><ele>0.898</ele><time>2025-01-16T12:10:18.999Z</time><speed>1.029</speed><sat>26</sat></trkpt>
  <trkpt lat="10.77756398" lon="106.70709857"><ele>1.092</ele><time>2025-01-16T12:10:19.999Z</time><speed>0.842</speed><sat>24</sat></trkpt>
  <trkpt lat="10.77756925" lon="106.70710241"><ele>1.554</ele><time>2025-01-16T12:10:20.999Z</time><speed>0.742</speed><sat>25</sat></trkpt>
  <trkpt lat="10.77757778" lon="106.70710562"><ele>1.531</ele><time>2025-01-16T12:10:21.999Z</time><speed>1.179</speed><sat>25</sat></trkpt>
  <trkpt lat="10.77759180" lon="106.70711224"><ele>2.409</ele><time>2025-01-16T12:10:22.999Z</time><speed>1.506</speed><sat>25</sat></trkpt>
  <trkpt lat="10.77760856" lon="106.70711708"><ele>2.711</ele><time>2025-01-16T12:10:23.999Z</time><speed>1.961</speed><sat>26</sat></trkpt>
  <trkpt lat="10.77762914" lon="106.70712361"><ele>2.636</ele><time>2025-01-16T12:10:24.999Z</time><speed>1.946</speed><sat>25</sat></trkpt>
  <trkpt lat="10.77765133" lon="106.70713482"><ele>2.454</ele><time>2025-01-16T12:10:25.999Z</time><speed>1.921</speed><sat>25</sat></trkpt>
  <trkpt lat="10.77767107" lon="106.70714508"><ele>2.559</ele><time>2025-01-16T12:10:26.999Z</time><speed>1.370</speed><sat>23</sat></trkpt>
  <trkpt lat="10.77768077" lon="106.70715012"><ele>3.018</ele><time>2025-01-16T12:10:27.999Z</time><speed>0.475</speed><sat>25</sat></trkpt>
  <trkpt lat="10.77768387" lon="106.70715769"><ele>3.635</ele><time>2025-01-16T12:10:28.999Z</time><speed>0.000</speed><sat>24</sat></trkpt>
  <trkpt lat="10.77768387" lon="106.70715769"><ele>3.411</ele><time>2025-01-16T12:10:29.999Z</time><speed>0.000</speed><sat>25</sat></trkpt>
  <trkpt lat="10.77768387" lon="106.70715769"><ele>2.947</ele><time>2025-01-16T12:10:30.999Z</time><speed>0.000</speed><sat>24</sat></trkpt>
  <trkpt lat="10.77768387" lon="106.70715769"><ele>2.300</ele><time>2025-01-16T12:10:31.999Z</time><speed>0.000</speed><sat>24</sat></trkpt>
  <trkpt lat="10.77768387" lon="106.70715769"><ele>2.471</ele><time>2025-01-16T12:10:32.999Z</time><speed>0.000</speed><sat>24</sat></trkpt>
  <trkpt lat="10.77768387" lon="106.70715769"><ele>2.665</ele><time>2025-01-16T12:10:33.999Z</time><speed>0.000</speed><sat>23</sat></trkpt>
  <trkpt lat="10.77768387" lon="106.70715769"><ele>2.921</ele><time>2025-01-16T12:10:34.999Z</time><speed>0.000</speed><sat>25</sat></trkpt>
  <trkpt lat="10.77768387" lon="106.70715769"><ele>2.638</ele><time>2025-01-16T12:10:35.999Z</time><speed>0.000</speed><sat>24</sat></trkpt>
  <trkpt lat="10.77768387" lon="106.70715769"><ele>2.290</ele><time>2025-01-16T12:10:36.999Z</time><speed>0.000</speed><sat>25</sat></trkpt>
  <trkpt lat="10.77768936" lon="106.70715671"><ele>2.060</ele><time>2025-01-16T12:10:37.999Z</time><speed>1.238</speed><sat>25</sat></trkpt>
  <trkpt lat="10.77771003" lon="106.70716002"><ele>2.096</ele><time>2025-01-16T12:10:38.999Z</time><speed>2.019</speed><sat>24</sat></trkpt>
  <trkpt lat="10.77773253" lon="106.70716375"><ele>2.121</ele><time>2025-01-16T12:10:39.999Z</time><speed>2.277</speed><sat>24</sat></trkpt>
  <trkpt lat="10.77775805" lon="106.70716896"><ele>2.121</ele><time>2025-01-16T12:10:40.999Z</time><speed>2.130</speed><sat>24</sat></trkpt>
  <trkpt lat="10.77777568" lon="106.70717261"><ele>1.841</ele><time>2025-01-16T12:10:41.999Z</time><speed>1.622</speed><sat>24</sat></trkpt>
  <trkpt lat="10.77778136" lon="106.70717185"><ele>0.980</ele><time>2025-01-16T12:10:42.999Z</time><speed>0.960</speed><sat>24</sat></trkpt>
  <trkpt lat="10.77777967" lon="106.70717461"><ele>1.592</ele><time>2025-01-16T12:10:43.999Z</time><speed>0.000</speed><sat>24</sat></trkpt>
  <trkpt lat="10.77777967" lon="106.70717461"><ele>1.172</ele><time>2025-01-16T12:10:44.999Z</time><speed>0.000</speed><sat>24</sat></trkpt>
  <trkpt lat="10.77777967" lon="106.70717461"><ele>0.914</ele><time>2025-01-16T12:10:45.999Z</time><speed>0.000</speed><sat>22</sat></trkpt>
  <trkpt lat="10.77777967" lon="106.70717461"><ele>1.839</ele><time>2025-01-16T12:10:46.999Z</time><speed>0.000</speed><sat>22</sat></trkpt>
  <trkpt lat="10.77777967" lon="106.70717461"><ele>1.413</ele><time>2025-01-16T12:10:47.999Z</time><speed>0.000</speed><sat>24</sat></trkpt>
  <trkpt lat="10.77777967" lon="106.70717461"><ele>1.401</ele><time>2025-01-16T12:10:48.999Z</time><speed>0.000</speed><sat>24</sat></trkpt>
  <trkpt lat="10.77778072" lon="106.70717686"><ele>1.379</ele><time>2025-01-16T12:10:49.999Z</time><speed>1.224</speed><sat>24</sat></trkpt>
  <trkpt lat="10.77779752" lon="106.70718614"><ele>1.642</ele><time>2025-01-16T12:10:50.999Z</time><speed>1.624</speed><sat>24</sat></trkpt>
  <trkpt lat="10.77781794" lon="106.70719394"><ele>2.228</ele><time>2025-01-16T12:10:51.999Z</time><speed>1.349</speed><sat>23</sat></trkpt>
  <trkpt lat="10.77783535" lon="106.70719435"><ele>2.599</ele><time>2025-01-16T12:10:52.999Z</time><speed>0.796</speed><sat>24</sat></trkpt>
  <trkpt lat="10.77784327" lon="106.70719243"><ele>2.984</ele><time>2025-01-16T12:10:53.999Z</time><speed>0.285</speed><sat>24</sat></trkpt>
  <trkpt lat="10.77784420" lon="106.70718679"><ele>2.934</ele><time>2025-01-16T12:10:54.999Z</time><speed>0.000</speed><sat>24</sat></trkpt>
  <trkpt lat="10.77784420" lon="106.70718679"><ele>2.816</ele><time>2025-01-16T12:10:55.999Z</time><speed>0.000</speed><sat>24</sat></trkpt>
  <trkpt lat="10.77784420" lon="106.70718679"><ele>1.960</ele><time>2025-01-16T12:10:56.999Z</time><speed>0.000</speed><sat>24</sat></trkpt>
  <trkpt lat="10.77784420" lon="106.70718679"><ele>1.738</ele><time>2025-01-16T12:10:57.999Z</time><speed>0.000</speed><sat>23</sat></trkpt>
  <trkpt lat="10.77784420" lon="106.70718679"><ele>1.462</ele><time>2025-01-16T12:10:58.999Z</time><speed>0.000</speed><sat>23</sat></trkpt>
  <trkpt lat="10.77784420" lon="106.70718679"><ele>1.451</ele><time>2025-01-16T12:10:59.999Z</time><speed>0.000</speed><sat>23</sat></trkpt>
  <trkpt lat="10.77784420" lon="106.70718679"><ele>1.557</ele><time>2025-01-16T12:11:00.999Z</time><speed>0.000</speed><sat>22</sat></trkpt>
  <trkpt lat="10.77784420" lon="106.70718679"><ele>1.627</ele><time>2025-01-16T12:11:01.999Z</time><speed>0.000</speed><sat>22</sat></trkpt>
  <trkpt lat="10.77784420" lon="106.70718679"><ele>1.632</ele><time>2025-01-16T12:11:02.999Z</time><speed>0.000</speed><sat>22</sat></trkpt>
  <trkpt lat="10.77784420" lon="106.70718679"><ele>1.812</ele><time>2025-01-16T12:11:03.999Z</time><speed>0.000</speed><sat>22</sat></trkpt>
  <trkpt lat="10.77784420" lon="106.70718679"><ele>1.663</ele><time>2025-01-16T12:11:04.999Z</time><speed>0.000</speed><sat>22</sat></trkpt>
  <trkpt lat="10.77784420" lon="106.70718679"><ele>1.779</ele><time>2025-01-16T12:11:05.999Z</time><speed>0.000</speed><sat>23</sat></trkpt>
  <trkpt lat="10.77784420" lon="106.70718679"><ele>1.718</ele><time>2025-01-16T12:11:06.999Z</time><speed>0.000</speed><sat>22</sat></trkpt>
  <trkpt lat="10.77784420" lon="106.70718679"><ele>1.732</ele><time>2025-01-16T12:11:07.999Z</time><speed>0.000</speed><sat>22</sat></trkpt>
  <trkpt lat="10.77784420" lon="106.70718679"><ele>1.629</ele><time>2025-01-16T12:11:08.999Z</time><speed>0.000</speed><sat>23</sat></trkpt>
  <trkpt lat="10.77784420" lon="106.70718679"><ele>1.492</ele><time>2025-01-16T12:11:09.999Z</time><speed>0.000</speed><sat>23</sat></trkpt>
  <trkpt lat="10.77784420" lon="106.70718679"><ele>1.500</ele><time>2025-01-16T12:11:10.999Z</time><speed>0.000</speed><sat>23</sat></trkpt>
  <trkpt lat="10.77784420" lon="106.70718679"><ele>1.357</ele><time>2025-01-16T12:11:11.999Z</time><speed>0.000</speed><sat>23</sat></trkpt>
  <trkpt lat="10.77784420" lon="106.70718679"><ele>1.340</ele><time>2025-01-16T12:11:12.999Z</time><speed>0.000</speed><sat>23</sat></trkpt>
  <trkpt lat="10.77784420" lon="106.70718679"><ele>1.519</ele><time>2025-01-16T12:11:13.999Z</time><speed>0.000</speed><sat>23</sat></trkpt>
  <trkpt lat="10.77784420" lon="106.70718679"><ele>1.640</ele><time>2025-01-16T12:11:14.999Z</time><speed>0.000</speed><sat>23</sat></trkpt>
  <trkpt lat="10.77784420" lon="106.70718679"><ele>1.734</ele><time>2025-01-16T12:11:15.999Z</time><speed>0.000</speed><sat>24</sat></trkpt>
  <trkpt lat="10.77785206" lon="106.70717773"><ele>1.774</ele><time>2025-01-16T12:11:16.999Z</time><speed>0.278</speed><sat>24</sat></trkpt>
  <trkpt lat="10.77785517" lon="106.70717740"><ele>1.934</ele><time>2025-01-16T12:11:17.999Z</time><speed>0.516</speed><sat>23</sat></trkpt>
  <trkpt lat="10.77785737" lon="106.70717789"><ele>2.037</ele><time>2025-01-16T12:11:18.999Z</time><speed>0.000</speed><sat>23</sat></trkpt>
  <trkpt lat="10.77785737" lon="106.70717789"><ele>2.132</ele><time>2025-01-16T12:11:19.999Z</time><speed>0.000</speed><sat>23</sat></trkpt>
  <trkpt lat="10.77785737" lon="106.70717789"><ele>2.844</ele><time>2025-01-16T12:11:20.999Z</time><speed>0.000</speed><sat>24</sat></trkpt>
  <trkpt lat="10.77785737" lon="106.70717789"><ele>2.768</ele><time>2025-01-16T12:11:21.999Z</time><speed>0.000</speed><sat>24</sat></trkpt>
  <trkpt lat="10.77785737" lon="106.70717789"><ele>2.672</ele><time>2025-01-16T12:11:22.999Z</time><speed>0.000</speed><sat>24</sat></trkpt>
  <trkpt lat="10.77785737" lon="106.70717789"><ele>2.754</ele><time>2025-01-16T12:11:23.999Z</time><speed>0.000</speed><sat>23</sat></trkpt>
  <trkpt lat="10.77785737" lon="106.70717789"><ele>2.649</ele><time>2025-01-16T12:11:24.999Z</time><speed>0.000</speed><sat>24</sat></trkpt>
  <trkpt lat="10.77785737" lon="106.70717789"><ele>2.652</ele><time>2025-01-16T12:11:25.999Z</time><speed>0.000</speed><sat>24</sat></trkpt>
  <trkpt lat="10.77785737" lon="106.70717789"><ele>2.658</ele><time>2025-01-16T12:11:26.999Z</time><speed>0.000</speed><sat>24</sat></trkpt>
  <trkpt lat="10.77785737" lon="106.70717789"><ele>2.717</ele><time>2025-01-16T12:11:27.999Z</time><speed>0.000</speed><sat>24</sat></trkpt>
  <trkpt lat="10.77785737" lon="106.70717789"><ele>2.719</ele><time>2025-01-16T12:11:28.999Z</time><speed>0.000</speed><sat>25</sat></trkpt>
  <trkpt lat="10.77786157" lon="106.70717484"><ele>2.535</ele><time>2025-01-16T12:11:29.999Z</time><speed>0.771</speed><sat>25</sat></trkpt>
  <trkpt lat="10.77788057" lon="106.70718495"><ele>2.357</ele><time>2025-01-16T12:11:30.999Z</time><speed>2.101</speed><sat>25</sat></trkpt>
  <trkpt lat="10.77790885" lon="106.70719186"><ele>2.349</ele><time>2025-01-16T12:11:31.999Z</time><speed>1.834</speed><sat>25</sat></trkpt>
  <trkpt lat="10.77793260" lon="106.70719913"><ele>2.722</ele><time>2025-01-16T12:11:32.999Z</time><speed>1.413</speed><sat>24</sat></trkpt>
  <trkpt lat="10.77794913" lon="106.70719875"><ele>2.760</ele><time>2025-01-16T12:11:33.999Z</time><speed>1.272</speed><sat>25</sat></trkpt>
  <trkpt lat="10.77797047" lon="106.70719594"><ele>2.684</ele><time>2025-01-16T12:11:34.999Z</time><speed>1.287</speed><sat>23</sat></trkpt>
  <trkpt lat="10.77798004" lon="106.70719186"><ele>2.473</ele><time>2025-01-16T12:11:35.999Z</time><speed>0.815</speed><sat>24</sat></trkpt>
  <trkpt lat="10.77798845" lon="106.70719090"><ele>2.519</ele><time>2025-01-16T12:11:36.999Z</time><speed>0.000</speed><sat>25</sat></trkpt>
  <trkpt lat="10.77798845" lon="106.70719090"><ele>2.162</ele><time>2025-01-16T12:11:37.999Z</time><speed>0.000</speed><sat>25</sat></trkpt>
  <trkpt lat="10.77799687" lon="106.70719260"><ele>1.710</ele><time>2025-01-16T12:11:38.999Z</time><speed>0.607</speed><sat>25</sat></trkpt>
  <trkpt lat="10.77800332" lon="106.70719452"><ele>1.200</ele><time>2025-01-16T12:11:39.999Z</time><speed>1.105</speed><sat>25</sat></trkpt>
  <trkpt lat="10.77802073" lon="106.70719938"><ele>1.555</ele><time>2025-01-16T12:11:40.999Z</time><speed>1.950</speed><sat>25</sat></trkpt>
  <trkpt lat="10.77804807" lon="106.70720689"><ele>2.047</ele><time>2025-01-16T12:11:41.999Z</time><speed>2.447</speed><sat>25</sat></trkpt>
  <trkpt lat="10.77806968" lon="106.70721196"><ele>2.614</ele><time>2025-01-16T12:11:42.999Z</time><speed>2.122</speed><sat>24</sat></trkpt>
  <trkpt lat="10.77808237" lon="106.70721417"><ele>3.011</ele><time>2025-01-16T12:11:43.999Z</time><speed>1.677</speed><sat>24</sat></trkpt>
  <trkpt lat="10.77809611" lon="106.70721772"><ele>3.380</ele><time>2025-01-16T12:11:44.999Z</time><speed>0.661</speed><sat>25</sat></trkpt>
  <trkpt lat="10.77809566" lon="106.70721711"><ele>3.487</ele><time>2025-01-16T12:11:45.999Z</time><speed>0.417</speed><sat>24</sat></trkpt>
  <trkpt lat="10.77809401" lon="106.70721401"><ele>1.950</ele><time>2025-01-16T12:11:46.999Z</time><speed>0.421</speed><sat>24</sat></trkpt>
  <trkpt lat="10.77809074" lon="106.70721275"><ele>0.839</ele><time>2025-01-16T12:11:47.999Z</time><speed>0.590</speed><sat>24</sat></trkpt>
  <trkpt lat="10.77809465" lon="106.70721794"><ele>-2.108</ele><time>2025-01-16T12:11:48.999Z</time><speed>0.000</speed><sat>24</sat></trkpt>
  <trkpt lat="10.77809465" lon="106.70721794"><ele>-2.042</ele><time>2025-01-16T12:11:49.999Z</time><speed>0.000</speed><sat>22</sat></trkpt>
  <trkpt lat="10.77809465" lon="106.70721794"><ele>-2.073</ele><time>2025-01-16T12:11:50.999Z</time><speed>0.000</speed><sat>22</sat></trkpt>
  <trkpt lat="10.77809465" lon="106.70721794"><ele>-2.234</ele><time>2025-01-16T12:11:51.999Z</time><speed>0.000</speed><sat>22</sat></trkpt>
  <trkpt lat="10.77809465" lon="106.70721794"><ele>-2.588</ele><time>2025-01-16T12:11:52.999Z</time><speed>0.000</speed><sat>22</sat></trkpt>
  <trkpt lat="10.77809465" lon="106.70721794"><ele>-2.856</ele><time>2025-01-16T12:11:53.999Z</time><speed>0.000</speed><sat>22</sat></trkpt>
  <trkpt lat="10.77809465" lon="106.70721794"><ele>-3.145</ele><time>2025-01-16T12:11:54.999Z</time><speed>0.000</speed><sat>20</sat></trkpt>
  <trkpt lat="10.77809270" lon="106.70721870"><ele>-3.229</ele><time>2025-01-16T12:11:55.999Z</time><speed>0.323</speed><sat>23</sat></trkpt>
  <trkpt lat="10.77809941" lon="106.70722239"><ele>-3.187</ele><time>2025-01-16T12:11:56.999Z</time><speed>1.062</speed><sat>23</sat></trkpt>
  <trkpt lat="10.77811377" lon="106.70722848"><ele>-3.038</ele><time>2025-01-16T12:11:57.999Z</time><speed>1.039</speed><sat>22</sat></trkpt>
  <trkpt lat="10.77812924" lon="106.70723347"><ele>-3.037</ele><time>2025-01-16T12:11:58.999Z</time><speed>1.098</speed><sat>23</sat></trkpt>
  <trkpt lat="10.77814861" lon="106.70724143"><ele>-2.998</ele><time>2025-01-16T12:11:59.999Z</time><speed>1.562</speed><sat>24</sat></trkpt>
  <trkpt lat="10.77817120" lon="106.70724576"><ele>-2.860</ele><time>2025-01-16T12:12:00.999Z</time><speed>1.617</speed><sat>24</sat></trkpt>
  <trkpt lat="10.77818851" lon="106.70725033"><ele>-2.859</ele><time>2025-01-16T12:12:01.999Z</time><speed>1.662</speed><sat>25</sat></trkpt>
  <trkpt lat="10.77820500" lon="106.70724780"><ele>-2.398</ele><time>2025-01-16T12:12:02.999Z</time><speed>1.767</speed><sat>25</sat></trkpt>
  <trkpt lat="10.77822155" lon="106.70725139"><ele>-1.829</ele><time>2025-01-16T12:12:03.999Z</time><speed>1.645</speed><sat>24</sat></trkpt>
  <trkpt lat="10.77822970" lon="106.70725554"><ele>-1.460</ele><time>2025-01-16T12:12:04.999Z</time><speed>1.435</speed><sat>25</sat></trkpt>
  <trkpt lat="10.77823963" lon="106.70726054"><ele>-1.257</ele><time>2025-01-16T12:12:05.999Z</time><speed>1.366</speed><sat>24</sat></trkpt>
  <trkpt lat="10.77825073" lon="106.70726735"><ele>-0.735</ele><time>2025-01-16T12:12:06.999Z</time><speed>1.285</speed><sat>24</sat></trkpt>
  <trkpt lat="10.77826129" lon="106.70727367"><ele>-0.625</ele><time>2025-01-16T12:12:07.999Z</time><speed>1.355</speed><sat>24</sat></trkpt>
  <trkpt lat="10.77827345" lon="106.70728113"><ele>-0.611</ele><time>2025-01-16T12:12:08.999Z</time><speed>1.297</speed><sat>23</sat></trkpt>
  <trkpt lat="10.77828270" lon="106.70728680"><ele>-0.092</ele><time>2025-01-16T12:12:09.999Z</time><speed>1.409</speed><sat>23</sat></trkpt>
  <trkpt lat="10.77829577" lon="106.70729218"><ele>0.621</ele><time>2025-01-16T12:12:10.999Z</time><speed>1.686</speed><sat>23</sat></trkpt>
  <trkpt lat="10.77830948" lon="106.70729447"><ele>1.531</ele><time>2025-01-16T12:12:11.999Z</time><speed>1.718</speed><sat>24</sat></trkpt>
  <trkpt lat="10.77832455" lon="106.70729949"><ele>2.139</ele><time>2025-01-16T12:12:12.999Z</time><speed>1.813</speed><sat>24</sat></trkpt>
  <trkpt lat="10.77834775" lon="106.70730379"><ele>2.238</ele><time>2025-01-16T12:12:13.999Z</time><speed>2.752</speed><sat>22</sat></trkpt>
  <trkpt lat="10.77836792" lon="106.70731021"><ele>3.032</ele><time>2025-01-16T12:12:14.999Z</time><speed>2.792</speed><sat>24</sat></trkpt>
  <trkpt lat="10.77839186" lon="106.70732022"><ele>3.759</ele><time>2025-01-16T12:12:15.999Z</time><speed>3.205</speed><sat>25</sat></trkpt>
  <trkpt lat="10.77840820" lon="106.70732733"><ele>4.721</ele><time>2025-01-16T12:12:16.999Z</time><speed>3.611</speed><sat>25</sat></trkpt>
  <trkpt lat="10.77843944" lon="106.70733861"><ele>5.718</ele><time>2025-01-16T12:12:17.999Z</time><speed>3.853</speed><sat>23</sat></trkpt>
  <trkpt lat="10.77847645" lon="106.70735090"><ele>6.535</ele><time>2025-01-16T12:12:18.999Z</time><speed>3.875</speed><sat>23</sat></trkpt>
  <trkpt lat="10.77851722" lon="106.70736244"><ele>7.674</ele><time>2025-01-16T12:12:19.999Z</time><speed>3.760</speed><sat>23</sat></trkpt>
  <trkpt lat="10.77854453" lon="106.70737561"><ele>7.392</ele><time>2025-01-16T12:12:20.999Z</time><speed>3.468</speed><sat>23</sat></trkpt>
  <trkpt lat="10.77856977" lon="106.70738761"><ele>5.939</ele><time>2025-01-16T12:12:21.999Z</time><speed>3.472</speed><sat>24</sat></trkpt>
  <trkpt lat="10.77859801" lon="106.70739432"><ele>5.750</ele><time>2025-01-16T12:12:22.999Z</time><speed>3.618</speed><sat>24</sat></trkpt>
  <trkpt lat="10.77863397" lon="106.70740581"><ele>5.068</ele><time>2025-01-16T12:12:23.999Z</time><speed>3.577</speed><sat>24</sat></trkpt>
  <trkpt lat="10.77866590" lon="106.70741443"><ele>4.752</ele><time>2025-01-16T12:12:24.999Z</time><speed>3.544</speed><sat>24</sat></trkpt>
  <trkpt lat="10.77869911" lon="106.70742457"><ele>4.485</ele><time>2025-01-16T12:12:25.999Z</time><speed>3.551</speed><sat>24</sat></trkpt>
  <trkpt lat="10.77874275" lon="106.70743742"><ele>4.009</ele><time>2025-01-16T12:12:26.999Z</time><speed>3.578</speed><sat>24</sat></trkpt>
  <trkpt lat="10.77878255" lon="106.70744422"><ele>3.908</ele><time>2025-01-16T12:12:27.999Z</time><speed>3.568</speed><sat>24</sat></trkpt>
  <trkpt lat="10.77882469" lon="106.70744311"><ele>3.003</ele><time>2025-01-16T12:12:28.999Z</time><speed>3.297</speed><sat>25</sat></trkpt>
  <trkpt lat="10.77885493" lon="106.70744633"><ele>2.241</ele><time>2025-01-16T12:12:29.999Z</time><speed>3.132</speed><sat>25</sat></trkpt>
  <trkpt lat="10.77887650" lon="106.70745634"><ele>1.936</ele><time>2025-01-16T12:12:30.999Z</time><speed>3.102</speed><sat>25</sat></trkpt>
  <trkpt lat="10.77890486" lon="106.70746234"><ele>1.678</ele><time>2025-01-16T12:12:31.999Z</time><speed>2.964</speed><sat>25</sat></trkpt>
  <trkpt lat="10.77892688" lon="106.70746918"><ele>1.312</ele><time>2025-01-16T12:12:32.999Z</time><speed>2.552</speed><sat>25</sat></trkpt>
  <trkpt lat="10.77894829" lon="106.70747617"><ele>1.417</ele><time>2025-01-16T12:12:33.999Z</time><speed>2.443</speed><sat>25</sat></trkpt>
  <trkpt lat="10.77896791" lon="106.70748333"><ele>1.593</ele><time>2025-01-16T12:12:34.999Z</time><speed>2.170</speed><sat>24</sat></trkpt>
  <trkpt lat="10.77898568" lon="106.70749186"><ele>2.216</ele><time>2025-01-16T12:12:35.999Z</time><speed>1.376</speed><sat>24</sat></trkpt>
  <trkpt lat="10.77899283" lon="106.70749350"><ele>2.110</ele><time>2025-01-16T12:12:36.999Z</time><speed>0.773</speed><sat>21</sat></trkpt>
  <trkpt lat="10.77898727" lon="106.70749719"><ele>1.751</ele><time>2025-01-16T12:12:37.999Z</time><speed>0.498</speed><sat>21</sat></trkpt>
  <trkpt lat="10.77899309" lon="106.70749096"><ele>1.428</ele><time>2025-01-16T12:12:38.999Z</time><speed>0.420</speed><sat>21</sat></trkpt>
  <trkpt lat="10.77899826" lon="106.70748836"><ele>1.419</ele><time>2025-01-16T12:12:39.999Z</time><speed>0.000</speed><sat>21</sat></trkpt>
  <trkpt lat="10.77899976" lon="106.70748747"><ele>1.103</ele><time>2025-01-16T12:12:40.999Z</time><speed>0.282</speed><sat>19</sat></trkpt>
  <trkpt lat="10.77900307" lon="106.70748920"><ele>0.765</ele><time>2025-01-16T12:12:41.999Z</time><speed>0.000</speed><sat>20</sat></trkpt>
  <trkpt lat="10.77900307" lon="106.70748920"><ele>1.040</ele><time>2025-01-16T12:12:42.999Z</time><speed>0.000</speed><sat>19</sat></trkpt>
  <trkpt lat="10.77900307" lon="106.70748920"><ele>1.221</ele><time>2025-01-16T12:12:43.999Z</time><speed>0.000</speed><sat>19</sat></trkpt>
  <trkpt lat="10.77900307" lon="106.70748920"><ele>1.214</ele><time>2025-01-16T12:12:44.999Z</time><speed>0.000</speed><sat>19</sat></trkpt>
  <trkpt lat="10.77900307" lon="106.70748920"><ele>1.354</ele><time>2025-01-16T12:12:45.999Z</time><speed>0.000</speed><sat>18</sat></trkpt>
  <trkpt lat="10.77900307" lon="106.70748920"><ele>1.446</ele><time>2025-01-16T12:12:46.999Z</time><speed>0.000</speed><sat>17</sat></trkpt>
  <trkpt lat="10.77900307" lon="106.70748920"><ele>1.512</ele><time>2025-01-16T12:12:47.999Z</time><speed>0.000</speed><sat>20</sat></trkpt>
  <trkpt lat="10.77900307" lon="106.70748920"><ele>1.713</ele><time>2025-01-16T12:12:48.999Z</time><speed>0.000</speed><sat>20</sat></trkpt>
  <trkpt lat="10.77900307" lon="106.70748920"><ele>1.994</ele><time>2025-01-16T12:12:49.999Z</time><speed>0.000</speed><sat>21</sat></trkpt>
  <trkpt lat="10.77900307" lon="106.70748920"><ele>2.223</ele><time>2025-01-16T12:12:50.999Z</time><speed>0.000</speed><sat>19</sat></trkpt>
  <trkpt lat="10.77902523" lon="106.70749652"><ele>2.340</ele><time>2025-01-16T12:12:51.999Z</time><speed>1.692</speed><sat>19</sat></trkpt>
  <trkpt lat="10.77906181" lon="106.70750013"><ele>2.643</ele><time>2025-01-16T12:12:52.999Z</time><speed>2.179</speed><sat>20</sat></trkpt>
  <trkpt lat="10.77909599" lon="106.70750628"><ele>3.691</ele><time>2025-01-16T12:12:53.999Z</time><speed>2.340</speed><sat>19</sat></trkpt>
  <trkpt lat="10.77912639" lon="106.70751446"><ele>4.449</ele><time>2025-01-16T12:12:54.999Z</time><speed>2.468</speed><sat>19</sat></trkpt>
  <trkpt lat="10.77915337" lon="106.70752314"><ele>5.202</ele><time>2025-01-16T12:12:55.999Z</time><speed>2.638</speed><sat>18</sat></trkpt>
  <trkpt lat="10.77917825" lon="106.70753580"><ele>5.218</ele><time>2025-01-16T12:12:56.999Z</time><speed>2.904</speed><sat>19</sat></trkpt>
  <trkpt lat="10.77919959" lon="106.70754860"><ele>5.496</ele><time>2025-01-16T12:12:57.999Z</time><speed>3.015</speed><sat>18</sat></trkpt>
  <trkpt lat="10.77922910" lon="106.70756434"><ele>5.966</ele><time>2025-01-16T12:12:58.999Z</time><speed>3.186</speed><sat>18</sat></trkpt>
  <trkpt lat="10.77926825" lon="106.70757697"><ele>5.609</ele><time>2025-01-16T12:12:59.999Z</time><speed>3.477</speed><sat>16</sat></trkpt>
  <trkpt lat="10.77930475" lon="106.70758567"><ele>5.320</ele><time>2025-01-16T12:13:00.999Z</time><speed>3.901</speed><sat>16</sat></trkpt>
  <trkpt lat="10.77935217" lon="106.70759117"><ele>4.876</ele><time>2025-01-16T12:13:01.999Z</time><speed>3.993</speed><sat>15</sat></trkpt>
  <trkpt lat="10.77938889" lon="106.70760067"><ele>5.547</ele><time>2025-01-16T12:13:02.999Z</time><speed>4.101</speed><sat>16</sat></trkpt>
  <trkpt lat="10.77941791" lon="106.70760262"><ele>5.506</ele><time>2025-01-16T12:13:03.999Z</time><speed>4.235</speed><sat>18</sat></trkpt>
  <trkpt lat="10.77945734" lon="106.70760815"><ele>5.297</ele><time>2025-01-16T12:13:04.999Z</time><speed>4.511</speed><sat>18</sat></trkpt>
  <trkpt lat="10.77950496" lon="106.70761313"><ele>5.016</ele><time>2025-01-16T12:13:05.999Z</time><speed>4.388</speed><sat>19</sat></trkpt>
  <trkpt lat="10.77954484" lon="106.70762756"><ele>6.241</ele><time>2025-01-16T12:13:06.999Z</time><speed>4.629</speed><sat>16</sat></trkpt>
  <trkpt lat="10.77957678" lon="106.70762457"><ele>8.943</ele><time>2025-01-16T12:13:07.999Z</time><speed>4.998</speed><sat>12</sat></trkpt>
  <trkpt lat="10.77961941" lon="106.70764325"><ele>9.939</ele><time>2025-01-16T12:13:08.999Z</time><speed>5.035</speed><sat>11</sat></trkpt>
  <trkpt lat="10.77966339" lon="106.70766279"><ele>10.262</ele><time>2025-01-16T12:13:09.999Z</time><speed>5.168</speed><sat>10</sat></trkpt>
  <trkpt lat="10.77970836" lon="106.70768329"><ele>10.723</ele><time>2025-01-16T12:13:10.999Z</time><speed>5.317</speed><sat>9</sat></trkpt>
  <trkpt lat="10.77975322" lon="106.70770474"><ele>11.536</ele><time>2025-01-16T12:13:11.999Z</time><speed>5.390</speed><sat>8</sat></trkpt>
  <trkpt lat="10.77980132" lon="106.70772559"><ele>11.881</ele><time>2025-01-16T12:13:12.999Z</time><speed>5.603</speed><sat>8</sat></trkpt>
  <trkpt lat="10.77985352" lon="106.70774555"><ele>12.497</ele><time>2025-01-16T12:13:13.999Z</time><speed>5.938</speed><sat>9</sat></trkpt>
  <trkpt lat="10.77991796" lon="106.70775998"><ele>12.653</ele><time>2025-01-16T12:13:14.999Z</time><speed>6.561</speed><sat>9</sat></trkpt>
  <trkpt lat="10.77996714" lon="106.70776777"><ele>13.006</ele><time>2025-01-16T12:13:15.999Z</time><speed>6.285</speed><sat>9</sat></trkpt>
  <trkpt lat="10.78002284" lon="106.70778376"><ele>13.712</ele><time>2025-01-16T12:13:16.999Z</time><speed>6.281</speed><sat>9</sat></trkpt>
  <trkpt lat="10.78007261" lon="106.70779250"><ele>13.662</ele><time>2025-01-16T12:13:17.999Z</time><speed>5.714</speed><sat>9</sat></trkpt>
  <trkpt lat="10.78013264" lon="106.70778943"><ele>13.205</ele><time>2025-01-16T12:13:18.999Z</time><speed>5.575</speed><sat>10</sat></trkpt>
  <trkpt lat="10.78019238" lon="106.70778870"><ele>11.810</ele><time>2025-01-16T12:13:19.999Z</time><speed>5.544</speed><sat>12</sat></trkpt>
  <trkpt lat="10.78023920" lon="106.70781124"><ele>11.887</ele><time>2025-01-16T12:13:20.999Z</time><speed>5.366</speed><sat>12</sat></trkpt>
  <trkpt lat="10.78031020" lon="106.70782830"><ele>11.108</ele><time>2025-01-16T12:13:21.999Z</time><speed>5.771</speed><sat>13</sat></trkpt>
  <trkpt lat="10.78037711" lon="106.70784180"><ele>10.594</ele><time>2025-01-16T12:13:22.999Z</time><speed>5.992</speed><sat>13</sat></trkpt>
  <trkpt lat="10.78044391" lon="106.70785408"><ele>10.394</ele><time>2025-01-16T12:13:23.999Z</time><speed>6.254</speed><sat>14</sat></trkpt>
  <trkpt lat="10.78050940" lon="106.70787004"><ele>9.238</ele><time>2025-01-16T12:13:24.999Z</time><speed>6.505</speed><sat>13</sat></trkpt>
  <trkpt lat="10.78057740" lon="106.70788151"><ele>9.292</ele><time>2025-01-16T12:13:25.999Z</time><speed>7.194</speed><sat>13</sat></trkpt>
  <trkpt lat="10.78064067" lon="106.70789403"><ele>10.379</ele><time>2025-01-16T12:13:26.999Z</time><speed>7.734</speed><sat>14</sat></trkpt>
  <trkpt lat="10.78070548" lon="106.70790215"><ele>10.225</ele><time>2025-01-16T12:13:27.999Z</time><speed>8.002</speed><sat>12</sat></trkpt>
  <trkpt lat="10.78076274" lon="106.70790235"><ele>9.019</ele><time>2025-01-16T12:13:28.999Z</time><speed>8.023</speed><sat>6</sat></trkpt>
  <trkpt lat="10.78090702" lon="106.70789625"><ele>9.483</ele><time>2025-01-16T12:13:30.999Z</time><speed>8.730</speed><sat>4</sat></trkpt>
  <trkpt lat="10.78097193" lon="106.70786949"><ele>11.300</ele><time>2025-01-16T12:13:31.999Z</time><speed>8.596</speed><sat>8</sat></trkpt>
  <trkpt lat="10.78102132" lon="106.70784021"><ele>13.351</ele><time>2025-01-16T12:13:32.999Z</time><speed>7.545</speed><sat>11</sat></trkpt>
  <trkpt lat="10.78107331" lon="106.70782707"><ele>11.338</ele><time>2025-01-16T12:13:33.999Z</time><speed>6.761</speed><sat>17</sat></trkpt>
  <trkpt lat="10.78110660" lon="106.70782824"><ele>7.368</ele><time>2025-01-16T12:13:34.999Z</time><speed>5.237</speed><sat>19</sat></trkpt>
  <trkpt lat="10.78111486" lon="106.70782197"><ele>4.538</ele><time>2025-01-16T12:13:35.999Z</time><speed>3.443</speed><sat>20</sat></trkpt>
  <trkpt lat="10.78113728" lon="106.70780548"><ele>3.268</ele><time>2025-01-16T12:13:36.999Z</time><speed>2.588</speed><sat>20</sat></trkpt>
  <trkpt lat="10.78116603" lon="106.70778339"><ele>4.931</ele><time>2025-01-16T12:13:37.999Z</time><speed>2.616</speed><sat>19</sat></trkpt>
  <trkpt lat="10.78118559" lon="106.70776443"><ele>4.521</ele><time>2025-01-16T12:13:38.999Z</time><speed>2.212</speed><sat>20</sat></trkpt>
  <trkpt lat="10.78119607" lon="106.70774833"><ele>3.728</ele><time>2025-01-16T12:13:39.999Z</time><speed>1.980</speed><sat>20</sat></trkpt>
  <trkpt lat="10.78120923" lon="106.70773291"><ele>3.386</ele><time>2025-01-16T12:13:40.999Z</time><speed>1.767</speed><sat>19</sat></trkpt>
  <trkpt lat="10.78122089" lon="106.70772215"><ele>1.814</ele><time>2025-01-16T12:13:41.999Z</time><speed>2.895</speed><sat>20</sat></trkpt>
  <trkpt lat="10.78123356" lon="106.70770481"><ele>1.582</ele><time>2025-01-16T12:13:42.999Z</time><speed>3.436</speed><sat>22</sat></trkpt>
  <trkpt lat="10.78125699" lon="106.70767956"><ele>1.988</ele><time>2025-01-16T12:13:43.999Z</time><speed>4.161</speed><sat>21</sat></trkpt>
  <trkpt lat="10.78128404" lon="106.70764949"><ele>1.436</ele><time>2025-01-16T12:13:44.999Z</time><speed>4.483</speed><sat>21</sat></trkpt>
  <trkpt lat="10.78131476" lon="106.70761648"><ele>0.410</ele><time>2025-01-16T12:13:45.999Z</time><speed>4.676</speed><sat>21</sat></trkpt>
  <trkpt lat="10.78134556" lon="106.70758271"><ele>1.753</ele><time>2025-01-16T12:13:46.999Z</time><speed>5.118</speed><sat>21</sat></trkpt>
  <trkpt lat="10.78137889" lon="106.70754619"><ele>1.907</ele><time>2025-01-16T12:13:47.999Z</time><speed>5.321</speed><sat>20</sat></trkpt>
  <trkpt lat="10.78141144" lon="106.70750923"><ele>1.927</ele><time>2025-01-16T12:13:48.999Z</time><speed>5.495</speed><sat>22</sat></trkpt>
  <trkpt lat="10.78144141" lon="106.70746995"><ele>0.768</ele><time>2025-01-16T12:13:49.999Z</time><speed>5.548</speed><sat>22</sat></trkpt>
  <trkpt lat="10.78147275" lon="106.70743534"><ele>0.980</ele><time>2025-01-16T12:13:50.999Z</time><speed>5.212</speed><sat>18</sat></trkpt>
  <trkpt lat="10.78150402" lon="106.70740370"><ele>0.374</ele><time>2025-01-16T12:13:51.999Z</time><speed>4.906</speed><sat>19</sat></trkpt>
  <trkpt lat="10.78153423" lon="106.70737322"><ele>-0.168</ele><time>2025-01-16T12:13:52.999Z</time><speed>4.673</speed><sat>19</sat></trkpt>
  <trkpt lat="10.78156124" lon="106.70734055"><ele>-0.198</ele><time>2025-01-16T12:13:53.999Z</time><speed>4.503</speed><sat>20</sat></trkpt>
  <trkpt lat="10.78158983" lon="106.70730755"><ele>0.328</ele><time>2025-01-16T12:13:54.999Z</time><speed>4.558</speed><sat>21</sat></trkpt>
  <trkpt lat="10.78161977" lon="106.70727585"><ele>0.493</ele><time>2025-01-16T12:13:55.999Z</time><speed>4.829</speed><sat>19</sat></trkpt>
  <trkpt lat="10.78165152" lon="106.70724425"><ele>0.285</ele><time>2025-01-16T12:13:56.999Z</time><speed>5.190</speed><sat>23</sat></trkpt>
  <trkpt lat="10.78168518" lon="106.70720845"><ele>1.372</ele><time>2025-01-16T12:13:57.999Z</time><speed>5.317</speed><sat>19</sat></trkpt>
  <trkpt lat="10.78172223" lon="106.70717445"><ele>1.407</ele><time>2025-01-16T12:13:58.999Z</time><speed>5.480</speed><sat>19</sat></trkpt>
  <trkpt lat="10.78175817" lon="106.70713744"><ele>1.383</ele><time>2025-01-16T12:13:59.999Z</time><speed>5.475</speed><sat>20</sat></trkpt>
  <trkpt lat="10.78179125" lon="106.70710610"><ele>0.599</ele><time>2025-01-16T12:14:00.999Z</time><speed>5.234</speed><sat>18</sat></trkpt>
  <trkpt lat="10.78182644" lon="106.70707044"><ele>0.871</ele><time>2025-01-16T12:14:01.999Z</time><speed>5.103</speed><sat>19</sat></trkpt>
  <trkpt lat="10.78185780" lon="106.70703598"><ele>1.003</ele><time>2025-01-16T12:14:02.999Z</time><speed>4.970</speed><sat>17</sat></trkpt>
  <trkpt lat="10.78189005" lon="106.70700389"><ele>0.551</ele><time>2025-01-16T12:14:03.999Z</time><speed>4.763</speed><sat>18</sat></trkpt>
  <trkpt lat="10.78192056" lon="106.70697015"><ele>0.817</ele><time>2025-01-16T12:14:04.999Z</time><speed>4.826</speed><sat>19</sat></trkpt>
  <trkpt lat="10.78194963" lon="106.70693785"><ele>0.437</ele><time>2025-01-16T12:14:05.999Z</time><speed>4.838</speed><sat>19</sat></trkpt>
  <trkpt lat="10.78198038" lon="106.70690663"><ele>0.303</ele><time>2025-01-16T12:14:06.999Z</time><speed>4.828</speed><sat>20</sat></trkpt>
  <trkpt lat="10.78201089" lon="106.70687559"><ele>0.284</ele><time>2025-01-16T12:14:07.999Z</time><speed>4.827</speed><sat>19</sat></trkpt>
  <trkpt lat="10.78204140" lon="106.70684522"><ele>0.279</ele><time>2025-01-16T12:14:08.999Z</time><speed>4.868</speed><sat>19</sat></trkpt>
  <trkpt lat="10.78207352" lon="106.70681428"><ele>-1.814</ele><time>2025-01-16T12:14:09.999Z</time><speed>5.046</speed><sat>20</sat></trkpt>
  <trkpt lat="10.78211016" lon="106.70677914"><ele>-1.848</ele><time>2025-01-16T12:14:10.999Z</time><speed>5.320</speed><sat>17</sat></trkpt>
  <trkpt lat="10.78214401" lon="106.70674756"><ele>-1.967</ele><time>2025-01-16T12:14:11.999Z</time><speed>5.076</speed><sat>16</sat></trkpt>
  <trkpt lat="10.78217570" lon="106.70671615"><ele>-2.092</ele><time>2025-01-16T12:14:12.999Z</time><speed>4.841</speed><sat>18</sat></trkpt>
  <trkpt lat="10.78220340" lon="106.70668548"><ele>-1.731</ele><time>2025-01-16T12:14:13.999Z</time><speed>4.491</speed><sat>16</sat></trkpt>
  <trkpt lat="10.78223022" lon="106.70665823"><ele>-1.727</ele><time>2025-01-16T12:14:14.999Z</time><speed>4.168</speed><sat>16</sat></trkpt>
  <trkpt lat="10.78225620" lon="106.70663428"><ele>-2.036</ele><time>2025-01-16T12:14:15.999Z</time><speed>3.733</speed><sat>14</sat></trkpt>
  <trkpt lat="10.78227937" lon="106.70661095"><ele>-2.158</ele><time>2025-01-16T12:14:16.999Z</time><speed>3.469</speed><sat>14</sat></trkpt>
  <trkpt lat="10.78230163" lon="106.70658831"><ele>-1.795</ele><time>2025-01-16T12:14:17.999Z</time><speed>3.549</speed><sat>13</sat></trkpt>
  <trkpt lat="10.78232394" lon="106.70656474"><ele>-1.698</ele><time>2025-01-16T12:14:18.999Z</time><speed>3.555</speed><sat>11</sat></trkpt>
  <trkpt lat="10.78234371" lon="106.70653874"><ele>-1.591</ele><time>2025-01-16T12:14:19.999Z</time><speed>3.483</speed><sat>13</sat></trkpt>
  <trkpt lat="10.78236658" lon="106.70651532"><ele>-1.085</ele><time>2025-01-16T12:14:20.999Z</time><speed>3.313</speed><sat>10</sat></trkpt>
  <trkpt lat="10.78238986" lon="106.70649266"><ele>-0.622</ele><time>2025-01-16T12:14:21.999Z</time><speed>3.246</speed><sat>12</sat></trkpt>
  <trkpt lat="10.78240890" lon="106.70647216"><ele>-0.539</ele><time>2025-01-16T12:14:22.999Z</time><speed>3.115</speed><sat>11</sat></trkpt>
  <trkpt lat="10.78242696" lon="106.70645450"><ele>-0.497</ele><time>2025-01-16T12:14:23.999Z</time><speed>2.925</speed><sat>12</sat></trkpt>
  <trkpt lat="10.78244429" lon="106.70643477"><ele>-1.003</ele><time>2025-01-16T12:14:24.999Z</time><speed>2.872</speed><sat>12</sat></trkpt>
  <trkpt lat="10.78246519" lon="106.70642021"><ele>-0.905</ele><time>2025-01-16T12:14:25.999Z</time><speed>2.696</speed><sat>10</sat></trkpt>
  <trkpt lat="10.78248546" lon="106.70641188"><ele>-0.699</ele><time>2025-01-16T12:14:26.999Z</time><speed>2.353</speed><sat>10</sat></trkpt>
  <trkpt lat="10.78250698" lon="106.70640761"><ele>-0.450</ele><time>2025-01-16T12:14:27.999Z</time><speed>2.017</speed><sat>12</sat></trkpt>
  <trkpt lat="10.78255158" lon="106.70642481"><ele>-0.443</ele><time>2025-01-16T12:14:28.999Z</time><speed>3.066</speed><sat>17</sat></trkpt>
  <trkpt lat="10.78258182" lon="106.70643975"><ele>0.114</ele><time>2025-01-16T12:14:29.999Z</time><speed>3.301</speed><sat>15</sat></trkpt>
  <trkpt lat="10.78260984" lon="106.70646347"><ele>-0.083</ele><time>2025-01-16T12:14:30.999Z</time><speed>3.970</speed><sat>16</sat></trkpt>
  <trkpt lat="10.78265428" lon="106.70650134"><ele>0.033</ele><time>2025-01-16T12:14:31.999Z</time><speed>5.378</speed><sat>20</sat></trkpt>
  <trkpt lat="10.78269167" lon="106.70653672"><ele>0.408</ele><time>2025-01-16T12:14:32.999Z</time><speed>6.047</speed><sat>20</sat></trkpt>
  <trkpt lat="10.78273799" lon="106.70657404"><ele>0.693</ele><time>2025-01-16T12:14:33.999Z</time><speed>6.770</speed><sat>18</sat></trkpt>
  <trkpt lat="10.78278361" lon="106.70661527"><ele>0.698</ele><time>2025-01-16T12:14:34.999Z</time><speed>7.226</speed><sat>20</sat></trkpt>
  <trkpt lat="10.78283434" lon="106.70665769"><ele>0.665</ele><time>2025-01-16T12:14:35.999Z</time><speed>7.578</speed><sat>20</sat></trkpt>
  <trkpt lat="10.78288771" lon="106.70669821"><ele>0.756</ele><time>2025-01-16T12:14:36.999Z</time><speed>7.764</speed><sat>19</sat></trkpt>
  <trkpt lat="10.78294410" lon="106.70674286"><ele>1.745</ele><time>2025-01-16T12:14:37.999Z</time><speed>7.993</speed><sat>19</sat></trkpt>
  <trkpt lat="10.78300075" lon="106.70679101"><ele>1.612</ele><time>2025-01-16T12:14:38.999Z</time><speed>8.068</speed><sat>22</sat></trkpt>
  <trkpt lat="10.78305329" lon="106.70684307"><ele>0.539</ele><time>2025-01-16T12:14:39.999Z</time><speed>7.888</speed><sat>23</sat></trkpt>
  <trkpt lat="10.78310451" lon="106.70689014"><ele>0.169</ele><time>2025-01-16T12:14:40.999Z</time><speed>7.655</speed><sat>23</sat></trkpt>
  <trkpt lat="10.78315566" lon="106.70693707"><ele>0.138</ele><time>2025-01-16T12:14:41.999Z</time><speed>7.472</speed><sat>23</sat></trkpt>
  <trkpt lat="10.78320593" lon="106.70698422"><ele>-0.035</ele><time>2025-01-16T12:14:42.999Z</time><speed>7.440</speed><sat>21</sat></trkpt>
  <trkpt lat="10.78325813" lon="106.70702915"><ele>0.381</ele><time>2025-01-16T12:14:43.999Z</time><speed>7.485</speed><sat>20</sat></trkpt>
  <trkpt lat="10.78330971" lon="106.70707318"><ele>0.171</ele><time>2025-01-16T12:14:44.999Z</time><speed>7.554</speed><sat>21</sat></trkpt>
  <trkpt lat="10.78336306" lon="106.70711764"><ele>-0.288</ele><time>2025-01-16T12:14:45.999Z</time><speed>7.601</speed><sat>22</sat></trkpt>
  <trkpt lat="10.78341662" lon="106.70716401"><ele>-0.433</ele><time>2025-01-16T12:14:46.999Z</time><speed>7.504</speed><sat>21</sat></trkpt>
  <trkpt lat="10.78346664" lon="106.70720815"><ele>-0.620</ele><time>2025-01-16T12:14:47.999Z</time><speed>7.469</speed><sat>22</sat></trkpt>
  <trkpt lat="10.78351625" lon="106.70725295"><ele>-0.588</ele><time>2025-01-16T12:14:48.999Z</time><speed>7.436</speed><sat>23</sat></trkpt>
  <trkpt lat="10.78356800" lon="106.70729807"><ele>-0.260</ele><time>2025-01-16T12:14:49.999Z</time><speed>7.484</speed><sat>22</sat></trkpt>
  <trkpt lat="10.78361993" lon="106.70734394"><ele>-0.021</ele><time>2025-01-16T12:14:50.999Z</time><speed>7.487</speed><sat>24</sat></trkpt>
  <trkpt lat="10.78367289" lon="106.70738935"><ele>-0.029</ele><time>2025-01-16T12:14:51.999Z</time><speed>7.686</speed><sat>21</sat></trkpt>
  <trkpt lat="10.78372698" lon="106.70743393"><ele>0.360</ele><time>2025-01-16T12:14:52.999Z</time><speed>7.582</speed><sat>23</sat></trkpt>
  <trkpt lat="10.78378056" lon="106.70747696"><ele>0.616</ele><time>2025-01-16T12:14:53.999Z</time><speed>7.392</speed><sat>22</sat></trkpt>
  <trkpt lat="10.78382979" lon="106.70752055"><ele>0.283</ele><time>2025-01-16T12:14:54.999Z</time><speed>7.099</speed><sat>22</sat></trkpt>
  <trkpt lat="10.78387763" lon="106.70756129"><ele>0.464</ele><time>2025-01-16T12:14:55.999Z</time><speed>6.853</speed><sat>23</sat></trkpt>
  <trkpt lat="10.78392361" lon="106.70760088"><ele>0.259</ele><time>2025-01-16T12:14:56.999Z</time><speed>6.699</speed><sat>23</sat></trkpt>
  <trkpt lat="10.78396758" lon="106.70763821"><ele>0.292</ele><time>2025-01-16T12:14:57.999Z</time><speed>6.341</speed><sat>22</sat></trkpt>
  <trkpt lat="10.78400957" lon="106.70767475"><ele>0.189</ele><time>2025-01-16T12:14:58.999Z</time><speed>5.864</speed><sat>21</sat></trkpt>
  <trkpt lat="10.78404878" lon="106.70770841"><ele>0.035</ele><time>2025-01-16T12:14:59.999Z</time><speed>5.421</speed><sat>19</sat></trkpt>
  <trkpt lat="10.78408499" lon="106.70774157"><ele>-0.174</ele><time>2025-01-16T12:15:00.999Z</time><speed>5.118</speed><sat>19</sat></trkpt>
  <trkpt lat="10.78411929" lon="106.70777244"><ele>-0.364</ele><time>2025-01-16T12:15:01.999Z</time><speed>4.672</speed><sat>19</sat></trkpt>
  <trkpt lat="10.78414894" lon="106.70779712"><ele>-0.597</ele><time>2025-01-16T12:15:02.999Z</time><speed>3.928</speed><sat>17</sat></trkpt>
  <trkpt lat="10.78417476" lon="106.70781674"><ele>-1.001</ele><time>2025-01-16T12:15:03.999Z</time><speed>3.374</speed><sat>19</sat></trkpt>
  <trkpt lat="10.78419516" lon="106.70783288"><ele>-0.936</ele><time>2025-01-16T12:15:04.999Z</time><speed>2.710</speed><sat>19</sat></trkpt>
  <trkpt lat="10.78421368" lon="106.70784878"><ele>-1.032</ele><time>2025-01-16T12:15:05.999Z</time><speed>2.421</speed><sat>19</sat></trkpt>
  <trkpt lat="10.78422795" lon="106.70786267"><ele>-1.346</ele><time>2025-01-16T12:15:06.999Z</time><speed>1.910</speed><sat>18</sat></trkpt>
  <trkpt lat="10.78424102" lon="106.70787166"><ele>-1.260</ele><time>2025-01-16T12:15:07.999Z</time><speed>1.150</speed><sat>20</sat></trkpt>
  <trkpt lat="10.78424593" lon="106.70787638"><ele>-0.002</ele><time>2025-01-16T12:15:08.999Z</time><speed>0.790</speed><sat>19</sat></trkpt>
  <trkpt lat="10.78424813" lon="106.70787817"><ele>-0.080</ele><time>2025-01-16T12:15:09.999Z</time><speed>0.333</speed><sat>21</sat></trkpt>
  <trkpt lat="10.78424960" lon="106.70787968"><ele>-0.094</ele><time>2025-01-16T12:15:10.999Z</time><speed>0.000</speed><sat>22</sat></trkpt>
  <trkpt lat="10.78425104" lon="106.70788199"><ele>-1.436</ele><time>2025-01-16T12:15:11.999Z</time><speed>0.276</speed><sat>23</sat></trkpt>
  <trkpt lat="10.78425137" lon="106.70788337"><ele>-1.373</ele><time>2025-01-16T12:15:12.999Z</time><speed>0.193</speed><sat>22</sat></trkpt>
  <trkpt lat="10.78425192" lon="106.70788236"><ele>-2.383</ele><time>2025-01-16T12:15:13.999Z</time><speed>0.122</speed><sat>21</sat></trkpt>
  <trkpt lat="10.78425199" lon="106.70788238"><ele>-2.737</ele><time>2025-01-16T12:15:14.999Z</time><speed>0.103</speed><sat>23</sat></trkpt>
  <trkpt lat="10.78425244" lon="106.70788271"><ele>-3.311</ele><time>2025-01-16T12:15:15.999Z</time><speed>0.100</speed><sat>21</sat></trkpt>
  <trkpt lat="10.78425303" lon="106.70788302"><ele>-1.243</ele><time>2025-01-16T12:15:16.999Z</time><speed>0.000</speed><sat>24</sat></trkpt>
  <trkpt lat="10.78425303" lon="106.70788302"><ele>-1.334</ele><time>2025-01-16T12:15:17.999Z</time><speed>0.000</speed><sat>25</sat></trkpt>
  <trkpt lat="10.78425303" lon="106.70788302"><ele>-1.643</ele><time>2025-01-16T12:15:18.999Z</time><speed>0.000</speed><sat>24</sat></trkpt>
  <trkpt lat="10.78425303" lon="106.70788302"><ele>-1.868</ele><time>2025-01-16T12:15:19.999Z</time><speed>0.000</speed><sat>25</sat></trkpt>
  <trkpt lat="10.78425303" lon="106.70788302"><ele>-1.792</ele><time>2025-01-16T12:15:20.999Z</time><speed>0.000</speed><sat>25</sat></trkpt>
  <trkpt lat="10.78425303" lon="106.70788302"><ele>-1.727</ele><time>2025-01-16T12:15:21.999Z</time><speed>0.000</speed><sat>25</sat></trkpt>
  <trkpt lat="10.78425303" lon="106.70788302"><ele>-1.780</ele><time>2025-01-16T12:15:22.999Z</time><speed>0.000</speed><sat>25</sat></trkpt>
  <trkpt lat="10.78425303" lon="106.70788302"><ele>-1.900</ele><time>2025-01-16T12:15:23.999Z</time><speed>0.000</speed><sat>25</sat></trkpt>
  <trkpt lat="10.78425303" lon="106.70788302"><ele>-1.953</ele><time>2025-01-16T12:15:24.999Z</time><speed>0.000</speed><sat>24</sat></trkpt>
  <trkpt lat="10.78425303" lon="106.70788302"><ele>-2.067</ele><time>2025-01-16T12:15:25.999Z</time><speed>0.000</speed><sat>25</sat></trkpt>
  <trkpt lat="10.78425303" lon="106.70788302"><ele>-2.085</ele><time>2025-01-16T12:15:26.999Z</time><speed>0.000</speed><sat>23</sat></trkpt>
  <trkpt lat="10.78425303" lon="106.70788302"><ele>-2.157</ele><time>2025-01-16T12:15:27.999Z</time><speed>0.000</speed><sat>22</sat></trkpt>
  <trkpt lat="10.78425303" lon="106.70788302"><ele>-2.256</ele><time>2025-01-16T12:15:28.999Z</time><speed>0.000</speed><sat>22</sat></trkpt>
  <trkpt lat="10.78425303" lon="106.70788302"><ele>-2.217</ele><time>2025-01-16T12:15:29.999Z</time><speed>0.000</speed><sat>23</sat></trkpt>
  <trkpt lat="10.78425303" lon="106.70788302"><ele>-2.296</ele><time>2025-01-16T12:15:30.999Z</time><speed>0.000</speed><sat>22</sat></trkpt>
  <trkpt lat="10.78425303" lon="106.70788302"><ele>-2.367</ele><time>2025-01-16T12:15:31.999Z</time><speed>0.000</speed><sat>21</sat></trkpt>
  <trkpt lat="10.78425303" lon="106.70788302"><ele>-2.452</ele><time>2025-01-16T12:15:32.999Z</time><speed>0.000</speed><sat>23</sat></trkpt>
  <trkpt lat="10.78425303" lon="106.70788302"><ele>-2.583</ele><time>2025-01-16T12:15:33.999Z</time><speed>0.000</speed><sat>22</sat></trkpt>
  <trkpt lat="10.78425303" lon="106.70788302"><ele>-2.694</ele><time>2025-01-16T12:15:34.999Z</time><speed>0.000</speed><sat>24</sat></trkpt>
  <trkpt lat="10.78425303" lon="106.70788302"><ele>-2.772</ele><time>2025-01-16T12:15:35.999Z</time><speed>0.000</speed><sat>23</sat></trkpt>
  <trkpt lat="10.78425303" lon="106.70788302"><ele>-2.858</ele><time>2025-01-16T12:15:36.999Z</time><speed>0.000</speed><sat>23</sat></trkpt>
  <trkpt lat="10.78425303" lon="106.70788302"><ele>-2.957</ele><time>2025-01-16T12:15:37.999Z</time><speed>0.000</speed><sat>23</sat></trkpt>
  <trkpt lat="10.78425303" lon="106.70788302"><ele>-3.031</ele><time>2025-01-16T12:15:38.999Z</time><speed>0.000</speed><sat>22</sat></trkpt>
  <trkpt lat="10.78425303" lon="106.70788302"><ele>-3.131</ele><time>2025-01-16T12:15:39.999Z</time><speed>0.000</speed><sat>24</sat></trkpt>
  <trkpt lat="10.78425303" lon="106.70788302"><ele>-3.190</ele><time>2025-01-16T12:15:40.999Z</time><speed>0.000</speed><sat>23</sat></trkpt>
  <trkpt lat="10.78425303" lon="106.70788302"><ele>-3.178</ele><time>2025-01-16T12:15:41.999Z</time><speed>0.000</speed><sat>24</sat></trkpt>
  <trkpt lat="10.78425303" lon="106.70788302"><ele>-3.258</ele><time>2025-01-16T12:15:42.999Z</time><speed>0.000</speed><sat>23</sat></trkpt>
  <trkpt lat="10.78425303" lon="106.70788302"><ele>-3.253</ele><time>2025-01-16T12:15:43.999Z</time><speed>0.000</speed><sat>25</sat></trkpt>
  <trkpt lat="10.78426448" lon="106.70789137"><ele>-3.226</ele><time>2025-01-16T12:15:44.999Z</time><speed>1.146</speed><sat>25</sat></trkpt>
  <trkpt lat="10.78427870" lon="106.70790434"><ele>-3.100</ele><time>2025-01-16T12:15:45.999Z</time><speed>1.888</speed><sat>25</sat></trkpt>
  <trkpt lat="10.78430131" lon="106.70792087"><ele>-3.244</ele><time>2025-01-16T12:15:46.999Z</time><speed>2.346</speed><sat>24</sat></trkpt>
  <trkpt lat="10.78432599" lon="106.70794032"><ele>-3.220</ele><time>2025-01-16T12:15:47.999Z</time><speed>3.030</speed><sat>24</sat></trkpt>
  <trkpt lat="10.78435015" lon="106.70796097"><ele>-3.298</ele><time>2025-01-16T12:15:48.999Z</time><speed>3.597</speed><sat>24</sat></trkpt>
  <trkpt lat="10.78437981" lon="106.70798589"><ele>-3.372</ele><time>2025-01-16T12:15:49.999Z</time><speed>4.030</speed><sat>25</sat></trkpt>
  <trkpt lat="10.78440687" lon="106.70801262"><ele>-3.273</ele><time>2025-01-16T12:15:50.999Z</time><speed>4.259</speed><sat>24</sat></trkpt>
  <trkpt lat="10.78443755" lon="106.70803950"><ele>-3.133</ele><time>2025-01-16T12:15:51.999Z</time><speed>4.550</speed><sat>25</sat></trkpt>
  <trkpt lat="10.78447134" lon="106.70806825"><ele>-3.084</ele><time>2025-01-16T12:15:52.999Z</time><speed>4.812</speed><sat>23</sat></trkpt>
  <trkpt lat="10.78450454" lon="106.70809698"><ele>-3.028</ele><time>2025-01-16T12:15:53.999Z</time><speed>4.757</speed><sat>23</sat></trkpt>
  <trkpt lat="10.78453626" lon="106.70812621"><ele>-3.339</ele><time>2025-01-16T12:15:54.999Z</time><speed>4.705</speed><sat>22</sat></trkpt>
  <trkpt lat="10.78456932" lon="106.70815511"><ele>-3.415</ele><time>2025-01-16T12:15:55.999Z</time><speed>4.709</speed><sat>20</sat></trkpt>
  <trkpt lat="10.78460104" lon="106.70818390"><ele>-3.257</ele><time>2025-01-16T12:15:56.999Z</time><speed>4.683</speed><sat>21</sat></trkpt>
  <trkpt lat="10.78463937" lon="106.70821298"><ele>-2.888</ele><time>2025-01-16T12:15:57.999Z</time><speed>4.942</speed><sat>22</sat></trkpt>
  <trkpt lat="10.78467545" lon="106.70824146"><ele>-3.185</ele><time>2025-01-16T12:15:58.999Z</time><speed>5.190</speed><sat>20</sat></trkpt>
  <trkpt lat="10.78471391" lon="106.70827246"><ele>-3.357</ele><time>2025-01-16T12:15:59.999Z</time><speed>5.236</speed><sat>25</sat></trkpt>
  <trkpt lat="10.78475137" lon="106.70829996"><ele>-3.241</ele><time>2025-01-16T12:16:00.999Z</time><speed>5.318</speed><sat>26</sat></trkpt>
  <trkpt lat="10.78479047" lon="106.70832909"><ele>-3.139</ele><time>2025-01-16T12:16:01.999Z</time><speed>5.488</speed><sat>26</sat></trkpt>
  <trkpt lat="10.78483601" lon="106.70835693"><ele>-3.018</ele><time>2025-01-16T12:16:02.999Z</time><speed>5.656</speed><sat>25</sat></trkpt>
  <trkpt lat="10.78488023" lon="106.70838740"><ele>-3.387</ele><time>2025-01-16T12:16:03.999Z</time><speed>5.722</speed><sat>25</sat></trkpt>
  <trkpt lat="10.78492712" lon="106.70842273"><ele>-3.000</ele><time>2025-01-16T12:16:04.999Z</time><speed>6.240</speed><sat>24</sat></trkpt>
  <trkpt lat="10.78497406" lon="106.70845837"><ele>-2.897</ele><time>2025-01-16T12:16:05.999Z</time><speed>6.337</speed><sat>26</sat></trkpt>
  <trkpt lat="10.78502601" lon="106.70849205"><ele>-2.628</ele><time>2025-01-16T12:16:06.999Z</time><speed>6.605</speed><sat>24</sat></trkpt>
  <trkpt lat="10.78508070" lon="106.70852226"><ele>-2.083</ele><time>2025-01-16T12:16:07.999Z</time><speed>6.532</speed><sat>26</sat></trkpt>
  <trkpt lat="10.78513315" lon="106.70855436"><ele>-2.143</ele><time>2025-01-16T12:16:08.999Z</time><speed>6.700</speed><sat>23</sat></trkpt>
  <trkpt lat="10.78518716" lon="106.70858650"><ele>-1.986</ele><time>2025-01-16T12:16:09.999Z</time><speed>6.922</speed><sat>22</sat></trkpt>
  <trkpt lat="10.78524149" lon="106.70861675"><ele>-2.026</ele><time>2025-01-16T12:16:10.999Z</time><speed>7.055</speed><sat>25</sat></trkpt>
  <trkpt lat="10.78529927" lon="106.70864726"><ele>-1.892</ele><time>2025-01-16T12:16:11.999Z</time><speed>7.181</speed><sat>24</sat></trkpt>
  <trkpt lat="10.78535783" lon="106.70867701"><ele>-1.737</ele><time>2025-01-16T12:16:12.999Z</time><speed>7.270</speed><sat>21</sat></trkpt>
  <trkpt lat="10.78541820" lon="106.70870721"><ele>-1.750</ele><time>2025-01-16T12:16:13.999Z</time><speed>7.142</speed><sat>21</sat></trkpt>
  <trkpt lat="10.78547428" lon="106.70873805"><ele>-1.837</ele><time>2025-01-16T12:16:14.999Z</time><speed>7.296</speed><sat>22</sat></trkpt>
  <trkpt lat="10.78553579" lon="106.70876771"><ele>-1.858</ele><time>2025-01-16T12:16:15.999Z</time><speed>7.264</speed><sat>22</sat></trkpt>
  <trkpt lat="10.78559817" lon="106.70879892"><ele>-2.030</ele><time>2025-01-16T12:16:16.999Z</time><speed>7.495</speed><sat>22</sat></trkpt>
  <trkpt lat="10.78565808" lon="106.70882847"><ele>-2.117</ele><time>2025-01-16T12:16:17.999Z</time><speed>7.185</speed><sat>20</sat></trkpt>
  <trkpt lat="10.78571810" lon="106.70885577"><ele>-2.116</ele><time>2025-01-16T12:16:18.999Z</time><speed>7.261</speed><sat>18</sat></trkpt>
  <trkpt lat="10.78577705" lon="106.70888113"><ele>-2.108</ele><time>2025-01-16T12:16:19.999Z</time><speed>7.240</speed><sat>19</sat></trkpt>
  <trkpt lat="10.78583787" lon="106.70890569"><ele>-2.166</ele><time>2025-01-16T12:16:20.999Z</time><speed>7.166</speed><sat>21</sat></trkpt>
  <trkpt lat="10.78589790" lon="106.70892815"><ele>-2.162</ele><time>2025-01-16T12:16:21.999Z</time><speed>7.210</speed><sat>22</sat></trkpt>
  <trkpt lat="10.78595770" lon="106.70895166"><ele>-2.268</ele><time>2025-01-16T12:16:22.999Z</time><speed>7.069</speed><sat>22</sat></trkpt>
  <trkpt lat="10.78601610" lon="106.70897323"><ele>-2.191</ele><time>2025-01-16T12:16:23.999Z</time><speed>6.849</speed><sat>22</sat></trkpt>
  <trkpt lat="10.78607429" lon="106.70899609"><ele>-2.153</ele><time>2025-01-16T12:16:24.999Z</time><speed>6.975</speed><sat>23</sat></trkpt>
  <trkpt lat="10.78613220" lon="106.70901903"><ele>-1.907</ele><time>2025-01-16T12:16:25.999Z</time><speed>6.991</speed><sat>19</sat></trkpt>
  <trkpt lat="10.78618875" lon="106.70904023"><ele>-1.867</ele><time>2025-01-16T12:16:26.999Z</time><speed>7.186</speed><sat>23</sat></trkpt>
  <trkpt lat="10.78624776" lon="106.70906522"><ele>-1.671</ele><time>2025-01-16T12:16:27.999Z</time><speed>7.068</speed><sat>24</sat></trkpt>
  <trkpt lat="10.78630776" lon="106.70909067"><ele>-1.359</ele><time>2025-01-16T12:16:28.999Z</time><speed>7.113</speed><sat>25</sat></trkpt>
  <trkpt lat="10.78636758" lon="106.70911394"><ele>-1.056</ele><time>2025-01-16T12:16:29.999Z</time><speed>7.054</speed><sat>24</sat></trkpt>
  <trkpt lat="10.78642812" lon="106.70913697"><ele>-0.782</ele><time>2025-01-16T12:16:30.999Z</time><speed>7.022</speed><sat>23</sat></trkpt>
  <trkpt lat="10.78648466" lon="106.70915933"><ele>-0.695</ele><time>2025-01-16T12:16:31.999Z</time><speed>6.794</speed><sat>23</sat></trkpt>
  <trkpt lat="10.78654141" lon="106.70918085"><ele>-0.478</ele><time>2025-01-16T12:16:32.999Z</time><speed>6.778</speed><sat>22</sat></trkpt>
  <trkpt lat="10.78659907" lon="106.70920312"><ele>-0.385</ele><time>2025-01-16T12:16:33.999Z</time><speed>6.896</speed><sat>23</sat></trkpt>
  <trkpt lat="10.78665602" lon="106.70922747"><ele>-0.092</ele><time>2025-01-16T12:16:34.999Z</time><speed>6.800</speed><sat>23</sat></trkpt>
  <trkpt lat="10.78671320" lon="106.70925273"><ele>0.272</ele><time>2025-01-16T12:16:35.999Z</time><speed>6.752</speed><sat>23</sat></trkpt>
  <trkpt lat="10.78676929" lon="106.70927653"><ele>0.418</ele><time>2025-01-16T12:16:36.999Z</time><speed>6.801</speed><sat>23</sat></trkpt>
  <trkpt lat="10.78682588" lon="106.70930004"><ele>0.622</ele><time>2025-01-16T12:16:37.999Z</time><speed>6.717</speed><sat>24</sat></trkpt>
  <trkpt lat="10.78688125" lon="106.70932205"><ele>0.743</ele><time>2025-01-16T12:16:38.999Z</time><speed>6.552</speed><sat>22</sat></trkpt>
  <trkpt lat="10.78693661" lon="106.70934409"><ele>0.778</ele><time>2025-01-16T12:16:39.999Z</time><speed>6.570</speed><sat>22</sat></trkpt>
  <trkpt lat="10.78699226" lon="106.70936663"><ele>0.984</ele><time>2025-01-16T12:16:40.999Z</time><speed>6.596</speed><sat>23</sat></trkpt>
  <trkpt lat="10.78704831" lon="106.70938951"><ele>1.139</ele><time>2025-01-16T12:16:41.999Z</time><speed>6.513</speed><sat>24</sat></trkpt>
  <trkpt lat="10.78710308" lon="106.70941253"><ele>1.308</ele><time>2025-01-16T12:16:42.999Z</time><speed>6.559</speed><sat>25</sat></trkpt>
  <trkpt lat="10.78715789" lon="106.70943458"><ele>1.475</ele><time>2025-01-16T12:16:43.999Z</time><speed>6.537</speed><sat>24</sat></trkpt>
  <trkpt lat="10.78721409" lon="106.70945546"><ele>1.642</ele><time>2025-01-16T12:16:44.999Z</time><speed>6.457</speed><sat>24</sat></trkpt>
  <trkpt lat="10.78726921" lon="106.70947559"><ele>1.696</ele><time>2025-01-16T12:16:45.999Z</time><speed>6.302</speed><sat>23</sat></trkpt>
  <trkpt lat="10.78732490" lon="106.70949704"><ele>1.518</ele><time>2025-01-16T12:16:46.999Z</time><speed>6.394</speed><sat>25</sat></trkpt>
  <trkpt lat="10.78737901" lon="106.70951856"><ele>1.584</ele><time>2025-01-16T12:16:47.999Z</time><speed>6.369</speed><sat>21</sat></trkpt>
  <trkpt lat="10.78743271" lon="106.70953973"><ele>1.564</ele><time>2025-01-16T12:16:48.999Z</time><speed>6.453</speed><sat>21</sat></trkpt>
  <trkpt lat="10.78748691" lon="106.70956016"><ele>1.572</ele><time>2025-01-16T12:16:49.999Z</time><speed>6.368</speed><sat>23</sat></trkpt>
  <trkpt lat="10.78754083" lon="106.70958157"><ele>1.641</ele><time>2025-01-16T12:16:50.999Z</time><speed>6.402</speed><sat>24</sat></trkpt>
  <trkpt lat="10.78759506" lon="106.70960357"><ele>1.657</ele><time>2025-01-16T12:16:51.999Z</time><speed>6.338</speed><sat>24</sat></trkpt>
  <trkpt lat="10.78764835" lon="106.70962477"><ele>1.463</ele><time>2025-01-16T12:16:52.999Z</time><speed>6.382</speed><sat>26</sat></trkpt>
  <trkpt lat="10.78770231" lon="106.70964669"><ele>1.486</ele><time>2025-01-16T12:16:53.999Z</time><speed>6.490</speed><sat>26</sat></trkpt>
  <trkpt lat="10.78775695" lon="106.70966735"><ele>1.475</ele><time>2025-01-16T12:16:54.999Z</time><speed>6.461</speed><sat>24</sat></trkpt>
  <trkpt lat="10.78781180" lon="106.70968819"><ele>1.321</ele><time>2025-01-16T12:16:55.999Z</time><speed>6.544</speed><sat>24</sat></trkpt>
  <trkpt lat="10.78786740" lon="106.70970911"><ele>1.249</ele><time>2025-01-16T12:16:56.999Z</time><speed>6.713</speed><sat>25</sat></trkpt>
  <trkpt lat="10.78792420" lon="106.70973083"><ele>1.122</ele><time>2025-01-16T12:16:57.999Z</time><speed>6.586</speed><sat>25</sat></trkpt>
  <trkpt lat="10.78798051" lon="106.70975260"><ele>0.984</ele><time>2025-01-16T12:16:58.999Z</time><speed>6.598</speed><sat>25</sat></trkpt>
  <trkpt lat="10.78803715" lon="106.70977535"><ele>0.846</ele><time>2025-01-16T12:16:59.999Z</time><speed>6.788</speed><sat>24</sat></trkpt>
  <trkpt lat="10.78809624" lon="106.70979823"><ele>0.569</ele><time>2025-01-16T12:17:00.999Z</time><speed>7.080</speed><sat>25</sat></trkpt>
  <trkpt lat="10.78815658" lon="106.70982217"><ele>0.351</ele><time>2025-01-16T12:17:01.999Z</time><speed>7.236</speed><sat>25</sat></trkpt>
  <trkpt lat="10.78821671" lon="106.70984521"><ele>0.291</ele><time>2025-01-16T12:17:02.999Z</time><speed>7.169</speed><sat>25</sat></trkpt>
  <trkpt lat="10.78827606" lon="106.70986915"><ele>0.179</ele><time>2025-01-16T12:17:03.999Z</time><speed>7.076</speed><sat>25</sat></trkpt>
  <trkpt lat="10.78833413" lon="106.70989252"><ele>0.087</ele><time>2025-01-16T12:17:04.999Z</time><speed>6.902</speed><sat>24</sat></trkpt>
  <trkpt lat="10.78839117" lon="106.70991651"><ele>0.020</ele><time>2025-01-16T12:17:05.999Z</time><speed>6.864</speed><sat>24</sat></trkpt>
  <trkpt lat="10.78844543" lon="106.70994310"><ele>-0.185</ele><time>2025-01-16T12:17:06.999Z</time><speed>6.775</speed><sat>23</sat></trkpt>
  <trkpt lat="10.78849769" lon="106.70997304"><ele>-0.312</ele><time>2025-01-16T12:17:07.999Z</time><speed>6.546</speed><sat>24</sat></trkpt>
  <trkpt lat="10.78854740" lon="106.71000433"><ele>-0.364</ele><time>2025-01-16T12:17:08.999Z</time><speed>6.418</speed><sat>25</sat></trkpt>
  <trkpt lat="10.78859482" lon="106.71003712"><ele>-0.404</ele><time>2025-01-16T12:17:09.999Z</time><speed>6.324</speed><sat>25</sat></trkpt>
  <trkpt lat="10.78864043" lon="106.71007099"><ele>-0.533</ele><time>2025-01-16T12:17:10.999Z</time><speed>6.229</speed><sat>26</sat></trkpt>
  <trkpt lat="10.78868693" lon="106.71010484"><ele>-0.541</ele><time>2025-01-16T12:17:11.999Z</time><speed>6.409</speed><sat>25</sat></trkpt>
  <trkpt lat="10.78873357" lon="106.71013990"><ele>-0.467</ele><time>2025-01-16T12:17:12.999Z</time><speed>6.509</speed><sat>23</sat></trkpt>
  <trkpt lat="10.78877961" lon="106.71017692"><ele>-0.576</ele><time>2025-01-16T12:17:13.999Z</time><speed>6.557</speed><sat>23</sat></trkpt>
  <trkpt lat="10.78882222" lon="106.71021563"><ele>-0.618</ele><time>2025-01-16T12:17:14.999Z</time><speed>6.327</speed><sat>23</sat></trkpt>
  <trkpt lat="10.78886164" lon="106.71025325"><ele>-0.561</ele><time>2025-01-16T12:17:15.999Z</time><speed>5.853</speed><sat>24</sat></trkpt>
  <trkpt lat="10.78889698" lon="106.71029133"><ele>-0.570</ele><time>2025-01-16T12:17:16.999Z</time><speed>5.629</speed><sat>26</sat></trkpt>
  <trkpt lat="10.78892879" lon="106.71032966"><ele>-0.523</ele><time>2025-01-16T12:17:17.999Z</time><speed>5.346</speed><sat>26</sat></trkpt>
  <trkpt lat="10.78895816" lon="106.71036695"><ele>-0.433</ele><time>2025-01-16T12:17:18.999Z</time><speed>5.139</speed><sat>26</sat></trkpt>
  <trkpt lat="10.78898539" lon="106.71040296"><ele>-0.383</ele><time>2025-01-16T12:17:19.999Z</time><speed>4.887</speed><sat>24</sat></trkpt>
  <trkpt lat="10.78901161" lon="106.71043671"><ele>-0.325</ele><time>2025-01-16T12:17:20.999Z</time><speed>4.579</speed><sat>24</sat></trkpt>
  <trkpt lat="10.78903488" lon="106.71046744"><ele>-0.253</ele><time>2025-01-16T12:17:21.999Z</time><speed>4.036</speed><sat>26</sat></trkpt>
  <trkpt lat="10.78905571" lon="106.71049512"><ele>-0.208</ele><time>2025-01-16T12:17:22.999Z</time><speed>3.599</speed><sat>26</sat></trkpt>
  <trkpt lat="10.78907405" lon="106.71051986"><ele>-0.155</ele><time>2025-01-16T12:17:23.999Z</time><speed>3.200</speed><sat>26</sat></trkpt>
  <trkpt lat="10.78909010" lon="106.71054238"><ele>-0.199</ele><time>2025-01-16T12:17:24.999Z</time><speed>2.813</speed><sat>27</sat></trkpt>
  <trkpt lat="10.78910359" lon="106.71056087"><ele>-0.086</ele><time>2025-01-16T12:17:25.999Z</time><speed>2.297</speed><sat>27</sat></trkpt>
  <trkpt lat="10.78911542" lon="106.71057671"><ele>0.178</ele><time>2025-01-16T12:17:26.999Z</time><speed>1.829</speed><sat>27</sat></trkpt>
  <trkpt lat="10.78912269" lon="106.71058951"><ele>0.040</ele><time>2025-01-16T12:17:27.999Z</time><speed>1.381</speed><sat>27</sat></trkpt>
  <trkpt lat="10.78912766" lon="106.71059720"><ele>0.110</ele><time>2025-01-16T12:17:28.999Z</time><speed>0.834</speed><sat>27</sat></trkpt>
  <trkpt lat="10.78913098" lon="106.71060262"><ele>0.023</ele><time>2025-01-16T12:17:29.999Z</time><speed>0.428</speed><sat>27</sat></trkpt>
  <trkpt lat="10.78913262" lon="106.71060587"><ele>0.069</ele><time>2025-01-16T12:17:30.999Z</time><speed>0.000</speed><sat>25</sat></trkpt>
  <trkpt lat="10.78913262" lon="106.71060587"><ele>0.052</ele><time>2025-01-16T12:17:31.999Z</time><speed>0.000</speed><sat>27</sat></trkpt>
  <trkpt lat="10.78913262" lon="106.71060587"><ele>-0.052</ele><time>2025-01-16T12:17:32.999Z</time><speed>0.000</speed><sat>26</sat></trkpt>
  <trkpt lat="10.78913262" lon="106.71060587"><ele>-0.145</ele><time>2025-01-16T12:17:33.999Z</time><speed>0.000</speed><sat>26</sat></trkpt>
  <trkpt lat="10.78913262" lon="106.71060587"><ele>-0.219</ele><time>2025-01-16T12:17:34.999Z</time><speed>0.000</speed><sat>26</sat></trkpt>
  <trkpt lat="10.78913262" lon="106.71060587"><ele>-0.182</ele><time>2025-01-16T12:17:35.999Z</time><speed>0.000</speed><sat>26</sat></trkpt>
  <trkpt lat="10.78913262" lon="106.71060587"><ele>-0.130</ele><time>2025-01-16T12:17:36.999Z</time><speed>0.000</speed><sat>26</sat></trkpt>
  <trkpt lat="10.78913262" lon="106.71060587"><ele>0.014</ele><time>2025-01-16T12:17:37.999Z</time><speed>0.000</speed><sat>26</sat></trkpt>
  <trkpt lat="10.78913262" lon="106.71060587"><ele>0.111</ele><time>2025-01-16T12:17:38.999Z</time><speed>0.000</speed><sat>26</sat></trkpt>
  <trkpt lat="10.78913262" lon="106.71060587"><ele>0.257</ele><time>2025-01-16T12:17:39.999Z</time><speed>0.000</speed><sat>25</sat></trkpt>
  <trkpt lat="10.78913262" lon="106.71060587"><ele>0.324</ele><time>2025-01-16T12:17:40.999Z</time><speed>0.000</speed><sat>26</sat></trkpt>
  <trkpt lat="10.78913336" lon="106.71061709"><ele>0.371</ele><time>2025-01-16T12:17:41.999Z</time><speed>0.394</speed><sat>25</sat></trkpt>
  <trkpt lat="10.78913608" lon="106.71062036"><ele>0.503</ele><time>2025-01-16T12:17:42.999Z</time><speed>0.461</speed><sat>26</sat></trkpt>
  <trkpt lat="10.78913827" lon="106.71062290"><ele>0.504</ele><time>2025-01-16T12:17:43.999Z</time><speed>0.427</speed><sat>25</sat></trkpt>
  <trkpt lat="10.78914099" lon="106.71062774"><ele>0.396</ele><time>2025-01-16T12:17:44.999Z</time><speed>0.656</speed><sat>26</sat></trkpt>
  <trkpt lat="10.78914441" lon="106.71063298"><ele>0.380</ele><time>2025-01-16T12:17:45.999Z</time><speed>0.685</speed><sat>26</sat></trkpt>
  <trkpt lat="10.78914730" lon="106.71063778"><ele>0.300</ele><time>2025-01-16T12:17:46.999Z</time><speed>0.564</speed><sat>26</sat></trkpt>
  <trkpt lat="10.78914957" lon="106.71064220"><ele>0.295</ele><time>2025-01-16T12:17:47.999Z</time><speed>0.542</speed><sat>26</sat></trkpt>
  <trkpt lat="10.78915376" lon="106.71064872"><ele>0.294</ele><time>2025-01-16T12:17:48.999Z</time><speed>0.840</speed><sat>26</sat></trkpt>
  <trkpt lat="10.78916058" lon="106.71065957"><ele>0.309</ele><time>2025-01-16T12:17:49.999Z</time><speed>1.401</speed><sat>26</sat></trkpt>
  <trkpt lat="10.78916975" lon="106.71067439"><ele>0.329</ele><time>2025-01-16T12:17:50.999Z</time><speed>1.913</speed><sat>25</sat></trkpt>
  <trkpt lat="10.78918046" lon="106.71069105"><ele>0.381</ele><time>2025-01-16T12:17:51.999Z</time><speed>2.264</speed><sat>24</sat></trkpt>
  <trkpt lat="10.78919356" lon="106.71071108"><ele>0.477</ele><time>2025-01-16T12:17:52.999Z</time><speed>2.711</speed><sat>26</sat></trkpt>
  <trkpt lat="10.78920808" lon="106.71073544"><ele>0.516</ele><time>2025-01-16T12:17:53.999Z</time><speed>3.197</speed><sat>27</sat></trkpt>
  <trkpt lat="10.78922385" lon="106.71076417"><ele>0.494</ele><time>2025-01-16T12:17:54.999Z</time><speed>3.746</speed><sat>27</sat></trkpt>
  <trkpt lat="10.78924121" lon="106.71079703"><ele>0.520</ele><time>2025-01-16T12:17:55.999Z</time><speed>4.239</speed><sat>25</sat></trkpt>
  <trkpt lat="10.78926050" lon="106.71083446"><ele>0.545</ele><time>2025-01-16T12:17:56.999Z</time><speed>4.709</speed><sat>25</sat></trkpt>
  <trkpt lat="10.78928103" lon="106.71087431"><ele>0.567</ele><time>2025-01-16T12:17:57.999Z</time><speed>4.870</speed><sat>25</sat></trkpt>
  <trkpt lat="10.78930203" lon="106.71091594"><ele>0.607</ele><time>2025-01-16T12:17:58.999Z</time><speed>5.100</speed><sat>25</sat></trkpt>
  <trkpt lat="10.78932295" lon="106.71095779"><ele>0.678</ele><time>2025-01-16T12:17:59.999Z</time><speed>5.092</speed><sat>25</sat></trkpt>
  <trkpt lat="10.78934475" lon="106.71100052"><ele>0.633</ele><time>2025-01-16T12:18:00.999Z</time><speed>5.219</speed><sat>24</sat></trkpt>
  <trkpt lat="10.78936628" lon="106.71104427"><ele>0.688</ele><time>2025-01-16T12:18:01.999Z</time><speed>5.404</speed><sat>26</sat></trkpt>
  <trkpt lat="10.78938678" lon="106.71108789"><ele>0.636</ele><time>2025-01-16T12:18:02.999Z</time><speed>5.585</speed><sat>25</sat></trkpt>
  <trkpt lat="10.78940661" lon="106.71113671"><ele>0.754</ele><time>2025-01-16T12:18:03.999Z</time><speed>5.804</speed><sat>26</sat></trkpt>
  <trkpt lat="10.78942141" lon="106.71118986"><ele>0.771</ele><time>2025-01-16T12:18:04.999Z</time><speed>6.005</speed><sat>24</sat></trkpt>
  <trkpt lat="10.78943697" lon="106.71124498"><ele>0.803</ele><time>2025-01-16T12:18:05.999Z</time><speed>6.192</speed><sat>24</sat></trkpt>
  <trkpt lat="10.78945067" lon="106.71130159"><ele>0.964</ele><time>2025-01-16T12:18:06.999Z</time><speed>6.309</speed><sat>25</sat></trkpt>
  <trkpt lat="10.78946462" lon="106.71136511"><ele>0.949</ele><time>2025-01-16T12:18:07.999Z</time><speed>6.408</speed><sat>27</sat></trkpt>
  <trkpt lat="10.78947729" lon="106.71142951"><ele>0.994</ele><time>2025-01-16T12:18:08.999Z</time><speed>6.655</speed><sat>27</sat></trkpt>
  <trkpt lat="10.78948783" lon="106.71149309"><ele>1.106</ele><time>2025-01-16T12:18:09.999Z</time><speed>6.976</speed><sat>26</sat></trkpt>
  <trkpt lat="10.78949721" lon="106.71155542"><ele>1.368</ele><time>2025-01-16T12:18:10.999Z</time><speed>7.206</speed><sat>26</sat></trkpt>
  <trkpt lat="10.78950327" lon="106.71161847"><ele>1.694</ele><time>2025-01-16T12:18:11.999Z</time><speed>7.208</speed><sat>26</sat></trkpt>
  <trkpt lat="10.78950759" lon="106.71168453"><ele>1.441</ele><time>2025-01-16T12:18:12.999Z</time><speed>7.195</speed><sat>25</sat></trkpt>
  <trkpt lat="10.78951174" lon="106.71174936"><ele>1.475</ele><time>2025-01-16T12:18:13.999Z</time><speed>7.330</speed><sat>24</sat></trkpt>
  <trkpt lat="10.78951030" lon="106.71181479"><ele>1.046</ele><time>2025-01-16T12:18:14.999Z</time><speed>7.480</speed><sat>24</sat></trkpt>
  <trkpt lat="10.78950064" lon="106.71187956"><ele>0.127</ele><time>2025-01-16T12:18:15.999Z</time><speed>7.459</speed><sat>23</sat></trkpt>
  <trkpt lat="10.78949296" lon="106.71194553"><ele>-0.602</ele><time>2025-01-16T12:18:16.999Z</time><speed>7.762</speed><sat>24</sat></trkpt>
  <trkpt lat="10.78948946" lon="106.71202155"><ele>-0.625</ele><time>2025-01-16T12:18:17.999Z</time><speed>7.873</speed><sat>23</sat></trkpt>
  <trkpt lat="10.78948200" lon="106.71209593"><ele>-0.456</ele><time>2025-01-16T12:18:18.999Z</time><speed>7.796</speed><sat>23</sat></trkpt>
  <trkpt lat="10.78946884" lon="106.71216811"><ele>-0.100</ele><time>2025-01-16T12:18:19.999Z</time><speed>7.744</speed><sat>23</sat></trkpt>
  <trkpt lat="10.78945808" lon="106.71223827"><ele>0.297</ele><time>2025-01-16T12:18:20.999Z</time><speed>7.801</speed><sat>24</sat></trkpt>
  <trkpt lat="10.78944203" lon="106.71231076"><ele>1.236</ele><time>2025-01-16T12:18:21.999Z</time><speed>7.701</speed><sat>25</sat></trkpt>
  <trkpt lat="10.78943047" lon="106.71237895"><ele>2.008</ele><time>2025-01-16T12:18:22.999Z</time><speed>7.665</speed><sat>25</sat></trkpt>
  <trkpt lat="10.78941621" lon="106.71244197"><ele>1.812</ele><time>2025-01-16T12:18:23.999Z</time><speed>7.736</speed><sat>25</sat></trkpt>
  <trkpt lat="10.78940045" lon="106.71251230"><ele>2.532</ele><time>2025-01-16T12:18:24.999Z</time><speed>7.703</speed><sat>23</sat></trkpt>
  <trkpt lat="10.78938606" lon="106.71258315"><ele>2.797</ele><time>2025-01-16T12:18:25.999Z</time><speed>7.751</speed><sat>25</sat></trkpt>
  <trkpt lat="10.78937321" lon="106.71265170"><ele>2.947</ele><time>2025-01-16T12:18:26.999Z</time><speed>7.773</speed><sat>25</sat></trkpt>
  <trkpt lat="10.78936014" lon="106.71272274"><ele>2.868</ele><time>2025-01-16T12:18:27.999Z</time><speed>7.849</speed><sat>25</sat></trkpt>
  <trkpt lat="10.78934879" lon="106.71279414"><ele>3.533</ele><time>2025-01-16T12:18:28.999Z</time><speed>8.097</speed><sat>26</sat></trkpt>
  <trkpt lat="10.78933757" lon="106.71287015"><ele>3.314</ele><time>2025-01-16T12:18:29.999Z</time><speed>7.986</speed><sat>27</sat></trkpt>
  <trkpt lat="10.78932607" lon="106.71294907"><ele>2.971</ele><time>2025-01-16T12:18:30.999Z</time><speed>7.936</speed><sat>27</sat></trkpt>
  <trkpt lat="10.78931462" lon="106.71302748"><ele>2.583</ele><time>2025-01-16T12:18:31.999Z</time><speed>7.958</speed><sat>28</sat></trkpt>
  <trkpt lat="10.78930074" lon="106.71310525"><ele>2.310</ele><time>2025-01-16T12:18:32.999Z</time><speed>7.799</speed><sat>28</sat></trkpt>
  <trkpt lat="10.78929144" lon="106.71317547"><ele>1.447</ele><time>2025-01-16T12:18:33.999Z</time><speed>7.563</speed><sat>29</sat></trkpt>
  <trkpt lat="10.78928220" lon="106.71323585"><ele>0.714</ele><time>2025-01-16T12:18:34.999Z</time><speed>7.182</speed><sat>26</sat></trkpt>
  <trkpt lat="10.78926836" lon="106.71330756"><ele>0.309</ele><time>2025-01-16T12:18:35.999Z</time><speed>7.287</speed><sat>28</sat></trkpt>
  <trkpt lat="10.78925561" lon="106.71337116"><ele>0.617</ele><time>2025-01-16T12:18:36.999Z</time><speed>7.265</speed><sat>28</sat></trkpt>
  <trkpt lat="10.78924813" lon="106.71343648"><ele>1.471</ele><time>2025-01-16T12:18:37.999Z</time><speed>7.595</speed><sat>29</sat></trkpt>
  <trkpt lat="10.78923796" lon="106.71349927"><ele>1.181</ele><time>2025-01-16T12:18:38.999Z</time><speed>7.774</speed><sat>29</sat></trkpt>
  <trkpt lat="10.78922822" lon="106.71356621"><ele>1.625</ele><time>2025-01-16T12:18:39.999Z</time><speed>7.803</speed><sat>29</sat></trkpt>
  <trkpt lat="10.78921796" lon="106.71364030"><ele>2.144</ele><time>2025-01-16T12:18:40.999Z</time><speed>7.712</speed><sat>29</sat></trkpt>
  <trkpt lat="10.78920699" lon="106.71371337"><ele>2.612</ele><time>2025-01-16T12:18:41.999Z</time><speed>7.642</speed><sat>29</sat></trkpt>
  <trkpt lat="10.78919554" lon="106.71377968"><ele>2.916</ele><time>2025-01-16T12:18:42.999Z</time><speed>7.610</speed><sat>29</sat></trkpt>
  <trkpt lat="10.78918289" lon="106.71384385"><ele>2.773</ele><time>2025-01-16T12:18:43.999Z</time><speed>7.479</speed><sat>28</sat></trkpt>
  <trkpt lat="10.78916764" lon="106.71390878"><ele>2.659</ele><time>2025-01-16T12:18:44.999Z</time><speed>7.289</speed><sat>28</sat></trkpt>
  <trkpt lat="10.78915184" lon="106.71397489"><ele>2.310</ele><time>2025-01-16T12:18:45.999Z</time><speed>7.220</speed><sat>27</sat></trkpt>
  <trkpt lat="10.78913491" lon="106.71404195"><ele>2.148</ele><time>2025-01-16T12:18:46.999Z</time><speed>7.119</speed><sat>29</sat></trkpt>
  <trkpt lat="10.78911680" lon="106.71410462"><ele>2.274</ele><time>2025-01-16T12:18:47.999Z</time><speed>7.255</speed><sat>28</sat></trkpt>
  <trkpt lat="10.78909891" lon="106.71416776"><ele>1.545</ele><time>2025-01-16T12:18:48.999Z</time><speed>7.085</speed><sat>29</sat></trkpt>
  <trkpt lat="10.78908467" lon="106.71423343"><ele>0.412</ele><time>2025-01-16T12:18:49.999Z</time><speed>7.371</speed><sat>29</sat></trkpt>
  <trkpt lat="10.78907024" lon="106.71429521"><ele>-0.516</ele><time>2025-01-16T12:18:50.999Z</time><speed>7.537</speed><sat>29</sat></trkpt>
  <trkpt lat="10.78905116" lon="106.71436640"><ele>-1.472</ele><time>2025-01-16T12:18:51.999Z</time><speed>7.861</speed><sat>28</sat></trkpt>
  <trkpt lat="10.78903360" lon="106.71443254"><ele>-1.953</ele><time>2025-01-16T12:18:52.999Z</time><speed>8.093</speed><sat>27</sat></trkpt>
  <trkpt lat="10.78901578" lon="106.71450848"><ele>-2.119</ele><time>2025-01-16T12:18:53.999Z</time><speed>8.101</speed><sat>27</sat></trkpt>
  <trkpt lat="10.78900028" lon="106.71457988"><ele>-2.224</ele><time>2025-01-16T12:18:54.999Z</time><speed>8.079</speed><sat>28</sat></trkpt>
  <trkpt lat="10.78898355" lon="106.71464868"><ele>-2.174</ele><time>2025-01-16T12:18:55.999Z</time><speed>7.909</speed><sat>27</sat></trkpt>
  <trkpt lat="10.78896828" lon="106.71472092"><ele>-1.721</ele><time>2025-01-16T12:18:56.999Z</time><speed>7.962</speed><sat>27</sat></trkpt>
  <trkpt lat="10.78895513" lon="106.71479500"><ele>-1.488</ele><time>2025-01-16T12:18:57.999Z</time><speed>8.065</speed><sat>26</sat></trkpt>
  <trkpt lat="10.78894640" lon="106.71486682"><ele>-0.801</ele><time>2025-01-16T12:18:58.999Z</time><speed>8.158</speed><sat>24</sat></trkpt>
  <trkpt lat="10.78893836" lon="106.71494168"><ele>-0.561</ele><time>2025-01-16T12:18:59.999Z</time><speed>8.350</speed><sat>27</sat></trkpt>
  <trkpt lat="10.78892832" lon="106.71501931"><ele>-0.869</ele><time>2025-01-16T12:19:00.999Z</time><speed>8.335</speed><sat>26</sat></trkpt>
  <trkpt lat="10.78892161" lon="106.71509303"><ele>-0.581</ele><time>2025-01-16T12:19:01.999Z</time><speed>7.994</speed><sat>24</sat></trkpt>
  <trkpt lat="10.78892166" lon="106.71516538"><ele>-0.583</ele><time>2025-01-16T12:19:02.999Z</time><speed>7.752</speed><sat>24</sat></trkpt>
  <trkpt lat="10.78892353" lon="106.71523875"><ele>-0.759</ele><time>2025-01-16T12:19:03.999Z</time><speed>7.665</speed><sat>26</sat></trkpt>
  <trkpt lat="10.78892096" lon="106.71530994"><ele>-1.502</ele><time>2025-01-16T12:19:04.999Z</time><speed>7.837</speed><sat>27</sat></trkpt>
  <trkpt lat="10.78892345" lon="106.71538723"><ele>-1.765</ele><time>2025-01-16T12:19:05.999Z</time><speed>7.937</speed><sat>26</sat></trkpt>
  <trkpt lat="10.78892934" lon="106.71546351"><ele>-1.473</ele><time>2025-01-16T12:19:06.999Z</time><speed>8.090</speed><sat>25</sat></trkpt>
  <trkpt lat="10.78893992" lon="106.71554893"><ele>-0.597</ele><time>2025-01-16T12:19:07.999Z</time><speed>8.517</speed><sat>26</sat></trkpt>
  <trkpt lat="10.78895260" lon="106.71563237"><ele>-0.092</ele><time>2025-01-16T12:19:08.999Z</time><speed>8.641</speed><sat>25</sat></trkpt>
  <trkpt lat="10.78896838" lon="106.71571406"><ele>0.442</ele><time>2025-01-16T12:19:09.999Z</time><speed>8.573</speed><sat>24</sat></trkpt>
  <trkpt lat="10.78898281" lon="106.71579302"><ele>1.064</ele><time>2025-01-16T12:19:10.999Z</time><speed>8.346</speed><sat>26</sat></trkpt>
  <trkpt lat="10.78899623" lon="106.71587174"><ele>0.725</ele><time>2025-01-16T12:19:11.999Z</time><speed>8.391</speed><sat>25</sat></trkpt>
  <trkpt lat="10.78900779" lon="106.71594701"><ele>0.172</ele><time>2025-01-16T12:19:12.999Z</time><speed>8.349</speed><sat>25</sat></trkpt>
  <trkpt lat="10.78902579" lon="106.71602252"><ele>1.132</ele><time>2025-01-16T12:19:13.999Z</time><speed>8.267</speed><sat>26</sat></trkpt>
  <trkpt lat="10.78904491" lon="106.71609239"><ele>2.163</ele><time>2025-01-16T12:19:14.999Z</time><speed>7.941</speed><sat>28</sat></trkpt>
  <trkpt lat="10.78906009" lon="106.71616911"><ele>1.924</ele><time>2025-01-16T12:19:15.999Z</time><speed>7.803</speed><sat>27</sat></trkpt>
  <trkpt lat="10.78907219" lon="106.71623468"><ele>2.288</ele><time>2025-01-16T12:19:16.999Z</time><speed>7.939</speed><sat>26</sat></trkpt>
  <trkpt lat="10.78906993" lon="106.71630262"><ele>1.199</ele><time>2025-01-16T12:19:17.999Z</time><speed>8.151</speed><sat>27</sat></trkpt>
  <trkpt lat="10.78906125" lon="106.71637539"><ele>2.268</ele><time>2025-01-16T12:19:18.999Z</time><speed>8.019</speed><sat>28</sat></trkpt>
  <trkpt lat="10.78904105" lon="106.71645024"><ele>2.726</ele><time>2025-01-16T12:19:19.999Z</time><speed>8.328</speed><sat>27</sat></trkpt>
  <trkpt lat="10.78900469" lon="106.71652176"><ele>2.358</ele><time>2025-01-16T12:19:20.999Z</time><speed>8.526</speed><sat>27</sat></trkpt>
  <trkpt lat="10.78896329" lon="106.71658457"><ele>2.782</ele><time>2025-01-16T12:19:21.999Z</time><speed>8.444</speed><sat>27</sat></trkpt>
  <trkpt lat="10.78891178" lon="106.71664491"><ele>3.803</ele><time>2025-01-16T12:19:22.999Z</time><speed>8.433</speed><sat>27</sat></trkpt>
  <trkpt lat="10.78884821" lon="106.71670185"><ele>3.765</ele><time>2025-01-16T12:19:23.999Z</time><speed>8.703</speed><sat>28</sat></trkpt>
  <trkpt lat="10.78878229" lon="106.71675058"><ele>3.613</ele><time>2025-01-16T12:19:24.999Z</time><speed>8.893</speed><sat>27</sat></trkpt>
  <trkpt lat="10.78871309" lon="106.71679877"><ele>3.808</ele><time>2025-01-16T12:19:25.999Z</time><speed>8.899</speed><sat>27</sat></trkpt>
  <trkpt lat="10.78864656" lon="106.71684187"><ele>3.908</ele><time>2025-01-16T12:19:26.999Z</time><speed>8.894</speed><sat>27</sat></trkpt>
  <trkpt lat="10.78857733" lon="106.71688180"><ele>4.300</ele><time>2025-01-16T12:19:27.999Z</time><speed>8.850</speed><sat>28</sat></trkpt>
  <trkpt lat="10.78850005" lon="106.71692273"><ele>4.568</ele><time>2025-01-16T12:19:28.999Z</time><speed>8.879</speed><sat>28</sat></trkpt>
  <trkpt lat="10.78843325" lon="106.71695543"><ele>4.643</ele><time>2025-01-16T12:19:29.999Z</time><speed>8.774</speed><sat>28</sat></trkpt>
  <trkpt lat="10.78836655" lon="106.71698666"><ele>4.665</ele><time>2025-01-16T12:19:30.999Z</time><speed>8.622</speed><sat>26</sat></trkpt>
  <trkpt lat="10.78829930" lon="106.71702106"><ele>4.802</ele><time>2025-01-16T12:19:31.999Z</time><speed>8.617</speed><sat>26</sat></trkpt>
  <trkpt lat="10.78823138" lon="106.71705273"><ele>5.201</ele><time>2025-01-16T12:19:32.999Z</time><speed>8.486</speed><sat>26</sat></trkpt>
  <trkpt lat="10.78816558" lon="106.71708993"><ele>5.550</ele><time>2025-01-16T12:19:33.999Z</time><speed>8.374</speed><sat>24</sat></trkpt>
  <trkpt lat="10.78809831" lon="106.71712638"><ele>6.012</ele><time>2025-01-16T12:19:34.999Z</time><speed>8.364</speed><sat>25</sat></trkpt>
  <trkpt lat="10.78803408" lon="106.71716484"><ele>6.558</ele><time>2025-01-16T12:19:35.999Z</time><speed>8.403</speed><sat>26</sat></trkpt>
  <trkpt lat="10.78796598" lon="106.71720313"><ele>7.318</ele><time>2025-01-16T12:19:36.999Z</time><speed>8.549</speed><sat>27</sat></trkpt>
  <trkpt lat="10.78789785" lon="106.71724134"><ele>7.547</ele><time>2025-01-16T12:19:37.999Z</time><speed>8.398</speed><sat>26</sat></trkpt>
  <trkpt lat="10.78783030" lon="106.71728089"><ele>6.961</ele><time>2025-01-16T12:19:38.999Z</time><speed>8.451</speed><sat>24</sat></trkpt>
  <trkpt lat="10.78775615" lon="106.71732337"><ele>6.477</ele><time>2025-01-16T12:19:39.999Z</time><speed>8.422</speed><sat>25</sat></trkpt>
  <trkpt lat="10.78768865" lon="106.71736603"><ele>5.924</ele><time>2025-01-16T12:19:40.999Z</time><speed>8.407</speed><sat>24</sat></trkpt>
  <trkpt lat="10.78762178" lon="106.71740313"><ele>5.692</ele><time>2025-01-16T12:19:41.999Z</time><speed>8.357</speed><sat>23</sat></trkpt>
  <trkpt lat="10.78755781" lon="106.71743833"><ele>5.989</ele><time>2025-01-16T12:19:42.999Z</time><speed>8.390</speed><sat>24</sat></trkpt>
  <trkpt lat="10.78749097" lon="106.71747384"><ele>6.528</ele><time>2025-01-16T12:19:43.999Z</time><speed>8.381</speed><sat>23</sat></trkpt>
  <trkpt lat="10.78742323" lon="106.71751146"><ele>6.777</ele><time>2025-01-16T12:19:44.999Z</time><speed>8.371</speed><sat>23</sat></trkpt>
  <trkpt lat="10.78734919" lon="106.71754517"><ele>6.907</ele><time>2025-01-16T12:19:45.999Z</time><speed>8.361</speed><sat>23</sat></trkpt>
  <trkpt lat="10.78727890" lon="106.71757899"><ele>6.689</ele><time>2025-01-16T12:19:46.999Z</time><speed>8.350</speed><sat>22</sat></trkpt>
  <trkpt lat="10.78721141" lon="106.71761189"><ele>6.670</ele><time>2025-01-16T12:19:47.999Z</time><speed>8.475</speed><sat>22</sat></trkpt>
  <trkpt lat="10.78715431" lon="106.71764402"><ele>7.138</ele><time>2025-01-16T12:19:48.999Z</time><speed>8.505</speed><sat>21</sat></trkpt>
  <trkpt lat="10.78708123" lon="106.71768142"><ele>7.244</ele><time>2025-01-16T12:19:49.999Z</time><speed>8.547</speed><sat>23</sat></trkpt>
  <trkpt lat="10.78700634" lon="106.71771613"><ele>8.132</ele><time>2025-01-16T12:19:50.999Z</time><speed>8.649</speed><sat>25</sat></trkpt>
  <trkpt lat="10.78693735" lon="106.71775226"><ele>7.543</ele><time>2025-01-16T12:19:51.999Z</time><speed>9.015</speed><sat>28</sat></trkpt>
  <trkpt lat="10.78685925" lon="106.71778863"><ele>7.721</ele><time>2025-01-16T12:19:52.999Z</time><speed>9.086</speed><sat>28</sat></trkpt>
  <trkpt lat="10.78678187" lon="106.71782706"><ele>7.961</ele><time>2025-01-16T12:19:53.999Z</time><speed>9.090</speed><sat>27</sat></trkpt>
  <trkpt lat="10.78670768" lon="106.71786465"><ele>8.228</ele><time>2025-01-16T12:19:54.999Z</time><speed>9.117</speed><sat>28</sat></trkpt>
  <trkpt lat="10.78663717" lon="106.71790345"><ele>8.201</ele><time>2025-01-16T12:19:55.999Z</time><speed>9.152</speed><sat>28</sat></trkpt>
  <trkpt lat="10.78656419" lon="106.71794182"><ele>8.350</ele><time>2025-01-16T12:19:56.999Z</time><speed>8.996</speed><sat>29</sat></trkpt>
  <trkpt lat="10.78649278" lon="106.71798042"><ele>8.945</ele><time>2025-01-16T12:19:57.999Z</time><speed>8.921</speed><sat>29</sat></trkpt>
  <trkpt lat="10.78642124" lon="106.71801852"><ele>9.423</ele><time>2025-01-16T12:19:58.999Z</time><speed>8.822</speed><sat>29</sat></trkpt>
  <trkpt lat="10.78635291" lon="106.71805559"><ele>10.165</ele><time>2025-01-16T12:19:59.999Z</time><speed>8.725</speed><sat>29</sat></trkpt>
  <trkpt lat="10.78628454" lon="106.71809385"><ele>10.605</ele><time>2025-01-16T12:20:00.999Z</time><speed>8.681</speed><sat>29</sat></trkpt>
  <trkpt lat="10.78621560" lon="106.71813213"><ele>11.012</ele><time>2025-01-16T12:20:01.999Z</time><speed>8.587</speed><sat>29</sat></trkpt>
  <trkpt lat="10.78614800" lon="106.71817148"><ele>11.282</ele><time>2025-01-16T12:20:02.999Z</time><speed>8.403</speed><sat>29</sat></trkpt>
  <trkpt lat="10.78608182" lon="106.71820995"><ele>11.349</ele><time>2025-01-16T12:20:03.999Z</time><speed>8.448</speed><sat>29</sat></trkpt>
  <trkpt lat="10.78601558" lon="106.71825007"><ele>11.204</ele><time>2025-01-16T12:20:04.999Z</time><speed>8.441</speed><sat>29</sat></trkpt>
  <trkpt lat="10.78594722" lon="106.71828832"><ele>11.354</ele><time>2025-01-16T12:20:05.999Z</time><speed>8.458</speed><sat>29</sat></trkpt>
  <trkpt lat="10.78588075" lon="106.71832525"><ele>11.241</ele><time>2025-01-16T12:20:06.999Z</time><speed>8.451</speed><sat>29</sat></trkpt>
  <trkpt lat="10.78581284" lon="106.71836148"><ele>11.406</ele><time>2025-01-16T12:20:07.999Z</time><speed>8.718</speed><sat>29</sat></trkpt>
  <trkpt lat="10.78574156" lon="106.71839785"><ele>11.740</ele><time>2025-01-16T12:20:08.999Z</time><speed>8.939</speed><sat>29</sat></trkpt>
  <trkpt lat="10.78566710" lon="106.71843322"><ele>12.229</ele><time>2025-01-16T12:20:09.999Z</time><speed>9.069</speed><sat>29</sat></trkpt>
  <trkpt lat="10.78559332" lon="106.71847097"><ele>12.760</ele><time>2025-01-16T12:20:10.999Z</time><speed>9.062</speed><sat>29</sat></trkpt>
  <trkpt lat="10.78551933" lon="106.71850872"><ele>13.101</ele><time>2025-01-16T12:20:11.999Z</time><speed>9.081</speed><sat>29</sat></trkpt>
  <trkpt lat="10.78544655" lon="106.71854882"><ele>13.623</ele><time>2025-01-16T12:20:12.999Z</time><speed>9.158</speed><sat>27</sat></trkpt>
  <trkpt lat="10.78537962" lon="106.71858958"><ele>13.630</ele><time>2025-01-16T12:20:13.999Z</time><speed>8.512</speed><sat>24</sat></trkpt>
  <trkpt lat="10.78531777" lon="106.71862417"><ele>14.220</ele><time>2025-01-16T12:20:14.999Z</time><speed>8.269</speed><sat>28</sat></trkpt>
  <trkpt lat="10.78525602" lon="106.71865949"><ele>14.351</ele><time>2025-01-16T12:20:15.999Z</time><speed>7.753</speed><sat>28</sat></trkpt>
  <trkpt lat="10.78519826" lon="106.71869296"><ele>13.921</ele><time>2025-01-16T12:20:16.999Z</time><speed>7.750</speed><sat>29</sat></trkpt>
  <trkpt lat="10.78513398" lon="106.71872981"><ele>14.305</ele><time>2025-01-16T12:20:17.999Z</time><speed>7.865</speed><sat>28</sat></trkpt>
  <trkpt lat="10.78506657" lon="106.71876722"><ele>14.268</ele><time>2025-01-16T12:20:18.999Z</time><speed>8.008</speed><sat>28</sat></trkpt>
  <trkpt lat="10.78500000" lon="106.71880421"><ele>14.341</ele><time>2025-01-16T12:20:19.999Z</time><speed>8.120</speed><sat>29</sat></trkpt>
  <trkpt lat="10.78493445" lon="106.71884184"><ele>14.783</ele><time>2025-01-16T12:20:20.999Z</time><speed>8.263</speed><sat>29</sat></trkpt>
  <trkpt lat="10.78486539" lon="106.71887936"><ele>15.028</ele><time>2025-01-16T12:20:21.999Z</time><speed>8.505</speed><sat>29</sat></trkpt>
  <trkpt lat="10.78479501" lon="106.71891389"><ele>14.819</ele><time>2025-01-16T12:20:22.999Z</time><speed>8.535</speed><sat>29</sat></trkpt>
  <trkpt lat="10.78472475" lon="106.71894994"><ele>13.965</ele><time>2025-01-16T12:20:23.999Z</time><speed>8.746</speed><sat>28</sat></trkpt>
  <trkpt lat="10.78465227" lon="106.71898643"><ele>13.628</ele><time>2025-01-16T12:20:24.999Z</time><speed>8.787</speed><sat>29</sat></trkpt>
  <trkpt lat="10.78458303" lon="106.71902548"><ele>13.484</ele><time>2025-01-16T12:20:25.999Z</time><speed>8.777</speed><sat>29</sat></trkpt>
  <trkpt lat="10.78451081" lon="106.71906768"><ele>13.309</ele><time>2025-01-16T12:20:26.999Z</time><speed>8.756</speed><sat>29</sat></trkpt>
  <trkpt lat="10.78444452" lon="106.71910428"><ele>13.032</ele><time>2025-01-16T12:20:27.999Z</time><speed>8.728</speed><sat>29</sat></trkpt>
  <trkpt lat="10.78437333" lon="106.71914170"><ele>12.697</ele><time>2025-01-16T12:20:28.999Z</time><speed>8.878</speed><sat>29</sat></trkpt>
  <trkpt lat="10.78429771" lon="106.71917726"><ele>12.185</ele><time>2025-01-16T12:20:29.999Z</time><speed>8.888</speed><sat>29</sat></trkpt>
  <trkpt lat="10.78422251" lon="106.71921582"><ele>11.766</ele><time>2025-01-16T12:20:30.999Z</time><speed>8.937</speed><sat>27</sat></trkpt>
  <trkpt lat="10.78415066" lon="106.71925277"><ele>10.974</ele><time>2025-01-16T12:20:31.999Z</time><speed>9.070</speed><sat>28</sat></trkpt>
  <trkpt lat="10.78407414" lon="106.71929337"><ele>9.921</ele><time>2025-01-16T12:20:32.999Z</time><speed>9.309</speed><sat>27</sat></trkpt>
  <trkpt lat="10.78399840" lon="106.71933377"><ele>9.343</ele><time>2025-01-16T12:20:33.999Z</time><speed>9.407</speed><sat>23</sat></trkpt>
  <trkpt lat="10.78392545" lon="106.71937205"><ele>9.080</ele><time>2025-01-16T12:20:34.999Z</time><speed>9.512</speed><sat>24</sat></trkpt>
  <trkpt lat="10.78385295" lon="106.71941076"><ele>9.321</ele><time>2025-01-16T12:20:35.999Z</time><speed>9.657</speed><sat>27</sat></trkpt>
  <trkpt lat="10.78377587" lon="106.71945356"><ele>9.187</ele><time>2025-01-16T12:20:36.999Z</time><speed>9.742</speed><sat>26</sat></trkpt>
  <trkpt lat="10.78368976" lon="106.71949548"><ele>9.133</ele><time>2025-01-16T12:20:37.999Z</time><speed>9.818</speed><sat>25</sat></trkpt>
  <trkpt lat="10.78360733" lon="106.71953827"><ele>8.531</ele><time>2025-01-16T12:20:38.999Z</time><speed>9.961</speed><sat>25</sat></trkpt>
  <trkpt lat="10.78352725" lon="106.71958311"><ele>8.035</ele><time>2025-01-16T12:20:39.999Z</time><speed>9.958</speed><sat>26</sat></trkpt>
  <trkpt lat="10.78344671" lon="106.71962805"><ele>7.445</ele><time>2025-01-16T12:20:40.999Z</time><speed>10.120</speed><sat>24</sat></trkpt>
  <trkpt lat="10.78336781" lon="106.71967275"><ele>7.093</ele><time>2025-01-16T12:20:41.999Z</time><speed>10.126</speed><sat>24</sat></trkpt>
  <trkpt lat="10.78328529" lon="106.71971629"><ele>7.131</ele><time>2025-01-16T12:20:42.999Z</time><speed>10.182</speed><sat>23</sat></trkpt>
  <trkpt lat="10.78320114" lon="106.71975828"><ele>7.225</ele><time>2025-01-16T12:20:43.999Z</time><speed>10.178</speed><sat>21</sat></trkpt>
  <trkpt lat="10.78312390" lon="106.71979746"><ele>7.284</ele><time>2025-01-16T12:20:44.999Z</time><speed>10.228</speed><sat>21</sat></trkpt>
  <trkpt lat="10.78304421" lon="106.71983706"><ele>6.307</ele><time>2025-01-16T12:20:45.999Z</time><speed>10.240</speed><sat>22</sat></trkpt>
  <trkpt lat="10.78296054" lon="106.71988033"><ele>5.577</ele><time>2025-01-16T12:20:46.999Z</time><speed>10.321</speed><sat>20</sat></trkpt>
  <trkpt lat="10.78287292" lon="106.71992591"><ele>5.219</ele><time>2025-01-16T12:20:47.999Z</time><speed>10.447</speed><sat>20</sat></trkpt>
  <trkpt lat="10.78278965" lon="106.71997106"><ele>4.479</ele><time>2025-01-16T12:20:48.999Z</time><speed>10.496</speed><sat>23</sat></trkpt>
  <trkpt lat="10.78270736" lon="106.72002205"><ele>3.641</ele><time>2025-01-16T12:20:49.999Z</time><speed>10.456</speed><sat>22</sat></trkpt>
  <trkpt lat="10.78261981" lon="106.72006580"><ele>2.970</ele><time>2025-01-16T12:20:50.999Z</time><speed>10.461</speed><sat>21</sat></trkpt>
  <trkpt lat="10.78253212" lon="106.72010892"><ele>2.288</ele><time>2025-01-16T12:20:51.999Z</time><speed>10.680</speed><sat>21</sat></trkpt>
  <trkpt lat="10.78244457" lon="106.72015515"><ele>1.737</ele><time>2025-01-16T12:20:52.999Z</time><speed>10.933</speed><sat>21</sat></trkpt>
  <trkpt lat="10.78235479" lon="106.72019925"><ele>0.792</ele><time>2025-01-16T12:20:53.999Z</time><speed>10.930</speed><sat>20</sat></trkpt>
  <trkpt lat="10.78226757" lon="106.72024506"><ele>0.937</ele><time>2025-01-16T12:20:54.999Z</time><speed>10.603</speed><sat>22</sat></trkpt>
  <trkpt lat="10.78218350" lon="106.72029196"><ele>1.254</ele><time>2025-01-16T12:20:55.999Z</time><speed>10.636</speed><sat>24</sat></trkpt>
  <trkpt lat="10.78209791" lon="106.72033533"><ele>2.030</ele><time>2025-01-16T12:20:56.999Z</time><speed>10.367</speed><sat>24</sat></trkpt>
  <trkpt lat="10.78201852" lon="106.72037662"><ele>2.440</ele><time>2025-01-16T12:20:57.999Z</time><speed>10.146</speed><sat>23</sat></trkpt>
  <trkpt lat="10.78194213" lon="106.72041617"><ele>1.633</ele><time>2025-01-16T12:20:58.999Z</time><speed>9.709</speed><sat>22</sat></trkpt>
  <trkpt lat="10.78186707" lon="106.72045477"><ele>1.223</ele><time>2025-01-16T12:20:59.999Z</time><speed>9.351</speed><sat>23</sat></trkpt>
  <trkpt lat="10.78179789" lon="106.72048865"><ele>0.703</ele><time>2025-01-16T12:21:00.999Z</time><speed>8.967</speed><sat>24</sat></trkpt>
  <trkpt lat="10.78172687" lon="106.72052198"><ele>0.360</ele><time>2025-01-16T12:21:01.999Z</time><speed>8.741</speed><sat>22</sat></trkpt>
  <trkpt lat="10.78165898" lon="106.72055385"><ele>0.403</ele><time>2025-01-16T12:21:02.999Z</time><speed>8.581</speed><sat>23</sat></trkpt>
  <trkpt lat="10.78159015" lon="106.72058981"><ele>0.393</ele><time>2025-01-16T12:21:03.999Z</time><speed>8.392</speed><sat>24</sat></trkpt>
  <trkpt lat="10.78152286" lon="106.72062503"><ele>0.307</ele><time>2025-01-16T12:21:04.999Z</time><speed>8.168</speed><sat>24</sat></trkpt>
  <trkpt lat="10.78145890" lon="106.72065565"><ele>-0.086</ele><time>2025-01-16T12:21:05.999Z</time><speed>7.830</speed><sat>24</sat></trkpt>
  <trkpt lat="10.78139968" lon="106.72068965"><ele>-0.137</ele><time>2025-01-16T12:21:06.999Z</time><speed>7.485</speed><sat>22</sat></trkpt>
  <trkpt lat="10.78134391" lon="106.72072265"><ele>-0.039</ele><time>2025-01-16T12:21:07.999Z</time><speed>7.300</speed><sat>21</sat></trkpt>
  <trkpt lat="10.78129113" lon="106.72075564"><ele>0.258</ele><time>2025-01-16T12:21:08.999Z</time><speed>7.041</speed><sat>21</sat></trkpt>
  <trkpt lat="10.78123807" lon="106.72078940"><ele>0.338</ele><time>2025-01-16T12:21:09.999Z</time><speed>6.865</speed><sat>22</sat></trkpt>
  <trkpt lat="10.78118776" lon="106.72081770"><ele>0.534</ele><time>2025-01-16T12:21:10.999Z</time><speed>6.692</speed><sat>22</sat></trkpt>
  <trkpt lat="10.78113616" lon="106.72084478"><ele>0.761</ele><time>2025-01-16T12:21:11.999Z</time><speed>6.657</speed><sat>22</sat></trkpt>
  <trkpt lat="10.78108526" lon="106.72087117"><ele>1.152</ele><time>2025-01-16T12:21:12.999Z</time><speed>6.731</speed><sat>22</sat></trkpt>
  <trkpt lat="10.78102932" lon="106.72089143"><ele>1.880</ele><time>2025-01-16T12:21:13.999Z</time><speed>6.763</speed><sat>22</sat></trkpt>
  <trkpt lat="10.78097083" lon="106.72091544"><ele>1.485</ele><time>2025-01-16T12:21:14.999Z</time><speed>6.911</speed><sat>23</sat></trkpt>
  <trkpt lat="10.78091338" lon="106.72094846"><ele>1.270</ele><time>2025-01-16T12:21:15.999Z</time><speed>7.043</speed><sat>22</sat></trkpt>
  <trkpt lat="10.78085926" lon="106.72098159"><ele>1.487</ele><time>2025-01-16T12:21:16.999Z</time><speed>6.916</speed><sat>22</sat></trkpt>
  <trkpt lat="10.78080674" lon="106.72101561"><ele>1.424</ele><time>2025-01-16T12:21:17.999Z</time><speed>6.853</speed><sat>22</sat></trkpt>
  <trkpt lat="10.78075669" lon="106.72104554"><ele>1.450</ele><time>2025-01-16T12:21:18.999Z</time><speed>6.696</speed><sat>22</sat></trkpt>
  <trkpt lat="10.78070859" lon="106.72106980"><ele>1.462</ele><time>2025-01-16T12:21:19.999Z</time><speed>6.584</speed><sat>22</sat></trkpt>
  <trkpt lat="10.78065944" lon="106.72109624"><ele>1.198</ele><time>2025-01-16T12:21:20.999Z</time><speed>6.598</speed><sat>22</sat></trkpt>
  <trkpt lat="10.78060653" lon="106.72112922"><ele>1.300</ele><time>2025-01-16T12:21:21.999Z</time><speed>6.568</speed><sat>23</sat></trkpt>
  <trkpt lat="10.78055250" lon="106.72116158"><ele>1.453</ele><time>2025-01-16T12:21:22.999Z</time><speed>6.559</speed><sat>23</sat></trkpt>
  <trkpt lat="10.78050116" lon="106.72118752"><ele>1.378</ele><time>2025-01-16T12:21:23.999Z</time><speed>6.568</speed><sat>24</sat></trkpt>
  <trkpt lat="10.78043924" lon="106.72122056"><ele>1.212</ele><time>2025-01-16T12:21:24.999Z</time><speed>6.800</speed><sat>23</sat></trkpt>
  <trkpt lat="10.78038354" lon="106.72124585"><ele>0.866</ele><time>2025-01-16T12:21:25.999Z</time><speed>6.819</speed><sat>26</sat></trkpt>
  <trkpt lat="10.78032905" lon="106.72127824"><ele>0.305</ele><time>2025-01-16T12:21:26.999Z</time><speed>6.919</speed><sat>26</sat></trkpt>
  <trkpt lat="10.78027381" lon="106.72131199"><ele>0.389</ele><time>2025-01-16T12:21:27.999Z</time><speed>7.062</speed><sat>25</sat></trkpt>
  <trkpt lat="10.78021714" lon="106.72134526"><ele>0.001</ele><time>2025-01-16T12:21:28.999Z</time><speed>7.083</speed><sat>27</sat></trkpt>
  <trkpt lat="10.78016265" lon="106.72137662"><ele>-0.187</ele><time>2025-01-16T12:21:29.999Z</time><speed>7.008</speed><sat>27</sat></trkpt>
  <trkpt lat="10.78010662" lon="106.72140680"><ele>0.048</ele><time>2025-01-16T12:21:30.999Z</time><speed>7.074</speed><sat>27</sat></trkpt>
  <trkpt lat="10.78004939" lon="106.72143673"><ele>-0.077</ele><time>2025-01-16T12:21:31.999Z</time><speed>7.157</speed><sat>27</sat></trkpt>
  <trkpt lat="10.77999548" lon="106.72146882"><ele>0.210</ele><time>2025-01-16T12:21:32.999Z</time><speed>7.090</speed><sat>26</sat></trkpt>
  <trkpt lat="10.77994085" lon="106.72150164"><ele>0.094</ele><time>2025-01-16T12:21:33.999Z</time><speed>7.003</speed><sat>28</sat></trkpt>
  <trkpt lat="10.77988201" lon="106.72152861"><ele>0.365</ele><time>2025-01-16T12:21:34.999Z</time><speed>6.933</speed><sat>28</sat></trkpt>
  <trkpt lat="10.77982541" lon="106.72155555"><ele>0.788</ele><time>2025-01-16T12:21:35.999Z</time><speed>6.823</speed><sat>28</sat></trkpt>
  <trkpt lat="10.77977017" lon="106.72158300"><ele>0.984</ele><time>2025-01-16T12:21:36.999Z</time><speed>6.639</speed><sat>29</sat></trkpt>
  <trkpt lat="10.77971803" lon="106.72161091"><ele>1.404</ele><time>2025-01-16T12:21:37.999Z</time><speed>6.545</speed><sat>27</sat></trkpt>
  <trkpt lat="10.77966734" lon="106.72163867"><ele>1.806</ele><time>2025-01-16T12:21:38.999Z</time><speed>6.148</speed><sat>26</sat></trkpt>
  <trkpt lat="10.77961991" lon="106.72166579"><ele>1.946</ele><time>2025-01-16T12:21:39.999Z</time><speed>5.998</speed><sat>26</sat></trkpt>
  <trkpt lat="10.77957370" lon="106.72168928"><ele>2.279</ele><time>2025-01-16T12:21:40.999Z</time><speed>5.874</speed><sat>26</sat></trkpt>
  <trkpt lat="10.77952939" lon="106.72171438"><ele>2.246</ele><time>2025-01-16T12:21:41.999Z</time><speed>5.891</speed><sat>27</sat></trkpt>
  <trkpt lat="10.77948315" lon="106.72173884"><ele>2.196</ele><time>2025-01-16T12:21:42.999Z</time><speed>5.694</speed><sat>29</sat></trkpt>
  <trkpt lat="10.77944254" lon="106.72176085"><ele>2.254</ele><time>2025-01-16T12:21:43.999Z</time><speed>5.306</speed><sat>27</sat></trkpt>
  <trkpt lat="10.77940525" lon="106.72178044"><ele>2.426</ele><time>2025-01-16T12:21:44.999Z</time><speed>4.656</speed><sat>27</sat></trkpt>
  <trkpt lat="10.77937498" lon="106.72179843"><ele>2.527</ele><time>2025-01-16T12:21:45.999Z</time><speed>4.185</speed><sat>28</sat></trkpt>
  <trkpt lat="10.77934535" lon="106.72181345"><ele>2.614</ele><time>2025-01-16T12:21:46.999Z</time><speed>4.042</speed><sat>29</sat></trkpt>
  <trkpt lat="10.77931468" lon="106.72182755"><ele>2.501</ele><time>2025-01-16T12:21:47.999Z</time><speed>3.874</speed><sat>29</sat></trkpt>
  <trkpt lat="10.77928770" lon="106.72183890"><ele>2.119</ele><time>2025-01-16T12:21:48.999Z</time><speed>3.449</speed><sat>29</sat></trkpt>
  <trkpt lat="10.77926298" lon="106.72185153"><ele>1.888</ele><time>2025-01-16T12:21:49.999Z</time><speed>3.164</speed><sat>29</sat></trkpt>
  <trkpt lat="10.77924097" lon="106.72186218"><ele>1.688</ele><time>2025-01-16T12:21:50.999Z</time><speed>2.925</speed><sat>29</sat></trkpt>
  <trkpt lat="10.77922075" lon="106.72187075"><ele>2.084</ele><time>2025-01-16T12:21:51.999Z</time><speed>2.459</speed><sat>29</sat></trkpt>
  <trkpt lat="10.77920420" lon="106.72187902"><ele>1.919</ele><time>2025-01-16T12:21:52.999Z</time><speed>1.666</speed><sat>28</sat></trkpt>
  <trkpt lat="10.77919509" lon="106.72188448"><ele>2.075</ele><time>2025-01-16T12:21:53.999Z</time><speed>1.098</speed><sat>29</sat></trkpt>
  <trkpt lat="10.77918923" lon="106.72188682"><ele>2.346</ele><time>2025-01-16T12:21:54.999Z</time><speed>0.843</speed><sat>28</sat></trkpt>
  <trkpt lat="10.77918302" lon="106.72188932"><ele>2.293</ele><time>2025-01-16T12:21:55.999Z</time><speed>1.005</speed><sat>28</sat></trkpt>
  <trkpt lat="10.77917379" lon="106.72189321"><ele>2.577</ele><time>2025-01-16T12:21:56.999Z</time><speed>1.150</speed><sat>28</sat></trkpt>
  <trkpt lat="10.77916326" lon="106.72189765"><ele>2.858</ele><time>2025-01-16T12:21:57.999Z</time><speed>0.870</speed><sat>28</sat></trkpt>
  <trkpt lat="10.77915643" lon="106.72190003"><ele>2.968</ele><time>2025-01-16T12:21:58.999Z</time><speed>0.587</speed><sat>26</sat></trkpt>
  <trkpt lat="10.77914964" lon="106.72190313"><ele>2.547</ele><time>2025-01-16T12:21:59.999Z</time><speed>0.720</speed><sat>26</sat></trkpt>
  <trkpt lat="10.77914518" lon="106.72190432"><ele>2.529</ele><time>2025-01-16T12:22:00.999Z</time><speed>0.642</speed><sat>25</sat></trkpt>
  <trkpt lat="10.77914329" lon="106.72190546"><ele>2.398</ele><time>2025-01-16T12:22:01.999Z</time><speed>0.000</speed><sat>26</sat></trkpt>
  <trkpt lat="10.77914329" lon="106.72190546"><ele>2.290</ele><time>2025-01-16T12:22:02.999Z</time><speed>0.000</speed><sat>26</sat></trkpt>
  <trkpt lat="10.77914329" lon="106.72190546"><ele>1.959</ele><time>2025-01-16T12:22:03.999Z</time><speed>0.000</speed><sat>26</sat></trkpt>
  <trkpt lat="10.77914329" lon="106.72190546"><ele>1.824</ele><time>2025-01-16T12:22:04.999Z</time><speed>0.000</speed><sat>24</sat></trkpt>
  <trkpt lat="10.77914329" lon="106.72190546"><ele>1.487</ele><time>2025-01-16T12:22:05.999Z</time><speed>0.000</speed><sat>25</sat></trkpt>
  <trkpt lat="10.77914329" lon="106.72190546"><ele>1.138</ele><time>2025-01-16T12:22:06.999Z</time><speed>0.000</speed><sat>25</sat></trkpt>
  <trkpt lat="10.77914329" lon="106.72190546"><ele>0.915</ele><time>2025-01-16T12:22:07.999Z</time><speed>0.000</speed><sat>26</sat></trkpt>
  <trkpt lat="10.77914329" lon="106.72190546"><ele>0.776</ele><time>2025-01-16T12:22:08.999Z</time><speed>0.000</speed><sat>25</sat></trkpt>
  <trkpt lat="10.77914329" lon="106.72190546"><ele>0.440</ele><time>2025-01-16T12:22:09.999Z</time><speed>0.000</speed><sat>26</sat></trkpt>
  <trkpt lat="10.77914329" lon="106.72190546"><ele>0.298</ele><time>2025-01-16T12:22:10.999Z</time><speed>0.000</speed><sat>26</sat></trkpt>
  <trkpt lat="10.77914329" lon="106.72190546"><ele>-0.025</ele><time>2025-01-16T12:22:11.999Z</time><speed>0.000</speed><sat>26</sat></trkpt>
  <trkpt lat="10.77914329" lon="106.72190546"><ele>-0.147</ele><time>2025-01-16T12:22:12.999Z</time><speed>0.000</speed><sat>27</sat></trkpt>
  <trkpt lat="10.77914329" lon="106.72190546"><ele>-0.337</ele><time>2025-01-16T12:22:13.999Z</time><speed>0.000</speed><sat>27</sat></trkpt>
  <trkpt lat="10.77914329" lon="106.72190546"><ele>-0.466</ele><time>2025-01-16T12:22:14.999Z</time><speed>0.000</speed><sat>26</sat></trkpt>
  <trkpt lat="10.77914329" lon="106.72190546"><ele>-0.591</ele><time>2025-01-16T12:22:15.999Z</time><speed>0.000</speed><sat>26</sat></trkpt>
  <trkpt lat="10.77914329" lon="106.72190546"><ele>-0.711</ele><time>2025-01-16T12:22:16.999Z</time><speed>0.000</speed><sat>26</sat></trkpt>
  <trkpt lat="10.77914329" lon="106.72190546"><ele>-0.825</ele><time>2025-01-16T12:22:17.999Z</time><speed>0.000</speed><sat>26</sat></trkpt>
  <trkpt lat="10.77914329" lon="106.72190546"><ele>-0.961</ele><time>2025-01-16T12:22:18.999Z</time><speed>0.000</speed><sat>26</sat></trkpt>
  <trkpt lat="10.77914329" lon="106.72190546"><ele>-0.949</ele><time>2025-01-16T12:22:19.999Z</time><speed>0.000</speed><sat>26</sat></trkpt>
  <trkpt lat="10.77914329" lon="106.72190546"><ele>-0.879</ele><time>2025-01-16T12:22:20.999Z</time><speed>0.000</speed><sat>27</sat></trkpt>
  <trkpt lat="10.77914329" lon="106.72190546"><ele>-0.811</ele><time>2025-01-16T12:22:21.999Z</time><speed>0.000</speed><sat>28</sat></trkpt>
  <trkpt lat="10.77914329" lon="106.72190546"><ele>-0.812</ele><time>2025-01-16T12:22:22.999Z</time><speed>0.000</speed><sat>28</sat></trkpt>
  <trkpt lat="10.77914329" lon="106.72190546"><ele>-0.587</ele><time>2025-01-16T12:22:23.999Z</time><speed>0.000</speed><sat>28</sat></trkpt>
  <trkpt lat="10.77914329" lon="106.72190546"><ele>-0.465</ele><time>2025-01-16T12:22:24.999Z</time><speed>0.000</speed><sat>28</sat></trkpt>
  <trkpt lat="10.77914329" lon="106.72190546"><ele>-0.378</ele><time>2025-01-16T12:22:25.999Z</time><speed>0.000</speed><sat>27</sat></trkpt>
  <trkpt lat="10.77914329" lon="106.72190546"><ele>-0.260</ele><time>2025-01-16T12:22:26.999Z</time><speed>0.000</speed><sat>27</sat></trkpt>
  <trkpt lat="10.77914329" lon="106.72190546"><ele>-0.066</ele><time>2025-01-16T12:22:27.999Z</time><speed>0.000</speed><sat>25</sat></trkpt>
  <trkpt lat="10.77914329" lon="106.72190546"><ele>0.255</ele><time>2025-01-16T12:22:28.999Z</time><speed>0.000</speed><sat>27</sat></trkpt>
  <trkpt lat="10.77913842" lon="106.72190630"><ele>0.359</ele><time>2025-01-16T12:22:29.999Z</time><speed>1.667</speed><sat>26</sat></trkpt>
  <trkpt lat="10.77911901" lon="106.72191389"><ele>0.575</ele><time>2025-01-16T12:22:30.999Z</time><speed>2.221</speed><sat>27</sat></trkpt>
  <trkpt lat="10.77909562" lon="106.72192622"><ele>0.629</ele><time>2025-01-16T12:22:31.999Z</time><speed>2.426</speed><sat>28</sat></trkpt>
  <trkpt lat="10.77907317" lon="106.72193628"><ele>0.775</ele><time>2025-01-16T12:22:32.999Z</time><speed>2.594</speed><sat>28</sat></trkpt>
  <trkpt lat="10.77904545" lon="106.72195027"><ele>0.708</ele><time>2025-01-16T12:22:33.999Z</time><speed>3.256</speed><sat>29</sat></trkpt>
  <trkpt lat="10.77901593" lon="106.72196550"><ele>1.045</ele><time>2025-01-16T12:22:34.999Z</time><speed>3.700</speed><sat>29</sat></trkpt>
  <trkpt lat="10.77898314" lon="106.72198469"><ele>1.000</ele><time>2025-01-16T12:22:35.999Z</time><speed>4.055</speed><sat>29</sat></trkpt>
  <trkpt lat="10.77894588" lon="106.72200086"><ele>0.915</ele><time>2025-01-16T12:22:36.999Z</time><speed>4.165</speed><sat>29</sat></trkpt>
  <trkpt lat="10.77890964" lon="106.72201965"><ele>0.660</ele><time>2025-01-16T12:22:37.999Z</time><speed>4.204</speed><sat>29</sat></trkpt>
  <trkpt lat="10.77887835" lon="106.72203637"><ele>0.567</ele><time>2025-01-16T12:22:38.999Z</time><speed>4.149</speed><sat>29</sat></trkpt>
  <trkpt lat="10.77884683" lon="106.72205427"><ele>0.307</ele><time>2025-01-16T12:22:39.999Z</time><speed>4.031</speed><sat>29</sat></trkpt>
  <trkpt lat="10.77881240" lon="106.72207206"><ele>0.013</ele><time>2025-01-16T12:22:40.999Z</time><speed>4.011</speed><sat>29</sat></trkpt>
  <trkpt lat="10.77877527" lon="106.72209053"><ele>-0.092</ele><time>2025-01-16T12:22:41.999Z</time><speed>4.105</speed><sat>29</sat></trkpt>
  <trkpt lat="10.77873733" lon="106.72210834"><ele>0.016</ele><time>2025-01-16T12:22:42.999Z</time><speed>4.144</speed><sat>29</sat></trkpt>
  <trkpt lat="10.77870039" lon="106.72212230"><ele>0.344</ele><time>2025-01-16T12:22:43.999Z</time><speed>4.134</speed><sat>29</sat></trkpt>
  <trkpt lat="10.77866651" lon="106.72213092"><ele>0.671</ele><time>2025-01-16T12:22:44.999Z</time><speed>4.054</speed><sat>29</sat></trkpt>
  <trkpt lat="10.77863205" lon="106.72213736"><ele>0.580</ele><time>2025-01-16T12:22:45.999Z</time><speed>3.989</speed><sat>29</sat></trkpt>
  <trkpt lat="10.77859288" lon="106.72213528"><ele>0.207</ele><time>2025-01-16T12:22:46.999Z</time><speed>3.947</speed><sat>29</sat></trkpt>
  <trkpt lat="10.77855874" lon="106.72211377"><ele>-0.024</ele><time>2025-01-16T12:22:47.999Z</time><speed>4.347</speed><sat>29</sat></trkpt>
  <trkpt lat="10.77852251" lon="106.72208037"><ele>0.152</ele><time>2025-01-16T12:22:48.999Z</time><speed>4.955</speed><sat>28</sat></trkpt>
  <trkpt lat="10.77849583" lon="106.72203663"><ele>-0.032</ele><time>2025-01-16T12:22:49.999Z</time><speed>5.374</speed><sat>29</sat></trkpt>
  <trkpt lat="10.77848633" lon="106.72198679"><ele>0.652</ele><time>2025-01-16T12:22:50.999Z</time><speed>5.389</speed><sat>29</sat></trkpt>
  <trkpt lat="10.77848026" lon="106.72193007"><ele>0.749</ele><time>2025-01-16T12:22:51.999Z</time><speed>5.384</speed><sat>29</sat></trkpt>
  <trkpt lat="10.77847603" lon="106.72187160"><ele>0.240</ele><time>2025-01-16T12:22:52.999Z</time><speed>5.756</speed><sat>28</sat></trkpt>
  <trkpt lat="10.77847014" lon="106.72181055"><ele>0.243</ele><time>2025-01-16T12:22:53.999Z</time><speed>6.240</speed><sat>28</sat></trkpt>
  <trkpt lat="10.77846063" lon="106.72175126"><ele>-0.337</ele><time>2025-01-16T12:22:54.999Z</time><speed>6.529</speed><sat>29</sat></trkpt>
  <trkpt lat="10.77844920" lon="106.72168493"><ele>-0.459</ele><time>2025-01-16T12:22:55.999Z</time><speed>6.969</speed><sat>29</sat></trkpt>
  <trkpt lat="10.77843650" lon="106.72161726"><ele>-0.543</ele><time>2025-01-16T12:22:56.999Z</time><speed>7.221</speed><sat>29</sat></trkpt>
  <trkpt lat="10.77842268" lon="106.72154785"><ele>-0.746</ele><time>2025-01-16T12:22:57.999Z</time><speed>7.543</speed><sat>29</sat></trkpt>
  <trkpt lat="10.77840536" lon="106.72147851"><ele>-0.982</ele><time>2025-01-16T12:22:58.999Z</time><speed>7.680</speed><sat>29</sat></trkpt>
  <trkpt lat="10.77838926" lon="106.72140885"><ele>-1.172</ele><time>2025-01-16T12:22:59.999Z</time><speed>7.518</speed><sat>29</sat></trkpt>
  <trkpt lat="10.77837636" lon="106.72133999"><ele>-1.337</ele><time>2025-01-16T12:23:00.999Z</time><speed>7.395</speed><sat>29</sat></trkpt>
  <trkpt lat="10.77836463" lon="106.72127261"><ele>-1.599</ele><time>2025-01-16T12:23:01.999Z</time><speed>7.411</speed><sat>29</sat></trkpt>
  <trkpt lat="10.77835154" lon="106.72120722"><ele>-1.807</ele><time>2025-01-16T12:23:02.999Z</time><speed>7.560</speed><sat>29</sat></trkpt>
  <trkpt lat="10.77834268" lon="106.72114083"><ele>-1.930</ele><time>2025-01-16T12:23:03.999Z</time><speed>7.714</speed><sat>29</sat></trkpt>
  <trkpt lat="10.77832651" lon="106.72107054"><ele>-1.990</ele><time>2025-01-16T12:23:04.999Z</time><speed>7.694</speed><sat>29</sat></trkpt>
  <trkpt lat="10.77831018" lon="106.72100515"><ele>-1.894</ele><time>2025-01-16T12:23:05.999Z</time><speed>7.440</speed><sat>29</sat></trkpt>
  <trkpt lat="10.77829552" lon="106.72094105"><ele>-1.407</ele><time>2025-01-16T12:23:06.999Z</time><speed>7.425</speed><sat>29</sat></trkpt>
  <trkpt lat="10.77828126" lon="106.72087556"><ele>-0.919</ele><time>2025-01-16T12:23:07.999Z</time><speed>7.464</speed><sat>27</sat></trkpt>
  <trkpt lat="10.77827151" lon="106.72080417"><ele>-0.645</ele><time>2025-01-16T12:23:08.999Z</time><speed>7.605</speed><sat>26</sat></trkpt>
  <trkpt lat="10.77825958" lon="106.72073258"><ele>-0.541</ele><time>2025-01-16T12:23:09.999Z</time><speed>7.871</speed><sat>25</sat></trkpt>
  <trkpt lat="10.77824712" lon="106.72066655"><ele>-0.179</ele><time>2025-01-16T12:23:10.999Z</time><speed>7.842</speed><sat>25</sat></trkpt>
  <trkpt lat="10.77823456" lon="106.72059762"><ele>0.112</ele><time>2025-01-16T12:23:11.999Z</time><speed>7.846</speed><sat>26</sat></trkpt>
  <trkpt lat="10.77821966" lon="106.72052916"><ele>0.236</ele><time>2025-01-16T12:23:12.999Z</time><speed>8.067</speed><sat>25</sat></trkpt>
  <trkpt lat="10.77820465" lon="106.72045715"><ele>0.288</ele><time>2025-01-16T12:23:13.999Z</time><speed>8.102</speed><sat>23</sat></trkpt>
  <trkpt lat="10.77818981" lon="106.72038147"><ele>0.276</ele><time>2025-01-16T12:23:14.999Z</time><speed>7.970</speed><sat>24</sat></trkpt>
  <trkpt lat="10.77817405" lon="106.72030534"><ele>0.304</ele><time>2025-01-16T12:23:15.999Z</time><speed>8.004</speed><sat>26</sat></trkpt>
  <trkpt lat="10.77815568" lon="106.72022527"><ele>0.612</ele><time>2025-01-16T12:23:16.999Z</time><speed>8.145</speed><sat>26</sat></trkpt>
  <trkpt lat="10.77813960" lon="106.72015038"><ele>0.933</ele><time>2025-01-16T12:23:17.999Z</time><speed>8.312</speed><sat>23</sat></trkpt>
  <trkpt lat="10.77812545" lon="106.72007164"><ele>1.006</ele><time>2025-01-16T12:23:18.999Z</time><speed>8.353</speed><sat>23</sat></trkpt>
  <trkpt lat="10.77811058" lon="106.71999285"><ele>0.881</ele><time>2025-01-16T12:23:19.999Z</time><speed>8.378</speed><sat>25</sat></trkpt>
  <trkpt lat="10.77809525" lon="106.71991951"><ele>0.962</ele><time>2025-01-16T12:23:20.999Z</time><speed>8.222</speed><sat>22</sat></trkpt>
  <trkpt lat="10.77807878" lon="106.71985017"><ele>1.488</ele><time>2025-01-16T12:23:21.999Z</time><speed>8.244</speed><sat>23</sat></trkpt>
  <trkpt lat="10.77805973" lon="106.71978083"><ele>1.914</ele><time>2025-01-16T12:23:22.999Z</time><speed>8.335</speed><sat>22</sat></trkpt>
  <trkpt lat="10.77804005" lon="106.71971131"><ele>2.221</ele><time>2025-01-16T12:23:23.999Z</time><speed>8.356</speed><sat>20</sat></trkpt>
  <trkpt lat="10.77801865" lon="106.71964190"><ele>2.478</ele><time>2025-01-16T12:23:24.999Z</time><speed>8.306</speed><sat>23</sat></trkpt>
  <trkpt lat="10.77799554" lon="106.71957411"><ele>2.525</ele><time>2025-01-16T12:23:25.999Z</time><speed>8.364</speed><sat>24</sat></trkpt>
  <trkpt lat="10.77797139" lon="106.71949951"><ele>2.870</ele><time>2025-01-16T12:23:26.999Z</time><speed>8.511</speed><sat>21</sat></trkpt>
  <trkpt lat="10.77794168" lon="106.71942260"><ele>2.304</ele><time>2025-01-16T12:23:27.999Z</time><speed>8.576</speed><sat>24</sat></trkpt>
  <trkpt lat="10.77791422" lon="106.71934679"><ele>2.204</ele><time>2025-01-16T12:23:28.999Z</time><speed>8.325</speed><sat>22</sat></trkpt>
  <trkpt lat="10.77788721" lon="106.71927346"><ele>2.067</ele><time>2025-01-16T12:23:29.999Z</time><speed>8.282</speed><sat>24</sat></trkpt>
  <trkpt lat="10.77785558" lon="106.71920148"><ele>2.110</ele><time>2025-01-16T12:23:30.999Z</time><speed>8.264</speed><sat>23</sat></trkpt>
  <trkpt lat="10.77782296" lon="106.71913600"><ele>2.297</ele><time>2025-01-16T12:23:31.999Z</time><speed>8.210</speed><sat>24</sat></trkpt>
  <trkpt lat="10.77778585" lon="106.71907106"><ele>3.015</ele><time>2025-01-16T12:23:32.999Z</time><speed>8.396</speed><sat>23</sat></trkpt>
  <trkpt lat="10.77774697" lon="106.71900661"><ele>3.245</ele><time>2025-01-16T12:23:33.999Z</time><speed>8.474</speed><sat>20</sat></trkpt>
  <trkpt lat="10.77770966" lon="106.71894054"><ele>3.493</ele><time>2025-01-16T12:23:34.999Z</time><speed>8.440</speed><sat>18</sat></trkpt>
  <trkpt lat="10.77767100" lon="106.71887195"><ele>3.860</ele><time>2025-01-16T12:23:35.999Z</time><speed>8.290</speed><sat>20</sat></trkpt>
  <trkpt lat="10.77763195" lon="106.71880584"><ele>4.317</ele><time>2025-01-16T12:23:36.999Z</time><speed>8.135</speed><sat>21</sat></trkpt>
  <trkpt lat="10.77759219" lon="106.71873938"><ele>5.652</ele><time>2025-01-16T12:23:37.999Z</time><speed>8.255</speed><sat>22</sat></trkpt>
  <trkpt lat="10.77755339" lon="106.71867305"><ele>6.635</ele><time>2025-01-16T12:23:38.999Z</time><speed>8.426</speed><sat>23</sat></trkpt>
  <trkpt lat="10.77751404" lon="106.71860817"><ele>7.007</ele><time>2025-01-16T12:23:39.999Z</time><speed>8.121</speed><sat>25</sat></trkpt>
  <trkpt lat="10.77747578" lon="106.71854270"><ele>6.414</ele><time>2025-01-16T12:23:40.999Z</time><speed>7.460</speed><sat>27</sat></trkpt>
  <trkpt lat="10.77744023" lon="106.71849300"><ele>6.757</ele><time>2025-01-16T12:23:41.999Z</time><speed>7.072</speed><sat>29</sat></trkpt>
  <trkpt lat="10.77740999" lon="106.71844237"><ele>6.257</ele><time>2025-01-16T12:23:42.999Z</time><speed>6.660</speed><sat>29</sat></trkpt>
  <trkpt lat="10.77737903" lon="106.71839316"><ele>6.193</ele><time>2025-01-16T12:23:43.999Z</time><speed>6.474</speed><sat>29</sat></trkpt>
  <trkpt lat="10.77735035" lon="106.71834651"><ele>6.558</ele><time>2025-01-16T12:23:44.999Z</time><speed>6.585</speed><sat>28</sat></trkpt>
  <trkpt lat="10.77731444" lon="106.71828848"><ele>6.185</ele><time>2025-01-16T12:23:45.999Z</time><speed>6.731</speed><sat>24</sat></trkpt>
  <trkpt lat="10.77728376" lon="106.71823718"><ele>6.193</ele><time>2025-01-16T12:23:46.999Z</time><speed>6.608</speed><sat>21</sat></trkpt>
  <trkpt lat="10.77725312" lon="106.71818695"><ele>6.063</ele><time>2025-01-16T12:23:47.999Z</time><speed>6.859</speed><sat>22</sat></trkpt>
  <trkpt lat="10.77721813" lon="106.71813364"><ele>5.817</ele><time>2025-01-16T12:23:48.999Z</time><speed>6.825</speed><sat>22</sat></trkpt>
  <trkpt lat="10.77718485" lon="106.71808121"><ele>5.971</ele><time>2025-01-16T12:23:49.999Z</time><speed>6.736</speed><sat>22</sat></trkpt>
  <trkpt lat="10.77715077" lon="106.71803306"><ele>6.030</ele><time>2025-01-16T12:23:50.999Z</time><speed>6.634</speed><sat>19</sat></trkpt>
  <trkpt lat="10.77710635" lon="106.71798848"><ele>5.602</ele><time>2025-01-16T12:23:51.999Z</time><speed>6.722</speed><sat>18</sat></trkpt>
  <trkpt lat="10.77705686" lon="106.71793387"><ele>5.592</ele><time>2025-01-16T12:23:52.999Z</time><speed>6.859</speed><sat>19</sat></trkpt>
  <trkpt lat="10.77700861" lon="106.71788312"><ele>5.093</ele><time>2025-01-16T12:23:53.999Z</time><speed>7.024</speed><sat>19</sat></trkpt>
  <trkpt lat="10.77696058" lon="106.71783486"><ele>4.191</ele><time>2025-01-16T12:23:54.999Z</time><speed>7.083</speed><sat>18</sat></trkpt>
  <trkpt lat="10.77691274" lon="106.71778887"><ele>3.607</ele><time>2025-01-16T12:23:55.999Z</time><speed>7.075</speed><sat>18</sat></trkpt>
  <trkpt lat="10.77686240" lon="106.71774728"><ele>1.986</ele><time>2025-01-16T12:23:56.999Z</time><speed>6.871</speed><sat>18</sat></trkpt>
  <trkpt lat="10.77681476" lon="106.71770639"><ele>1.814</ele><time>2025-01-16T12:23:57.999Z</time><speed>6.734</speed><sat>17</sat></trkpt>
  <trkpt lat="10.77676968" lon="106.71766831"><ele>1.655</ele><time>2025-01-16T12:23:58.999Z</time><speed>6.458</speed><sat>18</sat></trkpt>
  <trkpt lat="10.77672317" lon="106.71762867"><ele>1.615</ele><time>2025-01-16T12:23:59.999Z</time><speed>6.340</speed><sat>19</sat></trkpt>
  <trkpt lat="10.77667914" lon="106.71759134"><ele>1.257</ele><time>2025-01-16T12:24:00.999Z</time><speed>6.252</speed><sat>17</sat></trkpt>
  <trkpt lat="10.77663491" lon="106.71755367"><ele>0.982</ele><time>2025-01-16T12:24:01.999Z</time><speed>6.152</speed><sat>17</sat></trkpt>
  <trkpt lat="10.77659465" lon="106.71751674"><ele>-0.147</ele><time>2025-01-16T12:24:02.999Z</time><speed>6.180</speed><sat>16</sat></trkpt>
  <trkpt lat="10.77655716" lon="106.71748699"><ele>-1.313</ele><time>2025-01-16T12:24:03.999Z</time><speed>6.223</speed><sat>17</sat></trkpt>
  <trkpt lat="10.77652017" lon="106.71745507"><ele>-1.971</ele><time>2025-01-16T12:24:04.999Z</time><speed>6.267</speed><sat>18</sat></trkpt>
  <trkpt lat="10.77647208" lon="106.71741681"><ele>-1.973</ele><time>2025-01-16T12:24:05.999Z</time><speed>6.405</speed><sat>20</sat></trkpt>
  <trkpt lat="10.77642526" lon="106.71738157"><ele>-1.731</ele><time>2025-01-16T12:24:06.999Z</time><speed>6.362</speed><sat>20</sat></trkpt>
  <trkpt lat="10.77637247" lon="106.71734761"><ele>-0.767</ele><time>2025-01-16T12:24:07.999Z</time><speed>6.285</speed><sat>19</sat></trkpt>
  <trkpt lat="10.77632275" lon="106.71731517"><ele>-0.054</ele><time>2025-01-16T12:24:08.999Z</time><speed>6.071</speed><sat>20</sat></trkpt>
  <trkpt lat="10.77627853" lon="106.71728871"><ele>-0.824</ele><time>2025-01-16T12:24:09.999Z</time><speed>5.948</speed><sat>20</sat></trkpt>
  <trkpt lat="10.77623477" lon="106.71725983"><ele>-0.175</ele><time>2025-01-16T12:24:10.999Z</time><speed>5.867</speed><sat>20</sat></trkpt>
  <trkpt lat="10.77618809" lon="106.71722831"><ele>0.443</ele><time>2025-01-16T12:24:11.999Z</time><speed>5.827</speed><sat>20</sat></trkpt>
  <trkpt lat="10.77614528" lon="106.71720066"><ele>0.581</ele><time>2025-01-16T12:24:12.999Z</time><speed>5.704</speed><sat>19</sat></trkpt>
  <trkpt lat="10.77610172" lon="106.71717312"><ele>0.933</ele><time>2025-01-16T12:24:13.999Z</time><speed>5.643</speed><sat>19</sat></trkpt>
  <trkpt lat="10.77606444" lon="106.71714775"><ele>0.629</ele><time>2025-01-16T12:24:14.999Z</time><speed>5.502</speed><sat>19</sat></trkpt>
  <trkpt lat="10.77602633" lon="106.71712215"><ele>-0.049</ele><time>2025-01-16T12:24:15.999Z</time><speed>5.227</speed><sat>17</sat></trkpt>
  <trkpt lat="10.77599130" lon="106.71710120"><ele>-0.971</ele><time>2025-01-16T12:24:16.999Z</time><speed>4.997</speed><sat>17</sat></trkpt>
  <trkpt lat="10.77595697" lon="106.71708059"><ele>-0.178</ele><time>2025-01-16T12:24:17.999Z</time><speed>4.922</speed><sat>18</sat></trkpt>
  <trkpt lat="10.77593008" lon="106.71706259"><ele>0.263</ele><time>2025-01-16T12:24:18.999Z</time><speed>4.431</speed><sat>18</sat></trkpt>
  <trkpt lat="10.77591002" lon="106.71704444"><ele>0.633</ele><time>2025-01-16T12:24:19.999Z</time><speed>3.482</speed><sat>21</sat></trkpt>
  <trkpt lat="10.77590037" lon="106.71701500"><ele>0.519</ele><time>2025-01-16T12:24:20.999Z</time><speed>3.049</speed><sat>19</sat></trkpt>
  <trkpt lat="10.77589149" lon="106.71699041"><ele>1.132</ele><time>2025-01-16T12:24:21.999Z</time><speed>2.861</speed><sat>22</sat></trkpt>
  <trkpt lat="10.77588752" lon="106.71697509"><ele>0.685</ele><time>2025-01-16T12:24:22.999Z</time><speed>2.678</speed><sat>20</sat></trkpt>
  <trkpt lat="10.77588756" lon="106.71695702"><ele>0.788</ele><time>2025-01-16T12:24:23.999Z</time><speed>2.591</speed><sat>20</sat></trkpt>
  <trkpt lat="10.77589098" lon="106.71693955"><ele>1.562</ele><time>2025-01-16T12:24:24.999Z</time><speed>2.324</speed><sat>22</sat></trkpt>
  <trkpt lat="10.77589914" lon="106.71692518"><ele>1.905</ele><time>2025-01-16T12:24:25.999Z</time><speed>2.228</speed><sat>20</sat></trkpt>
  <trkpt lat="10.77591032" lon="106.71690551"><ele>1.732</ele><time>2025-01-16T12:24:26.999Z</time><speed>2.438</speed><sat>21</sat></trkpt>
  <trkpt lat="10.77592966" lon="106.71688914"><ele>1.828</ele><time>2025-01-16T12:24:27.999Z</time><speed>2.643</speed><sat>21</sat></trkpt>
  <trkpt lat="10.77595169" lon="106.71686389"><ele>2.408</ele><time>2025-01-16T12:24:28.999Z</time><speed>3.072</speed><sat>23</sat></trkpt>
  <trkpt lat="10.77597019" lon="106.71683468"><ele>1.932</ele><time>2025-01-16T12:24:29.999Z</time><speed>3.708</speed><sat>21</sat></trkpt>
  <trkpt lat="10.77599113" lon="106.71679890"><ele>0.912</ele><time>2025-01-16T12:24:30.999Z</time><speed>4.242</speed><sat>20</sat></trkpt>
  <trkpt lat="10.77601053" lon="106.71675603"><ele>-0.429</ele><time>2025-01-16T12:24:31.999Z</time><speed>4.664</speed><sat>22</sat></trkpt>
  <trkpt lat="10.77603634" lon="106.71671401"><ele>-0.953</ele><time>2025-01-16T12:24:32.999Z</time><speed>4.692</speed><sat>21</sat></trkpt>
  <trkpt lat="10.77606069" lon="106.71667196"><ele>-0.971</ele><time>2025-01-16T12:24:33.999Z</time><speed>5.028</speed><sat>20</sat></trkpt>
  <trkpt lat="10.77608773" lon="106.71662731"><ele>-0.557</ele><time>2025-01-16T12:24:34.999Z</time><speed>5.395</speed><sat>19</sat></trkpt>
  <trkpt lat="10.77611573" lon="106.71658022"><ele>-0.320</ele><time>2025-01-16T12:24:35.999Z</time><speed>5.987</speed><sat>19</sat></trkpt>
  <trkpt lat="10.77614404" lon="106.71652176"><ele>0.813</ele><time>2025-01-16T12:24:36.999Z</time><speed>6.533</speed><sat>21</sat></trkpt>
  <trkpt lat="10.77617798" lon="106.71646424"><ele>1.008</ele><time>2025-01-16T12:24:37.999Z</time><speed>6.644</speed><sat>22</sat></trkpt>
  <trkpt lat="10.77620685" lon="106.71641010"><ele>1.184</ele><time>2025-01-16T12:24:38.999Z</time><speed>6.698</speed><sat>24</sat></trkpt>
  <trkpt lat="10.77623684" lon="106.71635469"><ele>2.208</ele><time>2025-01-16T12:24:39.999Z</time><speed>6.692</speed><sat>25</sat></trkpt>
  <trkpt lat="10.77626876" lon="106.71630461"><ele>3.040</ele><time>2025-01-16T12:24:40.999Z</time><speed>6.697</speed><sat>26</sat></trkpt>
  <trkpt lat="10.77630369" lon="106.71625127"><ele>3.297</ele><time>2025-01-16T12:24:41.999Z</time><speed>6.801</speed><sat>26</sat></trkpt>
  <trkpt lat="10.77633431" lon="106.71619456"><ele>2.630</ele><time>2025-01-16T12:24:42.999Z</time><speed>6.920</speed><sat>26</sat></trkpt>
  <trkpt lat="10.77636372" lon="106.71613599"><ele>2.111</ele><time>2025-01-16T12:24:43.999Z</time><speed>7.025</speed><sat>26</sat></trkpt>
  <trkpt lat="10.77639104" lon="106.71607912"><ele>1.641</ele><time>2025-01-16T12:24:44.999Z</time><speed>7.217</speed><sat>25</sat></trkpt>
  <trkpt lat="10.77642351" lon="106.71601372"><ele>1.089</ele><time>2025-01-16T12:24:45.999Z</time><speed>7.274</speed><sat>25</sat></trkpt>
  <trkpt lat="10.77645585" lon="106.71595637"><ele>0.541</ele><time>2025-01-16T12:24:46.999Z</time><speed>7.404</speed><sat>24</sat></trkpt>
  <trkpt lat="10.77648755" lon="106.71589842"><ele>-0.063</ele><time>2025-01-16T12:24:47.999Z</time><speed>7.474</speed><sat>19</sat></trkpt>
  <trkpt lat="10.77652146" lon="106.71583632"><ele>0.059</ele><time>2025-01-16T12:24:48.999Z</time><speed>7.459</speed><sat>21</sat></trkpt>
  <trkpt lat="10.77655584" lon="106.71577230"><ele>0.315</ele><time>2025-01-16T12:24:49.999Z</time><speed>7.526</speed><sat>22</sat></trkpt>
  <trkpt lat="10.77658755" lon="106.71571284"><ele>0.714</ele><time>2025-01-16T12:24:50.999Z</time><speed>7.435</speed><sat>21</sat></trkpt>
  <trkpt lat="10.77661781" lon="106.71565107"><ele>1.295</ele><time>2025-01-16T12:24:51.999Z</time><speed>7.410</speed><sat>22</sat></trkpt>
  <trkpt lat="10.77665643" lon="106.71558295"><ele>2.838</ele><time>2025-01-16T12:24:52.999Z</time><speed>7.388</speed><sat>21</sat></trkpt>
  <trkpt lat="10.77669108" lon="106.71551646"><ele>2.767</ele><time>2025-01-16T12:24:53.999Z</time><speed>7.385</speed><sat>21</sat></trkpt>
  <trkpt lat="10.77672390" lon="106.71545271"><ele>2.692</ele><time>2025-01-16T12:24:54.999Z</time><speed>7.405</speed><sat>21</sat></trkpt>
  <trkpt lat="10.77675701" lon="106.71538729"><ele>2.629</ele><time>2025-01-16T12:24:55.999Z</time><speed>7.366</speed><sat>21</sat></trkpt>
  <trkpt lat="10.77678458" lon="106.71532814"><ele>1.953</ele><time>2025-01-16T12:24:56.999Z</time><speed>7.340</speed><sat>23</sat></trkpt>
  <trkpt lat="10.77681602" lon="106.71527117"><ele>2.366</ele><time>2025-01-16T12:24:57.999Z</time><speed>7.320</speed><sat>22</sat></trkpt>
  <trkpt lat="10.77684740" lon="106.71521066"><ele>2.344</ele><time>2025-01-16T12:24:58.999Z</time><speed>7.304</speed><sat>23</sat></trkpt>
  <trkpt lat="10.77687611" lon="106.71515975"><ele>2.258</ele><time>2025-01-16T12:24:59.999Z</time><speed>7.293</speed><sat>24</sat></trkpt>
  <trkpt lat="10.77690825" lon="106.71509886"><ele>2.770</ele><time>2025-01-16T12:25:00.999Z</time><speed>7.247</speed><sat>24</sat></trkpt>
  <trkpt lat="10.77694727" lon="106.71503734"><ele>1.377</ele><time>2025-01-16T12:25:01.999Z</time><speed>7.221</speed><sat>23</sat></trkpt>
  <trkpt lat="10.77697890" lon="106.71498062"><ele>1.294</ele><time>2025-01-16T12:25:02.999Z</time><speed>7.244</speed><sat>23</sat></trkpt>
  <trkpt lat="10.77700987" lon="106.71492743"><ele>1.073</ele><time>2025-01-16T12:25:03.999Z</time><speed>7.246</speed><sat>24</sat></trkpt>
  <trkpt lat="10.77704024" lon="106.71486819"><ele>0.682</ele><time>2025-01-16T12:25:04.999Z</time><speed>7.234</speed><sat>23</sat></trkpt>
  <trkpt lat="10.77707183" lon="106.71480740"><ele>0.553</ele><time>2025-01-16T12:25:05.999Z</time><speed>7.224</speed><sat>22</sat></trkpt>
  <trkpt lat="10.77710311" lon="106.71474826"><ele>0.590</ele><time>2025-01-16T12:25:06.999Z</time><speed>7.372</speed><sat>23</sat></trkpt>
  <trkpt lat="10.77713655" lon="106.71468614"><ele>0.660</ele><time>2025-01-16T12:25:07.999Z</time><speed>7.476</speed><sat>22</sat></trkpt>
  <trkpt lat="10.77717038" lon="106.71462974"><ele>1.256</ele><time>2025-01-16T12:25:08.999Z</time><speed>7.555</speed><sat>21</sat></trkpt>
  <trkpt lat="10.77720592" lon="106.71456860"><ele>2.073</ele><time>2025-01-16T12:25:09.999Z</time><speed>7.693</speed><sat>21</sat></trkpt>
  <trkpt lat="10.77724112" lon="106.71450823"><ele>2.807</ele><time>2025-01-16T12:25:10.999Z</time><speed>7.814</speed><sat>23</sat></trkpt>
  <trkpt lat="10.77727827" lon="106.71444600"><ele>3.561</ele><time>2025-01-16T12:25:11.999Z</time><speed>7.927</speed><sat>23</sat></trkpt>
  <trkpt lat="10.77731095" lon="106.71438905"><ele>3.881</ele><time>2025-01-16T12:25:12.999Z</time><speed>8.061</speed><sat>22</sat></trkpt>
  <trkpt lat="10.77734797" lon="106.71432403"><ele>4.267</ele><time>2025-01-16T12:25:13.999Z</time><speed>8.452</speed><sat>20</sat></trkpt>
  <trkpt lat="10.77738802" lon="106.71424240"><ele>4.426</ele><time>2025-01-16T12:25:14.999Z</time><speed>8.566</speed><sat>22</sat></trkpt>
  <trkpt lat="10.77742617" lon="106.71417928"><ele>4.745</ele><time>2025-01-16T12:25:15.999Z</time><speed>8.384</speed><sat>22</sat></trkpt>
  <trkpt lat="10.77745987" lon="106.71411906"><ele>4.855</ele><time>2025-01-16T12:25:16.999Z</time><speed>8.136</speed><sat>22</sat></trkpt>
  <trkpt lat="10.77749333" lon="106.71405306"><ele>5.146</ele><time>2025-01-16T12:25:17.999Z</time><speed>8.044</speed><sat>20</sat></trkpt>
  <trkpt lat="10.77752757" lon="106.71398606"><ele>5.089</ele><time>2025-01-16T12:25:18.999Z</time><speed>7.849</speed><sat>18</sat></trkpt>
  <trkpt lat="10.77756719" lon="106.71391706"><ele>4.713</ele><time>2025-01-16T12:25:19.999Z</time><speed>7.623</speed><sat>18</sat></trkpt>
  <trkpt lat="10.77760397" lon="106.71385631"><ele>4.921</ele><time>2025-01-16T12:25:20.999Z</time><speed>7.547</speed><sat>15</sat></trkpt>
  <trkpt lat="10.77764079" lon="106.71379610"><ele>5.300</ele><time>2025-01-16T12:25:21.999Z</time><speed>7.560</speed><sat>15</sat></trkpt>
  <trkpt lat="10.77768123" lon="106.71373676"><ele>5.744</ele><time>2025-01-16T12:25:22.999Z</time><speed>7.529</speed><sat>16</sat></trkpt>
  <trkpt lat="10.77772764" lon="106.71367050"><ele>5.155</ele><time>2025-01-16T12:25:23.999Z</time><speed>7.565</speed><sat>17</sat></trkpt>
  <trkpt lat="10.77776790" lon="106.71360581"><ele>4.028</ele><time>2025-01-16T12:25:24.999Z</time><speed>7.452</speed><sat>17</sat></trkpt>
  <trkpt lat="10.77780231" lon="106.71354497"><ele>2.240</ele><time>2025-01-16T12:25:25.999Z</time><speed>7.521</speed><sat>17</sat></trkpt>
  <trkpt lat="10.77783544" lon="106.71348773"><ele>0.690</ele><time>2025-01-16T12:25:26.999Z</time><speed>7.469</speed><sat>17</sat></trkpt>
  <trkpt lat="10.77787408" lon="106.71342916"><ele>-0.716</ele><time>2025-01-16T12:25:27.999Z</time><speed>7.572</speed><sat>18</sat></trkpt>
  <trkpt lat="10.77791210" lon="106.71336790"><ele>-1.480</ele><time>2025-01-16T12:25:28.999Z</time><speed>7.613</speed><sat>20</sat></trkpt>
  <trkpt lat="10.77795221" lon="106.71330318"><ele>-1.666</ele><time>2025-01-16T12:25:29.999Z</time><speed>7.735</speed><sat>24</sat></trkpt>
  <trkpt lat="10.77798789" lon="106.71323285"><ele>-1.470</ele><time>2025-01-16T12:25:30.999Z</time><speed>7.905</speed><sat>25</sat></trkpt>
  <trkpt lat="10.77802115" lon="106.71316457"><ele>-1.131</ele><time>2025-01-16T12:25:31.999Z</time><speed>8.194</speed><sat>26</sat></trkpt>
  <trkpt lat="10.77805466" lon="106.71309491"><ele>-0.993</ele><time>2025-01-16T12:25:32.999Z</time><speed>8.105</speed><sat>22</sat></trkpt>
  <trkpt lat="10.77808613" lon="106.71302503"><ele>-0.949</ele><time>2025-01-16T12:25:33.999Z</time><speed>8.173</speed><sat>23</sat></trkpt>
  <trkpt lat="10.77812273" lon="106.71295465"><ele>-1.341</ele><time>2025-01-16T12:25:34.999Z</time><speed>8.190</speed><sat>22</sat></trkpt>
  <trkpt lat="10.77815959" lon="106.71288664"><ele>-1.560</ele><time>2025-01-16T12:25:35.999Z</time><speed>8.292</speed><sat>20</sat></trkpt>
  <trkpt lat="10.77819778" lon="106.71281760"><ele>-1.536</ele><time>2025-01-16T12:25:36.999Z</time><speed>8.352</speed><sat>19</sat></trkpt>
  <trkpt lat="10.77823509" lon="106.71275080"><ele>-1.229</ele><time>2025-01-16T12:25:37.999Z</time><speed>8.348</speed><sat>20</sat></trkpt>
  <trkpt lat="10.77826784" lon="106.71268136"><ele>0.183</ele><time>2025-01-16T12:25:38.999Z</time><speed>8.305</speed><sat>20</sat></trkpt>
  <trkpt lat="10.77830046" lon="106.71260244"><ele>-0.235</ele><time>2025-01-16T12:25:39.999Z</time><speed>8.345</speed><sat>19</sat></trkpt>
  <trkpt lat="10.77832616" lon="106.71252592"><ele>0.494</ele><time>2025-01-16T12:25:40.999Z</time><speed>8.069</speed><sat>24</sat></trkpt>
  <trkpt lat="10.77835958" lon="106.71246040"><ele>0.925</ele><time>2025-01-16T12:25:41.999Z</time><speed>8.025</speed><sat>22</sat></trkpt>
  <trkpt lat="10.77839523" lon="106.71239304"><ele>1.528</ele><time>2025-01-16T12:25:42.999Z</time><speed>8.249</speed><sat>23</sat></trkpt>
  <trkpt lat="10.77843445" lon="106.71233068"><ele>1.537</ele><time>2025-01-16T12:25:43.999Z</time><speed>8.428</speed><sat>23</sat></trkpt>
  <trkpt lat="10.77846714" lon="106.71226382"><ele>1.454</ele><time>2025-01-16T12:25:44.999Z</time><speed>8.540</speed><sat>25</sat></trkpt>
  <trkpt lat="10.77850101" lon="106.71219407"><ele>1.545</ele><time>2025-01-16T12:25:45.999Z</time><speed>8.707</speed><sat>25</sat></trkpt>
  <trkpt lat="10.77854106" lon="106.71212442"><ele>1.795</ele><time>2025-01-16T12:25:46.999Z</time><speed>8.765</speed><sat>26</sat></trkpt>
  <trkpt lat="10.77858429" lon="106.71205201"><ele>2.157</ele><time>2025-01-16T12:25:47.999Z</time><speed>8.731</speed><sat>25</sat></trkpt>
  <trkpt lat="10.77862476" lon="106.71198470"><ele>2.535</ele><time>2025-01-16T12:25:48.999Z</time><speed>8.611</speed><sat>26</sat></trkpt>
  <trkpt lat="10.77866523" lon="106.71192232"><ele>2.283</ele><time>2025-01-16T12:25:49.999Z</time><speed>8.612</speed><sat>25</sat></trkpt>
  <trkpt lat="10.77870277" lon="106.71184912"><ele>2.655</ele><time>2025-01-16T12:25:50.999Z</time><speed>8.673</speed><sat>25</sat></trkpt>
  <trkpt lat="10.77873767" lon="106.71178193"><ele>3.394</ele><time>2025-01-16T12:25:51.999Z</time><speed>8.473</speed><sat>27</sat></trkpt>
  <trkpt lat="10.77877152" lon="106.71171873"><ele>3.502</ele><time>2025-01-16T12:25:52.999Z</time><speed>8.301</speed><sat>27</sat></trkpt>
  <trkpt lat="10.77880699" lon="106.71165182"><ele>3.583</ele><time>2025-01-16T12:25:53.999Z</time><speed>8.108</speed><sat>26</sat></trkpt>
  <trkpt lat="10.77884034" lon="106.71159014"><ele>3.347</ele><time>2025-01-16T12:25:54.999Z</time><speed>7.986</speed><sat>26</sat></trkpt>
  <trkpt lat="10.77887607" lon="106.71152913"><ele>3.362</ele><time>2025-01-16T12:25:55.999Z</time><speed>7.960</speed><sat>28</sat></trkpt>
  <trkpt lat="10.77891284" lon="106.71146342"><ele>3.545</ele><time>2025-01-16T12:25:56.999Z</time><speed>7.948</speed><sat>28</sat></trkpt>
  <trkpt lat="10.77894839" lon="106.71140053"><ele>3.819</ele><time>2025-01-16T12:25:57.999Z</time><speed>7.990</speed><sat>29</sat></trkpt>
  <trkpt lat="10.77898360" lon="106.71133650"><ele>4.061</ele><time>2025-01-16T12:25:58.999Z</time><speed>7.957</speed><sat>29</sat></trkpt>
  <trkpt lat="10.77901626" lon="106.71127195"><ele>4.152</ele><time>2025-01-16T12:25:59.999Z</time><speed>7.664</speed><sat>29</sat></trkpt>
  <trkpt lat="10.77904758" lon="106.71121373"><ele>4.448</ele><time>2025-01-16T12:26:00.999Z</time><speed>7.520</speed><sat>27</sat></trkpt>
  <trkpt lat="10.77911486" lon="106.71110294"><ele>2.971</ele><time>2025-01-16T12:26:02.999Z</time><speed>7.277</speed><sat>29</sat></trkpt>
  <trkpt lat="10.77914184" lon="106.71104867"><ele>3.269</ele><time>2025-01-16T12:26:03.999Z</time><speed>7.053</speed><sat>28</sat></trkpt>
  <trkpt lat="10.77917209" lon="106.71099548"><ele>4.397</ele><time>2025-01-16T12:26:04.999Z</time><speed>6.956</speed><sat>29</sat></trkpt>
  <trkpt lat="10.77920068" lon="106.71094098"><ele>4.735</ele><time>2025-01-16T12:26:05.999Z</time><speed>6.789</speed><sat>29</sat></trkpt>
  <trkpt lat="10.77923218" lon="106.71088522"><ele>5.216</ele><time>2025-01-16T12:26:06.999Z</time><speed>6.731</speed><sat>29</sat></trkpt>
  <trkpt lat="10.77926198" lon="106.71083025"><ele>5.844</ele><time>2025-01-16T12:26:07.999Z</time><speed>6.761</speed><sat>28</sat></trkpt>
  <trkpt lat="10.77929078" lon="106.71077679"><ele>6.235</ele><time>2025-01-16T12:26:08.999Z</time><speed>6.791</speed><sat>29</sat></trkpt>
  <trkpt lat="10.77931931" lon="106.71072367"><ele>6.733</ele><time>2025-01-16T12:26:09.999Z</time><speed>6.649</speed><sat>29</sat></trkpt>
  <trkpt lat="10.77934776" lon="106.71066996"><ele>7.419</ele><time>2025-01-16T12:26:10.999Z</time><speed>6.697</speed><sat>29</sat></trkpt>
  <trkpt lat="10.77937563" lon="106.71061627"><ele>7.814</ele><time>2025-01-16T12:26:11.999Z</time><speed>6.719</speed><sat>29</sat></trkpt>
  <trkpt lat="10.77940578" lon="106.71056260"><ele>7.915</ele><time>2025-01-16T12:26:12.999Z</time><speed>6.936</speed><sat>28</sat></trkpt>
  <trkpt lat="10.77944056" lon="106.71050149"><ele>8.488</ele><time>2025-01-16T12:26:13.999Z</time><speed>6.813</speed><sat>29</sat></trkpt>
  <trkpt lat="10.77947029" lon="106.71044823"><ele>8.855</ele><time>2025-01-16T12:26:14.999Z</time><speed>6.748</speed><sat>29</sat></trkpt>
  <trkpt lat="10.77949585" lon="106.71039290"><ele>9.327</ele><time>2025-01-16T12:26:15.999Z</time><speed>6.750</speed><sat>29</sat></trkpt>
  <trkpt lat="10.77952544" lon="106.71033778"><ele>10.095</ele><time>2025-01-16T12:26:16.999Z</time><speed>6.783</speed><sat>29</sat></trkpt>
  <trkpt lat="10.77955378" lon="106.71028486"><ele>10.509</ele><time>2025-01-16T12:26:17.999Z</time><speed>6.719</speed><sat>29</sat></trkpt>
  <trkpt lat="10.77958039" lon="106.71023291"><ele>10.648</ele><time>2025-01-16T12:26:18.999Z</time><speed>6.683</speed><sat>29</sat></trkpt>
  <trkpt lat="10.77961016" lon="106.71017895"><ele>10.745</ele><time>2025-01-16T12:26:19.999Z</time><speed>6.692</speed><sat>29</sat></trkpt>
  <trkpt lat="10.77963814" lon="106.71012306"><ele>10.957</ele><time>2025-01-16T12:26:20.999Z</time><speed>6.942</speed><sat>28</sat></trkpt>
  <trkpt lat="10.77967154" lon="106.71006108"><ele>11.540</ele><time>2025-01-16T12:26:21.999Z</time><speed>7.037</speed><sat>28</sat></trkpt>
  <trkpt lat="10.77970454" lon="106.71000154"><ele>11.930</ele><time>2025-01-16T12:26:22.999Z</time><speed>7.097</speed><sat>29</sat></trkpt>
  <trkpt lat="10.77973716" lon="106.70994388"><ele>11.908</ele><time>2025-01-16T12:26:23.999Z</time><speed>7.117</speed><sat>29</sat></trkpt>
  <trkpt lat="10.77976781" lon="106.70989367"><ele>12.000</ele><time>2025-01-16T12:26:24.999Z</time><speed>7.064</speed><sat>29</sat></trkpt>
  <trkpt lat="10.77979896" lon="106.70983582"><ele>12.284</ele><time>2025-01-16T12:26:25.999Z</time><speed>7.226</speed><sat>29</sat></trkpt>
  <trkpt lat="10.77983094" lon="106.70977936"><ele>12.342</ele><time>2025-01-16T12:26:26.999Z</time><speed>7.203</speed><sat>29</sat></trkpt>
  <trkpt lat="10.77986266" lon="106.70971905"><ele>12.820</ele><time>2025-01-16T12:26:27.999Z</time><speed>7.189</speed><sat>29</sat></trkpt>
  <trkpt lat="10.77989169" lon="106.70965872"><ele>13.144</ele><time>2025-01-16T12:26:28.999Z</time><speed>7.061</speed><sat>29</sat></trkpt>
  <trkpt lat="10.77992171" lon="106.70960044"><ele>13.029</ele><time>2025-01-16T12:26:29.999Z</time><speed>7.062</speed><sat>29</sat></trkpt>
  <trkpt lat="10.77995261" lon="106.70954256"><ele>13.111</ele><time>2025-01-16T12:26:30.999Z</time><speed>6.978</speed><sat>29</sat></trkpt>
  <trkpt lat="10.77998344" lon="106.70948571"><ele>12.978</ele><time>2025-01-16T12:26:31.999Z</time><speed>6.867</speed><sat>29</sat></trkpt>
  <trkpt lat="10.78001535" lon="106.70943181"><ele>12.976</ele><time>2025-01-16T12:26:32.999Z</time><speed>6.905</speed><sat>29</sat></trkpt>
  <trkpt lat="10.78004608" lon="106.70937851"><ele>12.803</ele><time>2025-01-16T12:26:33.999Z</time><speed>6.913</speed><sat>29</sat></trkpt>
  <trkpt lat="10.78007674" lon="106.70932298"><ele>13.041</ele><time>2025-01-16T12:26:34.999Z</time><speed>6.941</speed><sat>29</sat></trkpt>
  <trkpt lat="10.78010975" lon="106.70927297"><ele>12.544</ele><time>2025-01-16T12:26:35.999Z</time><speed>6.870</speed><sat>29</sat></trkpt>
  <trkpt lat="10.78014058" lon="106.70921439"><ele>13.207</ele><time>2025-01-16T12:26:36.999Z</time><speed>6.865</speed><sat>28</sat></trkpt>
  <trkpt lat="10.78017371" lon="106.70915553"><ele>13.486</ele><time>2025-01-16T12:26:37.999Z</time><speed>6.931</speed><sat>29</sat></trkpt>
  <trkpt lat="10.78019946" lon="106.70910994"><ele>12.543</ele><time>2025-01-16T12:26:38.999Z</time><speed>6.696</speed><sat>28</sat></trkpt>
  <trkpt lat="10.78022612" lon="106.70905864"><ele>12.265</ele><time>2025-01-16T12:26:39.999Z</time><speed>6.632</speed><sat>28</sat></trkpt>
  <trkpt lat="10.78025464" lon="106.70901026"><ele>12.985</ele><time>2025-01-16T12:26:40.999Z</time><speed>6.412</speed><sat>28</sat></trkpt>
  <trkpt lat="10.78028411" lon="106.70895631"><ele>13.646</ele><time>2025-01-16T12:26:41.999Z</time><speed>6.251</speed><sat>29</sat></trkpt>
  <trkpt lat="10.78031083" lon="106.70890025"><ele>14.058</ele><time>2025-01-16T12:26:42.999Z</time><speed>6.297</speed><sat>28</sat></trkpt>
  <trkpt lat="10.78036365" lon="106.70879447"><ele>13.049</ele><time>2025-01-16T12:26:44.999Z</time><speed>6.503</speed><sat>29</sat></trkpt>
  <trkpt lat="10.78039328" lon="106.70873928"><ele>12.823</ele><time>2025-01-16T12:26:45.999Z</time><speed>6.623</speed><sat>28</sat></trkpt>
  <trkpt lat="10.78042304" lon="106.70868462"><ele>12.588</ele><time>2025-01-16T12:26:46.999Z</time><speed>6.619</speed><sat>27</sat></trkpt>
  <trkpt lat="10.78045334" lon="106.70863131"><ele>12.608</ele><time>2025-01-16T12:26:47.999Z</time><speed>6.750</speed><sat>25</sat></trkpt>
  <trkpt lat="10.78048626" lon="106.70857705"><ele>11.905</ele><time>2025-01-16T12:26:48.999Z</time><speed>6.831</speed><sat>25</sat></trkpt>
  <trkpt lat="10.78051590" lon="106.70852263"><ele>11.789</ele><time>2025-01-16T12:26:49.999Z</time><speed>6.891</speed><sat>26</sat></trkpt>
  <trkpt lat="10.78054552" lon="106.70846718"><ele>11.480</ele><time>2025-01-16T12:26:50.999Z</time><speed>7.008</speed><sat>26</sat></trkpt>
  <trkpt lat="10.78057478" lon="106.70841177"><ele>11.300</ele><time>2025-01-16T12:26:51.999Z</time><speed>6.978</speed><sat>26</sat></trkpt>
  <trkpt lat="10.78060520" lon="106.70835549"><ele>11.225</ele><time>2025-01-16T12:26:52.999Z</time><speed>7.096</speed><sat>25</sat></trkpt>
  <trkpt lat="10.78063793" lon="106.70829903"><ele>10.931</ele><time>2025-01-16T12:26:53.999Z</time><speed>7.140</speed><sat>25</sat></trkpt>
  <trkpt lat="10.78067100" lon="106.70824453"><ele>10.775</ele><time>2025-01-16T12:26:54.999Z</time><speed>7.049</speed><sat>24</sat></trkpt>
  <trkpt lat="10.78070249" lon="106.70819077"><ele>10.707</ele><time>2025-01-16T12:26:55.999Z</time><speed>7.047</speed><sat>24</sat></trkpt>
  <trkpt lat="10.78073492" lon="106.70813586"><ele>10.593</ele><time>2025-01-16T12:26:56.999Z</time><speed>6.879</speed><sat>25</sat></trkpt>
  <trkpt lat="10.78076413" lon="106.70808429"><ele>10.481</ele><time>2025-01-16T12:26:57.999Z</time><speed>6.815</speed><sat>24</sat></trkpt>
  <trkpt lat="10.78079582" lon="106.70803415"><ele>10.861</ele><time>2025-01-16T12:26:58.999Z</time><speed>6.720</speed><sat>23</sat></trkpt>
  <trkpt lat="10.78083371" lon="106.70797667"><ele>10.955</ele><time>2025-01-16T12:26:59.999Z</time><speed>6.771</speed><sat>27</sat></trkpt>
  <trkpt lat="10.78086916" lon="106.70792140"><ele>11.248</ele><time>2025-01-16T12:27:00.999Z</time><speed>6.876</speed><sat>27</sat></trkpt>
  <trkpt lat="10.78090598" lon="106.70786424"><ele>11.206</ele><time>2025-01-16T12:27:01.999Z</time><speed>7.115</speed><sat>24</sat></trkpt>
  <trkpt lat="10.78094379" lon="106.70781097"><ele>11.104</ele><time>2025-01-16T12:27:02.999Z</time><speed>6.931</speed><sat>24</sat></trkpt>
  <trkpt lat="10.78098484" lon="106.70776557"><ele>10.620</ele><time>2025-01-16T12:27:03.999Z</time><speed>6.721</speed><sat>23</sat></trkpt>
  <trkpt lat="10.78102846" lon="106.70772513"><ele>10.370</ele><time>2025-01-16T12:27:04.999Z</time><speed>6.861</speed><sat>25</sat></trkpt>
  <trkpt lat="10.78107612" lon="106.70767773"><ele>9.971</ele><time>2025-01-16T12:27:05.999Z</time><speed>7.249</speed><sat>23</sat></trkpt>
  <trkpt lat="10.78117336" lon="106.70757140"><ele>11.277</ele><time>2025-01-16T12:27:07.999Z</time><speed>7.425</speed><sat>23</sat></trkpt>
  <trkpt lat="10.78121575" lon="106.70752091"><ele>11.307</ele><time>2025-01-16T12:27:08.999Z</time><speed>7.260</speed><sat>23</sat></trkpt>
  <trkpt lat="10.78125990" lon="106.70747249"><ele>11.362</ele><time>2025-01-16T12:27:09.999Z</time><speed>7.208</speed><sat>24</sat></trkpt>
  <trkpt lat="10.78130563" lon="106.70742297"><ele>11.458</ele><time>2025-01-16T12:27:10.999Z</time><speed>7.187</speed><sat>24</sat></trkpt>
  <trkpt lat="10.78135071" lon="106.70737350"><ele>11.300</ele><time>2025-01-16T12:27:11.999Z</time><speed>7.308</speed><sat>22</sat></trkpt>
  <trkpt lat="10.78139487" lon="106.70732301"><ele>11.422</ele><time>2025-01-16T12:27:12.999Z</time><speed>7.369</speed><sat>22</sat></trkpt>
  <trkpt lat="10.78143961" lon="106.70727262"><ele>11.204</ele><time>2025-01-16T12:27:13.999Z</time><speed>7.448</speed><sat>20</sat></trkpt>
  <trkpt lat="10.78148397" lon="106.70722159"><ele>10.639</ele><time>2025-01-16T12:27:14.999Z</time><speed>7.495</speed><sat>23</sat></trkpt>
  <trkpt lat="10.78152915" lon="106.70716910"><ele>10.216</ele><time>2025-01-16T12:27:15.999Z</time><speed>7.646</speed><sat>20</sat></trkpt>
  <trkpt lat="10.78157470" lon="106.70711702"><ele>10.178</ele><time>2025-01-16T12:27:16.999Z</time><speed>7.523</speed><sat>23</sat></trkpt>
  <trkpt lat="10.78162096" lon="106.70706595"><ele>10.170</ele><time>2025-01-16T12:27:17.999Z</time><speed>7.507</speed><sat>22</sat></trkpt>
  <trkpt lat="10.78166749" lon="106.70701648"><ele>10.444</ele><time>2025-01-16T12:27:18.999Z</time><speed>7.413</speed><sat>23</sat></trkpt>
  <trkpt lat="10.78171302" lon="106.70696784"><ele>10.453</ele><time>2025-01-16T12:27:19.999Z</time><speed>7.359</speed><sat>23</sat></trkpt>
  <trkpt lat="10.78175899" lon="106.70692036"><ele>10.502</ele><time>2025-01-16T12:27:20.999Z</time><speed>7.286</speed><sat>25</sat></trkpt>
  <trkpt lat="10.78180442" lon="106.70687075"><ele>10.517</ele><time>2025-01-16T12:27:21.999Z</time><speed>7.260</speed><sat>25</sat></trkpt>
  <trkpt lat="10.78184701" lon="106.70681840"><ele>10.348</ele><time>2025-01-16T12:27:22.999Z</time><speed>7.326</speed><sat>24</sat></trkpt>
  <trkpt lat="10.78189032" lon="106.70676381"><ele>10.628</ele><time>2025-01-16T12:27:23.999Z</time><speed>7.647</speed><sat>24</sat></trkpt>
  <trkpt lat="10.78193695" lon="106.70670790"><ele>10.771</ele><time>2025-01-16T12:27:24.999Z</time><speed>7.821</speed><sat>24</sat></trkpt>
  <trkpt lat="10.78198367" lon="106.70665077"><ele>10.886</ele><time>2025-01-16T12:27:25.999Z</time><speed>7.995</speed><sat>24</sat></trkpt>
  <trkpt lat="10.78203057" lon="106.70659616"><ele>10.963</ele><time>2025-01-16T12:27:26.999Z</time><speed>8.052</speed><sat>24</sat></trkpt>
  <trkpt lat="10.78207794" lon="106.70654119"><ele>10.932</ele><time>2025-01-16T12:27:27.999Z</time><speed>8.117</speed><sat>19</sat></trkpt>
  <trkpt lat="10.78212756" lon="106.70648476"><ele>10.901</ele><time>2025-01-16T12:27:28.999Z</time><speed>8.320</speed><sat>17</sat></trkpt>
  <trkpt lat="10.78217647" lon="106.70643042"><ele>10.905</ele><time>2025-01-16T12:27:29.999Z</time><speed>8.276</speed><sat>19</sat></trkpt>
  <trkpt lat="10.78222454" lon="106.70637575"><ele>10.720</ele><time>2025-01-16T12:27:30.999Z</time><speed>8.112</speed><sat>18</sat></trkpt>
  <trkpt lat="10.78227448" lon="106.70632292"><ele>10.535</ele><time>2025-01-16T12:27:31.999Z</time><speed>8.067</speed><sat>21</sat></trkpt>
  <trkpt lat="10.78232598" lon="106.70627027"><ele>10.509</ele><time>2025-01-16T12:27:32.999Z</time><speed>8.058</speed><sat>23</sat></trkpt>
  <trkpt lat="10.78237620" lon="106.70621698"><ele>10.395</ele><time>2025-01-16T12:27:33.999Z</time><speed>8.012</speed><sat>23</sat></trkpt>
  <trkpt lat="10.78242606" lon="106.70615943"><ele>10.245</ele><time>2025-01-16T12:27:34.999Z</time><speed>8.024</speed><sat>23</sat></trkpt>
  <trkpt lat="10.78247435" lon="106.70609741"><ele>10.169</ele><time>2025-01-16T12:27:35.999Z</time><speed>7.992</speed><sat>25</sat></trkpt>
  <trkpt lat="10.78252051" lon="106.70604369"><ele>10.198</ele><time>2025-01-16T12:27:36.999Z</time><speed>7.770</speed><sat>25</sat></trkpt>
  <trkpt lat="10.78256557" lon="106.70598984"><ele>9.912</ele><time>2025-01-16T12:27:37.999Z</time><speed>7.809</speed><sat>24</sat></trkpt>
  <trkpt lat="10.78261607" lon="106.70593560"><ele>9.792</ele><time>2025-01-16T12:27:38.999Z</time><speed>7.728</speed><sat>23</sat></trkpt>
  <trkpt lat="10.78266251" lon="106.70588296"><ele>9.459</ele><time>2025-01-16T12:27:39.999Z</time><speed>7.722</speed><sat>26</sat></trkpt>
  <trkpt lat="10.78271280" lon="106.70583276"><ele>8.939</ele><time>2025-01-16T12:27:40.999Z</time><speed>7.701</speed><sat>25</sat></trkpt>
  <trkpt lat="10.78275955" lon="106.70578050"><ele>8.688</ele><time>2025-01-16T12:27:41.999Z</time><speed>7.736</speed><sat>24</sat></trkpt>
  <trkpt lat="10.78280782" lon="106.70572814"><ele>8.566</ele><time>2025-01-16T12:27:42.999Z</time><speed>7.833</speed><sat>24</sat></trkpt>
  <trkpt lat="10.78285618" lon="106.70567980"><ele>8.407</ele><time>2025-01-16T12:27:43.999Z</time><speed>7.826</speed><sat>25</sat></trkpt>
  <trkpt lat="10.78290493" lon="106.70562920"><ele>7.999</ele><time>2025-01-16T12:27:44.999Z</time><speed>8.072</speed><sat>25</sat></trkpt>
  <trkpt lat="10.78295401" lon="106.70557792"><ele>7.700</ele><time>2025-01-16T12:27:45.999Z</time><speed>8.137</speed><sat>25</sat></trkpt>
  <trkpt lat="10.78300434" lon="106.70552509"><ele>7.367</ele><time>2025-01-16T12:27:46.999Z</time><speed>8.272</speed><sat>25</sat></trkpt>
  <trkpt lat="10.78305559" lon="106.70547035"><ele>6.945</ele><time>2025-01-16T12:27:47.999Z</time><speed>8.531</speed><sat>21</sat></trkpt>
  <trkpt lat="10.78310835" lon="106.70541572"><ele>6.584</ele><time>2025-01-16T12:27:48.999Z</time><speed>8.697</speed><sat>22</sat></trkpt>
  <trkpt lat="10.78316453" lon="106.70535800"><ele>6.352</ele><time>2025-01-16T12:27:49.999Z</time><speed>8.985</speed><sat>24</sat></trkpt>
  <trkpt lat="10.78322238" lon="106.70529730"><ele>6.214</ele><time>2025-01-16T12:27:50.999Z</time><speed>9.230</speed><sat>24</sat></trkpt>
  <trkpt lat="10.78328185" lon="106.70523247"><ele>6.171</ele><time>2025-01-16T12:27:51.999Z</time><speed>9.295</speed><sat>24</sat></trkpt>
  <trkpt lat="10.78333874" lon="106.70516857"><ele>5.857</ele><time>2025-01-16T12:27:52.999Z</time><speed>9.299</speed><sat>24</sat></trkpt>
  <trkpt lat="10.78339449" lon="106.70510574"><ele>5.603</ele><time>2025-01-16T12:27:53.999Z</time><speed>9.061</speed><sat>25</sat></trkpt>
  <trkpt lat="10.78344981" lon="106.70504361"><ele>5.609</ele><time>2025-01-16T12:27:54.999Z</time><speed>8.933</speed><sat>25</sat></trkpt>
  <trkpt lat="10.78350491" lon="106.70498552"><ele>5.642</ele><time>2025-01-16T12:27:55.999Z</time><speed>8.665</speed><sat>20</sat></trkpt>
  <trkpt lat="10.78355793" lon="106.70492965"><ele>5.678</ele><time>2025-01-16T12:27:56.999Z</time><speed>8.443</speed><sat>23</sat></trkpt>
  <trkpt lat="10.78360850" lon="106.70487609"><ele>5.905</ele><time>2025-01-16T12:27:57.999Z</time><speed>8.089</speed><sat>21</sat></trkpt>
  <trkpt lat="10.78365787" lon="106.70482404"><ele>5.875</ele><time>2025-01-16T12:27:58.999Z</time><speed>7.855</speed><sat>23</sat></trkpt>
  <trkpt lat="10.78370613" lon="106.70477448"><ele>5.979</ele><time>2025-01-16T12:27:59.999Z</time><speed>7.597</speed><sat>23</sat></trkpt>
  <trkpt lat="10.78375228" lon="106.70472504"><ele>6.109</ele><time>2025-01-16T12:28:00.999Z</time><speed>7.479</speed><sat>22</sat></trkpt>
  <trkpt lat="10.78379851" lon="106.70467534"><ele>6.125</ele><time>2025-01-16T12:28:01.999Z</time><speed>7.475</speed><sat>23</sat></trkpt>
  <trkpt lat="10.78384361" lon="106.70462532"><ele>6.010</ele><time>2025-01-16T12:28:02.999Z</time><speed>7.408</speed><sat>23</sat></trkpt>
  <trkpt lat="10.78388922" lon="106.70457523"><ele>6.289</ele><time>2025-01-16T12:28:03.999Z</time><speed>7.437</speed><sat>24</sat></trkpt>
  <trkpt lat="10.78393508" lon="106.70452562"><ele>6.347</ele><time>2025-01-16T12:28:04.999Z</time><speed>7.457</speed><sat>23</sat></trkpt>
  <trkpt lat="10.78398059" lon="106.70447640"><ele>6.366</ele><time>2025-01-16T12:28:05.999Z</time><speed>7.495</speed><sat>22</sat></trkpt>
  <trkpt lat="10.78402705" lon="106.70442806"><ele>6.348</ele><time>2025-01-16T12:28:06.999Z</time><speed>7.557</speed><sat>22</sat></trkpt>
  <trkpt lat="10.78407301" lon="106.70437844"><ele>6.387</ele><time>2025-01-16T12:28:07.999Z</time><speed>7.471</speed><sat>21</sat></trkpt>
  <trkpt lat="10.78411753" lon="106.70432957"><ele>6.475</ele><time>2025-01-16T12:28:08.999Z</time><speed>7.168</speed><sat>22</sat></trkpt>
  <trkpt lat="10.78415677" lon="106.70428722"><ele>6.340</ele><time>2025-01-16T12:28:09.999Z</time><speed>6.758</speed><sat>21</sat></trkpt>
  <trkpt lat="10.78419523" lon="106.70424628"><ele>6.294</ele><time>2025-01-16T12:28:10.999Z</time><speed>6.326</speed><sat>22</sat></trkpt>
  <trkpt lat="10.78423079" lon="106.70420758"><ele>6.283</ele><time>2025-01-16T12:28:11.999Z</time><speed>5.884</speed><sat>22</sat></trkpt>
  <trkpt lat="10.78426694" lon="106.70417168"><ele>6.385</ele><time>2025-01-16T12:28:12.999Z</time><speed>5.589</speed><sat>24</sat></trkpt>
  <trkpt lat="10.78430407" lon="106.70413514"><ele>6.537</ele><time>2025-01-16T12:28:13.999Z</time><speed>5.577</speed><sat>21</sat></trkpt>
  <trkpt lat="10.78434240" lon="106.70409852"><ele>6.623</ele><time>2025-01-16T12:28:14.999Z</time><speed>5.881</speed><sat>24</sat></trkpt>
  <trkpt lat="10.78438341" lon="106.70406011"><ele>6.605</ele><time>2025-01-16T12:28:15.999Z</time><speed>5.959</speed><sat>23</sat></trkpt>
  <trkpt lat="10.78442499" lon="106.70402211"><ele>6.657</ele><time>2025-01-16T12:28:16.999Z</time><speed>6.137</speed><sat>23</sat></trkpt>
  <trkpt lat="10.78446694" lon="106.70398256"><ele>6.614</ele><time>2025-01-16T12:28:17.999Z</time><speed>6.255</speed><sat>22</sat></trkpt>
  <trkpt lat="10.78450727" lon="106.70394333"><ele>6.696</ele><time>2025-01-16T12:28:18.999Z</time><speed>5.960</speed><sat>22</sat></trkpt>
  <trkpt lat="10.78454445" lon="106.70390614"><ele>6.830</ele><time>2025-01-16T12:28:19.999Z</time><speed>5.569</speed><sat>23</sat></trkpt>
  <trkpt lat="10.78457698" lon="106.70387192"><ele>7.109</ele><time>2025-01-16T12:28:20.999Z</time><speed>5.116</speed><sat>24</sat></trkpt>
  <trkpt lat="10.78460638" lon="106.70383975"><ele>7.265</ele><time>2025-01-16T12:28:21.999Z</time><speed>4.940</speed><sat>24</sat></trkpt>
  <trkpt lat="10.78463492" lon="106.70380812"><ele>7.286</ele><time>2025-01-16T12:28:22.999Z</time><speed>4.734</speed><sat>23</sat></trkpt>
  <trkpt lat="10.78466265" lon="106.70377476"><ele>7.168</ele><time>2025-01-16T12:28:23.999Z</time><speed>4.664</speed><sat>22</sat></trkpt>
  <trkpt lat="10.78468927" lon="106.70374080"><ele>7.123</ele><time>2025-01-16T12:28:24.999Z</time><speed>4.618</speed><sat>23</sat></trkpt>
  <trkpt lat="10.78471371" lon="106.70370686"><ele>7.230</ele><time>2025-01-16T12:28:25.999Z</time><speed>4.570</speed><sat>23</sat></trkpt>
  <trkpt lat="10.78473394" lon="106.70367378"><ele>7.317</ele><time>2025-01-16T12:28:26.999Z</time><speed>3.983</speed><sat>26</sat></trkpt>
  <trkpt lat="10.78475215" lon="106.70364435"><ele>7.303</ele><time>2025-01-16T12:28:27.999Z</time><speed>3.545</speed><sat>23</sat></trkpt>
  <trkpt lat="10.78476697" lon="106.70361894"><ele>7.310</ele><time>2025-01-16T12:28:28.999Z</time><speed>3.138</speed><sat>25</sat></trkpt>
  <trkpt lat="10.78478085" lon="106.70359583"><ele>7.352</ele><time>2025-01-16T12:28:29.999Z</time><speed>2.750</speed><sat>25</sat></trkpt>
  <trkpt lat="10.78479386" lon="106.70357708"><ele>7.347</ele><time>2025-01-16T12:28:30.999Z</time><speed>2.378</speed><sat>26</sat></trkpt>
  <trkpt lat="10.78480401" lon="106.70356289"><ele>7.518</ele><time>2025-01-16T12:28:31.999Z</time><speed>1.658</speed><sat>25</sat></trkpt>
  <trkpt lat="10.78481116" lon="106.70355274"><ele>7.568</ele><time>2025-01-16T12:28:32.999Z</time><speed>1.367</speed><sat>24</sat></trkpt>
  <trkpt lat="10.78481630" lon="106.70354442"><ele>7.754</ele><time>2025-01-16T12:28:33.999Z</time><speed>1.014</speed><sat>24</sat></trkpt>
  <trkpt lat="10.78482194" lon="106.70353613"><ele>7.959</ele><time>2025-01-16T12:28:34.999Z</time><speed>1.068</speed><sat>24</sat></trkpt>
  <trkpt lat="10.78483007" lon="106.70352486"><ele>8.074</ele><time>2025-01-16T12:28:35.999Z</time><speed>1.467</speed><sat>24</sat></trkpt>
  <trkpt lat="10.78483991" lon="106.70350951"><ele>8.162</ele><time>2025-01-16T12:28:36.999Z</time><speed>2.059</speed><sat>24</sat></trkpt>
  <trkpt lat="10.78485132" lon="106.70349260"><ele>8.150</ele><time>2025-01-16T12:28:37.999Z</time><speed>2.245</speed><sat>23</sat></trkpt>
  <trkpt lat="10.78486495" lon="106.70347285"><ele>8.250</ele><time>2025-01-16T12:28:38.999Z</time><speed>2.646</speed><sat>23</sat></trkpt>
  <trkpt lat="10.78488083" lon="106.70344968"><ele>8.399</ele><time>2025-01-16T12:28:39.999Z</time><speed>3.142</speed><sat>23</sat></trkpt>
  <trkpt lat="10.78489810" lon="106.70342447"><ele>8.448</ele><time>2025-01-16T12:28:40.999Z</time><speed>3.380</speed><sat>22</sat></trkpt>
  <trkpt lat="10.78491610" lon="106.70339944"><ele>8.554</ele><time>2025-01-16T12:28:41.999Z</time><speed>3.376</speed><sat>22</sat></trkpt>
  <trkpt lat="10.78493424" lon="106.70337535"><ele>8.620</ele><time>2025-01-16T12:28:42.999Z</time><speed>3.293</speed><sat>23</sat></trkpt>
  <trkpt lat="10.78495297" lon="106.70335395"><ele>8.681</ele><time>2025-01-16T12:28:43.999Z</time><speed>3.057</speed><sat>25</sat></trkpt>
  <trkpt lat="10.78497029" lon="106.70333361"><ele>8.792</ele><time>2025-01-16T12:28:44.999Z</time><speed>2.917</speed><sat>25</sat></trkpt>
  <trkpt lat="10.78498848" lon="106.70331436"><ele>8.717</ele><time>2025-01-16T12:28:45.999Z</time><speed>2.873</speed><sat>24</sat></trkpt>
  <trkpt lat="10.78500660" lon="106.70329625"><ele>8.549</ele><time>2025-01-16T12:28:46.999Z</time><speed>2.919</speed><sat>25</sat></trkpt>
  <trkpt lat="10.78502576" lon="106.70327736"><ele>8.620</ele><time>2025-01-16T12:28:47.999Z</time><speed>3.191</speed><sat>27</sat></trkpt>
  <trkpt lat="10.78504411" lon="106.70325844"><ele>8.447</ele><time>2025-01-16T12:28:48.999Z</time><speed>3.552</speed><sat>25</sat></trkpt>
  <trkpt lat="10.78506538" lon="106.70323613"><ele>8.509</ele><time>2025-01-16T12:28:49.999Z</time><speed>3.467</speed><sat>26</sat></trkpt>
  <trkpt lat="10.78508967" lon="106.70321145"><ele>8.383</ele><time>2025-01-16T12:28:50.999Z</time><speed>3.581</speed><sat>26</sat></trkpt>
  <trkpt lat="10.78510884" lon="106.70318459"><ele>8.128</ele><time>2025-01-16T12:28:51.999Z</time><speed>3.419</speed><sat>27</sat></trkpt>
  <trkpt lat="10.78512457" lon="106.70315556"><ele>8.129</ele><time>2025-01-16T12:28:52.999Z</time><speed>3.568</speed><sat>27</sat></trkpt>
  <trkpt lat="10.78513650" lon="106.70312718"><ele>8.112</ele><time>2025-01-16T12:28:53.999Z</time><speed>3.348</speed><sat>26</sat></trkpt>
  <trkpt lat="10.78514652" lon="106.70309904"><ele>8.057</ele><time>2025-01-16T12:28:54.999Z</time><speed>3.195</speed><sat>29</sat></trkpt>
  <trkpt lat="10.78515147" lon="106.70306733"><ele>7.978</ele><time>2025-01-16T12:28:55.999Z</time><speed>3.674</speed><sat>28</sat></trkpt>
  <trkpt lat="10.78514963" lon="106.70303003"><ele>7.840</ele><time>2025-01-16T12:28:56.999Z</time><speed>4.353</speed><sat>29</sat></trkpt>
  <trkpt lat="10.78514391" lon="106.70298874"><ele>7.778</ele><time>2025-01-16T12:28:57.999Z</time><speed>4.696</speed><sat>28</sat></trkpt>
  <trkpt lat="10.78512623" lon="106.70295024"><ele>7.646</ele><time>2025-01-16T12:28:58.999Z</time><speed>4.905</speed><sat>26</sat></trkpt>
  <trkpt lat="10.78509497" lon="106.70291168"><ele>7.337</ele><time>2025-01-16T12:28:59.999Z</time><speed>5.518</speed><sat>24</sat></trkpt>
  <trkpt lat="10.78505767" lon="106.70287448"><ele>7.271</ele><time>2025-01-16T12:29:00.999Z</time><speed>5.862</speed><sat>24</sat></trkpt>
  <trkpt lat="10.78501450" lon="106.70283531"><ele>7.383</ele><time>2025-01-16T12:29:01.999Z</time><speed>6.344</speed><sat>24</sat></trkpt>
  <trkpt lat="10.78496911" lon="106.70279460"><ele>7.482</ele><time>2025-01-16T12:29:02.999Z</time><speed>6.647</speed><sat>26</sat></trkpt>
  <trkpt lat="10.78492199" lon="106.70275579"><ele>7.464</ele><time>2025-01-16T12:29:03.999Z</time><speed>6.871</speed><sat>25</sat></trkpt>
  <trkpt lat="10.78487387" lon="106.70271451"><ele>7.767</ele><time>2025-01-16T12:29:04.999Z</time><speed>7.227</speed><sat>27</sat></trkpt>
  <trkpt lat="10.78482374" lon="106.70266966"><ele>7.664</ele><time>2025-01-16T12:29:05.999Z</time><speed>7.383</speed><sat>25</sat></trkpt>
  <trkpt lat="10.78477295" lon="106.70262540"><ele>7.617</ele><time>2025-01-16T12:29:06.999Z</time><speed>7.208</speed><sat>25</sat></trkpt>
  <trkpt lat="10.78472125" lon="106.70257826"><ele>7.893</ele><time>2025-01-16T12:29:07.999Z</time><speed>7.465</speed><sat>24</sat></trkpt>
  <trkpt lat="10.78466806" lon="106.70253048"><ele>8.180</ele><time>2025-01-16T12:29:08.999Z</time><speed>7.492</speed><sat>23</sat></trkpt>
  <trkpt lat="10.78461693" lon="106.70248465"><ele>8.239</ele><time>2025-01-16T12:29:09.999Z</time><speed>7.412</speed><sat>24</sat></trkpt>
  <trkpt lat="10.78456685" lon="106.70243669"><ele>8.525</ele><time>2025-01-16T12:29:10.999Z</time><speed>7.543</speed><sat>23</sat></trkpt>
  <trkpt lat="10.78451760" lon="106.70239266"><ele>8.614</ele><time>2025-01-16T12:29:11.999Z</time><speed>7.385</speed><sat>25</sat></trkpt>
  <trkpt lat="10.78446993" lon="106.70234597"><ele>8.607</ele><time>2025-01-16T12:29:12.999Z</time><speed>7.447</speed><sat>24</sat></trkpt>
  <trkpt lat="10.78442264" lon="106.70230037"><ele>8.578</ele><time>2025-01-16T12:29:13.999Z</time><speed>7.197</speed><sat>23</sat></trkpt>
  <trkpt lat="10.78437717" lon="106.70225731"><ele>8.352</ele><time>2025-01-16T12:29:14.999Z</time><speed>6.826</speed><sat>25</sat></trkpt>
  <trkpt lat="10.78433300" lon="106.70221549"><ele>8.327</ele><time>2025-01-16T12:29:15.999Z</time><speed>6.598</speed><sat>25</sat></trkpt>
  <trkpt lat="10.78428865" lon="106.70217344"><ele>8.321</ele><time>2025-01-16T12:29:16.999Z</time><speed>6.632</speed><sat>24</sat></trkpt>
  <trkpt lat="10.78424625" lon="106.70213265"><ele>8.379</ele><time>2025-01-16T12:29:17.999Z</time><speed>6.385</speed><sat>23</sat></trkpt>
  <trkpt lat="10.78420110" lon="106.70209069"><ele>8.327</ele><time>2025-01-16T12:29:18.999Z</time><speed>6.269</speed><sat>24</sat></trkpt>
  <trkpt lat="10.78415837" lon="106.70205028"><ele>8.372</ele><time>2025-01-16T12:29:19.999Z</time><speed>6.203</speed><sat>22</sat></trkpt>
  <trkpt lat="10.78411723" lon="106.70201046"><ele>8.610</ele><time>2025-01-16T12:29:20.999Z</time><speed>6.182</speed><sat>24</sat></trkpt>
  <trkpt lat="10.78407558" lon="106.70197044"><ele>8.654</ele><time>2025-01-16T12:29:21.999Z</time><speed>6.137</speed><sat>21</sat></trkpt>
  <trkpt lat="10.78403898" lon="106.70193294"><ele>9.171</ele><time>2025-01-16T12:29:22.999Z</time><speed>5.672</speed><sat>22</sat></trkpt>
  <trkpt lat="10.78400060" lon="106.70189483"><ele>9.371</ele><time>2025-01-16T12:29:23.999Z</time><speed>5.935</speed><sat>20</sat></trkpt>
  <trkpt lat="10.78396382" lon="106.70185650"><ele>9.491</ele><time>2025-01-16T12:29:24.999Z</time><speed>5.970</speed><sat>23</sat></trkpt>
  <trkpt lat="10.78392464" lon="106.70181814"><ele>9.348</ele><time>2025-01-16T12:29:25.999Z</time><speed>6.056</speed><sat>23</sat></trkpt>
  <trkpt lat="10.78388433" lon="106.70177765"><ele>9.229</ele><time>2025-01-16T12:29:26.999Z</time><speed>6.138</speed><sat>24</sat></trkpt>
  <trkpt lat="10.78384184" lon="106.70173638"><ele>9.063</ele><time>2025-01-16T12:29:27.999Z</time><speed>6.319</speed><sat>21</sat></trkpt>
  <trkpt lat="10.78379995" lon="106.70169670"><ele>8.727</ele><time>2025-01-16T12:29:28.999Z</time><speed>6.030</speed><sat>22</sat></trkpt>
  <trkpt lat="10.78375990" lon="106.70165911"><ele>8.740</ele><time>2025-01-16T12:29:29.999Z</time><speed>5.714</speed><sat>23</sat></trkpt>
  <trkpt lat="10.78372469" lon="106.70162618"><ele>8.602</ele><time>2025-01-16T12:29:30.999Z</time><speed>5.211</speed><sat>23</sat></trkpt>
  <trkpt lat="10.78369407" lon="106.70159919"><ele>8.336</ele><time>2025-01-16T12:29:31.999Z</time><speed>4.385</speed><sat>23</sat></trkpt>
  <trkpt lat="10.78367029" lon="106.70157594"><ele>8.250</ele><time>2025-01-16T12:29:32.999Z</time><speed>3.662</speed><sat>23</sat></trkpt>
  <trkpt lat="10.78365048" lon="106.70155491"><ele>8.285</ele><time>2025-01-16T12:29:33.999Z</time><speed>2.986</speed><sat>24</sat></trkpt>
  <trkpt lat="10.78363265" lon="106.70153421"><ele>8.188</ele><time>2025-01-16T12:29:34.999Z</time><speed>2.584</speed><sat>24</sat></trkpt>
  <trkpt lat="10.78361717" lon="106.70151702"><ele>8.227</ele><time>2025-01-16T12:29:35.999Z</time><speed>2.328</speed><sat>25</sat></trkpt>
  <trkpt lat="10.78360575" lon="106.70150647"><ele>8.364</ele><time>2025-01-16T12:29:36.999Z</time><speed>2.209</speed><sat>23</sat></trkpt>
  <trkpt lat="10.78359458" lon="106.70149685"><ele>8.323</ele><time>2025-01-16T12:29:37.999Z</time><speed>1.797</speed><sat>24</sat></trkpt>
  <trkpt lat="10.78358309" lon="106.70148984"><ele>8.335</ele><time>2025-01-16T12:29:38.999Z</time><speed>1.515</speed><sat>25</sat></trkpt>
  <trkpt lat="10.78357476" lon="106.70148087"><ele>8.210</ele><time>2025-01-16T12:29:39.999Z</time><speed>0.906</speed><sat>26</sat></trkpt>
  <trkpt lat="10.78356882" lon="106.70147456"><ele>8.375</ele><time>2025-01-16T12:29:40.999Z</time><speed>0.951</speed><sat>25</sat></trkpt>
  <trkpt lat="10.78356164" lon="106.70146747"><ele>8.446</ele><time>2025-01-16T12:29:41.999Z</time><speed>1.045</speed><sat>26</sat></trkpt>
  <trkpt lat="10.78354959" lon="106.70145682"><ele>8.500</ele><time>2025-01-16T12:29:42.999Z</time><speed>1.650</speed><sat>23</sat></trkpt>
  <trkpt lat="10.78353289" lon="106.70144085"><ele>8.538</ele><time>2025-01-16T12:29:43.999Z</time><speed>2.499</speed><sat>23</sat></trkpt>
  <trkpt lat="10.78351360" lon="106.70142213"><ele>8.603</ele><time>2025-01-16T12:29:44.999Z</time><speed>3.029</speed><sat>23</sat></trkpt>
  <trkpt lat="10.78349136" lon="106.70140086"><ele>8.657</ele><time>2025-01-16T12:29:45.999Z</time><speed>3.462</speed><sat>25</sat></trkpt>
  <trkpt lat="10.78346828" lon="106.70137985"><ele>8.615</ele><time>2025-01-16T12:29:46.999Z</time><speed>3.566</speed><sat>24</sat></trkpt>
  <trkpt lat="10.78344362" lon="106.70135679"><ele>8.685</ele><time>2025-01-16T12:29:47.999Z</time><speed>3.655</speed><sat>24</sat></trkpt>
  <trkpt lat="10.78341873" lon="106.70133388"><ele>8.650</ele><time>2025-01-16T12:29:48.999Z</time><speed>3.758</speed><sat>24</sat></trkpt>
  <trkpt lat="10.78339323" lon="106.70131103"><ele>8.662</ele><time>2025-01-16T12:29:49.999Z</time><speed>3.743</speed><sat>24</sat></trkpt>
  <trkpt lat="10.78336782" lon="106.70128629"><ele>8.433</ele><time>2025-01-16T12:29:50.999Z</time><speed>3.791</speed><sat>20</sat></trkpt>
  <trkpt lat="10.78334111" lon="106.70126224"><ele>8.370</ele><time>2025-01-16T12:29:51.999Z</time><speed>3.834</speed><sat>24</sat></trkpt>
  <trkpt lat="10.78331569" lon="106.70123895"><ele>8.536</ele><time>2025-01-16T12:29:52.999Z</time><speed>3.881</speed><sat>24</sat></trkpt>
  <trkpt lat="10.78328963" lon="106.70121553"><ele>8.676</ele><time>2025-01-16T12:29:53.999Z</time><speed>3.970</speed><sat>25</sat></trkpt>
  <trkpt lat="10.78326338" lon="106.70119181"><ele>8.729</ele><time>2025-01-16T12:29:54.999Z</time><speed>3.919</speed><sat>23</sat></trkpt>
  <trkpt lat="10.78323845" lon="106.70116784"><ele>8.877</ele><time>2025-01-16T12:29:55.999Z</time><speed>4.046</speed><sat>22</sat></trkpt>
  <trkpt lat="10.78321171" lon="106.70114273"><ele>8.947</ele><time>2025-01-16T12:29:56.999Z</time><speed>3.953</speed><sat>23</sat></trkpt>
  <trkpt lat="10.78318487" lon="106.70111769"><ele>8.825</ele><time>2025-01-16T12:29:57.999Z</time><speed>3.918</speed><sat>23</sat></trkpt>
  <trkpt lat="10.78315760" lon="106.70109196"><ele>8.667</ele><time>2025-01-16T12:29:58.999Z</time><speed>4.032</speed><sat>22</sat></trkpt>
  <trkpt lat="10.78312906" lon="106.70106485"><ele>8.648</ele><time>2025-01-16T12:29:59.999Z</time><speed>4.247</speed><sat>22</sat></trkpt>
  <trkpt lat="10.78310311" lon="106.70103876"><ele>8.584</ele><time>2025-01-16T12:30:00.999Z</time><speed>4.464</speed><sat>23</sat></trkpt>
  <trkpt lat="10.78307242" lon="106.70101091"><ele>8.438</ele><time>2025-01-16T12:30:01.999Z</time><speed>5.006</speed><sat>21</sat></trkpt>
  <trkpt lat="10.78303550" lon="106.70097870"><ele>8.334</ele><time>2025-01-16T12:30:02.999Z</time><speed>5.577</speed><sat>18</sat></trkpt>
  <trkpt lat="10.78299628" lon="106.70094282"><ele>8.455</ele><time>2025-01-16T12:30:03.999Z</time><speed>6.009</speed><sat>16</sat></trkpt>
  <trkpt lat="10.78295539" lon="106.70090462"><ele>8.326</ele><time>2025-01-16T12:30:04.999Z</time><speed>6.136</speed><sat>17</sat></trkpt>
  <trkpt lat="10.78291438" lon="106.70086443"><ele>8.249</ele><time>2025-01-16T12:30:05.999Z</time><speed>6.037</speed><sat>18</sat></trkpt>
  <trkpt lat="10.78287483" lon="106.70082810"><ele>8.154</ele><time>2025-01-16T12:30:06.999Z</time><speed>6.194</speed><sat>17</sat></trkpt>
  <trkpt lat="10.78283287" lon="106.70079026"><ele>8.248</ele><time>2025-01-16T12:30:07.999Z</time><speed>6.027</speed><sat>15</sat></trkpt>
  <trkpt lat="10.78279184" lon="106.70075110"><ele>8.145</ele><time>2025-01-16T12:30:08.999Z</time><speed>5.844</speed><sat>17</sat></trkpt>
  <trkpt lat="10.78275259" lon="106.70071509"><ele>8.100</ele><time>2025-01-16T12:30:09.999Z</time><speed>5.452</speed><sat>14</sat></trkpt>
  <trkpt lat="10.78271314" lon="106.70067822"><ele>7.949</ele><time>2025-01-16T12:30:10.999Z</time><speed>5.763</speed><sat>14</sat></trkpt>
  <trkpt lat="10.78267212" lon="106.70064055"><ele>7.816</ele><time>2025-01-16T12:30:11.999Z</time><speed>5.473</speed><sat>17</sat></trkpt>
  <trkpt lat="10.78263459" lon="106.70060324"><ele>8.097</ele><time>2025-01-16T12:30:12.999Z</time><speed>5.483</speed><sat>19</sat></trkpt>
  <trkpt lat="10.78259946" lon="106.70056558"><ele>8.203</ele><time>2025-01-16T12:30:13.999Z</time><speed>4.940</speed><sat>19</sat></trkpt>
  <trkpt lat="10.78257369" lon="106.70053512"><ele>8.108</ele><time>2025-01-16T12:30:14.999Z</time><speed>4.157</speed><sat>19</sat></trkpt>
  <trkpt lat="10.78255450" lon="106.70051280"><ele>7.916</ele><time>2025-01-16T12:30:15.999Z</time><speed>3.544</speed><sat>18</sat></trkpt>
  <trkpt lat="10.78253267" lon="106.70049517"><ele>7.782</ele><time>2025-01-16T12:30:16.999Z</time><speed>2.913</speed><sat>17</sat></trkpt>
  <trkpt lat="10.78251603" lon="106.70048100"><ele>7.864</ele><time>2025-01-16T12:30:17.999Z</time><speed>2.617</speed><sat>20</sat></trkpt>
  <trkpt lat="10.78249774" lon="106.70046365"><ele>8.053</ele><time>2025-01-16T12:30:18.999Z</time><speed>2.635</speed><sat>20</sat></trkpt>
  <trkpt lat="10.78247990" lon="106.70044682"><ele>8.174</ele><time>2025-01-16T12:30:19.999Z</time><speed>2.744</speed><sat>21</sat></trkpt>
  <trkpt lat="10.78245880" lon="106.70042670"><ele>8.055</ele><time>2025-01-16T12:30:20.999Z</time><speed>3.019</speed><sat>22</sat></trkpt>
  <trkpt lat="10.78243552" lon="106.70040523"><ele>7.857</ele><time>2025-01-16T12:30:21.999Z</time><speed>3.300</speed><sat>22</sat></trkpt>
  <trkpt lat="10.78241196" lon="106.70038250"><ele>7.705</ele><time>2025-01-16T12:30:22.999Z</time><speed>3.501</speed><sat>22</sat></trkpt>
  <trkpt lat="10.78238667" lon="106.70036095"><ele>7.277</ele><time>2025-01-16T12:30:23.999Z</time><speed>3.603</speed><sat>20</sat></trkpt>
  <trkpt lat="10.78236248" lon="106.70033955"><ele>7.159</ele><time>2025-01-16T12:30:24.999Z</time><speed>3.501</speed><sat>23</sat></trkpt>
  <trkpt lat="10.78233955" lon="106.70031910"><ele>6.972</ele><time>2025-01-16T12:30:25.999Z</time><speed>3.313</speed><sat>21</sat></trkpt>
  <trkpt lat="10.78231831" lon="106.70030107"><ele>6.940</ele><time>2025-01-16T12:30:26.999Z</time><speed>2.947</speed><sat>21</sat></trkpt>
  <trkpt lat="10.78230034" lon="106.70028582"><ele>6.947</ele><time>2025-01-16T12:30:27.999Z</time><speed>2.403</speed><sat>23</sat></trkpt>
  <trkpt lat="10.78228689" lon="106.70027412"><ele>6.887</ele><time>2025-01-16T12:30:28.999Z</time><speed>1.954</speed><sat>22</sat></trkpt>
  <trkpt lat="10.78227523" lon="106.70026345"><ele>6.867</ele><time>2025-01-16T12:30:29.999Z</time><speed>1.687</speed><sat>23</sat></trkpt>
  <trkpt lat="10.78226322" lon="106.70025317"><ele>6.776</ele><time>2025-01-16T12:30:30.999Z</time><speed>1.639</speed><sat>23</sat></trkpt>
  <trkpt lat="10.78225187" lon="106.70024202"><ele>6.623</ele><time>2025-01-16T12:30:31.999Z</time><speed>1.651</speed><sat>22</sat></trkpt>
  <trkpt lat="10.78224250" lon="106.70023280"><ele>6.289</ele><time>2025-01-16T12:30:32.999Z</time><speed>1.421</speed><sat>22</sat></trkpt>
  <trkpt lat="10.78223095" lon="106.70022109"><ele>6.183</ele><time>2025-01-16T12:30:33.999Z</time><speed>1.793</speed><sat>20</sat></trkpt>
  <trkpt lat="10.78221905" lon="106.70020868"><ele>6.138</ele><time>2025-01-16T12:30:34.999Z</time><speed>1.858</speed><sat>20</sat></trkpt>
  <trkpt lat="10.78220178" lon="106.70019261"><ele>6.260</ele><time>2025-01-16T12:30:35.999Z</time><speed>2.385</speed><sat>19</sat></trkpt>
  <trkpt lat="10.78218659" lon="106.70017849"><ele>6.409</ele><time>2025-01-16T12:30:36.999Z</time><speed>2.663</speed><sat>20</sat></trkpt>
  <trkpt lat="10.78217101" lon="106.70016043"><ele>6.297</ele><time>2025-01-16T12:30:37.999Z</time><speed>2.458</speed><sat>20</sat></trkpt>
  <trkpt lat="10.78215725" lon="106.70014569"><ele>6.494</ele><time>2025-01-16T12:30:38.999Z</time><speed>1.959</speed><sat>17</sat></trkpt>
  <trkpt lat="10.78214380" lon="106.70013330"><ele>6.530</ele><time>2025-01-16T12:30:39.999Z</time><speed>1.378</speed><sat>19</sat></trkpt>
  <trkpt lat="10.78213211" lon="106.70012457"><ele>6.659</ele><time>2025-01-16T12:30:40.999Z</time><speed>1.025</speed><sat>18</sat></trkpt>
  <trkpt lat="10.78212465" lon="106.70011910"><ele>6.852</ele><time>2025-01-16T12:30:41.999Z</time><speed>0.747</speed><sat>19</sat></trkpt>
  <trkpt lat="10.78212174" lon="106.70011915"><ele>6.925</ele><time>2025-01-16T12:30:42.999Z</time><speed>0.461</speed><sat>20</sat></trkpt>
  <trkpt lat="10.78211778" lon="106.70011383"><ele>7.002</ele><time>2025-01-16T12:30:43.999Z</time><speed>0.000</speed><sat>19</sat></trkpt>
  <trkpt lat="10.78211778" lon="106.70011383"><ele>7.092</ele><time>2025-01-16T12:30:44.999Z</time><speed>0.000</speed><sat>19</sat></trkpt>
  <trkpt lat="10.78211778" lon="106.70011383"><ele>7.208</ele><time>2025-01-16T12:30:45.999Z</time><speed>0.000</speed><sat>15</sat></trkpt>
  <trkpt lat="10.78211778" lon="106.70011383"><ele>7.308</ele><time>2025-01-16T12:30:46.999Z</time><speed>0.000</speed><sat>18</sat></trkpt>
  <trkpt lat="10.78211778" lon="106.70011383"><ele>7.337</ele><time>2025-01-16T12:30:47.999Z</time><speed>0.000</speed><sat>17</sat></trkpt>
  <trkpt lat="10.78211778" lon="106.70011383"><ele>7.654</ele><time>2025-01-16T12:30:48.999Z</time><speed>0.000</speed><sat>19</sat></trkpt>
  <trkpt lat="10.78211778" lon="106.70011383"><ele>7.672</ele><time>2025-01-16T12:30:49.999Z</time><speed>0.000</speed><sat>20</sat></trkpt>
  <trkpt lat="10.78211778" lon="106.70011383"><ele>7.771</ele><time>2025-01-16T12:30:50.999Z</time><speed>0.000</speed><sat>21</sat></trkpt>
  <trkpt lat="10.78211778" lon="106.70011383"><ele>7.706</ele><time>2025-01-16T12:30:51.999Z</time><speed>0.000</speed><sat>21</sat></trkpt>
  <trkpt lat="10.78211778" lon="106.70011383"><ele>7.704</ele><time>2025-01-16T12:30:52.999Z</time><speed>0.000</speed><sat>21</sat></trkpt>
  <trkpt lat="10.78211778" lon="106.70011383"><ele>7.566</ele><time>2025-01-16T12:30:53.999Z</time><speed>0.000</speed><sat>21</sat></trkpt>
  <trkpt lat="10.78211778" lon="106.70011383"><ele>7.388</ele><time>2025-01-16T12:30:54.999Z</time><speed>0.000</speed><sat>21</sat></trkpt>
  <trkpt lat="10.78211778" lon="106.70011383"><ele>7.107</ele><time>2025-01-16T12:30:55.999Z</time><speed>0.000</speed><sat>20</sat></trkpt>
  <trkpt lat="10.78211778" lon="106.70011383"><ele>7.068</ele><time>2025-01-16T12:30:56.999Z</time><speed>0.000</speed><sat>20</sat></trkpt>
  <trkpt lat="10.78211778" lon="106.70011383"><ele>6.979</ele><time>2025-01-16T12:30:57.999Z</time><speed>0.000</speed><sat>17</sat></trkpt>
  <trkpt lat="10.78211778" lon="106.70011383"><ele>7.089</ele><time>2025-01-16T12:30:58.999Z</time><speed>0.000</speed><sat>18</sat></trkpt>
  <trkpt lat="10.78211778" lon="106.70011383"><ele>7.054</ele><time>2025-01-16T12:30:59.999Z</time><speed>0.000</speed><sat>18</sat></trkpt>
  <trkpt lat="10.78211778" lon="106.70011383"><ele>7.085</ele><time>2025-01-16T12:31:00.999Z</time><speed>0.000</speed><sat>19</sat></trkpt>
  <trkpt lat="10.78211778" lon="106.70011383"><ele>7.030</ele><time>2025-01-16T12:31:01.999Z</time><speed>0.000</speed><sat>18</sat></trkpt>
  <trkpt lat="10.78211778" lon="106.70011383"><ele>7.034</ele><time>2025-01-16T12:31:02.999Z</time><speed>0.000</speed><sat>21</sat></trkpt>
  <trkpt lat="10.78211778" lon="106.70011383"><ele>7.228</ele><time>2025-01-16T12:31:03.999Z</time><speed>0.000</speed><sat>21</sat></trkpt>
  <trkpt lat="10.78211778" lon="106.70011383"><ele>7.470</ele><time>2025-01-16T12:31:04.999Z</time><speed>0.000</speed><sat>19</sat></trkpt>
  <trkpt lat="10.78211778" lon="106.70011383"><ele>7.352</ele><time>2025-01-16T12:31:05.999Z</time><speed>0.000</speed><sat>18</sat></trkpt>
  <trkpt lat="10.78211778" lon="106.70011383"><ele>7.313</ele><time>2025-01-16T12:31:06.999Z</time><speed>0.000</speed><sat>19</sat></trkpt>
  <trkpt lat="10.78211778" lon="106.70011383"><ele>7.336</ele><time>2025-01-16T12:31:07.999Z</time><speed>0.000</speed><sat>20</sat></trkpt>
  <trkpt lat="10.78211778" lon="106.70011383"><ele>7.373</ele><time>2025-01-16T12:31:08.999Z</time><speed>0.000</speed><sat>19</sat></trkpt>
  <trkpt lat="10.78211778" lon="106.70011383"><ele>7.436</ele><time>2025-01-16T12:31:09.999Z</time><speed>0.000</speed><sat>18</sat></trkpt>
  <trkpt lat="10.78211778" lon="106.70011383"><ele>7.450</ele><time>2025-01-16T12:31:10.999Z</time><speed>0.000</speed><sat>19</sat></trkpt>
  <trkpt lat="10.78211778" lon="106.70011383"><ele>7.499</ele><time>2025-01-16T12:31:11.999Z</time><speed>0.000</speed><sat>17</sat></trkpt>
  <trkpt lat="10.78211778" lon="106.70011383"><ele>7.594</ele><time>2025-01-16T12:31:12.999Z</time><speed>0.000</speed><sat>18</sat></trkpt>
  <trkpt lat="10.78211778" lon="106.70011383"><ele>7.538</ele><time>2025-01-16T12:31:13.999Z</time><speed>0.000</speed><sat>16</sat></trkpt>
  <trkpt lat="10.78211778" lon="106.70011383"><ele>7.714</ele><time>2025-01-16T12:31:14.999Z</time><speed>0.000</speed><sat>16</sat></trkpt>
  <trkpt lat="10.78211778" lon="106.70011383"><ele>7.924</ele><time>2025-01-16T12:31:15.999Z</time><speed>0.000</speed><sat>17</sat></trkpt>
  <trkpt lat="10.78211778" lon="106.70011383"><ele>8.040</ele><time>2025-01-16T12:31:16.999Z</time><speed>0.000</speed><sat>17</sat></trkpt>
  <trkpt lat="10.78211778" lon="106.70011383"><ele>8.167</ele><time>2025-01-16T12:31:17.999Z</time><speed>0.000</speed><sat>19</sat></trkpt>
  <trkpt lat="10.78211778" lon="106.70011383"><ele>8.313</ele><time>2025-01-16T12:31:18.999Z</time><speed>0.000</speed><sat>19</sat></trkpt>
  <trkpt lat="10.78211778" lon="106.70011383"><ele>8.334</ele><time>2025-01-16T12:31:19.999Z</time><speed>0.000</speed><sat>20</sat></trkpt>
  <trkpt lat="10.78211778" lon="106.70011383"><ele>8.249</ele><time>2025-01-16T12:31:20.999Z</time><speed>0.000</speed><sat>17</sat></trkpt>
  <trkpt lat="10.78211778" lon="106.70011383"><ele>8.199</ele><time>2025-01-16T12:31:21.999Z</time><speed>0.000</speed><sat>19</sat></trkpt>
  <trkpt lat="10.78211778" lon="106.70011383"><ele>8.246</ele><time>2025-01-16T12:31:22.999Z</time><speed>0.000</speed><sat>19</sat></trkpt>
  <trkpt lat="10.78211778" lon="106.70011383"><ele>8.276</ele><time>2025-01-16T12:31:23.999Z</time><speed>0.000</speed><sat>19</sat></trkpt>
  <trkpt lat="10.78209681" lon="106.70007407"><ele>8.205</ele><time>2025-01-16T12:31:24.999Z</time><speed>0.421</speed><sat>19</sat></trkpt>
  <trkpt lat="10.78208960" lon="106.70006929"><ele>8.010</ele><time>2025-01-16T12:31:25.999Z</time><speed>0.957</speed><sat>19</sat></trkpt>
  <trkpt lat="10.78208039" lon="106.70006362"><ele>8.073</ele><time>2025-01-16T12:31:26.999Z</time><speed>1.444</speed><sat>19</sat></trkpt>
  <trkpt lat="10.78206850" lon="106.70005187"><ele>8.142</ele><time>2025-01-16T12:31:27.999Z</time><speed>1.879</speed><sat>18</sat></trkpt>
  <trkpt lat="10.78205215" lon="106.70003577"><ele>8.037</ele><time>2025-01-16T12:31:28.999Z</time><speed>2.373</speed><sat>18</sat></trkpt>
  <trkpt lat="10.78203322" lon="106.70002060"><ele>8.146</ele><time>2025-01-16T12:31:29.999Z</time><speed>2.689</speed><sat>17</sat></trkpt>
  <trkpt lat="10.78201243" lon="106.70000224"><ele>8.228</ele><time>2025-01-16T12:31:30.999Z</time><speed>2.945</speed><sat>17</sat></trkpt>
  <trkpt lat="10.78198840" lon="106.69998384"><ele>8.252</ele><time>2025-01-16T12:31:31.999Z</time><speed>3.185</speed><sat>19</sat></trkpt>
  <trkpt lat="10.78196635" lon="106.69996403"><ele>8.255</ele><time>2025-01-16T12:31:32.999Z</time><speed>3.251</speed><sat>19</sat></trkpt>
  <trkpt lat="10.78194748" lon="106.69994484"><ele>8.381</ele><time>2025-01-16T12:31:33.999Z</time><speed>2.991</speed><sat>17</sat></trkpt>
  <trkpt lat="10.78192794" lon="106.69992479"><ele>8.257</ele><time>2025-01-16T12:31:34.999Z</time><speed>2.796</speed><sat>18</sat></trkpt>
  <trkpt lat="10.78190830" lon="106.69990666"><ele>8.312</ele><time>2025-01-16T12:31:35.999Z</time><speed>2.654</speed><sat>19</sat></trkpt>
  <trkpt lat="10.78188992" lon="106.69989016"><ele>8.134</ele><time>2025-01-16T12:31:36.999Z</time><speed>2.480</speed><sat>17</sat></trkpt>
  <trkpt lat="10.78187063" lon="106.69987623"><ele>8.054</ele><time>2025-01-16T12:31:37.999Z</time><speed>2.446</speed><sat>16</sat></trkpt>
  <trkpt lat="10.78185570" lon="106.69986077"><ele>7.893</ele><time>2025-01-16T12:31:38.999Z</time><speed>2.421</speed><sat>17</sat></trkpt>
  <trkpt lat="10.78184490" lon="106.69984502"><ele>7.054</ele><time>2025-01-16T12:31:39.999Z</time><speed>2.232</speed><sat>19</sat></trkpt>
  <trkpt lat="10.78183061" lon="106.69982991"><ele>6.532</ele><time>2025-01-16T12:31:40.999Z</time><speed>2.125</speed><sat>17</sat></trkpt>
  <trkpt lat="10.78181417" lon="106.69981350"><ele>6.313</ele><time>2025-01-16T12:31:41.999Z</time><speed>2.258</speed><sat>18</sat></trkpt>
  <trkpt lat="10.78180010" lon="106.69979843"><ele>6.286</ele><time>2025-01-16T12:31:42.999Z</time><speed>1.835</speed><sat>19</sat></trkpt>
  <trkpt lat="10.78178933" lon="106.69978819"><ele>6.382</ele><time>2025-01-16T12:31:43.999Z</time><speed>0.949</speed><sat>15</sat></trkpt>
  <trkpt lat="10.78178464" lon="106.69978383"><ele>6.683</ele><time>2025-01-16T12:31:44.999Z</time><speed>0.303</speed><sat>19</sat></trkpt>
  <trkpt lat="10.78178211" lon="106.69978147"><ele>6.573</ele><time>2025-01-16T12:31:45.999Z</time><speed>0.160</speed><sat>18</sat></trkpt>
  <trkpt lat="10.78178109" lon="106.69978041"><ele>7.023</ele><time>2025-01-16T12:31:46.999Z</time><speed>0.126</speed><sat>21</sat></trkpt>
  <trkpt lat="10.78177837" lon="106.69977784"><ele>7.112</ele><time>2025-01-16T12:31:47.999Z</time><speed>0.119</speed><sat>21</sat></trkpt>
  <trkpt lat="10.78177740" lon="106.69977801"><ele>7.104</ele><time>2025-01-16T12:31:48.999Z</time><speed>0.145</speed><sat>20</sat></trkpt>
  <trkpt lat="10.78177308" lon="106.69977460"><ele>6.227</ele><time>2025-01-16T12:31:49.999Z</time><speed>0.104</speed><sat>23</sat></trkpt>
  <trkpt lat="10.78176962" lon="106.69977408"><ele>5.499</ele><time>2025-01-16T12:31:50.999Z</time><speed>0.085</speed><sat>22</sat></trkpt>
  <trkpt lat="10.78176497" lon="106.69977290"><ele>5.465</ele><time>2025-01-16T12:31:51.999Z</time><speed>0.118</speed><sat>21</sat></trkpt>
  <trkpt lat="10.78176354" lon="106.69977114"><ele>5.320</ele><time>2025-01-16T12:31:52.999Z</time><speed>0.066</speed><sat>20</sat></trkpt>
  <trkpt lat="10.78175950" lon="106.69976820"><ele>5.280</ele><time>2025-01-16T12:31:53.999Z</time><speed>0.076</speed><sat>22</sat></trkpt>
  <trkpt lat="10.78175749" lon="106.69976720"><ele>5.154</ele><time>2025-01-16T12:31:54.999Z</time><speed>0.079</speed><sat>21</sat></trkpt>
  <trkpt lat="10.78175617" lon="106.69976613"><ele>5.146</ele><time>2025-01-16T12:31:55.999Z</time><speed>0.062</speed><sat>23</sat></trkpt>
  <trkpt lat="10.78175314" lon="106.69976493"><ele>5.391</ele><time>2025-01-16T12:31:56.999Z</time><speed>0.060</speed><sat>22</sat></trkpt>
  <trkpt lat="10.78175053" lon="106.69976218"><ele>5.593</ele><time>2025-01-16T12:31:57.999Z</time><speed>0.052</speed><sat>21</sat></trkpt>
  <trkpt lat="10.78174802" lon="106.69975952"><ele>5.536</ele><time>2025-01-16T12:31:58.999Z</time><speed>0.061</speed><sat>23</sat></trkpt>
  <trkpt lat="10.78174744" lon="106.69975896"><ele>5.884</ele><time>2025-01-16T12:31:59.999Z</time><speed>0.047</speed><sat>21</sat></trkpt>
  <trkpt lat="10.78174651" lon="106.69975808"><ele>6.212</ele><time>2025-01-16T12:32:00.999Z</time><speed>0.052</speed><sat>21</sat></trkpt>
  <trkpt lat="10.78174734" lon="106.69975893"><ele>6.758</ele><time>2025-01-16T12:32:01.999Z</time><speed>0.055</speed><sat>20</sat></trkpt>
  <trkpt lat="10.78175094" lon="106.69976235"><ele>7.329</ele><time>2025-01-16T12:32:02.999Z</time><speed>0.110</speed><sat>16</sat></trkpt>
  <trkpt lat="10.78175199" lon="106.69976334"><ele>7.646</ele><time>2025-01-16T12:32:03.999Z</time><speed>0.094</speed><sat>19</sat></trkpt>
  <trkpt lat="10.78175297" lon="106.69976420"><ele>7.978</ele><time>2025-01-16T12:32:04.999Z</time><speed>0.080</speed><sat>20</sat></trkpt>
  <trkpt lat="10.78175240" lon="106.69976371"><ele>7.973</ele><time>2025-01-16T12:32:05.999Z</time><speed>0.068</speed><sat>20</sat></trkpt>
  <trkpt lat="10.78175588" lon="106.69976681"><ele>8.239</ele><time>2025-01-16T12:32:06.999Z</time><speed>0.108</speed><sat>20</sat></trkpt>
  <trkpt lat="10.78175718" lon="106.69976792"><ele>8.752</ele><time>2025-01-16T12:32:07.999Z</time><speed>0.106</speed><sat>20</sat></trkpt>
  <trkpt lat="10.78175677" lon="106.69976757"><ele>7.198</ele><time>2025-01-16T12:32:08.999Z</time><speed>0.001</speed><sat>22</sat></trkpt>
  <trkpt lat="10.78176017" lon="106.69977062"><ele>7.628</ele><time>2025-01-16T12:32:09.999Z</time><speed>0.018</speed><sat>21</sat></trkpt>
  <trkpt lat="10.78175984" lon="106.69977031"><ele>7.705</ele><time>2025-01-16T12:32:10.999Z</time><speed>0.001</speed><sat>19</sat></trkpt>
  <trkpt lat="10.78176124" lon="106.69977163"><ele>7.521</ele><time>2025-01-16T12:32:11.999Z</time><speed>0.004</speed><sat>21</sat></trkpt>
  <trkpt lat="10.78176367" lon="106.69977389"><ele>7.807</ele><time>2025-01-16T12:32:12.999Z</time><speed>0.010</speed><sat>21</sat></trkpt>
  <trkpt lat="10.78176541" lon="106.69977568"><ele>7.982</ele><time>2025-01-16T12:32:13.999Z</time><speed>0.014</speed><sat>19</sat></trkpt>
  <trkpt lat="10.78176670" lon="106.69977704"><ele>8.098</ele><time>2025-01-16T12:32:14.999Z</time><speed>0.021</speed><sat>21</sat></trkpt>
  <trkpt lat="10.78176690" lon="106.69977725"><ele>8.068</ele><time>2025-01-16T12:32:15.999Z</time><speed>0.039</speed><sat>22</sat></trkpt>
  <trkpt lat="10.78176642" lon="106.69977681"><ele>8.373</ele><time>2025-01-16T12:32:16.999Z</time><speed>0.036</speed><sat>20</sat></trkpt>
  <trkpt lat="10.78176565" lon="106.69977607"><ele>8.496</ele><time>2025-01-16T12:32:17.999Z</time><speed>0.027</speed><sat>22</sat></trkpt>
  <trkpt lat="10.78176420" lon="106.69977474"><ele>8.365</ele><time>2025-01-16T12:32:18.999Z</time><speed>0.023</speed><sat>22</sat></trkpt>
  <trkpt lat="10.78176242" lon="106.69977306"><ele>8.546</ele><time>2025-01-16T12:32:19.999Z</time><speed>0.032</speed><sat>21</sat></trkpt>
  <trkpt lat="10.78176158" lon="106.69977226"><ele>8.779</ele><time>2025-01-16T12:32:20.999Z</time><speed>0.041</speed><sat>20</sat></trkpt>
  <trkpt lat="10.78176232" lon="106.69977377"><ele>9.042</ele><time>2025-01-16T12:32:21.999Z</time><speed>0.045</speed><sat>19</sat></trkpt>
  <trkpt lat="10.78176238" lon="106.69977506"><ele>7.052</ele><time>2025-01-16T12:32:22.999Z</time><speed>0.000</speed><sat>17</sat></trkpt>
  <trkpt lat="10.78176238" lon="106.69977506"><ele>7.182</ele><time>2025-01-16T12:32:23.999Z</time><speed>0.000</speed><sat>20</sat></trkpt>
  <trkpt lat="10.78176238" lon="106.69977506"><ele>7.467</ele><time>2025-01-16T12:32:24.999Z</time><speed>0.000</speed><sat>21</sat></trkpt>
  <trkpt lat="10.78176141" lon="106.69977760"><ele>9.250</ele><time>2025-01-16T12:32:25.999Z</time><speed>0.207</speed><sat>19</sat></trkpt>
  <trkpt lat="10.78176256" lon="106.69977928"><ele>9.000</ele><time>2025-01-16T12:32:26.999Z</time><speed>0.285</speed><sat>17</sat></trkpt>
  <trkpt lat="10.78176267" lon="106.69977705"><ele>7.401</ele><time>2025-01-16T12:32:27.999Z</time><speed>0.000</speed><sat>19</sat></trkpt>
  <trkpt lat="10.78176267" lon="106.69977705"><ele>7.606</ele><time>2025-01-16T12:32:28.999Z</time><speed>0.000</speed><sat>19</sat></trkpt>
  <trkpt lat="10.78176267" lon="106.69977705"><ele>7.752</ele><time>2025-01-16T12:32:29.999Z</time><speed>0.000</speed><sat>22</sat></trkpt>
  <trkpt lat="10.78176267" lon="106.69977705"><ele>7.807</ele><time>2025-01-16T12:32:30.999Z</time><speed>0.000</speed><sat>24</sat></trkpt>
  <trkpt lat="10.78175398" lon="106.69977574"><ele>7.822</ele><time>2025-01-16T12:32:31.999Z</time><speed>0.689</speed><sat>24</sat></trkpt>
  <trkpt lat="10.78174693" lon="106.69977005"><ele>7.979</ele><time>2025-01-16T12:32:32.999Z</time><speed>1.105</speed><sat>25</sat></trkpt>
  <trkpt lat="10.78174568" lon="106.69976641"><ele>8.052</ele><time>2025-01-16T12:32:33.999Z</time><speed>1.421</speed><sat>24</sat></trkpt>
  <trkpt lat="10.78173404" lon="106.69975446"><ele>7.941</ele><time>2025-01-16T12:32:34.999Z</time><speed>1.661</speed><sat>23</sat></trkpt>
  <trkpt lat="10.78172107" lon="106.69974344"><ele>7.927</ele><time>2025-01-16T12:32:35.999Z</time><speed>2.275</speed><sat>21</sat></trkpt>
  <trkpt lat="10.78170406" lon="106.69972828"><ele>7.330</ele><time>2025-01-16T12:32:36.999Z</time><speed>2.412</speed><sat>22</sat></trkpt>
  <trkpt lat="10.78168575" lon="106.69970896"><ele>7.516</ele><time>2025-01-16T12:32:37.999Z</time><speed>2.800</speed><sat>22</sat></trkpt>
  <trkpt lat="10.78166412" lon="106.69968887"><ele>7.726</ele><time>2025-01-16T12:32:38.999Z</time><speed>2.967</speed><sat>21</sat></trkpt>
  <trkpt lat="10.78164377" lon="106.69966882"><ele>7.842</ele><time>2025-01-16T12:32:39.999Z</time><speed>3.359</speed><sat>21</sat></trkpt>
  <trkpt lat="10.78161804" lon="106.69964387"><ele>7.863</ele><time>2025-01-16T12:32:40.999Z</time><speed>3.841</speed><sat>22</sat></trkpt>
  <trkpt lat="10.78159114" lon="106.69961885"><ele>7.821</ele><time>2025-01-16T12:32:41.999Z</time><speed>4.112</speed><sat>23</sat></trkpt>
  <trkpt lat="10.78156294" lon="106.69959336"><ele>7.803</ele><time>2025-01-16T12:32:42.999Z</time><speed>4.086</speed><sat>23</sat></trkpt>
  <trkpt lat="10.78153505" lon="106.69956877"><ele>7.814</ele><time>2025-01-16T12:32:43.999Z</time><speed>4.300</speed><sat>21</sat></trkpt>
  <trkpt lat="10.78150788" lon="106.69954366"><ele>7.974</ele><time>2025-01-16T12:32:44.999Z</time><speed>4.459</speed><sat>22</sat></trkpt>
  <trkpt lat="10.78147877" lon="106.69951506"><ele>8.103</ele><time>2025-01-16T12:32:45.999Z</time><speed>4.718</speed><sat>23</sat></trkpt>
  <trkpt lat="10.78144555" lon="106.69948455"><ele>7.849</ele><time>2025-01-16T12:32:46.999Z</time><speed>5.056</speed><sat>27</sat></trkpt>
  <trkpt lat="10.78141039" lon="106.69945215"><ele>7.740</ele><time>2025-01-16T12:32:47.999Z</time><speed>5.197</speed><sat>27</sat></trkpt>
  <trkpt lat="10.78137390" lon="106.69941920"><ele>7.610</ele><time>2025-01-16T12:32:48.999Z</time><speed>5.440</speed><sat>27</sat></trkpt>
  <trkpt lat="10.78133999" lon="106.69938669"><ele>7.546</ele><time>2025-01-16T12:32:49.999Z</time><speed>5.499</speed><sat>26</sat></trkpt>
  <trkpt lat="10.78130799" lon="106.69935276"><ele>7.474</ele><time>2025-01-16T12:32:50.999Z</time><speed>5.608</speed><sat>26</sat></trkpt>
  <trkpt lat="10.78126844" lon="106.69931457"><ele>7.887</ele><time>2025-01-16T12:32:51.999Z</time><speed>5.720</speed><sat>27</sat></trkpt>
  <trkpt lat="10.78122990" lon="106.69928084"><ele>7.826</ele><time>2025-01-16T12:32:52.999Z</time><speed>5.222</speed><sat>25</sat></trkpt>
  <trkpt lat="10.78119895" lon="106.69925177"><ele>7.946</ele><time>2025-01-16T12:32:53.999Z</time><speed>4.650</speed><sat>25</sat></trkpt>
  <trkpt lat="10.78117178" lon="106.69922901"><ele>8.032</ele><time>2025-01-16T12:32:54.999Z</time><speed>3.880</speed><sat>24</sat></trkpt>
  <trkpt lat="10.78115222" lon="106.69920966"><ele>8.019</ele><time>2025-01-16T12:32:55.999Z</time><speed>2.938</speed><sat>26</sat></trkpt>
  <trkpt lat="10.78113644" lon="106.69919665"><ele>8.178</ele><time>2025-01-16T12:32:56.999Z</time><speed>2.103</speed><sat>25</sat></trkpt>
  <trkpt lat="10.78112630" lon="106.69918730"><ele>8.240</ele><time>2025-01-16T12:32:57.999Z</time><speed>1.459</speed><sat>25</sat></trkpt>
  <trkpt lat="10.78111722" lon="106.69917977"><ele>8.210</ele><time>2025-01-16T12:32:58.999Z</time><speed>1.261</speed><sat>24</sat></trkpt>
  <trkpt lat="10.78110889" lon="106.69917195"><ele>8.374</ele><time>2025-01-16T12:32:59.999Z</time><speed>1.245</speed><sat>24</sat></trkpt>
  <trkpt lat="10.78109823" lon="106.69916236"><ele>8.400</ele><time>2025-01-16T12:33:00.999Z</time><speed>1.521</speed><sat>24</sat></trkpt>
  <trkpt lat="10.78108597" lon="106.69915152"><ele>8.444</ele><time>2025-01-16T12:33:01.999Z</time><speed>1.800</speed><sat>23</sat></trkpt>
  <trkpt lat="10.78107233" lon="106.69913960"><ele>8.390</ele><time>2025-01-16T12:33:02.999Z</time><speed>1.938</speed><sat>23</sat></trkpt>
  <trkpt lat="10.78105733" lon="106.69912576"><ele>8.352</ele><time>2025-01-16T12:33:03.999Z</time><speed>2.210</speed><sat>23</sat></trkpt>
  <trkpt lat="10.78104086" lon="106.69911048"><ele>8.324</ele><time>2025-01-16T12:33:04.999Z</time><speed>2.586</speed><sat>24</sat></trkpt>
  <trkpt lat="10.78102377" lon="106.69909436"><ele>8.184</ele><time>2025-01-16T12:33:05.999Z</time><speed>2.666</speed><sat>23</sat></trkpt>
  <trkpt lat="10.78100644" lon="106.69907802"><ele>8.121</ele><time>2025-01-16T12:33:06.999Z</time><speed>2.406</speed><sat>25</sat></trkpt>
  <trkpt lat="10.78099198" lon="106.69906370"><ele>8.120</ele><time>2025-01-16T12:33:07.999Z</time><speed>2.151</speed><sat>25</sat></trkpt>
  <trkpt lat="10.78098022" lon="106.69905215"><ele>8.066</ele><time>2025-01-16T12:33:08.999Z</time><speed>1.831</speed><sat>23</sat></trkpt>
  <trkpt lat="10.78096934" lon="106.69904174"><ele>8.004</ele><time>2025-01-16T12:33:09.999Z</time><speed>1.717</speed><sat>24</sat></trkpt>
  <trkpt lat="10.78095803" lon="106.69903072"><ele>8.026</ele><time>2025-01-16T12:33:10.999Z</time><speed>1.734</speed><sat>24</sat></trkpt>
  <trkpt lat="10.78094557" lon="106.69901792"><ele>7.919</ele><time>2025-01-16T12:33:11.999Z</time><speed>2.016</speed><sat>24</sat></trkpt>
  <trkpt lat="10.78092964" lon="106.69900233"><ele>7.919</ele><time>2025-01-16T12:33:12.999Z</time><speed>2.617</speed><sat>25</sat></trkpt>
  <trkpt lat="10.78090982" lon="106.69898307"><ele>7.853</ele><time>2025-01-16T12:33:13.999Z</time><speed>3.101</speed><sat>26</sat></trkpt>
  <trkpt lat="10.78089283" lon="106.69896526"><ele>7.619</ele><time>2025-01-16T12:33:14.999Z</time><speed>3.550</speed><sat>25</sat></trkpt>
  <trkpt lat="10.78086511" lon="106.69893929"><ele>7.656</ele><time>2025-01-16T12:33:15.999Z</time><speed>4.125</speed><sat>26</sat></trkpt>
  <trkpt lat="10.78083482" lon="106.69891161"><ele>7.673</ele><time>2025-01-16T12:33:16.999Z</time><speed>4.442</speed><sat>24</sat></trkpt>
  <trkpt lat="10.78080463" lon="106.69888257"><ele>7.619</ele><time>2025-01-16T12:33:17.999Z</time><speed>4.486</speed><sat>22</sat></trkpt>
  <trkpt lat="10.78077726" lon="106.69885515"><ele>7.606</ele><time>2025-01-16T12:33:18.999Z</time><speed>4.211</speed><sat>22</sat></trkpt>
  <trkpt lat="10.78075081" lon="106.69883021"><ele>7.682</ele><time>2025-01-16T12:33:19.999Z</time><speed>3.840</speed><sat>21</sat></trkpt>
  <trkpt lat="10.78072598" lon="106.69880870"><ele>7.951</ele><time>2025-01-16T12:33:20.999Z</time><speed>3.419</speed><sat>22</sat></trkpt>
  <trkpt lat="10.78070194" lon="106.69878794"><ele>8.028</ele><time>2025-01-16T12:33:21.999Z</time><speed>2.746</speed><sat>24</sat></trkpt>
  <trkpt lat="10.78068556" lon="106.69877339"><ele>8.137</ele><time>2025-01-16T12:33:22.999Z</time><speed>2.185</speed><sat>22</sat></trkpt>
  <trkpt lat="10.78067072" lon="106.69876283"><ele>7.825</ele><time>2025-01-16T12:33:23.999Z</time><speed>1.867</speed><sat>23</sat></trkpt>
  <trkpt lat="10.78065041" lon="106.69875572"><ele>7.667</ele><time>2025-01-16T12:33:24.999Z</time><speed>1.381</speed><sat>24</sat></trkpt>
  <trkpt lat="10.78063981" lon="106.69874642"><ele>7.239</ele><time>2025-01-16T12:33:25.999Z</time><speed>1.102</speed><sat>24</sat></trkpt>
  <trkpt lat="10.78063597" lon="106.69873968"><ele>6.926</ele><time>2025-01-16T12:33:26.999Z</time><speed>0.761</speed><sat>23</sat></trkpt>
  <trkpt lat="10.78063975" lon="106.69873757"><ele>7.069</ele><time>2025-01-16T12:33:27.999Z</time><speed>0.951</speed><sat>22</sat></trkpt>
  <trkpt lat="10.78063553" lon="106.69873065"><ele>7.056</ele><time>2025-01-16T12:33:28.999Z</time><speed>0.796</speed><sat>22</sat></trkpt>
  <trkpt lat="10.78063516" lon="106.69872677"><ele>6.981</ele><time>2025-01-16T12:33:29.999Z</time><speed>0.600</speed><sat>22</sat></trkpt>
  <trkpt lat="10.78063325" lon="106.69872699"><ele>6.897</ele><time>2025-01-16T12:33:30.999Z</time><speed>0.433</speed><sat>21</sat></trkpt>
  <trkpt lat="10.78063270" lon="106.69872358"><ele>6.852</ele><time>2025-01-16T12:33:31.999Z</time><speed>0.289</speed><sat>22</sat></trkpt>
  <trkpt lat="10.78063626" lon="106.69871976"><ele>7.115</ele><time>2025-01-16T12:33:32.999Z</time><speed>0.428</speed><sat>23</sat></trkpt>
  <trkpt lat="10.78063413" lon="106.69871928"><ele>7.574</ele><time>2025-01-16T12:33:33.999Z</time><speed>0.000</speed><sat>23</sat></trkpt>
  <trkpt lat="10.78063413" lon="106.69871928"><ele>7.903</ele><time>2025-01-16T12:33:34.999Z</time><speed>0.000</speed><sat>22</sat></trkpt>
  <trkpt lat="10.78062267" lon="106.69870925"><ele>7.717</ele><time>2025-01-16T12:33:35.999Z</time><speed>0.330</speed><sat>24</sat></trkpt>
  <trkpt lat="10.78062135" lon="106.69870640"><ele>8.043</ele><time>2025-01-16T12:33:36.999Z</time><speed>0.000</speed><sat>22</sat></trkpt>
  <trkpt lat="10.78062135" lon="106.69870640"><ele>8.112</ele><time>2025-01-16T12:33:37.999Z</time><speed>0.000</speed><sat>23</sat></trkpt>
  <trkpt lat="10.78062135" lon="106.69870640"><ele>8.099</ele><time>2025-01-16T12:33:38.999Z</time><speed>0.000</speed><sat>23</sat></trkpt>
  <trkpt lat="10.78062135" lon="106.69870640"><ele>7.864</ele><time>2025-01-16T12:33:39.999Z</time><speed>0.000</speed><sat>18</sat></trkpt>
  <trkpt lat="10.78062135" lon="106.69870640"><ele>7.915</ele><time>2025-01-16T12:33:40.999Z</time><speed>0.000</speed><sat>16</sat></trkpt>
  <trkpt lat="10.78062135" lon="106.69870640"><ele>7.865</ele><time>2025-01-16T12:33:41.999Z</time><speed>0.000</speed><sat>15</sat></trkpt>
  <trkpt lat="10.78062135" lon="106.69870640"><ele>7.837</ele><time>2025-01-16T12:33:42.999Z</time><speed>0.000</speed><sat>17</sat></trkpt>
  <trkpt lat="10.78062135" lon="106.69870640"><ele>7.796</ele><time>2025-01-16T12:33:43.999Z</time><speed>0.000</speed><sat>16</sat></trkpt>
  <trkpt lat="10.78062135" lon="106.69870640"><ele>7.748</ele><time>2025-01-16T12:33:44.999Z</time><speed>0.000</speed><sat>18</sat></trkpt>
  <trkpt lat="10.78061148" lon="106.69869507"><ele>7.731</ele><time>2025-01-16T12:33:45.999Z</time><speed>0.739</speed><sat>16</sat></trkpt>
  <trkpt lat="10.78060520" lon="106.69868783"><ele>7.762</ele><time>2025-01-16T12:33:46.999Z</time><speed>1.044</speed><sat>16</sat></trkpt>
  <trkpt lat="10.78059842" lon="106.69868135"><ele>7.714</ele><time>2025-01-16T12:33:47.999Z</time><speed>1.108</speed><sat>16</sat></trkpt>
  <trkpt lat="10.78059025" lon="106.69867238"><ele>7.731</ele><time>2025-01-16T12:33:48.999Z</time><speed>1.241</speed><sat>16</sat></trkpt>
  <trkpt lat="10.78057823" lon="106.69866253"><ele>8.251</ele><time>2025-01-16T12:33:49.999Z</time><speed>1.661</speed><sat>16</sat></trkpt>
  <trkpt lat="10.78056795" lon="106.69865207"><ele>7.922</ele><time>2025-01-16T12:33:50.999Z</time><speed>1.959</speed><sat>17</sat></trkpt>
  <trkpt lat="10.78055306" lon="106.69863472"><ele>7.782</ele><time>2025-01-16T12:33:51.999Z</time><speed>2.270</speed><sat>16</sat></trkpt>
  <trkpt lat="10.78053358" lon="106.69861442"><ele>7.912</ele><time>2025-01-16T12:33:52.999Z</time><speed>2.314</speed><sat>17</sat></trkpt>
  <trkpt lat="10.78051959" lon="106.69859851"><ele>8.036</ele><time>2025-01-16T12:33:53.999Z</time><speed>2.205</speed><sat>17</sat></trkpt>
  <trkpt lat="10.78050459" lon="106.69858341"><ele>7.983</ele><time>2025-01-16T12:33:54.999Z</time><speed>2.071</speed><sat>17</sat></trkpt>
  <trkpt lat="10.78049005" lon="106.69857059"><ele>7.840</ele><time>2025-01-16T12:33:55.999Z</time><speed>1.991</speed><sat>17</sat></trkpt>
  <trkpt lat="10.78047608" lon="106.69855822"><ele>8.363</ele><time>2025-01-16T12:33:56.999Z</time><speed>1.877</speed><sat>19</sat></trkpt>
  <trkpt lat="10.78046009" lon="106.69854437"><ele>8.884</ele><time>2025-01-16T12:33:57.999Z</time><speed>1.892</speed><sat>20</sat></trkpt>
  <trkpt lat="10.78044316" lon="106.69852818"><ele>9.195</ele><time>2025-01-16T12:33:58.999Z</time><speed>2.062</speed><sat>21</sat></trkpt>
  <trkpt lat="10.78042549" lon="106.69851299"><ele>9.031</ele><time>2025-01-16T12:33:59.999Z</time><speed>2.300</speed><sat>21</sat></trkpt>
  <trkpt lat="10.78040793" lon="106.69849658"><ele>9.029</ele><time>2025-01-16T12:34:00.999Z</time><speed>2.617</speed><sat>21</sat></trkpt>
  <trkpt lat="10.78038991" lon="106.69847660"><ele>9.029</ele><time>2025-01-16T12:34:01.999Z</time><speed>2.932</speed><sat>21</sat></trkpt>
  <trkpt lat="10.78037569" lon="106.69845645"><ele>8.913</ele><time>2025-01-16T12:34:02.999Z</time><speed>3.242</speed><sat>22</sat></trkpt>
  <trkpt lat="10.78036940" lon="106.69842525"><ele>8.892</ele><time>2025-01-16T12:34:03.999Z</time><speed>3.332</speed><sat>24</sat></trkpt>
  <trkpt lat="10.78036287" lon="106.69839516"><ele>8.731</ele><time>2025-01-16T12:34:04.999Z</time><speed>3.253</speed><sat>26</sat></trkpt>
  <trkpt lat="10.78036807" lon="106.69837022"><ele>8.636</ele><time>2025-01-16T12:34:05.999Z</time><speed>3.445</speed><sat>25</sat></trkpt>
  <trkpt lat="10.78038322" lon="106.69834779"><ele>8.677</ele><time>2025-01-16T12:34:06.999Z</time><speed>3.443</speed><sat>25</sat></trkpt>
  <trkpt lat="10.78040561" lon="106.69832513"><ele>8.924</ele><time>2025-01-16T12:34:07.999Z</time><speed>3.633</speed><sat>24</sat></trkpt>
  <trkpt lat="10.78043513" lon="106.69828779"><ele>9.176</ele><time>2025-01-16T12:34:08.999Z</time><speed>4.518</speed><sat>24</sat></trkpt>
  <trkpt lat="10.78046811" lon="106.69824972"><ele>9.036</ele><time>2025-01-16T12:34:09.999Z</time><speed>4.722</speed><sat>25</sat></trkpt>
  <trkpt lat="10.78050848" lon="106.69821485"><ele>8.990</ele><time>2025-01-16T12:34:10.999Z</time><speed>4.788</speed><sat>26</sat></trkpt>
  <trkpt lat="10.78054170" lon="106.69818665"><ele>7.468</ele><time>2025-01-16T12:34:11.999Z</time><speed>4.591</speed><sat>24</sat></trkpt>
  <trkpt lat="10.78057819" lon="106.69815453"><ele>7.488</ele><time>2025-01-16T12:34:12.999Z</time><speed>4.604</speed><sat>24</sat></trkpt>
  <trkpt lat="10.78061352" lon="106.69812245"><ele>7.423</ele><time>2025-01-16T12:34:13.999Z</time><speed>4.143</speed><sat>24</sat></trkpt>
  <trkpt lat="10.78064334" lon="106.69809912"><ele>7.659</ele><time>2025-01-16T12:34:14.999Z</time><speed>3.918</speed><sat>22</sat></trkpt>
  <trkpt lat="10.78067026" lon="106.69807036"><ele>7.510</ele><time>2025-01-16T12:34:15.999Z</time><speed>3.562</speed><sat>24</sat></trkpt>
  <trkpt lat="10.78069526" lon="106.69804585"><ele>7.719</ele><time>2025-01-16T12:34:16.999Z</time><speed>3.585</speed><sat>23</sat></trkpt>
  <trkpt lat="10.78072325" lon="106.69801806"><ele>8.021</ele><time>2025-01-16T12:34:17.999Z</time><speed>3.502</speed><sat>24</sat></trkpt>
  <trkpt lat="10.78074948" lon="106.69799001"><ele>8.085</ele><time>2025-01-16T12:34:18.999Z</time><speed>3.638</speed><sat>24</sat></trkpt>
  <trkpt lat="10.78077521" lon="106.69796093"><ele>8.863</ele><time>2025-01-16T12:34:19.999Z</time><speed>3.800</speed><sat>21</sat></trkpt>
  <trkpt lat="10.78080391" lon="106.69793803"><ele>9.841</ele><time>2025-01-16T12:34:20.999Z</time><speed>3.624</speed><sat>21</sat></trkpt>
  <trkpt lat="10.78082866" lon="106.69791639"><ele>9.977</ele><time>2025-01-16T12:34:21.999Z</time><speed>3.358</speed><sat>21</sat></trkpt>
  <trkpt lat="10.78084850" lon="106.69789910"><ele>9.646</ele><time>2025-01-16T12:34:22.999Z</time><speed>2.798</speed><sat>21</sat></trkpt>
  <trkpt lat="10.78086292" lon="106.69788341"><ele>9.914</ele><time>2025-01-16T12:34:23.999Z</time><speed>2.703</speed><sat>21</sat></trkpt>
  <trkpt lat="10.78087793" lon="106.69786583"><ele>10.240</ele><time>2025-01-16T12:34:24.999Z</time><speed>2.833</speed><sat>23</sat></trkpt>
  <trkpt lat="10.78089578" lon="106.69784424"><ele>10.323</ele><time>2025-01-16T12:34:25.999Z</time><speed>3.219</speed><sat>22</sat></trkpt>
  <trkpt lat="10.78091829" lon="106.69781940"><ele>10.428</ele><time>2025-01-16T12:34:26.999Z</time><speed>3.750</speed><sat>22</sat></trkpt>
  <trkpt lat="10.78094365" lon="106.69779147"><ele>10.202</ele><time>2025-01-16T12:34:27.999Z</time><speed>4.342</speed><sat>22</sat></trkpt>
  <trkpt lat="10.78097198" lon="106.69775920"><ele>9.921</ele><time>2025-01-16T12:34:28.999Z</time><speed>4.703</speed><sat>25</sat></trkpt>
  <trkpt lat="10.78100007" lon="106.69772823"><ele>9.448</ele><time>2025-01-16T12:34:29.999Z</time><speed>4.873</speed><sat>25</sat></trkpt>
  <trkpt lat="10.78102765" lon="106.69769825"><ele>9.443</ele><time>2025-01-16T12:34:30.999Z</time><speed>4.859</speed><sat>25</sat></trkpt>
  <trkpt lat="10.78105680" lon="106.69766671"><ele>9.490</ele><time>2025-01-16T12:34:31.999Z</time><speed>4.602</speed><sat>23</sat></trkpt>
  <trkpt lat="10.78108139" lon="106.69763724"><ele>9.384</ele><time>2025-01-16T12:34:32.999Z</time><speed>4.447</speed><sat>25</sat></trkpt>
  <trkpt lat="10.78110982" lon="106.69760654"><ele>9.508</ele><time>2025-01-16T12:34:33.999Z</time><speed>4.012</speed><sat>25</sat></trkpt>
  <trkpt lat="10.78113057" lon="106.69758195"><ele>9.290</ele><time>2025-01-16T12:34:34.999Z</time><speed>3.665</speed><sat>24</sat></trkpt>
  <trkpt lat="10.78115396" lon="106.69755588"><ele>9.560</ele><time>2025-01-16T12:34:35.999Z</time><speed>3.607</speed><sat>24</sat></trkpt>
  <trkpt lat="10.78117750" lon="106.69753103"><ele>9.850</ele><time>2025-01-16T12:34:36.999Z</time><speed>3.621</speed><sat>25</sat></trkpt>
  <trkpt lat="10.78120176" lon="106.69750705"><ele>9.714</ele><time>2025-01-16T12:34:37.999Z</time><speed>3.622</speed><sat>24</sat></trkpt>
  <trkpt lat="10.78122602" lon="106.69747946"><ele>9.863</ele><time>2025-01-16T12:34:38.999Z</time><speed>3.664</speed><sat>27</sat></trkpt>
  <trkpt lat="10.78125055" lon="106.69745304"><ele>9.790</ele><time>2025-01-16T12:34:39.999Z</time><speed>3.617</speed><sat>25</sat></trkpt>
  <trkpt lat="10.78127434" lon="106.69742627"><ele>9.436</ele><time>2025-01-16T12:34:40.999Z</time><speed>3.415</speed><sat>28</sat></trkpt>
  <trkpt lat="10.78129603" lon="106.69740193"><ele>9.136</ele><time>2025-01-16T12:34:41.999Z</time><speed>3.373</speed><sat>29</sat></trkpt>
  <trkpt lat="10.78131595" lon="106.69737983"><ele>8.857</ele><time>2025-01-16T12:34:42.999Z</time><speed>3.096</speed><sat>27</sat></trkpt>
  <trkpt lat="10.78133457" lon="106.69735795"><ele>8.857</ele><time>2025-01-16T12:34:43.999Z</time><speed>2.851</speed><sat>29</sat></trkpt>
  <trkpt lat="10.78135194" lon="106.69733719"><ele>8.829</ele><time>2025-01-16T12:34:44.999Z</time><speed>2.595</speed><sat>26</sat></trkpt>
  <trkpt lat="10.78136606" lon="106.69731878"><ele>9.191</ele><time>2025-01-16T12:34:45.999Z</time><speed>2.412</speed><sat>25</sat></trkpt>
  <trkpt lat="10.78138089" lon="106.69730135"><ele>9.385</ele><time>2025-01-16T12:34:46.999Z</time><speed>2.248</speed><sat>25</sat></trkpt>
  <trkpt lat="10.78139499" lon="106.69728648"><ele>9.532</ele><time>2025-01-16T12:34:47.999Z</time><speed>1.880</speed><sat>26</sat></trkpt>
  <trkpt lat="10.78140919" lon="106.69727173"><ele>9.619</ele><time>2025-01-16T12:34:48.999Z</time><speed>1.651</speed><sat>27</sat></trkpt>
  <trkpt lat="10.78141716" lon="106.69726085"><ele>9.492</ele><time>2025-01-16T12:34:49.999Z</time><speed>1.689</speed><sat>27</sat></trkpt>
  <trkpt lat="10.78142631" lon="106.69724995"><ele>9.207</ele><time>2025-01-16T12:34:50.999Z</time><speed>1.402</speed><sat>27</sat></trkpt>
  <trkpt lat="10.78143278" lon="106.69724217"><ele>9.328</ele><time>2025-01-16T12:34:51.999Z</time><speed>1.100</speed><sat>25</sat></trkpt>
  <trkpt lat="10.78143794" lon="106.69723741"><ele>9.357</ele><time>2025-01-16T12:34:52.999Z</time><speed>0.840</speed><sat>24</sat></trkpt>
  <trkpt lat="10.78144185" lon="106.69723111"><ele>9.522</ele><time>2025-01-16T12:34:53.999Z</time><speed>0.695</speed><sat>24</sat></trkpt>
  <trkpt lat="10.78144362" lon="106.69722643"><ele>9.085</ele><time>2025-01-16T12:34:54.999Z</time><speed>0.722</speed><sat>26</sat></trkpt>
  <trkpt lat="10.78144849" lon="106.69721954"><ele>8.964</ele><time>2025-01-16T12:34:55.999Z</time><speed>0.588</speed><sat>26</sat></trkpt>
  <trkpt lat="10.78145453" lon="106.69721035"><ele>9.412</ele><time>2025-01-16T12:34:56.999Z</time><speed>0.295</speed><sat>26</sat></trkpt>
  <trkpt lat="10.78145461" lon="106.69720780"><ele>9.270</ele><time>2025-01-16T12:34:57.999Z</time><speed>0.296</speed><sat>27</sat></trkpt>
  <trkpt lat="10.78145616" lon="106.69720425"><ele>9.546</ele><time>2025-01-16T12:34:58.999Z</time><speed>0.456</speed><sat>25</sat></trkpt>
  <trkpt lat="10.78145496" lon="106.69720445"><ele>9.633</ele><time>2025-01-16T12:34:59.999Z</time><speed>0.563</speed><sat>27</sat></trkpt>
  <trkpt lat="10.78145957" lon="106.69719917"><ele>9.505</ele><time>2025-01-16T12:35:00.999Z</time><speed>0.804</speed><sat>26</sat></trkpt>
  <trkpt lat="10.78146787" lon="106.69718799"><ele>9.462</ele><time>2025-01-16T12:35:01.999Z</time><speed>1.194</speed><sat>25</sat></trkpt>
  <trkpt lat="10.78147780" lon="106.69717530"><ele>9.812</ele><time>2025-01-16T12:35:02.999Z</time><speed>1.623</speed><sat>27</sat></trkpt>
  <trkpt lat="10.78148786" lon="106.69716542"><ele>10.106</ele><time>2025-01-16T12:35:03.999Z</time><speed>1.799</speed><sat>27</sat></trkpt>
  <trkpt lat="10.78150099" lon="106.69715010"><ele>10.208</ele><time>2025-01-16T12:35:04.999Z</time><speed>2.066</speed><sat>25</sat></trkpt>
  <trkpt lat="10.78151598" lon="106.69713077"><ele>10.191</ele><time>2025-01-16T12:35:05.999Z</time><speed>2.429</speed><sat>24</sat></trkpt>
  <trkpt lat="10.78153698" lon="106.69710806"><ele>10.153</ele><time>2025-01-16T12:35:06.999Z</time><speed>2.922</speed><sat>24</sat></trkpt>
  <trkpt lat="10.78156047" lon="106.69708550"><ele>10.048</ele><time>2025-01-16T12:35:07.999Z</time><speed>3.376</speed><sat>25</sat></trkpt>
  <trkpt lat="10.78158374" lon="106.69705903"><ele>10.062</ele><time>2025-01-16T12:35:08.999Z</time><speed>3.921</speed><sat>24</sat></trkpt>
  <trkpt lat="10.78161206" lon="106.69702893"><ele>9.851</ele><time>2025-01-16T12:35:09.999Z</time><speed>4.202</speed><sat>24</sat></trkpt>
  <trkpt lat="10.78164020" lon="106.69700079"><ele>9.780</ele><time>2025-01-16T12:35:10.999Z</time><speed>4.319</speed><sat>26</sat></trkpt>
  <trkpt lat="10.78167137" lon="106.69697116"><ele>9.764</ele><time>2025-01-16T12:35:11.999Z</time><speed>4.497</speed><sat>26</sat></trkpt>
  <trkpt lat="10.78170200" lon="106.69694016"><ele>9.974</ele><time>2025-01-16T12:35:12.999Z</time><speed>4.775</speed><sat>27</sat></trkpt>
  <trkpt lat="10.78173304" lon="106.69690941"><ele>9.775</ele><time>2025-01-16T12:35:13.999Z</time><speed>4.969</speed><sat>26</sat></trkpt>
  <trkpt lat="10.78176385" lon="106.69687611"><ele>9.773</ele><time>2025-01-16T12:35:14.999Z</time><speed>5.134</speed><sat>25</sat></trkpt>
  <trkpt lat="10.78179527" lon="106.69684018"><ele>9.615</ele><time>2025-01-16T12:35:15.999Z</time><speed>5.393</speed><sat>26</sat></trkpt>
  <trkpt lat="10.78182921" lon="106.69680305"><ele>9.607</ele><time>2025-01-16T12:35:16.999Z</time><speed>5.618</speed><sat>26</sat></trkpt>
  <trkpt lat="10.78186508" lon="106.69676496"><ele>9.575</ele><time>2025-01-16T12:35:17.999Z</time><speed>5.896</speed><sat>26</sat></trkpt>
  <trkpt lat="10.78190089" lon="106.69672483"><ele>9.921</ele><time>2025-01-16T12:35:18.999Z</time><speed>5.965</speed><sat>26</sat></trkpt>
  <trkpt lat="10.78193780" lon="106.69668646"><ele>10.165</ele><time>2025-01-16T12:35:19.999Z</time><speed>5.985</speed><sat>27</sat></trkpt>
  <trkpt lat="10.78197341" lon="106.69664919"><ele>10.160</ele><time>2025-01-16T12:35:20.999Z</time><speed>5.898</speed><sat>25</sat></trkpt>
  <trkpt lat="10.78201177" lon="106.69661007"><ele>10.295</ele><time>2025-01-16T12:35:21.999Z</time><speed>5.919</speed><sat>25</sat></trkpt>
  <trkpt lat="10.78204992" lon="106.69656801"><ele>10.328</ele><time>2025-01-16T12:35:22.999Z</time><speed>5.917</speed><sat>25</sat></trkpt>
  <trkpt lat="10.78208692" lon="106.69652835"><ele>10.217</ele><time>2025-01-16T12:35:23.999Z</time><speed>6.005</speed><sat>24</sat></trkpt>
  <trkpt lat="10.78212592" lon="106.69648745"><ele>10.077</ele><time>2025-01-16T12:35:24.999Z</time><speed>6.042</speed><sat>26</sat></trkpt>
  <trkpt lat="10.78216132" lon="106.69644906"><ele>9.937</ele><time>2025-01-16T12:35:25.999Z</time><speed>5.975</speed><sat>27</sat></trkpt>
  <trkpt lat="10.78219927" lon="106.69640980"><ele>9.886</ele><time>2025-01-16T12:35:26.999Z</time><speed>5.885</speed><sat>26</sat></trkpt>
  <trkpt lat="10.78223892" lon="106.69637296"><ele>9.927</ele><time>2025-01-16T12:35:27.999Z</time><speed>5.815</speed><sat>26</sat></trkpt>
  <trkpt lat="10.78228073" lon="106.69634068"><ele>10.075</ele><time>2025-01-16T12:35:28.999Z</time><speed>5.446</speed><sat>27</sat></trkpt>
  <trkpt lat="10.78232006" lon="106.69631332"><ele>10.127</ele><time>2025-01-16T12:35:29.999Z</time><speed>5.009</speed><sat>24</sat></trkpt>
  <trkpt lat="10.78235467" lon="106.69629270"><ele>9.889</ele><time>2025-01-16T12:35:30.999Z</time><speed>4.878</speed><sat>27</sat></trkpt>
  <trkpt lat="10.78240041" lon="106.69628625"><ele>10.006</ele><time>2025-01-16T12:35:31.999Z</time><speed>4.433</speed><sat>26</sat></trkpt>
  <trkpt lat="10.78244124" lon="106.69628289"><ele>9.848</ele><time>2025-01-16T12:35:32.999Z</time><speed>4.220</speed><sat>27</sat></trkpt>
  <trkpt lat="10.78247829" lon="106.69628332"><ele>9.792</ele><time>2025-01-16T12:35:33.999Z</time><speed>4.356</speed><sat>29</sat></trkpt>
  <trkpt lat="10.78251878" lon="106.69629389"><ele>9.904</ele><time>2025-01-16T12:35:34.999Z</time><speed>4.514</speed><sat>29</sat></trkpt>
  <trkpt lat="10.78256424" lon="106.69630320"><ele>9.639</ele><time>2025-01-16T12:35:35.999Z</time><speed>4.700</speed><sat>28</sat></trkpt>
  <trkpt lat="10.78261053" lon="106.69630856"><ele>9.528</ele><time>2025-01-16T12:35:36.999Z</time><speed>4.927</speed><sat>27</sat></trkpt>
  <trkpt lat="10.78265741" lon="106.69630922"><ele>9.661</ele><time>2025-01-16T12:35:37.999Z</time><speed>4.932</speed><sat>26</sat></trkpt>
  <trkpt lat="10.78270245" lon="106.69630025"><ele>9.889</ele><time>2025-01-16T12:35:38.999Z</time><speed>5.060</speed><sat>23</sat></trkpt>
  <trkpt lat="10.78274960" lon="106.69629099"><ele>9.879</ele><time>2025-01-16T12:35:39.999Z</time><speed>4.924</speed><sat>23</sat></trkpt>
  <trkpt lat="10.78279364" lon="106.69626819"><ele>10.114</ele><time>2025-01-16T12:35:40.999Z</time><speed>4.852</speed><sat>24</sat></trkpt>
  <trkpt lat="10.78283304" lon="106.69624223"><ele>10.212</ele><time>2025-01-16T12:35:41.999Z</time><speed>4.959</speed><sat>24</sat></trkpt>
  <trkpt lat="10.78287072" lon="106.69621721"><ele>10.200</ele><time>2025-01-16T12:35:42.999Z</time><speed>4.679</speed><sat>25</sat></trkpt>
  <trkpt lat="10.78290652" lon="106.69618850"><ele>10.044</ele><time>2025-01-16T12:35:43.999Z</time><speed>5.008</speed><sat>24</sat></trkpt>
  <trkpt lat="10.78294447" lon="106.69615191"><ele>9.724</ele><time>2025-01-16T12:35:44.999Z</time><speed>5.051</speed><sat>28</sat></trkpt>
  <trkpt lat="10.78296922" lon="106.69611458"><ele>9.560</ele><time>2025-01-16T12:35:45.999Z</time><speed>4.947</speed><sat>25</sat></trkpt>
  <trkpt lat="10.78298163" lon="106.69607147"><ele>8.875</ele><time>2025-01-16T12:35:46.999Z</time><speed>4.783</speed><sat>28</sat></trkpt>
  <trkpt lat="10.78300057" lon="106.69602264"><ele>8.330</ele><time>2025-01-16T12:35:47.999Z</time><speed>5.469</speed><sat>27</sat></trkpt>
  <trkpt lat="10.78301141" lon="106.69597243"><ele>8.327</ele><time>2025-01-16T12:35:48.999Z</time><speed>5.513</speed><sat>22</sat></trkpt>
  <trkpt lat="10.78302289" lon="106.69592277"><ele>8.797</ele><time>2025-01-16T12:35:49.999Z</time><speed>5.641</speed><sat>25</sat></trkpt>
  <trkpt lat="10.78302633" lon="106.69587078"><ele>8.608</ele><time>2025-01-16T12:35:50.999Z</time><speed>5.505</speed><sat>22</sat></trkpt>
  <trkpt lat="10.78302725" lon="106.69581874"><ele>8.463</ele><time>2025-01-16T12:35:51.999Z</time><speed>5.690</speed><sat>25</sat></trkpt>
  <trkpt lat="10.78302481" lon="106.69576555"><ele>8.047</ele><time>2025-01-16T12:35:52.999Z</time><speed>6.019</speed><sat>20</sat></trkpt>
  <trkpt lat="10.78301132" lon="106.69571183"><ele>7.696</ele><time>2025-01-16T12:35:53.999Z</time><speed>5.900</speed><sat>18</sat></trkpt>
  <trkpt lat="10.78298133" lon="106.69566316"><ele>7.517</ele><time>2025-01-16T12:35:54.999Z</time><speed>5.527</speed><sat>20</sat></trkpt>
  <trkpt lat="10.78293902" lon="106.69562553"><ele>6.988</ele><time>2025-01-16T12:35:55.999Z</time><speed>5.885</speed><sat>19</sat></trkpt>
  <trkpt lat="10.78289456" lon="106.69557487"><ele>7.021</ele><time>2025-01-16T12:35:56.999Z</time><speed>5.524</speed><sat>19</sat></trkpt>
  <trkpt lat="10.78282979" lon="106.69555006"><ele>8.139</ele><time>2025-01-16T12:35:57.999Z</time><speed>6.168</speed><sat>21</sat></trkpt>
  <trkpt lat="10.78277105" lon="106.69552787"><ele>7.015</ele><time>2025-01-16T12:35:58.999Z</time><speed>5.906</speed><sat>20</sat></trkpt>
  <trkpt lat="10.78270381" lon="106.69550740"><ele>6.333</ele><time>2025-01-16T12:35:59.999Z</time><speed>5.849</speed><sat>19</sat></trkpt>
  <trkpt lat="10.78263412" lon="106.69549967"><ele>6.282</ele><time>2025-01-16T12:36:00.999Z</time><speed>5.894</speed><sat>24</sat></trkpt>
  <trkpt lat="10.78257982" lon="106.69550275"><ele>6.059</ele><time>2025-01-16T12:36:01.999Z</time><speed>5.677</speed><sat>23</sat></trkpt>
  <trkpt lat="10.78251988" lon="106.69552674"><ele>5.582</ele><time>2025-01-16T12:36:02.999Z</time><speed>5.456</speed><sat>27</sat></trkpt>
  <trkpt lat="10.78246677" lon="106.69555098"><ele>6.164</ele><time>2025-01-16T12:36:03.999Z</time><speed>5.541</speed><sat>25</sat></trkpt>
  <trkpt lat="10.78242026" lon="106.69558345"><ele>6.273</ele><time>2025-01-16T12:36:04.999Z</time><speed>5.646</speed><sat>25</sat></trkpt>
  <trkpt lat="10.78237634" lon="106.69561940"><ele>5.929</ele><time>2025-01-16T12:36:05.999Z</time><speed>5.550</speed><sat>25</sat></trkpt>
  <trkpt lat="10.78233226" lon="106.69565780"><ele>5.944</ele><time>2025-01-16T12:36:06.999Z</time><speed>5.166</speed><sat>24</sat></trkpt>
  <trkpt lat="10.78229262" lon="106.69570298"><ele>5.986</ele><time>2025-01-16T12:36:07.999Z</time><speed>5.624</speed><sat>25</sat></trkpt>
  <trkpt lat="10.78226295" lon="106.69575339"><ele>5.704</ele><time>2025-01-16T12:36:08.999Z</time><speed>5.857</speed><sat>27</sat></trkpt>
  <trkpt lat="10.78224405" lon="106.69580548"><ele>5.757</ele><time>2025-01-16T12:36:09.999Z</time><speed>5.865</speed><sat>25</sat></trkpt>
  <trkpt lat="10.78223496" lon="106.69585865"><ele>6.131</ele><time>2025-01-16T12:36:10.999Z</time><speed>5.906</speed><sat>27</sat></trkpt>
  <trkpt lat="10.78223062" lon="106.69591405"><ele>6.454</ele><time>2025-01-16T12:36:11.999Z</time><speed>5.842</speed><sat>27</sat></trkpt>
  <trkpt lat="10.78223622" lon="106.69596643"><ele>6.395</ele><time>2025-01-16T12:36:12.999Z</time><speed>5.455</speed><sat>27</sat></trkpt>
  <trkpt lat="10.78224523" lon="106.69601596"><ele>6.219</ele><time>2025-01-16T12:36:13.999Z</time><speed>5.165</speed><sat>24</sat></trkpt>
  <trkpt lat="10.78225273" lon="106.69606294"><ele>6.424</ele><time>2025-01-16T12:36:14.999Z</time><speed>5.073</speed><sat>26</sat></trkpt>
  <trkpt lat="10.78226070" lon="106.69611298"><ele>6.488</ele><time>2025-01-16T12:36:15.999Z</time><speed>4.792</speed><sat>27</sat></trkpt>
  <trkpt lat="10.78226656" lon="106.69615887"><ele>6.643</ele><time>2025-01-16T12:36:16.999Z</time><speed>4.458</speed><sat>25</sat></trkpt>
  <trkpt lat="10.78226750" lon="106.69619918"><ele>6.598</ele><time>2025-01-16T12:36:17.999Z</time><speed>4.077</speed><sat>25</sat></trkpt>
  <trkpt lat="10.78226253" lon="106.69623838"><ele>6.374</ele><time>2025-01-16T12:36:18.999Z</time><speed>4.226</speed><sat>24</sat></trkpt>
  <trkpt lat="10.78224981" lon="106.69627496"><ele>6.179</ele><time>2025-01-16T12:36:19.999Z</time><speed>4.204</speed><sat>24</sat></trkpt>
  <trkpt lat="10.78223292" lon="106.69631005"><ele>6.082</ele><time>2025-01-16T12:36:20.999Z</time><speed>4.185</speed><sat>24</sat></trkpt>
  <trkpt lat="10.78221031" lon="106.69634396"><ele>6.158</ele><time>2025-01-16T12:36:21.999Z</time><speed>4.441</speed><sat>24</sat></trkpt>
  <trkpt lat="10.78218448" lon="106.69637748"><ele>5.993</ele><time>2025-01-16T12:36:22.999Z</time><speed>4.603</speed><sat>25</sat></trkpt>
  <trkpt lat="10.78215611" lon="106.69641157"><ele>6.172</ele><time>2025-01-16T12:36:23.999Z</time><speed>4.796</speed><sat>27</sat></trkpt>
  <trkpt lat="10.78212653" lon="106.69644468"><ele>6.603</ele><time>2025-01-16T12:36:24.999Z</time><speed>4.841</speed><sat>24</sat></trkpt>
  <trkpt lat="10.78209641" lon="106.69647664"><ele>6.804</ele><time>2025-01-16T12:36:25.999Z</time><speed>4.783</speed><sat>23</sat></trkpt>
  <trkpt lat="10.78206617" lon="106.69650908"><ele>6.751</ele><time>2025-01-16T12:36:26.999Z</time><speed>4.731</speed><sat>26</sat></trkpt>
  <trkpt lat="10.78203624" lon="106.69654089"><ele>6.788</ele><time>2025-01-16T12:36:27.999Z</time><speed>4.640</speed><sat>25</sat></trkpt>
  <trkpt lat="10.78200700" lon="106.69657203"><ele>6.917</ele><time>2025-01-16T12:36:28.999Z</time><speed>4.594</speed><sat>25</sat></trkpt>
  <trkpt lat="10.78198046" lon="106.69660260"><ele>6.987</ele><time>2025-01-16T12:36:29.999Z</time><speed>4.310</speed><sat>25</sat></trkpt>
  <trkpt lat="10.78195570" lon="106.69663012"><ele>7.074</ele><time>2025-01-16T12:36:30.999Z</time><speed>3.755</speed><sat>25</sat></trkpt>
  <trkpt lat="10.78193636" lon="106.69665257"><ele>7.237</ele><time>2025-01-16T12:36:31.999Z</time><speed>2.947</speed><sat>24</sat></trkpt>
  <trkpt lat="10.78192022" lon="106.69667084"><ele>7.331</ele><time>2025-01-16T12:36:32.999Z</time><speed>2.359</speed><sat>27</sat></trkpt>
  <trkpt lat="10.78190581" lon="106.69668735"><ele>7.359</ele><time>2025-01-16T12:36:33.999Z</time><speed>2.098</speed><sat>27</sat></trkpt>
  <trkpt lat="10.78189442" lon="106.69669936"><ele>7.343</ele><time>2025-01-16T12:36:34.999Z</time><speed>1.586</speed><sat>26</sat></trkpt>
  <trkpt lat="10.78188523" lon="106.69670825"><ele>7.570</ele><time>2025-01-16T12:36:35.999Z</time><speed>1.383</speed><sat>27</sat></trkpt>
  <trkpt lat="10.78187729" lon="106.69671635"><ele>7.772</ele><time>2025-01-16T12:36:36.999Z</time><speed>1.161</speed><sat>27</sat></trkpt>
  <trkpt lat="10.78187151" lon="106.69672212"><ele>7.836</ele><time>2025-01-16T12:36:37.999Z</time><speed>0.830</speed><sat>27</sat></trkpt>
  <trkpt lat="10.78186265" lon="106.69672886"><ele>7.815</ele><time>2025-01-16T12:36:38.999Z</time><speed>0.505</speed><sat>27</sat></trkpt>
  <trkpt lat="10.78185979" lon="106.69672794"><ele>7.915</ele><time>2025-01-16T12:36:39.999Z</time><speed>0.342</speed><sat>26</sat></trkpt>
  <trkpt lat="10.78185861" lon="106.69672723"><ele>7.881</ele><time>2025-01-16T12:36:40.999Z</time><speed>0.000</speed><sat>26</sat></trkpt>
  <trkpt lat="10.78185861" lon="106.69672723"><ele>8.103</ele><time>2025-01-16T12:36:41.999Z</time><speed>0.000</speed><sat>26</sat></trkpt>
  <trkpt lat="10.78185861" lon="106.69672723"><ele>8.431</ele><time>2025-01-16T12:36:42.999Z</time><speed>0.000</speed><sat>26</sat></trkpt>
  <trkpt lat="10.78185861" lon="106.69672723"><ele>8.490</ele><time>2025-01-16T12:36:43.999Z</time><speed>0.000</speed><sat>26</sat></trkpt>
  <trkpt lat="10.78185861" lon="106.69672723"><ele>8.733</ele><time>2025-01-16T12:36:44.999Z</time><speed>0.000</speed><sat>23</sat></trkpt>
  <trkpt lat="10.78185861" lon="106.69672723"><ele>8.976</ele><time>2025-01-16T12:36:45.999Z</time><speed>0.000</speed><sat>23</sat></trkpt>
  <trkpt lat="10.78185861" lon="106.69672723"><ele>9.106</ele><time>2025-01-16T12:36:46.999Z</time><speed>0.000</speed><sat>24</sat></trkpt>
  <trkpt lat="10.78185861" lon="106.69672723"><ele>9.291</ele><time>2025-01-16T12:36:47.999Z</time><speed>0.000</speed><sat>25</sat></trkpt>
  <trkpt lat="10.78185861" lon="106.69672723"><ele>9.365</ele><time>2025-01-16T12:36:48.999Z</time><speed>0.000</speed><sat>24</sat></trkpt>
  <trkpt lat="10.78185572" lon="106.69672328"><ele>9.573</ele><time>2025-01-16T12:36:49.999Z</time><speed>0.548</speed><sat>23</sat></trkpt>
  <trkpt lat="10.78184742" lon="106.69673167"><ele>9.534</ele><time>2025-01-16T12:36:50.999Z</time><speed>1.267</speed><sat>24</sat></trkpt>
  <trkpt lat="10.78183629" lon="106.69674444"><ele>9.488</ele><time>2025-01-16T12:36:51.999Z</time><speed>1.820</speed><sat>24</sat></trkpt>
  <trkpt lat="10.78182340" lon="106.69675824"><ele>9.453</ele><time>2025-01-16T12:36:52.999Z</time><speed>2.130</speed><sat>23</sat></trkpt>
  <trkpt lat="10.78180726" lon="106.69677417"><ele>9.568</ele><time>2025-01-16T12:36:53.999Z</time><speed>2.415</speed><sat>26</sat></trkpt>
  <trkpt lat="10.78179008" lon="106.69679214"><ele>9.657</ele><time>2025-01-16T12:36:54.999Z</time><speed>2.655</speed><sat>28</sat></trkpt>
  <trkpt lat="10.78177167" lon="106.69681135"><ele>9.683</ele><time>2025-01-16T12:36:55.999Z</time><speed>2.822</speed><sat>28</sat></trkpt>
  <trkpt lat="10.78175113" lon="106.69683188"><ele>9.497</ele><time>2025-01-16T12:36:56.999Z</time><speed>3.188</speed><sat>25</sat></trkpt>
  <trkpt lat="10.78172840" lon="106.69685241"><ele>9.531</ele><time>2025-01-16T12:36:57.999Z</time><speed>3.310</speed><sat>28</sat></trkpt>
  <trkpt lat="10.78170381" lon="106.69687429"><ele>9.425</ele><time>2025-01-16T12:36:58.999Z</time><speed>3.616</speed><sat>25</sat></trkpt>
  <trkpt lat="10.78167926" lon="106.69689894"><ele>9.441</ele><time>2025-01-16T12:36:59.999Z</time><speed>3.867</speed><sat>26</sat></trkpt>
  <trkpt lat="10.78165362" lon="106.69692669"><ele>9.471</ele><time>2025-01-16T12:37:00.999Z</time><speed>4.243</speed><sat>25</sat></trkpt>
  <trkpt lat="10.78162805" lon="106.69695749"><ele>9.481</ele><time>2025-01-16T12:37:01.999Z</time><speed>4.432</speed><sat>24</sat></trkpt>
  <trkpt lat="10.78160192" lon="106.69698916"><ele>9.354</ele><time>2025-01-16T12:37:02.999Z</time><speed>4.590</speed><sat>24</sat></trkpt>
  <trkpt lat="10.78157478" lon="106.69702231"><ele>9.370</ele><time>2025-01-16T12:37:03.999Z</time><speed>4.787</speed><sat>25</sat></trkpt>
  <trkpt lat="10.78154486" lon="106.69705617"><ele>9.274</ele><time>2025-01-16T12:37:04.999Z</time><speed>4.757</speed><sat>25</sat></trkpt>
  <trkpt lat="10.78151413" lon="106.69709131"><ele>9.233</ele><time>2025-01-16T12:37:05.999Z</time><speed>5.112</speed><sat>26</sat></trkpt>
  <trkpt lat="10.78148227" lon="106.69712685"><ele>9.317</ele><time>2025-01-16T12:37:06.999Z</time><speed>5.168</speed><sat>26</sat></trkpt>
  <trkpt lat="10.78144793" lon="106.69716684"><ele>9.404</ele><time>2025-01-16T12:37:07.999Z</time><speed>5.229</speed><sat>25</sat></trkpt>
  <trkpt lat="10.78141536" lon="106.69720432"><ele>9.493</ele><time>2025-01-16T12:37:08.999Z</time><speed>5.155</speed><sat>26</sat></trkpt>
  <trkpt lat="10.78138625" lon="106.69723889"><ele>9.707</ele><time>2025-01-16T12:37:09.999Z</time><speed>5.186</speed><sat>26</sat></trkpt>
  <trkpt lat="10.78135609" lon="106.69727472"><ele>9.749</ele><time>2025-01-16T12:37:10.999Z</time><speed>5.152</speed><sat>27</sat></trkpt>
  <trkpt lat="10.78132532" lon="106.69730986"><ele>9.813</ele><time>2025-01-16T12:37:11.999Z</time><speed>4.925</speed><sat>25</sat></trkpt>
  <trkpt lat="10.78129831" lon="106.69734205"><ele>10.065</ele><time>2025-01-16T12:37:12.999Z</time><speed>4.913</speed><sat>27</sat></trkpt>
  <trkpt lat="10.78126886" lon="106.69737548"><ele>9.834</ele><time>2025-01-16T12:37:13.999Z</time><speed>4.860</speed><sat>27</sat></trkpt>
  <trkpt lat="10.78123802" lon="106.69741012"><ele>9.713</ele><time>2025-01-16T12:37:14.999Z</time><speed>4.745</speed><sat>27</sat></trkpt>
  <trkpt lat="10.78120918" lon="106.69744080"><ele>9.536</ele><time>2025-01-16T12:37:15.999Z</time><speed>4.762</speed><sat>27</sat></trkpt>
  <trkpt lat="10.78117984" lon="106.69747263"><ele>9.569</ele><time>2025-01-16T12:37:16.999Z</time><speed>4.849</speed><sat>28</sat></trkpt>
  <trkpt lat="10.78114693" lon="106.69750755"><ele>9.619</ele><time>2025-01-16T12:37:17.999Z</time><speed>4.717</speed><sat>28</sat></trkpt>
  <trkpt lat="10.78111823" lon="106.69754023"><ele>9.517</ele><time>2025-01-16T12:37:18.999Z</time><speed>4.751</speed><sat>28</sat></trkpt>
  <trkpt lat="10.78108776" lon="106.69757178"><ele>9.731</ele><time>2025-01-16T12:37:19.999Z</time><speed>4.850</speed><sat>27</sat></trkpt>
  <trkpt lat="10.78105553" lon="106.69760525"><ele>9.614</ele><time>2025-01-16T12:37:20.999Z</time><speed>5.157</speed><sat>27</sat></trkpt>
  <trkpt lat="10.78102435" lon="106.69763901"><ele>9.608</ele><time>2025-01-16T12:37:21.999Z</time><speed>5.235</speed><sat>26</sat></trkpt>
  <trkpt lat="10.78099274" lon="106.69767394"><ele>9.676</ele><time>2025-01-16T12:37:22.999Z</time><speed>5.039</speed><sat>26</sat></trkpt>
  <trkpt lat="10.78096234" lon="106.69770702"><ele>9.485</ele><time>2025-01-16T12:37:23.999Z</time><speed>4.787</speed><sat>26</sat></trkpt>
  <trkpt lat="10.78093212" lon="106.69774100"><ele>9.634</ele><time>2025-01-16T12:37:24.999Z</time><speed>4.992</speed><sat>27</sat></trkpt>
  <trkpt lat="10.78090266" lon="106.69777447"><ele>9.625</ele><time>2025-01-16T12:37:25.999Z</time><speed>4.739</speed><sat>26</sat></trkpt>
  <trkpt lat="10.78087586" lon="106.69780704"><ele>9.603</ele><time>2025-01-16T12:37:26.999Z</time><speed>4.469</speed><sat>28</sat></trkpt>
  <trkpt lat="10.78085456" lon="106.69783464"><ele>9.652</ele><time>2025-01-16T12:37:27.999Z</time><speed>3.762</speed><sat>25</sat></trkpt>
  <trkpt lat="10.78083346" lon="106.69786138"><ele>9.761</ele><time>2025-01-16T12:37:28.999Z</time><speed>3.711</speed><sat>27</sat></trkpt>
  <trkpt lat="10.78080983" lon="106.69788927"><ele>9.640</ele><time>2025-01-16T12:37:29.999Z</time><speed>4.011</speed><sat>25</sat></trkpt>
  <trkpt lat="10.78078285" lon="106.69791845"><ele>9.670</ele><time>2025-01-16T12:37:30.999Z</time><speed>4.416</speed><sat>24</sat></trkpt>
  <trkpt lat="10.78075287" lon="106.69794970"><ele>9.718</ele><time>2025-01-16T12:37:31.999Z</time><speed>4.733</speed><sat>23</sat></trkpt>
  <trkpt lat="10.78072311" lon="106.69798014"><ele>9.832</ele><time>2025-01-16T12:37:32.999Z</time><speed>4.883</speed><sat>24</sat></trkpt>
  <trkpt lat="10.78068943" lon="106.69801135"><ele>10.053</ele><time>2025-01-16T12:37:33.999Z</time><speed>4.981</speed><sat>23</sat></trkpt>
  <trkpt lat="10.78065830" lon="106.69804327"><ele>9.969</ele><time>2025-01-16T12:37:34.999Z</time><speed>4.713</speed><sat>23</sat></trkpt>
  <trkpt lat="10.78062952" lon="106.69807264"><ele>9.885</ele><time>2025-01-16T12:37:35.999Z</time><speed>4.456</speed><sat>26</sat></trkpt>
  <trkpt lat="10.78060678" lon="106.69810070"><ele>9.979</ele><time>2025-01-16T12:37:36.999Z</time><speed>3.844</speed><sat>27</sat></trkpt>
  <trkpt lat="10.78058368" lon="106.69812956"><ele>10.321</ele><time>2025-01-16T12:37:37.999Z</time><speed>3.693</speed><sat>27</sat></trkpt>
  <trkpt lat="10.78056118" lon="106.69815368"><ele>10.335</ele><time>2025-01-16T12:37:38.999Z</time><speed>3.504</speed><sat>25</sat></trkpt>
  <trkpt lat="10.78053934" lon="106.69817718"><ele>10.306</ele><time>2025-01-16T12:37:39.999Z</time><speed>2.984</speed><sat>25</sat></trkpt>
  <trkpt lat="10.78051810" lon="106.69819776"><ele>10.158</ele><time>2025-01-16T12:37:40.999Z</time><speed>2.736</speed><sat>25</sat></trkpt>
  <trkpt lat="10.78050093" lon="106.69821650"><ele>9.885</ele><time>2025-01-16T12:37:41.999Z</time><speed>2.445</speed><sat>28</sat></trkpt>
  <trkpt lat="10.78048630" lon="106.69823176"><ele>9.952</ele><time>2025-01-16T12:37:42.999Z</time><speed>2.216</speed><sat>27</sat></trkpt>
  <trkpt lat="10.78047228" lon="106.69824450"><ele>9.859</ele><time>2025-01-16T12:37:43.999Z</time><speed>1.749</speed><sat>25</sat></trkpt>
  <trkpt lat="10.78046425" lon="106.69825509"><ele>9.711</ele><time>2025-01-16T12:37:44.999Z</time><speed>1.366</speed><sat>25</sat></trkpt>
  <trkpt lat="10.78046026" lon="106.69826094"><ele>9.665</ele><time>2025-01-16T12:37:45.999Z</time><speed>0.717</speed><sat>24</sat></trkpt>
  <trkpt lat="10.78045827" lon="106.69826458"><ele>9.392</ele><time>2025-01-16T12:37:46.999Z</time><speed>0.402</speed><sat>23</sat></trkpt>
  <trkpt lat="10.78045730" lon="106.69826526"><ele>9.284</ele><time>2025-01-16T12:37:47.999Z</time><speed>0.000</speed><sat>23</sat></trkpt>
  <trkpt lat="10.78045730" lon="106.69826526"><ele>9.293</ele><time>2025-01-16T12:37:48.999Z</time><speed>0.000</speed><sat>26</sat></trkpt>
  <trkpt lat="10.78045730" lon="106.69826526"><ele>9.365</ele><time>2025-01-16T12:37:49.999Z</time><speed>0.000</speed><sat>26</sat></trkpt>
  <trkpt lat="10.78045730" lon="106.69826526"><ele>9.118</ele><time>2025-01-16T12:37:50.999Z</time><speed>0.000</speed><sat>25</sat></trkpt>
  <trkpt lat="10.78045730" lon="106.69826526"><ele>9.045</ele><time>2025-01-16T12:37:51.999Z</time><speed>0.000</speed><sat>26</sat></trkpt>
  <trkpt lat="10.78045730" lon="106.69826526"><ele>8.440</ele><time>2025-01-16T12:37:52.999Z</time><speed>0.000</speed><sat>26</sat></trkpt>
  <trkpt lat="10.78045730" lon="106.69826526"><ele>8.385</ele><time>2025-01-16T12:37:53.999Z</time><speed>0.000</speed><sat>25</sat></trkpt>
  <trkpt lat="10.78045730" lon="106.69826526"><ele>8.211</ele><time>2025-01-16T12:37:54.999Z</time><speed>0.000</speed><sat>24</sat></trkpt>
  <trkpt lat="10.78045730" lon="106.69826526"><ele>8.241</ele><time>2025-01-16T12:37:55.999Z</time><speed>0.000</speed><sat>24</sat></trkpt>
  <trkpt lat="10.78045730" lon="106.69826526"><ele>8.340</ele><time>2025-01-16T12:37:56.999Z</time><speed>0.000</speed><sat>23</sat></trkpt>
  <trkpt lat="10.78045730" lon="106.69826526"><ele>8.371</ele><time>2025-01-16T12:37:57.999Z</time><speed>0.000</speed><sat>19</sat></trkpt>
  <trkpt lat="10.78045730" lon="106.69826526"><ele>8.448</ele><time>2025-01-16T12:37:58.999Z</time><speed>0.000</speed><sat>22</sat></trkpt>
  <trkpt lat="10.78045730" lon="106.69826526"><ele>8.567</ele><time>2025-01-16T12:37:59.999Z</time><speed>0.000</speed><sat>21</sat></trkpt>
  <trkpt lat="10.78045730" lon="106.69826526"><ele>8.644</ele><time>2025-01-16T12:38:00.999Z</time><speed>0.000</speed><sat>24</sat></trkpt>
  <trkpt lat="10.78045730" lon="106.69826526"><ele>8.785</ele><time>2025-01-16T12:38:01.999Z</time><speed>0.000</speed><sat>24</sat></trkpt>
  <trkpt lat="10.78045730" lon="106.69826526"><ele>8.927</ele><time>2025-01-16T12:38:02.999Z</time><speed>0.000</speed><sat>23</sat></trkpt>
  <trkpt lat="10.78045730" lon="106.69826526"><ele>8.928</ele><time>2025-01-16T12:38:03.999Z</time><speed>0.000</speed><sat>25</sat></trkpt>
  <trkpt lat="10.78045730" lon="106.69826526"><ele>8.964</ele><time>2025-01-16T12:38:04.999Z</time><speed>0.000</speed><sat>25</sat></trkpt>
  <trkpt lat="10.78044090" lon="106.69827742"><ele>9.014</ele><time>2025-01-16T12:38:05.999Z</time><speed>0.711</speed><sat>25</sat></trkpt>
  <trkpt lat="10.78043108" lon="106.69828832"><ele>9.036</ele><time>2025-01-16T12:38:06.999Z</time><speed>1.621</speed><sat>27</sat></trkpt>
  <trkpt lat="10.78041588" lon="106.69830517"><ele>9.047</ele><time>2025-01-16T12:38:07.999Z</time><speed>2.599</speed><sat>27</sat></trkpt>
  <trkpt lat="10.78039722" lon="106.69832493"><ele>8.730</ele><time>2025-01-16T12:38:08.999Z</time><speed>2.938</speed><sat>27</sat></trkpt>
  <trkpt lat="10.78037753" lon="106.69834525"><ele>8.495</ele><time>2025-01-16T12:38:09.999Z</time><speed>3.201</speed><sat>27</sat></trkpt>
  <trkpt lat="10.78035549" lon="106.69836510"><ele>8.468</ele><time>2025-01-16T12:38:10.999Z</time><speed>3.331</speed><sat>26</sat></trkpt>
  <trkpt lat="10.78033116" lon="106.69838344"><ele>8.445</ele><time>2025-01-16T12:38:11.999Z</time><speed>3.369</speed><sat>27</sat></trkpt>
  <trkpt lat="10.78030594" lon="106.69839791"><ele>8.403</ele><time>2025-01-16T12:38:12.999Z</time><speed>3.204</speed><sat>27</sat></trkpt>
  <trkpt lat="10.78027931" lon="106.69840880"><ele>8.395</ele><time>2025-01-16T12:38:13.999Z</time><speed>3.114</speed><sat>26</sat></trkpt>
  <trkpt lat="10.78025128" lon="106.69841652"><ele>8.513</ele><time>2025-01-16T12:38:14.999Z</time><speed>3.192</speed><sat>27</sat></trkpt>
  <trkpt lat="10.78022148" lon="106.69842205"><ele>8.568</ele><time>2025-01-16T12:38:15.999Z</time><speed>3.340</speed><sat>26</sat></trkpt>
  <trkpt lat="10.78019087" lon="106.69842589"><ele>8.547</ele><time>2025-01-16T12:38:16.999Z</time><speed>3.439</speed><sat>27</sat></trkpt>
  <trkpt lat="10.78015911" lon="106.69842831"><ele>8.489</ele><time>2025-01-16T12:38:17.999Z</time><speed>3.574</speed><sat>26</sat></trkpt>
  <trkpt lat="10.78012632" lon="106.69843150"><ele>8.484</ele><time>2025-01-16T12:38:18.999Z</time><speed>3.714</speed><sat>26</sat></trkpt>
  <trkpt lat="10.78009188" lon="106.69843378"><ele>8.440</ele><time>2025-01-16T12:38:19.999Z</time><speed>3.827</speed><sat>26</sat></trkpt>
  <trkpt lat="10.78005694" lon="106.69843753"><ele>8.560</ele><time>2025-01-16T12:38:20.999Z</time><speed>3.954</speed><sat>27</sat></trkpt>
  <trkpt lat="10.78002187" lon="106.69844295"><ele>8.633</ele><time>2025-01-16T12:38:21.999Z</time><speed>3.821</speed><sat>27</sat></trkpt>
  <trkpt lat="10.77998801" lon="106.69845196"><ele>8.613</ele><time>2025-01-16T12:38:22.999Z</time><speed>3.934</speed><sat>27</sat></trkpt>
  <trkpt lat="10.77995494" lon="106.69846550"><ele>8.641</ele><time>2025-01-16T12:38:23.999Z</time><speed>4.047</speed><sat>27</sat></trkpt>
  <trkpt lat="10.77992552" lon="106.69848002"><ele>8.494</ele><time>2025-01-16T12:38:24.999Z</time><speed>4.128</speed><sat>26</sat></trkpt>
  <trkpt lat="10.77989620" lon="106.69850623"><ele>8.543</ele><time>2025-01-16T12:38:25.999Z</time><speed>4.206</speed><sat>27</sat></trkpt>
  <trkpt lat="10.77987128" lon="106.69853333"><ele>8.489</ele><time>2025-01-16T12:38:26.999Z</time><speed>4.292</speed><sat>27</sat></trkpt>
  <trkpt lat="10.77984582" lon="106.69856182"><ele>8.348</ele><time>2025-01-16T12:38:27.999Z</time><speed>4.304</speed><sat>27</sat></trkpt>
  <trkpt lat="10.77982103" lon="106.69859306"><ele>8.142</ele><time>2025-01-16T12:38:28.999Z</time><speed>4.432</speed><sat>28</sat></trkpt>
  <trkpt lat="10.77979529" lon="106.69862419"><ele>8.115</ele><time>2025-01-16T12:38:29.999Z</time><speed>4.531</speed><sat>28</sat></trkpt>
  <trkpt lat="10.77976765" lon="106.69865776"><ele>8.115</ele><time>2025-01-16T12:38:30.999Z</time><speed>4.862</speed><sat>26</sat></trkpt>
  <trkpt lat="10.77973742" lon="106.69869376"><ele>8.169</ele><time>2025-01-16T12:38:31.999Z</time><speed>5.295</speed><sat>27</sat></trkpt>
  <trkpt lat="10.77970385" lon="106.69873353"><ele>8.054</ele><time>2025-01-16T12:38:32.999Z</time><speed>5.828</speed><sat>25</sat></trkpt>
  <trkpt lat="10.77966839" lon="106.69877434"><ele>7.996</ele><time>2025-01-16T12:38:33.999Z</time><speed>6.044</speed><sat>26</sat></trkpt>
  <trkpt lat="10.77963070" lon="106.69881574"><ele>7.877</ele><time>2025-01-16T12:38:34.999Z</time><speed>6.140</speed><sat>26</sat></trkpt>
  <trkpt lat="10.77959238" lon="106.69885683"><ele>7.914</ele><time>2025-01-16T12:38:35.999Z</time><speed>6.135</speed><sat>23</sat></trkpt>
  <trkpt lat="10.77955378" lon="106.69889779"><ele>7.991</ele><time>2025-01-16T12:38:36.999Z</time><speed>6.160</speed><sat>26</sat></trkpt>
  <trkpt lat="10.77951544" lon="106.69893802"><ele>7.934</ele><time>2025-01-16T12:38:37.999Z</time><speed>6.135</speed><sat>26</sat></trkpt>
  <trkpt lat="10.77947844" lon="106.69897775"><ele>8.049</ele><time>2025-01-16T12:38:38.999Z</time><speed>5.912</speed><sat>27</sat></trkpt>
  <trkpt lat="10.77944218" lon="106.69901960"><ele>8.095</ele><time>2025-01-16T12:38:39.999Z</time><speed>5.672</speed><sat>27</sat></trkpt>
  <trkpt lat="10.77940813" lon="106.69905613"><ele>8.026</ele><time>2025-01-16T12:38:40.999Z</time><speed>5.532</speed><sat>28</sat></trkpt>
  <trkpt lat="10.77937410" lon="106.69909361"><ele>8.103</ele><time>2025-01-16T12:38:41.999Z</time><speed>5.579</speed><sat>27</sat></trkpt>
  <trkpt lat="10.77933908" lon="106.69913338"><ele>8.222</ele><time>2025-01-16T12:38:42.999Z</time><speed>5.764</speed><sat>27</sat></trkpt>
  <trkpt lat="10.77930246" lon="106.69917527"><ele>8.107</ele><time>2025-01-16T12:38:43.999Z</time><speed>5.986</speed><sat>28</sat></trkpt>
  <trkpt lat="10.77926488" lon="106.69921623"><ele>8.111</ele><time>2025-01-16T12:38:44.999Z</time><speed>6.013</speed><sat>29</sat></trkpt>
  <trkpt lat="10.77922674" lon="106.69925719"><ele>7.997</ele><time>2025-01-16T12:38:45.999Z</time><speed>6.243</speed><sat>28</sat></trkpt>
  <trkpt lat="10.77918690" lon="106.69930003"><ele>8.077</ele><time>2025-01-16T12:38:46.999Z</time><speed>6.545</speed><sat>29</sat></trkpt>
  <trkpt lat="10.77914769" lon="106.69934619"><ele>7.973</ele><time>2025-01-16T12:38:47.999Z</time><speed>6.664</speed><sat>26</sat></trkpt>
  <trkpt lat="10.77910926" lon="106.69939262"><ele>7.999</ele><time>2025-01-16T12:38:48.999Z</time><speed>6.537</speed><sat>25</sat></trkpt>
  <trkpt lat="10.77907333" lon="106.69943891"><ele>7.998</ele><time>2025-01-16T12:38:49.999Z</time><speed>6.368</speed><sat>26</sat></trkpt>
  <trkpt lat="10.77903985" lon="106.69948312"><ele>7.880</ele><time>2025-01-16T12:38:50.999Z</time><speed>6.000</speed><sat>27</sat></trkpt>
  <trkpt lat="10.77900926" lon="106.69952698"><ele>7.819</ele><time>2025-01-16T12:38:51.999Z</time><speed>5.806</speed><sat>27</sat></trkpt>
  <trkpt lat="10.77898100" lon="106.69957159"><ele>7.626</ele><time>2025-01-16T12:38:52.999Z</time><speed>5.836</speed><sat>28</sat></trkpt>
  <trkpt lat="10.77895603" lon="106.69961855"><ele>7.485</ele><time>2025-01-16T12:38:53.999Z</time><speed>5.718</speed><sat>27</sat></trkpt>
  <trkpt lat="10.77893621" lon="106.69966616"><ele>7.496</ele><time>2025-01-16T12:38:54.999Z</time><speed>5.565</speed><sat>28</sat></trkpt>
  <trkpt lat="10.77892320" lon="106.69971397"><ele>7.377</ele><time>2025-01-16T12:38:55.999Z</time><speed>5.299</speed><sat>27</sat></trkpt>
  <trkpt lat="10.77891484" lon="106.69975891"><ele>7.336</ele><time>2025-01-16T12:38:56.999Z</time><speed>4.922</speed><sat>27</sat></trkpt>
  <trkpt lat="10.77890751" lon="106.69979996"><ele>7.261</ele><time>2025-01-16T12:38:57.999Z</time><speed>4.310</speed><sat>28</sat></trkpt>
  <trkpt lat="10.77890238" lon="106.69983763"><ele>7.292</ele><time>2025-01-16T12:38:58.999Z</time><speed>4.160</speed><sat>27</sat></trkpt>
  <trkpt lat="10.77889696" lon="106.69987786"><ele>7.263</ele><time>2025-01-16T12:38:59.999Z</time><speed>4.625</speed><sat>26</sat></trkpt>
  <trkpt lat="10.77889115" lon="106.69991544"><ele>7.165</ele><time>2025-01-16T12:39:00.999Z</time><speed>4.762</speed><sat>25</sat></trkpt>
  <trkpt lat="10.77888283" lon="106.69995633"><ele>7.139</ele><time>2025-01-16T12:39:01.999Z</time><speed>4.737</speed><sat>25</sat></trkpt>
  <trkpt lat="10.77887022" lon="106.69999626"><ele>7.137</ele><time>2025-01-16T12:39:02.999Z</time><speed>4.882</speed><sat>26</sat></trkpt>
  <trkpt lat="10.77884526" lon="106.70003285"><ele>7.338</ele><time>2025-01-16T12:39:03.999Z</time><speed>4.958</speed><sat>23</sat></trkpt>
  <trkpt lat="10.77881388" lon="106.70006856"><ele>7.467</ele><time>2025-01-16T12:39:04.999Z</time><speed>4.912</speed><sat>22</sat></trkpt>
  <trkpt lat="10.77878466" lon="106.70010151"><ele>7.285</ele><time>2025-01-16T12:39:05.999Z</time><speed>4.637</speed><sat>23</sat></trkpt>
  <trkpt lat="10.77875638" lon="106.70013160"><ele>7.361</ele><time>2025-01-16T12:39:06.999Z</time><speed>4.442</speed><sat>21</sat></trkpt>
  <trkpt lat="10.77872746" lon="106.70015917"><ele>7.318</ele><time>2025-01-16T12:39:07.999Z</time><speed>4.137</speed><sat>22</sat></trkpt>
  <trkpt lat="10.77869841" lon="106.70018741"><ele>7.158</ele><time>2025-01-16T12:39:08.999Z</time><speed>4.242</speed><sat>23</sat></trkpt>
  <trkpt lat="10.77866994" lon="106.70021736"><ele>7.008</ele><time>2025-01-16T12:39:09.999Z</time><speed>4.327</speed><sat>22</sat></trkpt>
  <trkpt lat="10.77864286" lon="106.70024666"><ele>6.797</ele><time>2025-01-16T12:39:10.999Z</time><speed>4.040</speed><sat>23</sat></trkpt>
  <trkpt lat="10.77861816" lon="106.70027452"><ele>6.610</ele><time>2025-01-16T12:39:11.999Z</time><speed>3.756</speed><sat>23</sat></trkpt>
  <trkpt lat="10.77859600" lon="106.70029890"><ele>6.655</ele><time>2025-01-16T12:39:12.999Z</time><speed>3.582</speed><sat>22</sat></trkpt>
  <trkpt lat="10.77857553" lon="106.70032103"><ele>6.632</ele><time>2025-01-16T12:39:13.999Z</time><speed>3.149</speed><sat>22</sat></trkpt>
  <trkpt lat="10.77855518" lon="106.70034155"><ele>6.410</ele><time>2025-01-16T12:39:14.999Z</time><speed>2.939</speed><sat>23</sat></trkpt>
  <trkpt lat="10.77853675" lon="106.70035924"><ele>6.254</ele><time>2025-01-16T12:39:15.999Z</time><speed>2.603</speed><sat>24</sat></trkpt>
  <trkpt lat="10.77852041" lon="106.70037541"><ele>6.079</ele><time>2025-01-16T12:39:16.999Z</time><speed>2.235</speed><sat>23</sat></trkpt>
  <trkpt lat="10.77850479" lon="106.70039108"><ele>6.185</ele><time>2025-01-16T12:39:17.999Z</time><speed>2.261</speed><sat>22</sat></trkpt>
  <trkpt lat="10.77848835" lon="106.70040741"><ele>5.980</ele><time>2025-01-16T12:39:18.999Z</time><speed>2.086</speed><sat>22</sat></trkpt>
  <trkpt lat="10.77847416" lon="106.70042282"><ele>6.001</ele><time>2025-01-16T12:39:19.999Z</time><speed>2.173</speed><sat>22</sat></trkpt>
  <trkpt lat="10.77845953" lon="106.70043855"><ele>5.763</ele><time>2025-01-16T12:39:20.999Z</time><speed>2.238</speed><sat>23</sat></trkpt>
  <trkpt lat="10.77844313" lon="106.70045483"><ele>5.904</ele><time>2025-01-16T12:39:21.999Z</time><speed>2.480</speed><sat>21</sat></trkpt>
  <trkpt lat="10.77842648" lon="106.70047063"><ele>5.930</ele><time>2025-01-16T12:39:22.999Z</time><speed>2.394</speed><sat>21</sat></trkpt>
  <trkpt lat="10.77841156" lon="106.70048481"><ele>5.931</ele><time>2025-01-16T12:39:23.999Z</time><speed>1.930</speed><sat>21</sat></trkpt>
  <trkpt lat="10.77840366" lon="106.70049734"><ele>6.484</ele><time>2025-01-16T12:39:24.999Z</time><speed>1.616</speed><sat>22</sat></trkpt>
  <trkpt lat="10.77839641" lon="106.70050825"><ele>6.587</ele><time>2025-01-16T12:39:26Z</time><speed>1.174</speed><sat>22</sat></trkpt>
  <trkpt lat="10.77839084" lon="106.70051524"><ele>6.722</ele><time>2025-01-16T12:39:27Z</time><speed>0.949</speed><sat>22</sat></trkpt>
  <trkpt lat="10.77838629" lon="106.70052105"><ele>6.833</ele><time>2025-01-16T12:39:28Z</time><speed>1.369</speed><sat>22</sat></trkpt>
  <trkpt lat="10.77837796" lon="106.70053268"><ele>6.800</ele><time>2025-01-16T12:39:29Z</time><speed>1.612</speed><sat>21</sat></trkpt>
  <trkpt lat="10.77836479" lon="106.70054744"><ele>7.118</ele><time>2025-01-16T12:39:30Z</time><speed>2.142</speed><sat>21</sat></trkpt>
  <trkpt lat="10.77834848" lon="106.70056469"><ele>7.295</ele><time>2025-01-16T12:39:31Z</time><speed>2.696</speed><sat>21</sat></trkpt>
  <trkpt lat="10.77833071" lon="106.70058587"><ele>7.448</ele><time>2025-01-16T12:39:32Z</time><speed>2.951</speed><sat>22</sat></trkpt>
  <trkpt lat="10.77831254" lon="106.70060715"><ele>7.577</ele><time>2025-01-16T12:39:33Z</time><speed>3.247</speed><sat>22</sat></trkpt>
  <trkpt lat="10.77829292" lon="106.70063100"><ele>7.714</ele><time>2025-01-16T12:39:34Z</time><speed>3.564</speed><sat>23</sat></trkpt>
  <trkpt lat="10.77827179" lon="106.70065783"><ele>7.818</ele><time>2025-01-16T12:39:35Z</time><speed>3.884</speed><sat>23</sat></trkpt>
  <trkpt lat="10.77824759" lon="106.70068648"><ele>7.848</ele><time>2025-01-16T12:39:36Z</time><speed>4.201</speed><sat>24</sat></trkpt>
  <trkpt lat="10.77822255" lon="106.70071610"><ele>7.935</ele><time>2025-01-16T12:39:37Z</time><speed>4.205</speed><sat>24</sat></trkpt>
  <trkpt lat="10.77819823" lon="106.70074350"><ele>8.291</ele><time>2025-01-16T12:39:38Z</time><speed>3.961</speed><sat>23</sat></trkpt>
  <trkpt lat="10.77817447" lon="106.70077163"><ele>8.059</ele><time>2025-01-16T12:39:39Z</time><speed>4.037</speed><sat>24</sat></trkpt>
  <trkpt lat="10.77814945" lon="106.70079924"><ele>8.054</ele><time>2025-01-16T12:39:40Z</time><speed>4.216</speed><sat>26</sat></trkpt>
  <trkpt lat="10.77812283" lon="106.70083018"><ele>8.046</ele><time>2025-01-16T12:39:41Z</time><speed>4.197</speed><sat>23</sat></trkpt>
  <trkpt lat="10.77809860" lon="106.70085734"><ele>7.806</ele><time>2025-01-16T12:39:42Z</time><speed>3.773</speed><sat>23</sat></trkpt>
  <trkpt lat="10.77808127" lon="106.70087711"><ele>7.577</ele><time>2025-01-16T12:39:43Z</time><speed>2.669</speed><sat>24</sat></trkpt>
  <trkpt lat="10.77806519" lon="106.70089408"><ele>7.443</ele><time>2025-01-16T12:39:44Z</time><speed>1.624</speed><sat>25</sat></trkpt>
  <trkpt lat="10.77805823" lon="106.70090126"><ele>6.862</ele><time>2025-01-16T12:39:45Z</time><speed>0.654</speed><sat>21</sat></trkpt>
  <trkpt lat="10.77805403" lon="106.70090435"><ele>6.696</ele><time>2025-01-16T12:39:46Z</time><speed>0.000</speed><sat>21</sat></trkpt>
  <trkpt lat="10.77805403" lon="106.70090435"><ele>6.206</ele><time>2025-01-16T12:39:47Z</time><speed>0.000</speed><sat>20</sat></trkpt>
  <trkpt lat="10.77805886" lon="106.70089946"><ele>5.711</ele><time>2025-01-16T12:39:48Z</time><speed>0.309</speed><sat>17</sat></trkpt>
  <trkpt lat="10.77806256" lon="106.70089769"><ele>5.737</ele><time>2025-01-16T12:39:49Z</time><speed>0.000</speed><sat>17</sat></trkpt>
  <trkpt lat="10.77806256" lon="106.70089769"><ele>5.449</ele><time>2025-01-16T12:39:50Z</time><speed>0.000</speed><sat>16</sat></trkpt>
  <trkpt lat="10.77806256" lon="106.70089769"><ele>4.904</ele><time>2025-01-16T12:39:51Z</time><speed>0.000</speed><sat>17</sat></trkpt>
  <trkpt lat="10.77806256" lon="106.70089769"><ele>4.925</ele><time>2025-01-16T12:39:52Z</time><speed>0.000</speed><sat>18</sat></trkpt>
  <trkpt lat="10.77806256" lon="106.70089769"><ele>4.971</ele><time>2025-01-16T12:39:53Z</time><speed>0.000</speed><sat>17</sat></trkpt>
  <trkpt lat="10.77806256" lon="106.70089769"><ele>5.409</ele><time>2025-01-16T12:39:54Z</time><speed>0.000</speed><sat>18</sat></trkpt>
  <trkpt lat="10.77806256" lon="106.70089769"><ele>5.024</ele><time>2025-01-16T12:39:55Z</time><speed>0.000</speed><sat>19</sat></trkpt>
  <trkpt lat="10.77806256" lon="106.70089769"><ele>4.997</ele><time>2025-01-16T12:39:56Z</time><speed>0.000</speed><sat>19</sat></trkpt>
  <trkpt lat="10.77806256" lon="106.70089769"><ele>5.110</ele><time>2025-01-16T12:39:57Z</time><speed>0.000</speed><sat>17</sat></trkpt>
  <trkpt lat="10.77806256" lon="106.70089769"><ele>5.056</ele><time>2025-01-16T12:39:58Z</time><speed>0.000</speed><sat>15</sat></trkpt>
  <trkpt lat="10.77806256" lon="106.70089769"><ele>5.041</ele><time>2025-01-16T12:39:59Z</time><speed>0.000</speed><sat>15</sat></trkpt>
  <trkpt lat="10.77806256" lon="106.70089769"><ele>4.953</ele><time>2025-01-16T12:40:00Z</time><speed>0.000</speed><sat>14</sat></trkpt>
  <trkpt lat="10.77806256" lon="106.70089769"><ele>4.936</ele><time>2025-01-16T12:40:01Z</time><speed>0.000</speed><sat>14</sat></trkpt>
  <trkpt lat="10.77806256" lon="106.70089769"><ele>5.035</ele><time>2025-01-16T12:40:02Z</time><speed>0.000</speed><sat>13</sat></trkpt>
  <trkpt lat="10.77806256" lon="106.70089769"><ele>5.007</ele><time>2025-01-16T12:40:03Z</time><speed>0.000</speed><sat>12</sat></trkpt>
  <trkpt lat="10.77806256" lon="106.70089769"><ele>4.937</ele><time>2025-01-16T12:40:04Z</time><speed>0.000</speed><sat>13</sat></trkpt>
  <trkpt lat="10.77806256" lon="106.70089769"><ele>4.873</ele><time>2025-01-16T12:40:05Z</time><speed>0.000</speed><sat>14</sat></trkpt>
  <trkpt lat="10.77806256" lon="106.70089769"><ele>4.744</ele><time>2025-01-16T12:40:06Z</time><speed>0.000</speed><sat>14</sat></trkpt>
  <trkpt lat="10.77806256" lon="106.70089769"><ele>4.648</ele><time>2025-01-16T12:40:07Z</time><speed>0.000</speed><sat>14</sat></trkpt>
  <trkpt lat="10.77806256" lon="106.70089769"><ele>4.758</ele><time>2025-01-16T12:40:08Z</time><speed>0.000</speed><sat>15</sat></trkpt>
  <trkpt lat="10.77806256" lon="106.70089769"><ele>4.802</ele><time>2025-01-16T12:40:09Z</time><speed>0.000</speed><sat>15</sat></trkpt>
  <trkpt lat="10.77806256" lon="106.70089769"><ele>4.735</ele><time>2025-01-16T12:40:10Z</time><speed>0.000</speed><sat>15</sat></trkpt>
  <trkpt lat="10.77806256" lon="106.70089769"><ele>4.705</ele><time>2025-01-16T12:40:11Z</time><speed>0.000</speed><sat>15</sat></trkpt>
  <trkpt lat="10.77806256" lon="106.70089769"><ele>4.646</ele><time>2025-01-16T12:40:12Z</time><speed>0.000</speed><sat>13</sat></trkpt>
  <trkpt lat="10.77806256" lon="106.70089769"><ele>4.615</ele><time>2025-01-16T12:40:13Z</time><speed>0.000</speed><sat>14</sat></trkpt>
  <trkpt lat="10.77806256" lon="106.70089769"><ele>4.617</ele><time>2025-01-16T12:40:14Z</time><speed>0.000</speed><sat>14</sat></trkpt>
  <trkpt lat="10.77806256" lon="106.70089769"><ele>4.614</ele><time>2025-01-16T12:40:15Z</time><speed>0.000</speed><sat>15</sat></trkpt>
  <trkpt lat="10.77806256" lon="106.70089769"><ele>4.613</ele><time>2025-01-16T12:40:16Z</time><speed>0.000</speed><sat>15</sat></trkpt>
  <trkpt lat="10.77806256" lon="106.70089769"><ele>4.624</ele><time>2025-01-16T12:40:17Z</time><speed>0.000</speed><sat>14</sat></trkpt>
  <trkpt lat="10.77806618" lon="106.70091622"><ele>4.701</ele><time>2025-01-16T12:40:18Z</time><speed>0.721</speed><sat>15</sat></trkpt>
  <trkpt lat="10.77805645" lon="106.70092748"><ele>4.670</ele><time>2025-01-16T12:40:19Z</time><speed>1.658</speed><sat>14</sat></trkpt>
  <trkpt lat="10.77804361" lon="106.70094128"><ele>4.733</ele><time>2025-01-16T12:40:20Z</time><speed>2.291</speed><sat>15</sat></trkpt>
  <trkpt lat="10.77802638" lon="106.70096094"><ele>4.366</ele><time>2025-01-16T12:40:21Z</time><speed>2.873</speed><sat>13</sat></trkpt>
  <trkpt lat="10.77800483" lon="106.70098450"><ele>4.480</ele><time>2025-01-16T12:40:22Z</time><speed>3.536</speed><sat>16</sat></trkpt>
  <trkpt lat="10.77798044" lon="106.70100932"><ele>4.560</ele><time>2025-01-16T12:40:23Z</time><speed>3.780</speed><sat>17</sat></trkpt>
  <trkpt lat="10.77795171" lon="106.70103732"><ele>4.658</ele><time>2025-01-16T12:40:24Z</time><speed>4.197</speed><sat>18</sat></trkpt>
  <trkpt lat="10.77792357" lon="106.70106534"><ele>4.704</ele><time>2025-01-16T12:40:25Z</time><speed>4.178</speed><sat>20</sat></trkpt>
  <trkpt lat="10.77789517" lon="106.70109043"><ele>4.868</ele><time>2025-01-16T12:40:26Z</time><speed>4.193</speed><sat>19</sat></trkpt>
  <trkpt lat="10.77786166" lon="106.70111870"><ele>4.832</ele><time>2025-01-16T12:40:27Z</time><speed>4.298</speed><sat>19</sat></trkpt>
  <trkpt lat="10.77783319" lon="106.70114829"><ele>4.766</ele><time>2025-01-16T12:40:28Z</time><speed>4.470</speed><sat>21</sat></trkpt>
  <trkpt lat="10.77780668" lon="106.70117602"><ele>4.639</ele><time>2025-01-16T12:40:29Z</time><speed>4.173</speed><sat>19</sat></trkpt>
  <trkpt lat="10.77778426" lon="106.70120406"><ele>4.255</ele><time>2025-01-16T12:40:30Z</time><speed>4.207</speed><sat>20</sat></trkpt>
  <trkpt lat="10.77776071" lon="106.70123346"><ele>4.024</ele><time>2025-01-16T12:40:31Z</time><speed>4.334</speed><sat>18</sat></trkpt>
  <trkpt lat="10.77773200" lon="106.70126496"><ele>4.062</ele><time>2025-01-16T12:40:32Z</time><speed>4.626</speed><sat>18</sat></trkpt>
  <trkpt lat="10.77769887" lon="106.70129440"><ele>4.318</ele><time>2025-01-16T12:40:33Z</time><speed>4.700</speed><sat>19</sat></trkpt>
  <trkpt lat="10.77766683" lon="106.70132702"><ele>4.237</ele><time>2025-01-16T12:40:34Z</time><speed>4.734</speed><sat>19</sat></trkpt>
  <trkpt lat="10.77763555" lon="106.70135966"><ele>3.949</ele><time>2025-01-16T12:40:35Z</time><speed>4.772</speed><sat>18</sat></trkpt>
  <trkpt lat="10.77760548" lon="106.70139242"><ele>3.682</ele><time>2025-01-16T12:40:36Z</time><speed>5.026</speed><sat>20</sat></trkpt>
  <trkpt lat="10.77757389" lon="106.70142627"><ele>3.375</ele><time>2025-01-16T12:40:37Z</time><speed>5.160</speed><sat>19</sat></trkpt>
  <trkpt lat="10.77754212" lon="106.70146122"><ele>3.366</ele><time>2025-01-16T12:40:38Z</time><speed>5.388</speed><sat>19</sat></trkpt>
  <trkpt lat="10.77750994" lon="106.70149572"><ele>3.350</ele><time>2025-01-16T12:40:39Z</time><speed>5.218</speed><sat>19</sat></trkpt>
  <trkpt lat="10.77747868" lon="106.70152997"><ele>3.313</ele><time>2025-01-16T12:40:40Z</time><speed>5.045</speed><sat>18</sat></trkpt>
  <trkpt lat="10.77744710" lon="106.70156457"><ele>3.217</ele><time>2025-01-16T12:40:41Z</time><speed>4.999</speed><sat>19</sat></trkpt>
  <trkpt lat="10.77741586" lon="106.70159905"><ele>2.940</ele><time>2025-01-16T12:40:42Z</time><speed>5.189</speed><sat>19</sat></trkpt>
  <trkpt lat="10.77738358" lon="106.70163614"><ele>2.548</ele><time>2025-01-16T12:40:43Z</time><speed>5.312</speed><sat>20</sat></trkpt>
  <trkpt lat="10.77735122" lon="106.70167148"><ele>2.386</ele><time>2025-01-16T12:40:44Z</time><speed>5.331</speed><sat>19</sat></trkpt>
  <trkpt lat="10.77731802" lon="106.70170781"><ele>2.121</ele><time>2025-01-16T12:40:45Z</time><speed>5.391</speed><sat>18</sat></trkpt>
  <trkpt lat="10.77728312" lon="106.70174454"><ele>1.888</ele><time>2025-01-16T12:40:46Z</time><speed>5.511</speed><sat>20</sat></trkpt>
  <trkpt lat="10.77724854" lon="106.70178014"><ele>2.036</ele><time>2025-01-16T12:40:47Z</time><speed>5.648</speed><sat>21</sat></trkpt>
  <trkpt lat="10.77721215" lon="106.70181812"><ele>2.197</ele><time>2025-01-16T12:40:48Z</time><speed>5.703</speed><sat>22</sat></trkpt>
  <trkpt lat="10.77717682" lon="106.70185640"><ele>2.240</ele><time>2025-01-16T12:40:49Z</time><speed>5.676</speed><sat>20</sat></trkpt>
  <trkpt lat="10.77714340" lon="106.70189486"><ele>2.310</ele><time>2025-01-16T12:40:50Z</time><speed>5.657</speed><sat>18</sat></trkpt>
  <trkpt lat="10.77710958" lon="106.70193229"><ele>2.008</ele><time>2025-01-16T12:40:51Z</time><speed>5.505</speed><sat>15</sat></trkpt>
  <trkpt lat="10.77707799" lon="106.70196837"><ele>1.997</ele><time>2025-01-16T12:40:52Z</time><speed>5.294</speed><sat>17</sat></trkpt>
  <trkpt lat="10.77704668" lon="106.70200200"><ele>1.873</ele><time>2025-01-16T12:40:53Z</time><speed>5.096</speed><sat>15</sat></trkpt>
  <trkpt lat="10.77701804" lon="106.70203471"><ele>1.831</ele><time>2025-01-16T12:40:54Z</time><speed>4.855</speed><sat>14</sat></trkpt>
  <trkpt lat="10.77698891" lon="106.70206823"><ele>1.793</ele><time>2025-01-16T12:40:55Z</time><speed>4.901</speed><sat>16</sat></trkpt>
  <trkpt lat="10.77695895" lon="106.70210581"><ele>2.457</ele><time>2025-01-16T12:40:56Z</time><speed>5.096</speed><sat>16</sat></trkpt>
  <trkpt lat="10.77692679" lon="106.70214174"><ele>2.220</ele><time>2025-01-16T12:40:57Z</time><speed>5.161</speed><sat>17</sat></trkpt>
  <trkpt lat="10.77689507" lon="106.70217700"><ele>1.986</ele><time>2025-01-16T12:40:58Z</time><speed>5.053</speed><sat>16</sat></trkpt>
  <trkpt lat="10.77686464" lon="106.70221029"><ele>1.916</ele><time>2025-01-16T12:40:59Z</time><speed>4.930</speed><sat>16</sat></trkpt>
  <trkpt lat="10.77683591" lon="106.70224218"><ele>1.725</ele><time>2025-01-16T12:41:00Z</time><speed>4.660</speed><sat>16</sat></trkpt>
  <trkpt lat="10.77680821" lon="106.70227240"><ele>1.742</ele><time>2025-01-16T12:41:01Z</time><speed>4.450</speed><sat>16</sat></trkpt>
  <trkpt lat="10.77678206" lon="106.70230032"><ele>1.664</ele><time>2025-01-16T12:41:02Z</time><speed>4.160</speed><sat>16</sat></trkpt>
  <trkpt lat="10.77675696" lon="106.70232707"><ele>1.539</ele><time>2025-01-16T12:41:03Z</time><speed>3.937</speed><sat>17</sat></trkpt>
  <trkpt lat="10.77673311" lon="106.70235196"><ele>1.497</ele><time>2025-01-16T12:41:04Z</time><speed>3.761</speed><sat>17</sat></trkpt>
  <trkpt lat="10.77671169" lon="106.70237578"><ele>1.485</ele><time>2025-01-16T12:41:05Z</time><speed>3.480</speed><sat>17</sat></trkpt>
  <trkpt lat="10.77669012" lon="106.70239884"><ele>1.548</ele><time>2025-01-16T12:41:06Z</time><speed>3.521</speed><sat>15</sat></trkpt>
  <trkpt lat="10.77666842" lon="106.70242205"><ele>1.579</ele><time>2025-01-16T12:41:07Z</time><speed>3.498</speed><sat>20</sat></trkpt>
  <trkpt lat="10.77664725" lon="106.70244476"><ele>1.596</ele><time>2025-01-16T12:41:08Z</time><speed>3.417</speed><sat>22</sat></trkpt>
  <trkpt lat="10.77662748" lon="106.70246706"><ele>1.143</ele><time>2025-01-16T12:41:09Z</time><speed>3.179</speed><sat>20</sat></trkpt>
  <trkpt lat="10.77660805" lon="106.70248816"><ele>1.098</ele><time>2025-01-16T12:41:10Z</time><speed>3.212</speed><sat>18</sat></trkpt>
  <trkpt lat="10.77658836" lon="106.70250910"><ele>1.034</ele><time>2025-01-16T12:41:11Z</time><speed>3.113</speed><sat>19</sat></trkpt>
  <trkpt lat="10.77656857" lon="106.70252699"><ele>0.951</ele><time>2025-01-16T12:41:12Z</time><speed>2.824</speed><sat>16</sat></trkpt>
  <trkpt lat="10.77654938" lon="106.70253833"><ele>0.924</ele><time>2025-01-16T12:41:13Z</time><speed>2.422</speed><sat>18</sat></trkpt>
  <trkpt lat="10.77652945" lon="106.70254466"><ele>0.904</ele><time>2025-01-16T12:41:14Z</time><speed>2.256</speed><sat>18</sat></trkpt>
  <trkpt lat="10.77651426" lon="106.70255228"><ele>0.864</ele><time>2025-01-16T12:41:15Z</time><speed>1.763</speed><sat>17</sat></trkpt>
  <trkpt lat="10.77650207" lon="106.70256207"><ele>0.841</ele><time>2025-01-16T12:41:16Z</time><speed>1.700</speed><sat>17</sat></trkpt>
  <trkpt lat="10.77649160" lon="106.70256827"><ele>0.506</ele><time>2025-01-16T12:41:17Z</time><speed>1.325</speed><sat>18</sat></trkpt>
  <trkpt lat="10.77648188" lon="106.70257355"><ele>0.703</ele><time>2025-01-16T12:41:18Z</time><speed>1.153</speed><sat>18</sat></trkpt>
  <trkpt lat="10.77647384" lon="106.70257862"><ele>1.081</ele><time>2025-01-16T12:41:19Z</time><speed>1.021</speed><sat>19</sat></trkpt>
  <trkpt lat="10.77646578" lon="106.70258141"><ele>1.003</ele><time>2025-01-16T12:41:20Z</time><speed>0.711</speed><sat>19</sat></trkpt>
  <trkpt lat="10.77646270" lon="106.70258369"><ele>0.961</ele><time>2025-01-16T12:41:21Z</time><speed>0.588</speed><sat>18</sat></trkpt>
  <trkpt lat="10.77645920" lon="106.70258629"><ele>1.210</ele><time>2025-01-16T12:41:22Z</time><speed>0.609</speed><sat>18</sat></trkpt>
  <trkpt lat="10.77645595" lon="106.70258968"><ele>1.354</ele><time>2025-01-16T12:41:23Z</time><speed>0.683</speed><sat>18</sat></trkpt>
  <trkpt lat="10.77645316" lon="106.70259277"><ele>1.093</ele><time>2025-01-16T12:41:24Z</time><speed>0.562</speed><sat>19</sat></trkpt>
  <trkpt lat="10.77644832" lon="106.70259437"><ele>1.375</ele><time>2025-01-16T12:41:25Z</time><speed>0.665</speed><sat>19</sat></trkpt>
  <trkpt lat="10.77644305" lon="106.70259504"><ele>1.574</ele><time>2025-01-16T12:41:26Z</time><speed>0.655</speed><sat>19</sat></trkpt>
  <trkpt lat="10.77643857" lon="106.70259630"><ele>1.439</ele><time>2025-01-16T12:41:27Z</time><speed>0.554</speed><sat>19</sat></trkpt>
  <trkpt lat="10.77643354" lon="106.70259838"><ele>1.400</ele><time>2025-01-16T12:41:28Z</time><speed>0.850</speed><sat>18</sat></trkpt>
  <trkpt lat="10.77642793" lon="106.70260359"><ele>1.292</ele><time>2025-01-16T12:41:29Z</time><speed>0.918</speed><sat>18</sat></trkpt>
  <trkpt lat="10.77642682" lon="106.70260762"><ele>1.492</ele><time>2025-01-16T12:41:30Z</time><speed>0.683</speed><sat>19</sat></trkpt>
  <trkpt lat="10.77642578" lon="106.70261254"><ele>1.401</ele><time>2025-01-16T12:41:31Z</time><speed>0.624</speed><sat>18</sat></trkpt>
  <trkpt lat="10.77642186" lon="106.70261551"><ele>1.447</ele><time>2025-01-16T12:41:32Z</time><speed>0.291</speed><sat>20</sat></trkpt>
  <trkpt lat="10.77642107" lon="106.70261719"><ele>1.884</ele><time>2025-01-16T12:41:33Z</time><speed>0.000</speed><sat>20</sat></trkpt>
  <trkpt lat="10.77642107" lon="106.70261719"><ele>1.931</ele><time>2025-01-16T12:41:34Z</time><speed>0.000</speed><sat>21</sat></trkpt>
  <trkpt lat="10.77642107" lon="106.70261719"><ele>1.781</ele><time>2025-01-16T12:41:35Z</time><speed>0.000</speed><sat>21</sat></trkpt>
  <trkpt lat="10.77642107" lon="106.70261719"><ele>1.839</ele><time>2025-01-16T12:41:36Z</time><speed>0.000</speed><sat>22</sat></trkpt>
  <trkpt lat="10.77642107" lon="106.70261719"><ele>1.801</ele><time>2025-01-16T12:41:37Z</time><speed>0.000</speed><sat>22</sat></trkpt>
  <trkpt lat="10.77642107" lon="106.70261719"><ele>1.936</ele><time>2025-01-16T12:41:38Z</time><speed>0.000</speed><sat>21</sat></trkpt>
  <trkpt lat="10.77642107" lon="106.70261719"><ele>2.065</ele><time>2025-01-16T12:41:39Z</time><speed>0.000</speed><sat>20</sat></trkpt>
  <trkpt lat="10.77642107" lon="106.70261719"><ele>1.954</ele><time>2025-01-16T12:41:40Z</time><speed>0.000</speed><sat>21</sat></trkpt>
  <trkpt lat="10.77642107" lon="106.70261719"><ele>1.942</ele><time>2025-01-16T12:41:41Z</time><speed>0.000</speed><sat>20</sat></trkpt>
  <trkpt lat="10.77642521" lon="106.70260710"><ele>1.976</ele><time>2025-01-16T12:41:42Z</time><speed>0.359</speed><sat>20</sat></trkpt>
  <trkpt lat="10.77642693" lon="106.70260542"><ele>1.967</ele><time>2025-01-16T12:41:43Z</time><speed>0.322</speed><sat>22</sat></trkpt>
  <trkpt lat="10.77642897" lon="106.70260417"><ele>1.989</ele><time>2025-01-16T12:41:44Z</time><speed>0.292</speed><sat>20</sat></trkpt>
  <trkpt lat="10.77643027" lon="106.70260319"><ele>1.902</ele><time>2025-01-16T12:41:45Z</time><speed>0.000</speed><sat>19</sat></trkpt>
  <trkpt lat="10.77643164" lon="106.70260177"><ele>1.895</ele><time>2025-01-16T12:41:46Z</time><speed>0.290</speed><sat>19</sat></trkpt>
  <trkpt lat="10.77643351" lon="106.70260027"><ele>1.868</ele><time>2025-01-16T12:41:47Z</time><speed>0.000</speed><sat>19</sat></trkpt>
  <trkpt lat="10.77643351" lon="106.70260027"><ele>1.854</ele><time>2025-01-16T12:41:48Z</time><speed>0.000</speed><sat>19</sat></trkpt>
  <trkpt lat="10.77643351" lon="106.70260027"><ele>1.743</ele><time>2025-01-16T12:41:49Z</time><speed>0.000</speed><sat>19</sat></trkpt>
  <trkpt lat="10.77643351" lon="106.70260027"><ele>1.784</ele><time>2025-01-16T12:41:50Z</time><speed>0.000</speed><sat>17</sat></trkpt>
  <trkpt lat="10.77643351" lon="106.70260027"><ele>1.735</ele><time>2025-01-16T12:41:51Z</time><speed>0.000</speed><sat>18</sat></trkpt>
  <trkpt lat="10.77643351" lon="106.70260027"><ele>1.717</ele><time>2025-01-16T12:41:52Z</time><speed>0.000</speed><sat>18</sat></trkpt>
  <trkpt lat="10.77643351" lon="106.70260027"><ele>1.846</ele><time>2025-01-16T12:41:53Z</time><speed>0.000</speed><sat>17</sat></trkpt>
  <trkpt lat="10.77643351" lon="106.70260027"><ele>1.980</ele><time>2025-01-16T12:41:54Z</time><speed>0.000</speed><sat>17</sat></trkpt>
  <trkpt lat="10.77643351" lon="106.70260027"><ele>2.044</ele><time>2025-01-16T12:41:55Z</time><speed>0.000</speed><sat>18</sat></trkpt>
  <trkpt lat="10.77643351" lon="106.70260027"><ele>2.022</ele><time>2025-01-16T12:41:56Z</time><speed>0.000</speed><sat>17</sat></trkpt>
  <trkpt lat="10.77643351" lon="106.70260027"><ele>2.101</ele><time>2025-01-16T12:41:57Z</time><speed>0.000</speed><sat>16</sat></trkpt>
  <trkpt lat="10.77643351" lon="106.70260027"><ele>2.108</ele><time>2025-01-16T12:41:58Z</time><speed>0.000</speed><sat>17</sat></trkpt>
  <trkpt lat="10.77643351" lon="106.70260027"><ele>2.202</ele><time>2025-01-16T12:41:59Z</time><speed>0.000</speed><sat>16</sat></trkpt>
  <trkpt lat="10.77643351" lon="106.70260027"><ele>2.239</ele><time>2025-01-16T12:42:00Z</time><speed>0.000</speed><sat>18</sat></trkpt>
  <trkpt lat="10.77643351" lon="106.70260027"><ele>2.121</ele><time>2025-01-16T12:42:01Z</time><speed>0.000</speed><sat>17</sat></trkpt>
  <trkpt lat="10.77643351" lon="106.70260027"><ele>2.180</ele><time>2025-01-16T12:42:02Z</time><speed>0.000</speed><sat>18</sat></trkpt>
  <trkpt lat="10.77643351" lon="106.70260027"><ele>1.994</ele><time>2025-01-16T12:42:03Z</time><speed>0.000</speed><sat>19</sat></trkpt>
  <trkpt lat="10.77643351" lon="106.70260027"><ele>2.103</ele><time>2025-01-16T12:42:04Z</time><speed>0.000</speed><sat>20</sat></trkpt>
  <trkpt lat="10.77643351" lon="106.70260027"><ele>2.126</ele><time>2025-01-16T12:42:05Z</time><speed>0.000</speed><sat>19</sat></trkpt>
  <trkpt lat="10.77643351" lon="106.70260027"><ele>1.946</ele><time>2025-01-16T12:42:06Z</time><speed>0.000</speed><sat>18</sat></trkpt>
  <trkpt lat="10.77643351" lon="106.70260027"><ele>1.905</ele><time>2025-01-16T12:42:07Z</time><speed>0.000</speed><sat>19</sat></trkpt>
  <trkpt lat="10.77643351" lon="106.70260027"><ele>1.940</ele><time>2025-01-16T12:42:08Z</time><speed>0.000</speed><sat>20</sat></trkpt>
  <trkpt lat="10.77643351" lon="106.70260027"><ele>1.977</ele><time>2025-01-16T12:42:09Z</time><speed>0.000</speed><sat>20</sat></trkpt>
  <trkpt lat="10.77643351" lon="106.70260027"><ele>2.158</ele><time>2025-01-16T12:42:10Z</time><speed>0.000</speed><sat>20</sat></trkpt>
  <trkpt lat="10.77643351" lon="106.70260027"><ele>2.020</ele><time>2025-01-16T12:42:11Z</time><speed>0.000</speed><sat>20</sat></trkpt>
  <trkpt lat="10.77643351" lon="106.70260027"><ele>2.011</ele><time>2025-01-16T12:42:12Z</time><speed>0.000</speed><sat>20</sat></trkpt>
  <trkpt lat="10.77643351" lon="106.70260027"><ele>2.028</ele><time>2025-01-16T12:42:13Z</time><speed>0.000</speed><sat>19</sat></trkpt>
  <trkpt lat="10.77643351" lon="106.70260027"><ele>1.929</ele><time>2025-01-16T12:42:14Z</time><speed>0.000</speed><sat>20</sat></trkpt>
  <trkpt lat="10.77643351" lon="106.70260027"><ele>1.948</ele><time>2025-01-16T12:42:15Z</time><speed>0.000</speed><sat>20</sat></trkpt>
  <trkpt lat="10.77643351" lon="106.70260027"><ele>1.898</ele><time>2025-01-16T12:42:16Z</time><speed>0.000</speed><sat>24</sat></trkpt>
  <trkpt lat="10.77643351" lon="106.70260027"><ele>1.658</ele><time>2025-01-16T12:42:17Z</time><speed>0.000</speed><sat>25</sat></trkpt>
  <trkpt lat="10.77643351" lon="106.70260027"><ele>1.762</ele><time>2025-01-16T12:42:18Z</time><speed>0.000</speed><sat>26</sat></trkpt>
  <trkpt lat="10.77643351" lon="106.70260027"><ele>1.891</ele><time>2025-01-16T12:42:19Z</time><speed>0.000</speed><sat>26</sat></trkpt>
  <trkpt lat="10.77643351" lon="106.70260027"><ele>2.210</ele><time>2025-01-16T12:42:20Z</time><speed>0.000</speed><sat>26</sat></trkpt>
  <trkpt lat="10.77643351" lon="106.70260027"><ele>2.441</ele><time>2025-01-16T12:42:21Z</time><speed>0.000</speed><sat>25</sat></trkpt>
  <trkpt lat="10.77643351" lon="106.70260027"><ele>2.356</ele><time>2025-01-16T12:42:22Z</time><speed>0.000</speed><sat>23</sat></trkpt>
  <trkpt lat="10.77643351" lon="106.70260027"><ele>2.452</ele><time>2025-01-16T12:42:23Z</time><speed>0.000</speed><sat>23</sat></trkpt>
  <trkpt lat="10.77643351" lon="106.70260027"><ele>2.462</ele><time>2025-01-16T12:42:24Z</time><speed>0.000</speed><sat>23</sat></trkpt>
  <trkpt lat="10.77643351" lon="106.70260027"><ele>2.907</ele><time>2025-01-16T12:42:25Z</time><speed>0.000</speed><sat>22</sat></trkpt>
  <trkpt lat="10.77643351" lon="106.70260027"><ele>2.739</ele><time>2025-01-16T12:42:26Z</time><speed>0.000</speed><sat>22</sat></trkpt>
  <trkpt lat="10.77643351" lon="106.70260027"><ele>2.702</ele><time>2025-01-16T12:42:27Z</time><speed>0.000</speed><sat>23</sat></trkpt>
  <trkpt lat="10.77643351" lon="106.70260027"><ele>2.669</ele><time>2025-01-16T12:42:28Z</time><speed>0.000</speed><sat>23</sat></trkpt>
  <trkpt lat="10.77643351" lon="106.70260027"><ele>2.703</ele><time>2025-01-16T12:42:29Z</time><speed>0.000</speed><sat>23</sat></trkpt>
  <trkpt lat="10.77643351" lon="106.70260027"><ele>3.373</ele><time>2025-01-16T12:42:30Z</time><speed>0.000</speed><sat>25</sat></trkpt>
  <trkpt lat="10.77643351" lon="106.70260027"><ele>3.179</ele><time>2025-01-16T12:42:31Z</time><speed>0.000</speed><sat>25</sat></trkpt>
  <trkpt lat="10.77643351" lon="106.70260027"><ele>3.389</ele><time>2025-01-16T12:42:32Z</time><speed>0.000</speed><sat>25</sat></trkpt>
  <trkpt lat="10.77643351" lon="106.70260027"><ele>2.902</ele><time>2025-01-16T12:42:33Z</time><speed>0.000</speed><sat>25</sat></trkpt>
  <trkpt lat="10.77643351" lon="106.70260027"><ele>2.669</ele><time>2025-01-16T12:42:34Z</time><speed>0.000</speed><sat>24</sat></trkpt>
  <trkpt lat="10.77643351" lon="106.70260027"><ele>2.497</ele><time>2025-01-16T12:42:35Z</time><speed>0.000</speed><sat>25</sat></trkpt>
  <trkpt lat="10.77643351" lon="106.70260027"><ele>2.286</ele><time>2025-01-16T12:42:36Z</time><speed>0.000</speed><sat>25</sat></trkpt>
  <trkpt lat="10.77643351" lon="106.70260027"><ele>2.228</ele><time>2025-01-16T12:42:37Z</time><speed>0.000</speed><sat>24</sat></trkpt>
  <trkpt lat="10.77643351" lon="106.70260027"><ele>1.965</ele><time>2025-01-16T12:42:38Z</time><speed>0.000</speed><sat>24</sat></trkpt>
  <trkpt lat="10.77643351" lon="106.70260027"><ele>2.144</ele><time>2025-01-16T12:42:39Z</time><speed>0.000</speed><sat>23</sat></trkpt>
  <trkpt lat="10.77643351" lon="106.70260027"><ele>2.195</ele><time>2025-01-16T12:42:40Z</time><speed>0.000</speed><sat>25</sat></trkpt>
  <trkpt lat="10.77643351" lon="106.70260027"><ele>1.979</ele><time>2025-01-16T12:42:41Z</time><speed>0.000</speed><sat>25</sat></trkpt>
  <trkpt lat="10.77643351" lon="106.70260027"><ele>2.141</ele><time>2025-01-16T12:42:42Z</time><speed>0.000</speed><sat>24</sat></trkpt>
  <trkpt lat="10.77643351" lon="106.70260027"><ele>2.178</ele><time>2025-01-16T12:42:43Z</time><speed>0.000</speed><sat>23</sat></trkpt>
  <trkpt lat="10.77643351" lon="106.70260027"><ele>2.267</ele><time>2025-01-16T12:42:44Z</time><speed>0.000</speed><sat>24</sat></trkpt>
  <trkpt lat="10.77643351" lon="106.70260027"><ele>2.065</ele><time>2025-01-16T12:42:45Z</time><speed>0.000</speed><sat>23</sat></trkpt>
  <trkpt lat="10.77643351" lon="106.70260027"><ele>1.835</ele><time>2025-01-16T12:42:46Z</time><speed>0.000</speed><sat>24</sat></trkpt>
  <trkpt lat="10.77643351" lon="106.70260027"><ele>1.784</ele><time>2025-01-16T12:42:47Z</time><speed>0.000</speed><sat>25</sat></trkpt>
  <trkpt lat="10.77643351" lon="106.70260027"><ele>1.709</ele><time>2025-01-16T12:42:48Z</time><speed>0.000</speed><sat>27</sat></trkpt>
  <trkpt lat="10.77643351" lon="106.70260027"><ele>1.618</ele><time>2025-01-16T12:42:49Z</time><speed>0.000</speed><sat>25</sat></trkpt>
  <trkpt lat="10.77643351" lon="106.70260027"><ele>1.624</ele><time>2025-01-16T12:42:50Z</time><speed>0.000</speed><sat>27</sat></trkpt>
  <trkpt lat="10.77643351" lon="106.70260027"><ele>1.551</ele><time>2025-01-16T12:42:51Z</time><speed>0.000</speed><sat>26</sat></trkpt>
  <trkpt lat="10.77643351" lon="106.70260027"><ele>1.413</ele><time>2025-01-16T12:42:52Z</time><speed>0.000</speed><sat>25</sat></trkpt>
  <trkpt lat="10.77643351" lon="106.70260027"><ele>1.429</ele><time>2025-01-16T12:42:53Z</time><speed>0.000</speed><sat>25</sat></trkpt>
  <trkpt lat="10.77643351" lon="106.70260027"><ele>1.339</ele><time>2025-01-16T12:42:54Z</time><speed>0.000</speed><sat>26</sat></trkpt>
  <trkpt lat="10.77643351" lon="106.70260027"><ele>1.393</ele><time>2025-01-16T12:42:55Z</time><speed>0.000</speed><sat>25</sat></trkpt>
  <trkpt lat="10.77643351" lon="106.70260027"><ele>1.329</ele><time>2025-01-16T12:42:56Z</time><speed>0.000</speed><sat>26</sat></trkpt>
  <trkpt lat="10.77643351" lon="106.70260027"><ele>1.592</ele><time>2025-01-16T12:42:57Z</time><speed>0.000</speed><sat>25</sat></trkpt>
  <trkpt lat="10.77643351" lon="106.70260027"><ele>1.553</ele><time>2025-01-16T12:42:58Z</time><speed>0.000</speed><sat>25</sat></trkpt>
  <trkpt lat="10.77643351" lon="106.70260027"><ele>1.426</ele><time>2025-01-16T12:42:59Z</time><speed>0.000</speed><sat>24</sat></trkpt>
  <trkpt lat="10.77643351" lon="106.70260027"><ele>1.523</ele><time>2025-01-16T12:43:00Z</time><speed>0.000</speed><sat>24</sat></trkpt>
  <trkpt lat="10.77643351" lon="106.70260027"><ele>1.620</ele><time>2025-01-16T12:43:01Z</time><speed>0.000</speed><sat>24</sat></trkpt>
  <trkpt lat="10.77643351" lon="106.70260027"><ele>1.682</ele><time>2025-01-16T12:43:02Z</time><speed>0.000</speed><sat>25</sat></trkpt>
  <trkpt lat="10.77643351" lon="106.70260027"><ele>1.647</ele><time>2025-01-16T12:43:03Z</time><speed>0.000</speed><sat>24</sat></trkpt>
  <trkpt lat="10.77643351" lon="106.70260027"><ele>1.637</ele><time>2025-01-16T12:43:04Z</time><speed>0.000</speed><sat>25</sat></trkpt>
  <trkpt lat="10.77643351" lon="106.70260027"><ele>1.631</ele><time>2025-01-16T12:43:05Z</time><speed>0.000</speed><sat>26</sat></trkpt>
  <trkpt lat="10.77643351" lon="106.70260027"><ele>1.652</ele><time>2025-01-16T12:43:06Z</time><speed>0.000</speed><sat>26</sat></trkpt>
  <trkpt lat="10.77643351" lon="106.70260027"><ele>1.602</ele><time>2025-01-16T12:43:07Z</time><speed>0.000</speed><sat>25</sat></trkpt>
  <trkpt lat="10.77643351" lon="106.70260027"><ele>1.642</ele><time>2025-01-16T12:43:08Z</time><speed>0.000</speed><sat>25</sat></trkpt>
  <trkpt lat="10.77643351" lon="106.70260027"><ele>1.532</ele><time>2025-01-16T12:43:09Z</time><speed>0.000</speed><sat>25</sat></trkpt>
  <trkpt lat="10.77643351" lon="106.70260027"><ele>1.628</ele><time>2025-01-16T12:43:10Z</time><speed>0.000</speed><sat>25</sat></trkpt>
  <trkpt lat="10.77643351" lon="106.70260027"><ele>1.729</ele><time>2025-01-16T12:43:11Z</time><speed>0.000</speed><sat>25</sat></trkpt>
  <trkpt lat="10.77643351" lon="106.70260027"><ele>1.783</ele><time>2025-01-16T12:43:12Z</time><speed>0.000</speed><sat>25</sat></trkpt>
  <trkpt lat="10.77643351" lon="106.70260027"><ele>1.851</ele><time>2025-01-16T12:43:13Z</time><speed>0.000</speed><sat>25</sat></trkpt>
  <trkpt lat="10.77643351" lon="106.70260027"><ele>2.087</ele><time>2025-01-16T12:43:14Z</time><speed>0.000</speed><sat>22</sat></trkpt>
  <trkpt lat="10.77643351" lon="106.70260027"><ele>2.041</ele><time>2025-01-16T12:43:15Z</time><speed>0.000</speed><sat>24</sat></trkpt>
  <trkpt lat="10.77643351" lon="106.70260027"><ele>2.074</ele><time>2025-01-16T12:43:16Z</time><speed>0.000</speed><sat>22</sat></trkpt>
  <trkpt lat="10.77643351" lon="106.70260027"><ele>2.059</ele><time>2025-01-16T12:43:17Z</time><speed>0.000</speed><sat>22</sat></trkpt>
  <trkpt lat="10.77643351" lon="106.70260027"><ele>2.233</ele><time>2025-01-16T12:43:18Z</time><speed>0.000</speed><sat>24</sat></trkpt>
  <trkpt lat="10.77643351" lon="106.70260027"><ele>2.294</ele><time>2025-01-16T12:43:19Z</time><speed>0.000</speed><sat>24</sat></trkpt>
  <trkpt lat="10.77643351" lon="106.70260027"><ele>2.331</ele><time>2025-01-16T12:43:20Z</time><speed>0.000</speed><sat>23</sat></trkpt>
  <trkpt lat="10.77643351" lon="106.70260027"><ele>2.307</ele><time>2025-01-16T12:43:21Z</time><speed>0.000</speed><sat>22</sat></trkpt>
  <trkpt lat="10.77647582" lon="106.70258221"><ele>1.361</ele><time>2025-01-16T12:43:22Z</time><speed>0.000</speed><sat>23</sat></trkpt>
  <trkpt lat="10.77647582" lon="106.70258221"><ele>1.206</ele><time>2025-01-16T12:43:23Z</time><speed>0.000</speed><sat>23</sat></trkpt>
  <trkpt lat="10.77647582" lon="106.70258221"><ele>1.190</ele><time>2025-01-16T12:43:24Z</time><speed>0.000</speed><sat>23</sat></trkpt>
  <trkpt lat="10.77647582" lon="106.70258221"><ele>1.319</ele><time>2025-01-16T12:43:25Z</time><speed>0.000</speed><sat>23</sat></trkpt>
  <trkpt lat="10.77647582" lon="106.70258221"><ele>1.360</ele><time>2025-01-16T12:43:26Z</time><speed>0.000</speed><sat>23</sat></trkpt>
  <trkpt lat="10.77647582" lon="106.70258221"><ele>1.333</ele><time>2025-01-16T12:43:27Z</time><speed>0.000</speed><sat>22</sat></trkpt>
  <trkpt lat="10.77647582" lon="106.70258221"><ele>1.330</ele><time>2025-01-16T12:43:28Z</time><speed>0.000</speed><sat>22</sat></trkpt>
  <trkpt lat="10.77647582" lon="106.70258221"><ele>1.625</ele><time>2025-01-16T12:43:29Z</time><speed>0.000</speed><sat>21</sat></trkpt>
  <trkpt lat="10.77647582" lon="106.70258221"><ele>1.679</ele><time>2025-01-16T12:43:30Z</time><speed>0.000</speed><sat>22</sat></trkpt>
  <trkpt lat="10.77647582" lon="106.70258221"><ele>1.900</ele><time>2025-01-16T12:43:31Z</time><speed>0.000</speed><sat>22</sat></trkpt>
  <trkpt lat="10.77647582" lon="106.70258221"><ele>1.854</ele><time>2025-01-16T12:43:32Z</time><speed>0.000</speed><sat>21</sat></trkpt>
  <trkpt lat="10.77647582" lon="106.70258221"><ele>1.897</ele><time>2025-01-16T12:43:33Z</time><speed>0.000</speed><sat>21</sat></trkpt>
  <trkpt lat="10.77647582" lon="106.70258221"><ele>2.057</ele><time>2025-01-16T12:43:34Z</time><speed>0.000</speed><sat>22</sat></trkpt>
  <trkpt lat="10.77647582" lon="106.70258221"><ele>1.966</ele><time>2025-01-16T12:43:35Z</time><speed>0.000</speed><sat>22</sat></trkpt>
  <trkpt lat="10.77647582" lon="106.70258221"><ele>2.081</ele><time>2025-01-16T12:43:36Z</time><speed>0.000</speed><sat>19</sat></trkpt>
  <trkpt lat="10.77647582" lon="106.70258221"><ele>1.955</ele><time>2025-01-16T12:43:37Z</time><speed>0.000</speed><sat>21</sat></trkpt>
  <trkpt lat="10.77647582" lon="106.70258221"><ele>1.249</ele><time>2025-01-16T12:43:38Z</time><speed>0.000</speed><sat>20</sat></trkpt>
  <trkpt lat="10.77647582" lon="106.70258221"><ele>1.329</ele><time>2025-01-16T12:43:39Z</time><speed>0.000</speed><sat>22</sat></trkpt>
  <trkpt lat="10.77647582" lon="106.70258221"><ele>1.262</ele><time>2025-01-16T12:43:40Z</time><speed>0.000</speed><sat>21</sat></trkpt>
  <trkpt lat="10.77647582" lon="106.70258221"><ele>1.594</ele><time>2025-01-16T12:43:41Z</time><speed>0.000</speed><sat>21</sat></trkpt>
  <trkpt lat="10.77647582" lon="106.70258221"><ele>1.727</ele><time>2025-01-16T12:43:42Z</time><speed>0.000</speed><sat>21</sat></trkpt>
  <trkpt lat="10.77647582" lon="106.70258221"><ele>1.807</ele><time>2025-01-16T12:43:43Z</time><speed>0.000</speed><sat>22</sat></trkpt>
  <trkpt lat="10.77647582" lon="106.70258221"><ele>1.880</ele><time>2025-01-16T12:43:44Z</time><speed>0.000</speed><sat>22</sat></trkpt>
  <trkpt lat="10.77647582" lon="106.70258221"><ele>1.895</ele><time>2025-01-16T12:43:45Z</time><speed>0.000</speed><sat>20</sat></trkpt>
  <trkpt lat="10.77647582" lon="106.70258221"><ele>1.795</ele><time>2025-01-16T12:43:46Z</time><speed>0.000</speed><sat>21</sat></trkpt>
  <trkpt lat="10.77647582" lon="106.70258221"><ele>1.841</ele><time>2025-01-16T12:43:47Z</time><speed>0.000</speed><sat>22</sat></trkpt>
  <trkpt lat="10.77647582" lon="106.70258221"><ele>1.771</ele><time>2025-01-16T12:43:48Z</time><speed>0.000</speed><sat>23</sat></trkpt>
  <trkpt lat="10.77647582" lon="106.70258221"><ele>1.808</ele><time>2025-01-16T12:43:49Z</time><speed>0.000</speed><sat>23</sat></trkpt>
  <trkpt lat="10.77647582" lon="106.70258221"><ele>1.919</ele><time>2025-01-16T12:43:50Z</time><speed>0.000</speed><sat>23</sat></trkpt>
  <trkpt lat="10.77647582" lon="106.70258221"><ele>1.789</ele><time>2025-01-16T12:43:51Z</time><speed>0.000</speed><sat>22</sat></trkpt>
  <trkpt lat="10.77647582" lon="106.70258221"><ele>1.893</ele><time>2025-01-16T12:43:52Z</time><speed>0.000</speed><sat>23</sat></trkpt>
  <trkpt lat="10.77647582" lon="106.70258221"><ele>1.924</ele><time>2025-01-16T12:43:53Z</time><speed>0.000</speed><sat>23</sat></trkpt>
  <trkpt lat="10.77647582" lon="106.70258221"><ele>1.990</ele><time>2025-01-16T12:43:54Z</time><speed>0.000</speed><sat>22</sat></trkpt>
  <trkpt lat="10.77647582" lon="106.70258221"><ele>2.038</ele><time>2025-01-16T12:43:55Z</time><speed>0.000</speed><sat>22</sat></trkpt>
  <trkpt lat="10.77647582" lon="106.70258221"><ele>2.275</ele><time>2025-01-16T12:43:56Z</time><speed>0.000</speed><sat>22</sat></trkpt>
  <trkpt lat="10.77647582" lon="106.70258221"><ele>2.200</ele><time>2025-01-16T12:43:57Z</time><speed>0.000</speed><sat>22</sat></trkpt>
  <trkpt lat="10.77647582" lon="106.70258221"><ele>2.219</ele><time>2025-01-16T12:43:58Z</time><speed>0.000</speed><sat>21</sat></trkpt>
  <trkpt lat="10.77647582" lon="106.70258221"><ele>2.266</ele><time>2025-01-16T12:43:59Z</time><speed>0.000</speed><sat>21</sat></trkpt>
  <trkpt lat="10.77647582" lon="106.70258221"><ele>1.894</ele><time>2025-01-16T12:44:00Z</time><speed>0.000</speed><sat>22</sat></trkpt>
  <trkpt lat="10.77647582" lon="106.70258221"><ele>1.694</ele><time>2025-01-16T12:44:01Z</time><speed>0.000</speed><sat>22</sat></trkpt>
  <trkpt lat="10.77647582" lon="106.70258221"><ele>1.503</ele><time>2025-01-16T12:44:02Z</time><speed>0.000</speed><sat>22</sat></trkpt>
  <trkpt lat="10.77647582" lon="106.70258221"><ele>1.353</ele><time>2025-01-16T12:44:03Z</time><speed>0.000</speed><sat>21</sat></trkpt>
  <trkpt lat="10.77647582" lon="106.70258221"><ele>1.410</ele><time>2025-01-16T12:44:04Z</time><speed>0.000</speed><sat>21</sat></trkpt>
  <trkpt lat="10.77647582" lon="106.70258221"><ele>1.463</ele><time>2025-01-16T12:44:05Z</time><speed>0.000</speed><sat>21</sat></trkpt>
  <trkpt lat="10.77647582" lon="106.70258221"><ele>1.577</ele><time>2025-01-16T12:44:06Z</time><speed>0.000</speed><sat>21</sat></trkpt>
  <trkpt lat="10.77647582" lon="106.70258221"><ele>1.651</ele><time>2025-01-16T12:44:07Z</time><speed>0.000</speed><sat>20</sat></trkpt>
  <trkpt lat="10.77647582" lon="106.70258221"><ele>1.678</ele><time>2025-01-16T12:44:08Z</time><speed>0.000</speed><sat>20</sat></trkpt>
  <trkpt lat="10.77647582" lon="106.70258221"><ele>1.714</ele><time>2025-01-16T12:44:09Z</time><speed>0.000</speed><sat>21</sat></trkpt>
  <trkpt lat="10.77647582" lon="106.70258221"><ele>1.740</ele><time>2025-01-16T12:44:10Z</time><speed>0.000</speed><sat>20</sat></trkpt>
  <trkpt lat="10.77647582" lon="106.70258221"><ele>1.767</ele><time>2025-01-16T12:44:11Z</time><speed>0.000</speed><sat>19</sat></trkpt>
  <trkpt lat="10.77647582" lon="106.70258221"><ele>1.830</ele><time>2025-01-16T12:44:12Z</time><speed>0.000</speed><sat>18</sat></trkpt>
  <trkpt lat="10.77647582" lon="106.70258221"><ele>1.763</ele><time>2025-01-16T12:44:13Z</time><speed>0.000</speed><sat>19</sat></trkpt>
  <trkpt lat="10.77647582" lon="106.70258221"><ele>1.630</ele><time>2025-01-16T12:44:14Z</time><speed>0.000</speed><sat>20</sat></trkpt>
  <trkpt lat="10.77647582" lon="106.70258221"><ele>1.626</ele><time>2025-01-16T12:44:15Z</time><speed>0.000</speed><sat>20</sat></trkpt>
  <trkpt lat="10.77647582" lon="106.70258221"><ele>1.343</ele><time>2025-01-16T12:44:16Z</time><speed>0.000</speed><sat>20</sat></trkpt>
  <trkpt lat="10.77647582" lon="106.70258221"><ele>1.289</ele><time>2025-01-16T12:44:17Z</time><speed>0.000</speed><sat>20</sat></trkpt>
  <trkpt lat="10.77647582" lon="106.70258221"><ele>1.258</ele><time>2025-01-16T12:44:18Z</time><speed>0.000</speed><sat>20</sat></trkpt>
  <trkpt lat="10.77647582" lon="106.70258221"><ele>1.273</ele><time>2025-01-16T12:44:19Z</time><speed>0.000</speed><sat>21</sat></trkpt>
  <trkpt lat="10.77647582" lon="106.70258221"><ele>1.461</ele><time>2025-01-16T12:44:20Z</time><speed>0.000</speed><sat>18</sat></trkpt>
  <trkpt lat="10.77647582" lon="106.70258221"><ele>1.408</ele><time>2025-01-16T12:44:21Z</time><speed>0.000</speed><sat>19</sat></trkpt>
  <trkpt lat="10.77647582" lon="106.70258221"><ele>1.117</ele><time>2025-01-16T12:44:22Z</time><speed>0.000</speed><sat>19</sat></trkpt>
  <trkpt lat="10.77647582" lon="106.70258221"><ele>1.004</ele><time>2025-01-16T12:44:23Z</time><speed>0.000</speed><sat>19</sat></trkpt>
  <trkpt lat="10.77647582" lon="106.70258221"><ele>1.028</ele><time>2025-01-16T12:44:24Z</time><speed>0.000</speed><sat>18</sat></trkpt>
  <trkpt lat="10.77647582" lon="106.70258221"><ele>1.174</ele><time>2025-01-16T12:44:25Z</time><speed>0.000</speed><sat>20</sat></trkpt>
  <trkpt lat="10.77647582" lon="106.70258221"><ele>1.290</ele><time>2025-01-16T12:44:26Z</time><speed>0.000</speed><sat>18</sat></trkpt>
  <trkpt lat="10.77647582" lon="106.70258221"><ele>1.413</ele><time>2025-01-16T12:44:27Z</time><speed>0.000</speed><sat>17</sat></trkpt>
  <trkpt lat="10.77647582" lon="106.70258221"><ele>1.485</ele><time>2025-01-16T12:44:28Z</time><speed>0.000</speed><sat>16</sat></trkpt>
  <trkpt lat="10.77643661" lon="106.70253529"><ele>1.653</ele><time>2025-01-16T12:44:29Z</time><speed>0.000</speed><sat>18</sat></trkpt>
  <trkpt lat="10.77643431" lon="106.70252984"><ele>1.759</ele><time>2025-01-16T12:44:30Z</time><speed>0.286</speed><sat>17</sat></trkpt>
  <trkpt lat="10.77643106" lon="106.70252430"><ele>1.703</ele><time>2025-01-16T12:44:31Z</time><speed>0.477</speed><sat>22</sat></trkpt>
  <trkpt lat="10.77644059" lon="106.70252021"><ele>1.286</ele><time>2025-01-16T12:44:32Z</time><speed>0.000</speed><sat>20</sat></trkpt>
  <trkpt lat="10.77644059" lon="106.70252021"><ele>1.177</ele><time>2025-01-16T12:44:33Z</time><speed>0.000</speed><sat>18</sat></trkpt>
  <trkpt lat="10.77644059" lon="106.70252021"><ele>1.200</ele><time>2025-01-16T12:44:34Z</time><speed>0.000</speed><sat>17</sat></trkpt>
  <trkpt lat="10.77644059" lon="106.70252021"><ele>1.669</ele><time>2025-01-16T12:44:35Z</time><speed>0.000</speed><sat>19</sat></trkpt>
  <trkpt lat="10.77644059" lon="106.70252021"><ele>1.663</ele><time>2025-01-16T12:44:36Z</time><speed>0.000</speed><sat>19</sat></trkpt>
  <trkpt lat="10.77644059" lon="106.70252021"><ele>1.721</ele><time>2025-01-16T12:44:37Z</time><speed>0.000</speed><sat>18</sat></trkpt>
  <trkpt lat="10.77644059" lon="106.70252021"><ele>1.341</ele><time>2025-01-16T12:44:38Z</time><speed>0.000</speed><sat>17</sat></trkpt>
  <trkpt lat="10.77644059" lon="106.70252021"><ele>1.390</ele><time>2025-01-16T12:44:39Z</time><speed>0.000</speed><sat>17</sat></trkpt>
  <trkpt lat="10.77644059" lon="106.70252021"><ele>1.426</ele><time>2025-01-16T12:44:40Z</time><speed>0.000</speed><sat>17</sat></trkpt>
  <trkpt lat="10.77643553" lon="106.70251075"><ele>1.131</ele><time>2025-01-16T12:44:41Z</time><speed>0.288</speed><sat>17</sat></trkpt>
  <trkpt lat="10.77643239" lon="106.70251067"><ele>1.050</ele><time>2025-01-16T12:44:42Z</time><speed>0.000</speed><sat>15</sat></trkpt>
  <trkpt lat="10.77643239" lon="106.70251067"><ele>1.006</ele><time>2025-01-16T12:44:43Z</time><speed>0.000</speed><sat>18</sat></trkpt>
  <trkpt lat="10.77643239" lon="106.70251067"><ele>0.870</ele><time>2025-01-16T12:44:44Z</time><speed>0.000</speed><sat>17</sat></trkpt>
  <trkpt lat="10.77643239" lon="106.70251067"><ele>0.948</ele><time>2025-01-16T12:44:45Z</time><speed>0.000</speed><sat>16</sat></trkpt>
  <trkpt lat="10.77643239" lon="106.70251067"><ele>0.992</ele><time>2025-01-16T12:44:46Z</time><speed>0.000</speed><sat>18</sat></trkpt>
  <trkpt lat="10.77643239" lon="106.70251067"><ele>1.104</ele><time>2025-01-16T12:44:47Z</time><speed>0.000</speed><sat>19</sat></trkpt>
  <trkpt lat="10.77643239" lon="106.70251067"><ele>1.446</ele><time>2025-01-16T12:44:48Z</time><speed>0.000</speed><sat>19</sat></trkpt>
  <trkpt lat="10.77643239" lon="106.70251067"><ele>1.775</ele><time>2025-01-16T12:44:49Z</time><speed>0.000</speed><sat>21</sat></trkpt>
  <trkpt lat="10.77643239" lon="106.70251067"><ele>2.197</ele><time>2025-01-16T12:44:50Z</time><speed>0.000</speed><sat>22</sat></trkpt>
  <trkpt lat="10.77643239" lon="106.70251067"><ele>2.639</ele><time>2025-01-16T12:44:51Z</time><speed>0.000</speed><sat>23</sat></trkpt>
  <trkpt lat="10.77639311" lon="106.70256214"><ele>2.939</ele><time>2025-01-16T12:44:52Z</time><speed>0.768</speed><sat>22</sat></trkpt>
  <trkpt lat="10.77637131" lon="106.70258355"><ele>3.048</ele><time>2025-01-16T12:44:53Z</time><speed>1.076</speed><sat>22</sat></trkpt>
  <trkpt lat="10.77635512" lon="106.70260303"><ele>3.108</ele><time>2025-01-16T12:44:54Z</time><speed>1.023</speed><sat>23</sat></trkpt>
  <trkpt lat="10.77634677" lon="106.70261596"><ele>3.157</ele><time>2025-01-16T12:44:55Z</time><speed>1.212</speed><sat>22</sat></trkpt>
  <trkpt lat="10.77633927" lon="106.70262568"><ele>1.993</ele><time>2025-01-16T12:44:56Z</time><speed>0.417</speed><sat>21</sat></trkpt>
  <trkpt lat="10.77633175" lon="106.70263437"><ele>2.294</ele><time>2025-01-16T12:44:57Z</time><speed>0.350</speed><sat>23</sat></trkpt>
  <trkpt lat="10.77632538" lon="106.70263299"><ele>1.985</ele><time>2025-01-16T12:44:58Z</time><speed>0.000</speed><sat>23</sat></trkpt>
  <trkpt lat="10.77632538" lon="106.70263299"><ele>1.734</ele><time>2025-01-16T12:44:59Z</time><speed>0.000</speed><sat>23</sat></trkpt>
  <trkpt lat="10.77632538" lon="106.70263299"><ele>1.497</ele><time>2025-01-16T12:45:00Z</time><speed>0.000</speed><sat>24</sat></trkpt>
  <trkpt lat="10.77632538" lon="106.70263299"><ele>1.617</ele><time>2025-01-16T12:45:01Z</time><speed>0.000</speed><sat>25</sat></trkpt>
  <trkpt lat="10.77632068" lon="106.70262596"><ele>1.678</ele><time>2025-01-16T12:45:02Z</time><speed>0.459</speed><sat>22</sat></trkpt>
  <trkpt lat="10.77631910" lon="106.70262206"><ele>0.904</ele><time>2025-01-16T12:45:03Z</time><speed>0.000</speed><sat>23</sat></trkpt>
  <trkpt lat="10.77631910" lon="106.70262206"><ele>0.653</ele><time>2025-01-16T12:45:04Z</time><speed>0.000</speed><sat>23</sat></trkpt>
  <trkpt lat="10.77631910" lon="106.70262206"><ele>0.410</ele><time>2025-01-16T12:45:05Z</time><speed>0.000</speed><sat>22</sat></trkpt>
  <trkpt lat="10.77631178" lon="106.70262439"><ele>0.258</ele><time>2025-01-16T12:45:06Z</time><speed>0.621</speed><sat>23</sat></trkpt>
  <trkpt lat="10.77630989" lon="106.70262859"><ele>-0.053</ele><time>2025-01-16T12:45:07Z</time><speed>0.000</speed><sat>24</sat></trkpt>
  <trkpt lat="10.77630989" lon="106.70262859"><ele>-0.113</ele><time>2025-01-16T12:45:08Z</time><speed>0.000</speed><sat>24</sat></trkpt>
  <trkpt lat="10.77630860" lon="106.70263236"><ele>-0.537</ele><time>2025-01-16T12:45:09Z</time><speed>0.385</speed><sat>23</sat></trkpt>
  <trkpt lat="10.77631441" lon="106.70263590"><ele>-0.162</ele><time>2025-01-16T12:45:10Z</time><speed>0.354</speed><sat>23</sat></trkpt>
  <trkpt lat="10.77631561" lon="106.70263591"><ele>-0.363</ele><time>2025-01-16T12:45:11Z</time><speed>0.000</speed><sat>22</sat></trkpt>
  <trkpt lat="10.77631561" lon="106.70263591"><ele>-0.595</ele><time>2025-01-16T12:45:12Z</time><speed>0.000</speed><sat>22</sat></trkpt>
  <trkpt lat="10.77631561" lon="106.70263591"><ele>-0.712</ele><time>2025-01-16T12:45:13Z</time><speed>0.000</speed><sat>21</sat></trkpt>
  <trkpt lat="10.77630821" lon="106.70264711"><ele>-0.772</ele><time>2025-01-16T12:45:14Z</time><speed>0.935</speed><sat>22</sat></trkpt>
  <trkpt lat="10.77630210" lon="106.70265490"><ele>-0.899</ele><time>2025-01-16T12:45:15Z</time><speed>0.000</speed><sat>23</sat></trkpt>
  <trkpt lat="10.77629672" lon="106.70266329"><ele>-0.904</ele><time>2025-01-16T12:45:16Z</time><speed>0.393</speed><sat>24</sat></trkpt>
  <trkpt lat="10.77628735" lon="106.70267399"><ele>-1.167</ele><time>2025-01-16T12:45:17Z</time><speed>0.436</speed><sat>24</sat></trkpt>
  <trkpt lat="10.77628142" lon="106.70268356"><ele>-1.365</ele><time>2025-01-16T12:45:18Z</time><speed>0.608</speed><sat>23</sat></trkpt>
  <trkpt lat="10.77627941" lon="106.70269160"><ele>-1.127</ele><time>2025-01-16T12:45:19Z</time><speed>0.918</speed><sat>24</sat></trkpt>
  <trkpt lat="10.77627277" lon="106.70270739"><ele>-0.920</ele><time>2025-01-16T12:45:20Z</time><speed>0.660</speed><sat>23</sat></trkpt>
  <trkpt lat="10.77627034" lon="106.70271383"><ele>-1.508</ele><time>2025-01-16T12:45:21Z</time><speed>0.581</speed><sat>24</sat></trkpt>
  <trkpt lat="10.77626746" lon="106.70271844"><ele>-1.465</ele><time>2025-01-16T12:45:22Z</time><speed>0.365</speed><sat>23</sat></trkpt>
  <trkpt lat="10.77626451" lon="106.70272045"><ele>-1.667</ele><time>2025-01-16T12:45:23Z</time><speed>0.000</speed><sat>25</sat></trkpt>
  <trkpt lat="10.77626451" lon="106.70272045"><ele>-1.919</ele><time>2025-01-16T12:45:24Z</time><speed>0.000</speed><sat>24</sat></trkpt>
  <trkpt lat="10.77626109" lon="106.70273459"><ele>-2.333</ele><time>2025-01-16T12:45:25Z</time><speed>0.334</speed><sat>24</sat></trkpt>
  <trkpt lat="10.77625584" lon="106.70274331"><ele>-2.599</ele><time>2025-01-16T12:45:26Z</time><speed>0.686</speed><sat>22</sat></trkpt>
  <trkpt lat="10.77624906" lon="106.70275010"><ele>-2.928</ele><time>2025-01-16T12:45:27Z</time><speed>0.348</speed><sat>22</sat></trkpt>
  <trkpt lat="10.77624539" lon="106.70275989"><ele>-3.070</ele><time>2025-01-16T12:45:28Z</time><speed>0.482</speed><sat>23</sat></trkpt>
  <trkpt lat="10.77623730" lon="106.70276848"><ele>-3.000</ele><time>2025-01-16T12:45:29Z</time><speed>0.584</speed><sat>24</sat></trkpt>
  <trkpt lat="10.77623590" lon="106.70277676"><ele>-3.500</ele><time>2025-01-16T12:45:30Z</time><speed>0.682</speed><sat>24</sat></trkpt>
  <trkpt lat="10.77623050" lon="106.70278336"><ele>-3.874</ele><time>2025-01-16T12:45:31Z</time><speed>0.657</speed><sat>23</sat></trkpt>
  <trkpt lat="10.77622660" lon="106.70279074"><ele>-3.824</ele><time>2025-01-16T12:45:32Z</time><speed>0.614</speed><sat>23</sat></trkpt>
  <trkpt lat="10.77621883" lon="106.70279374"><ele>-3.545</ele><time>2025-01-16T12:45:33Z</time><speed>0.718</speed><sat>25</sat></trkpt>
  <trkpt lat="10.77621088" lon="106.70279471"><ele>-3.430</ele><time>2025-01-16T12:45:34Z</time><speed>0.448</speed><sat>23</sat></trkpt>
  <trkpt lat="10.77619738" lon="106.70279988"><ele>-3.688</ele><time>2025-01-16T12:45:35Z</time><speed>0.890</speed><sat>23</sat></trkpt>
  <trkpt lat="10.77618477" lon="106.70280781"><ele>-3.474</ele><time>2025-01-16T12:45:36Z</time><speed>0.905</speed><sat>21</sat></trkpt>
  <trkpt lat="10.77617607" lon="106.70281661"><ele>-3.438</ele><time>2025-01-16T12:45:37Z</time><speed>0.550</speed><sat>22</sat></trkpt>
  <trkpt lat="10.77617161" lon="106.70281702"><ele>-3.273</ele><time>2025-01-16T12:45:38Z</time><speed>0.576</speed><sat>22</sat></trkpt>
  <trkpt lat="10.77617017" lon="106.70282208"><ele>-2.988</ele><time>2025-01-16T12:45:39Z</time><speed>0.969</speed><sat>20</sat></trkpt>
  <trkpt lat="10.77616939" lon="106.70282241"><ele>-2.984</ele><time>2025-01-16T12:45:40Z</time><speed>0.324</speed><sat>22</sat></trkpt>
  <trkpt lat="10.77617230" lon="106.70281910"><ele>-2.219</ele><time>2025-01-16T12:45:41Z</time><speed>0.000</speed><sat>23</sat></trkpt>
  <trkpt lat="10.77617230" lon="106.70281910"><ele>-2.452</ele><time>2025-01-16T12:45:42Z</time><speed>0.000</speed><sat>22</sat></trkpt>
  <trkpt lat="10.77617556" lon="106.70282837"><ele>-2.616</ele><time>2025-01-16T12:45:43Z</time><speed>0.348</speed><sat>22</sat></trkpt>
  <trkpt lat="10.77618137" lon="106.70282779"><ele>-2.314</ele><time>2025-01-16T12:45:44Z</time><speed>0.000</speed><sat>24</sat></trkpt>
  <trkpt lat="10.77618137" lon="106.70282779"><ele>-2.434</ele><time>2025-01-16T12:45:45Z</time><speed>0.000</speed><sat>23</sat></trkpt>
  <trkpt lat="10.77618137" lon="106.70282779"><ele>-2.180</ele><time>2025-01-16T12:45:46Z</time><speed>0.000</speed><sat>23</sat></trkpt>
  <trkpt lat="10.77618137" lon="106.70282779"><ele>-2.025</ele><time>2025-01-16T12:45:47Z</time><speed>0.000</speed><sat>23</sat></trkpt>
  <trkpt lat="10.77618137" lon="106.70282779"><ele>-1.868</ele><time>2025-01-16T12:45:48Z</time><speed>0.000</speed><sat>25</sat></trkpt>
  <trkpt lat="10.77618137" lon="106.70282779"><ele>-1.603</ele><time>2025-01-16T12:45:49Z</time><speed>0.000</speed><sat>23</sat></trkpt>
  <trkpt lat="10.77618137" lon="106.70282779"><ele>-1.872</ele><time>2025-01-16T12:45:50Z</time><speed>0.000</speed><sat>22</sat></trkpt>
  <trkpt lat="10.77619786" lon="106.70283069"><ele>-1.290</ele><time>2025-01-16T12:45:51Z</time><speed>0.558</speed><sat>23</sat></trkpt>
  <trkpt lat="10.77620080" lon="106.70283542"><ele>-1.026</ele><time>2025-01-16T12:45:52Z</time><speed>0.000</speed><sat>25</sat></trkpt>
  <trkpt lat="10.77620080" lon="106.70283542"><ele>-1.503</ele><time>2025-01-16T12:45:53Z</time><speed>0.000</speed><sat>24</sat></trkpt>
  <trkpt lat="10.77620080" lon="106.70283542"><ele>-1.372</ele><time>2025-01-16T12:45:54Z</time><speed>0.000</speed><sat>25</sat></trkpt>
  <trkpt lat="10.77620080" lon="106.70283542"><ele>-1.054</ele><time>2025-01-16T12:45:55Z</time><speed>0.000</speed><sat>26</sat></trkpt>
  <trkpt lat="10.77620080" lon="106.70283542"><ele>-0.920</ele><time>2025-01-16T12:45:56Z</time><speed>0.000</speed><sat>26</sat></trkpt>
  <trkpt lat="10.77620080" lon="106.70283542"><ele>-0.862</ele><time>2025-01-16T12:45:57Z</time><speed>0.000</speed><sat>26</sat></trkpt>
  <trkpt lat="10.77620080" lon="106.70283542"><ele>-0.847</ele><time>2025-01-16T12:45:58Z</time><speed>0.000</speed><sat>26</sat></trkpt>
  <trkpt lat="10.77620080" lon="106.70283542"><ele>-0.631</ele><time>2025-01-16T12:45:59Z</time><speed>0.000</speed><sat>25</sat></trkpt>
  <trkpt lat="10.77620288" lon="106.70284614"><ele>-0.343</ele><time>2025-01-16T12:46:00Z</time><speed>0.347</speed><sat>24</sat></trkpt>
  <trkpt lat="10.77619878" lon="106.70285678"><ele>-0.319</ele><time>2025-01-16T12:46:01Z</time><speed>0.595</speed><sat>23</sat></trkpt>
  <trkpt lat="10.77619508" lon="106.70286318"><ele>-0.426</ele><time>2025-01-16T12:46:02Z</time><speed>0.466</speed><sat>19</sat></trkpt>
  <trkpt lat="10.77619762" lon="106.70286566"><ele>-0.642</ele><time>2025-01-16T12:46:03Z</time><speed>0.000</speed><sat>23</sat></trkpt>
  <trkpt lat="10.77619762" lon="106.70286566"><ele>-0.636</ele><time>2025-01-16T12:46:04Z</time><speed>0.000</speed><sat>23</sat></trkpt>
  <trkpt lat="10.77619762" lon="106.70286566"><ele>-0.816</ele><time>2025-01-16T12:46:05Z</time><speed>0.000</speed><sat>24</sat></trkpt>
  <trkpt lat="10.77619762" lon="106.70286566"><ele>-0.789</ele><time>2025-01-16T12:46:06Z</time><speed>0.000</speed><sat>22</sat></trkpt>
  <trkpt lat="10.77616926" lon="106.70287821"><ele>-0.914</ele><time>2025-01-16T12:46:07Z</time><speed>0.381</speed><sat>21</sat></trkpt>
  <trkpt lat="10.77615669" lon="106.70288273"><ele>-0.799</ele><time>2025-01-16T12:46:08Z</time><speed>0.428</speed><sat>24</sat></trkpt>
  <trkpt lat="10.77613815" lon="106.70288193"><ele>-0.830</ele><time>2025-01-16T12:46:09Z</time><speed>0.418</speed><sat>24</sat></trkpt>
  <trkpt lat="10.77613303" lon="106.70288036"><ele>-0.584</ele><time>2025-01-16T12:46:10Z</time><speed>0.000</speed><sat>20</sat></trkpt>
  <trkpt lat="10.77611464" lon="106.70287920"><ele>-0.462</ele><time>2025-01-16T12:46:11Z</time><speed>0.546</speed><sat>22</sat></trkpt>
  <trkpt lat="10.77610001" lon="106.70288542"><ele>-0.262</ele><time>2025-01-16T12:46:12Z</time><speed>0.000</speed><sat>25</sat></trkpt>
  <trkpt lat="10.77610001" lon="106.70288542"><ele>-0.390</ele><time>2025-01-16T12:46:13Z</time><speed>0.000</speed><sat>23</sat></trkpt>
  <trkpt lat="10.77610001" lon="106.70288542"><ele>0.061</ele><time>2025-01-16T12:46:14Z</time><speed>0.000</speed><sat>24</sat></trkpt>
  <trkpt lat="10.77610001" lon="106.70288542"><ele>-0.578</ele><time>2025-01-16T12:46:15Z</time><speed>0.000</speed><sat>24</sat></trkpt>
  <trkpt lat="10.77610001" lon="106.70288542"><ele>-0.876</ele><time>2025-01-16T12:46:16Z</time><speed>0.000</speed><sat>23</sat></trkpt>
  <trkpt lat="10.77610001" lon="106.70288542"><ele>-1.003</ele><time>2025-01-16T12:46:17Z</time><speed>0.000</speed><sat>22</sat></trkpt>
  <trkpt lat="10.77610001" lon="106.70288542"><ele>-0.436</ele><time>2025-01-16T12:46:18Z</time><speed>0.000</speed><sat>21</sat></trkpt>
  <trkpt lat="10.77610001" lon="106.70288542"><ele>-0.267</ele><time>2025-01-16T12:46:19Z</time><speed>0.000</speed><sat>20</sat></trkpt>
  <trkpt lat="10.77610001" lon="106.70288542"><ele>-0.379</ele><time>2025-01-16T12:46:20Z</time><speed>0.000</speed><sat>22</sat></trkpt>
  <trkpt lat="10.77610001" lon="106.70288542"><ele>-0.507</ele><time>2025-01-16T12:46:21Z</time><speed>0.000</speed><sat>20</sat></trkpt>
  <trkpt lat="10.77610001" lon="106.70288542"><ele>-0.358</ele><time>2025-01-16T12:46:22Z</time><speed>0.000</speed><sat>19</sat></trkpt>
  <trkpt lat="10.77610001" lon="106.70288542"><ele>-0.340</ele><time>2025-01-16T12:46:23Z</time><speed>0.000</speed><sat>21</sat></trkpt>
  <trkpt lat="10.77610001" lon="106.70288542"><ele>-0.393</ele><time>2025-01-16T12:46:24Z</time><speed>0.000</speed><sat>18</sat></trkpt>
  <trkpt lat="10.77610001" lon="106.70288542"><ele>-0.607</ele><time>2025-01-16T12:46:25Z</time><speed>0.000</speed><sat>19</sat></trkpt>
  <trkpt lat="10.77607973" lon="106.70288565"><ele>-0.926</ele><time>2025-01-16T12:46:26Z</time><speed>0.338</speed><sat>19</sat></trkpt>
  <trkpt lat="10.77607921" lon="106.70289412"><ele>-0.867</ele><time>2025-01-16T12:46:27Z</time><speed>0.000</speed><sat>19</sat></trkpt>
  <trkpt lat="10.77607921" lon="106.70289412"><ele>-1.080</ele><time>2025-01-16T12:46:28Z</time><speed>0.000</speed><sat>17</sat></trkpt>
  <trkpt lat="10.77607921" lon="106.70289412"><ele>-1.121</ele><time>2025-01-16T12:46:29Z</time><speed>0.000</speed><sat>18</sat></trkpt>
  <trkpt lat="10.77607921" lon="106.70289412"><ele>-1.314</ele><time>2025-01-16T12:46:30Z</time><speed>0.000</speed><sat>18</sat></trkpt>
  <trkpt lat="10.77607921" lon="106.70289412"><ele>-1.379</ele><time>2025-01-16T12:46:31Z</time><speed>0.000</speed><sat>17</sat></trkpt>
  <trkpt lat="10.77607921" lon="106.70289412"><ele>-1.488</ele><time>2025-01-16T12:46:32Z</time><speed>0.000</speed><sat>18</sat></trkpt>
  <trkpt lat="10.77607921" lon="106.70289412"><ele>-1.399</ele><time>2025-01-16T12:46:33Z</time><speed>0.000</speed><sat>15</sat></trkpt>
  <trkpt lat="10.77607921" lon="106.70289412"><ele>-1.307</ele><time>2025-01-16T12:46:34Z</time><speed>0.000</speed><sat>16</sat></trkpt>
  <trkpt lat="10.77607921" lon="106.70289412"><ele>-1.160</ele><time>2025-01-16T12:46:35Z</time><speed>0.000</speed><sat>19</sat></trkpt>
  <trkpt lat="10.77607921" lon="106.70289412"><ele>-1.085</ele><time>2025-01-16T12:46:36Z</time><speed>0.000</speed><sat>16</sat></trkpt>
  <trkpt lat="10.77607921" lon="106.70289412"><ele>-0.803</ele><time>2025-01-16T12:46:37Z</time><speed>0.000</speed><sat>18</sat></trkpt>
  <trkpt lat="10.77607921" lon="106.70289412"><ele>-0.740</ele><time>2025-01-16T12:46:38Z</time><speed>0.000</speed><sat>15</sat></trkpt>
  <trkpt lat="10.77607921" lon="106.70289412"><ele>-0.695</ele><time>2025-01-16T12:46:39Z</time><speed>0.000</speed><sat>16</sat></trkpt>
  <trkpt lat="10.77607921" lon="106.70289412"><ele>-1.070</ele><time>2025-01-16T12:46:40Z</time><speed>0.000</speed><sat>17</sat></trkpt>
  <trkpt lat="10.77607921" lon="106.70289412"><ele>-0.879</ele><time>2025-01-16T12:46:41Z</time><speed>0.000</speed><sat>18</sat></trkpt>
  <trkpt lat="10.77607921" lon="106.70289412"><ele>-0.408</ele><time>2025-01-16T12:46:42Z</time><speed>0.000</speed><sat>18</sat></trkpt>
  <trkpt lat="10.77607921" lon="106.70289412"><ele>-0.128</ele><time>2025-01-16T12:46:43Z</time><speed>0.000</speed><sat>19</sat></trkpt>
  <trkpt lat="10.77607921" lon="106.70289412"><ele>-0.444</ele><time>2025-01-16T12:46:44Z</time><speed>0.000</speed><sat>21</sat></trkpt>
  <trkpt lat="10.77607921" lon="106.70289412"><ele>-0.837</ele><time>2025-01-16T12:46:45Z</time><speed>0.000</speed><sat>24</sat></trkpt>
  <trkpt lat="10.77607921" lon="106.70289412"><ele>-0.434</ele><time>2025-01-16T12:46:46Z</time><speed>0.000</speed><sat>22</sat></trkpt>
  <trkpt lat="10.77607921" lon="106.70289412"><ele>-0.577</ele><time>2025-01-16T12:46:47Z</time><speed>0.000</speed><sat>21</sat></trkpt>
  <trkpt lat="10.77607921" lon="106.70289412"><ele>-0.755</ele><time>2025-01-16T12:46:48Z</time><speed>0.000</speed><sat>22</sat></trkpt>
  <trkpt lat="10.77607921" lon="106.70289412"><ele>-1.177</ele><time>2025-01-16T12:46:49Z</time><speed>0.000</speed><sat>23</sat></trkpt>
  <trkpt lat="10.77607921" lon="106.70289412"><ele>-1.352</ele><time>2025-01-16T12:46:50Z</time><speed>0.000</speed><sat>23</sat></trkpt>
  <trkpt lat="10.77607921" lon="106.70289412"><ele>-1.528</ele><time>2025-01-16T12:46:51Z</time><speed>0.000</speed><sat>22</sat></trkpt>
  <trkpt lat="10.77607921" lon="106.70289412"><ele>-1.864</ele><time>2025-01-16T12:46:52Z</time><speed>0.000</speed><sat>21</sat></trkpt>
  <trkpt lat="10.77607921" lon="106.70289412"><ele>-1.911</ele><time>2025-01-16T12:46:53Z</time><speed>0.000</speed><sat>22</sat></trkpt>
  <trkpt lat="10.77607921" lon="106.70289412"><ele>-1.752</ele><time>2025-01-16T12:46:54Z</time><speed>0.000</speed><sat>20</sat></trkpt>
  <trkpt lat="10.77607921" lon="106.70289412"><ele>-1.989</ele><time>2025-01-16T12:46:55Z</time><speed>0.000</speed><sat>20</sat></trkpt>
  <trkpt lat="10.77607921" lon="106.70289412"><ele>-2.026</ele><time>2025-01-16T12:46:56Z</time><speed>0.000</speed><sat>20</sat></trkpt>
  <trkpt lat="10.77607921" lon="106.70289412"><ele>-2.054</ele><time>2025-01-16T12:46:57Z</time><speed>0.000</speed><sat>19</sat></trkpt>
  <trkpt lat="10.77607921" lon="106.70289412"><ele>-2.274</ele><time>2025-01-16T12:46:58Z</time><speed>0.000</speed><sat>19</sat></trkpt>
  <trkpt lat="10.77607921" lon="106.70289412"><ele>-2.348</ele><time>2025-01-16T12:46:59Z</time><speed>0.000</speed><sat>19</sat></trkpt>
  <trkpt lat="10.77607921" lon="106.70289412"><ele>-2.284</ele><time>2025-01-16T12:47:00Z</time><speed>0.000</speed><sat>21</sat></trkpt>
  <trkpt lat="10.77607921" lon="106.70289412"><ele>-2.364</ele><time>2025-01-16T12:47:01Z</time><speed>0.000</speed><sat>20</sat></trkpt>
  <trkpt lat="10.77607921" lon="106.70289412"><ele>-2.510</ele><time>2025-01-16T12:47:02Z</time><speed>0.000</speed><sat>22</sat></trkpt>
  <trkpt lat="10.77607921" lon="106.70289412"><ele>-2.421</ele><time>2025-01-16T12:47:03Z</time><speed>0.000</speed><sat>21</sat></trkpt>
  <trkpt lat="10.77607921" lon="106.70289412"><ele>-2.472</ele><time>2025-01-16T12:47:04Z</time><speed>0.000</speed><sat>21</sat></trkpt>
  <trkpt lat="10.77607921" lon="106.70289412"><ele>-2.195</ele><time>2025-01-16T12:47:05Z</time><speed>0.000</speed><sat>21</sat></trkpt>
  <trkpt lat="10.77607921" lon="106.70289412"><ele>-2.261</ele><time>2025-01-16T12:47:06Z</time><speed>0.000</speed><sat>20</sat></trkpt>
  <trkpt lat="10.77607921" lon="106.70289412"><ele>-2.358</ele><time>2025-01-16T12:47:07Z</time><speed>0.000</speed><sat>21</sat></trkpt>
  <trkpt lat="10.77607921" lon="106.70289412"><ele>-2.545</ele><time>2025-01-16T12:47:08Z</time><speed>0.000</speed><sat>22</sat></trkpt>
  <trkpt lat="10.77607921" lon="106.70289412"><ele>-2.405</ele><time>2025-01-16T12:47:09Z</time><speed>0.000</speed><sat>22</sat></trkpt>
  <trkpt lat="10.77607921" lon="106.70289412"><ele>-2.256</ele><time>2025-01-16T12:47:10Z</time><speed>0.000</speed><sat>21</sat></trkpt>
  <trkpt lat="10.77607921" lon="106.70289412"><ele>-2.362</ele><time>2025-01-16T12:47:11Z</time><speed>0.000</speed><sat>23</sat></trkpt>
  <trkpt lat="10.77607921" lon="106.70289412"><ele>-2.454</ele><time>2025-01-16T12:47:12Z</time><speed>0.000</speed><sat>21</sat></trkpt>
  <trkpt lat="10.77607921" lon="106.70289412"><ele>-2.542</ele><time>2025-01-16T12:47:13Z</time><speed>0.000</speed><sat>21</sat></trkpt>
  <trkpt lat="10.77607921" lon="106.70289412"><ele>-2.271</ele><time>2025-01-16T12:47:14Z</time><speed>0.000</speed><sat>22</sat></trkpt>
  <trkpt lat="10.77607921" lon="106.70289412"><ele>-2.514</ele><time>2025-01-16T12:47:15Z</time><speed>0.000</speed><sat>21</sat></trkpt>
  <trkpt lat="10.77607921" lon="106.70289412"><ele>-2.963</ele><time>2025-01-16T12:47:16Z</time><speed>0.000</speed><sat>19</sat></trkpt>
  <trkpt lat="10.77607921" lon="106.70289412"><ele>-2.939</ele><time>2025-01-16T12:47:17Z</time><speed>0.000</speed><sat>19</sat></trkpt>
  <trkpt lat="10.77607921" lon="106.70289412"><ele>-3.161</ele><time>2025-01-16T12:47:18Z</time><speed>0.000</speed><sat>18</sat></trkpt>
  <trkpt lat="10.77607921" lon="106.70289412"><ele>-3.867</ele><time>2025-01-16T12:47:19Z</time><speed>0.000</speed><sat>20</sat></trkpt>
  <trkpt lat="10.77607921" lon="106.70289412"><ele>-4.116</ele><time>2025-01-16T12:47:20Z</time><speed>0.000</speed><sat>18</sat></trkpt>
  <trkpt lat="10.77607921" lon="106.70289412"><ele>-4.432</ele><time>2025-01-16T12:47:21Z</time><speed>0.000</speed><sat>22</sat></trkpt>
  <trkpt lat="10.77607921" lon="106.70289412"><ele>-4.748</ele><time>2025-01-16T12:47:22Z</time><speed>0.000</speed><sat>21</sat></trkpt>
  <trkpt lat="10.77607921" lon="106.70289412"><ele>-4.898</ele><time>2025-01-16T12:47:23Z</time><speed>0.000</speed><sat>19</sat></trkpt>
  <trkpt lat="10.77607921" lon="106.70289412"><ele>-5.005</ele><time>2025-01-16T12:47:24Z</time><speed>0.000</speed><sat>18</sat></trkpt>
  <trkpt lat="10.77607921" lon="106.70289412"><ele>-5.150</ele><time>2025-01-16T12:47:25Z</time><speed>0.000</speed><sat>17</sat></trkpt>
  <trkpt lat="10.77607921" lon="106.70289412"><ele>-5.147</ele><time>2025-01-16T12:47:26Z</time><speed>0.000</speed><sat>18</sat></trkpt>
  <trkpt lat="10.77607921" lon="106.70289412"><ele>-5.326</ele><time>2025-01-16T12:47:27Z</time><speed>0.000</speed><sat>17</sat></trkpt>
  <trkpt lat="10.77607921" lon="106.70289412"><ele>-5.330</ele><time>2025-01-16T12:47:28Z</time><speed>0.000</speed><sat>14</sat></trkpt>
  <trkpt lat="10.77607921" lon="106.70289412"><ele>-5.187</ele><time>2025-01-16T12:47:29Z</time><speed>0.000</speed><sat>21</sat></trkpt>
  <trkpt lat="10.77607921" lon="106.70289412"><ele>-5.030</ele><time>2025-01-16T12:47:30Z</time><speed>0.000</speed><sat>20</sat></trkpt>
  <trkpt lat="10.77607921" lon="106.70289412"><ele>-4.958</ele><time>2025-01-16T12:47:31Z</time><speed>0.000</speed><sat>21</sat></trkpt>
  <trkpt lat="10.77607921" lon="106.70289412"><ele>-4.610</ele><time>2025-01-16T12:47:32Z</time><speed>0.000</speed><sat>25</sat></trkpt>
  <trkpt lat="10.77607921" lon="106.70289412"><ele>-4.530</ele><time>2025-01-16T12:47:33Z</time><speed>0.000</speed><sat>23</sat></trkpt>
  <trkpt lat="10.77607921" lon="106.70289412"><ele>-4.484</ele><time>2025-01-16T12:47:34Z</time><speed>0.000</speed><sat>21</sat></trkpt>
  <trkpt lat="10.77607727" lon="106.70285868"><ele>-5.020</ele><time>2025-01-16T12:47:35Z</time><speed>0.614</speed><sat>20</sat></trkpt>
  <trkpt lat="10.77607738" lon="106.70285591"><ele>-4.892</ele><time>2025-01-16T12:47:36Z</time><speed>0.000</speed><sat>17</sat></trkpt>
  <trkpt lat="10.77607670" lon="106.70285909"><ele>-4.867</ele><time>2025-01-16T12:47:37Z</time><speed>0.520</speed><sat>19</sat></trkpt>
  <trkpt lat="10.77607587" lon="106.70285936"><ele>-5.392</ele><time>2025-01-16T12:47:38Z</time><speed>0.000</speed><sat>19</sat></trkpt>
  <trkpt lat="10.77607648" lon="106.70286103"><ele>-5.435</ele><time>2025-01-16T12:47:39Z</time><speed>0.373</speed><sat>22</sat></trkpt>
  <trkpt lat="10.77607637" lon="106.70286938"><ele>-5.389</ele><time>2025-01-16T12:47:40Z</time><speed>0.384</speed><sat>20</sat></trkpt>
  <trkpt lat="10.77607391" lon="106.70287313"><ele>-4.937</ele><time>2025-01-16T12:47:41Z</time><speed>0.540</speed><sat>20</sat></trkpt>
  <trkpt lat="10.77606395" lon="106.70288901"><ele>-4.840</ele><time>2025-01-16T12:47:42Z</time><speed>0.719</speed><sat>20</sat></trkpt>
  <trkpt lat="10.77604526" lon="106.70290863"><ele>-4.718</ele><time>2025-01-16T12:47:43Z</time><speed>0.923</speed><sat>20</sat></trkpt>
  <trkpt lat="10.77602893" lon="106.70292543"><ele>-5.241</ele><time>2025-01-16T12:47:44Z</time><speed>1.176</speed><sat>20</sat></trkpt>
  <trkpt lat="10.77602288" lon="106.70294144"><ele>-4.997</ele><time>2025-01-16T12:47:45Z</time><speed>0.746</speed><sat>21</sat></trkpt>
  <trkpt lat="10.77602020" lon="106.70295220"><ele>-5.143</ele><time>2025-01-16T12:47:46Z</time><speed>1.051</speed><sat>21</sat></trkpt>
  <trkpt lat="10.77601634" lon="106.70296835"><ele>-5.160</ele><time>2025-01-16T12:47:47Z</time><speed>0.890</speed><sat>21</sat></trkpt>
  <trkpt lat="10.77601281" lon="106.70298768"><ele>-4.427</ele><time>2025-01-16T12:47:48Z</time><speed>0.884</speed><sat>22</sat></trkpt>
  <trkpt lat="10.77600725" lon="106.70299890"><ele>-4.286</ele><time>2025-01-16T12:47:49Z</time><speed>0.666</speed><sat>21</sat></trkpt>
  <trkpt lat="10.77600260" lon="106.70300892"><ele>-3.302</ele><time>2025-01-16T12:47:50Z</time><speed>0.645</speed><sat>21</sat></trkpt>
  <trkpt lat="10.77599847" lon="106.70301639"><ele>-2.010</ele><time>2025-01-16T12:47:51Z</time><speed>0.441</speed><sat>22</sat></trkpt>
  <trkpt lat="10.77599726" lon="106.70301872"><ele>-1.406</ele><time>2025-01-16T12:47:52Z</time><speed>0.000</speed><sat>20</sat></trkpt>
  <trkpt lat="10.77598945" lon="106.70301574"><ele>-4.500</ele><time>2025-01-16T12:47:53Z</time><speed>0.940</speed><sat>21</sat></trkpt>
  <trkpt lat="10.77598508" lon="106.70301842"><ele>-3.721</ele><time>2025-01-16T12:47:54Z</time><speed>0.381</speed><sat>19</sat></trkpt>
  <trkpt lat="10.77598260" lon="106.70301861"><ele>-3.383</ele><time>2025-01-16T12:47:55Z</time><speed>0.337</speed><sat>20</sat></trkpt>
  <trkpt lat="10.77598135" lon="106.70301957"><ele>-3.310</ele><time>2025-01-16T12:47:56Z</time><speed>0.000</speed><sat>20</sat></trkpt>
  <trkpt lat="10.77597310" lon="106.70302979"><ele>-4.911</ele><time>2025-01-16T12:47:57Z</time><speed>0.482</speed><sat>20</sat></trkpt>
  <trkpt lat="10.77597015" lon="106.70303311"><ele>-3.411</ele><time>2025-01-16T12:47:58Z</time><speed>0.000</speed><sat>22</sat></trkpt>
  <trkpt lat="10.77597015" lon="106.70303311"><ele>-2.966</ele><time>2025-01-16T12:47:59Z</time><speed>0.000</speed><sat>21</sat></trkpt>
  <trkpt lat="10.77597015" lon="106.70303311"><ele>-2.607</ele><time>2025-01-16T12:48:00Z</time><speed>0.000</speed><sat>22</sat></trkpt>
  <trkpt lat="10.77597015" lon="106.70303311"><ele>-2.293</ele><time>2025-01-16T12:48:01Z</time><speed>0.000</speed><sat>20</sat></trkpt>
  <trkpt lat="10.77596753" lon="106.70305454"><ele>-1.669</ele><time>2025-01-16T12:48:02Z</time><speed>0.660</speed><sat>20</sat></trkpt>
  <trkpt lat="10.77595763" lon="106.70306809"><ele>-1.461</ele><time>2025-01-16T12:48:03Z</time><speed>0.950</speed><sat>20</sat></trkpt>
  <trkpt lat="10.77594598" lon="106.70308846"><ele>-1.105</ele><time>2025-01-16T12:48:04Z</time><speed>0.740</speed><sat>21</sat></trkpt>
  <trkpt lat="10.77594231" lon="106.70310728"><ele>-0.671</ele><time>2025-01-16T12:48:05Z</time><speed>0.828</speed><sat>18</sat></trkpt>
  <trkpt lat="10.77593372" lon="106.70311953"><ele>-0.466</ele><time>2025-01-16T12:48:06Z</time><speed>0.845</speed><sat>19</sat></trkpt>
  <trkpt lat="10.77592728" lon="106.70312990"><ele>-0.536</ele><time>2025-01-16T12:48:07Z</time><speed>0.570</speed><sat>18</sat></trkpt>
  <trkpt lat="10.77592358" lon="106.70313936"><ele>-0.273</ele><time>2025-01-16T12:48:08Z</time><speed>0.642</speed><sat>14</sat></trkpt>
  <trkpt lat="10.77591533" lon="106.70315467"><ele>-0.484</ele><time>2025-01-16T12:48:09Z</time><speed>0.837</speed><sat>16</sat></trkpt>
  <trkpt lat="10.77590694" lon="106.70316449"><ele>-0.720</ele><time>2025-01-16T12:48:10Z</time><speed>0.847</speed><sat>17</sat></trkpt>
  <trkpt lat="10.77589981" lon="106.70317365"><ele>-1.010</ele><time>2025-01-16T12:48:11Z</time><speed>0.563</speed><sat>17</sat></trkpt>
  <trkpt lat="10.77589892" lon="106.70318515"><ele>-1.325</ele><time>2025-01-16T12:48:12Z</time><speed>0.553</speed><sat>18</sat></trkpt>
  <trkpt lat="10.77589576" lon="106.70319020"><ele>-1.538</ele><time>2025-01-16T12:48:13Z</time><speed>0.457</speed><sat>17</sat></trkpt>
  <trkpt lat="10.77589705" lon="106.70319818"><ele>-1.030</ele><time>2025-01-16T12:48:14Z</time><speed>0.580</speed><sat>18</sat></trkpt>
  <trkpt lat="10.77589104" lon="106.70321364"><ele>-1.818</ele><time>2025-01-16T12:48:15Z</time><speed>0.416</speed><sat>17</sat></trkpt>
  <trkpt lat="10.77589533" lon="106.70322856"><ele>-1.347</ele><time>2025-01-16T12:48:16Z</time><speed>0.480</speed><sat>17</sat></trkpt>
  <trkpt lat="10.77590038" lon="106.70324397"><ele>-0.580</ele><time>2025-01-16T12:48:17Z</time><speed>0.558</speed><sat>18</sat></trkpt>
  <trkpt lat="10.77590301" lon="106.70327010"><ele>-0.883</ele><time>2025-01-16T12:48:18Z</time><speed>0.482</speed><sat>18</sat></trkpt>
  <trkpt lat="10.77590206" lon="106.70327409"><ele>-0.685</ele><time>2025-01-16T12:48:19Z</time><speed>0.414</speed><sat>16</sat></trkpt>
  <trkpt lat="10.77590749" lon="106.70327258"><ele>0.106</ele><time>2025-01-16T12:48:20Z</time><speed>0.697</speed><sat>16</sat></trkpt>
  <trkpt lat="10.77591963" lon="106.70326985"><ele>0.821</ele><time>2025-01-16T12:48:21Z</time><speed>0.934</speed><sat>18</sat></trkpt>
  <trkpt lat="10.77592766" lon="106.70327933"><ele>2.163</ele><time>2025-01-16T12:48:22Z</time><speed>0.785</speed><sat>20</sat></trkpt>
  <trkpt lat="10.77592816" lon="106.70329455"><ele>2.988</ele><time>2025-01-16T12:48:23Z</time><speed>0.863</speed><sat>21</sat></trkpt>
  <trkpt lat="10.77592890" lon="106.70331373"><ele>3.409</ele><time>2025-01-16T12:48:24Z</time><speed>0.726</speed><sat>18</sat></trkpt>
  <trkpt lat="10.77592990" lon="106.70333550"><ele>3.801</ele><time>2025-01-16T12:48:25Z</time><speed>0.693</speed><sat>19</sat></trkpt>
  <trkpt lat="10.77593300" lon="106.70336635"><ele>3.805</ele><time>2025-01-16T12:48:26Z</time><speed>0.547</speed><sat>20</sat></trkpt>
  <trkpt lat="10.77593573" lon="106.70339386"><ele>3.695</ele><time>2025-01-16T12:48:27Z</time><speed>0.434</speed><sat>20</sat></trkpt>
  <trkpt lat="10.77593565" lon="106.70341981"><ele>4.180</ele><time>2025-01-16T12:48:28Z</time><speed>0.000</speed><sat>18</sat></trkpt>
  <trkpt lat="10.77593565" lon="106.70341981"><ele>4.736</ele><time>2025-01-16T12:48:29Z</time><speed>0.000</speed><sat>16</sat></trkpt>
  <trkpt lat="10.77593565" lon="106.70341981"><ele>4.722</ele><time>2025-01-16T12:48:30Z</time><speed>0.000</speed><sat>15</sat></trkpt>
  <trkpt lat="10.77593565" lon="106.70341981"><ele>4.633</ele><time>2025-01-16T12:48:31Z</time><speed>0.000</speed><sat>17</sat></trkpt>
  <trkpt lat="10.77593565" lon="106.70341981"><ele>4.460</ele><time>2025-01-16T12:48:32Z</time><speed>0.000</speed><sat>19</sat></trkpt>
  <trkpt lat="10.77593565" lon="106.70341981"><ele>3.864</ele><time>2025-01-16T12:48:33Z</time><speed>0.000</speed><sat>17</sat></trkpt>
  <trkpt lat="10.77592231" lon="106.70345269"><ele>3.857</ele><time>2025-01-16T12:48:34Z</time><speed>0.428</speed><sat>20</sat></trkpt>
  <trkpt lat="10.77591127" lon="106.70346897"><ele>3.838</ele><time>2025-01-16T12:48:35Z</time><speed>0.444</speed><sat>20</sat></trkpt>
  <trkpt lat="10.77590401" lon="106.70347790"><ele>3.456</ele><time>2025-01-16T12:48:36Z</time><speed>0.618</speed><sat>18</sat></trkpt>
  <trkpt lat="10.77589363" lon="106.70349038"><ele>3.116</ele><time>2025-01-16T12:48:37Z</time><speed>0.600</speed><sat>20</sat></trkpt>
  <trkpt lat="10.77588341" lon="106.70350024"><ele>2.689</ele><time>2025-01-16T12:48:38Z</time><speed>0.632</speed><sat>20</sat></trkpt>
  <trkpt lat="10.77587899" lon="106.70350569"><ele>2.463</ele><time>2025-01-16T12:48:39Z</time><speed>0.708</speed><sat>18</sat></trkpt>
  <trkpt lat="10.77587095" lon="106.70351364"><ele>2.317</ele><time>2025-01-16T12:48:40Z</time><speed>0.820</speed><sat>19</sat></trkpt>
  <trkpt lat="10.77586264" lon="106.70351541"><ele>2.352</ele><time>2025-01-16T12:48:41Z</time><speed>0.757</speed><sat>18</sat></trkpt>
  <trkpt lat="10.77585908" lon="106.70352239"><ele>2.344</ele><time>2025-01-16T12:48:42Z</time><speed>0.907</speed><sat>19</sat></trkpt>
  <trkpt lat="10.77585651" lon="106.70353271"><ele>2.660</ele><time>2025-01-16T12:48:43Z</time><speed>1.126</speed><sat>17</sat></trkpt>
  <trkpt lat="10.77584764" lon="106.70354498"><ele>2.410</ele><time>2025-01-16T12:48:44Z</time><speed>0.754</speed><sat>18</sat></trkpt>
  <trkpt lat="10.77584214" lon="106.70355598"><ele>2.428</ele><time>2025-01-16T12:48:45Z</time><speed>0.480</speed><sat>20</sat></trkpt>
  <trkpt lat="10.77583679" lon="106.70356121"><ele>2.216</ele><time>2025-01-16T12:48:46Z</time><speed>0.459</speed><sat>20</sat></trkpt>
  <trkpt lat="10.77583281" lon="106.70356621"><ele>1.357</ele><time>2025-01-16T12:48:47Z</time><speed>0.443</speed><sat>19</sat></trkpt>
  <trkpt lat="10.77582939" lon="106.70356884"><ele>0.067</ele><time>2025-01-16T12:48:48Z</time><speed>0.000</speed><sat>18</sat></trkpt>
  <trkpt lat="10.77583963" lon="106.70357538"><ele>0.795</ele><time>2025-01-16T12:48:49Z</time><speed>0.290</speed><sat>18</sat></trkpt>
  <trkpt lat="10.77584059" lon="106.70358545"><ele>0.795</ele><time>2025-01-16T12:48:50Z</time><speed>0.000</speed><sat>17</sat></trkpt>
  <trkpt lat="10.77584059" lon="106.70358545"><ele>0.690</ele><time>2025-01-16T12:48:51Z</time><speed>0.000</speed><sat>15</sat></trkpt>
  <trkpt lat="10.77584059" lon="106.70358545"><ele>0.997</ele><time>2025-01-16T12:48:52Z</time><speed>0.000</speed><sat>16</sat></trkpt>
  <trkpt lat="10.77584059" lon="106.70358545"><ele>1.396</ele><time>2025-01-16T12:48:53Z</time><speed>0.000</speed><sat>17</sat></trkpt>
  <trkpt lat="10.77584059" lon="106.70358545"><ele>1.388</ele><time>2025-01-16T12:48:54Z</time><speed>0.000</speed><sat>16</sat></trkpt>
  <trkpt lat="10.77584059" lon="106.70358545"><ele>1.269</ele><time>2025-01-16T12:48:55Z</time><speed>0.000</speed><sat>16</sat></trkpt>
  <trkpt lat="10.77584059" lon="106.70358545"><ele>1.340</ele><time>2025-01-16T12:48:56Z</time><speed>0.000</speed><sat>14</sat></trkpt>
  <trkpt lat="10.77584059" lon="106.70358545"><ele>1.299</ele><time>2025-01-16T12:48:57Z</time><speed>0.000</speed><sat>14</sat></trkpt>
  <trkpt lat="10.77584059" lon="106.70358545"><ele>0.975</ele><time>2025-01-16T12:48:58Z</time><speed>0.000</speed><sat>13</sat></trkpt>
  <trkpt lat="10.77583549" lon="106.70362072"><ele>0.693</ele><time>2025-01-16T12:48:59Z</time><speed>0.609</speed><sat>15</sat></trkpt>
  <trkpt lat="10.77582644" lon="106.70363059"><ele>0.399</ele><time>2025-01-16T12:49:00Z</time><speed>0.603</speed><sat>15</sat></trkpt>
  <trkpt lat="10.77581755" lon="106.70364078"><ele>0.018</ele><time>2025-01-16T12:49:01Z</time><speed>0.511</speed><sat>14</sat></trkpt>
  <trkpt lat="10.77581437" lon="106.70364759"><ele>-0.236</ele><time>2025-01-16T12:49:02Z</time><speed>0.445</speed><sat>13</sat></trkpt>
  <trkpt lat="10.77581305" lon="106.70366026"><ele>-0.600</ele><time>2025-01-16T12:49:03Z</time><speed>0.294</speed><sat>14</sat></trkpt>
  <trkpt lat="10.77580040" lon="106.70367361"><ele>-0.954</ele><time>2025-01-16T12:49:04Z</time><speed>0.438</speed><sat>15</sat></trkpt>
  <trkpt lat="10.77579269" lon="106.70368438"><ele>-1.821</ele><time>2025-01-16T12:49:05Z</time><speed>0.607</speed><sat>13</sat></trkpt>
  <trkpt lat="10.77578232" lon="106.70369720"><ele>-2.368</ele><time>2025-01-16T12:49:06Z</time><speed>0.619</speed><sat>14</sat></trkpt>
  <trkpt lat="10.77577354" lon="106.70371077"><ele>-2.213</ele><time>2025-01-16T12:49:07Z</time><speed>0.738</speed><sat>13</sat></trkpt>
  <trkpt lat="10.77576613" lon="106.70372442"><ele>-2.268</ele><time>2025-01-16T12:49:08Z</time><speed>0.529</speed><sat>14</sat></trkpt>
  <trkpt lat="10.77576424" lon="106.70372960"><ele>-2.002</ele><time>2025-01-16T12:49:09Z</time><speed>0.353</speed><sat>14</sat></trkpt>
  <trkpt lat="10.77575695" lon="106.70373683"><ele>-2.249</ele><time>2025-01-16T12:49:10Z</time><speed>0.428</speed><sat>14</sat></trkpt>
  <trkpt lat="10.77575589" lon="106.70373814"><ele>-2.258</ele><time>2025-01-16T12:49:11Z</time><speed>0.443</speed><sat>14</sat></trkpt>
  <trkpt lat="10.77575228" lon="106.70374132"><ele>-2.695</ele><time>2025-01-16T12:49:12Z</time><speed>0.370</speed><sat>14</sat></trkpt>
  <trkpt lat="10.77574700" lon="106.70374150"><ele>-3.359</ele><time>2025-01-16T12:49:13Z</time><speed>0.000</speed><sat>13</sat></trkpt>
  <trkpt lat="10.77574700" lon="106.70374150"><ele>-3.179</ele><time>2025-01-16T12:49:14Z</time><speed>0.000</speed><sat>15</sat></trkpt>
  <trkpt lat="10.77574700" lon="106.70374150"><ele>-1.092</ele><time>2025-01-16T12:49:15Z</time><speed>0.000</speed><sat>11</sat></trkpt>
  <trkpt lat="10.77574700" lon="106.70374150"><ele>-0.728</ele><time>2025-01-16T12:49:16Z</time><speed>0.000</speed><sat>13</sat></trkpt>
  <trkpt lat="10.77574700" lon="106.70374150"><ele>-0.602</ele><time>2025-01-16T12:49:17Z</time><speed>0.000</speed><sat>11</sat></trkpt>
  <trkpt lat="10.77574700" lon="106.70374150"><ele>-0.639</ele><time>2025-01-16T12:49:18Z</time><speed>0.000</speed><sat>13</sat></trkpt>
  <trkpt lat="10.77574700" lon="106.70374150"><ele>-0.588</ele><time>2025-01-16T12:49:19Z</time><speed>0.000</speed><sat>13</sat></trkpt>
  <trkpt lat="10.77574700" lon="106.70374150"><ele>-0.610</ele><time>2025-01-16T12:49:20Z</time><speed>0.000</speed><sat>14</sat></trkpt>
  <trkpt lat="10.77573883" lon="106.70374153"><ele>-0.515</ele><time>2025-01-16T12:49:21Z</time><speed>0.540</speed><sat>15</sat></trkpt>
  <trkpt lat="10.77573664" lon="106.70373632"><ele>-0.325</ele><time>2025-01-16T12:49:22Z</time><speed>0.788</speed><sat>13</sat></trkpt>
  <trkpt lat="10.77573510" lon="106.70373293"><ele>-0.163</ele><time>2025-01-16T12:49:23Z</time><speed>0.556</speed><sat>12</sat></trkpt>
  <trkpt lat="10.77572144" lon="106.70372982"><ele>-0.189</ele><time>2025-01-16T12:49:24Z</time><speed>0.801</speed><sat>12</sat></trkpt>
  <trkpt lat="10.77570089" lon="106.70372605"><ele>0.307</ele><time>2025-01-16T12:49:25Z</time><speed>0.623</speed><sat>9</sat></trkpt>
  <trkpt lat="10.77569275" lon="106.70371217"><ele>0.919</ele><time>2025-01-16T12:49:26Z</time><speed>0.000</speed><sat>8</sat></trkpt>
  <trkpt lat="10.77569275" lon="106.70371217"><ele>1.158</ele><time>2025-01-16T12:49:27Z</time><speed>0.000</speed><sat>9</sat></trkpt>
  <trkpt lat="10.77569275" lon="106.70371217"><ele>1.408</ele><time>2025-01-16T12:49:28Z</time><speed>0.000</speed><sat>11</sat></trkpt>
  <trkpt lat="10.77569275" lon="106.70371217"><ele>1.461</ele><time>2025-01-16T12:49:29Z</time><speed>0.000</speed><sat>10</sat></trkpt>
  <trkpt lat="10.77569275" lon="106.70371217"><ele>1.187</ele><time>2025-01-16T12:49:30Z</time><speed>0.000</speed><sat>11</sat></trkpt>
  <trkpt lat="10.77569275" lon="106.70371217"><ele>0.849</ele><time>2025-01-16T12:49:31Z</time><speed>0.000</speed><sat>10</sat></trkpt>
  <trkpt lat="10.77569275" lon="106.70371217"><ele>-0.313</ele><time>2025-01-16T12:49:32Z</time><speed>0.000</speed><sat>14</sat></trkpt>
  <trkpt lat="10.77572383" lon="106.70369978"><ele>-0.638</ele><time>2025-01-16T12:49:33Z</time><speed>0.564</speed><sat>13</sat></trkpt>
  <trkpt lat="10.77573735" lon="106.70371066"><ele>-0.245</ele><time>2025-01-16T12:49:34Z</time><speed>0.429</speed><sat>15</sat></trkpt>
  <trkpt lat="10.77572735" lon="106.70371223"><ele>-0.339</ele><time>2025-01-16T12:49:35Z</time><speed>0.499</speed><sat>14</sat></trkpt>
  <trkpt lat="10.77572366" lon="106.70371615"><ele>-0.302</ele><time>2025-01-16T12:49:36Z</time><speed>0.583</speed><sat>14</sat></trkpt>
  <trkpt lat="10.77571492" lon="106.70372000"><ele>0.604</ele><time>2025-01-16T12:49:37Z</time><speed>0.505</speed><sat>16</sat></trkpt>
  <trkpt lat="10.77570590" lon="106.70372009"><ele>2.237</ele><time>2025-01-16T12:49:38Z</time><speed>0.000</speed><sat>15</sat></trkpt>
  <trkpt lat="10.77569784" lon="106.70371586"><ele>3.136</ele><time>2025-01-16T12:49:39Z</time><speed>0.495</speed><sat>16</sat></trkpt>
  <trkpt lat="10.77570190" lon="106.70371192"><ele>2.961</ele><time>2025-01-16T12:49:40Z</time><speed>0.442</speed><sat>17</sat></trkpt>
  <trkpt lat="10.77569779" lon="106.70371395"><ele>4.194</ele><time>2025-01-16T12:49:41Z</time><speed>0.000</speed><sat>17</sat></trkpt>
  <trkpt lat="10.77569779" lon="106.70371395"><ele>4.503</ele><time>2025-01-16T12:49:42Z</time><speed>0.000</speed><sat>16</sat></trkpt>
  <trkpt lat="10.77569779" lon="106.70371395"><ele>4.606</ele><time>2025-01-16T12:49:43Z</time><speed>0.000</speed><sat>17</sat></trkpt>
  <trkpt lat="10.77569779" lon="106.70371395"><ele>4.674</ele><time>2025-01-16T12:49:44Z</time><speed>0.000</speed><sat>16</sat></trkpt>
  <trkpt lat="10.77569779" lon="106.70371395"><ele>4.426</ele><time>2025-01-16T12:49:45Z</time><speed>0.000</speed><sat>15</sat></trkpt>
  <trkpt lat="10.77568035" lon="106.70372318"><ele>4.423</ele><time>2025-01-16T12:49:46Z</time><speed>0.515</speed><sat>15</sat></trkpt>
  <trkpt lat="10.77567842" lon="106.70372856"><ele>3.841</ele><time>2025-01-16T12:49:47Z</time><speed>0.852</speed><sat>13</sat></trkpt>
  <trkpt lat="10.77567454" lon="106.70373637"><ele>3.397</ele><time>2025-01-16T12:49:48Z</time><speed>0.786</speed><sat>14</sat></trkpt>
  <trkpt lat="10.77566626" lon="106.70374787"><ele>2.989</ele><time>2025-01-16T12:49:49Z</time><speed>0.653</speed><sat>15</sat></trkpt>
  <trkpt lat="10.77565865" lon="106.70375809"><ele>2.794</ele><time>2025-01-16T12:49:50Z</time><speed>0.413</speed><sat>15</sat></trkpt>
  <trkpt lat="10.77564559" lon="106.70376314"><ele>2.097</ele><time>2025-01-16T12:49:51Z</time><speed>0.000</speed><sat>15</sat></trkpt>
  <trkpt lat="10.77564559" lon="106.70376314"><ele>1.507</ele><time>2025-01-16T12:49:52Z</time><speed>0.000</speed><sat>16</sat></trkpt>
  <trkpt lat="10.77564559" lon="106.70376314"><ele>1.138</ele><time>2025-01-16T12:49:53Z</time><speed>0.000</speed><sat>15</sat></trkpt>
  <trkpt lat="10.77564559" lon="106.70376314"><ele>0.819</ele><time>2025-01-16T12:49:54Z</time><speed>0.000</speed><sat>16</sat></trkpt>
  <trkpt lat="10.77562156" lon="106.70378619"><ele>0.574</ele><time>2025-01-16T12:49:55Z</time><speed>0.639</speed><sat>17</sat></trkpt>
  <trkpt lat="10.77561665" lon="106.70379555"><ele>0.248</ele><time>2025-01-16T12:49:56Z</time><speed>0.706</speed><sat>15</sat></trkpt>
  <trkpt lat="10.77561037" lon="106.70380250"><ele>-0.065</ele><time>2025-01-16T12:49:57Z</time><speed>0.777</speed><sat>16</sat></trkpt>
  <trkpt lat="10.77559930" lon="106.70381505"><ele>-0.294</ele><time>2025-01-16T12:49:58Z</time><speed>0.936</speed><sat>15</sat></trkpt>
  <trkpt lat="10.77559603" lon="106.70382156"><ele>-0.528</ele><time>2025-01-16T12:49:59Z</time><speed>1.043</speed><sat>15</sat></trkpt>
  <trkpt lat="10.77558346" lon="106.70383664"><ele>-0.155</ele><time>2025-01-16T12:50:00Z</time><speed>0.875</speed><sat>15</sat></trkpt>
  <trkpt lat="10.77556612" lon="106.70384968"><ele>0.244</ele><time>2025-01-16T12:50:01Z</time><speed>0.469</speed><sat>15</sat></trkpt>
  <trkpt lat="10.77555858" lon="106.70385287"><ele>0.672</ele><time>2025-01-16T12:50:02Z</time><speed>0.314</speed><sat>16</sat></trkpt>
  <trkpt lat="10.77554577" lon="106.70385963"><ele>1.231</ele><time>2025-01-16T12:50:03Z</time><speed>0.530</speed><sat>14</sat></trkpt>
  <trkpt lat="10.77553253" lon="106.70387285"><ele>1.796</ele><time>2025-01-16T12:50:04Z</time><speed>0.745</speed><sat>15</sat></trkpt>
  <trkpt lat="10.77553826" lon="106.70387033"><ele>4.185</ele><time>2025-01-16T12:50:05Z</time><speed>0.755</speed><sat>16</sat></trkpt>
  <trkpt lat="10.77552579" lon="106.70388087"><ele>6.122</ele><time>2025-01-16T12:50:06Z</time><speed>0.722</speed><sat>16</sat></trkpt>
  <trkpt lat="10.77551210" lon="106.70389145"><ele>8.477</ele><time>2025-01-16T12:50:07Z</time><speed>0.767</speed><sat>16</sat></trkpt>
  <trkpt lat="10.77549686" lon="106.70390519"><ele>10.239</ele><time>2025-01-16T12:50:08Z</time><speed>0.917</speed><sat>14</sat></trkpt>
  <trkpt lat="10.77548166" lon="106.70391054"><ele>11.292</ele><time>2025-01-16T12:50:09Z</time><speed>1.025</speed><sat>17</sat></trkpt>
  <trkpt lat="10.77546111" lon="106.70391295"><ele>13.869</ele><time>2025-01-16T12:50:10Z</time><speed>1.091</speed><sat>16</sat></trkpt>
  <trkpt lat="10.77544690" lon="106.70391557"><ele>15.953</ele><time>2025-01-16T12:50:11Z</time><speed>0.991</speed><sat>15</sat></trkpt>
  <trkpt lat="10.77543065" lon="106.70391589"><ele>18.149</ele><time>2025-01-16T12:50:12Z</time><speed>0.827</speed><sat>15</sat></trkpt>
  <trkpt lat="10.77541614" lon="106.70391935"><ele>19.811</ele><time>2025-01-16T12:50:13Z</time><speed>0.909</speed><sat>17</sat></trkpt>
  <trkpt lat="10.77540374" lon="106.70392839"><ele>20.427</ele><time>2025-01-16T12:50:14Z</time><speed>0.574</speed><sat>16</sat></trkpt>
  <trkpt lat="10.77539258" lon="106.70393501"><ele>20.782</ele><time>2025-01-16T12:50:15Z</time><speed>0.352</speed><sat>13</sat></trkpt>
  <trkpt lat="10.77538142" lon="106.70393992"><ele>20.806</ele><time>2025-01-16T12:50:16Z</time><speed>0.000</speed><sat>13</sat></trkpt>
  <trkpt lat="10.77538142" lon="106.70393992"><ele>20.748</ele><time>2025-01-16T12:50:17Z</time><speed>0.000</speed><sat>12</sat></trkpt>
  <trkpt lat="10.77536721" lon="106.70393821"><ele>20.874</ele><time>2025-01-16T12:50:18Z</time><speed>0.387</speed><sat>13</sat></trkpt>
  <trkpt lat="10.77535616" lon="106.70393472"><ele>20.920</ele><time>2025-01-16T12:50:19Z</time><speed>0.000</speed><sat>13</sat></trkpt>
  <trkpt lat="10.77534332" lon="106.70394360"><ele>20.930</ele><time>2025-01-16T12:50:20Z</time><speed>0.350</speed><sat>13</sat></trkpt>
  <trkpt lat="10.77533761" lon="106.70394969"><ele>20.945</ele><time>2025-01-16T12:50:21Z</time><speed>0.377</speed><sat>13</sat></trkpt>
  <trkpt lat="10.77533270" lon="106.70395467"><ele>15.197</ele><time>2025-01-16T12:50:22Z</time><speed>0.000</speed><sat>12</sat></trkpt>
  <trkpt lat="10.77533270" lon="106.70395467"><ele>15.203</ele><time>2025-01-16T12:50:23Z</time><speed>0.000</speed><sat>12</sat></trkpt>
  <trkpt lat="10.77533270" lon="106.70395467"><ele>15.082</ele><time>2025-01-16T12:50:24Z</time><speed>0.000</speed><sat>11</sat></trkpt>
  <trkpt lat="10.77533270" lon="106.70395467"><ele>14.959</ele><time>2025-01-16T12:50:25Z</time><speed>0.000</speed><sat>12</sat></trkpt>
  <trkpt lat="10.77531589" lon="106.70397811"><ele>14.752</ele><time>2025-01-16T12:50:26Z</time><speed>0.725</speed><sat>11</sat></trkpt>
  <trkpt lat="10.77530979" lon="106.70397986"><ele>14.619</ele><time>2025-01-16T12:50:27Z</time><speed>0.739</speed><sat>13</sat></trkpt>
  <trkpt lat="10.77530047" lon="106.70398265"><ele>14.452</ele><time>2025-01-16T12:50:28Z</time><speed>0.874</speed><sat>13</sat></trkpt>
  <trkpt lat="10.77529105" lon="106.70398533"><ele>14.103</ele><time>2025-01-16T12:50:29Z</time><speed>0.936</speed><sat>12</sat></trkpt>
  <trkpt lat="10.77527712" lon="106.70399612"><ele>13.347</ele><time>2025-01-16T12:50:30Z</time><speed>1.260</speed><sat>11</sat></trkpt>
  <trkpt lat="10.77526864" lon="106.70400437"><ele>12.912</ele><time>2025-01-16T12:50:31Z</time><speed>1.367</speed><sat>10</sat></trkpt>
  <trkpt lat="10.77525239" lon="106.70401468"><ele>12.240</ele><time>2025-01-16T12:50:32Z</time><speed>1.349</speed><sat>11</sat></trkpt>
  <trkpt lat="10.77524177" lon="106.70402369"><ele>12.006</ele><time>2025-01-16T12:50:33Z</time><speed>1.079</speed><sat>10</sat></trkpt>
  <trkpt lat="10.77522809" lon="106.70403226"><ele>11.698</ele><time>2025-01-16T12:50:34Z</time><speed>0.886</speed><sat>12</sat></trkpt>
  <trkpt lat="10.77520862" lon="106.70404158"><ele>11.392</ele><time>2025-01-16T12:50:35Z</time><speed>0.919</speed><sat>12</sat></trkpt>
  <trkpt lat="10.77518586" lon="106.70404975"><ele>10.860</ele><time>2025-01-16T12:50:36Z</time><speed>0.582</speed><sat>15</sat></trkpt>
  <trkpt lat="10.77518046" lon="106.70405745"><ele>10.095</ele><time>2025-01-16T12:50:37Z</time><speed>0.763</speed><sat>14</sat></trkpt>
  <trkpt lat="10.77517978" lon="106.70406433"><ele>9.751</ele><time>2025-01-16T12:50:38Z</time><speed>0.973</speed><sat>15</sat></trkpt>
  <trkpt lat="10.77517114" lon="106.70407457"><ele>9.160</ele><time>2025-01-16T12:50:39Z</time><speed>1.506</speed><sat>12</sat></trkpt>
  <trkpt lat="10.77516336" lon="106.70408810"><ele>9.246</ele><time>2025-01-16T12:50:40Z</time><speed>1.352</speed><sat>13</sat></trkpt>
  <trkpt lat="10.77516431" lon="106.70409313"><ele>9.984</ele><time>2025-01-16T12:50:41Z</time><speed>0.000</speed><sat>14</sat></trkpt>
  <trkpt lat="10.77516431" lon="106.70409313"><ele>10.416</ele><time>2025-01-16T12:50:42Z</time><speed>0.000</speed><sat>13</sat></trkpt>
  <trkpt lat="10.77516431" lon="106.70409313"><ele>11.958</ele><time>2025-01-16T12:50:43Z</time><speed>0.000</speed><sat>15</sat></trkpt>
  <trkpt lat="10.77516431" lon="106.70409313"><ele>11.972</ele><time>2025-01-16T12:50:44Z</time><speed>0.000</speed><sat>13</sat></trkpt>
  <trkpt lat="10.77514235" lon="106.70408986"><ele>11.544</ele><time>2025-01-16T12:50:45Z</time><speed>0.424</speed><sat>12</sat></trkpt>
  <trkpt lat="10.77513252" lon="106.70409389"><ele>11.114</ele><time>2025-01-16T12:50:46Z</time><speed>0.000</speed><sat>12</sat></trkpt>
  <trkpt lat="10.77512161" lon="106.70409597"><ele>10.890</ele><time>2025-01-16T12:50:47Z</time><speed>0.397</speed><sat>14</sat></trkpt>
  <trkpt lat="10.77511046" lon="106.70410163"><ele>10.686</ele><time>2025-01-16T12:50:48Z</time><speed>0.000</speed><sat>14</sat></trkpt>
  <trkpt lat="10.77511046" lon="106.70410163"><ele>10.946</ele><time>2025-01-16T12:50:49Z</time><speed>0.000</speed><sat>13</sat></trkpt>
  <trkpt lat="10.77511046" lon="106.70410163"><ele>10.759</ele><time>2025-01-16T12:50:50Z</time><speed>0.000</speed><sat>14</sat></trkpt>
  <trkpt lat="10.77511046" lon="106.70410163"><ele>10.416</ele><time>2025-01-16T12:50:51Z</time><speed>0.000</speed><sat>13</sat></trkpt>
  <trkpt lat="10.77511218" lon="106.70410031"><ele>10.548</ele><time>2025-01-16T12:50:52Z</time><speed>0.320</speed><sat>14</sat></trkpt>
  <trkpt lat="10.77511995" lon="106.70409600"><ele>10.636</ele><time>2025-01-16T12:50:53Z</time><speed>0.000</speed><sat>16</sat></trkpt>
  <trkpt lat="10.77511882" lon="106.70409930"><ele>10.513</ele><time>2025-01-16T12:50:54Z</time><speed>0.490</speed><sat>17</sat></trkpt>
  <trkpt lat="10.77511235" lon="106.70411141"><ele>10.900</ele><time>2025-01-16T12:50:55Z</time><speed>0.612</speed><sat>19</sat></trkpt>
  <trkpt lat="10.77509956" lon="106.70411084"><ele>10.980</ele><time>2025-01-16T12:50:56Z</time><speed>0.563</speed><sat>15</sat></trkpt>
  <trkpt lat="10.77508975" lon="106.70412192"><ele>11.425</ele><time>2025-01-16T12:50:57Z</time><speed>0.000</speed><sat>14</sat></trkpt>
  <trkpt lat="10.77508975" lon="106.70412192"><ele>11.721</ele><time>2025-01-16T12:50:58Z</time><speed>0.000</speed><sat>15</sat></trkpt>
  <trkpt lat="10.77508565" lon="106.70414154"><ele>12.011</ele><time>2025-01-16T12:50:59Z</time><speed>0.325</speed><sat>16</sat></trkpt>
  <trkpt lat="10.77508559" lon="106.70414799"><ele>13.300</ele><time>2025-01-16T12:51:00Z</time><speed>0.000</speed><sat>16</sat></trkpt>
  <trkpt lat="10.77508517" lon="106.70417345"><ele>14.091</ele><time>2025-01-16T12:51:01Z</time><speed>0.490</speed><sat>14</sat></trkpt>
  <trkpt lat="10.77507840" lon="106.70419255"><ele>13.839</ele><time>2025-01-16T12:51:02Z</time><speed>1.369</speed><sat>15</sat></trkpt>
  <trkpt lat="10.77506281" lon="106.70421724"><ele>14.207</ele><time>2025-01-16T12:51:03Z</time><speed>1.002</speed><sat>13</sat></trkpt>
  <trkpt lat="10.77505286" lon="106.70422098"><ele>14.113</ele><time>2025-01-16T12:51:04Z</time><speed>0.771</speed><sat>13</sat></trkpt>
  <trkpt lat="10.77503073" lon="106.70422827"><ele>14.256</ele><time>2025-01-16T12:51:05Z</time><speed>0.745</speed><sat>13</sat></trkpt>
  <trkpt lat="10.77501657" lon="106.70423673"><ele>14.415</ele><time>2025-01-16T12:51:06Z</time><speed>0.657</speed><sat>15</sat></trkpt>
  <trkpt lat="10.77501256" lon="106.70423892"><ele>14.836</ele><time>2025-01-16T12:51:07Z</time><speed>0.388</speed><sat>14</sat></trkpt>
  <trkpt lat="10.77500535" lon="106.70424494"><ele>15.337</ele><time>2025-01-16T12:51:08Z</time><speed>0.000</speed><sat>14</sat></trkpt>
  <trkpt lat="10.77500331" lon="106.70424882"><ele>16.112</ele><time>2025-01-16T12:51:09Z</time><speed>0.639</speed><sat>14</sat></trkpt>
  <trkpt lat="10.77500116" lon="106.70425586"><ele>17.130</ele><time>2025-01-16T12:51:10Z</time><speed>1.068</speed><sat>15</sat></trkpt>
  <trkpt lat="10.77499423" lon="106.70427087"><ele>17.884</ele><time>2025-01-16T12:51:11Z</time><speed>1.197</speed><sat>17</sat></trkpt>
  <trkpt lat="10.77498572" lon="106.70428472"><ele>18.682</ele><time>2025-01-16T12:51:12Z</time><speed>0.571</speed><sat>13</sat></trkpt>
  <trkpt lat="10.77499083" lon="106.70429397"><ele>18.820</ele><time>2025-01-16T12:51:13Z</time><speed>0.477</speed><sat>16</sat></trkpt>
  <trkpt lat="10.77499081" lon="106.70429649"><ele>18.899</ele><time>2025-01-16T12:51:14Z</time><speed>0.613</speed><sat>14</sat></trkpt>
  <trkpt lat="10.77498457" lon="106.70430054"><ele>18.657</ele><time>2025-01-16T12:51:15Z</time><speed>0.856</speed><sat>13</sat></trkpt>
  <trkpt lat="10.77498531" lon="106.70429531"><ele>18.610</ele><time>2025-01-16T12:51:16Z</time><speed>0.000</speed><sat>15</sat></trkpt>
  <trkpt lat="10.77498752" lon="106.70428687"><ele>18.528</ele><time>2025-01-16T12:51:17Z</time><speed>0.703</speed><sat>14</sat></trkpt>
  <trkpt lat="10.77499071" lon="106.70427367"><ele>18.863</ele><time>2025-01-16T12:51:18Z</time><speed>1.251</speed><sat>15</sat></trkpt>
  <trkpt lat="10.77498961" lon="106.70426179"><ele>18.962</ele><time>2025-01-16T12:51:19Z</time><speed>0.638</speed><sat>14</sat></trkpt>
  <trkpt lat="10.77498332" lon="106.70426722"><ele>18.526</ele><time>2025-01-16T12:51:20Z</time><speed>0.463</speed><sat>13</sat></trkpt>
  <trkpt lat="10.77497667" lon="106.70427239"><ele>17.804</ele><time>2025-01-16T12:51:21Z</time><speed>0.730</speed><sat>13</sat></trkpt>
  <trkpt lat="10.77496834" lon="106.70427857"><ele>17.732</ele><time>2025-01-16T12:51:22Z</time><speed>0.666</speed><sat>12</sat></trkpt>
  <trkpt lat="10.77496296" lon="106.70428109"><ele>17.717</ele><time>2025-01-16T12:51:23Z</time><speed>0.454</speed><sat>12</sat></trkpt>
  <trkpt lat="10.77496277" lon="106.70428450"><ele>17.514</ele><time>2025-01-16T12:51:24Z</time><speed>0.000</speed><sat>15</sat></trkpt>
  <trkpt lat="10.77496277" lon="106.70428450"><ele>16.164</ele><time>2025-01-16T12:51:25Z</time><speed>0.000</speed><sat>14</sat></trkpt>
  <trkpt lat="10.77496277" lon="106.70428450"><ele>13.335</ele><time>2025-01-16T12:51:26Z</time><speed>0.000</speed><sat>14</sat></trkpt>
  <trkpt lat="10.77497745" lon="106.70431727"><ele>13.675</ele><time>2025-01-16T12:51:27Z</time><speed>0.430</speed><sat>15</sat></trkpt>
  <trkpt lat="10.77498310" lon="106.70433423"><ele>13.555</ele><time>2025-01-16T12:51:28Z</time><speed>0.422</speed><sat>14</sat></trkpt>
  <trkpt lat="10.77498454" lon="106.70433649"><ele>13.717</ele><time>2025-01-16T12:51:29Z</time><speed>0.000</speed><sat>17</sat></trkpt>
  <trkpt lat="10.77498454" lon="106.70433649"><ele>12.866</ele><time>2025-01-16T12:51:30Z</time><speed>0.000</speed><sat>16</sat></trkpt>
  <trkpt lat="10.77498454" lon="106.70433649"><ele>12.299</ele><time>2025-01-16T12:51:31Z</time><speed>0.000</speed><sat>16</sat></trkpt>
  <trkpt lat="10.77494203" lon="106.70433268"><ele>13.043</ele><time>2025-01-16T12:51:32Z</time><speed>0.354</speed><sat>16</sat></trkpt>
  <trkpt lat="10.77490509" lon="106.70433704"><ele>13.273</ele><time>2025-01-16T12:51:33Z</time><speed>0.486</speed><sat>18</sat></trkpt>
  <trkpt lat="10.77487076" lon="106.70434356"><ele>13.371</ele><time>2025-01-16T12:51:34Z</time><speed>0.915</speed><sat>19</sat></trkpt>
  <trkpt lat="10.77485072" lon="106.70435330"><ele>12.799</ele><time>2025-01-16T12:51:35Z</time><speed>0.890</speed><sat>20</sat></trkpt>
  <trkpt lat="10.77482857" lon="106.70435642"><ele>12.061</ele><time>2025-01-16T12:51:36Z</time><speed>0.600</speed><sat>18</sat></trkpt>
  <trkpt lat="10.77480792" lon="106.70435734"><ele>11.125</ele><time>2025-01-16T12:51:37Z</time><speed>0.327</speed><sat>19</sat></trkpt>
  <trkpt lat="10.77478792" lon="106.70436022"><ele>10.287</ele><time>2025-01-16T12:51:38Z</time><speed>0.347</speed><sat>19</sat></trkpt>
  <trkpt lat="10.77478542" lon="106.70436401"><ele>9.169</ele><time>2025-01-16T12:51:39Z</time><speed>0.000</speed><sat>19</sat></trkpt>
  <trkpt lat="10.77478542" lon="106.70436401"><ele>8.854</ele><time>2025-01-16T12:51:40Z</time><speed>0.000</speed><sat>16</sat></trkpt>
  <trkpt lat="10.77477173" lon="106.70438519"><ele>8.463</ele><time>2025-01-16T12:51:41Z</time><speed>0.357</speed><sat>19</sat></trkpt>
  <trkpt lat="10.77476476" lon="106.70439564"><ele>8.092</ele><time>2025-01-16T12:51:42Z</time><speed>0.600</speed><sat>19</sat></trkpt>
  <trkpt lat="10.77475406" lon="106.70440847"><ele>7.258</ele><time>2025-01-16T12:51:43Z</time><speed>0.351</speed><sat>21</sat></trkpt>
  <trkpt lat="10.77474855" lon="106.70441748"><ele>6.568</ele><time>2025-01-16T12:51:44Z</time><speed>0.000</speed><sat>20</sat></trkpt>
  <trkpt lat="10.77474609" lon="106.70441780"><ele>6.601</ele><time>2025-01-16T12:51:45Z</time><speed>0.421</speed><sat>18</sat></trkpt>
  <trkpt lat="10.77474197" lon="106.70441775"><ele>7.186</ele><time>2025-01-16T12:51:46Z</time><speed>0.000</speed><sat>17</sat></trkpt>
  <trkpt lat="10.77474130" lon="106.70441697"><ele>7.156</ele><time>2025-01-16T12:51:47Z</time><speed>0.484</speed><sat>17</sat></trkpt>
  <trkpt lat="10.77473757" lon="106.70441726"><ele>6.987</ele><time>2025-01-16T12:51:48Z</time><speed>0.870</speed><sat>19</sat></trkpt>
  <trkpt lat="10.77472847" lon="106.70442266"><ele>6.376</ele><time>2025-01-16T12:51:49Z</time><speed>0.821</speed><sat>17</sat></trkpt>
  <trkpt lat="10.77472365" lon="106.70443558"><ele>6.153</ele><time>2025-01-16T12:51:50Z</time><speed>0.403</speed><sat>18</sat></trkpt>
  <trkpt lat="10.77471911" lon="106.70444809"><ele>5.766</ele><time>2025-01-16T12:51:51Z</time><speed>0.436</speed><sat>19</sat></trkpt>
  <trkpt lat="10.77471375" lon="106.70445905"><ele>5.618</ele><time>2025-01-16T12:51:52Z</time><speed>0.815</speed><sat>18</sat></trkpt>
  <trkpt lat="10.77470906" lon="106.70447041"><ele>5.364</ele><time>2025-01-16T12:51:53Z</time><speed>0.676</speed><sat>20</sat></trkpt>
  <trkpt lat="10.77470776" lon="106.70447868"><ele>5.362</ele><time>2025-01-16T12:51:54Z</time><speed>0.684</speed><sat>19</sat></trkpt>
  <trkpt lat="10.77470950" lon="106.70448923"><ele>4.930</ele><time>2025-01-16T12:51:55Z</time><speed>0.483</speed><sat>19</sat></trkpt>
  <trkpt lat="10.77470730" lon="106.70450086"><ele>4.701</ele><time>2025-01-16T12:51:56Z</time><speed>0.310</speed><sat>19</sat></trkpt>
  <trkpt lat="10.77470672" lon="106.70450574"><ele>4.404</ele><time>2025-01-16T12:51:57Z</time><speed>0.357</speed><sat>16</sat></trkpt>
  <trkpt lat="10.77469974" lon="106.70450926"><ele>3.753</ele><time>2025-01-16T12:51:58Z</time><speed>0.407</speed><sat>16</sat></trkpt>
  <trkpt lat="10.77469538" lon="106.70451087"><ele>3.450</ele><time>2025-01-16T12:51:59Z</time><speed>0.000</speed><sat>16</sat></trkpt>
  <trkpt lat="10.77469145" lon="106.70450944"><ele>3.135</ele><time>2025-01-16T12:52:00Z</time><speed>0.520</speed><sat>16</sat></trkpt>
  <trkpt lat="10.77468131" lon="106.70452041"><ele>2.366</ele><time>2025-01-16T12:52:01Z</time><speed>0.942</speed><sat>18</sat></trkpt>
  <trkpt lat="10.77467111" lon="106.70453010"><ele>1.789</ele><time>2025-01-16T12:52:02Z</time><speed>1.247</speed><sat>17</sat></trkpt>
  <trkpt lat="10.77465821" lon="106.70454636"><ele>1.423</ele><time>2025-01-16T12:52:03Z</time><speed>0.780</speed><sat>16</sat></trkpt>
  <trkpt lat="10.77464911" lon="106.70455781"><ele>1.178</ele><time>2025-01-16T12:52:04Z</time><speed>0.793</speed><sat>16</sat></trkpt>
  <trkpt lat="10.77464898" lon="106.70457624"><ele>0.563</ele><time>2025-01-16T12:52:05Z</time><speed>0.573</speed><sat>19</sat></trkpt>
  <trkpt lat="10.77464952" lon="106.70459486"><ele>0.473</ele><time>2025-01-16T12:52:06Z</time><speed>0.646</speed><sat>18</sat></trkpt>
  <trkpt lat="10.77464154" lon="106.70460852"><ele>0.968</ele><time>2025-01-16T12:52:07Z</time><speed>0.688</speed><sat>18</sat></trkpt>
  <trkpt lat="10.77463493" lon="106.70461666"><ele>1.196</ele><time>2025-01-16T12:52:08Z</time><speed>0.657</speed><sat>19</sat></trkpt>
  <trkpt lat="10.77463187" lon="106.70462540"><ele>2.645</ele><time>2025-01-16T12:52:09Z</time><speed>0.559</speed><sat>19</sat></trkpt>
  <trkpt lat="10.77463624" lon="106.70463214"><ele>3.500</ele><time>2025-01-16T12:52:10Z</time><speed>0.950</speed><sat>17</sat></trkpt>
  <trkpt lat="10.77463330" lon="106.70464940"><ele>3.743</ele><time>2025-01-16T12:52:11Z</time><speed>0.634</speed><sat>18</sat></trkpt>
  <trkpt lat="10.77463178" lon="106.70466256"><ele>4.918</ele><time>2025-01-16T12:52:12Z</time><speed>0.000</speed><sat>19</sat></trkpt>
  <trkpt lat="10.77463178" lon="106.70466256"><ele>5.485</ele><time>2025-01-16T12:52:13Z</time><speed>0.000</speed><sat>18</sat></trkpt>
  <trkpt lat="10.77463178" lon="106.70466256"><ele>5.052</ele><time>2025-01-16T12:52:14Z</time><speed>0.000</speed><sat>17</sat></trkpt>
  <trkpt lat="10.77463178" lon="106.70466256"><ele>5.765</ele><time>2025-01-16T12:52:15Z</time><speed>0.000</speed><sat>18</sat></trkpt>
  <trkpt lat="10.77463178" lon="106.70466256"><ele>6.324</ele><time>2025-01-16T12:52:16Z</time><speed>0.000</speed><sat>18</sat></trkpt>
  <trkpt lat="10.77463178" lon="106.70466256"><ele>6.606</ele><time>2025-01-16T12:52:17Z</time><speed>0.000</speed><sat>15</sat></trkpt>
  <trkpt lat="10.77463178" lon="106.70466256"><ele>6.804</ele><time>2025-01-16T12:52:18Z</time><speed>0.000</speed><sat>16</sat></trkpt>
  <trkpt lat="10.77463178" lon="106.70466256"><ele>7.838</ele><time>2025-01-16T12:52:19Z</time><speed>0.000</speed><sat>18</sat></trkpt>
  <trkpt lat="10.77463178" lon="106.70466256"><ele>8.679</ele><time>2025-01-16T12:52:20Z</time><speed>0.000</speed><sat>18</sat></trkpt>
  <trkpt lat="10.77463178" lon="106.70466256"><ele>9.266</ele><time>2025-01-16T12:52:21Z</time><speed>0.000</speed><sat>19</sat></trkpt>
  <trkpt lat="10.77463178" lon="106.70466256"><ele>9.475</ele><time>2025-01-16T12:52:22Z</time><speed>0.000</speed><sat>19</sat></trkpt>
  <trkpt lat="10.77463178" lon="106.70466256"><ele>9.684</ele><time>2025-01-16T12:52:23Z</time><speed>0.000</speed><sat>18</sat></trkpt>
  <trkpt lat="10.77463178" lon="106.70466256"><ele>10.066</ele><time>2025-01-16T12:52:24Z</time><speed>0.000</speed><sat>18</sat></trkpt>
  <trkpt lat="10.77463178" lon="106.70466256"><ele>10.282</ele><time>2025-01-16T12:52:25Z</time><speed>0.000</speed><sat>18</sat></trkpt>
  <trkpt lat="10.77463178" lon="106.70466256"><ele>10.202</ele><time>2025-01-16T12:52:26Z</time><speed>0.000</speed><sat>16</sat></trkpt>
  <trkpt lat="10.77463178" lon="106.70466256"><ele>10.169</ele><time>2025-01-16T12:52:27Z</time><speed>0.000</speed><sat>18</sat></trkpt>
  <trkpt lat="10.77463178" lon="106.70466256"><ele>9.991</ele><time>2025-01-16T12:52:28Z</time><speed>0.000</speed><sat>18</sat></trkpt>
  <trkpt lat="10.77463178" lon="106.70466256"><ele>9.929</ele><time>2025-01-16T12:52:29Z</time><speed>0.000</speed><sat>16</sat></trkpt>
  <trkpt lat="10.77463178" lon="106.70466256"><ele>10.084</ele><time>2025-01-16T12:52:30Z</time><speed>0.000</speed><sat>19</sat></trkpt>
  <trkpt lat="10.77463178" lon="106.70466256"><ele>9.863</ele><time>2025-01-16T12:52:31Z</time><speed>0.000</speed><sat>18</sat></trkpt>
  <trkpt lat="10.77463178" lon="106.70466256"><ele>9.841</ele><time>2025-01-16T12:52:32Z</time><speed>0.000</speed><sat>16</sat></trkpt>
  <trkpt lat="10.77463178" lon="106.70466256"><ele>10.294</ele><time>2025-01-16T12:52:33Z</time><speed>0.000</speed><sat>16</sat></trkpt>
  <trkpt lat="10.77463178" lon="106.70466256"><ele>9.837</ele><time>2025-01-16T12:52:34Z</time><speed>0.000</speed><sat>16</sat></trkpt>
  <trkpt lat="10.77463178" lon="106.70466256"><ele>9.705</ele><time>2025-01-16T12:52:35Z</time><speed>0.000</speed><sat>16</sat></trkpt>
  <trkpt lat="10.77463178" lon="106.70466256"><ele>9.895</ele><time>2025-01-16T12:52:36Z</time><speed>0.000</speed><sat>16</sat></trkpt>
  <trkpt lat="10.77460767" lon="106.70466608"><ele>9.976</ele><time>2025-01-16T12:52:37Z</time><speed>0.807</speed><sat>15</sat></trkpt>
  <trkpt lat="10.77460744" lon="106.70467703"><ele>10.198</ele><time>2025-01-16T12:52:38Z</time><speed>1.016</speed><sat>15</sat></trkpt>
  <trkpt lat="10.77461542" lon="106.70468295"><ele>10.491</ele><time>2025-01-16T12:52:39Z</time><speed>1.037</speed><sat>15</sat></trkpt>
  <trkpt lat="10.77461557" lon="106.70468124"><ele>10.830</ele><time>2025-01-16T12:52:40Z</time><speed>0.629</speed><sat>15</sat></trkpt>
  <trkpt lat="10.77460252" lon="106.70468451"><ele>11.009</ele><time>2025-01-16T12:52:41Z</time><speed>0.932</speed><sat>17</sat></trkpt>
  <trkpt lat="10.77459570" lon="106.70469648"><ele>11.094</ele><time>2025-01-16T12:52:42Z</time><speed>0.578</speed><sat>17</sat></trkpt>
  <trkpt lat="10.77459193" lon="106.70470522"><ele>11.271</ele><time>2025-01-16T12:52:43Z</time><speed>0.524</speed><sat>14</sat></trkpt>
  <trkpt lat="10.77457885" lon="106.70471441"><ele>11.011</ele><time>2025-01-16T12:52:44Z</time><speed>0.532</speed><sat>16</sat></trkpt>
  <trkpt lat="10.77457160" lon="106.70472418"><ele>10.763</ele><time>2025-01-16T12:52:45Z</time><speed>0.470</speed><sat>16</sat></trkpt>
  <trkpt lat="10.77456245" lon="106.70473545"><ele>10.602</ele><time>2025-01-16T12:52:46Z</time><speed>0.410</speed><sat>16</sat></trkpt>
  <trkpt lat="10.77455738" lon="106.70474258"><ele>10.659</ele><time>2025-01-16T12:52:47Z</time><speed>0.694</speed><sat>13</sat></trkpt>
  <trkpt lat="10.77454456" lon="106.70474973"><ele>10.783</ele><time>2025-01-16T12:52:48Z</time><speed>1.037</speed><sat>14</sat></trkpt>
  <trkpt lat="10.77453121" lon="106.70475644"><ele>11.535</ele><time>2025-01-16T12:52:49Z</time><speed>0.949</speed><sat>16</sat></trkpt>
  <trkpt lat="10.77451799" lon="106.70476577"><ele>10.594</ele><time>2025-01-16T12:52:50Z</time><speed>0.635</speed><sat>16</sat></trkpt>
  <trkpt lat="10.77450895" lon="106.70477538"><ele>10.033</ele><time>2025-01-16T12:52:51Z</time><speed>0.380</speed><sat>16</sat></trkpt>
  <trkpt lat="10.77450176" lon="106.70477731"><ele>9.945</ele><time>2025-01-16T12:52:52Z</time><speed>0.638</speed><sat>17</sat></trkpt>
  <trkpt lat="10.77448169" lon="106.70478679"><ele>8.671</ele><time>2025-01-16T12:52:53Z</time><speed>0.728</speed><sat>18</sat></trkpt>
  <trkpt lat="10.77446652" lon="106.70479921"><ele>7.831</ele><time>2025-01-16T12:52:54Z</time><speed>0.372</speed><sat>18</sat></trkpt>
  <trkpt lat="10.77446134" lon="106.70480185"><ele>5.989</ele><time>2025-01-16T12:52:55Z</time><speed>0.598</speed><sat>18</sat></trkpt>
  <trkpt lat="10.77445504" lon="106.70480578"><ele>4.363</ele><time>2025-01-16T12:52:56Z</time><speed>0.867</speed><sat>17</sat></trkpt>
  <trkpt lat="10.77444115" lon="106.70481193"><ele>3.598</ele><time>2025-01-16T12:52:57Z</time><speed>0.503</speed><sat>17</sat></trkpt>
  <trkpt lat="10.77443007" lon="106.70481975"><ele>3.890</ele><time>2025-01-16T12:52:58Z</time><speed>0.000</speed><sat>18</sat></trkpt>
  <trkpt lat="10.77442084" lon="106.70481724"><ele>2.571</ele><time>2025-01-16T12:52:59Z</time><speed>0.605</speed><sat>16</sat></trkpt>
  <trkpt lat="10.77440630" lon="106.70481383"><ele>1.864</ele><time>2025-01-16T12:53:00Z</time><speed>0.774</speed><sat>18</sat></trkpt>
  <trkpt lat="10.77437664" lon="106.70481506"><ele>0.693</ele><time>2025-01-16T12:53:01Z</time><speed>0.546</speed><sat>16</sat></trkpt>
  <trkpt lat="10.77435348" lon="106.70481981"><ele>-0.303</ele><time>2025-01-16T12:53:02Z</time><speed>0.610</speed><sat>14</sat></trkpt>
  <trkpt lat="10.77432901" lon="106.70483188"><ele>0.331</ele><time>2025-01-16T12:53:03Z</time><speed>0.901</speed><sat>12</sat></trkpt>
  <trkpt lat="10.77431111" lon="106.70483838"><ele>-0.226</ele><time>2025-01-16T12:53:04Z</time><speed>0.498</speed><sat>12</sat></trkpt>
  <trkpt lat="10.77428958" lon="106.70485388"><ele>-1.118</ele><time>2025-01-16T12:53:05Z</time><speed>0.470</speed><sat>16</sat></trkpt>
  <trkpt lat="10.77427974" lon="106.70486520"><ele>-0.681</ele><time>2025-01-16T12:53:06Z</time><speed>0.000</speed><sat>17</sat></trkpt>
  <trkpt lat="10.77427974" lon="106.70486520"><ele>-0.474</ele><time>2025-01-16T12:53:07Z</time><speed>0.000</speed><sat>17</sat></trkpt>
  <trkpt lat="10.77427486" lon="106.70486919"><ele>-0.783</ele><time>2025-01-16T12:53:08Z</time><speed>0.569</speed><sat>17</sat></trkpt>
  <trkpt lat="10.77427525" lon="106.70486947"><ele>-1.275</ele><time>2025-01-16T12:53:09Z</time><speed>0.000</speed><sat>17</sat></trkpt>
  <trkpt lat="10.77428086" lon="106.70486260"><ele>-1.662</ele><time>2025-01-16T12:53:10Z</time><speed>0.495</speed><sat>15</sat></trkpt>
  <trkpt lat="10.77428624" lon="106.70485602"><ele>-0.753</ele><time>2025-01-16T12:53:11Z</time><speed>0.293</speed><sat>17</sat></trkpt>
  <trkpt lat="10.77429089" lon="106.70485412"><ele>0.185</ele><time>2025-01-16T12:53:12Z</time><speed>0.000</speed><sat>15</sat></trkpt>
  <trkpt lat="10.77429089" lon="106.70485412"><ele>0.021</ele><time>2025-01-16T12:53:13Z</time><speed>0.000</speed><sat>16</sat></trkpt>
  <trkpt lat="10.77428562" lon="106.70485760"><ele>0.081</ele><time>2025-01-16T12:53:14Z</time><speed>0.359</speed><sat>17</sat></trkpt>
  <trkpt lat="10.77427738" lon="106.70485801"><ele>0.423</ele><time>2025-01-16T12:53:15Z</time><speed>0.432</speed><sat>17</sat></trkpt>
  <trkpt lat="10.77427202" lon="106.70486051"><ele>1.074</ele><time>2025-01-16T12:53:16Z</time><speed>0.000</speed><sat>17</sat></trkpt>
  <trkpt lat="10.77426342" lon="106.70486378"><ele>0.722</ele><time>2025-01-16T12:53:17Z</time><speed>0.545</speed><sat>16</sat></trkpt>
  <trkpt lat="10.77425521" lon="106.70486705"><ele>1.009</ele><time>2025-01-16T12:53:18Z</time><speed>0.496</speed><sat>17</sat></trkpt>
  <trkpt lat="10.77425027" lon="106.70487361"><ele>0.620</ele><time>2025-01-16T12:53:19Z</time><speed>0.619</speed><sat>18</sat></trkpt>
  <trkpt lat="10.77425858" lon="106.70487925"><ele>-0.186</ele><time>2025-01-16T12:53:20Z</time><speed>0.475</speed><sat>19</sat></trkpt>
  <trkpt lat="10.77426709" lon="106.70489442"><ele>-0.181</ele><time>2025-01-16T12:53:21Z</time><speed>0.723</speed><sat>17</sat></trkpt>
  <trkpt lat="10.77426151" lon="106.70490485"><ele>-1.760</ele><time>2025-01-16T12:53:22Z</time><speed>0.950</speed><sat>19</sat></trkpt>
  <trkpt lat="10.77424789" lon="106.70491697"><ele>-2.058</ele><time>2025-01-16T12:53:23Z</time><speed>0.650</speed><sat>20</sat></trkpt>
  <trkpt lat="10.77423857" lon="106.70492259"><ele>-1.269</ele><time>2025-01-16T12:53:24Z</time><speed>0.565</speed><sat>18</sat></trkpt>
  <trkpt lat="10.77425124" lon="106.70492076"><ele>-2.440</ele><time>2025-01-16T12:53:25Z</time><speed>0.652</speed><sat>17</sat></trkpt>
  <trkpt lat="10.77425775" lon="106.70491862"><ele>-3.006</ele><time>2025-01-16T12:53:26Z</time><speed>0.623</speed><sat>18</sat></trkpt>
  <trkpt lat="10.77426692" lon="106.70491733"><ele>-2.503</ele><time>2025-01-16T12:53:27Z</time><speed>0.553</speed><sat>18</sat></trkpt>
  <trkpt lat="10.77426912" lon="106.70492231"><ele>-1.975</ele><time>2025-01-16T12:53:28Z</time><speed>0.808</speed><sat>17</sat></trkpt>
  <trkpt lat="10.77427414" lon="106.70492715"><ele>-0.179</ele><time>2025-01-16T12:53:29Z</time><speed>0.334</speed><sat>19</sat></trkpt>
  <trkpt lat="10.77426609" lon="106.70493552"><ele>1.845</ele><time>2025-01-16T12:53:30Z</time><speed>0.309</speed><sat>18</sat></trkpt>
  <trkpt lat="10.77427346" lon="106.70493080"><ele>3.193</ele><time>2025-01-16T12:53:31Z</time><speed>0.280</speed><sat>20</sat></trkpt>
  <trkpt lat="10.77427748" lon="106.70493081"><ele>2.309</ele><time>2025-01-16T12:53:32Z</time><speed>0.000</speed><sat>17</sat></trkpt>
  <trkpt lat="10.77427488" lon="106.70492218"><ele>2.249</ele><time>2025-01-16T12:53:33Z</time><speed>0.289</speed><sat>15</sat></trkpt>
  <trkpt lat="10.77426865" lon="106.70492546"><ele>3.703</ele><time>2025-01-16T12:53:34Z</time><speed>0.000</speed><sat>15</sat></trkpt>
  <trkpt lat="10.77426865" lon="106.70492546"><ele>3.808</ele><time>2025-01-16T12:53:35Z</time><speed>0.000</speed><sat>15</sat></trkpt>
  <trkpt lat="10.77426865" lon="106.70492546"><ele>3.843</ele><time>2025-01-16T12:53:36Z</time><speed>0.000</speed><sat>16</sat></trkpt>
  <trkpt lat="10.77426865" lon="106.70492546"><ele>3.716</ele><time>2025-01-16T12:53:37Z</time><speed>0.000</speed><sat>12</sat></trkpt>
  <trkpt lat="10.77426865" lon="106.70492546"><ele>3.860</ele><time>2025-01-16T12:53:38Z</time><speed>0.000</speed><sat>13</sat></trkpt>
  <trkpt lat="10.77426865" lon="106.70492546"><ele>3.672</ele><time>2025-01-16T12:53:39Z</time><speed>0.000</speed><sat>14</sat></trkpt>
  <trkpt lat="10.77426865" lon="106.70492546"><ele>3.114</ele><time>2025-01-16T12:53:40Z</time><speed>0.000</speed><sat>16</sat></trkpt>
  <trkpt lat="10.77423258" lon="106.70495975"><ele>2.330</ele><time>2025-01-16T12:53:41Z</time><speed>0.684</speed><sat>16</sat></trkpt>
  <trkpt lat="10.77422218" lon="106.70495144"><ele>1.125</ele><time>2025-01-16T12:53:42Z</time><speed>0.000</speed><sat>18</sat></trkpt>
  <trkpt lat="10.77422218" lon="106.70495144"><ele>0.160</ele><time>2025-01-16T12:53:43Z</time><speed>0.000</speed><sat>18</sat></trkpt>
  <trkpt lat="10.77421164" lon="106.70494278"><ele>-0.545</ele><time>2025-01-16T12:53:44Z</time><speed>0.281</speed><sat>17</sat></trkpt>
  <trkpt lat="10.77421011" lon="106.70494150"><ele>-0.290</ele><time>2025-01-16T12:53:45Z</time><speed>0.000</speed><sat>15</sat></trkpt>
  <trkpt lat="10.77421011" lon="106.70494150"><ele>-0.781</ele><time>2025-01-16T12:53:46Z</time><speed>0.000</speed><sat>15</sat></trkpt>
  <trkpt lat="10.77421011" lon="106.70494150"><ele>-1.059</ele><time>2025-01-16T12:53:47Z</time><speed>0.000</speed><sat>16</sat></trkpt>
  <trkpt lat="10.77421011" lon="106.70494150"><ele>-2.023</ele><time>2025-01-16T12:53:48Z</time><speed>0.000</speed><sat>16</sat></trkpt>
  <trkpt lat="10.77421361" lon="106.70494553"><ele>-2.205</ele><time>2025-01-16T12:53:49Z</time><speed>0.488</speed><sat>16</sat></trkpt>
  <trkpt lat="10.77422131" lon="106.70495120"><ele>-2.762</ele><time>2025-01-16T12:53:50Z</time><speed>0.000</speed><sat>17</sat></trkpt>
  <trkpt lat="10.77422131" lon="106.70495120"><ele>-2.601</ele><time>2025-01-16T12:53:51Z</time><speed>0.000</speed><sat>18</sat></trkpt>
  <trkpt lat="10.77422131" lon="106.70495120"><ele>-2.428</ele><time>2025-01-16T12:53:52Z</time><speed>0.000</speed><sat>17</sat></trkpt>
  <trkpt lat="10.77422131" lon="106.70495120"><ele>-2.215</ele><time>2025-01-16T12:53:53Z</time><speed>0.000</speed><sat>17</sat></trkpt>
  <trkpt lat="10.77422131" lon="106.70495120"><ele>-2.155</ele><time>2025-01-16T12:53:54Z</time><speed>0.000</speed><sat>14</sat></trkpt>
  <trkpt lat="10.77423225" lon="106.70496891"><ele>-1.783</ele><time>2025-01-16T12:53:55Z</time><speed>0.339</speed><sat>16</sat></trkpt>
  <trkpt lat="10.77424305" lon="106.70497171"><ele>-1.575</ele><time>2025-01-16T12:53:56Z</time><speed>0.490</speed><sat>15</sat></trkpt>
  <trkpt lat="10.77425474" lon="106.70497467"><ele>-1.362</ele><time>2025-01-16T12:53:57Z</time><speed>0.514</speed><sat>15</sat></trkpt>
  <trkpt lat="10.77425838" lon="106.70498001"><ele>-1.245</ele><time>2025-01-16T12:53:58Z</time><speed>0.000</speed><sat>15</sat></trkpt>
  <trkpt lat="10.77426147" lon="106.70498534"><ele>-0.889</ele><time>2025-01-16T12:53:59Z</time><speed>0.402</speed><sat>13</sat></trkpt>
  <trkpt lat="10.77426346" lon="106.70499642"><ele>-0.742</ele><time>2025-01-16T12:54:00Z</time><speed>0.385</speed><sat>12</sat></trkpt>
  <trkpt lat="10.77428063" lon="106.70500379"><ele>-0.084</ele><time>2025-01-16T12:54:01Z</time><speed>0.780</speed><sat>12</sat></trkpt>
  <trkpt lat="10.77428784" lon="106.70502091"><ele>-0.078</ele><time>2025-01-16T12:54:02Z</time><speed>0.341</speed><sat>14</sat></trkpt>
  <trkpt lat="10.77428998" lon="106.70502543"><ele>-1.083</ele><time>2025-01-16T12:54:03Z</time><speed>0.431</speed><sat>14</sat></trkpt>
  <trkpt lat="10.77429233" lon="106.70503024"><ele>-1.963</ele><time>2025-01-16T12:54:04Z</time><speed>0.396</speed><sat>16</sat></trkpt>
  <trkpt lat="10.77429067" lon="106.70503384"><ele>-2.582</ele><time>2025-01-16T12:54:05Z</time><speed>0.000</speed><sat>17</sat></trkpt>
  <trkpt lat="10.77429067" lon="106.70503384"><ele>-3.301</ele><time>2025-01-16T12:54:06Z</time><speed>0.000</speed><sat>15</sat></trkpt>
  <trkpt lat="10.77429257" lon="106.70504459"><ele>-3.541</ele><time>2025-01-16T12:54:07Z</time><speed>0.624</speed><sat>13</sat></trkpt>
  <trkpt lat="10.77429484" lon="106.70506077"><ele>-3.782</ele><time>2025-01-16T12:54:08Z</time><speed>0.744</speed><sat>11</sat></trkpt>
  <trkpt lat="10.77430113" lon="106.70507806"><ele>-3.925</ele><time>2025-01-16T12:54:09Z</time><speed>0.832</speed><sat>10</sat></trkpt>
  <trkpt lat="10.77431498" lon="106.70508864"><ele>-4.214</ele><time>2025-01-16T12:54:10Z</time><speed>0.501</speed><sat>7</sat></trkpt>
  <trkpt lat="10.77432080" lon="106.70510773"><ele>-4.934</ele><time>2025-01-16T12:54:11Z</time><speed>0.519</speed><sat>10</sat></trkpt>
  <trkpt lat="10.77432021" lon="106.70512431"><ele>-5.362</ele><time>2025-01-16T12:54:12Z</time><speed>0.382</speed><sat>9</sat></trkpt>
  <trkpt lat="10.77432154" lon="106.70512792"><ele>-5.548</ele><time>2025-01-16T12:54:13Z</time><speed>0.000</speed><sat>10</sat></trkpt>
  <trkpt lat="10.77432154" lon="106.70512792"><ele>-5.651</ele><time>2025-01-16T12:54:14Z</time><speed>0.000</speed><sat>11</sat></trkpt>
  <trkpt lat="10.77432154" lon="106.70512792"><ele>-5.805</ele><time>2025-01-16T12:54:15Z</time><speed>0.000</speed><sat>11</sat></trkpt>
  <trkpt lat="10.77432154" lon="106.70512792"><ele>-5.506</ele><time>2025-01-16T12:54:16Z</time><speed>0.000</speed><sat>12</sat></trkpt>
  <trkpt lat="10.77431845" lon="106.70515080"><ele>-6.035</ele><time>2025-01-16T12:54:17Z</time><speed>0.491</speed><sat>13</sat></trkpt>
  <trkpt lat="10.77431663" lon="106.70516119"><ele>-6.930</ele><time>2025-01-16T12:54:18Z</time><speed>0.820</speed><sat>14</sat></trkpt>
  <trkpt lat="10.77431148" lon="106.70517020"><ele>-6.610</ele><time>2025-01-16T12:54:19Z</time><speed>0.727</speed><sat>13</sat></trkpt>
  <trkpt lat="10.77431160" lon="106.70518312"><ele>-7.475</ele><time>2025-01-16T12:54:20Z</time><speed>0.557</speed><sat>13</sat></trkpt>
  <trkpt lat="10.77430641" lon="106.70519447"><ele>-7.454</ele><time>2025-01-16T12:54:21Z</time><speed>0.688</speed><sat>12</sat></trkpt>
  <trkpt lat="10.77431338" lon="106.70522219"><ele>-7.886</ele><time>2025-01-16T12:54:22Z</time><speed>0.727</speed><sat>13</sat></trkpt>
  <trkpt lat="10.77431081" lon="106.70524554"><ele>-7.612</ele><time>2025-01-16T12:54:23Z</time><speed>0.334</speed><sat>13</sat></trkpt>
  <trkpt lat="10.77430574" lon="106.70525898"><ele>-7.256</ele><time>2025-01-16T12:54:24Z</time><speed>0.000</speed><sat>14</sat></trkpt>
  <trkpt lat="10.77431016" lon="106.70526813"><ele>-6.594</ele><time>2025-01-16T12:54:25Z</time><speed>0.670</speed><sat>13</sat></trkpt>
  <trkpt lat="10.77431464" lon="106.70527794"><ele>-5.515</ele><time>2025-01-16T12:54:26Z</time><speed>0.793</speed><sat>13</sat></trkpt>
  <trkpt lat="10.77432105" lon="106.70529006"><ele>-5.084</ele><time>2025-01-16T12:54:27Z</time><speed>0.715</speed><sat>13</sat></trkpt>
  <trkpt lat="10.77433089" lon="106.70529787"><ele>-5.106</ele><time>2025-01-16T12:54:28Z</time><speed>0.767</speed><sat>12</sat></trkpt>
  <trkpt lat="10.77434872" lon="106.70530723"><ele>-4.872</ele><time>2025-01-16T12:54:29Z</time><speed>0.956</speed><sat>11</sat></trkpt>
  <trkpt lat="10.77436194" lon="106.70531245"><ele>-3.767</ele><time>2025-01-16T12:54:30Z</time><speed>0.632</speed><sat>13</sat></trkpt>
  <trkpt lat="10.77437366" lon="106.70531349"><ele>-3.278</ele><time>2025-01-16T12:54:31Z</time><speed>0.354</speed><sat>13</sat></trkpt>
  <trkpt lat="10.77437821" lon="106.70531655"><ele>-3.130</ele><time>2025-01-16T12:54:32Z</time><speed>0.000</speed><sat>9</sat></trkpt>
  <trkpt lat="10.77437821" lon="106.70531655"><ele>-3.872</ele><time>2025-01-16T12:54:33Z</time><speed>0.000</speed><sat>8</sat></trkpt>
  <trkpt lat="10.77437821" lon="106.70531655"><ele>-3.710</ele><time>2025-01-16T12:54:34Z</time><speed>0.000</speed><sat>8</sat></trkpt>
  <trkpt lat="10.77437821" lon="106.70531655"><ele>-3.437</ele><time>2025-01-16T12:54:35Z</time><speed>0.000</speed><sat>9</sat></trkpt>
  <trkpt lat="10.77437821" lon="106.70531655"><ele>-3.310</ele><time>2025-01-16T12:54:36Z</time><speed>0.000</speed><sat>5</sat></trkpt>
  <trkpt lat="10.77387265" lon="106.70543146"><ele>-17.102</ele><time>2025-01-16T12:58:47Z</time><speed>1.219</speed><sat>11</sat></trkpt>
  <trkpt lat="10.77391384" lon="106.70546390"><ele>-15.439</ele><time>2025-01-16T12:58:48Z</time><speed>1.269</speed><sat>10</sat></trkpt>
  <trkpt lat="10.77395929" lon="106.70549413"><ele>-16.276</ele><time>2025-01-16T12:58:49Z</time><speed>1.240</speed><sat>11</sat></trkpt>
  <trkpt lat="10.77398240" lon="106.70551250"><ele>-14.587</ele><time>2025-01-16T12:58:50Z</time><speed>1.171</speed><sat>8</sat></trkpt>
  <trkpt lat="10.77400793" lon="106.70552173"><ele>-14.204</ele><time>2025-01-16T12:58:51Z</time><speed>0.818</speed><sat>11</sat></trkpt>
  <trkpt lat="10.77403520" lon="106.70552723"><ele>-13.835</ele><time>2025-01-16T12:58:52Z</time><speed>0.579</speed><sat>11</sat></trkpt>
  <trkpt lat="10.77404698" lon="106.70553127"><ele>-13.192</ele><time>2025-01-16T12:58:53Z</time><speed>0.742</speed><sat>11</sat></trkpt>
  <trkpt lat="10.77405723" lon="106.70554215"><ele>-13.797</ele><time>2025-01-16T12:58:54Z</time><speed>0.812</speed><sat>7</sat></trkpt>
  <trkpt lat="10.77407430" lon="106.70556541"><ele>-12.814</ele><time>2025-01-16T12:58:55Z</time><speed>0.000</speed><sat>7</sat></trkpt>
  <trkpt lat="10.77407430" lon="106.70556541"><ele>-10.433</ele><time>2025-01-16T12:58:56Z</time><speed>0.000</speed><sat>6</sat></trkpt>
  <trkpt lat="10.77407430" lon="106.70556541"><ele>-7.479</ele><time>2025-01-16T12:58:57Z</time><speed>0.000</speed><sat>7</sat></trkpt>
  <trkpt lat="10.77419006" lon="106.70557117"><ele>-4.103</ele><time>2025-01-16T12:58:58Z</time><speed>0.897</speed><sat>6</sat></trkpt>
  <trkpt lat="10.77422719" lon="106.70557227"><ele>-2.448</ele><time>2025-01-16T12:58:59Z</time><speed>1.013</speed><sat>6</sat></trkpt>
  <trkpt lat="10.77426857" lon="106.70556325"><ele>-1.467</ele><time>2025-01-16T12:59:00Z</time><speed>1.368</speed><sat>7</sat></trkpt>
  <trkpt lat="10.77431673" lon="106.70555338"><ele>-0.456</ele><time>2025-01-16T12:59:01Z</time><speed>0.978</speed><sat>7</sat></trkpt>
  <trkpt lat="10.77442146" lon="106.70553258"><ele>-0.980</ele><time>2025-01-16T12:59:02Z</time><speed>0.903</speed><sat>9</sat></trkpt>
  <trkpt lat="10.77445302" lon="106.70553280"><ele>-1.336</ele><time>2025-01-16T12:59:03Z</time><speed>0.818</speed><sat>9</sat></trkpt>
  <trkpt lat="10.77446765" lon="106.70554928"><ele>-0.477</ele><time>2025-01-16T12:59:04Z</time><speed>1.053</speed><sat>8</sat></trkpt>
  <trkpt lat="10.77448105" lon="106.70556044"><ele>-0.473</ele><time>2025-01-16T12:59:05Z</time><speed>0.941</speed><sat>8</sat></trkpt>
  <trkpt lat="10.77449690" lon="106.70556730"><ele>-0.026</ele><time>2025-01-16T12:59:06Z</time><speed>0.708</speed><sat>9</sat></trkpt>
  <trkpt lat="10.77451721" lon="106.70557763"><ele>0.645</ele><time>2025-01-16T12:59:07Z</time><speed>0.767</speed><sat>12</sat></trkpt>
  <trkpt lat="10.77453597" lon="106.70559852"><ele>1.678</ele><time>2025-01-16T12:59:08Z</time><speed>0.620</speed><sat>11</sat></trkpt>
  <trkpt lat="10.77455511" lon="106.70561273"><ele>1.451</ele><time>2025-01-16T12:59:09Z</time><speed>0.637</speed><sat>11</sat></trkpt>
  <trkpt lat="10.77457498" lon="106.70562689"><ele>1.825</ele><time>2025-01-16T12:59:10Z</time><speed>0.563</speed><sat>11</sat></trkpt>
  <trkpt lat="10.77457901" lon="106.70563148"><ele>4.256</ele><time>2025-01-16T12:59:11Z</time><speed>0.000</speed><sat>13</sat></trkpt>
  <trkpt lat="10.77457901" lon="106.70563148"><ele>4.794</ele><time>2025-01-16T12:59:12Z</time><speed>0.000</speed><sat>14</sat></trkpt>
  <trkpt lat="10.77457901" lon="106.70563148"><ele>4.485</ele><time>2025-01-16T12:59:13Z</time><speed>0.000</speed><sat>13</sat></trkpt>
  <trkpt lat="10.77457901" lon="106.70563148"><ele>3.965</ele><time>2025-01-16T12:59:14Z</time><speed>0.000</speed><sat>13</sat></trkpt>
  <trkpt lat="10.77457901" lon="106.70563148"><ele>3.367</ele><time>2025-01-16T12:59:15Z</time><speed>0.000</speed><sat>14</sat></trkpt>
  <trkpt lat="10.77457901" lon="106.70563148"><ele>2.978</ele><time>2025-01-16T12:59:16Z</time><speed>0.000</speed><sat>14</sat></trkpt>
  <trkpt lat="10.77457901" lon="106.70563148"><ele>2.939</ele><time>2025-01-16T12:59:17Z</time><speed>0.000</speed><sat>14</sat></trkpt>
  <trkpt lat="10.77460062" lon="106.70563237"><ele>3.009</ele><time>2025-01-16T12:59:18Z</time><speed>0.522</speed><sat>13</sat></trkpt>
  <trkpt lat="10.77461188" lon="106.70563340"><ele>3.515</ele><time>2025-01-16T12:59:19Z</time><speed>0.686</speed><sat>12</sat></trkpt>
  <trkpt lat="10.77462363" lon="106.70563847"><ele>3.709</ele><time>2025-01-16T12:59:20Z</time><speed>0.399</speed><sat>14</sat></trkpt>
  <trkpt lat="10.77463915" lon="106.70563944"><ele>3.467</ele><time>2025-01-16T12:59:21Z</time><speed>0.426</speed><sat>15</sat></trkpt>
  <trkpt lat="10.77465940" lon="106.70563770"><ele>2.633</ele><time>2025-01-16T12:59:22Z</time><speed>0.654</speed><sat>14</sat></trkpt>
  <trkpt lat="10.77468662" lon="106.70562940"><ele>1.831</ele><time>2025-01-16T12:59:23Z</time><speed>0.000</speed><sat>13</sat></trkpt>
  <trkpt lat="10.77470552" lon="106.70562044"><ele>1.278</ele><time>2025-01-16T12:59:24Z</time><speed>0.416</speed><sat>13</sat></trkpt>
  <trkpt lat="10.77472159" lon="106.70561447"><ele>0.691</ele><time>2025-01-16T12:59:25Z</time><speed>0.909</speed><sat>12</sat></trkpt>
  <trkpt lat="10.77472550" lon="106.70561920"><ele>0.431</ele><time>2025-01-16T12:59:26Z</time><speed>0.763</speed><sat>9</sat></trkpt>
  <trkpt lat="10.77474719" lon="106.70561396"><ele>-0.702</ele><time>2025-01-16T12:59:27Z</time><speed>0.704</speed><sat>10</sat></trkpt>
  <trkpt lat="10.77474532" lon="106.70562217"><ele>-0.893</ele><time>2025-01-16T12:59:28Z</time><speed>0.633</speed><sat>10</sat></trkpt>
  <trkpt lat="10.77474654" lon="106.70561950"><ele>-1.338</ele><time>2025-01-16T12:59:29Z</time><speed>0.419</speed><sat>10</sat></trkpt>
  <trkpt lat="10.77474573" lon="106.70562307"><ele>-1.761</ele><time>2025-01-16T12:59:30Z</time><speed>0.000</speed><sat>6</sat></trkpt>
  <trkpt lat="10.77420805" lon="106.70537618"><ele>4.336</ele><time>2025-01-16T13:02:36Z</time><speed>0.520</speed><sat>12</sat></trkpt>
  <trkpt lat="10.77426613" lon="106.70539580"><ele>3.373</ele><time>2025-01-16T13:02:37Z</time><speed>0.399</speed><sat>13</sat></trkpt>
  <trkpt lat="10.77430782" lon="106.70537624"><ele>1.184</ele><time>2025-01-16T13:02:38Z</time><speed>0.554</speed><sat>10</sat></trkpt>
  <trkpt lat="10.77432543" lon="106.70536273"><ele>-0.497</ele><time>2025-01-16T13:02:39Z</time><speed>0.889</speed><sat>9</sat></trkpt>
  <trkpt lat="10.77432396" lon="106.70535389"><ele>-1.264</ele><time>2025-01-16T13:02:40Z</time><speed>1.132</speed><sat>11</sat></trkpt>
  <trkpt lat="10.77431728" lon="106.70534449"><ele>-1.923</ele><time>2025-01-16T13:02:41Z</time><speed>1.170</speed><sat>11</sat></trkpt>
  <trkpt lat="10.77431676" lon="106.70533328"><ele>-2.226</ele><time>2025-01-16T13:02:42Z</time><speed>1.040</speed><sat>11</sat></trkpt>
  <trkpt lat="10.77431768" lon="106.70532125"><ele>-2.675</ele><time>2025-01-16T13:02:43Z</time><speed>0.718</speed><sat>9</sat></trkpt>
  <trkpt lat="10.77431609" lon="106.70531121"><ele>-2.203</ele><time>2025-01-16T13:02:44Z</time><speed>0.489</speed><sat>12</sat></trkpt>
  <trkpt lat="10.77431421" lon="106.70531113"><ele>-2.186</ele><time>2025-01-16T13:02:45Z</time><speed>0.561</speed><sat>10</sat></trkpt>
  <trkpt lat="10.77429391" lon="106.70530136"><ele>-2.559</ele><time>2025-01-16T13:02:46Z</time><speed>0.369</speed><sat>11</sat></trkpt>
  <trkpt lat="10.77429153" lon="106.70529461"><ele>-2.009</ele><time>2025-01-16T13:02:47Z</time><speed>0.000</speed><sat>12</sat></trkpt>
  <trkpt lat="10.77429007" lon="106.70527962"><ele>-0.705</ele><time>2025-01-16T13:02:48Z</time><speed>0.737</speed><sat>12</sat></trkpt>
  <trkpt lat="10.77428136" lon="106.70525720"><ele>1.164</ele><time>2025-01-16T13:02:49Z</time><speed>0.707</speed><sat>13</sat></trkpt>
  <trkpt lat="10.77427816" lon="106.70523733"><ele>2.756</ele><time>2025-01-16T13:02:50Z</time><speed>0.767</speed><sat>14</sat></trkpt>
  <trkpt lat="10.77427906" lon="106.70524594"><ele>3.567</ele><time>2025-01-16T13:02:51Z</time><speed>0.901</speed><sat>11</sat></trkpt>
  <trkpt lat="10.77428349" lon="106.70524907"><ele>5.243</ele><time>2025-01-16T13:02:52Z</time><speed>0.896</speed><sat>12</sat></trkpt>
  <trkpt lat="10.77429113" lon="106.70526600"><ele>7.031</ele><time>2025-01-16T13:02:53Z</time><speed>0.951</speed><sat>10</sat></trkpt>
  <trkpt lat="10.77430616" lon="106.70529153"><ele>9.353</ele><time>2025-01-16T13:02:54Z</time><speed>0.736</speed><sat>9</sat></trkpt>
  <trkpt lat="10.77431243" lon="106.70530990"><ele>10.990</ele><time>2025-01-16T13:02:55Z</time><speed>0.764</speed><sat>10</sat></trkpt>
  <trkpt lat="10.77430425" lon="106.70532813"><ele>11.491</ele><time>2025-01-16T13:02:56Z</time><speed>0.858</speed><sat>9</sat></trkpt>
  <trkpt lat="10.77430243" lon="106.70534150"><ele>12.508</ele><time>2025-01-16T13:02:57Z</time><speed>0.874</speed><sat>9</sat></trkpt>
  <trkpt lat="10.77429263" lon="106.70534696"><ele>12.617</ele><time>2025-01-16T13:02:58Z</time><speed>0.000</speed><sat>9</sat></trkpt>
  <trkpt lat="10.77429263" lon="106.70534696"><ele>12.555</ele><time>2025-01-16T13:02:59Z</time><speed>0.000</speed><sat>9</sat></trkpt>
  <trkpt lat="10.77429263" lon="106.70534696"><ele>15.015</ele><time>2025-01-16T13:03:00Z</time><speed>0.000</speed><sat>9</sat></trkpt>
  <trkpt lat="10.77429263" lon="106.70534696"><ele>17.399</ele><time>2025-01-16T13:03:01Z</time><speed>0.000</speed><sat>8</sat></trkpt>
  <trkpt lat="10.77434966" lon="106.70532345"><ele>18.431</ele><time>2025-01-16T13:03:02Z</time><speed>0.391</speed><sat>11</sat></trkpt>
  <trkpt lat="10.77436619" lon="106.70530560"><ele>19.757</ele><time>2025-01-16T13:03:03Z</time><speed>0.000</speed><sat>11</sat></trkpt>
  <trkpt lat="10.77436619" lon="106.70530560"><ele>21.478</ele><time>2025-01-16T13:03:04Z</time><speed>0.000</speed><sat>12</sat></trkpt>
  <trkpt lat="10.77436619" lon="106.70530560"><ele>22.826</ele><time>2025-01-16T13:03:05Z</time><speed>0.000</speed><sat>11</sat></trkpt>
  <trkpt lat="10.77436619" lon="106.70530560"><ele>24.863</ele><time>2025-01-16T13:03:06Z</time><speed>0.000</speed><sat>11</sat></trkpt>
  <trkpt lat="10.77436619" lon="106.70530560"><ele>26.871</ele><time>2025-01-16T13:03:07Z</time><speed>0.000</speed><sat>11</sat></trkpt>
  <trkpt lat="10.77435160" lon="106.70521762"><ele>28.200</ele><time>2025-01-16T13:03:08Z</time><speed>0.000</speed><sat>12</sat></trkpt>
  <trkpt lat="10.77435160" lon="106.70521762"><ele>28.686</ele><time>2025-01-16T13:03:09Z</time><speed>0.000</speed><sat>12</sat></trkpt>
  <trkpt lat="10.77435160" lon="106.70521762"><ele>28.451</ele><time>2025-01-16T13:03:10Z</time><speed>0.000</speed><sat>12</sat></trkpt>
  <trkpt lat="10.77435160" lon="106.70521762"><ele>23.626</ele><time>2025-01-16T13:03:11Z</time><speed>0.000</speed><sat>13</sat></trkpt>
  <trkpt lat="10.77430300" lon="106.70518738"><ele>24.185</ele><time>2025-01-16T13:03:12Z</time><speed>0.462</speed><sat>13</sat></trkpt>
  <trkpt lat="10.77428776" lon="106.70518383"><ele>25.179</ele><time>2025-01-16T13:03:13Z</time><speed>0.000</speed><sat>13</sat></trkpt>
  <trkpt lat="10.77426391" lon="106.70517573"><ele>25.861</ele><time>2025-01-16T13:03:14Z</time><speed>0.378</speed><sat>12</sat></trkpt>
  <trkpt lat="10.77424948" lon="106.70516910"><ele>26.068</ele><time>2025-01-16T13:03:15Z</time><speed>0.000</speed><sat>15</sat></trkpt>
  <trkpt lat="10.77424064" lon="106.70516591"><ele>25.848</ele><time>2025-01-16T13:03:16Z</time><speed>0.329</speed><sat>14</sat></trkpt>
  <trkpt lat="10.77422671" lon="106.70516147"><ele>25.488</ele><time>2025-01-16T13:03:17Z</time><speed>0.000</speed><sat>15</sat></trkpt>
  <trkpt lat="10.77422671" lon="106.70516147"><ele>24.815</ele><time>2025-01-16T13:03:18Z</time><speed>0.000</speed><sat>16</sat></trkpt>
  <trkpt lat="10.77421157" lon="106.70515825"><ele>23.623</ele><time>2025-01-16T13:03:19Z</time><speed>0.435</speed><sat>14</sat></trkpt>
  <trkpt lat="10.77418015" lon="106.70514840"><ele>22.590</ele><time>2025-01-16T13:03:20Z</time><speed>0.342</speed><sat>16</sat></trkpt>
  <trkpt lat="10.77414486" lon="106.70511869"><ele>22.247</ele><time>2025-01-16T13:03:21Z</time><speed>0.438</speed><sat>17</sat></trkpt>
  <trkpt lat="10.77412848" lon="106.70510573"><ele>21.217</ele><time>2025-01-16T13:03:22Z</time><speed>0.380</speed><sat>18</sat></trkpt>
  <trkpt lat="10.77412059" lon="106.70510246"><ele>21.284</ele><time>2025-01-16T13:03:23Z</time><speed>0.000</speed><sat>15</sat></trkpt>
  <trkpt lat="10.77412210" lon="106.70509860"><ele>20.694</ele><time>2025-01-16T13:03:24Z</time><speed>0.296</speed><sat>17</sat></trkpt>
  <trkpt lat="10.77412152" lon="106.70509898"><ele>20.376</ele><time>2025-01-16T13:03:25Z</time><speed>0.000</speed><sat>18</sat></trkpt>
  <trkpt lat="10.77412152" lon="106.70509898"><ele>19.814</ele><time>2025-01-16T13:03:26Z</time><speed>0.000</speed><sat>23</sat></trkpt>
  <trkpt lat="10.77412152" lon="106.70509898"><ele>19.580</ele><time>2025-01-16T13:03:27Z</time><speed>0.000</speed><sat>21</sat></trkpt>
  <trkpt lat="10.77412152" lon="106.70509898"><ele>19.867</ele><time>2025-01-16T13:03:28Z</time><speed>0.000</speed><sat>22</sat></trkpt>
  <trkpt lat="10.77412152" lon="106.70509898"><ele>19.776</ele><time>2025-01-16T13:03:29Z</time><speed>0.000</speed><sat>21</sat></trkpt>
  <trkpt lat="10.77412152" lon="106.70509898"><ele>19.482</ele><time>2025-01-16T13:03:30Z</time><speed>0.000</speed><sat>21</sat></trkpt>
  <trkpt lat="10.77412152" lon="106.70509898"><ele>19.008</ele><time>2025-01-16T13:03:31Z</time><speed>0.000</speed><sat>22</sat></trkpt>
  <trkpt lat="10.77412152" lon="106.70509898"><ele>18.112</ele><time>2025-01-16T13:03:32Z</time><speed>0.000</speed><sat>21</sat></trkpt>
  <trkpt lat="10.77412152" lon="106.70509898"><ele>17.686</ele><time>2025-01-16T13:03:33Z</time><speed>0.000</speed><sat>19</sat></trkpt>
  <trkpt lat="10.77412152" lon="106.70509898"><ele>17.339</ele><time>2025-01-16T13:03:34Z</time><speed>0.000</speed><sat>18</sat></trkpt>
  <trkpt lat="10.77412152" lon="106.70509898"><ele>17.026</ele><time>2025-01-16T13:03:35Z</time><speed>0.000</speed><sat>16</sat></trkpt>
  <trkpt lat="10.77412152" lon="106.70509898"><ele>16.390</ele><time>2025-01-16T13:03:36Z</time><speed>0.000</speed><sat>15</sat></trkpt>
  <trkpt lat="10.77412152" lon="106.70509898"><ele>15.812</ele><time>2025-01-16T13:03:37Z</time><speed>0.000</speed><sat>16</sat></trkpt>
  <trkpt lat="10.77412152" lon="106.70509898"><ele>15.190</ele><time>2025-01-16T13:03:38Z</time><speed>0.000</speed><sat>18</sat></trkpt>
  <trkpt lat="10.77412152" lon="106.70509898"><ele>14.715</ele><time>2025-01-16T13:03:39Z</time><speed>0.000</speed><sat>16</sat></trkpt>
  <trkpt lat="10.77412152" lon="106.70509898"><ele>13.974</ele><time>2025-01-16T13:03:40Z</time><speed>0.000</speed><sat>17</sat></trkpt>
  <trkpt lat="10.77412152" lon="106.70509898"><ele>13.460</ele><time>2025-01-16T13:03:41Z</time><speed>0.000</speed><sat>18</sat></trkpt>
  <trkpt lat="10.77412152" lon="106.70509898"><ele>12.942</ele><time>2025-01-16T13:03:42Z</time><speed>0.000</speed><sat>19</sat></trkpt>
  <trkpt lat="10.77409988" lon="106.70507290"><ele>12.436</ele><time>2025-01-16T13:03:43Z</time><speed>0.624</speed><sat>20</sat></trkpt>
  <trkpt lat="10.77409873" lon="106.70506347"><ele>11.619</ele><time>2025-01-16T13:03:44Z</time><speed>0.781</speed><sat>21</sat></trkpt>
  <trkpt lat="10.77409465" lon="106.70504676"><ele>11.200</ele><time>2025-01-16T13:03:45Z</time><speed>0.813</speed><sat>20</sat></trkpt>
  <trkpt lat="10.77410087" lon="106.70503104"><ele>10.799</ele><time>2025-01-16T13:03:46Z</time><speed>0.501</speed><sat>20</sat></trkpt>
  <trkpt lat="10.77410747" lon="106.70501890"><ele>10.305</ele><time>2025-01-16T13:03:47Z</time><speed>0.311</speed><sat>19</sat></trkpt>
  <trkpt lat="10.77410831" lon="106.70499792"><ele>10.150</ele><time>2025-01-16T13:03:48Z</time><speed>0.848</speed><sat>19</sat></trkpt>
  <trkpt lat="10.77409430" lon="106.70492572"><ele>8.932</ele><time>2025-01-16T13:03:49Z</time><speed>0.718</speed><sat>22</sat></trkpt>
  <trkpt lat="10.77410178" lon="106.70485899"><ele>7.587</ele><time>2025-01-16T13:03:50Z</time><speed>0.691</speed><sat>19</sat></trkpt>
  <trkpt lat="10.77411533" lon="106.70483362"><ele>5.921</ele><time>2025-01-16T13:03:51Z</time><speed>0.543</speed><sat>19</sat></trkpt>
  <trkpt lat="10.77412559" lon="106.70481767"><ele>3.542</ele><time>2025-01-16T13:03:52Z</time><speed>0.620</speed><sat>21</sat></trkpt>
  <trkpt lat="10.77411991" lon="106.70480453"><ele>2.191</ele><time>2025-01-16T13:03:53Z</time><speed>0.604</speed><sat>23</sat></trkpt>
  <trkpt lat="10.77412070" lon="106.70478635"><ele>0.430</ele><time>2025-01-16T13:03:54Z</time><speed>0.413</speed><sat>21</sat></trkpt>
  <trkpt lat="10.77411730" lon="106.70477852"><ele>-1.594</ele><time>2025-01-16T13:03:55Z</time><speed>0.566</speed><sat>22</sat></trkpt>
  <trkpt lat="10.77411709" lon="106.70476520"><ele>-2.801</ele><time>2025-01-16T13:03:56Z</time><speed>0.618</speed><sat>22</sat></trkpt>
  <trkpt lat="10.77412006" lon="106.70475916"><ele>-2.744</ele><time>2025-01-16T13:03:57Z</time><speed>0.000</speed><sat>22</sat></trkpt>
  <trkpt lat="10.77412006" lon="106.70475916"><ele>-3.205</ele><time>2025-01-16T13:03:58Z</time><speed>0.000</speed><sat>21</sat></trkpt>
  <trkpt lat="10.77412006" lon="106.70475916"><ele>-3.873</ele><time>2025-01-16T13:03:59Z</time><speed>0.000</speed><sat>23</sat></trkpt>
  <trkpt lat="10.77412006" lon="106.70475916"><ele>-3.912</ele><time>2025-01-16T13:04:00Z</time><speed>0.000</speed><sat>20</sat></trkpt>
  <trkpt lat="10.77412006" lon="106.70475916"><ele>-3.630</ele><time>2025-01-16T13:04:01Z</time><speed>0.000</speed><sat>19</sat></trkpt>
  <trkpt lat="10.77412006" lon="106.70475916"><ele>-3.747</ele><time>2025-01-16T13:04:02Z</time><speed>0.000</speed><sat>19</sat></trkpt>
  <trkpt lat="10.77412006" lon="106.70475916"><ele>-4.084</ele><time>2025-01-16T13:04:03Z</time><speed>0.000</speed><sat>18</sat></trkpt>
  <trkpt lat="10.77412006" lon="106.70475916"><ele>-4.016</ele><time>2025-01-16T13:04:04Z</time><speed>0.000</speed><sat>18</sat></trkpt>
  <trkpt lat="10.77412006" lon="106.70475916"><ele>-4.297</ele><time>2025-01-16T13:04:05Z</time><speed>0.000</speed><sat>17</sat></trkpt>
  <trkpt lat="10.77412006" lon="106.70475916"><ele>-4.788</ele><time>2025-01-16T13:04:06Z</time><speed>0.000</speed><sat>18</sat></trkpt>
  <trkpt lat="10.77412006" lon="106.70475916"><ele>-5.056</ele><time>2025-01-16T13:04:07Z</time><speed>0.000</speed><sat>17</sat></trkpt>
  <trkpt lat="10.77412006" lon="106.70475916"><ele>-5.143</ele><time>2025-01-16T13:04:08Z</time><speed>0.000</speed><sat>16</sat></trkpt>
  <trkpt lat="10.77412006" lon="106.70475916"><ele>-5.411</ele><time>2025-01-16T13:04:09Z</time><speed>0.000</speed><sat>17</sat></trkpt>
  <trkpt lat="10.77412006" lon="106.70475916"><ele>-5.996</ele><time>2025-01-16T13:04:10Z</time><speed>0.000</speed><sat>15</sat></trkpt>
  <trkpt lat="10.77412006" lon="106.70475916"><ele>-6.365</ele><time>2025-01-16T13:04:11Z</time><speed>0.000</speed><sat>14</sat></trkpt>
  <trkpt lat="10.77416425" lon="106.70477430"><ele>-6.567</ele><time>2025-01-16T13:04:12Z</time><speed>0.000</speed><sat>14</sat></trkpt>
  <trkpt lat="10.77416425" lon="106.70477430"><ele>-6.778</ele><time>2025-01-16T13:04:13Z</time><speed>0.000</speed><sat>15</sat></trkpt>
  <trkpt lat="10.77416425" lon="106.70477430"><ele>-7.041</ele><time>2025-01-16T13:04:14Z</time><speed>0.000</speed><sat>18</sat></trkpt>
  <trkpt lat="10.77416425" lon="106.70477430"><ele>-7.827</ele><time>2025-01-16T13:04:15Z</time><speed>0.000</speed><sat>17</sat></trkpt>
  <trkpt lat="10.77416425" lon="106.70477430"><ele>-8.592</ele><time>2025-01-16T13:04:16Z</time><speed>0.000</speed><sat>18</sat></trkpt>
  <trkpt lat="10.77416425" lon="106.70477430"><ele>-8.859</ele><time>2025-01-16T13:04:17Z</time><speed>0.000</speed><sat>17</sat></trkpt>
  <trkpt lat="10.77416425" lon="106.70477430"><ele>-9.050</ele><time>2025-01-16T13:04:18Z</time><speed>0.000</speed><sat>20</sat></trkpt>
  <trkpt lat="10.77416425" lon="106.70477430"><ele>-9.285</ele><time>2025-01-16T13:04:19Z</time><speed>0.000</speed><sat>19</sat></trkpt>
  <trkpt lat="10.77416425" lon="106.70477430"><ele>-9.229</ele><time>2025-01-16T13:04:20Z</time><speed>0.000</speed><sat>20</sat></trkpt>
  <trkpt lat="10.77416425" lon="106.70477430"><ele>-9.180</ele><time>2025-01-16T13:04:21Z</time><speed>0.000</speed><sat>20</sat></trkpt>
  <trkpt lat="10.77416425" lon="106.70477430"><ele>-9.322</ele><time>2025-01-16T13:04:22Z</time><speed>0.000</speed><sat>18</sat></trkpt>
  <trkpt lat="10.77416425" lon="106.70477430"><ele>-9.391</ele><time>2025-01-16T13:04:23Z</time><speed>0.000</speed><sat>18</sat></trkpt>
  <trkpt lat="10.77416425" lon="106.70477430"><ele>-9.236</ele><time>2025-01-16T13:04:24Z</time><speed>0.000</speed><sat>18</sat></trkpt>
  <trkpt lat="10.77416425" lon="106.70477430"><ele>-9.341</ele><time>2025-01-16T13:04:25Z</time><speed>0.000</speed><sat>19</sat></trkpt>
  <trkpt lat="10.77416425" lon="106.70477430"><ele>-9.125</ele><time>2025-01-16T13:04:26Z</time><speed>0.000</speed><sat>19</sat></trkpt>
  <trkpt lat="10.77416425" lon="106.70477430"><ele>-8.860</ele><time>2025-01-16T13:04:27Z</time><speed>0.000</speed><sat>18</sat></trkpt>
  <trkpt lat="10.77416425" lon="106.70477430"><ele>-8.840</ele><time>2025-01-16T13:04:28Z</time><speed>0.000</speed><sat>17</sat></trkpt>
  <trkpt lat="10.77416425" lon="106.70477430"><ele>-8.799</ele><time>2025-01-16T13:04:29Z</time><speed>0.000</speed><sat>16</sat></trkpt>
  <trkpt lat="10.77416425" lon="106.70477430"><ele>-8.916</ele><time>2025-01-16T13:04:30Z</time><speed>0.000</speed><sat>16</sat></trkpt>
  <trkpt lat="10.77416425" lon="106.70477430"><ele>-9.074</ele><time>2025-01-16T13:04:31Z</time><speed>0.000</speed><sat>18</sat></trkpt>
  <trkpt lat="10.77416425" lon="106.70477430"><ele>-9.107</ele><time>2025-01-16T13:04:32Z</time><speed>0.000</speed><sat>16</sat></trkpt>
  <trkpt lat="10.77416425" lon="106.70477430"><ele>-9.267</ele><time>2025-01-16T13:04:33Z</time><speed>0.000</speed><sat>15</sat></trkpt>
  <trkpt lat="10.77416425" lon="106.70477430"><ele>-9.371</ele><time>2025-01-16T13:04:34Z</time><speed>0.000</speed><sat>16</sat></trkpt>
  <trkpt lat="10.77416425" lon="106.70477430"><ele>-9.603</ele><time>2025-01-16T13:04:35Z</time><speed>0.000</speed><sat>15</sat></trkpt>
  <trkpt lat="10.77416425" lon="106.70477430"><ele>-9.813</ele><time>2025-01-16T13:04:36Z</time><speed>0.000</speed><sat>16</sat></trkpt>
  <trkpt lat="10.77416425" lon="106.70477430"><ele>-9.833</ele><time>2025-01-16T13:04:37Z</time><speed>0.000</speed><sat>16</sat></trkpt>
  <trkpt lat="10.77416425" lon="106.70477430"><ele>-9.812</ele><time>2025-01-16T13:04:38Z</time><speed>0.000</speed><sat>16</sat></trkpt>
  <trkpt lat="10.77416425" lon="106.70477430"><ele>-9.741</ele><time>2025-01-16T13:04:39Z</time><speed>0.000</speed><sat>15</sat></trkpt>
  <trkpt lat="10.77416425" lon="106.70477430"><ele>-9.711</ele><time>2025-01-16T13:04:40Z</time><speed>0.000</speed><sat>15</sat></trkpt>
  <trkpt lat="10.77416425" lon="106.70477430"><ele>-9.830</ele><time>2025-01-16T13:04:41Z</time><speed>0.000</speed><sat>16</sat></trkpt>
  <trkpt lat="10.77416425" lon="106.70477430"><ele>-9.920</ele><time>2025-01-16T13:04:42Z</time><speed>0.000</speed><sat>16</sat></trkpt>
  <trkpt lat="10.77416425" lon="106.70477430"><ele>-9.696</ele><time>2025-01-16T13:04:43Z</time><speed>0.000</speed><sat>17</sat></trkpt>
  <trkpt lat="10.77417766" lon="106.70476433"><ele>-9.601</ele><time>2025-01-16T13:04:44Z</time><speed>0.533</speed><sat>18</sat></trkpt>
  <trkpt lat="10.77417518" lon="106.70475371"><ele>-9.478</ele><time>2025-01-16T13:04:45Z</time><speed>0.515</speed><sat>16</sat></trkpt>
  <trkpt lat="10.77416150" lon="106.70473742"><ele>-9.143</ele><time>2025-01-16T13:04:46Z</time><speed>0.456</speed><sat>18</sat></trkpt>
  <trkpt lat="10.77414375" lon="106.70472701"><ele>-8.527</ele><time>2025-01-16T13:04:47Z</time><speed>0.000</speed><sat>18</sat></trkpt>
  <trkpt lat="10.77414375" lon="106.70472701"><ele>-8.201</ele><time>2025-01-16T13:04:48Z</time><speed>0.000</speed><sat>16</sat></trkpt>
  <trkpt lat="10.77414375" lon="106.70472701"><ele>-8.603</ele><time>2025-01-16T13:04:49Z</time><speed>0.000</speed><sat>16</sat></trkpt>
  <trkpt lat="10.77414375" lon="106.70472701"><ele>-8.610</ele><time>2025-01-16T13:04:50Z</time><speed>0.000</speed><sat>17</sat></trkpt>
  <trkpt lat="10.77414375" lon="106.70472701"><ele>-8.488</ele><time>2025-01-16T13:04:51Z</time><speed>0.000</speed><sat>17</sat></trkpt>
  <trkpt lat="10.77414516" lon="106.70472481"><ele>-8.333</ele><time>2025-01-16T13:04:52Z</time><speed>0.552</speed><sat>20</sat></trkpt>
  <trkpt lat="10.77414694" lon="106.70471903"><ele>-8.330</ele><time>2025-01-16T13:04:53Z</time><speed>0.503</speed><sat>19</sat></trkpt>
  <trkpt lat="10.77414777" lon="106.70471317"><ele>-8.160</ele><time>2025-01-16T13:04:54Z</time><speed>0.292</speed><sat>17</sat></trkpt>
  <trkpt lat="10.77415706" lon="106.70470658"><ele>-8.287</ele><time>2025-01-16T13:04:55Z</time><speed>0.411</speed><sat>19</sat></trkpt>
  <trkpt lat="10.77416015" lon="106.70470228"><ele>-8.475</ele><time>2025-01-16T13:04:56Z</time><speed>0.000</speed><sat>19</sat></trkpt>
  <trkpt lat="10.77417495" lon="106.70469873"><ele>-8.560</ele><time>2025-01-16T13:04:57Z</time><speed>0.689</speed><sat>19</sat></trkpt>
  <trkpt lat="10.77418041" lon="106.70468718"><ele>-8.665</ele><time>2025-01-16T13:04:58Z</time><speed>0.796</speed><sat>20</sat></trkpt>
  <trkpt lat="10.77419657" lon="106.70467793"><ele>-8.886</ele><time>2025-01-16T13:04:59Z</time><speed>1.019</speed><sat>17</sat></trkpt>
  <trkpt lat="10.77421030" lon="106.70466594"><ele>-9.103</ele><time>2025-01-16T13:05:00Z</time><speed>0.927</speed><sat>20</sat></trkpt>
  <trkpt lat="10.77422442" lon="106.70465778"><ele>-9.059</ele><time>2025-01-16T13:05:01Z</time><speed>0.986</speed><sat>19</sat></trkpt>
  <trkpt lat="10.77423174" lon="106.70464894"><ele>-9.101</ele><time>2025-01-16T13:05:02Z</time><speed>1.049</speed><sat>18</sat></trkpt>
  <trkpt lat="10.77424033" lon="106.70464391"><ele>-9.515</ele><time>2025-01-16T13:05:03Z</time><speed>1.001</speed><sat>19</sat></trkpt>
  <trkpt lat="10.77425272" lon="106.70464149"><ele>-9.529</ele><time>2025-01-16T13:05:04Z</time><speed>0.403</speed><sat>18</sat></trkpt>
  <trkpt lat="10.77426824" lon="106.70463770"><ele>-9.488</ele><time>2025-01-16T13:05:05Z</time><speed>0.598</speed><sat>18</sat></trkpt>
  <trkpt lat="10.77427835" lon="106.70462609"><ele>-9.110</ele><time>2025-01-16T13:05:06Z</time><speed>0.769</speed><sat>17</sat></trkpt>
  <trkpt lat="10.77428556" lon="106.70461874"><ele>-8.612</ele><time>2025-01-16T13:05:07Z</time><speed>0.618</speed><sat>17</sat></trkpt>
  <trkpt lat="10.77429957" lon="106.70461721"><ele>-8.318</ele><time>2025-01-16T13:05:08Z</time><speed>0.676</speed><sat>20</sat></trkpt>
  <trkpt lat="10.77431640" lon="106.70461296"><ele>-8.294</ele><time>2025-01-16T13:05:09Z</time><speed>0.391</speed><sat>20</sat></trkpt>
  <trkpt lat="10.77432541" lon="106.70461433"><ele>-7.597</ele><time>2025-01-16T13:05:10Z</time><speed>0.000</speed><sat>19</sat></trkpt>
  <trkpt lat="10.77432541" lon="106.70461433"><ele>-7.338</ele><time>2025-01-16T13:05:11Z</time><speed>0.000</speed><sat>19</sat></trkpt>
  <trkpt lat="10.77432541" lon="106.70461433"><ele>-6.645</ele><time>2025-01-16T13:05:12Z</time><speed>0.000</speed><sat>19</sat></trkpt>
  <trkpt lat="10.77432541" lon="106.70461433"><ele>-6.026</ele><time>2025-01-16T13:05:13Z</time><speed>0.000</speed><sat>19</sat></trkpt>
  <trkpt lat="10.77432541" lon="106.70461433"><ele>-5.868</ele><time>2025-01-16T13:05:14Z</time><speed>0.000</speed><sat>17</sat></trkpt>
  <trkpt lat="10.77432541" lon="106.70461433"><ele>-5.873</ele><time>2025-01-16T13:05:15Z</time><speed>0.000</speed><sat>18</sat></trkpt>
  <trkpt lat="10.77432541" lon="106.70461433"><ele>-5.690</ele><time>2025-01-16T13:05:16Z</time><speed>0.000</speed><sat>18</sat></trkpt>
  <trkpt lat="10.77432541" lon="106.70461433"><ele>-5.275</ele><time>2025-01-16T13:05:17Z</time><speed>0.000</speed><sat>16</sat></trkpt>
  <trkpt lat="10.77432541" lon="106.70461433"><ele>-5.354</ele><time>2025-01-16T13:05:18Z</time><speed>0.000</speed><sat>16</sat></trkpt>
  <trkpt lat="10.77432541" lon="106.70461433"><ele>-4.600</ele><time>2025-01-16T13:05:19Z</time><speed>0.000</speed><sat>18</sat></trkpt>
  <trkpt lat="10.77432541" lon="106.70461433"><ele>-3.786</ele><time>2025-01-16T13:05:20Z</time><speed>0.000</speed><sat>16</sat></trkpt>
  <trkpt lat="10.77435238" lon="106.70461690"><ele>-3.571</ele><time>2025-01-16T13:05:21Z</time><speed>0.650</speed><sat>18</sat></trkpt>
  <trkpt lat="10.77434630" lon="106.70460825"><ele>-3.397</ele><time>2025-01-16T13:05:22Z</time><speed>0.549</speed><sat>16</sat></trkpt>
  <trkpt lat="10.77434123" lon="106.70460259"><ele>-3.284</ele><time>2025-01-16T13:05:23Z</time><speed>0.395</speed><sat>17</sat></trkpt>
  <trkpt lat="10.77435206" lon="106.70458841"><ele>-3.369</ele><time>2025-01-16T13:05:24Z</time><speed>0.472</speed><sat>17</sat></trkpt>
  <trkpt lat="10.77436961" lon="106.70457615"><ele>-3.615</ele><time>2025-01-16T13:05:25Z</time><speed>0.672</speed><sat>16</sat></trkpt>
  <trkpt lat="10.77439069" lon="106.70456417"><ele>-4.086</ele><time>2025-01-16T13:05:26Z</time><speed>0.836</speed><sat>12</sat></trkpt>
  <trkpt lat="10.77441208" lon="106.70454741"><ele>-3.678</ele><time>2025-01-16T13:05:27Z</time><speed>0.748</speed><sat>16</sat></trkpt>
  <trkpt lat="10.77442934" lon="106.70454108"><ele>-3.416</ele><time>2025-01-16T13:05:28Z</time><speed>0.878</speed><sat>15</sat></trkpt>
  <trkpt lat="10.77444963" lon="106.70453070"><ele>-2.853</ele><time>2025-01-16T13:05:29Z</time><speed>1.077</speed><sat>16</sat></trkpt>
  <trkpt lat="10.77446365" lon="106.70452648"><ele>-2.360</ele><time>2025-01-16T13:05:30Z</time><speed>1.345</speed><sat>15</sat></trkpt>
  <trkpt lat="10.77447666" lon="106.70452342"><ele>-1.672</ele><time>2025-01-16T13:05:31Z</time><speed>1.125</speed><sat>15</sat></trkpt>
  <trkpt lat="10.77449502" lon="106.70451759"><ele>-1.939</ele><time>2025-01-16T13:05:32Z</time><speed>1.030</speed><sat>14</sat></trkpt>
  <trkpt lat="10.77451463" lon="106.70450826"><ele>-1.916</ele><time>2025-01-16T13:05:33Z</time><speed>0.683</speed><sat>15</sat></trkpt>
  <trkpt lat="10.77452966" lon="106.70450484"><ele>-1.491</ele><time>2025-01-16T13:05:34Z</time><speed>0.597</speed><sat>14</sat></trkpt>
  <trkpt lat="10.77454801" lon="106.70449903"><ele>-0.791</ele><time>2025-01-16T13:05:35Z</time><speed>0.753</speed><sat>17</sat></trkpt>
  <trkpt lat="10.77457457" lon="106.70448206"><ele>0.001</ele><time>2025-01-16T13:05:36Z</time><speed>1.118</speed><sat>17</sat></trkpt>
  <trkpt lat="10.77458650" lon="106.70446762"><ele>0.746</ele><time>2025-01-16T13:05:37Z</time><speed>0.625</speed><sat>18</sat></trkpt>
  <trkpt lat="10.77459067" lon="106.70445863"><ele>2.061</ele><time>2025-01-16T13:05:38Z</time><speed>0.697</speed><sat>19</sat></trkpt>
  <trkpt lat="10.77459998" lon="106.70445206"><ele>2.692</ele><time>2025-01-16T13:05:39Z</time><speed>0.547</speed><sat>20</sat></trkpt>
  <trkpt lat="10.77461617" lon="106.70445443"><ele>4.305</ele><time>2025-01-16T13:05:40Z</time><speed>0.616</speed><sat>20</sat></trkpt>
  <trkpt lat="10.77463175" lon="106.70443823"><ele>5.118</ele><time>2025-01-16T13:05:41Z</time><speed>0.681</speed><sat>19</sat></trkpt>
  <trkpt lat="10.77463915" lon="106.70442568"><ele>5.348</ele><time>2025-01-16T13:05:42Z</time><speed>0.718</speed><sat>19</sat></trkpt>
  <trkpt lat="10.77464244" lon="106.70441022"><ele>5.949</ele><time>2025-01-16T13:05:43Z</time><speed>0.834</speed><sat>20</sat></trkpt>
  <trkpt lat="10.77465646" lon="106.70440351"><ele>5.791</ele><time>2025-01-16T13:05:44Z</time><speed>0.868</speed><sat>19</sat></trkpt>
  <trkpt lat="10.77466317" lon="106.70439793"><ele>4.672</ele><time>2025-01-16T13:05:45Z</time><speed>0.932</speed><sat>23</sat></trkpt>
  <trkpt lat="10.77466838" lon="106.70438764"><ele>5.062</ele><time>2025-01-16T13:05:46Z</time><speed>0.907</speed><sat>24</sat></trkpt>
  <trkpt lat="10.77468398" lon="106.70437989"><ele>5.280</ele><time>2025-01-16T13:05:47Z</time><speed>0.847</speed><sat>23</sat></trkpt>
  <trkpt lat="10.77469479" lon="106.70437318"><ele>5.633</ele><time>2025-01-16T13:05:48Z</time><speed>0.883</speed><sat>24</sat></trkpt>
  <trkpt lat="10.77470226" lon="106.70436754"><ele>5.447</ele><time>2025-01-16T13:05:49Z</time><speed>0.704</speed><sat>21</sat></trkpt>
  <trkpt lat="10.77471258" lon="106.70436159"><ele>5.966</ele><time>2025-01-16T13:05:50Z</time><speed>0.935</speed><sat>23</sat></trkpt>
  <trkpt lat="10.77471696" lon="106.70435508"><ele>6.055</ele><time>2025-01-16T13:05:51Z</time><speed>1.065</speed><sat>20</sat></trkpt>
  <trkpt lat="10.77471859" lon="106.70434572"><ele>6.217</ele><time>2025-01-16T13:05:52Z</time><speed>1.163</speed><sat>17</sat></trkpt>
  <trkpt lat="10.77472165" lon="106.70433826"><ele>6.313</ele><time>2025-01-16T13:05:53Z</time><speed>1.019</speed><sat>17</sat></trkpt>
  <trkpt lat="10.77472602" lon="106.70432916"><ele>5.877</ele><time>2025-01-16T13:05:54Z</time><speed>0.672</speed><sat>20</sat></trkpt>
  <trkpt lat="10.77472566" lon="106.70431299"><ele>6.599</ele><time>2025-01-16T13:05:55Z</time><speed>0.697</speed><sat>20</sat></trkpt>
  <trkpt lat="10.77472877" lon="106.70429183"><ele>7.237</ele><time>2025-01-16T13:05:56Z</time><speed>0.730</speed><sat>20</sat></trkpt>
  <trkpt lat="10.77472422" lon="106.70426970"><ele>8.214</ele><time>2025-01-16T13:05:57Z</time><speed>0.720</speed><sat>20</sat></trkpt>
  <trkpt lat="10.77472765" lon="106.70426104"><ele>8.034</ele><time>2025-01-16T13:05:58Z</time><speed>0.000</speed><sat>16</sat></trkpt>
  <trkpt lat="10.77472230" lon="106.70424475"><ele>8.720</ele><time>2025-01-16T13:05:59Z</time><speed>0.504</speed><sat>19</sat></trkpt>
  <trkpt lat="10.77472511" lon="106.70422327"><ele>9.695</ele><time>2025-01-16T13:06:00Z</time><speed>0.584</speed><sat>19</sat></trkpt>
  <trkpt lat="10.77472418" lon="106.70421513"><ele>11.014</ele><time>2025-01-16T13:06:01Z</time><speed>0.696</speed><sat>19</sat></trkpt>
  <trkpt lat="10.77472169" lon="106.70421266"><ele>12.260</ele><time>2025-01-16T13:06:02Z</time><speed>1.091</speed><sat>20</sat></trkpt>
  <trkpt lat="10.77473524" lon="106.70420564"><ele>14.890</ele><time>2025-01-16T13:06:03Z</time><speed>0.457</speed><sat>21</sat></trkpt>
  <trkpt lat="10.77472996" lon="106.70420719"><ele>16.304</ele><time>2025-01-16T13:06:04Z</time><speed>0.312</speed><sat>22</sat></trkpt>
  <trkpt lat="10.77471866" lon="106.70422840"><ele>14.631</ele><time>2025-01-16T13:06:05Z</time><speed>0.000</speed><sat>21</sat></trkpt>
  <trkpt lat="10.77470891" lon="106.70424150"><ele>14.360</ele><time>2025-01-16T13:06:06Z</time><speed>0.454</speed><sat>21</sat></trkpt>
  <trkpt lat="10.77469422" lon="106.70425081"><ele>14.922</ele><time>2025-01-16T13:06:07Z</time><speed>0.000</speed><sat>18</sat></trkpt>
  <trkpt lat="10.77469422" lon="106.70425081"><ele>15.705</ele><time>2025-01-16T13:06:08Z</time><speed>0.000</speed><sat>20</sat></trkpt>
  <trkpt lat="10.77469422" lon="106.70425081"><ele>16.934</ele><time>2025-01-16T13:06:09Z</time><speed>0.000</speed><sat>20</sat></trkpt>
  <trkpt lat="10.77469422" lon="106.70425081"><ele>17.598</ele><time>2025-01-16T13:06:10Z</time><speed>0.000</speed><sat>20</sat></trkpt>
  <trkpt lat="10.77469422" lon="106.70425081"><ele>18.327</ele><time>2025-01-16T13:06:11Z</time><speed>0.000</speed><sat>18</sat></trkpt>
  <trkpt lat="10.77469422" lon="106.70425081"><ele>19.565</ele><time>2025-01-16T13:06:12Z</time><speed>0.000</speed><sat>19</sat></trkpt>
  <trkpt lat="10.77469422" lon="106.70425081"><ele>19.725</ele><time>2025-01-16T13:06:13Z</time><speed>0.000</speed><sat>19</sat></trkpt>
  <trkpt lat="10.77469422" lon="106.70425081"><ele>20.020</ele><time>2025-01-16T13:06:14Z</time><speed>0.000</speed><sat>19</sat></trkpt>
  <trkpt lat="10.77469422" lon="106.70425081"><ele>19.973</ele><time>2025-01-16T13:06:15Z</time><speed>0.000</speed><sat>20</sat></trkpt>
  <trkpt lat="10.77468126" lon="106.70426814"><ele>19.910</ele><time>2025-01-16T13:06:16Z</time><speed>0.675</speed><sat>17</sat></trkpt>
  <trkpt lat="10.77469841" lon="106.70426204"><ele>20.117</ele><time>2025-01-16T13:06:17Z</time><speed>0.876</speed><sat>20</sat></trkpt>
  <trkpt lat="10.77472055" lon="106.70425530"><ele>20.573</ele><time>2025-01-16T13:06:18Z</time><speed>0.816</speed><sat>19</sat></trkpt>
  <trkpt lat="10.77474660" lon="106.70425923"><ele>20.172</ele><time>2025-01-16T13:06:19Z</time><speed>0.488</speed><sat>18</sat></trkpt>
  <trkpt lat="10.77477333" lon="106.70426296"><ele>19.802</ele><time>2025-01-16T13:06:20Z</time><speed>0.942</speed><sat>17</sat></trkpt>
  <trkpt lat="10.77480348" lon="106.70425922"><ele>18.834</ele><time>2025-01-16T13:06:21Z</time><speed>0.897</speed><sat>20</sat></trkpt>
  <trkpt lat="10.77482898" lon="106.70425535"><ele>17.809</ele><time>2025-01-16T13:06:22Z</time><speed>0.000</speed><sat>19</sat></trkpt>
  <trkpt lat="10.77482898" lon="106.70425535"><ele>16.716</ele><time>2025-01-16T13:06:23Z</time><speed>0.000</speed><sat>18</sat></trkpt>
  <trkpt lat="10.77486388" lon="106.70426431"><ele>16.361</ele><time>2025-01-16T13:06:24Z</time><speed>0.378</speed><sat>18</sat></trkpt>
  <trkpt lat="10.77488322" lon="106.70426516"><ele>16.117</ele><time>2025-01-16T13:06:25Z</time><speed>0.397</speed><sat>18</sat></trkpt>
  <trkpt lat="10.77491312" lon="106.70426742"><ele>16.178</ele><time>2025-01-16T13:06:26Z</time><speed>0.927</speed><sat>16</sat></trkpt>
  <trkpt lat="10.77492960" lon="106.70427388"><ele>16.246</ele><time>2025-01-16T13:06:27Z</time><speed>0.859</speed><sat>14</sat></trkpt>
  <trkpt lat="10.77493544" lon="106.70428080"><ele>15.813</ele><time>2025-01-16T13:06:28Z</time><speed>0.548</speed><sat>16</sat></trkpt>
  <trkpt lat="10.77493993" lon="106.70428552"><ele>15.244</ele><time>2025-01-16T13:06:29Z</time><speed>0.000</speed><sat>15</sat></trkpt>
  <trkpt lat="10.77493993" lon="106.70428552"><ele>14.629</ele><time>2025-01-16T13:06:30Z</time><speed>0.000</speed><sat>14</sat></trkpt>
  <trkpt lat="10.77493993" lon="106.70428552"><ele>15.324</ele><time>2025-01-16T13:06:31Z</time><speed>0.000</speed><sat>13</sat></trkpt>
  <trkpt lat="10.77493993" lon="106.70428552"><ele>15.093</ele><time>2025-01-16T13:06:32Z</time><speed>0.000</speed><sat>12</sat></trkpt>
  <trkpt lat="10.77493993" lon="106.70428552"><ele>14.919</ele><time>2025-01-16T13:06:33Z</time><speed>0.000</speed><sat>12</sat></trkpt>
  <trkpt lat="10.77493993" lon="106.70428552"><ele>14.664</ele><time>2025-01-16T13:06:34Z</time><speed>0.000</speed><sat>10</sat></trkpt>
  <trkpt lat="10.77493993" lon="106.70428552"><ele>14.447</ele><time>2025-01-16T13:06:35Z</time><speed>0.000</speed><sat>6</sat></trkpt>
  <trkpt lat="10.77493993" lon="106.70428552"><ele>14.192</ele><time>2025-01-16T13:06:36Z</time><speed>0.000</speed><sat>4</sat></trkpt>
  <trkpt lat="10.77485994" lon="106.70521273"><ele>8.254</ele><time>2025-01-16T13:08:49Z</time><speed>0.000</speed><sat>5</sat></trkpt>
  <trkpt lat="10.77492501" lon="106.70510082"><ele>7.137</ele><time>2025-01-16T13:08:50Z</time><speed>1.045</speed><sat>5</sat></trkpt>
  <trkpt lat="10.77482075" lon="106.70520371"><ele>4.037</ele><time>2025-01-16T13:09:01Z</time><speed>0.000</speed><sat>6</sat></trkpt>
  <trkpt lat="10.77473761" lon="106.70513337"><ele>-6.162</ele><time>2025-01-16T13:09:07Z</time><speed>1.077</speed><sat>6</sat></trkpt>
  <trkpt lat="10.77474728" lon="106.70516082"><ele>-4.569</ele><time>2025-01-16T13:09:08Z</time><speed>0.779</speed><sat>6</sat></trkpt>
  <trkpt lat="10.77476150" lon="106.70516955"><ele>-2.043</ele><time>2025-01-16T13:09:09Z</time><speed>0.950</speed><sat>6</sat></trkpt>
  <trkpt lat="10.77475671" lon="106.70518009"><ele>0.256</ele><time>2025-01-16T13:09:10Z</time><speed>0.950</speed><sat>5</sat></trkpt>
  <trkpt lat="10.77474207" lon="106.70518054"><ele>2.803</ele><time>2025-01-16T13:09:11Z</time><speed>2.225</speed><sat>5</sat></trkpt>
  <trkpt lat="10.77471020" lon="106.70518545"><ele>3.591</ele><time>2025-01-16T13:09:12Z</time><speed>2.225</speed><sat>5</sat></trkpt>
  <trkpt lat="10.77468340" lon="106.70519241"><ele>4.464</ele><time>2025-01-16T13:09:13Z</time><speed>2.567</speed><sat>5</sat></trkpt>
  <trkpt lat="10.77466801" lon="106.70520695"><ele>4.492</ele><time>2025-01-16T13:09:14Z</time><speed>1.989</speed><sat>5</sat></trkpt>
  <trkpt lat="10.77465245" lon="106.70521247"><ele>5.610</ele><time>2025-01-16T13:09:15Z</time><speed>1.866</speed><sat>5</sat></trkpt>
  <trkpt lat="10.77463949" lon="106.70521455"><ele>7.159</ele><time>2025-01-16T13:09:16Z</time><speed>1.866</speed><sat>4</sat></trkpt>
  <trkpt lat="10.77463290" lon="106.70521422"><ele>7.943</ele><time>2025-01-16T13:09:17Z</time><speed>1.285</speed><sat>4</sat></trkpt>
  <trkpt lat="10.77463062" lon="106.70521930"><ele>8.192</ele><time>2025-01-16T13:09:18Z</time><speed>0.000</speed><sat>4</sat></trkpt>
  <trkpt lat="10.77463062" lon="106.70521930"><ele>9.245</ele><time>2025-01-16T13:09:19Z</time><speed>0.000</speed><sat>5</sat></trkpt>
  <trkpt lat="10.77436017" lon="106.70548046"><ele>2.793</ele><time>2025-01-16T13:10:31Z</time><speed>0.000</speed><sat>5</sat></trkpt>
  <trkpt lat="10.77436017" lon="106.70548046"><ele>2.391</ele><time>2025-01-16T13:10:32Z</time><speed>0.000</speed><sat>5</sat></trkpt>
  <trkpt lat="10.77436017" lon="106.70548046"><ele>2.324</ele><time>2025-01-16T13:10:33Z</time><speed>0.000</speed><sat>5</sat></trkpt>
  <trkpt lat="10.77436017" lon="106.70548046"><ele>2.123</ele><time>2025-01-16T13:10:34Z</time><speed>0.000</speed><sat>5</sat></trkpt>
  <trkpt lat="10.77436017" lon="106.70548046"><ele>2.807</ele><time>2025-01-16T13:10:35Z</time><speed>0.000</speed><sat>5</sat></trkpt>
  <trkpt lat="10.77436017" lon="106.70548046"><ele>2.806</ele><time>2025-01-16T13:10:36Z</time><speed>0.000</speed><sat>5</sat></trkpt>
  <trkpt lat="10.77436869" lon="106.70538568"><ele>2.828</ele><time>2025-01-16T13:10:37Z</time><speed>0.000</speed><sat>5</sat></trkpt>
  <trkpt lat="10.77436869" lon="106.70538568"><ele>2.607</ele><time>2025-01-16T13:10:38Z</time><speed>0.000</speed><sat>5</sat></trkpt>
  <trkpt lat="10.77436869" lon="106.70538568"><ele>2.507</ele><time>2025-01-16T13:10:39Z</time><speed>0.000</speed><sat>5</sat></trkpt>
  <trkpt lat="10.77436869" lon="106.70538568"><ele>2.288</ele><time>2025-01-16T13:10:40Z</time><speed>0.000</speed><sat>5</sat></trkpt>
  <trkpt lat="10.77436869" lon="106.70538568"><ele>1.777</ele><time>2025-01-16T13:10:41Z</time><speed>0.000</speed><sat>5</sat></trkpt>
  <trkpt lat="10.77436869" lon="106.70538568"><ele>1.471</ele><time>2025-01-16T13:10:42Z</time><speed>0.000</speed><sat>5</sat></trkpt>
  <trkpt lat="10.77436869" lon="106.70538568"><ele>1.238</ele><time>2025-01-16T13:10:43Z</time><speed>0.000</speed><sat>5</sat></trkpt>
  <trkpt lat="10.77436869" lon="106.70538568"><ele>0.993</ele><time>2025-01-16T13:10:44Z</time><speed>0.000</speed><sat>5</sat></trkpt>
  <trkpt lat="10.77456943" lon="106.70530779"><ele>7.769</ele><time>2025-01-16T13:11:45Z</time><speed>0.000</speed><sat>5</sat></trkpt>
  <trkpt lat="10.77456946" lon="106.70530774"><ele>7.493</ele><time>2025-01-16T13:11:46Z</time><speed>0.000</speed><sat>5</sat></trkpt>
  <trkpt lat="10.77456951" lon="106.70530775"><ele>7.363</ele><time>2025-01-16T13:11:47Z</time><speed>0.000</speed><sat>6</sat></trkpt>
  <trkpt lat="10.77456957" lon="106.70530777"><ele>7.343</ele><time>2025-01-16T13:11:48Z</time><speed>0.000</speed><sat>5</sat></trkpt>
  <trkpt lat="10.77489731" lon="106.70475021"><ele>5.511</ele><time>2025-01-16T13:13:30Z</time><speed>0.000</speed><sat>4</sat></trkpt>
  <trkpt lat="10.77488141" lon="106.70485290"><ele>5.732</ele><time>2025-01-16T13:13:31Z</time><speed>0.000</speed><sat>5</sat></trkpt>
  <trkpt lat="10.77488141" lon="106.70485290"><ele>5.154</ele><time>2025-01-16T13:13:38Z</time><speed>0.000</speed><sat>5</sat></trkpt>
  <trkpt lat="10.77488141" lon="106.70485290"><ele>5.264</ele><time>2025-01-16T13:13:39Z</time><speed>0.000</speed><sat>5</sat></trkpt>
  <trkpt lat="10.77488141" lon="106.70485290"><ele>5.424</ele><time>2025-01-16T13:13:40Z</time><speed>0.000</speed><sat>5</sat></trkpt>
  <trkpt lat="10.77488141" lon="106.70485290"><ele>5.413</ele><time>2025-01-16T13:13:41Z</time><speed>0.000</speed><sat>5</sat></trkpt>
  <trkpt lat="10.77488141" lon="106.70485290"><ele>5.443</ele><time>2025-01-16T13:13:42Z</time><speed>0.000</speed><sat>5</sat></trkpt>
  <trkpt lat="10.77492466" lon="106.70494910"><ele>5.506</ele><time>2025-01-16T13:13:43Z</time><speed>0.000</speed><sat>5</sat></trkpt>
  <trkpt lat="10.77492466" lon="106.70494910"><ele>5.974</ele><time>2025-01-16T13:13:47Z</time><speed>0.000</speed><sat>5</sat></trkpt>
  <trkpt lat="10.77492466" lon="106.70494910"><ele>6.286</ele><time>2025-01-16T13:13:48Z</time><speed>0.000</speed><sat>5</sat></trkpt>
  <trkpt lat="10.77492466" lon="106.70494910"><ele>6.255</ele><time>2025-01-16T13:13:49Z</time><speed>0.000</speed><sat>5</sat></trkpt>
  <trkpt lat="10.77492466" lon="106.70494910"><ele>6.173</ele><time>2025-01-16T13:13:50Z</time><speed>0.000</speed><sat>5</sat></trkpt>
  <trkpt lat="10.77492466" lon="106.70494910"><ele>6.159</ele><time>2025-01-16T13:13:51Z</time><speed>0.000</speed><sat>5</sat></trkpt>
  <trkpt lat="10.77492466" lon="106.70494910"><ele>6.183</ele><time>2025-01-16T13:13:52Z</time><speed>0.000</speed><sat>5</sat></trkpt>
  <trkpt lat="10.77492466" lon="106.70494910"><ele>6.191</ele><time>2025-01-16T13:13:53Z</time><speed>0.000</speed><sat>5</sat></trkpt>
  <trkpt lat="10.77496034" lon="106.70475468"><ele>5.859</ele><time>2025-01-16T13:14:15Z</time><speed>0.000</speed><sat>5</sat></trkpt>
  <trkpt lat="10.77496034" lon="106.70475468"><ele>5.511</ele><time>2025-01-16T13:14:16Z</time><speed>0.000</speed><sat>5</sat></trkpt>
  <trkpt lat="10.77496034" lon="106.70475468"><ele>5.112</ele><time>2025-01-16T13:14:17Z</time><speed>0.000</speed><sat>5</sat></trkpt>
  <trkpt lat="10.77496034" lon="106.70475468"><ele>4.721</ele><time>2025-01-16T13:14:18Z</time><speed>0.000</speed><sat>5</sat></trkpt>
  <trkpt lat="10.77496034" lon="106.70475468"><ele>5.172</ele><time>2025-01-16T13:14:19Z</time><speed>0.000</speed><sat>5</sat></trkpt>
  <trkpt lat="10.77496034" lon="106.70475468"><ele>5.917</ele><time>2025-01-16T13:14:21Z</time><speed>0.000</speed><sat>5</sat></trkpt>
  <trkpt lat="10.77496034" lon="106.70475468"><ele>6.180</ele><time>2025-01-16T13:14:22Z</time><speed>0.000</speed><sat>5</sat></trkpt>
  <trkpt lat="10.77496034" lon="106.70475468"><ele>6.522</ele><time>2025-01-16T13:14:23Z</time><speed>0.000</speed><sat>5</sat></trkpt>
  <trkpt lat="10.77496034" lon="106.70475468"><ele>7.242</ele><time>2025-01-16T13:14:24Z</time><speed>0.000</speed><sat>5</sat></trkpt>
  <trkpt lat="10.77496034" lon="106.70475468"><ele>6.923</ele><time>2025-01-16T13:14:25Z</time><speed>0.000</speed><sat>5</sat></trkpt>
  <trkpt lat="10.77496034" lon="106.70475468"><ele>7.029</ele><time>2025-01-16T13:14:26Z</time><speed>0.000</speed><sat>5</sat></trkpt>
  <trkpt lat="10.77496034" lon="106.70475468"><ele>7.289</ele><time>2025-01-16T13:14:27Z</time><speed>0.000</speed><sat>5</sat></trkpt>
  <trkpt lat="10.77496034" lon="106.70475468"><ele>7.575</ele><time>2025-01-16T13:14:28Z</time><speed>0.000</speed><sat>5</sat></trkpt>
  <trkpt lat="10.77504090" lon="106.70467809"><ele>8.413</ele><time>2025-01-16T13:14:29Z</time><speed>0.000</speed><sat>5</sat></trkpt>
  <trkpt lat="10.77504090" lon="106.70467809"><ele>8.937</ele><time>2025-01-16T13:14:30Z</time><speed>0.000</speed><sat>5</sat></trkpt>
  <trkpt lat="10.77504090" lon="106.70467809"><ele>9.383</ele><time>2025-01-16T13:14:31Z</time><speed>0.000</speed><sat>5</sat></trkpt>
  <trkpt lat="10.77504090" lon="106.70467809"><ele>9.351</ele><time>2025-01-16T13:14:32Z</time><speed>0.000</speed><sat>5</sat></trkpt>
  <trkpt lat="10.77504090" lon="106.70467809"><ele>9.492</ele><time>2025-01-16T13:14:33Z</time><speed>0.000</speed><sat>5</sat></trkpt>
  <trkpt lat="10.77504090" lon="106.70467809"><ele>9.734</ele><time>2025-01-16T13:14:34Z</time><speed>0.000</speed><sat>5</sat></trkpt>
  <trkpt lat="10.77504090" lon="106.70467809"><ele>9.444</ele><time>2025-01-16T13:14:35Z</time><speed>0.000</speed><sat>5</sat></trkpt>
  <trkpt lat="10.77504090" lon="106.70467809"><ele>8.872</ele><time>2025-01-16T13:14:36Z</time><speed>0.000</speed><sat>5</sat></trkpt>
  <trkpt lat="10.77504090" lon="106.70467809"><ele>8.547</ele><time>2025-01-16T13:14:37Z</time><speed>0.000</speed><sat>5</sat></trkpt>
  <trkpt lat="10.77504090" lon="106.70467809"><ele>8.481</ele><time>2025-01-16T13:14:38Z</time><speed>0.000</speed><sat>5</sat></trkpt>
  <trkpt lat="10.77504090" lon="106.70467809"><ele>8.980</ele><time>2025-01-16T13:14:39Z</time><speed>0.000</speed><sat>5</sat></trkpt>
  <trkpt lat="10.77504090" lon="106.70467809"><ele>9.188</ele><time>2025-01-16T13:14:40Z</time><speed>0.000</speed><sat>5</sat></trkpt>
  <trkpt lat="10.77507701" lon="106.70458658"><ele>9.803</ele><time>2025-01-16T13:14:41Z</time><speed>0.000</speed><sat>5</sat></trkpt>
  <trkpt lat="10.77430836" lon="106.70551185"><ele>60.497</ele><time>2025-01-16T13:15:35Z</time><speed>2.080</speed><sat>5</sat></trkpt>
  <trkpt lat="10.77430774" lon="106.70551052"><ele>56.820</ele><time>2025-01-16T13:15:36Z</time><speed>3.088</speed><sat>5</sat></trkpt>
  <trkpt lat="10.77430626" lon="106.70553454"><ele>54.060</ele><time>2025-01-16T13:15:37Z</time><speed>3.088</speed><sat>5</sat></trkpt>
  <trkpt lat="10.77434078" lon="106.70548994"><ele>51.881</ele><time>2025-01-16T13:15:38Z</time><speed>2.894</speed><sat>6</sat></trkpt>
  <trkpt lat="10.77436037" lon="106.70549884"><ele>49.781</ele><time>2025-01-16T13:15:39Z</time><speed>2.540</speed><sat>5</sat></trkpt>
  <trkpt lat="10.77435329" lon="106.70548417"><ele>47.295</ele><time>2025-01-16T13:15:41Z</time><speed>0.000</speed><sat>6</sat></trkpt>
  <trkpt lat="10.77435296" lon="106.70548410"><ele>45.614</ele><time>2025-01-16T13:15:42Z</time><speed>0.000</speed><sat>6</sat></trkpt>
  <trkpt lat="10.77435274" lon="106.70548409"><ele>44.028</ele><time>2025-01-16T13:15:43Z</time><speed>0.000</speed><sat>6</sat></trkpt>
  <trkpt lat="10.77435259" lon="106.70548399"><ele>42.357</ele><time>2025-01-16T13:15:44Z</time><speed>0.000</speed><sat>7</sat></trkpt>
  <trkpt lat="10.77434377" lon="106.70548242"><ele>40.802</ele><time>2025-01-16T13:15:45Z</time><speed>0.000</speed><sat>7</sat></trkpt>
  <trkpt lat="10.77433468" lon="106.70547783"><ele>39.407</ele><time>2025-01-16T13:15:46Z</time><speed>0.000</speed><sat>7</sat></trkpt>
  <trkpt lat="10.77432556" lon="106.70549348"><ele>38.325</ele><time>2025-01-16T13:15:47Z</time><speed>0.000</speed><sat>7</sat></trkpt>
  <trkpt lat="10.77432549" lon="106.70549361"><ele>37.366</ele><time>2025-01-16T13:15:48Z</time><speed>0.000</speed><sat>7</sat></trkpt>
  <trkpt lat="10.77432452" lon="106.70549491"><ele>36.446</ele><time>2025-01-16T13:15:49Z</time><speed>0.000</speed><sat>7</sat></trkpt>
  <trkpt lat="10.77432406" lon="106.70549576"><ele>35.700</ele><time>2025-01-16T13:15:50Z</time><speed>0.000</speed><sat>7</sat></trkpt>
  <trkpt lat="10.77432336" lon="106.70549618"><ele>34.709</ele><time>2025-01-16T13:15:51Z</time><speed>0.000</speed><sat>5</sat></trkpt>
  <trkpt lat="10.77432332" lon="106.70549618"><ele>33.776</ele><time>2025-01-16T13:15:52Z</time><speed>0.000</speed><sat>5</sat></trkpt>
  <trkpt lat="10.77432327" lon="106.70549612"><ele>32.904</ele><time>2025-01-16T13:15:53Z</time><speed>0.000</speed><sat>5</sat></trkpt>
  <trkpt lat="10.77432324" lon="106.70549606"><ele>32.059</ele><time>2025-01-16T13:15:54Z</time><speed>0.000</speed><sat>5</sat></trkpt>
  <trkpt lat="10.77432319" lon="106.70549602"><ele>31.297</ele><time>2025-01-16T13:15:55Z</time><speed>0.000</speed><sat>5</sat></trkpt>
  <trkpt lat="10.77432315" lon="106.70549594"><ele>30.581</ele><time>2025-01-16T13:15:56Z</time><speed>0.000</speed><sat>5</sat></trkpt>
  <trkpt lat="10.77432309" lon="106.70549584"><ele>29.934</ele><time>2025-01-16T13:15:57Z</time><speed>0.000</speed><sat>5</sat></trkpt>
  <trkpt lat="10.77432305" lon="106.70549575"><ele>29.316</ele><time>2025-01-16T13:15:58Z</time><speed>0.000</speed><sat>5</sat></trkpt>
  <trkpt lat="10.77432305" lon="106.70549568"><ele>28.690</ele><time>2025-01-16T13:15:59Z</time><speed>0.000</speed><sat>5</sat></trkpt>
  <trkpt lat="10.77432305" lon="106.70549560"><ele>28.096</ele><time>2025-01-16T13:16:00Z</time><speed>0.000</speed><sat>5</sat></trkpt>
  <trkpt lat="10.77431249" lon="106.70547525"><ele>26.349</ele><time>2025-01-16T13:16:03Z</time><speed>0.000</speed><sat>5</sat></trkpt>
  <trkpt lat="10.77431255" lon="106.70547516"><ele>25.808</ele><time>2025-01-16T13:16:04Z</time><speed>0.000</speed><sat>5</sat></trkpt>
  <trkpt lat="10.77432085" lon="106.70546870"><ele>25.295</ele><time>2025-01-16T13:16:05Z</time><speed>0.000</speed><sat>5</sat></trkpt>
  <trkpt lat="10.77432091" lon="106.70546861"><ele>24.752</ele><time>2025-01-16T13:16:06Z</time><speed>0.000</speed><sat>5</sat></trkpt>
  <trkpt lat="10.77432098" lon="106.70546850"><ele>24.249</ele><time>2025-01-16T13:16:07Z</time><speed>0.000</speed><sat>5</sat></trkpt>
  <trkpt lat="10.77432082" lon="106.70544779"><ele>22.851</ele><time>2025-01-16T13:16:10Z</time><speed>0.000</speed><sat>5</sat></trkpt>
  <trkpt lat="10.77432088" lon="106.70544773"><ele>22.449</ele><time>2025-01-16T13:16:11Z</time><speed>0.000</speed><sat>5</sat></trkpt>
  <trkpt lat="10.77434244" lon="106.70546324"><ele>21.985</ele><time>2025-01-16T13:16:14Z</time><speed>0.000</speed><sat>5</sat></trkpt>
  <trkpt lat="10.77435448" lon="106.70547672"><ele>21.893</ele><time>2025-01-16T13:16:15Z</time><speed>0.000</speed><sat>5</sat></trkpt>
  <trkpt lat="10.77436390" lon="106.70547812"><ele>21.719</ele><time>2025-01-16T13:16:16Z</time><speed>0.000</speed><sat>5</sat></trkpt>
  <trkpt lat="10.77437257" lon="106.70547799"><ele>21.202</ele><time>2025-01-16T13:16:17Z</time><speed>0.000</speed><sat>5</sat></trkpt>
  <trkpt lat="10.77437700" lon="106.70545520"><ele>21.421</ele><time>2025-01-16T13:16:18Z</time><speed>0.000</speed><sat>5</sat></trkpt>
  <trkpt lat="10.77438096" lon="106.70542858"><ele>21.635</ele><time>2025-01-16T13:16:19Z</time><speed>0.000</speed><sat>5</sat></trkpt>
  <trkpt lat="10.77438130" lon="106.70542815"><ele>16.666</ele><time>2025-01-16T13:16:20Z</time><speed>0.000</speed><sat>6</sat></trkpt>
  <trkpt lat="10.77438200" lon="106.70542731"><ele>18.206</ele><time>2025-01-16T13:16:21Z</time><speed>0.688</speed><sat>6</sat></trkpt>
  <trkpt lat="10.77438243" lon="106.70542678"><ele>18.538</ele><time>2025-01-16T13:16:22Z</time><speed>0.496</speed><sat>6</sat></trkpt>
  <trkpt lat="10.77438262" lon="106.70542654"><ele>18.210</ele><time>2025-01-16T13:16:23Z</time><speed>0.000</speed><sat>5</sat></trkpt>
  <trkpt lat="10.77438262" lon="106.70542654"><ele>17.797</ele><time>2025-01-16T13:16:24Z</time><speed>0.000</speed><sat>5</sat></trkpt>
  <trkpt lat="10.77438262" lon="106.70542654"><ele>17.364</ele><time>2025-01-16T13:16:25Z</time><speed>0.000</speed><sat>5</sat></trkpt>
  <trkpt lat="10.77438262" lon="106.70542654"><ele>17.060</ele><time>2025-01-16T13:16:26Z</time><speed>0.000</speed><sat>4</sat></trkpt>
  <trkpt lat="10.77438262" lon="106.70542654"><ele>16.477</ele><time>2025-01-16T13:16:27Z</time><speed>0.000</speed><sat>5</sat></trkpt>
  <trkpt lat="10.77438262" lon="106.70542654"><ele>16.003</ele><time>2025-01-16T13:16:28Z</time><speed>0.000</speed><sat>5</sat></trkpt>
  <trkpt lat="10.77438262" lon="106.70542654"><ele>15.597</ele><time>2025-01-16T13:16:29Z</time><speed>0.000</speed><sat>5</sat></trkpt>
  <trkpt lat="10.77438262" lon="106.70542654"><ele>15.343</ele><time>2025-01-16T13:16:30Z</time><speed>0.000</speed><sat>6</sat></trkpt>
  <trkpt lat="10.77438262" lon="106.70542654"><ele>15.054</ele><time>2025-01-16T13:16:31Z</time><speed>0.000</speed><sat>5</sat></trkpt>
  <trkpt lat="10.77438262" lon="106.70542654"><ele>14.760</ele><time>2025-01-16T13:16:32Z</time><speed>0.000</speed><sat>5</sat></trkpt>
  <trkpt lat="10.77438262" lon="106.70542654"><ele>14.522</ele><time>2025-01-16T13:16:33Z</time><speed>0.000</speed><sat>5</sat></trkpt>
  <trkpt lat="10.77438262" lon="106.70542654"><ele>14.243</ele><time>2025-01-16T13:16:34Z</time><speed>0.000</speed><sat>5</sat></trkpt>
  <trkpt lat="10.77438262" lon="106.70542654"><ele>13.907</ele><time>2025-01-16T13:16:35Z</time><speed>0.000</speed><sat>5</sat></trkpt>
  <trkpt lat="10.77445673" lon="106.70536158"><ele>12.559</ele><time>2025-01-16T13:16:38Z</time><speed>0.000</speed><sat>5</sat></trkpt>
  <trkpt lat="10.77445673" lon="106.70536158"><ele>12.094</ele><time>2025-01-16T13:16:39Z</time><speed>0.000</speed><sat>5</sat></trkpt>
  <trkpt lat="10.77445673" lon="106.70536158"><ele>11.639</ele><time>2025-01-16T13:16:40Z</time><speed>0.000</speed><sat>5</sat></trkpt>
  <trkpt lat="10.77445673" lon="106.70536158"><ele>11.149</ele><time>2025-01-16T13:16:41Z</time><speed>0.000</speed><sat>5</sat></trkpt>
  <trkpt lat="10.77445673" lon="106.70536158"><ele>10.202</ele><time>2025-01-16T13:16:43Z</time><speed>0.000</speed><sat>5</sat></trkpt>
  <trkpt lat="10.77461381" lon="106.70508227"><ele>19.629</ele><time>2025-01-16T13:16:55Z</time><speed>0.000</speed><sat>6</sat></trkpt>
  <trkpt lat="10.77461381" lon="106.70508227"><ele>19.152</ele><time>2025-01-16T13:16:56Z</time><speed>0.000</speed><sat>6</sat></trkpt>
  <trkpt lat="10.77461381" lon="106.70508227"><ele>18.754</ele><time>2025-01-16T13:16:57Z</time><speed>0.000</speed><sat>6</sat></trkpt>
  <trkpt lat="10.77461381" lon="106.70508227"><ele>18.318</ele><time>2025-01-16T13:16:58Z</time><speed>0.000</speed><sat>6</sat></trkpt>
  <trkpt lat="10.77461381" lon="106.70508227"><ele>18.000</ele><time>2025-01-16T13:16:59Z</time><speed>0.000</speed><sat>6</sat></trkpt>
  <trkpt lat="10.77461381" lon="106.70508227"><ele>17.964</ele><time>2025-01-16T13:17:00Z</time><speed>0.000</speed><sat>5</sat></trkpt>
  <trkpt lat="10.77461381" lon="106.70508227"><ele>17.660</ele><time>2025-01-16T13:17:01Z</time><speed>0.000</speed><sat>5</sat></trkpt>
  <trkpt lat="10.77461381" lon="106.70508227"><ele>17.488</ele><time>2025-01-16T13:17:02Z</time><speed>0.000</speed><sat>5</sat></trkpt>
  <trkpt lat="10.77461381" lon="106.70508227"><ele>17.331</ele><time>2025-01-16T13:17:03Z</time><speed>0.000</speed><sat>5</sat></trkpt>
  <trkpt lat="10.77461381" lon="106.70508227"><ele>17.171</ele><time>2025-01-16T13:17:04Z</time><speed>0.000</speed><sat>5</sat></trkpt>
  <trkpt lat="10.77468969" lon="106.70503197"><ele>16.926</ele><time>2025-01-16T13:17:05Z</time><speed>0.000</speed><sat>5</sat></trkpt>
  <trkpt lat="10.77468969" lon="106.70503197"><ele>16.601</ele><time>2025-01-16T13:17:06Z</time><speed>0.000</speed><sat>6</sat></trkpt>
  <trkpt lat="10.77468969" lon="106.70503197"><ele>16.191</ele><time>2025-01-16T13:17:07Z</time><speed>0.000</speed><sat>6</sat></trkpt>
  <trkpt lat="10.77468969" lon="106.70503197"><ele>15.865</ele><time>2025-01-16T13:17:08Z</time><speed>0.000</speed><sat>6</sat></trkpt>
  <trkpt lat="10.77468969" lon="106.70503197"><ele>15.731</ele><time>2025-01-16T13:17:09Z</time><speed>0.000</speed><sat>6</sat></trkpt>
  <trkpt lat="10.77468969" lon="106.70503197"><ele>15.682</ele><time>2025-01-16T13:17:10Z</time><speed>0.000</speed><sat>5</sat></trkpt>
  <trkpt lat="10.77468969" lon="106.70503197"><ele>15.572</ele><time>2025-01-16T13:17:11Z</time><speed>0.000</speed><sat>5</sat></trkpt>
  <trkpt lat="10.77468969" lon="106.70503197"><ele>15.561</ele><time>2025-01-16T13:17:12Z</time><speed>0.000</speed><sat>5</sat></trkpt>
  <trkpt lat="10.77468969" lon="106.70503197"><ele>15.294</ele><time>2025-01-16T13:17:13Z</time><speed>0.000</speed><sat>5</sat></trkpt>
  <trkpt lat="10.77468969" lon="106.70503197"><ele>15.126</ele><time>2025-01-16T13:17:14Z</time><speed>0.000</speed><sat>5</sat></trkpt>
  <trkpt lat="10.77468969" lon="106.70503197"><ele>15.024</ele><time>2025-01-16T13:17:15Z</time><speed>0.000</speed><sat>5</sat></trkpt>
  <trkpt lat="10.77468969" lon="106.70503197"><ele>14.948</ele><time>2025-01-16T13:17:16Z</time><speed>0.000</speed><sat>5</sat></trkpt>
  <trkpt lat="10.77468969" lon="106.70503197"><ele>14.971</ele><time>2025-01-16T13:17:17Z</time><speed>0.000</speed><sat>5</sat></trkpt>
  <trkpt lat="10.77468969" lon="106.70503197"><ele>15.050</ele><time>2025-01-16T13:17:18Z</time><speed>0.000</speed><sat>5</sat></trkpt>
  <trkpt lat="10.77468969" lon="106.70503197"><ele>15.066</ele><time>2025-01-16T13:17:19Z</time><speed>0.000</speed><sat>5</sat></trkpt>
  <trkpt lat="10.77468969" lon="106.70503197"><ele>15.081</ele><time>2025-01-16T13:17:20Z</time><speed>0.000</speed><sat>5</sat></trkpt>
  <trkpt lat="10.77468969" lon="106.70503197"><ele>14.920</ele><time>2025-01-16T13:17:21Z</time><speed>0.000</speed><sat>5</sat></trkpt>
  <trkpt lat="10.77468969" lon="106.70503197"><ele>14.611</ele><time>2025-01-16T13:17:22Z</time><speed>0.000</speed><sat>5</sat></trkpt>
  <trkpt lat="10.77468969" lon="106.70503197"><ele>16.064</ele><time>2025-01-16T13:17:39Z</time><speed>0.000</speed><sat>5</sat></trkpt>
  <trkpt lat="10.77468969" lon="106.70503197"><ele>16.001</ele><time>2025-01-16T13:17:40Z</time><speed>0.000</speed><sat>5</sat></trkpt>
  <trkpt lat="10.77468969" lon="106.70503197"><ele>15.781</ele><time>2025-01-16T13:17:41Z</time><speed>0.000</speed><sat>5</sat></trkpt>
  <trkpt lat="10.77468969" lon="106.70503197"><ele>15.526</ele><time>2025-01-16T13:17:42Z</time><speed>0.000</speed><sat>5</sat></trkpt>
  <trkpt lat="10.77468969" lon="106.70503197"><ele>15.205</ele><time>2025-01-16T13:17:43Z</time><speed>0.000</speed><sat>5</sat></trkpt>
  <trkpt lat="10.77468969" lon="106.70503197"><ele>14.944</ele><time>2025-01-16T13:17:44Z</time><speed>0.000</speed><sat>5</sat></trkpt>
  <trkpt lat="10.77468969" lon="106.70503197"><ele>14.764</ele><time>2025-01-16T13:17:45Z</time><speed>0.000</speed><sat>5</sat></trkpt>
  <trkpt lat="10.77468969" lon="106.70503197"><ele>14.494</ele><time>2025-01-16T13:17:46Z</time><speed>0.000</speed><sat>5</sat></trkpt>
  <trkpt lat="10.77468969" lon="106.70503197"><ele>14.109</ele><time>2025-01-16T13:17:48Z</time><speed>0.000</speed><sat>5</sat></trkpt>
  <trkpt lat="10.77468969" lon="106.70503197"><ele>13.950</ele><time>2025-01-16T13:17:49Z</time><speed>0.000</speed><sat>5</sat></trkpt>
  <trkpt lat="10.77468969" lon="106.70503197"><ele>13.841</ele><time>2025-01-16T13:17:50Z</time><speed>0.000</speed><sat>5</sat></trkpt>
  <trkpt lat="10.77468969" lon="106.70503197"><ele>13.695</ele><time>2025-01-16T13:17:51Z</time><speed>0.000</speed><sat>5</sat></trkpt>
  <trkpt lat="10.77468969" lon="106.70503197"><ele>13.666</ele><time>2025-01-16T13:17:52Z</time><speed>0.000</speed><sat>5</sat></trkpt>
  <trkpt lat="10.77468969" lon="106.70503197"><ele>13.714</ele><time>2025-01-16T13:17:53Z</time><speed>0.000</speed><sat>6</sat></trkpt>
  <trkpt lat="10.77468969" lon="106.70503197"><ele>13.625</ele><time>2025-01-16T13:17:54Z</time><speed>0.000</speed><sat>5</sat></trkpt>
  <trkpt lat="10.77468969" lon="106.70503197"><ele>13.548</ele><time>2025-01-16T13:17:55Z</time><speed>0.000</speed><sat>5</sat></trkpt>
  <trkpt lat="10.77468969" lon="106.70503197"><ele>13.537</ele><time>2025-01-16T13:17:56Z</time><speed>0.000</speed><sat>6</sat></trkpt>
  <trkpt lat="10.77468969" lon="106.70503197"><ele>13.548</ele><time>2025-01-16T13:17:57Z</time><speed>0.000</speed><sat>6</sat></trkpt>
  <trkpt lat="10.77468969" lon="106.70503197"><ele>13.519</ele><time>2025-01-16T13:17:58Z</time><speed>0.000</speed><sat>6</sat></trkpt>
  <trkpt lat="10.77468969" lon="106.70503197"><ele>13.514</ele><time>2025-01-16T13:17:59Z</time><speed>0.000</speed><sat>5</sat></trkpt>
  <trkpt lat="10.77468969" lon="106.70503197"><ele>13.423</ele><time>2025-01-16T13:18:00Z</time><speed>0.000</speed><sat>5</sat></trkpt>
  <trkpt lat="10.77468969" lon="106.70503197"><ele>13.221</ele><time>2025-01-16T13:18:03Z</time><speed>0.000</speed><sat>5</sat></trkpt>
  <trkpt lat="10.77468969" lon="106.70503197"><ele>13.153</ele><time>2025-01-16T13:18:04Z</time><speed>0.000</speed><sat>5</sat></trkpt>
  <trkpt lat="10.77468969" lon="106.70503197"><ele>13.044</ele><time>2025-01-16T13:18:05Z</time><speed>0.000</speed><sat>5</sat></trkpt>
  <trkpt lat="10.77468969" lon="106.70503197"><ele>12.869</ele><time>2025-01-16T13:18:07Z</time><speed>0.000</speed><sat>5</sat></trkpt>
  <trkpt lat="10.77473875" lon="106.70510908"><ele>11.624</ele><time>2025-01-16T13:18:13Z</time><speed>0.000</speed><sat>5</sat></trkpt>
  <trkpt lat="10.77473875" lon="106.70510908"><ele>13.722</ele><time>2025-01-16T13:18:38Z</time><speed>0.000</speed><sat>5</sat></trkpt>
  <trkpt lat="10.77473875" lon="106.70510908"><ele>13.430</ele><time>2025-01-16T13:18:39Z</time><speed>0.000</speed><sat>4</sat></trkpt>
  <trkpt lat="10.77473875" lon="106.70510908"><ele>13.145</ele><time>2025-01-16T13:18:40Z</time><speed>0.000</speed><sat>4</sat></trkpt>
  <trkpt lat="10.77473875" lon="106.70510908"><ele>12.665</ele><time>2025-01-16T13:18:42Z</time><speed>0.000</speed><sat>5</sat></trkpt>
  <trkpt lat="10.77473875" lon="106.70510908"><ele>12.427</ele><time>2025-01-16T13:18:43Z</time><speed>0.000</speed><sat>4</sat></trkpt>
  <trkpt lat="10.77473875" lon="106.70510908"><ele>12.183</ele><time>2025-01-16T13:18:44Z</time><speed>0.000</speed><sat>4</sat></trkpt>
  <trkpt lat="10.77473875" lon="106.70510908"><ele>11.970</ele><time>2025-01-16T13:18:45Z</time><speed>0.000</speed><sat>4</sat></trkpt>
  <trkpt lat="10.77473875" lon="106.70510908"><ele>9.830</ele><time>2025-01-16T13:18:57Z</time><speed>0.000</speed><sat>4</sat></trkpt>
  <trkpt lat="10.77473875" lon="106.70510908"><ele>9.759</ele><time>2025-01-16T13:18:58Z</time><speed>0.000</speed><sat>4</sat></trkpt>
  <trkpt lat="10.77473875" lon="106.70510908"><ele>9.616</ele><time>2025-01-16T13:18:59Z</time><speed>0.000</speed><sat>4</sat></trkpt>
  <trkpt lat="10.77450788" lon="106.70591944"><ele>9.926</ele><time>2025-01-16T13:20:32Z</time><speed>0.000</speed><sat>4</sat></trkpt>
  <trkpt lat="10.77450788" lon="106.70591944"><ele>10.048</ele><time>2025-01-16T13:20:33Z</time><speed>0.000</speed><sat>4</sat></trkpt>
  <trkpt lat="10.77431603" lon="106.70610482"><ele>10.163</ele><time>2025-01-16T13:20:37Z</time><speed>0.000</speed><sat>4</sat></trkpt>
  <trkpt lat="10.77392780" lon="106.70654434"><ele>11.859</ele><time>2025-01-16T13:20:48Z</time><speed>0.000</speed><sat>4</sat></trkpt>
  <trkpt lat="10.77395024" lon="106.70652099"><ele>11.700</ele><time>2025-01-16T13:20:51Z</time><speed>0.000</speed><sat>4</sat></trkpt>
  <trkpt lat="10.77392886" lon="106.70665915"><ele>10.142</ele><time>2025-01-16T13:21:02Z</time><speed>0.000</speed><sat>4</sat></trkpt>
  <trkpt lat="10.77392863" lon="106.70665922"><ele>9.682</ele><time>2025-01-16T13:21:03Z</time><speed>0.000</speed><sat>4</sat></trkpt>
  <trkpt lat="10.77392837" lon="106.70665928"><ele>9.161</ele><time>2025-01-16T13:21:04Z</time><speed>0.000</speed><sat>4</sat></trkpt>
  <trkpt lat="10.77392810" lon="106.70665942"><ele>8.693</ele><time>2025-01-16T13:21:05Z</time><speed>0.000</speed><sat>4</sat></trkpt>
  <trkpt lat="10.77392789" lon="106.70665949"><ele>8.387</ele><time>2025-01-16T13:21:06Z</time><speed>0.000</speed><sat>4</sat></trkpt>
  <trkpt lat="10.77392768" lon="106.70665962"><ele>7.988</ele><time>2025-01-16T13:21:07Z</time><speed>0.000</speed><sat>4</sat></trkpt>
  <trkpt lat="10.77392749" lon="106.70665969"><ele>7.655</ele><time>2025-01-16T13:21:08Z</time><speed>0.000</speed><sat>4</sat></trkpt>
  <trkpt lat="10.77392743" lon="106.70665974"><ele>7.790</ele><time>2025-01-16T13:21:09Z</time><speed>0.000</speed><sat>4</sat></trkpt>
  <trkpt lat="10.77392736" lon="106.70665979"><ele>7.918</ele><time>2025-01-16T13:21:10Z</time><speed>0.000</speed><sat>4</sat></trkpt>
  <trkpt lat="10.77392731" lon="106.70665986"><ele>7.982</ele><time>2025-01-16T13:21:11Z</time><speed>0.000</speed><sat>4</sat></trkpt>
  <trkpt lat="10.77392723" lon="106.70665995"><ele>8.030</ele><time>2025-01-16T13:21:12Z</time><speed>0.000</speed><sat>4</sat></trkpt>
  <trkpt lat="10.77392715" lon="106.70666000"><ele>8.117</ele><time>2025-01-16T13:21:13Z</time><speed>0.000</speed><sat>4</sat></trkpt>
  <trkpt lat="10.77392702" lon="106.70666007"><ele>8.216</ele><time>2025-01-16T13:21:14Z</time><speed>0.000</speed><sat>4</sat></trkpt>
  <trkpt lat="10.77392692" lon="106.70666012"><ele>8.321</ele><time>2025-01-16T13:21:15Z</time><speed>0.000</speed><sat>4</sat></trkpt>
  <trkpt lat="10.77392676" lon="106.70666017"><ele>8.366</ele><time>2025-01-16T13:21:16Z</time><speed>0.000</speed><sat>4</sat></trkpt>
  <trkpt lat="10.77392668" lon="106.70666016"><ele>8.397</ele><time>2025-01-16T13:21:17Z</time><speed>0.000</speed><sat>4</sat></trkpt>
  <trkpt lat="10.77392657" lon="106.70666019"><ele>8.409</ele><time>2025-01-16T13:21:18Z</time><speed>0.000</speed><sat>4</sat></trkpt>
  <trkpt lat="10.77392616" lon="106.70666035"><ele>7.647</ele><time>2025-01-16T13:21:19Z</time><speed>0.000</speed><sat>4</sat></trkpt>
  <trkpt lat="10.77392572" lon="106.70666052"><ele>6.878</ele><time>2025-01-16T13:21:20Z</time><speed>0.000</speed><sat>4</sat></trkpt>
  <trkpt lat="10.77384335" lon="106.70668180"><ele>6.300</ele><time>2025-01-16T13:21:21Z</time><speed>0.000</speed><sat>4</sat></trkpt>
  <trkpt lat="10.77384335" lon="106.70668180"><ele>6.421</ele><time>2025-01-16T13:21:23Z</time><speed>0.000</speed><sat>4</sat></trkpt>
  <trkpt lat="10.77384335" lon="106.70668180"><ele>6.461</ele><time>2025-01-16T13:21:24Z</time><speed>0.000</speed><sat>4</sat></trkpt>
  <trkpt lat="10.77384335" lon="106.70668180"><ele>6.503</ele><time>2025-01-16T13:21:25Z</time><speed>0.000</speed><sat>4</sat></trkpt>
  <trkpt lat="10.77384335" lon="106.70668180"><ele>6.549</ele><time>2025-01-16T13:21:26Z</time><speed>0.000</speed><sat>4</sat></trkpt>
  <trkpt lat="10.77384335" lon="106.70668180"><ele>6.620</ele><time>2025-01-16T13:21:27Z</time><speed>0.000</speed><sat>4</sat></trkpt>
  <trkpt lat="10.77384335" lon="106.70668180"><ele>6.703</ele><time>2025-01-16T13:21:28Z</time><speed>0.000</speed><sat>4</sat></trkpt>
  <trkpt lat="10.77384335" lon="106.70668180"><ele>6.785</ele><time>2025-01-16T13:21:29Z</time><speed>0.000</speed><sat>4</sat></trkpt>
  <trkpt lat="10.77384335" lon="106.70668180"><ele>6.831</ele><time>2025-01-16T13:21:30Z</time><speed>0.000</speed><sat>4</sat></trkpt>
  <trkpt lat="10.77384335" lon="106.70668180"><ele>7.569</ele><time>2025-01-16T13:21:31Z</time><speed>0.000</speed><sat>5</sat></trkpt>
  <trkpt lat="10.77384335" lon="106.70668180"><ele>8.137</ele><time>2025-01-16T13:21:32Z</time><speed>0.000</speed><sat>4</sat></trkpt>
  <trkpt lat="10.77384335" lon="106.70668180"><ele>8.726</ele><time>2025-01-16T13:21:33Z</time><speed>0.000</speed><sat>4</sat></trkpt>
  <trkpt lat="10.77384335" lon="106.70668180"><ele>8.594</ele><time>2025-01-16T13:21:34Z</time><speed>0.000</speed><sat>4</sat></trkpt>
  <trkpt lat="10.77384335" lon="106.70668180"><ele>8.479</ele><time>2025-01-16T13:21:35Z</time><speed>0.000</speed><sat>4</sat></trkpt>
  <trkpt lat="10.77384335" lon="106.70668180"><ele>8.371</ele><time>2025-01-16T13:21:36Z</time><speed>0.000</speed><sat>4</sat></trkpt>
  <trkpt lat="10.77384335" lon="106.70668180"><ele>8.280</ele><time>2025-01-16T13:21:37Z</time><speed>0.000</speed><sat>4</sat></trkpt>
  <trkpt lat="10.77384335" lon="106.70668180"><ele>8.180</ele><time>2025-01-16T13:21:38Z</time><speed>0.000</speed><sat>4</sat></trkpt>
  <trkpt lat="10.77384335" lon="106.70668180"><ele>8.128</ele><time>2025-01-16T13:21:39Z</time><speed>0.000</speed><sat>4</sat></trkpt>
  <trkpt lat="10.77384335" lon="106.70668180"><ele>8.594</ele><time>2025-01-16T13:21:41Z</time><speed>0.000</speed><sat>4</sat></trkpt>
  <trkpt lat="10.77384335" lon="106.70668180"><ele>8.782</ele><time>2025-01-16T13:21:42Z</time><speed>0.000</speed><sat>4</sat></trkpt>
  <trkpt lat="10.77384335" lon="106.70668180"><ele>8.884</ele><time>2025-01-16T13:21:43Z</time><speed>0.000</speed><sat>4</sat></trkpt>
  <trkpt lat="10.77460938" lon="106.70531418"><ele>11.391</ele><time>2025-01-16T13:22:43Z</time><speed>0.000</speed><sat>6</sat></trkpt>
  <trkpt lat="10.77460938" lon="106.70531418"><ele>11.210</ele><time>2025-01-16T13:22:44Z</time><speed>0.000</speed><sat>5</sat></trkpt>
  <trkpt lat="10.77460938" lon="106.70531418"><ele>11.022</ele><time>2025-01-16T13:22:45Z</time><speed>0.000</speed><sat>4</sat></trkpt>
  <trkpt lat="10.77460938" lon="106.70531418"><ele>17.398</ele><time>2025-01-16T13:22:46Z</time><speed>0.000</speed><sat>4</sat></trkpt>
  <trkpt lat="10.77460938" lon="106.70531418"><ele>21.668</ele><time>2025-01-16T13:22:47Z</time><speed>0.000</speed><sat>4</sat></trkpt>
  <trkpt lat="10.77460938" lon="106.70531418"><ele>24.578</ele><time>2025-01-16T13:22:48Z</time><speed>0.000</speed><sat>4</sat></trkpt>
  <trkpt lat="10.77472619" lon="106.70532376"><ele>26.634</ele><time>2025-01-16T13:22:49Z</time><speed>0.000</speed><sat>5</sat></trkpt>
  <trkpt lat="10.77472619" lon="106.70532376"><ele>28.328</ele><time>2025-01-16T13:22:50Z</time><speed>0.000</speed><sat>5</sat></trkpt>
  <trkpt lat="10.77472619" lon="106.70532376"><ele>29.429</ele><time>2025-01-16T13:22:51Z</time><speed>0.000</speed><sat>5</sat></trkpt>
  <trkpt lat="10.77472619" lon="106.70532376"><ele>30.297</ele><time>2025-01-16T13:22:52Z</time><speed>0.000</speed><sat>4</sat></trkpt>
  <trkpt lat="10.77472619" lon="106.70532376"><ele>29.870</ele><time>2025-01-16T13:22:53Z</time><speed>0.000</speed><sat>5</sat></trkpt>
  <trkpt lat="10.77472619" lon="106.70532376"><ele>29.693</ele><time>2025-01-16T13:22:54Z</time><speed>0.000</speed><sat>5</sat></trkpt>
  <trkpt lat="10.77472619" lon="106.70532376"><ele>29.441</ele><time>2025-01-16T13:22:55Z</time><speed>0.000</speed><sat>4</sat></trkpt>
  <trkpt lat="10.77472619" lon="106.70532376"><ele>29.543</ele><time>2025-01-16T13:22:56Z</time><speed>0.000</speed><sat>4</sat></trkpt>
  <trkpt lat="10.77472619" lon="106.70532376"><ele>29.473</ele><time>2025-01-16T13:22:57Z</time><speed>0.000</speed><sat>4</sat></trkpt>
  <trkpt lat="10.77472619" lon="106.70532376"><ele>29.472</ele><time>2025-01-16T13:22:58Z</time><speed>0.000</speed><sat>4</sat></trkpt>
  <trkpt lat="10.77472619" lon="106.70532376"><ele>30.671</ele><time>2025-01-16T13:22:59Z</time><speed>0.000</speed><sat>4</sat></trkpt>
  <trkpt lat="10.77478570" lon="106.70511644"><ele>24.863</ele><time>2025-01-16T13:23:30Z</time><speed>0.000</speed><sat>4</sat></trkpt>
  <trkpt lat="10.77479381" lon="106.70513889"><ele>24.049</ele><time>2025-01-16T13:23:32Z</time><speed>0.000</speed><sat>4</sat></trkpt>
  <trkpt lat="10.77480119" lon="106.70514472"><ele>23.522</ele><time>2025-01-16T13:23:33Z</time><speed>0.000</speed><sat>4</sat></trkpt>
  <trkpt lat="10.77480119" lon="106.70515199"><ele>23.073</ele><time>2025-01-16T13:23:34Z</time><speed>0.000</speed><sat>4</sat></trkpt>
  <trkpt lat="10.77480330" lon="106.70515786"><ele>22.678</ele><time>2025-01-16T13:23:35Z</time><speed>0.000</speed><sat>4</sat></trkpt>
  <trkpt lat="10.77480319" lon="106.70515796"><ele>25.852</ele><time>2025-01-16T13:23:36Z</time><speed>0.000</speed><sat>5</sat></trkpt>
  <trkpt lat="10.77480311" lon="106.70515802"><ele>25.181</ele><time>2025-01-16T13:23:37Z</time><speed>0.000</speed><sat>5</sat></trkpt>
  <trkpt lat="10.77479558" lon="106.70515298"><ele>24.567</ele><time>2025-01-16T13:23:38Z</time><speed>0.000</speed><sat>4</sat></trkpt>
  <trkpt lat="10.77479550" lon="106.70515302"><ele>23.983</ele><time>2025-01-16T13:23:39Z</time><speed>0.000</speed><sat>5</sat></trkpt>
  <trkpt lat="10.77479036" lon="106.70515154"><ele>23.484</ele><time>2025-01-16T13:23:40Z</time><speed>0.000</speed><sat>4</sat></trkpt>
  <trkpt lat="10.77479027" lon="106.70515158"><ele>22.922</ele><time>2025-01-16T13:23:41Z</time><speed>0.000</speed><sat>5</sat></trkpt>
  <trkpt lat="10.77479020" lon="106.70515165"><ele>22.561</ele><time>2025-01-16T13:23:42Z</time><speed>0.000</speed><sat>4</sat></trkpt>
  <trkpt lat="10.77479012" lon="106.70515168"><ele>22.061</ele><time>2025-01-16T13:23:43Z</time><speed>0.000</speed><sat>5</sat></trkpt>
  <trkpt lat="10.77479004" lon="106.70515171"><ele>21.575</ele><time>2025-01-16T13:23:44Z</time><speed>0.000</speed><sat>6</sat></trkpt>
  <trkpt lat="10.77478996" lon="106.70515172"><ele>21.138</ele><time>2025-01-16T13:23:45Z</time><speed>0.000</speed><sat>5</sat></trkpt>
  <trkpt lat="10.77478986" lon="106.70515175"><ele>20.673</ele><time>2025-01-16T13:23:46Z</time><speed>0.000</speed><sat>5</sat></trkpt>
  <trkpt lat="10.77478351" lon="106.70515168"><ele>20.337</ele><time>2025-01-16T13:23:47Z</time><speed>0.000</speed><sat>4</sat></trkpt>
  <trkpt lat="10.77477716" lon="106.70514937"><ele>20.038</ele><time>2025-01-16T13:23:48Z</time><speed>0.000</speed><sat>4</sat></trkpt>
  <trkpt lat="10.77476750" lon="106.70514071"><ele>19.807</ele><time>2025-01-16T13:23:49Z</time><speed>0.000</speed><sat>4</sat></trkpt>
  <trkpt lat="10.77476097" lon="106.70513216"><ele>19.570</ele><time>2025-01-16T13:23:50Z</time><speed>0.000</speed><sat>4</sat></trkpt>
  <trkpt lat="10.77475391" lon="106.70512224"><ele>19.852</ele><time>2025-01-16T13:23:51Z</time><speed>0.000</speed><sat>4</sat></trkpt>
  <trkpt lat="10.77474989" lon="106.70511337"><ele>20.022</ele><time>2025-01-16T13:23:52Z</time><speed>0.000</speed><sat>4</sat></trkpt>
  <trkpt lat="10.77474883" lon="106.70510463"><ele>20.308</ele><time>2025-01-16T13:23:53Z</time><speed>0.000</speed><sat>4</sat></trkpt>
  <trkpt lat="10.77475369" lon="106.70509646"><ele>20.529</ele><time>2025-01-16T13:23:54Z</time><speed>0.000</speed><sat>4</sat></trkpt>
  <trkpt lat="10.77476165" lon="106.70508525"><ele>20.319</ele><time>2025-01-16T13:23:57Z</time><speed>0.000</speed><sat>4</sat></trkpt>
  <trkpt lat="10.77476488" lon="106.70507802"><ele>20.359</ele><time>2025-01-16T13:23:58Z</time><speed>0.000</speed><sat>4</sat></trkpt>
  <trkpt lat="10.77475849" lon="106.70505313"><ele>19.372</ele><time>2025-01-16T13:24:04Z</time><speed>0.000</speed><sat>4</sat></trkpt>
  <trkpt lat="10.77475442" lon="106.70504894"><ele>18.823</ele><time>2025-01-16T13:24:06Z</time><speed>0.000</speed><sat>4</sat></trkpt>
  <trkpt lat="10.77475301" lon="106.70504803"><ele>18.623</ele><time>2025-01-16T13:24:07Z</time><speed>0.000</speed><sat>4</sat></trkpt>
  <trkpt lat="10.77475303" lon="106.70504801"><ele>18.450</ele><time>2025-01-16T13:24:08Z</time><speed>0.000</speed><sat>5</sat></trkpt>
  <trkpt lat="10.77475273" lon="106.70504834"><ele>17.819</ele><time>2025-01-16T13:24:09Z</time><speed>0.000</speed><sat>4</sat></trkpt>
  <trkpt lat="10.77475259" lon="106.70504845"><ele>17.390</ele><time>2025-01-16T13:24:10Z</time><speed>0.000</speed><sat>4</sat></trkpt>
  <trkpt lat="10.77475246" lon="106.70504851"><ele>17.045</ele><time>2025-01-16T13:24:11Z</time><speed>0.000</speed><sat>5</sat></trkpt>
  <trkpt lat="10.77475233" lon="106.70504858"><ele>16.751</ele><time>2025-01-16T13:24:12Z</time><speed>0.000</speed><sat>5</sat></trkpt>
  <trkpt lat="10.77475195" lon="106.70504861"><ele>16.100</ele><time>2025-01-16T13:24:13Z</time><speed>0.000</speed><sat>5</sat></trkpt>
  <trkpt lat="10.77475166" lon="106.70504861"><ele>15.699</ele><time>2025-01-16T13:24:14Z</time><speed>0.000</speed><sat>4</sat></trkpt>
  <trkpt lat="10.77475148" lon="106.70504854"><ele>15.358</ele><time>2025-01-16T13:24:15Z</time><speed>0.000</speed><sat>4</sat></trkpt>
  <trkpt lat="10.77475131" lon="106.70504848"><ele>15.010</ele><time>2025-01-16T13:24:16Z</time><speed>0.000</speed><sat>4</sat></trkpt>
  <trkpt lat="10.77475108" lon="106.70504849"><ele>14.647</ele><time>2025-01-16T13:24:17Z</time><speed>0.000</speed><sat>6</sat></trkpt>
  <trkpt lat="10.77475065" lon="106.70504859"><ele>14.120</ele><time>2025-01-16T13:24:18Z</time><speed>0.000</speed><sat>6</sat></trkpt>
  <trkpt lat="10.77475050" lon="106.70504868"><ele>13.833</ele><time>2025-01-16T13:24:19Z</time><speed>0.000</speed><sat>6</sat></trkpt>
  <trkpt lat="10.77475037" lon="106.70504878"><ele>13.588</ele><time>2025-01-16T13:24:20Z</time><speed>0.000</speed><sat>6</sat></trkpt>
  <trkpt lat="10.77475022" lon="106.70504885"><ele>13.328</ele><time>2025-01-16T13:24:21Z</time><speed>0.000</speed><sat>6</sat></trkpt>
  <trkpt lat="10.77475013" lon="106.70504889"><ele>13.066</ele><time>2025-01-16T13:24:22Z</time><speed>0.000</speed><sat>6</sat></trkpt>
  <trkpt lat="10.77475002" lon="106.70504897"><ele>12.973</ele><time>2025-01-16T13:24:23Z</time><speed>0.000</speed><sat>6</sat></trkpt>
  <trkpt lat="10.77474978" lon="106.70504913"><ele>12.914</ele><time>2025-01-16T13:24:24Z</time><speed>0.000</speed><sat>6</sat></trkpt>
  <trkpt lat="10.77474975" lon="106.70504924"><ele>12.880</ele><time>2025-01-16T13:24:25Z</time><speed>0.000</speed><sat>5</sat></trkpt>
  <trkpt lat="10.77474968" lon="106.70504931"><ele>12.750</ele><time>2025-01-16T13:24:26Z</time><speed>0.000</speed><sat>6</sat></trkpt>
  <trkpt lat="10.77474966" lon="106.70504939"><ele>12.730</ele><time>2025-01-16T13:24:27Z</time><speed>0.000</speed><sat>5</sat></trkpt>
  <trkpt lat="10.77474966" lon="106.70504943"><ele>12.611</ele><time>2025-01-16T13:24:28Z</time><speed>0.000</speed><sat>5</sat></trkpt>
  <trkpt lat="10.77474965" lon="106.70504947"><ele>12.560</ele><time>2025-01-16T13:24:29Z</time><speed>0.000</speed><sat>5</sat></trkpt>
  <trkpt lat="10.77474963" lon="106.70504953"><ele>12.607</ele><time>2025-01-16T13:24:30Z</time><speed>0.000</speed><sat>4</sat></trkpt>
  <trkpt lat="10.77475378" lon="106.70505858"><ele>12.416</ele><time>2025-01-16T13:24:34Z</time><speed>0.000</speed><sat>4</sat></trkpt>
  <trkpt lat="10.77475383" lon="106.70505858"><ele>12.281</ele><time>2025-01-16T13:24:35Z</time><speed>0.000</speed><sat>4</sat></trkpt>
  <trkpt lat="10.77473661" lon="106.70508191"><ele>12.132</ele><time>2025-01-16T13:24:37Z</time><speed>0.000</speed><sat>4</sat></trkpt>
  <trkpt lat="10.77475987" lon="106.70516098"><ele>11.659</ele><time>2025-01-16T13:24:43Z</time><speed>0.000</speed><sat>4</sat></trkpt>
  <trkpt lat="10.77475979" lon="106.70516106"><ele>11.578</ele><time>2025-01-16T13:24:44Z</time><speed>0.000</speed><sat>4</sat></trkpt>
  <trkpt lat="10.77460208" lon="106.70521398"><ele>9.942</ele><time>2025-01-16T13:25:03Z</time><speed>0.000</speed><sat>4</sat></trkpt>
  <trkpt lat="10.77460312" lon="106.70521391"><ele>9.796</ele><time>2025-01-16T13:25:04Z</time><speed>0.000</speed><sat>4</sat></trkpt>
  <trkpt lat="10.77460322" lon="106.70521390"><ele>9.655</ele><time>2025-01-16T13:25:05Z</time><speed>0.000</speed><sat>4</sat></trkpt>
  <trkpt lat="10.77460319" lon="106.70521387"><ele>9.514</ele><time>2025-01-16T13:25:06Z</time><speed>0.000</speed><sat>4</sat></trkpt>
  <trkpt lat="10.77460316" lon="106.70521386"><ele>9.375</ele><time>2025-01-16T13:25:07Z</time><speed>0.000</speed><sat>4</sat></trkpt>
  <trkpt lat="10.77460313" lon="106.70521386"><ele>9.255</ele><time>2025-01-16T13:25:08Z</time><speed>0.000</speed><sat>4</sat></trkpt>
  <trkpt lat="10.77450607" lon="106.70527378"><ele>8.736</ele><time>2025-01-16T13:25:25Z</time><speed>0.000</speed><sat>4</sat></trkpt>
  <trkpt lat="10.77450608" lon="106.70527381"><ele>8.684</ele><time>2025-01-16T13:25:26Z</time><speed>0.000</speed><sat>4</sat></trkpt>
  <trkpt lat="10.77458152" lon="106.70540175"><ele>8.048</ele><time>2025-01-16T13:25:32Z</time><speed>0.000</speed><sat>4</sat></trkpt>
  <trkpt lat="10.77458162" lon="106.70540184"><ele>8.809</ele><time>2025-01-16T13:25:33Z</time><speed>0.000</speed><sat>4</sat></trkpt>
  <trkpt lat="10.77458153" lon="106.70540181"><ele>8.722</ele><time>2025-01-16T13:25:34Z</time><speed>0.000</speed><sat>4</sat></trkpt>
  <trkpt lat="10.77458141" lon="106.70540173"><ele>8.605</ele><time>2025-01-16T13:25:35Z</time><speed>0.000</speed><sat>4</sat></trkpt>
  <trkpt lat="10.77458139" lon="106.70540173"><ele>8.521</ele><time>2025-01-16T13:25:36Z</time><speed>0.000</speed><sat>4</sat></trkpt>
  <trkpt lat="10.77458137" lon="106.70540170"><ele>8.447</ele><time>2025-01-16T13:25:37Z</time><speed>0.000</speed><sat>4</sat></trkpt>
  <trkpt lat="10.77458136" lon="106.70540169"><ele>8.422</ele><time>2025-01-16T13:25:38Z</time><speed>0.000</speed><sat>4</sat></trkpt>
  <trkpt lat="10.77458132" lon="106.70540167"><ele>8.374</ele><time>2025-01-16T13:25:39Z</time><speed>0.000</speed><sat>4</sat></trkpt>
  <trkpt lat="10.77458124" lon="106.70540167"><ele>8.366</ele><time>2025-01-16T13:25:40Z</time><speed>0.000</speed><sat>4</sat></trkpt>
  <trkpt lat="10.77456111" lon="106.70538865"><ele>8.242</ele><time>2025-01-16T13:25:42Z</time><speed>0.000</speed><sat>4</sat></trkpt>
  <trkpt lat="10.77450619" lon="106.70538350"><ele>7.213</ele><time>2025-01-16T13:25:53Z</time><speed>0.000</speed><sat>4</sat></trkpt>
  <trkpt lat="10.77450615" lon="106.70538350"><ele>7.167</ele><time>2025-01-16T13:25:54Z</time><speed>0.000</speed><sat>4</sat></trkpt>
  <trkpt lat="10.77455642" lon="106.70542892"><ele>6.987</ele><time>2025-01-16T13:26:04Z</time><speed>0.964</speed><sat>4</sat></trkpt>
  <trkpt lat="10.77458992" lon="106.70542802"><ele>7.310</ele><time>2025-01-16T13:26:05Z</time><speed>0.000</speed><sat>4</sat></trkpt>
  <trkpt lat="10.77447847" lon="106.70518204"><ele>9.076</ele><time>2025-01-16T13:26:42Z</time><speed>0.000</speed><sat>5</sat></trkpt>
  <trkpt lat="10.77447868" lon="106.70518191"><ele>9.439</ele><time>2025-01-16T13:26:43Z</time><speed>0.000</speed><sat>6</sat></trkpt>
  <trkpt lat="10.77447901" lon="106.70518186"><ele>9.355</ele><time>2025-01-16T13:26:44Z</time><speed>0.000</speed><sat>6</sat></trkpt>
  <trkpt lat="10.77447924" lon="106.70518172"><ele>9.562</ele><time>2025-01-16T13:26:45Z</time><speed>0.000</speed><sat>6</sat></trkpt>
  <trkpt lat="10.77447944" lon="106.70518162"><ele>9.636</ele><time>2025-01-16T13:26:46Z</time><speed>0.000</speed><sat>5</sat></trkpt>
  <trkpt lat="10.77447969" lon="106.70518157"><ele>9.719</ele><time>2025-01-16T13:26:47Z</time><speed>0.000</speed><sat>4</sat></trkpt>
  <trkpt lat="10.77447980" lon="106.70518147"><ele>9.596</ele><time>2025-01-16T13:26:48Z</time><speed>0.000</speed><sat>4</sat></trkpt>
  <trkpt lat="10.77447985" lon="106.70518140"><ele>9.321</ele><time>2025-01-16T13:26:49Z</time><speed>0.000</speed><sat>4</sat></trkpt>
  <trkpt lat="10.77447991" lon="106.70518134"><ele>9.021</ele><time>2025-01-16T13:26:50Z</time><speed>0.000</speed><sat>4</sat></trkpt>
  <trkpt lat="10.77448000" lon="106.70518128"><ele>8.819</ele><time>2025-01-16T13:26:51Z</time><speed>0.000</speed><sat>4</sat></trkpt>
  <trkpt lat="10.77457219" lon="106.70516648"><ele>1.824</ele><time>2025-01-16T13:27:36.999Z</time><speed>0.000</speed><sat>5</sat></trkpt>
  <trkpt lat="10.77457171" lon="106.70516481"><ele>8.824</ele><time>2025-01-16T13:27:37.999Z</time><speed>0.000</speed><sat>5</sat></trkpt>
  <trkpt lat="10.77454602" lon="106.70516709"><ele>8.613</ele><time>2025-01-16T13:27:38.999Z</time><speed>0.000</speed><sat>5</sat></trkpt>
  <trkpt lat="10.77454584" lon="106.70516709"><ele>7.957</ele><time>2025-01-16T13:27:39.999Z</time><speed>0.000</speed><sat>6</sat></trkpt>
  <trkpt lat="10.77454557" lon="106.70516704"><ele>7.522</ele><time>2025-01-16T13:27:40.999Z</time><speed>0.000</speed><sat>6</sat></trkpt>
  <trkpt lat="10.77454530" lon="106.70516700"><ele>7.377</ele><time>2025-01-16T13:27:41.999Z</time><speed>0.000</speed><sat>6</sat></trkpt>
  <trkpt lat="10.77454501" lon="106.70516701"><ele>7.456</ele><time>2025-01-16T13:27:42.999Z</time><speed>0.000</speed><sat>6</sat></trkpt>
  <trkpt lat="10.77451769" lon="106.70516578"><ele>7.276</ele><time>2025-01-16T13:27:43.999Z</time><speed>0.000</speed><sat>6</sat></trkpt>
  <trkpt lat="10.77451776" lon="106.70516835"><ele>7.011</ele><time>2025-01-16T13:27:44.999Z</time><speed>0.000</speed><sat>6</sat></trkpt>
  <trkpt lat="10.77451783" lon="106.70516970"><ele>6.777</ele><time>2025-01-16T13:27:45.999Z</time><speed>0.000</speed><sat>7</sat></trkpt>
  <trkpt lat="10.77451761" lon="106.70517285"><ele>6.638</ele><time>2025-01-16T13:27:46.999Z</time><speed>0.000</speed><sat>6</sat></trkpt>
  <trkpt lat="10.77451810" lon="106.70517314"><ele>6.676</ele><time>2025-01-16T13:27:47.999Z</time><speed>0.000</speed><sat>5</sat></trkpt>
  <trkpt lat="10.77456769" lon="106.70515035"><ele>6.594</ele><time>2025-01-16T13:27:48.999Z</time><speed>0.000</speed><sat>6</sat></trkpt>
  <trkpt lat="10.77459348" lon="106.70512953"><ele>6.618</ele><time>2025-01-16T13:27:49.999Z</time><speed>0.000</speed><sat>6</sat></trkpt>
  <trkpt lat="10.77462068" lon="106.70510764"><ele>6.692</ele><time>2025-01-16T13:27:50.999Z</time><speed>0.507</speed><sat>6</sat></trkpt>
  <trkpt lat="10.77462330" lon="106.70509747"><ele>6.731</ele><time>2025-01-16T13:27:51.999Z</time><speed>0.467</speed><sat>6</sat></trkpt>
  <trkpt lat="10.77463703" lon="106.70508380"><ele>6.817</ele><time>2025-01-16T13:27:52.999Z</time><speed>0.556</speed><sat>6</sat></trkpt>
  <trkpt lat="10.77465032" lon="106.70507771"><ele>6.736</ele><time>2025-01-16T13:27:53.999Z</time><speed>0.000</speed><sat>4</sat></trkpt>
  <trkpt lat="10.77465181" lon="106.70507661"><ele>6.780</ele><time>2025-01-16T13:27:54.999Z</time><speed>0.484</speed><sat>7</sat></trkpt>
  <trkpt lat="10.77465470" lon="106.70507540"><ele>6.545</ele><time>2025-01-16T13:27:55.999Z</time><speed>0.474</speed><sat>7</sat></trkpt>
  <trkpt lat="10.77465817" lon="106.70507391"><ele>6.009</ele><time>2025-01-16T13:27:56.999Z</time><speed>0.000</speed><sat>4</sat></trkpt>
  <trkpt lat="10.77465817" lon="106.70507391"><ele>5.449</ele><time>2025-01-16T13:27:57.999Z</time><speed>0.000</speed><sat>6</sat></trkpt>
  <trkpt lat="10.77465817" lon="106.70507391"><ele>5.291</ele><time>2025-01-16T13:27:58.999Z</time><speed>0.000</speed><sat>5</sat></trkpt>
  <trkpt lat="10.77465817" lon="106.70507391"><ele>4.920</ele><time>2025-01-16T13:27:59.999Z</time><speed>0.000</speed><sat>5</sat></trkpt>
  <trkpt lat="10.77465817" lon="106.70507391"><ele>4.684</ele><time>2025-01-16T13:28:00.999Z</time><speed>0.000</speed><sat>5</sat></trkpt>
  <trkpt lat="10.77465817" lon="106.70507391"><ele>4.410</ele><time>2025-01-16T13:28:01.999Z</time><speed>0.000</speed><sat>5</sat></trkpt>
  <trkpt lat="10.77465817" lon="106.70507391"><ele>4.017</ele><time>2025-01-16T13:28:04.999Z</time><speed>0.000</speed><sat>4</sat></trkpt>
  <trkpt lat="10.77455151" lon="106.70518493"><ele>4.598</ele><time>2025-01-16T13:28:09.999Z</time><speed>0.000</speed><sat>4</sat></trkpt>
  <trkpt lat="10.77455866" lon="106.70519210"><ele>4.441</ele><time>2025-01-16T13:28:10.999Z</time><speed>0.000</speed><sat>4</sat></trkpt>
  <trkpt lat="10.77455723" lon="106.70520303"><ele>4.423</ele><time>2025-01-16T13:28:11.999Z</time><speed>0.000</speed><sat>5</sat></trkpt>
  <trkpt lat="10.77454664" lon="106.70521004"><ele>4.229</ele><time>2025-01-16T13:28:12.999Z</time><speed>0.000</speed><sat>4</sat></trkpt>
  <trkpt lat="10.77469985" lon="106.70528195"><ele>5.887</ele><time>2025-01-16T13:28:18.999Z</time><speed>1.577</speed><sat>4</sat></trkpt>
  <trkpt lat="10.77484272" lon="106.70533261"><ele>6.516</ele><time>2025-01-16T13:28:21.999Z</time><speed>2.344</speed><sat>5</sat></trkpt>
  <trkpt lat="10.77486407" lon="106.70534732"><ele>6.528</ele><time>2025-01-16T13:28:22.999Z</time><speed>2.409</speed><sat>5</sat></trkpt>
  <trkpt lat="10.77476387" lon="106.70532476"><ele>2.445</ele><time>2025-01-16T13:28:28.999Z</time><speed>0.000</speed><sat>4</sat></trkpt>
 </trkseg>
</trk>

</gpx>
 