<?xml version="1.0" encoding="UTF-8"?>
<!-- Created with BasicAirData GPS Logger for Android - ver. 3.2.3 -->
<!-- Track 64 = 1683 TrackPoints + 0 Placemarks -->

<!-- Track Statistics (based on Total Time | Time in Movement): -->
<!--  Distance = 13.1 km -->
<!--  Duration = 28:04 | 25:17 -->
<!--  Altitude Gap = -1 m -->
<!--  Max Speed = 73 km/h -->
<!--  Avg Speed = 28.2 | 31.3 km/h -->
<!--  Direction = NNW -->
<!--  Activity = car -->
<!--  Altitudes = Raw -->

<gpx version="1.0"
     creator="BasicAirData GPS Logger 3.2.3"
     xmlns="http://www.topografix.com/GPX/1/0"
     xmlns:xsi="http://www.w3.org/2001/XMLSchema-instance"
     xsi:schemaLocation="http://www.topografix.com/GPX/1/0 http://www.topografix.com/GPX/1/0/gpx.xsd">
<name>GPS Logger 20250119-092916</name>
<time>2025-02-09T10:58:11Z</time>
<keywords>car</keywords>
<bounds minlat="13.75738217" minlon="100.50043498" maxlat="13.82242958" maxlon="100.54507923" />

<trk>
 <name>Track 20250119-092916</name>
 <trkseg>
  <trkpt lat="13.75738217" lon="100.52097071"><ele>-21.970</ele><time>2025-01-19T02:29:16Z</time><speed>10.950</speed><sat>21</sat></trkpt>
  <trkpt lat="13.75747669" lon="100.52100080"><ele>-20.032</ele><time>2025-01-19T02:29:17Z</time><speed>9.490</speed><sat>20</sat></trkpt>
  <trkpt lat="13.75756270" lon="100.52103928"><ele>-18.747</ele><time>2025-01-19T02:29:18Z</time><speed>9.860</speed><sat>20</sat></trkpt>
  <trkpt lat="13.75764362" lon="100.52105789"><ele>-19.012</ele><time>2025-01-19T02:29:19Z</time><speed>9.730</speed><sat>21</sat></trkpt>
  <trkpt lat="13.75775105" lon="100.52109719"><ele>-19.766</ele><time>2025-01-19T02:29:20Z</time><speed>11.250</speed><sat>21</sat></trkpt>
  <trkpt lat="13.75783040" lon="100.52114154"><ele>-20.492</ele><time>2025-01-19T02:29:21Z</time><speed>10.580</speed><sat>21</sat></trkpt>
  <trkpt lat="13.75791089" lon="100.52117652"><ele>-18.358</ele><time>2025-01-19T02:29:22Z</time><speed>10.550</speed><sat>19</sat></trkpt>
  <trkpt lat="13.75798246" lon="100.52121621"><ele>-17.970</ele><time>2025-01-19T02:29:23Z</time><speed>9.930</speed><sat>19</sat></trkpt>
  <trkpt lat="13.75807302" lon="100.52125991"><ele>-20.087</ele><time>2025-01-19T02:29:24Z</time><speed>10.480</speed><sat>18</sat></trkpt>
  <trkpt lat="13.75816772" lon="100.52130768"><ele>-21.487</ele><time>2025-01-19T02:29:25Z</time><speed>10.270</speed><sat>18</sat></trkpt>
  <trkpt lat="13.75824472" lon="100.52134080"><ele>-20.787</ele><time>2025-01-19T02:29:26Z</time><speed>10.030</speed><sat>18</sat></trkpt>
  <trkpt lat="13.75834653" lon="100.52137050"><ele>-20.661</ele><time>2025-01-19T02:29:27Z</time><speed>10.240</speed><sat>18</sat></trkpt>
  <trkpt lat="13.75843144" lon="100.52136595"><ele>-21.405</ele><time>2025-01-19T02:29:28Z</time><speed>9.110</speed><sat>21</sat></trkpt>
  <trkpt lat="13.75851421" lon="100.52136669"><ele>-21.523</ele><time>2025-01-19T02:29:29Z</time><speed>9.110</speed><sat>21</sat></trkpt>
  <trkpt lat="13.75862167" lon="100.52141187"><ele>-21.864</ele><time>2025-01-19T02:29:30Z</time><speed>11.010</speed><sat>21</sat></trkpt>
  <trkpt lat="13.75868770" lon="100.52149520"><ele>-22.871</ele><time>2025-01-19T02:29:31Z</time><speed>10.760</speed><sat>21</sat></trkpt>
  <trkpt lat="13.75875339" lon="100.52152471"><ele>-24.280</ele><time>2025-01-19T02:29:32Z</time><speed>9.780</speed><sat>21</sat></trkpt>
  <trkpt lat="13.75882203" lon="100.52155964"><ele>-26.190</ele><time>2025-01-19T02:29:33Z</time><speed>9.780</speed><sat>21</sat></trkpt>
  <trkpt lat="13.75891460" lon="100.52159140"><ele>-24.685</ele><time>2025-01-19T02:29:34Z</time><speed>10.030</speed><sat>19</sat></trkpt>
  <trkpt lat="13.75898296" lon="100.52158998"><ele>-28.939</ele><time>2025-01-19T02:29:35Z</time><speed>8.350</speed><sat>19</sat></trkpt>
  <trkpt lat="13.75906662" lon="100.52158563"><ele>-29.879</ele><time>2025-01-19T02:29:36Z</time><speed>9.170</speed><sat>19</sat></trkpt>
  <trkpt lat="13.75910881" lon="100.52161194"><ele>-29.612</ele><time>2025-01-19T02:29:37Z</time><speed>7.020</speed><sat>19</sat></trkpt>
  <trkpt lat="13.75917345" lon="100.52163790"><ele>-29.449</ele><time>2025-01-19T02:29:38Z</time><speed>6.560</speed><sat>18</sat></trkpt>
  <trkpt lat="13.75922818" lon="100.52166289"><ele>-29.521</ele><time>2025-01-19T02:29:39Z</time><speed>7.410</speed><sat>18</sat></trkpt>
  <trkpt lat="13.75927706" lon="100.52168514"><ele>-28.284</ele><time>2025-01-19T02:29:40Z</time><speed>6.450</speed><sat>19</sat></trkpt>
  <trkpt lat="13.75933888" lon="100.52170404"><ele>-28.223</ele><time>2025-01-19T02:29:41Z</time><speed>6.740</speed><sat>18</sat></trkpt>
  <trkpt lat="13.75939367" lon="100.52173512"><ele>-29.885</ele><time>2025-01-19T02:29:42Z</time><speed>6.470</speed><sat>18</sat></trkpt>
  <trkpt lat="13.75944120" lon="100.52175583"><ele>-29.887</ele><time>2025-01-19T02:29:43Z</time><speed>6.310</speed><sat>18</sat></trkpt>
  <trkpt lat="13.75948973" lon="100.52176935"><ele>-30.305</ele><time>2025-01-19T02:29:44Z</time><speed>5.740</speed><sat>18</sat></trkpt>
  <trkpt lat="13.75953631" lon="100.52178699"><ele>-30.650</ele><time>2025-01-19T02:29:45Z</time><speed>5.530</speed><sat>17</sat></trkpt>
  <trkpt lat="13.75957306" lon="100.52181074"><ele>-29.271</ele><time>2025-01-19T02:29:46Z</time><speed>5.750</speed><sat>15</sat></trkpt>
  <trkpt lat="13.75961985" lon="100.52182649"><ele>-29.095</ele><time>2025-01-19T02:29:47Z</time><speed>5.600</speed><sat>16</sat></trkpt>
  <trkpt lat="13.75967370" lon="100.52183936"><ele>-28.985</ele><time>2025-01-19T02:29:48Z</time><speed>5.000</speed><sat>15</sat></trkpt>
  <trkpt lat="13.75972180" lon="100.52185126"><ele>-28.973</ele><time>2025-01-19T02:29:49Z</time><speed>5.390</speed><sat>16</sat></trkpt>
  <trkpt lat="13.75977628" lon="100.52185496"><ele>-28.788</ele><time>2025-01-19T02:29:50Z</time><speed>5.560</speed><sat>16</sat></trkpt>
  <trkpt lat="13.75981604" lon="100.52186733"><ele>-28.426</ele><time>2025-01-19T02:29:51Z</time><speed>5.220</speed><sat>17</sat></trkpt>
  <trkpt lat="13.75978840" lon="100.52189851"><ele>-27.838</ele><time>2025-01-19T02:29:52Z</time><speed>2.370</speed><sat>17</sat></trkpt>
  <trkpt lat="13.75983543" lon="100.52190111"><ele>-27.301</ele><time>2025-01-19T02:29:53Z</time><speed>3.930</speed><sat>18</sat></trkpt>
  <trkpt lat="13.75987774" lon="100.52191791"><ele>-28.627</ele><time>2025-01-19T02:29:54Z</time><speed>4.160</speed><sat>19</sat></trkpt>
  <trkpt lat="13.75989904" lon="100.52190700"><ele>-29.865</ele><time>2025-01-19T02:29:55Z</time><speed>2.270</speed><sat>19</sat></trkpt>
  <trkpt lat="13.75994194" lon="100.52193907"><ele>-30.787</ele><time>2025-01-19T02:29:56Z</time><speed>3.330</speed><sat>20</sat></trkpt>
  <trkpt lat="13.75997922" lon="100.52193889"><ele>-31.151</ele><time>2025-01-19T02:29:57Z</time><speed>3.310</speed><sat>21</sat></trkpt>
  <trkpt lat="13.76002257" lon="100.52194226"><ele>-30.731</ele><time>2025-01-19T02:29:58Z</time><speed>4.040</speed><sat>22</sat></trkpt>
  <trkpt lat="13.76004447" lon="100.52196902"><ele>-31.754</ele><time>2025-01-19T02:29:59Z</time><speed>3.770</speed><sat>22</sat></trkpt>
  <trkpt lat="13.76007445" lon="100.52198555"><ele>-31.913</ele><time>2025-01-19T02:30:00Z</time><speed>3.200</speed><sat>22</sat></trkpt>
  <trkpt lat="13.76009737" lon="100.52196730"><ele>-32.044</ele><time>2025-01-19T02:30:01Z</time><speed>2.820</speed><sat>22</sat></trkpt>
  <trkpt lat="13.76012362" lon="100.52197248"><ele>-31.960</ele><time>2025-01-19T02:30:02Z</time><speed>2.810</speed><sat>21</sat></trkpt>
  <trkpt lat="13.76014907" lon="100.52197300"><ele>-31.282</ele><time>2025-01-19T02:30:03Z</time><speed>3.070</speed><sat>20</sat></trkpt>
  <trkpt lat="13.76017065" lon="100.52197885"><ele>-29.356</ele><time>2025-01-19T02:30:04Z</time><speed>1.780</speed><sat>20</sat></trkpt>
  <trkpt lat="13.76018531" lon="100.52198650"><ele>-30.403</ele><time>2025-01-19T02:30:05Z</time><speed>1.380</speed><sat>20</sat></trkpt>
  <trkpt lat="13.76020486" lon="100.52199809"><ele>-29.452</ele><time>2025-01-19T02:30:06Z</time><speed>2.740</speed><sat>20</sat></trkpt>
  <trkpt lat="13.76022729" lon="100.52201284"><ele>-29.611</ele><time>2025-01-19T02:30:07Z</time><speed>2.400</speed><sat>19</sat></trkpt>
  <trkpt lat="13.76024961" lon="100.52202736"><ele>-30.542</ele><time>2025-01-19T02:30:08Z</time><speed>2.550</speed><sat>19</sat></trkpt>
  <trkpt lat="13.76027364" lon="100.52204206"><ele>-29.856</ele><time>2025-01-19T02:30:09Z</time><speed>2.670</speed><sat>19</sat></trkpt>
  <trkpt lat="13.76029985" lon="100.52205772"><ele>-29.404</ele><time>2025-01-19T02:30:10Z</time><speed>2.990</speed><sat>21</sat></trkpt>
  <trkpt lat="13.76032679" lon="100.52207312"><ele>-29.520</ele><time>2025-01-19T02:30:11Z</time><speed>3.010</speed><sat>22</sat></trkpt>
  <trkpt lat="13.76035542" lon="100.52208859"><ele>-29.104</ele><time>2025-01-19T02:30:12Z</time><speed>3.170</speed><sat>21</sat></trkpt>
  <trkpt lat="13.76038414" lon="100.52210228"><ele>-28.753</ele><time>2025-01-19T02:30:13Z</time><speed>3.230</speed><sat>20</sat></trkpt>
  <trkpt lat="13.76041333" lon="100.52211554"><ele>-28.786</ele><time>2025-01-19T02:30:14Z</time><speed>3.410</speed><sat>20</sat></trkpt>
  <trkpt lat="13.76044165" lon="100.52213500"><ele>-29.700</ele><time>2025-01-19T02:30:15Z</time><speed>3.600</speed><sat>20</sat></trkpt>
  <trkpt lat="13.76047563" lon="100.52215497"><ele>-31.004</ele><time>2025-01-19T02:30:16Z</time><speed>4.090</speed><sat>18</sat></trkpt>
  <trkpt lat="13.76051114" lon="100.52217634"><ele>-30.158</ele><time>2025-01-19T02:30:17Z</time><speed>4.120</speed><sat>19</sat></trkpt>
  <trkpt lat="13.76055125" lon="100.52219545"><ele>-30.325</ele><time>2025-01-19T02:30:18Z</time><speed>4.940</speed><sat>19</sat></trkpt>
  <trkpt lat="13.76061148" lon="100.52222173"><ele>-29.649</ele><time>2025-01-19T02:30:19Z</time><speed>5.170</speed><sat>19</sat></trkpt>
  <trkpt lat="13.76065818" lon="100.52222394"><ele>-28.830</ele><time>2025-01-19T02:30:20Z</time><speed>5.530</speed><sat>19</sat></trkpt>
  <trkpt lat="13.76070506" lon="100.52224493"><ele>-28.259</ele><time>2025-01-19T02:30:21Z</time><speed>5.680</speed><sat>19</sat></trkpt>
  <trkpt lat="13.76075864" lon="100.52227040"><ele>-31.568</ele><time>2025-01-19T02:30:22Z</time><speed>6.080</speed><sat>20</sat></trkpt>
  <trkpt lat="13.76081738" lon="100.52228502"><ele>-29.489</ele><time>2025-01-19T02:30:23Z</time><speed>6.000</speed><sat>17</sat></trkpt>
  <trkpt lat="13.76084712" lon="100.52231092"><ele>-30.658</ele><time>2025-01-19T02:30:24Z</time><speed>5.320</speed><sat>17</sat></trkpt>
  <trkpt lat="13.76091797" lon="100.52235472"><ele>-29.627</ele><time>2025-01-19T02:30:25Z</time><speed>7.080</speed><sat>17</sat></trkpt>
  <trkpt lat="13.76095546" lon="100.52237361"><ele>-29.285</ele><time>2025-01-19T02:30:26Z</time><speed>5.650</speed><sat>17</sat></trkpt>
  <trkpt lat="13.76102927" lon="100.52240053"><ele>-29.270</ele><time>2025-01-19T02:30:27Z</time><speed>7.210</speed><sat>19</sat></trkpt>
  <trkpt lat="13.76108163" lon="100.52241415"><ele>-29.308</ele><time>2025-01-19T02:30:28Z</time><speed>6.590</speed><sat>19</sat></trkpt>
  <trkpt lat="13.76115225" lon="100.52243031"><ele>-29.013</ele><time>2025-01-19T02:30:29Z</time><speed>8.020</speed><sat>19</sat></trkpt>
  <trkpt lat="13.76123593" lon="100.52247967"><ele>-31.011</ele><time>2025-01-19T02:30:30Z</time><speed>8.110</speed><sat>18</sat></trkpt>
  <trkpt lat="13.76129899" lon="100.52250529"><ele>-31.694</ele><time>2025-01-19T02:30:31Z</time><speed>8.320</speed><sat>20</sat></trkpt>
  <trkpt lat="13.76135698" lon="100.52253784"><ele>-31.924</ele><time>2025-01-19T02:30:32Z</time><speed>8.350</speed><sat>20</sat></trkpt>
  <trkpt lat="13.76143966" lon="100.52255664"><ele>-31.960</ele><time>2025-01-19T02:30:33Z</time><speed>8.560</speed><sat>16</sat></trkpt>
  <trkpt lat="13.76152049" lon="100.52257774"><ele>-31.253</ele><time>2025-01-19T02:30:34Z</time><speed>8.880</speed><sat>15</sat></trkpt>
  <trkpt lat="13.76159614" lon="100.52261387"><ele>-30.388</ele><time>2025-01-19T02:30:35Z</time><speed>9.020</speed><sat>15</sat></trkpt>
  <trkpt lat="13.76168100" lon="100.52264563"><ele>-31.910</ele><time>2025-01-19T02:30:36Z</time><speed>9.250</speed><sat>16</sat></trkpt>
  <trkpt lat="13.76175829" lon="100.52267093"><ele>-31.333</ele><time>2025-01-19T02:30:37Z</time><speed>9.460</speed><sat>18</sat></trkpt>
  <trkpt lat="13.76183814" lon="100.52271243"><ele>-30.321</ele><time>2025-01-19T02:30:38Z</time><speed>9.620</speed><sat>18</sat></trkpt>
  <trkpt lat="13.76191910" lon="100.52275322"><ele>-29.830</ele><time>2025-01-19T02:30:39Z</time><speed>9.780</speed><sat>20</sat></trkpt>
  <trkpt lat="13.76200385" lon="100.52278148"><ele>-29.528</ele><time>2025-01-19T02:30:40Z</time><speed>9.940</speed><sat>20</sat></trkpt>
  <trkpt lat="13.76210128" lon="100.52280779"><ele>-29.638</ele><time>2025-01-19T02:30:41Z</time><speed>10.190</speed><sat>20</sat></trkpt>
  <trkpt lat="13.76218167" lon="100.52283989"><ele>-30.357</ele><time>2025-01-19T02:30:42Z</time><speed>10.340</speed><sat>20</sat></trkpt>
  <trkpt lat="13.76226793" lon="100.52287260"><ele>-29.483</ele><time>2025-01-19T02:30:43Z</time><speed>10.480</speed><sat>19</sat></trkpt>
  <trkpt lat="13.76234610" lon="100.52290549"><ele>-29.565</ele><time>2025-01-19T02:30:44Z</time><speed>10.080</speed><sat>19</sat></trkpt>
  <trkpt lat="13.76242781" lon="100.52294322"><ele>-29.480</ele><time>2025-01-19T02:30:45Z</time><speed>10.030</speed><sat>19</sat></trkpt>
  <trkpt lat="13.76251413" lon="100.52300329"><ele>-29.253</ele><time>2025-01-19T02:30:46Z</time><speed>10.770</speed><sat>19</sat></trkpt>
  <trkpt lat="13.76260004" lon="100.52304514"><ele>-29.483</ele><time>2025-01-19T02:30:47Z</time><speed>10.570</speed><sat>18</sat></trkpt>
  <trkpt lat="13.76269694" lon="100.52306853"><ele>-30.034</ele><time>2025-01-19T02:30:48Z</time><speed>10.910</speed><sat>19</sat></trkpt>
  <trkpt lat="13.76280447" lon="100.52310192"><ele>-27.624</ele><time>2025-01-19T02:30:49Z</time><speed>11.510</speed><sat>17</sat></trkpt>
  <trkpt lat="13.76289226" lon="100.52313434"><ele>-26.738</ele><time>2025-01-19T02:30:50Z</time><speed>11.370</speed><sat>19</sat></trkpt>
  <trkpt lat="13.76299633" lon="100.52319452"><ele>-27.826</ele><time>2025-01-19T02:30:51Z</time><speed>12.110</speed><sat>20</sat></trkpt>
  <trkpt lat="13.76308848" lon="100.52322544"><ele>-27.612</ele><time>2025-01-19T02:30:52Z</time><speed>11.910</speed><sat>20</sat></trkpt>
  <trkpt lat="13.76319821" lon="100.52325658"><ele>-28.026</ele><time>2025-01-19T02:30:53Z</time><speed>12.140</speed><sat>20</sat></trkpt>
  <trkpt lat="13.76328896" lon="100.52327737"><ele>-28.949</ele><time>2025-01-19T02:30:54Z</time><speed>10.530</speed><sat>19</sat></trkpt>
  <trkpt lat="13.76338761" lon="100.52331793"><ele>-29.160</ele><time>2025-01-19T02:30:55Z</time><speed>11.180</speed><sat>20</sat></trkpt>
  <trkpt lat="13.76346865" lon="100.52334801"><ele>-28.858</ele><time>2025-01-19T02:30:56Z</time><speed>10.530</speed><sat>19</sat></trkpt>
  <trkpt lat="13.76354816" lon="100.52337991"><ele>-29.042</ele><time>2025-01-19T02:30:57Z</time><speed>10.380</speed><sat>18</sat></trkpt>
  <trkpt lat="13.76362692" lon="100.52339881"><ele>-29.723</ele><time>2025-01-19T02:30:58Z</time><speed>9.040</speed><sat>17</sat></trkpt>
  <trkpt lat="13.76372469" lon="100.52343836"><ele>-30.154</ele><time>2025-01-19T02:30:59Z</time><speed>9.970</speed><sat>17</sat></trkpt>
  <trkpt lat="13.76383214" lon="100.52350207"><ele>-28.682</ele><time>2025-01-19T02:31:00Z</time><speed>10.590</speed><sat>18</sat></trkpt>
  <trkpt lat="13.76392208" lon="100.52354278"><ele>-28.519</ele><time>2025-01-19T02:31:01Z</time><speed>10.460</speed><sat>19</sat></trkpt>
  <trkpt lat="13.76400047" lon="100.52361223"><ele>-29.771</ele><time>2025-01-19T02:31:02Z</time><speed>10.410</speed><sat>19</sat></trkpt>
  <trkpt lat="13.76411097" lon="100.52362987"><ele>-30.051</ele><time>2025-01-19T02:31:03Z</time><speed>10.970</speed><sat>19</sat></trkpt>
  <trkpt lat="13.76422127" lon="100.52368291"><ele>-29.920</ele><time>2025-01-19T02:31:04Z</time><speed>11.690</speed><sat>19</sat></trkpt>
  <trkpt lat="13.76426549" lon="100.52372480"><ele>-28.790</ele><time>2025-01-19T02:31:05Z</time><speed>8.220</speed><sat>19</sat></trkpt>
  <trkpt lat="13.76435396" lon="100.52375821"><ele>-29.165</ele><time>2025-01-19T02:31:06Z</time><speed>8.860</speed><sat>18</sat></trkpt>
  <trkpt lat="13.76442450" lon="100.52379366"><ele>-28.616</ele><time>2025-01-19T02:31:07Z</time><speed>9.120</speed><sat>18</sat></trkpt>
  <trkpt lat="13.76446590" lon="100.52380178"><ele>-28.197</ele><time>2025-01-19T02:31:08Z</time><speed>6.780</speed><sat>18</sat></trkpt>
  <trkpt lat="13.76454758" lon="100.52381458"><ele>-28.848</ele><time>2025-01-19T02:31:09Z</time><speed>8.420</speed><sat>18</sat></trkpt>
  <trkpt lat="13.76463178" lon="100.52383871"><ele>-28.124</ele><time>2025-01-19T02:31:10Z</time><speed>9.640</speed><sat>18</sat></trkpt>
  <trkpt lat="13.76471033" lon="100.52386450"><ele>-29.804</ele><time>2025-01-19T02:31:11Z</time><speed>9.060</speed><sat>19</sat></trkpt>
  <trkpt lat="13.76476014" lon="100.52387508"><ele>-30.280</ele><time>2025-01-19T02:31:12Z</time><speed>6.080</speed><sat>19</sat></trkpt>
  <trkpt lat="13.76485056" lon="100.52391769"><ele>-33.175</ele><time>2025-01-19T02:31:13Z</time><speed>8.430</speed><sat>19</sat></trkpt>
  <trkpt lat="13.76493881" lon="100.52395873"><ele>-33.442</ele><time>2025-01-19T02:31:14Z</time><speed>8.550</speed><sat>19</sat></trkpt>
  <trkpt lat="13.76503981" lon="100.52400374"><ele>-33.632</ele><time>2025-01-19T02:31:15Z</time><speed>10.200</speed><sat>19</sat></trkpt>
  <trkpt lat="13.76510910" lon="100.52404999"><ele>-33.521</ele><time>2025-01-19T02:31:16Z</time><speed>9.500</speed><sat>20</sat></trkpt>
  <trkpt lat="13.76519896" lon="100.52408721"><ele>-32.640</ele><time>2025-01-19T02:31:17Z</time><speed>9.860</speed><sat>19</sat></trkpt>
  <trkpt lat="13.76527185" lon="100.52410171"><ele>-32.644</ele><time>2025-01-19T02:31:18Z</time><speed>9.010</speed><sat>20</sat></trkpt>
  <trkpt lat="13.76532871" lon="100.52413786"><ele>-33.676</ele><time>2025-01-19T02:31:19Z</time><speed>8.170</speed><sat>20</sat></trkpt>
  <trkpt lat="13.76540532" lon="100.52415947"><ele>-35.016</ele><time>2025-01-19T02:31:20Z</time><speed>7.690</speed><sat>20</sat></trkpt>
  <trkpt lat="13.76547457" lon="100.52420491"><ele>-35.641</ele><time>2025-01-19T02:31:21Z</time><speed>8.850</speed><sat>20</sat></trkpt>
  <trkpt lat="13.76555900" lon="100.52424709"><ele>-35.913</ele><time>2025-01-19T02:31:22Z</time><speed>8.970</speed><sat>19</sat></trkpt>
  <trkpt lat="13.76563131" lon="100.52428553"><ele>-32.108</ele><time>2025-01-19T02:31:23Z</time><speed>8.410</speed><sat>19</sat></trkpt>
  <trkpt lat="13.76571189" lon="100.52432397"><ele>-32.232</ele><time>2025-01-19T02:31:24Z</time><speed>8.020</speed><sat>19</sat></trkpt>
  <trkpt lat="13.76579905" lon="100.52435244"><ele>-32.943</ele><time>2025-01-19T02:31:25Z</time><speed>8.310</speed><sat>19</sat></trkpt>
  <trkpt lat="13.76586533" lon="100.52439185"><ele>-32.607</ele><time>2025-01-19T02:31:26Z</time><speed>8.220</speed><sat>19</sat></trkpt>
  <trkpt lat="13.76593335" lon="100.52439623"><ele>-32.254</ele><time>2025-01-19T02:31:27Z</time><speed>6.950</speed><sat>20</sat></trkpt>
  <trkpt lat="13.76600762" lon="100.52441879"><ele>-33.578</ele><time>2025-01-19T02:31:28Z</time><speed>7.490</speed><sat>21</sat></trkpt>
  <trkpt lat="13.76606014" lon="100.52444115"><ele>-32.818</ele><time>2025-01-19T02:31:29Z</time><speed>7.200</speed><sat>21</sat></trkpt>
  <trkpt lat="13.76611541" lon="100.52446255"><ele>-33.894</ele><time>2025-01-19T02:31:30Z</time><speed>5.480</speed><sat>20</sat></trkpt>
  <trkpt lat="13.76616354" lon="100.52447971"><ele>-33.504</ele><time>2025-01-19T02:31:31Z</time><speed>5.930</speed><sat>20</sat></trkpt>
  <trkpt lat="13.76622346" lon="100.52450124"><ele>-33.586</ele><time>2025-01-19T02:31:32Z</time><speed>6.320</speed><sat>20</sat></trkpt>
  <trkpt lat="13.76628095" lon="100.52452539"><ele>-33.562</ele><time>2025-01-19T02:31:33Z</time><speed>6.490</speed><sat>20</sat></trkpt>
  <trkpt lat="13.76632296" lon="100.52454900"><ele>-32.783</ele><time>2025-01-19T02:31:34Z</time><speed>5.710</speed><sat>19</sat></trkpt>
  <trkpt lat="13.76636720" lon="100.52456684"><ele>-33.142</ele><time>2025-01-19T02:31:35Z</time><speed>5.730</speed><sat>20</sat></trkpt>
  <trkpt lat="13.76642731" lon="100.52457117"><ele>-34.351</ele><time>2025-01-19T02:31:36Z</time><speed>5.920</speed><sat>20</sat></trkpt>
  <trkpt lat="13.76647225" lon="100.52459189"><ele>-33.922</ele><time>2025-01-19T02:31:37Z</time><speed>4.820</speed><sat>21</sat></trkpt>
  <trkpt lat="13.76653017" lon="100.52460838"><ele>-33.785</ele><time>2025-01-19T02:31:38Z</time><speed>5.300</speed><sat>21</sat></trkpt>
  <trkpt lat="13.76658378" lon="100.52464104"><ele>-33.077</ele><time>2025-01-19T02:31:39Z</time><speed>5.870</speed><sat>18</sat></trkpt>
  <trkpt lat="13.76663559" lon="100.52465715"><ele>-33.862</ele><time>2025-01-19T02:31:40Z</time><speed>4.630</speed><sat>17</sat></trkpt>
  <trkpt lat="13.76667264" lon="100.52467107"><ele>-32.514</ele><time>2025-01-19T02:31:41Z</time><speed>4.260</speed><sat>15</sat></trkpt>
  <trkpt lat="13.76673394" lon="100.52469575"><ele>-32.065</ele><time>2025-01-19T02:31:42Z</time><speed>4.930</speed><sat>15</sat></trkpt>
  <trkpt lat="13.76677628" lon="100.52472406"><ele>-31.482</ele><time>2025-01-19T02:31:43Z</time><speed>5.130</speed><sat>15</sat></trkpt>
  <trkpt lat="13.76684107" lon="100.52474829"><ele>-31.062</ele><time>2025-01-19T02:31:44Z</time><speed>5.250</speed><sat>16</sat></trkpt>
  <trkpt lat="13.76689185" lon="100.52476884"><ele>-31.588</ele><time>2025-01-19T02:31:45Z</time><speed>4.800</speed><sat>17</sat></trkpt>
  <trkpt lat="13.76691693" lon="100.52479795"><ele>-28.894</ele><time>2025-01-19T02:31:46Z</time><speed>4.930</speed><sat>18</sat></trkpt>
  <trkpt lat="13.76693561" lon="100.52480968"><ele>-29.265</ele><time>2025-01-19T02:31:47Z</time><speed>2.380</speed><sat>19</sat></trkpt>
  <trkpt lat="13.76697352" lon="100.52482955"><ele>-29.146</ele><time>2025-01-19T02:31:48Z</time><speed>3.510</speed><sat>18</sat></trkpt>
  <trkpt lat="13.76700971" lon="100.52484993"><ele>-29.187</ele><time>2025-01-19T02:31:49Z</time><speed>3.650</speed><sat>19</sat></trkpt>
  <trkpt lat="13.76705934" lon="100.52486436"><ele>-29.304</ele><time>2025-01-19T02:31:50Z</time><speed>4.010</speed><sat>19</sat></trkpt>
  <trkpt lat="13.76706893" lon="100.52487458"><ele>-28.590</ele><time>2025-01-19T02:31:51Z</time><speed>2.240</speed><sat>17</sat></trkpt>
  <trkpt lat="13.76710799" lon="100.52488759"><ele>-28.775</ele><time>2025-01-19T02:31:52Z</time><speed>2.380</speed><sat>17</sat></trkpt>
  <trkpt lat="13.76712319" lon="100.52490022"><ele>-29.375</ele><time>2025-01-19T02:31:53Z</time><speed>1.850</speed><sat>17</sat></trkpt>
  <trkpt lat="13.76714949" lon="100.52491116"><ele>-29.346</ele><time>2025-01-19T02:31:54Z</time><speed>2.590</speed><sat>18</sat></trkpt>
  <trkpt lat="13.76717388" lon="100.52491705"><ele>-29.106</ele><time>2025-01-19T02:31:55Z</time><speed>2.740</speed><sat>17</sat></trkpt>
  <trkpt lat="13.76720141" lon="100.52491664"><ele>-29.020</ele><time>2025-01-19T02:31:56Z</time><speed>2.920</speed><sat>18</sat></trkpt>
  <trkpt lat="13.76722447" lon="100.52491945"><ele>-28.136</ele><time>2025-01-19T02:31:57Z</time><speed>1.750</speed><sat>18</sat></trkpt>
  <trkpt lat="13.76724216" lon="100.52492817"><ele>-27.345</ele><time>2025-01-19T02:31:58Z</time><speed>2.190</speed><sat>18</sat></trkpt>
  <trkpt lat="13.76726021" lon="100.52493564"><ele>-26.627</ele><time>2025-01-19T02:31:59Z</time><speed>1.940</speed><sat>19</sat></trkpt>
  <trkpt lat="13.76727805" lon="100.52494016"><ele>-26.972</ele><time>2025-01-19T02:32:00Z</time><speed>2.000</speed><sat>19</sat></trkpt>
  <trkpt lat="13.76729598" lon="100.52494454"><ele>-26.750</ele><time>2025-01-19T02:32:01Z</time><speed>1.580</speed><sat>20</sat></trkpt>
  <trkpt lat="13.76731698" lon="100.52494640"><ele>-26.785</ele><time>2025-01-19T02:32:02Z</time><speed>1.950</speed><sat>19</sat></trkpt>
  <trkpt lat="13.76733703" lon="100.52494967"><ele>-26.085</ele><time>2025-01-19T02:32:03Z</time><speed>1.290</speed><sat>19</sat></trkpt>
  <trkpt lat="13.76735473" lon="100.52495234"><ele>-24.774</ele><time>2025-01-19T02:32:04Z</time><speed>1.780</speed><sat>18</sat></trkpt>
  <trkpt lat="13.76736947" lon="100.52495580"><ele>-23.903</ele><time>2025-01-19T02:32:05Z</time><speed>1.330</speed><sat>20</sat></trkpt>
  <trkpt lat="13.76738314" lon="100.52496273"><ele>-23.066</ele><time>2025-01-19T02:32:06Z</time><speed>1.530</speed><sat>21</sat></trkpt>
  <trkpt lat="13.76739776" lon="100.52497167"><ele>-22.818</ele><time>2025-01-19T02:32:07Z</time><speed>1.680</speed><sat>21</sat></trkpt>
  <trkpt lat="13.76741758" lon="100.52498159"><ele>-22.452</ele><time>2025-01-19T02:32:08Z</time><speed>2.110</speed><sat>21</sat></trkpt>
  <trkpt lat="13.76744046" lon="100.52499062"><ele>-21.583</ele><time>2025-01-19T02:32:09Z</time><speed>1.910</speed><sat>21</sat></trkpt>
  <trkpt lat="13.76746524" lon="100.52499848"><ele>-21.197</ele><time>2025-01-19T02:32:10Z</time><speed>2.350</speed><sat>20</sat></trkpt>
  <trkpt lat="13.76748989" lon="100.52500761"><ele>-19.891</ele><time>2025-01-19T02:32:11Z</time><speed>2.060</speed><sat>22</sat></trkpt>
  <trkpt lat="13.76751375" lon="100.52501276"><ele>-21.940</ele><time>2025-01-19T02:32:12Z</time><speed>2.030</speed><sat>22</sat></trkpt>
  <trkpt lat="13.76753426" lon="100.52502054"><ele>-22.133</ele><time>2025-01-19T02:32:13Z</time><speed>1.790</speed><sat>21</sat></trkpt>
  <trkpt lat="13.76755547" lon="100.52502964"><ele>-21.256</ele><time>2025-01-19T02:32:14Z</time><speed>2.030</speed><sat>21</sat></trkpt>
  <trkpt lat="13.76758095" lon="100.52503808"><ele>-21.993</ele><time>2025-01-19T02:32:15Z</time><speed>2.450</speed><sat>19</sat></trkpt>
  <trkpt lat="13.76761005" lon="100.52504776"><ele>-21.411</ele><time>2025-01-19T02:32:16Z</time><speed>2.750</speed><sat>19</sat></trkpt>
  <trkpt lat="13.76763465" lon="100.52505717"><ele>-22.280</ele><time>2025-01-19T02:32:17Z</time><speed>2.240</speed><sat>18</sat></trkpt>
  <trkpt lat="13.76765731" lon="100.52506782"><ele>-22.576</ele><time>2025-01-19T02:32:18Z</time><speed>2.400</speed><sat>18</sat></trkpt>
  <trkpt lat="13.76768092" lon="100.52507888"><ele>-22.656</ele><time>2025-01-19T02:32:19Z</time><speed>2.460</speed><sat>18</sat></trkpt>
  <trkpt lat="13.76771069" lon="100.52508883"><ele>-22.231</ele><time>2025-01-19T02:32:20Z</time><speed>3.270</speed><sat>16</sat></trkpt>
  <trkpt lat="13.76773710" lon="100.52510012"><ele>-23.204</ele><time>2025-01-19T02:32:21Z</time><speed>2.160</speed><sat>18</sat></trkpt>
  <trkpt lat="13.76776027" lon="100.52511104"><ele>-22.960</ele><time>2025-01-19T02:32:22Z</time><speed>2.450</speed><sat>17</sat></trkpt>
  <trkpt lat="13.76779268" lon="100.52512686"><ele>-23.864</ele><time>2025-01-19T02:32:23Z</time><speed>3.880</speed><sat>18</sat></trkpt>
  <trkpt lat="13.76783114" lon="100.52513941"><ele>-23.179</ele><time>2025-01-19T02:32:24Z</time><speed>3.600</speed><sat>17</sat></trkpt>
  <trkpt lat="13.76786465" lon="100.52514733"><ele>-22.696</ele><time>2025-01-19T02:32:25Z</time><speed>2.590</speed><sat>17</sat></trkpt>
  <trkpt lat="13.76789432" lon="100.52515425"><ele>-22.530</ele><time>2025-01-19T02:32:26Z</time><speed>2.900</speed><sat>19</sat></trkpt>
  <trkpt lat="13.76792892" lon="100.52516430"><ele>-23.582</ele><time>2025-01-19T02:32:27Z</time><speed>3.360</speed><sat>18</sat></trkpt>
  <trkpt lat="13.76796991" lon="100.52518044"><ele>-23.550</ele><time>2025-01-19T02:32:28Z</time><speed>4.260</speed><sat>19</sat></trkpt>
  <trkpt lat="13.76800636" lon="100.52519586"><ele>-22.884</ele><time>2025-01-19T02:32:29Z</time><speed>2.970</speed><sat>20</sat></trkpt>
  <trkpt lat="13.76804319" lon="100.52520987"><ele>-21.741</ele><time>2025-01-19T02:32:30Z</time><speed>3.820</speed><sat>22</sat></trkpt>
  <trkpt lat="13.76808113" lon="100.52522286"><ele>-22.630</ele><time>2025-01-19T02:32:31Z</time><speed>3.950</speed><sat>23</sat></trkpt>
  <trkpt lat="13.76812033" lon="100.52523878"><ele>-23.010</ele><time>2025-01-19T02:32:32Z</time><speed>3.370</speed><sat>21</sat></trkpt>
  <trkpt lat="13.76816098" lon="100.52525638"><ele>-25.459</ele><time>2025-01-19T02:32:33Z</time><speed>3.860</speed><sat>21</sat></trkpt>
  <trkpt lat="13.76820572" lon="100.52527777"><ele>-24.769</ele><time>2025-01-19T02:32:34Z</time><speed>4.260</speed><sat>22</sat></trkpt>
  <trkpt lat="13.76824463" lon="100.52529706"><ele>-26.344</ele><time>2025-01-19T02:32:35Z</time><speed>2.920</speed><sat>22</sat></trkpt>
  <trkpt lat="13.76828451" lon="100.52531584"><ele>-25.697</ele><time>2025-01-19T02:32:36Z</time><speed>4.320</speed><sat>20</sat></trkpt>
  <trkpt lat="13.76833214" lon="100.52534165"><ele>-25.444</ele><time>2025-01-19T02:32:37Z</time><speed>4.790</speed><sat>20</sat></trkpt>
  <trkpt lat="13.76841888" lon="100.52539659"><ele>-26.225</ele><time>2025-01-19T02:32:38Z</time><speed>5.280</speed><sat>23</sat></trkpt>
  <trkpt lat="13.76845736" lon="100.52540727"><ele>-27.443</ele><time>2025-01-19T02:32:39Z</time><speed>5.020</speed><sat>23</sat></trkpt>
  <trkpt lat="13.76847697" lon="100.52540587"><ele>-27.403</ele><time>2025-01-19T02:32:40Z</time><speed>2.470</speed><sat>22</sat></trkpt>
  <trkpt lat="13.76852516" lon="100.52541997"><ele>-27.130</ele><time>2025-01-19T02:32:41Z</time><speed>4.410</speed><sat>21</sat></trkpt>
  <trkpt lat="13.76856411" lon="100.52543944"><ele>-27.040</ele><time>2025-01-19T02:32:42Z</time><speed>4.690</speed><sat>21</sat></trkpt>
  <trkpt lat="13.76860447" lon="100.52546031"><ele>-25.514</ele><time>2025-01-19T02:32:43Z</time><speed>4.500</speed><sat>22</sat></trkpt>
  <trkpt lat="13.76866094" lon="100.52547334"><ele>-26.149</ele><time>2025-01-19T02:32:44Z</time><speed>5.050</speed><sat>20</sat></trkpt>
  <trkpt lat="13.76870396" lon="100.52550120"><ele>-25.802</ele><time>2025-01-19T02:32:45Z</time><speed>5.420</speed><sat>20</sat></trkpt>
  <trkpt lat="13.76877193" lon="100.52551805"><ele>-25.927</ele><time>2025-01-19T02:32:46Z</time><speed>5.890</speed><sat>22</sat></trkpt>
  <trkpt lat="13.76884163" lon="100.52554907"><ele>-26.226</ele><time>2025-01-19T02:32:47Z</time><speed>6.040</speed><sat>21</sat></trkpt>
  <trkpt lat="13.76890971" lon="100.52558410"><ele>-27.099</ele><time>2025-01-19T02:32:48Z</time><speed>6.740</speed><sat>19</sat></trkpt>
  <trkpt lat="13.76899442" lon="100.52562424"><ele>-27.768</ele><time>2025-01-19T02:32:49Z</time><speed>8.000</speed><sat>19</sat></trkpt>
  <trkpt lat="13.76905162" lon="100.52564588"><ele>-28.204</ele><time>2025-01-19T02:32:50Z</time><speed>6.460</speed><sat>19</sat></trkpt>
  <trkpt lat="13.76912249" lon="100.52567915"><ele>-26.105</ele><time>2025-01-19T02:32:51Z</time><speed>6.500</speed><sat>20</sat></trkpt>
  <trkpt lat="13.76919454" lon="100.52569278"><ele>-25.953</ele><time>2025-01-19T02:32:52Z</time><speed>6.810</speed><sat>19</sat></trkpt>
  <trkpt lat="13.76926330" lon="100.52571188"><ele>-26.136</ele><time>2025-01-19T02:32:53Z</time><speed>7.150</speed><sat>20</sat></trkpt>
  <trkpt lat="13.76931898" lon="100.52575376"><ele>-24.703</ele><time>2025-01-19T02:32:54Z</time><speed>6.110</speed><sat>21</sat></trkpt>
  <trkpt lat="13.76938391" lon="100.52578656"><ele>-25.221</ele><time>2025-01-19T02:32:55Z</time><speed>7.570</speed><sat>21</sat></trkpt>
  <trkpt lat="13.76944892" lon="100.52582018"><ele>-24.805</ele><time>2025-01-19T02:32:56Z</time><speed>6.200</speed><sat>20</sat></trkpt>
  <trkpt lat="13.76951986" lon="100.52584757"><ele>-25.952</ele><time>2025-01-19T02:32:57Z</time><speed>7.540</speed><sat>21</sat></trkpt>
  <trkpt lat="13.76958189" lon="100.52586791"><ele>-24.461</ele><time>2025-01-19T02:32:58Z</time><speed>7.220</speed><sat>21</sat></trkpt>
  <trkpt lat="13.76964880" lon="100.52590043"><ele>-24.182</ele><time>2025-01-19T02:32:59Z</time><speed>7.850</speed><sat>20</sat></trkpt>
  <trkpt lat="13.76970195" lon="100.52594311"><ele>-24.450</ele><time>2025-01-19T02:33:00Z</time><speed>7.670</speed><sat>20</sat></trkpt>
  <trkpt lat="13.76979874" lon="100.52598603"><ele>-24.757</ele><time>2025-01-19T02:33:01Z</time><speed>9.440</speed><sat>19</sat></trkpt>
  <trkpt lat="13.76985482" lon="100.52599220"><ele>-24.749</ele><time>2025-01-19T02:33:02Z</time><speed>6.550</speed><sat>20</sat></trkpt>
  <trkpt lat="13.76992644" lon="100.52603371"><ele>-23.094</ele><time>2025-01-19T02:33:03Z</time><speed>7.680</speed><sat>19</sat></trkpt>
  <trkpt lat="13.77000329" lon="100.52607275"><ele>-23.919</ele><time>2025-01-19T02:33:04Z</time><speed>8.440</speed><sat>21</sat></trkpt>
  <trkpt lat="13.77008877" lon="100.52611823"><ele>-23.520</ele><time>2025-01-19T02:33:05Z</time><speed>9.050</speed><sat>21</sat></trkpt>
  <trkpt lat="13.77016235" lon="100.52615620"><ele>-22.764</ele><time>2025-01-19T02:33:06Z</time><speed>7.980</speed><sat>21</sat></trkpt>
  <trkpt lat="13.77027032" lon="100.52620665"><ele>-24.756</ele><time>2025-01-19T02:33:07Z</time><speed>9.790</speed><sat>21</sat></trkpt>
  <trkpt lat="13.77035562" lon="100.52623994"><ele>-24.736</ele><time>2025-01-19T02:33:08Z</time><speed>9.960</speed><sat>20</sat></trkpt>
  <trkpt lat="13.77044860" lon="100.52627399"><ele>-24.963</ele><time>2025-01-19T02:33:09Z</time><speed>9.640</speed><sat>20</sat></trkpt>
  <trkpt lat="13.77053623" lon="100.52631101"><ele>-24.255</ele><time>2025-01-19T02:33:10Z</time><speed>10.110</speed><sat>19</sat></trkpt>
  <trkpt lat="13.77062624" lon="100.52634372"><ele>-26.444</ele><time>2025-01-19T02:33:11Z</time><speed>9.710</speed><sat>20</sat></trkpt>
  <trkpt lat="13.77071781" lon="100.52638862"><ele>-28.077</ele><time>2025-01-19T02:33:12Z</time><speed>10.510</speed><sat>19</sat></trkpt>
  <trkpt lat="13.77081695" lon="100.52642244"><ele>-28.628</ele><time>2025-01-19T02:33:13Z</time><speed>10.490</speed><sat>20</sat></trkpt>
  <trkpt lat="13.77090823" lon="100.52646497"><ele>-28.113</ele><time>2025-01-19T02:33:14Z</time><speed>10.550</speed><sat>19</sat></trkpt>
  <trkpt lat="13.77099793" lon="100.52649422"><ele>-27.624</ele><time>2025-01-19T02:33:15Z</time><speed>10.560</speed><sat>19</sat></trkpt>
  <trkpt lat="13.77109364" lon="100.52651903"><ele>-26.269</ele><time>2025-01-19T02:33:16Z</time><speed>10.750</speed><sat>18</sat></trkpt>
  <trkpt lat="13.77118511" lon="100.52655642"><ele>-25.596</ele><time>2025-01-19T02:33:17Z</time><speed>10.770</speed><sat>17</sat></trkpt>
  <trkpt lat="13.77127464" lon="100.52659004"><ele>-25.856</ele><time>2025-01-19T02:33:18Z</time><speed>10.920</speed><sat>19</sat></trkpt>
  <trkpt lat="13.77136683" lon="100.52663608"><ele>-25.082</ele><time>2025-01-19T02:33:19Z</time><speed>10.970</speed><sat>19</sat></trkpt>
  <trkpt lat="13.77146334" lon="100.52666360"><ele>-25.931</ele><time>2025-01-19T02:33:20Z</time><speed>11.350</speed><sat>19</sat></trkpt>
  <trkpt lat="13.77155440" lon="100.52670636"><ele>-24.725</ele><time>2025-01-19T02:33:21Z</time><speed>11.020</speed><sat>19</sat></trkpt>
  <trkpt lat="13.77165722" lon="100.52673993"><ele>-24.756</ele><time>2025-01-19T02:33:22Z</time><speed>11.280</speed><sat>18</sat></trkpt>
  <trkpt lat="13.77175315" lon="100.52677852"><ele>-25.036</ele><time>2025-01-19T02:33:23Z</time><speed>11.300</speed><sat>18</sat></trkpt>
  <trkpt lat="13.77185161" lon="100.52681731"><ele>-24.392</ele><time>2025-01-19T02:33:24Z</time><speed>11.450</speed><sat>17</sat></trkpt>
  <trkpt lat="13.77195294" lon="100.52684922"><ele>-24.470</ele><time>2025-01-19T02:33:25Z</time><speed>11.550</speed><sat>18</sat></trkpt>
  <trkpt lat="13.77205248" lon="100.52687660"><ele>-24.440</ele><time>2025-01-19T02:33:26Z</time><speed>11.540</speed><sat>18</sat></trkpt>
  <trkpt lat="13.77215433" lon="100.52691867"><ele>-26.916</ele><time>2025-01-19T02:33:27Z</time><speed>11.510</speed><sat>20</sat></trkpt>
  <trkpt lat="13.77225072" lon="100.52695908"><ele>-26.192</ele><time>2025-01-19T02:33:28Z</time><speed>11.580</speed><sat>20</sat></trkpt>
  <trkpt lat="13.77235141" lon="100.52699784"><ele>-25.754</ele><time>2025-01-19T02:33:29Z</time><speed>11.490</speed><sat>19</sat></trkpt>
  <trkpt lat="13.77244877" lon="100.52704670"><ele>-26.548</ele><time>2025-01-19T02:33:30Z</time><speed>11.390</speed><sat>19</sat></trkpt>
  <trkpt lat="13.77254598" lon="100.52707750"><ele>-26.596</ele><time>2025-01-19T02:33:31Z</time><speed>11.410</speed><sat>19</sat></trkpt>
  <trkpt lat="13.77264073" lon="100.52712129"><ele>-26.789</ele><time>2025-01-19T02:33:32Z</time><speed>11.560</speed><sat>20</sat></trkpt>
  <trkpt lat="13.77274378" lon="100.52715500"><ele>-26.964</ele><time>2025-01-19T02:33:33Z</time><speed>11.510</speed><sat>20</sat></trkpt>
  <trkpt lat="13.77283729" lon="100.52719044"><ele>-26.770</ele><time>2025-01-19T02:33:34Z</time><speed>11.460</speed><sat>22</sat></trkpt>
  <trkpt lat="13.77293629" lon="100.52722645"><ele>-27.023</ele><time>2025-01-19T02:33:35Z</time><speed>11.400</speed><sat>22</sat></trkpt>
  <trkpt lat="13.77304503" lon="100.52725054"><ele>-27.313</ele><time>2025-01-19T02:33:36Z</time><speed>11.950</speed><sat>22</sat></trkpt>
  <trkpt lat="13.77315533" lon="100.52726079"><ele>-27.070</ele><time>2025-01-19T02:33:37Z</time><speed>11.770</speed><sat>20</sat></trkpt>
  <trkpt lat="13.77324275" lon="100.52729495"><ele>-27.579</ele><time>2025-01-19T02:33:38Z</time><speed>10.880</speed><sat>17</sat></trkpt>
  <trkpt lat="13.77332818" lon="100.52734106"><ele>-27.322</ele><time>2025-01-19T02:33:39Z</time><speed>11.100</speed><sat>15</sat></trkpt>
  <trkpt lat="13.77343109" lon="100.52736659"><ele>-28.423</ele><time>2025-01-19T02:33:40Z</time><speed>10.900</speed><sat>10</sat></trkpt>
  <trkpt lat="13.77349769" lon="100.52743393"><ele>-29.444</ele><time>2025-01-19T02:33:41Z</time><speed>10.930</speed><sat>14</sat></trkpt>
  <trkpt lat="13.77357521" lon="100.52746755"><ele>-28.922</ele><time>2025-01-19T02:33:42Z</time><speed>10.210</speed><sat>15</sat></trkpt>
  <trkpt lat="13.77366457" lon="100.52751374"><ele>-30.289</ele><time>2025-01-19T02:33:43Z</time><speed>10.170</speed><sat>17</sat></trkpt>
  <trkpt lat="13.77374597" lon="100.52754552"><ele>-31.259</ele><time>2025-01-19T02:33:44Z</time><speed>10.020</speed><sat>19</sat></trkpt>
  <trkpt lat="13.77382961" lon="100.52758336"><ele>-30.553</ele><time>2025-01-19T02:33:45Z</time><speed>9.120</speed><sat>21</sat></trkpt>
  <trkpt lat="13.77388721" lon="100.52765200"><ele>-30.424</ele><time>2025-01-19T02:33:46Z</time><speed>9.520</speed><sat>21</sat></trkpt>
  <trkpt lat="13.77400380" lon="100.52768748"><ele>-30.921</ele><time>2025-01-19T02:33:47Z</time><speed>11.180</speed><sat>21</sat></trkpt>
  <trkpt lat="13.77409109" lon="100.52772540"><ele>-31.391</ele><time>2025-01-19T02:33:48Z</time><speed>10.780</speed><sat>20</sat></trkpt>
  <trkpt lat="13.77418676" lon="100.52775574"><ele>-32.134</ele><time>2025-01-19T02:33:49Z</time><speed>10.910</speed><sat>20</sat></trkpt>
  <trkpt lat="13.77428294" lon="100.52778340"><ele>-33.245</ele><time>2025-01-19T02:33:50Z</time><speed>10.360</speed><sat>20</sat></trkpt>
  <trkpt lat="13.77436544" lon="100.52780504"><ele>-34.400</ele><time>2025-01-19T02:33:51Z</time><speed>9.050</speed><sat>18</sat></trkpt>
  <trkpt lat="13.77444523" lon="100.52784731"><ele>-34.784</ele><time>2025-01-19T02:33:52Z</time><speed>10.000</speed><sat>20</sat></trkpt>
  <trkpt lat="13.77454312" lon="100.52788262"><ele>-34.463</ele><time>2025-01-19T02:33:53Z</time><speed>11.690</speed><sat>19</sat></trkpt>
  <trkpt lat="13.77463727" lon="100.52792047"><ele>-34.255</ele><time>2025-01-19T02:33:54Z</time><speed>11.280</speed><sat>18</sat></trkpt>
  <trkpt lat="13.77473491" lon="100.52796444"><ele>-32.443</ele><time>2025-01-19T02:33:55Z</time><speed>11.280</speed><sat>18</sat></trkpt>
  <trkpt lat="13.77484259" lon="100.52799173"><ele>-31.425</ele><time>2025-01-19T02:33:56Z</time><speed>11.270</speed><sat>17</sat></trkpt>
  <trkpt lat="13.77494275" lon="100.52801701"><ele>-31.236</ele><time>2025-01-19T02:33:57Z</time><speed>11.470</speed><sat>18</sat></trkpt>
  <trkpt lat="13.77505237" lon="100.52803868"><ele>-32.888</ele><time>2025-01-19T02:33:58Z</time><speed>12.190</speed><sat>17</sat></trkpt>
  <trkpt lat="13.77515371" lon="100.52807676"><ele>-32.469</ele><time>2025-01-19T02:33:59Z</time><speed>11.810</speed><sat>18</sat></trkpt>
  <trkpt lat="13.77525408" lon="100.52812557"><ele>-32.900</ele><time>2025-01-19T02:34:00Z</time><speed>11.800</speed><sat>18</sat></trkpt>
  <trkpt lat="13.77535835" lon="100.52816496"><ele>-33.383</ele><time>2025-01-19T02:34:01Z</time><speed>11.730</speed><sat>18</sat></trkpt>
  <trkpt lat="13.77546058" lon="100.52820083"><ele>-34.802</ele><time>2025-01-19T02:34:02Z</time><speed>11.850</speed><sat>18</sat></trkpt>
  <trkpt lat="13.77556544" lon="100.52823085"><ele>-35.159</ele><time>2025-01-19T02:34:03Z</time><speed>12.060</speed><sat>18</sat></trkpt>
  <trkpt lat="13.77567664" lon="100.52825557"><ele>-34.967</ele><time>2025-01-19T02:34:04Z</time><speed>12.410</speed><sat>12</sat></trkpt>
  <trkpt lat="13.77577569" lon="100.52828299"><ele>-34.692</ele><time>2025-01-19T02:34:05Z</time><speed>11.940</speed><sat>14</sat></trkpt>
  <trkpt lat="13.77587535" lon="100.52833346"><ele>-36.097</ele><time>2025-01-19T02:34:06Z</time><speed>12.100</speed><sat>17</sat></trkpt>
  <trkpt lat="13.77595570" lon="100.52840677"><ele>-37.502</ele><time>2025-01-19T02:34:07Z</time><speed>12.120</speed><sat>19</sat></trkpt>
  <trkpt lat="13.77605173" lon="100.52844657"><ele>-38.576</ele><time>2025-01-19T02:34:08Z</time><speed>11.840</speed><sat>19</sat></trkpt>
  <trkpt lat="13.77615498" lon="100.52852038"><ele>-35.832</ele><time>2025-01-19T02:34:09Z</time><speed>12.510</speed><sat>20</sat></trkpt>
  <trkpt lat="13.77625143" lon="100.52858725"><ele>-35.636</ele><time>2025-01-19T02:34:10Z</time><speed>12.130</speed><sat>20</sat></trkpt>
  <trkpt lat="13.77636408" lon="100.52860814"><ele>-34.642</ele><time>2025-01-19T02:34:11Z</time><speed>12.360</speed><sat>22</sat></trkpt>
  <trkpt lat="13.77648904" lon="100.52862645"><ele>-34.482</ele><time>2025-01-19T02:34:12Z</time><speed>13.180</speed><sat>20</sat></trkpt>
  <trkpt lat="13.77660187" lon="100.52864101"><ele>-33.458</ele><time>2025-01-19T02:34:13Z</time><speed>12.790</speed><sat>19</sat></trkpt>
  <trkpt lat="13.77669269" lon="100.52869950"><ele>-33.293</ele><time>2025-01-19T02:34:14Z</time><speed>12.380</speed><sat>14</sat></trkpt>
  <trkpt lat="13.77680232" lon="100.52872811"><ele>-32.358</ele><time>2025-01-19T02:34:15Z</time><speed>12.340</speed><sat>15</sat></trkpt>
  <trkpt lat="13.77690278" lon="100.52877973"><ele>-32.769</ele><time>2025-01-19T02:34:16Z</time><speed>12.130</speed><sat>15</sat></trkpt>
  <trkpt lat="13.77698115" lon="100.52884489"><ele>-31.724</ele><time>2025-01-19T02:34:17Z</time><speed>11.730</speed><sat>15</sat></trkpt>
  <trkpt lat="13.77708255" lon="100.52887987"><ele>-32.286</ele><time>2025-01-19T02:34:18Z</time><speed>11.760</speed><sat>16</sat></trkpt>
  <trkpt lat="13.77718165" lon="100.52890604"><ele>-31.884</ele><time>2025-01-19T02:34:19Z</time><speed>11.390</speed><sat>16</sat></trkpt>
  <trkpt lat="13.77727775" lon="100.52895212"><ele>-32.782</ele><time>2025-01-19T02:34:20Z</time><speed>11.390</speed><sat>17</sat></trkpt>
  <trkpt lat="13.77735954" lon="100.52899959"><ele>-32.701</ele><time>2025-01-19T02:34:21Z</time><speed>11.100</speed><sat>18</sat></trkpt>
  <trkpt lat="13.77745175" lon="100.52904557"><ele>-33.174</ele><time>2025-01-19T02:34:22Z</time><speed>10.950</speed><sat>18</sat></trkpt>
  <trkpt lat="13.77754696" lon="100.52908631"><ele>-33.303</ele><time>2025-01-19T02:34:23Z</time><speed>11.080</speed><sat>18</sat></trkpt>
  <trkpt lat="13.77763808" lon="100.52911249"><ele>-32.446</ele><time>2025-01-19T02:34:24Z</time><speed>10.720</speed><sat>17</sat></trkpt>
  <trkpt lat="13.77773395" lon="100.52911921"><ele>-31.424</ele><time>2025-01-19T02:34:25Z</time><speed>10.490</speed><sat>17</sat></trkpt>
  <trkpt lat="13.77781632" lon="100.52913654"><ele>-30.780</ele><time>2025-01-19T02:34:26Z</time><speed>9.050</speed><sat>17</sat></trkpt>
  <trkpt lat="13.77789811" lon="100.52915631"><ele>-30.867</ele><time>2025-01-19T02:34:27Z</time><speed>9.070</speed><sat>18</sat></trkpt>
  <trkpt lat="13.77797722" lon="100.52918468"><ele>-30.533</ele><time>2025-01-19T02:34:28Z</time><speed>8.810</speed><sat>18</sat></trkpt>
  <trkpt lat="13.77805449" lon="100.52919483"><ele>-30.268</ele><time>2025-01-19T02:34:29Z</time><speed>8.690</speed><sat>18</sat></trkpt>
  <trkpt lat="13.77813210" lon="100.52923481"><ele>-32.197</ele><time>2025-01-19T02:34:30Z</time><speed>8.630</speed><sat>18</sat></trkpt>
  <trkpt lat="13.77819240" lon="100.52928090"><ele>-33.758</ele><time>2025-01-19T02:34:31Z</time><speed>8.390</speed><sat>18</sat></trkpt>
  <trkpt lat="13.77826313" lon="100.52931102"><ele>-33.102</ele><time>2025-01-19T02:34:32Z</time><speed>8.030</speed><sat>18</sat></trkpt>
  <trkpt lat="13.77833913" lon="100.52933703"><ele>-32.967</ele><time>2025-01-19T02:34:33Z</time><speed>7.920</speed><sat>19</sat></trkpt>
  <trkpt lat="13.77840866" lon="100.52937059"><ele>-32.895</ele><time>2025-01-19T02:34:34Z</time><speed>8.120</speed><sat>19</sat></trkpt>
  <trkpt lat="13.77846419" lon="100.52945318"><ele>-34.327</ele><time>2025-01-19T02:34:35Z</time><speed>9.000</speed><sat>19</sat></trkpt>
  <trkpt lat="13.77850882" lon="100.52946319"><ele>-33.834</ele><time>2025-01-19T02:34:36Z</time><speed>6.890</speed><sat>19</sat></trkpt>
  <trkpt lat="13.77854881" lon="100.52945881"><ele>-34.198</ele><time>2025-01-19T02:34:37Z</time><speed>6.060</speed><sat>18</sat></trkpt>
  <trkpt lat="13.77860871" lon="100.52948352"><ele>-33.336</ele><time>2025-01-19T02:34:38Z</time><speed>6.640</speed><sat>18</sat></trkpt>
  <trkpt lat="13.77865847" lon="100.52948516"><ele>-33.249</ele><time>2025-01-19T02:34:39Z</time><speed>5.390</speed><sat>17</sat></trkpt>
  <trkpt lat="13.77868771" lon="100.52950563"><ele>-31.428</ele><time>2025-01-19T02:34:40Z</time><speed>5.500</speed><sat>18</sat></trkpt>
  <trkpt lat="13.77870822" lon="100.52951126"><ele>-30.420</ele><time>2025-01-19T02:34:41Z</time><speed>2.330</speed><sat>18</sat></trkpt>
  <trkpt lat="13.77873564" lon="100.52951561"><ele>-30.123</ele><time>2025-01-19T02:34:42Z</time><speed>1.530</speed><sat>19</sat></trkpt>
  <trkpt lat="13.77876461" lon="100.52952703"><ele>-30.026</ele><time>2025-01-19T02:34:43Z</time><speed>2.070</speed><sat>21</sat></trkpt>
  <trkpt lat="13.77878936" lon="100.52953156"><ele>-29.971</ele><time>2025-01-19T02:34:44Z</time><speed>2.210</speed><sat>21</sat></trkpt>
  <trkpt lat="13.77883563" lon="100.52955919"><ele>-30.345</ele><time>2025-01-19T02:34:45Z</time><speed>4.680</speed><sat>21</sat></trkpt>
  <trkpt lat="13.77886424" lon="100.52957379"><ele>-30.144</ele><time>2025-01-19T02:34:46Z</time><speed>3.460</speed><sat>21</sat></trkpt>
  <trkpt lat="13.77889071" lon="100.52958152"><ele>-29.023</ele><time>2025-01-19T02:34:47Z</time><speed>2.750</speed><sat>20</sat></trkpt>
  <trkpt lat="13.77891783" lon="100.52958307"><ele>-27.990</ele><time>2025-01-19T02:34:48Z</time><speed>2.490</speed><sat>20</sat></trkpt>
  <trkpt lat="13.77894303" lon="100.52960398"><ele>-28.032</ele><time>2025-01-19T02:34:49Z</time><speed>2.330</speed><sat>20</sat></trkpt>
  <trkpt lat="13.77895230" lon="100.52962401"><ele>-28.062</ele><time>2025-01-19T02:34:50Z</time><speed>2.020</speed><sat>20</sat></trkpt>
  <trkpt lat="13.77897744" lon="100.52964854"><ele>-28.218</ele><time>2025-01-19T02:34:51Z</time><speed>2.980</speed><sat>20</sat></trkpt>
  <trkpt lat="13.77899284" lon="100.52965510"><ele>-27.257</ele><time>2025-01-19T02:34:52Z</time><speed>0.970</speed><sat>19</sat></trkpt>
  <trkpt lat="13.77900707" lon="100.52966810"><ele>-28.161</ele><time>2025-01-19T02:34:53Z</time><speed>2.140</speed><sat>18</sat></trkpt>
  <trkpt lat="13.77901715" lon="100.52967693"><ele>-28.482</ele><time>2025-01-19T02:34:54Z</time><speed>0.590</speed><sat>18</sat></trkpt>
  <trkpt lat="13.77902440" lon="100.52968176"><ele>-28.408</ele><time>2025-01-19T02:34:55Z</time><speed>0.860</speed><sat>19</sat></trkpt>
  <trkpt lat="13.77903254" lon="100.52968679"><ele>-28.148</ele><time>2025-01-19T02:34:56Z</time><speed>0.800</speed><sat>19</sat></trkpt>
  <trkpt lat="13.77903953" lon="100.52969069"><ele>-27.669</ele><time>2025-01-19T02:34:57Z</time><speed>0.700</speed><sat>19</sat></trkpt>
  <trkpt lat="13.77904442" lon="100.52969018"><ele>-27.792</ele><time>2025-01-19T02:34:58Z</time><speed>0.410</speed><sat>20</sat></trkpt>
  <trkpt lat="13.77904957" lon="100.52969278"><ele>-26.909</ele><time>2025-01-19T02:34:59Z</time><speed>0.350</speed><sat>20</sat></trkpt>
  <trkpt lat="13.77905671" lon="100.52969542"><ele>-26.249</ele><time>2025-01-19T02:35:00Z</time><speed>0.000</speed><sat>20</sat></trkpt>
  <trkpt lat="13.77906297" lon="100.52969526"><ele>-26.036</ele><time>2025-01-19T02:35:01Z</time><speed>0.000</speed><sat>20</sat></trkpt>
  <trkpt lat="13.77906835" lon="100.52969133"><ele>-26.168</ele><time>2025-01-19T02:35:02Z</time><speed>0.000</speed><sat>20</sat></trkpt>
  <trkpt lat="13.77907044" lon="100.52968732"><ele>-26.624</ele><time>2025-01-19T02:35:03Z</time><speed>0.000</speed><sat>20</sat></trkpt>
  <trkpt lat="13.77907212" lon="100.52968803"><ele>-27.588</ele><time>2025-01-19T02:35:04Z</time><speed>0.000</speed><sat>18</sat></trkpt>
  <trkpt lat="13.77907200" lon="100.52968750"><ele>-27.875</ele><time>2025-01-19T02:35:05Z</time><speed>0.000</speed><sat>18</sat></trkpt>
  <trkpt lat="13.77907091" lon="100.52968531"><ele>-28.336</ele><time>2025-01-19T02:35:06Z</time><speed>0.000</speed><sat>18</sat></trkpt>
  <trkpt lat="13.77907112" lon="100.52968061"><ele>-28.224</ele><time>2025-01-19T02:35:07Z</time><speed>0.000</speed><sat>16</sat></trkpt>
  <trkpt lat="13.77907143" lon="100.52967761"><ele>-28.037</ele><time>2025-01-19T02:35:08Z</time><speed>0.000</speed><sat>16</sat></trkpt>
  <trkpt lat="13.77906722" lon="100.52967402"><ele>-28.335</ele><time>2025-01-19T02:35:09Z</time><speed>0.000</speed><sat>16</sat></trkpt>
  <trkpt lat="13.77906575" lon="100.52967077"><ele>-28.409</ele><time>2025-01-19T02:35:10Z</time><speed>0.000</speed><sat>15</sat></trkpt>
  <trkpt lat="13.77906511" lon="100.52966933"><ele>-28.432</ele><time>2025-01-19T02:35:11Z</time><speed>0.000</speed><sat>14</sat></trkpt>
  <trkpt lat="13.77906469" lon="100.52966856"><ele>-28.564</ele><time>2025-01-19T02:35:12Z</time><speed>0.000</speed><sat>13</sat></trkpt>
  <trkpt lat="13.77906451" lon="100.52966823"><ele>-28.608</ele><time>2025-01-19T02:35:13Z</time><speed>0.000</speed><sat>16</sat></trkpt>
  <trkpt lat="13.77906478" lon="100.52966802"><ele>-28.570</ele><time>2025-01-19T02:35:14Z</time><speed>0.000</speed><sat>16</sat></trkpt>
  <trkpt lat="13.77906513" lon="100.52966783"><ele>-28.617</ele><time>2025-01-19T02:35:15Z</time><speed>0.000</speed><sat>16</sat></trkpt>
  <trkpt lat="13.77906547" lon="100.52966773"><ele>-28.671</ele><time>2025-01-19T02:35:16Z</time><speed>0.000</speed><sat>16</sat></trkpt>
  <trkpt lat="13.77906570" lon="100.52966751"><ele>-28.834</ele><time>2025-01-19T02:35:17Z</time><speed>0.000</speed><sat>16</sat></trkpt>
  <trkpt lat="13.77906583" lon="100.52966741"><ele>-28.832</ele><time>2025-01-19T02:35:18Z</time><speed>0.000</speed><sat>16</sat></trkpt>
  <trkpt lat="13.77906589" lon="100.52966735"><ele>-28.842</ele><time>2025-01-19T02:35:19Z</time><speed>0.000</speed><sat>14</sat></trkpt>
  <trkpt lat="13.77906595" lon="100.52966730"><ele>-28.872</ele><time>2025-01-19T02:35:20Z</time><speed>0.000</speed><sat>15</sat></trkpt>
  <trkpt lat="13.77906600" lon="100.52966730"><ele>-28.871</ele><time>2025-01-19T02:35:21Z</time><speed>0.000</speed><sat>15</sat></trkpt>
  <trkpt lat="13.77906635" lon="100.52966735"><ele>-28.718</ele><time>2025-01-19T02:35:22Z</time><speed>0.000</speed><sat>15</sat></trkpt>
  <trkpt lat="13.77906651" lon="100.52966738"><ele>-28.719</ele><time>2025-01-19T02:35:23Z</time><speed>0.000</speed><sat>15</sat></trkpt>
  <trkpt lat="13.77906666" lon="100.52966743"><ele>-28.718</ele><time>2025-01-19T02:35:24Z</time><speed>0.000</speed><sat>15</sat></trkpt>
  <trkpt lat="13.77906671" lon="100.52966730"><ele>-28.673</ele><time>2025-01-19T02:35:25Z</time><speed>0.000</speed><sat>16</sat></trkpt>
  <trkpt lat="13.77906656" lon="100.52966712"><ele>-28.619</ele><time>2025-01-19T02:35:26Z</time><speed>0.000</speed><sat>17</sat></trkpt>
  <trkpt lat="13.77906644" lon="100.52966697"><ele>-28.631</ele><time>2025-01-19T02:35:27Z</time><speed>0.000</speed><sat>16</sat></trkpt>
  <trkpt lat="13.77906641" lon="100.52966691"><ele>-28.660</ele><time>2025-01-19T02:35:28Z</time><speed>0.000</speed><sat>16</sat></trkpt>
  <trkpt lat="13.77906639" lon="100.52966689"><ele>-28.654</ele><time>2025-01-19T02:35:29Z</time><speed>0.000</speed><sat>15</sat></trkpt>
  <trkpt lat="13.77906638" lon="100.52966689"><ele>-28.655</ele><time>2025-01-19T02:35:30Z</time><speed>0.000</speed><sat>15</sat></trkpt>
  <trkpt lat="13.77906628" lon="100.52966675"><ele>-28.707</ele><time>2025-01-19T02:35:31Z</time><speed>0.000</speed><sat>15</sat></trkpt>
  <trkpt lat="13.77906628" lon="100.52966682"><ele>-28.647</ele><time>2025-01-19T02:35:32Z</time><speed>0.000</speed><sat>14</sat></trkpt>
  <trkpt lat="13.77906623" lon="100.52966683"><ele>-28.654</ele><time>2025-01-19T02:35:33Z</time><speed>0.000</speed><sat>15</sat></trkpt>
  <trkpt lat="13.77906599" lon="100.52966668"><ele>-28.713</ele><time>2025-01-19T02:35:34Z</time><speed>0.000</speed><sat>15</sat></trkpt>
  <trkpt lat="13.77906567" lon="100.52966643"><ele>-28.743</ele><time>2025-01-19T02:35:35Z</time><speed>0.000</speed><sat>17</sat></trkpt>
  <trkpt lat="13.77906553" lon="100.52966632"><ele>-28.741</ele><time>2025-01-19T02:35:36Z</time><speed>0.000</speed><sat>16</sat></trkpt>
  <trkpt lat="13.77906539" lon="100.52966621"><ele>-28.754</ele><time>2025-01-19T02:35:37Z</time><speed>0.000</speed><sat>16</sat></trkpt>
  <trkpt lat="13.77906591" lon="100.52966603"><ele>-28.854</ele><time>2025-01-19T02:35:38Z</time><speed>0.000</speed><sat>17</sat></trkpt>
  <trkpt lat="13.77906614" lon="100.52966594"><ele>-28.869</ele><time>2025-01-19T02:35:39Z</time><speed>0.000</speed><sat>17</sat></trkpt>
  <trkpt lat="13.77906651" lon="100.52966611"><ele>-28.986</ele><time>2025-01-19T02:35:40Z</time><speed>0.000</speed><sat>18</sat></trkpt>
  <trkpt lat="13.77906664" lon="100.52966614"><ele>-29.668</ele><time>2025-01-19T02:35:41Z</time><speed>0.210</speed><sat>18</sat></trkpt>
  <trkpt lat="13.77906912" lon="100.52966693"><ele>-29.084</ele><time>2025-01-19T02:35:42Z</time><speed>0.380</speed><sat>18</sat></trkpt>
  <trkpt lat="13.77907112" lon="100.52966820"><ele>-28.952</ele><time>2025-01-19T02:35:43Z</time><speed>0.460</speed><sat>18</sat></trkpt>
  <trkpt lat="13.77907432" lon="100.52967011"><ele>-28.092</ele><time>2025-01-19T02:35:44Z</time><speed>0.560</speed><sat>17</sat></trkpt>
  <trkpt lat="13.77907842" lon="100.52967197"><ele>-29.207</ele><time>2025-01-19T02:35:45Z</time><speed>0.650</speed><sat>16</sat></trkpt>
  <trkpt lat="13.77908120" lon="100.52967475"><ele>-30.348</ele><time>2025-01-19T02:35:46Z</time><speed>0.690</speed><sat>17</sat></trkpt>
  <trkpt lat="13.77908477" lon="100.52967857"><ele>-28.641</ele><time>2025-01-19T02:35:47Z</time><speed>0.840</speed><sat>17</sat></trkpt>
  <trkpt lat="13.77909140" lon="100.52968272"><ele>-29.579</ele><time>2025-01-19T02:35:48Z</time><speed>1.100</speed><sat>18</sat></trkpt>
  <trkpt lat="13.77909940" lon="100.52968777"><ele>-30.255</ele><time>2025-01-19T02:35:49Z</time><speed>1.210</speed><sat>18</sat></trkpt>
  <trkpt lat="13.77910735" lon="100.52969333"><ele>-30.894</ele><time>2025-01-19T02:35:50Z</time><speed>1.220</speed><sat>18</sat></trkpt>
  <trkpt lat="13.77911903" lon="100.52969972"><ele>-31.106</ele><time>2025-01-19T02:35:51Z</time><speed>1.610</speed><sat>19</sat></trkpt>
  <trkpt lat="13.77913338" lon="100.52970712"><ele>-29.201</ele><time>2025-01-19T02:35:52Z</time><speed>1.610</speed><sat>18</sat></trkpt>
  <trkpt lat="13.77914968" lon="100.52971459"><ele>-28.483</ele><time>2025-01-19T02:35:53Z</time><speed>1.910</speed><sat>17</sat></trkpt>
  <trkpt lat="13.77916790" lon="100.52972133"><ele>-28.812</ele><time>2025-01-19T02:35:54Z</time><speed>1.890</speed><sat>17</sat></trkpt>
  <trkpt lat="13.77919189" lon="100.52973200"><ele>-29.610</ele><time>2025-01-19T02:35:55Z</time><speed>2.650</speed><sat>17</sat></trkpt>
  <trkpt lat="13.77921686" lon="100.52974385"><ele>-29.032</ele><time>2025-01-19T02:35:56Z</time><speed>2.350</speed><sat>17</sat></trkpt>
  <trkpt lat="13.77924005" lon="100.52975622"><ele>-27.197</ele><time>2025-01-19T02:35:57Z</time><speed>2.650</speed><sat>17</sat></trkpt>
  <trkpt lat="13.77926485" lon="100.52976936"><ele>-26.053</ele><time>2025-01-19T02:35:58Z</time><speed>2.750</speed><sat>18</sat></trkpt>
  <trkpt lat="13.77928989" lon="100.52978162"><ele>-25.956</ele><time>2025-01-19T02:35:59Z</time><speed>2.980</speed><sat>19</sat></trkpt>
  <trkpt lat="13.77931521" lon="100.52979437"><ele>-26.704</ele><time>2025-01-19T02:36:00Z</time><speed>3.030</speed><sat>19</sat></trkpt>
  <trkpt lat="13.77933982" lon="100.52980644"><ele>-27.779</ele><time>2025-01-19T02:36:01Z</time><speed>3.140</speed><sat>19</sat></trkpt>
  <trkpt lat="13.77936530" lon="100.52981715"><ele>-27.861</ele><time>2025-01-19T02:36:02Z</time><speed>3.240</speed><sat>19</sat></trkpt>
  <trkpt lat="13.77939411" lon="100.52982883"><ele>-26.881</ele><time>2025-01-19T02:36:03Z</time><speed>3.670</speed><sat>18</sat></trkpt>
  <trkpt lat="13.77942393" lon="100.52984109"><ele>-27.663</ele><time>2025-01-19T02:36:04Z</time><speed>3.800</speed><sat>18</sat></trkpt>
  <trkpt lat="13.77945647" lon="100.52985097"><ele>-27.027</ele><time>2025-01-19T02:36:05Z</time><speed>3.980</speed><sat>17</sat></trkpt>
  <trkpt lat="13.77949247" lon="100.52986118"><ele>-27.256</ele><time>2025-01-19T02:36:06Z</time><speed>4.240</speed><sat>18</sat></trkpt>
  <trkpt lat="13.77952266" lon="100.52988133"><ele>-27.358</ele><time>2025-01-19T02:36:07Z</time><speed>4.200</speed><sat>18</sat></trkpt>
  <trkpt lat="13.77955591" lon="100.52989954"><ele>-28.033</ele><time>2025-01-19T02:36:08Z</time><speed>4.480</speed><sat>18</sat></trkpt>
  <trkpt lat="13.77959385" lon="100.52991961"><ele>-28.642</ele><time>2025-01-19T02:36:09Z</time><speed>4.770</speed><sat>19</sat></trkpt>
  <trkpt lat="13.77963404" lon="100.52994034"><ele>-29.302</ele><time>2025-01-19T02:36:10Z</time><speed>4.890</speed><sat>19</sat></trkpt>
  <trkpt lat="13.77967510" lon="100.52995987"><ele>-29.672</ele><time>2025-01-19T02:36:11Z</time><speed>4.980</speed><sat>19</sat></trkpt>
  <trkpt lat="13.77971359" lon="100.52997551"><ele>-30.610</ele><time>2025-01-19T02:36:12Z</time><speed>4.040</speed><sat>18</sat></trkpt>
  <trkpt lat="13.77976562" lon="100.53000856"><ele>-31.766</ele><time>2025-01-19T02:36:13Z</time><speed>5.040</speed><sat>18</sat></trkpt>
  <trkpt lat="13.77979598" lon="100.53003402"><ele>-31.197</ele><time>2025-01-19T02:36:14Z</time><speed>4.730</speed><sat>19</sat></trkpt>
  <trkpt lat="13.77984290" lon="100.53004238"><ele>-33.111</ele><time>2025-01-19T02:36:15Z</time><speed>4.930</speed><sat>20</sat></trkpt>
  <trkpt lat="13.77988324" lon="100.53006812"><ele>-31.180</ele><time>2025-01-19T02:36:16Z</time><speed>4.880</speed><sat>19</sat></trkpt>
  <trkpt lat="13.77993114" lon="100.53009212"><ele>-29.581</ele><time>2025-01-19T02:36:17Z</time><speed>5.170</speed><sat>19</sat></trkpt>
  <trkpt lat="13.77994243" lon="100.53009448"><ele>-31.791</ele><time>2025-01-19T02:36:18Z</time><speed>2.160</speed><sat>19</sat></trkpt>
  <trkpt lat="13.77999894" lon="100.53012675"><ele>-32.402</ele><time>2025-01-19T02:36:19Z</time><speed>5.570</speed><sat>19</sat></trkpt>
  <trkpt lat="13.78004152" lon="100.53015034"><ele>-32.421</ele><time>2025-01-19T02:36:20Z</time><speed>5.750</speed><sat>19</sat></trkpt>
  <trkpt lat="13.78008815" lon="100.53015550"><ele>-32.852</ele><time>2025-01-19T02:36:21Z</time><speed>4.870</speed><sat>19</sat></trkpt>
  <trkpt lat="13.78014345" lon="100.53016904"><ele>-33.345</ele><time>2025-01-19T02:36:22Z</time><speed>5.760</speed><sat>20</sat></trkpt>
  <trkpt lat="13.78019817" lon="100.53019515"><ele>-33.721</ele><time>2025-01-19T02:36:23Z</time><speed>5.560</speed><sat>20</sat></trkpt>
  <trkpt lat="13.78025671" lon="100.53023964"><ele>-33.787</ele><time>2025-01-19T02:36:24Z</time><speed>6.150</speed><sat>20</sat></trkpt>
  <trkpt lat="13.78033922" lon="100.53025753"><ele>-33.336</ele><time>2025-01-19T02:36:25Z</time><speed>7.590</speed><sat>20</sat></trkpt>
  <trkpt lat="13.78041193" lon="100.53027398"><ele>-36.142</ele><time>2025-01-19T02:36:26Z</time><speed>7.670</speed><sat>21</sat></trkpt>
  <trkpt lat="13.78047781" lon="100.53029582"><ele>-35.979</ele><time>2025-01-19T02:36:27Z</time><speed>7.740</speed><sat>21</sat></trkpt>
  <trkpt lat="13.78055108" lon="100.53031934"><ele>-35.795</ele><time>2025-01-19T02:36:28Z</time><speed>7.940</speed><sat>19</sat></trkpt>
  <trkpt lat="13.78063832" lon="100.53032355"><ele>-35.720</ele><time>2025-01-19T02:36:29Z</time><speed>8.120</speed><sat>18</sat></trkpt>
  <trkpt lat="13.78073674" lon="100.53031862"><ele>-35.006</ele><time>2025-01-19T02:36:30Z</time><speed>8.960</speed><sat>19</sat></trkpt>
  <trkpt lat="13.78081445" lon="100.53030403"><ele>-34.901</ele><time>2025-01-19T02:36:31Z</time><speed>8.550</speed><sat>17</sat></trkpt>
  <trkpt lat="13.78081153" lon="100.53037011"><ele>-34.541</ele><time>2025-01-19T02:36:32Z</time><speed>5.020</speed><sat>16</sat></trkpt>
  <trkpt lat="13.78086348" lon="100.53038067"><ele>-34.766</ele><time>2025-01-19T02:36:33Z</time><speed>5.780</speed><sat>16</sat></trkpt>
  <trkpt lat="13.78091919" lon="100.53041959"><ele>-35.401</ele><time>2025-01-19T02:36:34Z</time><speed>6.100</speed><sat>17</sat></trkpt>
  <trkpt lat="13.78103115" lon="100.53044622"><ele>-34.841</ele><time>2025-01-19T02:36:35Z</time><speed>9.220</speed><sat>17</sat></trkpt>
  <trkpt lat="13.78110425" lon="100.53046462"><ele>-32.919</ele><time>2025-01-19T02:36:36Z</time><speed>7.080</speed><sat>17</sat></trkpt>
  <trkpt lat="13.78121631" lon="100.53050563"><ele>-31.695</ele><time>2025-01-19T02:36:37Z</time><speed>8.460</speed><sat>19</sat></trkpt>
  <trkpt lat="13.78131849" lon="100.53056449"><ele>-32.803</ele><time>2025-01-19T02:36:38Z</time><speed>9.090</speed><sat>19</sat></trkpt>
  <trkpt lat="13.78139933" lon="100.53056703"><ele>-32.068</ele><time>2025-01-19T02:36:39Z</time><speed>8.910</speed><sat>19</sat></trkpt>
  <trkpt lat="13.78149055" lon="100.53059880"><ele>-31.703</ele><time>2025-01-19T02:36:40Z</time><speed>9.700</speed><sat>19</sat></trkpt>
  <trkpt lat="13.78157540" lon="100.53064140"><ele>-33.785</ele><time>2025-01-19T02:36:41Z</time><speed>9.480</speed><sat>19</sat></trkpt>
  <trkpt lat="13.78166728" lon="100.53066719"><ele>-32.671</ele><time>2025-01-19T02:36:42Z</time><speed>9.780</speed><sat>19</sat></trkpt>
  <trkpt lat="13.78175799" lon="100.53073387"><ele>-33.769</ele><time>2025-01-19T02:36:43Z</time><speed>9.770</speed><sat>19</sat></trkpt>
  <trkpt lat="13.78183729" lon="100.53075743"><ele>-33.529</ele><time>2025-01-19T02:36:44Z</time><speed>9.470</speed><sat>18</sat></trkpt>
  <trkpt lat="13.78189925" lon="100.53079461"><ele>-32.835</ele><time>2025-01-19T02:36:45Z</time><speed>8.130</speed><sat>18</sat></trkpt>
  <trkpt lat="13.78197546" lon="100.53082266"><ele>-31.158</ele><time>2025-01-19T02:36:46Z</time><speed>8.400</speed><sat>19</sat></trkpt>
  <trkpt lat="13.78205170" lon="100.53084477"><ele>-30.946</ele><time>2025-01-19T02:36:47Z</time><speed>8.450</speed><sat>19</sat></trkpt>
  <trkpt lat="13.78211729" lon="100.53087704"><ele>-30.542</ele><time>2025-01-19T02:36:48Z</time><speed>7.970</speed><sat>18</sat></trkpt>
  <trkpt lat="13.78221711" lon="100.53092492"><ele>-30.135</ele><time>2025-01-19T02:36:49Z</time><speed>10.090</speed><sat>16</sat></trkpt>
  <trkpt lat="13.78231536" lon="100.53096572"><ele>-30.536</ele><time>2025-01-19T02:36:50Z</time><speed>10.030</speed><sat>16</sat></trkpt>
  <trkpt lat="13.78239800" lon="100.53103925"><ele>-31.250</ele><time>2025-01-19T02:36:51Z</time><speed>11.260</speed><sat>16</sat></trkpt>
  <trkpt lat="13.78248105" lon="100.53108255"><ele>-33.075</ele><time>2025-01-19T02:36:52Z</time><speed>9.630</speed><sat>17</sat></trkpt>
  <trkpt lat="13.78257987" lon="100.53113137"><ele>-32.656</ele><time>2025-01-19T02:36:53Z</time><speed>10.290</speed><sat>17</sat></trkpt>
  <trkpt lat="13.78264955" lon="100.53113964"><ele>-32.202</ele><time>2025-01-19T02:36:54Z</time><speed>7.670</speed><sat>17</sat></trkpt>
  <trkpt lat="13.78271841" lon="100.53117415"><ele>-32.122</ele><time>2025-01-19T02:36:55Z</time><speed>8.470</speed><sat>18</sat></trkpt>
  <trkpt lat="13.78279361" lon="100.53119927"><ele>-30.460</ele><time>2025-01-19T02:36:56Z</time><speed>8.340</speed><sat>18</sat></trkpt>
  <trkpt lat="13.78287656" lon="100.53122210"><ele>-30.503</ele><time>2025-01-19T02:36:57Z</time><speed>9.240</speed><sat>18</sat></trkpt>
  <trkpt lat="13.78294300" lon="100.53126271"><ele>-32.134</ele><time>2025-01-19T02:36:58Z</time><speed>9.230</speed><sat>18</sat></trkpt>
  <trkpt lat="13.78304685" lon="100.53129939"><ele>-32.204</ele><time>2025-01-19T02:36:59Z</time><speed>11.010</speed><sat>18</sat></trkpt>
  <trkpt lat="13.78313016" lon="100.53133373"><ele>-32.192</ele><time>2025-01-19T02:37:00Z</time><speed>10.550</speed><sat>19</sat></trkpt>
  <trkpt lat="13.78321475" lon="100.53136002"><ele>-33.779</ele><time>2025-01-19T02:37:01Z</time><speed>9.490</speed><sat>18</sat></trkpt>
  <trkpt lat="13.78330375" lon="100.53139819"><ele>-35.622</ele><time>2025-01-19T02:37:02Z</time><speed>9.230</speed><sat>18</sat></trkpt>
  <trkpt lat="13.78337746" lon="100.53144018"><ele>-35.920</ele><time>2025-01-19T02:37:03Z</time><speed>10.200</speed><sat>19</sat></trkpt>
  <trkpt lat="13.78346092" lon="100.53147230"><ele>-36.419</ele><time>2025-01-19T02:37:04Z</time><speed>10.150</speed><sat>19</sat></trkpt>
  <trkpt lat="13.78354089" lon="100.53149670"><ele>-36.767</ele><time>2025-01-19T02:37:05Z</time><speed>10.090</speed><sat>18</sat></trkpt>
  <trkpt lat="13.78364254" lon="100.53153284"><ele>-36.586</ele><time>2025-01-19T02:37:06Z</time><speed>9.970</speed><sat>19</sat></trkpt>
  <trkpt lat="13.78372717" lon="100.53158530"><ele>-36.848</ele><time>2025-01-19T02:37:07Z</time><speed>9.310</speed><sat>21</sat></trkpt>
  <trkpt lat="13.78381573" lon="100.53161150"><ele>-38.825</ele><time>2025-01-19T02:37:08Z</time><speed>9.560</speed><sat>21</sat></trkpt>
  <trkpt lat="13.78391782" lon="100.53165863"><ele>-38.069</ele><time>2025-01-19T02:37:09Z</time><speed>11.000</speed><sat>20</sat></trkpt>
  <trkpt lat="13.78402310" lon="100.53171038"><ele>-35.667</ele><time>2025-01-19T02:37:10Z</time><speed>10.240</speed><sat>21</sat></trkpt>
  <trkpt lat="13.78410853" lon="100.53174879"><ele>-34.142</ele><time>2025-01-19T02:37:11Z</time><speed>10.160</speed><sat>20</sat></trkpt>
  <trkpt lat="13.78420554" lon="100.53180472"><ele>-33.504</ele><time>2025-01-19T02:37:12Z</time><speed>10.400</speed><sat>20</sat></trkpt>
  <trkpt lat="13.78430964" lon="100.53185981"><ele>-33.155</ele><time>2025-01-19T02:37:13Z</time><speed>11.500</speed><sat>19</sat></trkpt>
  <trkpt lat="13.78441515" lon="100.53191151"><ele>-32.827</ele><time>2025-01-19T02:37:14Z</time><speed>12.180</speed><sat>20</sat></trkpt>
  <trkpt lat="13.78452142" lon="100.53194350"><ele>-33.413</ele><time>2025-01-19T02:37:15Z</time><speed>11.730</speed><sat>19</sat></trkpt>
  <trkpt lat="13.78462349" lon="100.53197873"><ele>-33.910</ele><time>2025-01-19T02:37:16Z</time><speed>11.430</speed><sat>19</sat></trkpt>
  <trkpt lat="13.78472881" lon="100.53202471"><ele>-32.623</ele><time>2025-01-19T02:37:17Z</time><speed>12.100</speed><sat>18</sat></trkpt>
  <trkpt lat="13.78483067" lon="100.53206767"><ele>-33.429</ele><time>2025-01-19T02:37:18Z</time><speed>10.770</speed><sat>19</sat></trkpt>
  <trkpt lat="13.78495278" lon="100.53210807"><ele>-32.770</ele><time>2025-01-19T02:37:19Z</time><speed>12.100</speed><sat>19</sat></trkpt>
  <trkpt lat="13.78505773" lon="100.53216779"><ele>-34.223</ele><time>2025-01-19T02:37:20Z</time><speed>12.110</speed><sat>19</sat></trkpt>
  <trkpt lat="13.78515511" lon="100.53218728"><ele>-34.305</ele><time>2025-01-19T02:37:21Z</time><speed>12.030</speed><sat>18</sat></trkpt>
  <trkpt lat="13.78524976" lon="100.53222949"><ele>-33.948</ele><time>2025-01-19T02:37:22Z</time><speed>12.240</speed><sat>17</sat></trkpt>
  <trkpt lat="13.78535982" lon="100.53227086"><ele>-34.086</ele><time>2025-01-19T02:37:23Z</time><speed>11.940</speed><sat>17</sat></trkpt>
  <trkpt lat="13.78546069" lon="100.53230722"><ele>-35.310</ele><time>2025-01-19T02:37:24Z</time><speed>11.880</speed><sat>17</sat></trkpt>
  <trkpt lat="13.78556615" lon="100.53233830"><ele>-37.036</ele><time>2025-01-19T02:37:25Z</time><speed>11.270</speed><sat>17</sat></trkpt>
  <trkpt lat="13.78568271" lon="100.53239196"><ele>-37.114</ele><time>2025-01-19T02:37:26Z</time><speed>12.750</speed><sat>17</sat></trkpt>
  <trkpt lat="13.78580455" lon="100.53244156"><ele>-38.807</ele><time>2025-01-19T02:37:27Z</time><speed>12.830</speed><sat>16</sat></trkpt>
  <trkpt lat="13.78588856" lon="100.53248085"><ele>-38.786</ele><time>2025-01-19T02:37:28Z</time><speed>9.930</speed><sat>16</sat></trkpt>
  <trkpt lat="13.78598732" lon="100.53251618"><ele>-38.711</ele><time>2025-01-19T02:37:29Z</time><speed>11.010</speed><sat>17</sat></trkpt>
  <trkpt lat="13.78609541" lon="100.53256348"><ele>-37.631</ele><time>2025-01-19T02:37:30Z</time><speed>11.240</speed><sat>17</sat></trkpt>
  <trkpt lat="13.78621636" lon="100.53261225"><ele>-37.415</ele><time>2025-01-19T02:37:31Z</time><speed>11.970</speed><sat>17</sat></trkpt>
  <trkpt lat="13.78633504" lon="100.53265209"><ele>-37.517</ele><time>2025-01-19T02:37:32Z</time><speed>12.010</speed><sat>18</sat></trkpt>
  <trkpt lat="13.78643970" lon="100.53270237"><ele>-36.641</ele><time>2025-01-19T02:37:33Z</time><speed>11.980</speed><sat>19</sat></trkpt>
  <trkpt lat="13.78657588" lon="100.53275762"><ele>-36.214</ele><time>2025-01-19T02:37:34Z</time><speed>14.150</speed><sat>19</sat></trkpt>
  <trkpt lat="13.78671653" lon="100.53282393"><ele>-35.864</ele><time>2025-01-19T02:37:35Z</time><speed>13.720</speed><sat>18</sat></trkpt>
  <trkpt lat="13.78683791" lon="100.53285768"><ele>-36.859</ele><time>2025-01-19T02:37:36Z</time><speed>13.060</speed><sat>18</sat></trkpt>
  <trkpt lat="13.78694451" lon="100.53290648"><ele>-36.692</ele><time>2025-01-19T02:37:37Z</time><speed>13.220</speed><sat>19</sat></trkpt>
  <trkpt lat="13.78706212" lon="100.53295291"><ele>-34.420</ele><time>2025-01-19T02:37:38Z</time><speed>13.720</speed><sat>20</sat></trkpt>
  <trkpt lat="13.78718316" lon="100.53299945"><ele>-34.088</ele><time>2025-01-19T02:37:39Z</time><speed>13.800</speed><sat>19</sat></trkpt>
  <trkpt lat="13.78730733" lon="100.53306254"><ele>-34.512</ele><time>2025-01-19T02:37:40Z</time><speed>14.160</speed><sat>19</sat></trkpt>
  <trkpt lat="13.78742166" lon="100.53310813"><ele>-34.402</ele><time>2025-01-19T02:37:41Z</time><speed>13.730</speed><sat>19</sat></trkpt>
  <trkpt lat="13.78754957" lon="100.53315148"><ele>-34.480</ele><time>2025-01-19T02:37:42Z</time><speed>14.550</speed><sat>20</sat></trkpt>
  <trkpt lat="13.78762785" lon="100.53319228"><ele>-34.057</ele><time>2025-01-19T02:37:43Z</time><speed>12.310</speed><sat>18</sat></trkpt>
  <trkpt lat="13.78775324" lon="100.53322381"><ele>-34.126</ele><time>2025-01-19T02:37:44Z</time><speed>13.310</speed><sat>17</sat></trkpt>
  <trkpt lat="13.78787970" lon="100.53327981"><ele>-32.974</ele><time>2025-01-19T02:37:45Z</time><speed>14.150</speed><sat>19</sat></trkpt>
  <trkpt lat="13.78800218" lon="100.53333755"><ele>-31.503</ele><time>2025-01-19T02:37:46Z</time><speed>14.020</speed><sat>18</sat></trkpt>
  <trkpt lat="13.78808635" lon="100.53335649"><ele>-31.248</ele><time>2025-01-19T02:37:47Z</time><speed>9.970</speed><sat>19</sat></trkpt>
  <trkpt lat="13.78817753" lon="100.53339527"><ele>-31.435</ele><time>2025-01-19T02:37:48Z</time><speed>10.720</speed><sat>18</sat></trkpt>
  <trkpt lat="13.78829685" lon="100.53343630"><ele>-31.590</ele><time>2025-01-19T02:37:49Z</time><speed>12.080</speed><sat>18</sat></trkpt>
  <trkpt lat="13.78840910" lon="100.53347995"><ele>-31.631</ele><time>2025-01-19T02:37:50Z</time><speed>11.960</speed><sat>18</sat></trkpt>
  <trkpt lat="13.78849881" lon="100.53353071"><ele>-32.078</ele><time>2025-01-19T02:37:51Z</time><speed>10.880</speed><sat>19</sat></trkpt>
  <trkpt lat="13.78860830" lon="100.53358679"><ele>-31.939</ele><time>2025-01-19T02:37:52Z</time><speed>12.030</speed><sat>19</sat></trkpt>
  <trkpt lat="13.78872202" lon="100.53363559"><ele>-29.249</ele><time>2025-01-19T02:37:53Z</time><speed>11.990</speed><sat>18</sat></trkpt>
  <trkpt lat="13.78881960" lon="100.53366921"><ele>-28.839</ele><time>2025-01-19T02:37:54Z</time><speed>10.960</speed><sat>18</sat></trkpt>
  <trkpt lat="13.78894637" lon="100.53370891"><ele>-31.479</ele><time>2025-01-19T02:37:55Z</time><speed>11.290</speed><sat>18</sat></trkpt>
  <trkpt lat="13.78907076" lon="100.53377174"><ele>-30.506</ele><time>2025-01-19T02:37:56Z</time><speed>11.800</speed><sat>18</sat></trkpt>
  <trkpt lat="13.78916991" lon="100.53380850"><ele>-30.659</ele><time>2025-01-19T02:37:57Z</time><speed>11.330</speed><sat>17</sat></trkpt>
  <trkpt lat="13.78927609" lon="100.53384898"><ele>-28.294</ele><time>2025-01-19T02:37:58Z</time><speed>11.620</speed><sat>17</sat></trkpt>
  <trkpt lat="13.78936876" lon="100.53388437"><ele>-29.168</ele><time>2025-01-19T02:37:59Z</time><speed>11.110</speed><sat>18</sat></trkpt>
  <trkpt lat="13.78947136" lon="100.53393737"><ele>-29.455</ele><time>2025-01-19T02:38:00Z</time><speed>10.290</speed><sat>19</sat></trkpt>
  <trkpt lat="13.78956425" lon="100.53398760"><ele>-29.514</ele><time>2025-01-19T02:38:01Z</time><speed>10.300</speed><sat>19</sat></trkpt>
  <trkpt lat="13.78964318" lon="100.53403421"><ele>-29.715</ele><time>2025-01-19T02:38:02Z</time><speed>10.160</speed><sat>20</sat></trkpt>
  <trkpt lat="13.78972758" lon="100.53405378"><ele>-29.857</ele><time>2025-01-19T02:38:03Z</time><speed>9.930</speed><sat>21</sat></trkpt>
  <trkpt lat="13.78981233" lon="100.53407897"><ele>-30.188</ele><time>2025-01-19T02:38:04Z</time><speed>10.050</speed><sat>21</sat></trkpt>
  <trkpt lat="13.78990751" lon="100.53411751"><ele>-29.214</ele><time>2025-01-19T02:38:05Z</time><speed>10.290</speed><sat>20</sat></trkpt>
  <trkpt lat="13.78999799" lon="100.53415353"><ele>-28.878</ele><time>2025-01-19T02:38:06Z</time><speed>10.270</speed><sat>20</sat></trkpt>
  <trkpt lat="13.79007721" lon="100.53419386"><ele>-27.702</ele><time>2025-01-19T02:38:07Z</time><speed>9.910</speed><sat>20</sat></trkpt>
  <trkpt lat="13.79016532" lon="100.53422487"><ele>-27.075</ele><time>2025-01-19T02:38:08Z</time><speed>9.540</speed><sat>20</sat></trkpt>
  <trkpt lat="13.79025860" lon="100.53426414"><ele>-27.032</ele><time>2025-01-19T02:38:09Z</time><speed>9.560</speed><sat>16</sat></trkpt>
  <trkpt lat="13.79035938" lon="100.53429395"><ele>-26.853</ele><time>2025-01-19T02:38:10Z</time><speed>9.590</speed><sat>15</sat></trkpt>
  <trkpt lat="13.79045109" lon="100.53432762"><ele>-26.874</ele><time>2025-01-19T02:38:11Z</time><speed>9.660</speed><sat>15</sat></trkpt>
  <trkpt lat="13.79053019" lon="100.53435803"><ele>-26.846</ele><time>2025-01-19T02:38:12Z</time><speed>9.630</speed><sat>17</sat></trkpt>
  <trkpt lat="13.79060205" lon="100.53439106"><ele>-27.028</ele><time>2025-01-19T02:38:13Z</time><speed>9.600</speed><sat>17</sat></trkpt>
  <trkpt lat="13.79068127" lon="100.53441912"><ele>-26.115</ele><time>2025-01-19T02:38:14Z</time><speed>9.690</speed><sat>17</sat></trkpt>
  <trkpt lat="13.79076284" lon="100.53444845"><ele>-27.126</ele><time>2025-01-19T02:38:15Z</time><speed>9.790</speed><sat>19</sat></trkpt>
  <trkpt lat="13.79083579" lon="100.53447579"><ele>-26.639</ele><time>2025-01-19T02:38:16Z</time><speed>9.750</speed><sat>19</sat></trkpt>
  <trkpt lat="13.79092264" lon="100.53451028"><ele>-26.566</ele><time>2025-01-19T02:38:17Z</time><speed>9.790</speed><sat>19</sat></trkpt>
  <trkpt lat="13.79100804" lon="100.53452942"><ele>-26.273</ele><time>2025-01-19T02:38:18Z</time><speed>9.640</speed><sat>18</sat></trkpt>
  <trkpt lat="13.79108734" lon="100.53457341"><ele>-25.148</ele><time>2025-01-19T02:38:19Z</time><speed>9.800</speed><sat>18</sat></trkpt>
  <trkpt lat="13.79115928" lon="100.53462608"><ele>-24.258</ele><time>2025-01-19T02:38:20Z</time><speed>9.740</speed><sat>18</sat></trkpt>
  <trkpt lat="13.79124107" lon="100.53465338"><ele>-23.700</ele><time>2025-01-19T02:38:21Z</time><speed>9.730</speed><sat>14</sat></trkpt>
  <trkpt lat="13.79131984" lon="100.53470116"><ele>-23.457</ele><time>2025-01-19T02:38:22Z</time><speed>9.790</speed><sat>14</sat></trkpt>
  <trkpt lat="13.79139594" lon="100.53474153"><ele>-22.911</ele><time>2025-01-19T02:38:23Z</time><speed>9.760</speed><sat>13</sat></trkpt>
  <trkpt lat="13.79147533" lon="100.53477650"><ele>-20.782</ele><time>2025-01-19T02:38:24Z</time><speed>9.860</speed><sat>13</sat></trkpt>
  <trkpt lat="13.79156114" lon="100.53479974"><ele>-21.231</ele><time>2025-01-19T02:38:25Z</time><speed>9.960</speed><sat>13</sat></trkpt>
  <trkpt lat="13.79164855" lon="100.53481373"><ele>-21.474</ele><time>2025-01-19T02:38:26Z</time><speed>9.760</speed><sat>13</sat></trkpt>
  <trkpt lat="13.79172213" lon="100.53486536"><ele>-20.362</ele><time>2025-01-19T02:38:27Z</time><speed>9.890</speed><sat>14</sat></trkpt>
  <trkpt lat="13.79179678" lon="100.53490299"><ele>-20.797</ele><time>2025-01-19T02:38:28Z</time><speed>9.890</speed><sat>15</sat></trkpt>
  <trkpt lat="13.79187141" lon="100.53495824"><ele>-19.563</ele><time>2025-01-19T02:38:29Z</time><speed>9.950</speed><sat>16</sat></trkpt>
  <trkpt lat="13.79195148" lon="100.53499771"><ele>-18.709</ele><time>2025-01-19T02:38:30Z</time><speed>9.850</speed><sat>17</sat></trkpt>
  <trkpt lat="13.79203298" lon="100.53505020"><ele>-18.019</ele><time>2025-01-19T02:38:31Z</time><speed>10.040</speed><sat>17</sat></trkpt>
  <trkpt lat="13.79212652" lon="100.53505815"><ele>-17.872</ele><time>2025-01-19T02:38:32Z</time><speed>9.450</speed><sat>17</sat></trkpt>
  <trkpt lat="13.79221026" lon="100.53509002"><ele>-18.314</ele><time>2025-01-19T02:38:33Z</time><speed>9.660</speed><sat>17</sat></trkpt>
  <trkpt lat="13.79230765" lon="100.53510941"><ele>-17.493</ele><time>2025-01-19T02:38:34Z</time><speed>10.130</speed><sat>17</sat></trkpt>
  <trkpt lat="13.79237662" lon="100.53514234"><ele>-17.035</ele><time>2025-01-19T02:38:35Z</time><speed>8.960</speed><sat>17</sat></trkpt>
  <trkpt lat="13.79246521" lon="100.53520541"><ele>-17.418</ele><time>2025-01-19T02:38:36Z</time><speed>10.090</speed><sat>17</sat></trkpt>
  <trkpt lat="13.79254822" lon="100.53521400"><ele>-15.581</ele><time>2025-01-19T02:38:37Z</time><speed>9.460</speed><sat>16</sat></trkpt>
  <trkpt lat="13.79261772" lon="100.53523611"><ele>-15.472</ele><time>2025-01-19T02:38:38Z</time><speed>8.980</speed><sat>16</sat></trkpt>
  <trkpt lat="13.79267401" lon="100.53525876"><ele>-14.804</ele><time>2025-01-19T02:38:39Z</time><speed>7.680</speed><sat>15</sat></trkpt>
  <trkpt lat="13.79275140" lon="100.53530398"><ele>-14.060</ele><time>2025-01-19T02:38:40Z</time><speed>9.180</speed><sat>15</sat></trkpt>
  <trkpt lat="13.79285275" lon="100.53535679"><ele>-13.426</ele><time>2025-01-19T02:38:41Z</time><speed>9.630</speed><sat>15</sat></trkpt>
  <trkpt lat="13.79295627" lon="100.53540405"><ele>-13.366</ele><time>2025-01-19T02:38:42Z</time><speed>9.990</speed><sat>16</sat></trkpt>
  <trkpt lat="13.79303520" lon="100.53544246"><ele>-13.273</ele><time>2025-01-19T02:38:43Z</time><speed>9.570</speed><sat>15</sat></trkpt>
  <trkpt lat="13.79310909" lon="100.53547790"><ele>-13.243</ele><time>2025-01-19T02:38:44Z</time><speed>9.750</speed><sat>13</sat></trkpt>
  <trkpt lat="13.79323973" lon="100.53555529"><ele>-13.415</ele><time>2025-01-19T02:38:45Z</time><speed>10.280</speed><sat>12</sat></trkpt>
  <trkpt lat="13.79329854" lon="100.53558507"><ele>-13.424</ele><time>2025-01-19T02:38:46Z</time><speed>9.290</speed><sat>10</sat></trkpt>
  <trkpt lat="13.79337796" lon="100.53562088"><ele>-13.375</ele><time>2025-01-19T02:38:47Z</time><speed>9.070</speed><sat>7</sat></trkpt>
  <trkpt lat="13.79344702" lon="100.53566150"><ele>-13.454</ele><time>2025-01-19T02:38:48Z</time><speed>9.290</speed><sat>6</sat></trkpt>
  <trkpt lat="13.79353204" lon="100.53568982"><ele>-13.433</ele><time>2025-01-19T02:38:49Z</time><speed>10.020</speed><sat>6</sat></trkpt>
  <trkpt lat="13.79364178" lon="100.53572201"><ele>-13.394</ele><time>2025-01-19T02:38:50Z</time><speed>10.020</speed><sat>6</sat></trkpt>
  <trkpt lat="13.79372819" lon="100.53577630"><ele>-13.529</ele><time>2025-01-19T02:38:51Z</time><speed>10.020</speed><sat>7</sat></trkpt>
  <trkpt lat="13.79381852" lon="100.53580615"><ele>-13.517</ele><time>2025-01-19T02:38:52Z</time><speed>10.470</speed><sat>8</sat></trkpt>
  <trkpt lat="13.79390362" lon="100.53584939"><ele>-13.470</ele><time>2025-01-19T02:38:53Z</time><speed>10.680</speed><sat>7</sat></trkpt>
  <trkpt lat="13.79399527" lon="100.53588229"><ele>-13.686</ele><time>2025-01-19T02:38:54Z</time><speed>10.970</speed><sat>7</sat></trkpt>
  <trkpt lat="13.79407695" lon="100.53587318"><ele>-13.566</ele><time>2025-01-19T02:38:55Z</time><speed>10.180</speed><sat>7</sat></trkpt>
  <trkpt lat="13.79415819" lon="100.53588144"><ele>-13.493</ele><time>2025-01-19T02:38:56Z</time><speed>9.830</speed><sat>8</sat></trkpt>
  <trkpt lat="13.79424906" lon="100.53594458"><ele>-12.744</ele><time>2025-01-19T02:38:57Z</time><speed>11.720</speed><sat>7</sat></trkpt>
  <trkpt lat="13.79436292" lon="100.53600649"><ele>-13.007</ele><time>2025-01-19T02:38:58Z</time><speed>10.840</speed><sat>8</sat></trkpt>
  <trkpt lat="13.79445348" lon="100.53604414"><ele>-13.034</ele><time>2025-01-19T02:38:59Z</time><speed>10.950</speed><sat>8</sat></trkpt>
  <trkpt lat="13.79454459" lon="100.53610062"><ele>-13.269</ele><time>2025-01-19T02:39:00Z</time><speed>11.140</speed><sat>8</sat></trkpt>
  <trkpt lat="13.79465833" lon="100.53612677"><ele>-13.283</ele><time>2025-01-19T02:39:01Z</time><speed>10.630</speed><sat>8</sat></trkpt>
  <trkpt lat="13.79477042" lon="100.53613222"><ele>-13.425</ele><time>2025-01-19T02:39:02Z</time><speed>12.540</speed><sat>9</sat></trkpt>
  <trkpt lat="13.79487467" lon="100.53612930"><ele>-13.170</ele><time>2025-01-19T02:39:03Z</time><speed>11.500</speed><sat>9</sat></trkpt>
  <trkpt lat="13.79497769" lon="100.53613679"><ele>-13.344</ele><time>2025-01-19T02:39:04Z</time><speed>11.280</speed><sat>9</sat></trkpt>
  <trkpt lat="13.79509701" lon="100.53618166"><ele>-13.639</ele><time>2025-01-19T02:39:05Z</time><speed>11.480</speed><sat>10</sat></trkpt>
  <trkpt lat="13.79518972" lon="100.53626017"><ele>-13.632</ele><time>2025-01-19T02:39:06Z</time><speed>10.950</speed><sat>11</sat></trkpt>
  <trkpt lat="13.79529142" lon="100.53629920"><ele>-13.863</ele><time>2025-01-19T02:39:07Z</time><speed>11.310</speed><sat>12</sat></trkpt>
  <trkpt lat="13.79536256" lon="100.53633159"><ele>-13.991</ele><time>2025-01-19T02:39:08Z</time><speed>10.220</speed><sat>11</sat></trkpt>
  <trkpt lat="13.79546266" lon="100.53635295"><ele>-13.901</ele><time>2025-01-19T02:39:09Z</time><speed>10.950</speed><sat>10</sat></trkpt>
  <trkpt lat="13.79558473" lon="100.53637225"><ele>-13.846</ele><time>2025-01-19T02:39:10Z</time><speed>12.050</speed><sat>9</sat></trkpt>
  <trkpt lat="13.79569294" lon="100.53639547"><ele>-13.916</ele><time>2025-01-19T02:39:11Z</time><speed>12.050</speed><sat>8</sat></trkpt>
  <trkpt lat="13.79574561" lon="100.53641593"><ele>-14.046</ele><time>2025-01-19T02:39:12Z</time><speed>11.130</speed><sat>7</sat></trkpt>
  <trkpt lat="13.79578397" lon="100.53647338"><ele>-14.219</ele><time>2025-01-19T02:39:13Z</time><speed>10.180</speed><sat>5</sat></trkpt>
  <trkpt lat="13.79585573" lon="100.53650969"><ele>-14.311</ele><time>2025-01-19T02:39:14Z</time><speed>9.080</speed><sat>5</sat></trkpt>
  <trkpt lat="13.79595443" lon="100.53647698"><ele>-14.183</ele><time>2025-01-19T02:39:15Z</time><speed>10.340</speed><sat>5</sat></trkpt>
  <trkpt lat="13.79603855" lon="100.53649035"><ele>-14.162</ele><time>2025-01-19T02:39:16Z</time><speed>9.440</speed><sat>6</sat></trkpt>
  <trkpt lat="13.79612654" lon="100.53649782"><ele>-14.141</ele><time>2025-01-19T02:39:17Z</time><speed>9.490</speed><sat>6</sat></trkpt>
  <trkpt lat="13.79621313" lon="100.53646996"><ele>-14.216</ele><time>2025-01-19T02:39:18Z</time><speed>9.470</speed><sat>6</sat></trkpt>
  <trkpt lat="13.79626993" lon="100.53652700"><ele>-14.184</ele><time>2025-01-19T02:39:19Z</time><speed>8.790</speed><sat>6</sat></trkpt>
  <trkpt lat="13.79635210" lon="100.53656504"><ele>-14.240</ele><time>2025-01-19T02:39:20Z</time><speed>8.940</speed><sat>6</sat></trkpt>
  <trkpt lat="13.79644003" lon="100.53656882"><ele>-14.221</ele><time>2025-01-19T02:39:21Z</time><speed>8.980</speed><sat>5</sat></trkpt>
  <trkpt lat="13.79652436" lon="100.53654710"><ele>-14.153</ele><time>2025-01-19T02:39:22Z</time><speed>8.910</speed><sat>5</sat></trkpt>
  <trkpt lat="13.79651577" lon="100.53666538"><ele>-14.108</ele><time>2025-01-19T02:39:23Z</time><speed>7.540</speed><sat>5</sat></trkpt>
  <trkpt lat="13.79657864" lon="100.53663186"><ele>-13.961</ele><time>2025-01-19T02:39:24Z</time><speed>7.550</speed><sat>5</sat></trkpt>
  <trkpt lat="13.79664621" lon="100.53661795"><ele>-13.958</ele><time>2025-01-19T02:39:25Z</time><speed>7.180</speed><sat>4</sat></trkpt>
  <trkpt lat="13.79682371" lon="100.53678165"><ele>-13.387</ele><time>2025-01-19T02:39:28Z</time><speed>6.770</speed></trkpt>
  <trkpt lat="13.79685237" lon="100.53687110"><ele>-12.511</ele><time>2025-01-19T02:39:29Z</time><speed>6.290</speed><sat>5</sat></trkpt>
  <trkpt lat="13.79692823" lon="100.53683905"><ele>-13.121</ele><time>2025-01-19T02:39:30Z</time><speed>6.970</speed><sat>5</sat></trkpt>
  <trkpt lat="13.79700476" lon="100.53688442"><ele>-13.367</ele><time>2025-01-19T02:39:31Z</time><speed>8.130</speed><sat>6</sat></trkpt>
  <trkpt lat="13.79703961" lon="100.53694608"><ele>-14.132</ele><time>2025-01-19T02:39:32Z</time><speed>6.000</speed><sat>7</sat></trkpt>
  <trkpt lat="13.79709867" lon="100.53702488"><ele>-17.178</ele><time>2025-01-19T02:39:33Z</time><speed>5.700</speed><sat>8</sat></trkpt>
  <trkpt lat="13.79712457" lon="100.53703301"><ele>-19.905</ele><time>2025-01-19T02:39:34Z</time><speed>5.690</speed><sat>6</sat></trkpt>
  <trkpt lat="13.79720001" lon="100.53706928"><ele>-21.283</ele><time>2025-01-19T02:39:35Z</time><speed>6.520</speed><sat>6</sat></trkpt>
  <trkpt lat="13.79726166" lon="100.53709597"><ele>-21.068</ele><time>2025-01-19T02:39:36Z</time><speed>6.370</speed><sat>6</sat></trkpt>
  <trkpt lat="13.79732741" lon="100.53711514"><ele>-21.177</ele><time>2025-01-19T02:39:37Z</time><speed>6.570</speed><sat>5</sat></trkpt>
  <trkpt lat="13.79735969" lon="100.53713255"><ele>-19.635</ele><time>2025-01-19T02:39:38Z</time><speed>6.200</speed><sat>5</sat></trkpt>
  <trkpt lat="13.79734332" lon="100.53712097"><ele>-18.456</ele><time>2025-01-19T02:39:39Z</time><speed>4.930</speed><sat>3</sat></trkpt>
  <trkpt lat="13.79738812" lon="100.53709669"><ele>-18.911</ele><time>2025-01-19T02:39:40Z</time><speed>4.820</speed><sat>4</sat></trkpt>
  <trkpt lat="13.79746739" lon="100.53713745"><ele>-19.641</ele><time>2025-01-19T02:39:41Z</time><speed>5.490</speed><sat>6</sat></trkpt>
  <trkpt lat="13.79750138" lon="100.53714923"><ele>-20.846</ele><time>2025-01-19T02:39:42Z</time><speed>5.270</speed><sat>7</sat></trkpt>
  <trkpt lat="13.79757247" lon="100.53712264"><ele>-21.678</ele><time>2025-01-19T02:39:43Z</time><speed>5.530</speed><sat>10</sat></trkpt>
  <trkpt lat="13.79761191" lon="100.53712798"><ele>-21.130</ele><time>2025-01-19T02:39:44Z</time><speed>5.330</speed><sat>10</sat></trkpt>
  <trkpt lat="13.79763291" lon="100.53704680"><ele>-21.208</ele><time>2025-01-19T02:39:45Z</time><speed>4.830</speed><sat>12</sat></trkpt>
  <trkpt lat="13.79767449" lon="100.53715559"><ele>-21.051</ele><time>2025-01-19T02:39:46Z</time><speed>3.760</speed><sat>11</sat></trkpt>
  <trkpt lat="13.79768457" lon="100.53716728"><ele>-22.206</ele><time>2025-01-19T02:39:47Z</time><speed>3.300</speed><sat>13</sat></trkpt>
  <trkpt lat="13.79762140" lon="100.53720530"><ele>-26.229</ele><time>2025-01-19T02:39:48Z</time><speed>0.580</speed><sat>14</sat></trkpt>
  <trkpt lat="13.79766388" lon="100.53720094"><ele>-25.053</ele><time>2025-01-19T02:39:49Z</time><speed>2.010</speed><sat>14</sat></trkpt>
  <trkpt lat="13.79771841" lon="100.53720154"><ele>-25.199</ele><time>2025-01-19T02:39:50Z</time><speed>2.660</speed><sat>16</sat></trkpt>
  <trkpt lat="13.79774089" lon="100.53720110"><ele>-23.869</ele><time>2025-01-19T02:39:51Z</time><speed>0.900</speed><sat>16</sat></trkpt>
  <trkpt lat="13.79777906" lon="100.53720784"><ele>-26.807</ele><time>2025-01-19T02:39:52Z</time><speed>2.610</speed><sat>18</sat></trkpt>
  <trkpt lat="13.79777407" lon="100.53723023"><ele>-28.323</ele><time>2025-01-19T02:39:53Z</time><speed>0.550</speed><sat>20</sat></trkpt>
  <trkpt lat="13.79780602" lon="100.53724528"><ele>-29.931</ele><time>2025-01-19T02:39:54Z</time><speed>3.200</speed><sat>19</sat></trkpt>
  <trkpt lat="13.79783257" lon="100.53726556"><ele>-29.582</ele><time>2025-01-19T02:39:55Z</time><speed>2.730</speed><sat>19</sat></trkpt>
  <trkpt lat="13.79785193" lon="100.53729120"><ele>-31.535</ele><time>2025-01-19T02:39:56Z</time><speed>2.930</speed><sat>19</sat></trkpt>
  <trkpt lat="13.79787733" lon="100.53730241"><ele>-30.874</ele><time>2025-01-19T02:39:57Z</time><speed>2.990</speed><sat>19</sat></trkpt>
  <trkpt lat="13.79790115" lon="100.53731885"><ele>-31.111</ele><time>2025-01-19T02:39:58Z</time><speed>2.210</speed><sat>20</sat></trkpt>
  <trkpt lat="13.79792528" lon="100.53733956"><ele>-29.530</ele><time>2025-01-19T02:39:59Z</time><speed>2.670</speed><sat>19</sat></trkpt>
  <trkpt lat="13.79794800" lon="100.53735984"><ele>-28.959</ele><time>2025-01-19T02:40:00Z</time><speed>2.450</speed><sat>19</sat></trkpt>
  <trkpt lat="13.79798278" lon="100.53738594"><ele>-28.652</ele><time>2025-01-19T02:40:01Z</time><speed>4.580</speed><sat>19</sat></trkpt>
  <trkpt lat="13.79802365" lon="100.53740958"><ele>-28.342</ele><time>2025-01-19T02:40:02Z</time><speed>3.870</speed><sat>19</sat></trkpt>
  <trkpt lat="13.79805967" lon="100.53742220"><ele>-28.524</ele><time>2025-01-19T02:40:03Z</time><speed>3.290</speed><sat>18</sat></trkpt>
  <trkpt lat="13.79809608" lon="100.53743359"><ele>-29.301</ele><time>2025-01-19T02:40:04Z</time><speed>3.540</speed><sat>18</sat></trkpt>
  <trkpt lat="13.79813231" lon="100.53744251"><ele>-30.477</ele><time>2025-01-19T02:40:05Z</time><speed>3.600</speed><sat>17</sat></trkpt>
  <trkpt lat="13.79817277" lon="100.53745450"><ele>-29.703</ele><time>2025-01-19T02:40:06Z</time><speed>4.110</speed><sat>16</sat></trkpt>
  <trkpt lat="13.79821755" lon="100.53746937"><ele>-29.109</ele><time>2025-01-19T02:40:07Z</time><speed>4.320</speed><sat>16</sat></trkpt>
  <trkpt lat="13.79826111" lon="100.53748058"><ele>-29.404</ele><time>2025-01-19T02:40:08Z</time><speed>4.170</speed><sat>16</sat></trkpt>
  <trkpt lat="13.79830797" lon="100.53749674"><ele>-29.811</ele><time>2025-01-19T02:40:09Z</time><speed>4.850</speed><sat>17</sat></trkpt>
  <trkpt lat="13.79838171" lon="100.53753970"><ele>-30.445</ele><time>2025-01-19T02:40:10Z</time><speed>5.010</speed><sat>17</sat></trkpt>
  <trkpt lat="13.79840093" lon="100.53751957"><ele>-30.273</ele><time>2025-01-19T02:40:11Z</time><speed>4.210</speed><sat>16</sat></trkpt>
  <trkpt lat="13.79847131" lon="100.53754855"><ele>-29.146</ele><time>2025-01-19T02:40:12Z</time><speed>5.000</speed><sat>18</sat></trkpt>
  <trkpt lat="13.79848709" lon="100.53756693"><ele>-30.684</ele><time>2025-01-19T02:40:13Z</time><speed>4.410</speed><sat>18</sat></trkpt>
  <trkpt lat="13.79852946" lon="100.53757898"><ele>-30.335</ele><time>2025-01-19T02:40:14Z</time><speed>4.600</speed><sat>17</sat></trkpt>
  <trkpt lat="13.79855676" lon="100.53758139"><ele>-30.815</ele><time>2025-01-19T02:40:15Z</time><speed>4.480</speed><sat>15</sat></trkpt>
  <trkpt lat="13.79860822" lon="100.53762906"><ele>-29.810</ele><time>2025-01-19T02:40:16Z</time><speed>5.070</speed><sat>16</sat></trkpt>
  <trkpt lat="13.79864461" lon="100.53761857"><ele>-29.581</ele><time>2025-01-19T02:40:17Z</time><speed>4.320</speed><sat>18</sat></trkpt>
  <trkpt lat="13.79872331" lon="100.53771354"><ele>-30.064</ele><time>2025-01-19T02:40:18Z</time><speed>7.020</speed><sat>18</sat></trkpt>
  <trkpt lat="13.79876005" lon="100.53770146"><ele>-30.203</ele><time>2025-01-19T02:40:19Z</time><speed>4.470</speed><sat>18</sat></trkpt>
  <trkpt lat="13.79880555" lon="100.53770166"><ele>-30.989</ele><time>2025-01-19T02:40:20Z</time><speed>5.020</speed><sat>19</sat></trkpt>
  <trkpt lat="13.79884994" lon="100.53770572"><ele>-31.810</ele><time>2025-01-19T02:40:21Z</time><speed>5.560</speed><sat>21</sat></trkpt>
  <trkpt lat="13.79891601" lon="100.53772859"><ele>-33.825</ele><time>2025-01-19T02:40:22Z</time><speed>6.140</speed><sat>20</sat></trkpt>
  <trkpt lat="13.79894343" lon="100.53773094"><ele>-34.113</ele><time>2025-01-19T02:40:23Z</time><speed>4.620</speed><sat>20</sat></trkpt>
  <trkpt lat="13.79898652" lon="100.53774861"><ele>-32.754</ele><time>2025-01-19T02:40:24Z</time><speed>4.930</speed><sat>20</sat></trkpt>
  <trkpt lat="13.79901610" lon="100.53777206"><ele>-32.759</ele><time>2025-01-19T02:40:25Z</time><speed>4.600</speed><sat>20</sat></trkpt>
  <trkpt lat="13.79907104" lon="100.53777363"><ele>-33.344</ele><time>2025-01-19T02:40:26Z</time><speed>5.040</speed><sat>19</sat></trkpt>
  <trkpt lat="13.79913574" lon="100.53781836"><ele>-32.323</ele><time>2025-01-19T02:40:27Z</time><speed>5.870</speed><sat>21</sat></trkpt>
  <trkpt lat="13.79914906" lon="100.53778778"><ele>-33.435</ele><time>2025-01-19T02:40:28Z</time><speed>3.880</speed><sat>21</sat></trkpt>
  <trkpt lat="13.79923705" lon="100.53782343"><ele>-34.781</ele><time>2025-01-19T02:40:29Z</time><speed>6.540</speed><sat>20</sat></trkpt>
  <trkpt lat="13.79925875" lon="100.53780388"><ele>-36.127</ele><time>2025-01-19T02:40:30Z</time><speed>5.140</speed><sat>18</sat></trkpt>
  <trkpt lat="13.79929664" lon="100.53784321"><ele>-35.855</ele><time>2025-01-19T02:40:31Z</time><speed>5.590</speed><sat>18</sat></trkpt>
  <trkpt lat="13.79935206" lon="100.53788246"><ele>-35.957</ele><time>2025-01-19T02:40:32Z</time><speed>6.250</speed><sat>19</sat></trkpt>
  <trkpt lat="13.79941054" lon="100.53789287"><ele>-37.246</ele><time>2025-01-19T02:40:33Z</time><speed>6.190</speed><sat>18</sat></trkpt>
  <trkpt lat="13.79949182" lon="100.53792064"><ele>-38.204</ele><time>2025-01-19T02:40:34Z</time><speed>7.160</speed><sat>19</sat></trkpt>
  <trkpt lat="13.79952112" lon="100.53792214"><ele>-37.781</ele><time>2025-01-19T02:40:35Z</time><speed>5.530</speed><sat>20</sat></trkpt>
  <trkpt lat="13.79955638" lon="100.53793885"><ele>-38.753</ele><time>2025-01-19T02:40:36Z</time><speed>5.400</speed><sat>21</sat></trkpt>
  <trkpt lat="13.79956906" lon="100.53795166"><ele>-38.627</ele><time>2025-01-19T02:40:37Z</time><speed>4.130</speed><sat>20</sat></trkpt>
  <trkpt lat="13.79961536" lon="100.53798666"><ele>-37.535</ele><time>2025-01-19T02:40:38Z</time><speed>5.160</speed><sat>20</sat></trkpt>
  <trkpt lat="13.79973060" lon="100.53802271"><ele>-38.958</ele><time>2025-01-19T02:40:39Z</time><speed>8.130</speed><sat>21</sat></trkpt>
  <trkpt lat="13.79979049" lon="100.53807044"><ele>-38.832</ele><time>2025-01-19T02:40:40Z</time><speed>7.700</speed><sat>22</sat></trkpt>
  <trkpt lat="13.79986073" lon="100.53810968"><ele>-39.097</ele><time>2025-01-19T02:40:41Z</time><speed>8.160</speed><sat>22</sat></trkpt>
  <trkpt lat="13.79991477" lon="100.53813649"><ele>-39.817</ele><time>2025-01-19T02:40:42Z</time><speed>7.290</speed><sat>21</sat></trkpt>
  <trkpt lat="13.79995894" lon="100.53814468"><ele>-39.623</ele><time>2025-01-19T02:40:43Z</time><speed>6.390</speed><sat>22</sat></trkpt>
  <trkpt lat="13.80001328" lon="100.53813942"><ele>-40.907</ele><time>2025-01-19T02:40:44Z</time><speed>6.740</speed><sat>23</sat></trkpt>
  <trkpt lat="13.80006282" lon="100.53815466"><ele>-39.850</ele><time>2025-01-19T02:40:45Z</time><speed>6.450</speed><sat>22</sat></trkpt>
  <trkpt lat="13.80009325" lon="100.53818432"><ele>-40.359</ele><time>2025-01-19T02:40:46Z</time><speed>6.000</speed><sat>21</sat></trkpt>
  <trkpt lat="13.80015760" lon="100.53820718"><ele>-40.204</ele><time>2025-01-19T02:40:47Z</time><speed>7.260</speed><sat>20</sat></trkpt>
  <trkpt lat="13.80022926" lon="100.53822719"><ele>-40.692</ele><time>2025-01-19T02:40:48Z</time><speed>7.860</speed><sat>19</sat></trkpt>
  <trkpt lat="13.80027746" lon="100.53825602"><ele>-40.428</ele><time>2025-01-19T02:40:49Z</time><speed>6.980</speed><sat>19</sat></trkpt>
  <trkpt lat="13.80035761" lon="100.53829165"><ele>-45.152</ele><time>2025-01-19T02:40:50Z</time><speed>7.530</speed><sat>19</sat></trkpt>
  <trkpt lat="13.80042118" lon="100.53833197"><ele>-45.795</ele><time>2025-01-19T02:40:51Z</time><speed>7.660</speed><sat>18</sat></trkpt>
  <trkpt lat="13.80048053" lon="100.53837021"><ele>-45.601</ele><time>2025-01-19T02:40:52Z</time><speed>7.650</speed><sat>19</sat></trkpt>
  <trkpt lat="13.80057211" lon="100.53839232"><ele>-46.051</ele><time>2025-01-19T02:40:53Z</time><speed>8.750</speed><sat>19</sat></trkpt>
  <trkpt lat="13.80058583" lon="100.53835366"><ele>-46.484</ele><time>2025-01-19T02:40:54Z</time><speed>5.410</speed><sat>21</sat></trkpt>
  <trkpt lat="13.80068496" lon="100.53838391"><ele>-45.633</ele><time>2025-01-19T02:40:55Z</time><speed>8.520</speed><sat>21</sat></trkpt>
  <trkpt lat="13.80072343" lon="100.53842841"><ele>-45.465</ele><time>2025-01-19T02:40:56Z</time><speed>7.590</speed><sat>19</sat></trkpt>
  <trkpt lat="13.80077113" lon="100.53846498"><ele>-45.025</ele><time>2025-01-19T02:40:57Z</time><speed>7.750</speed><sat>20</sat></trkpt>
  <trkpt lat="13.80083045" lon="100.53849035"><ele>-44.623</ele><time>2025-01-19T02:40:58Z</time><speed>7.620</speed><sat>19</sat></trkpt>
  <trkpt lat="13.80089840" lon="100.53851775"><ele>-45.114</ele><time>2025-01-19T02:40:59Z</time><speed>8.040</speed><sat>20</sat></trkpt>
  <trkpt lat="13.80096945" lon="100.53855135"><ele>-46.059</ele><time>2025-01-19T02:41:00Z</time><speed>7.900</speed><sat>18</sat></trkpt>
  <trkpt lat="13.80102275" lon="100.53858849"><ele>-45.996</ele><time>2025-01-19T02:41:01Z</time><speed>8.050</speed><sat>20</sat></trkpt>
  <trkpt lat="13.80109377" lon="100.53862029"><ele>-47.449</ele><time>2025-01-19T02:41:02Z</time><speed>8.090</speed><sat>21</sat></trkpt>
  <trkpt lat="13.80116399" lon="100.53864622"><ele>-47.388</ele><time>2025-01-19T02:41:03Z</time><speed>8.140</speed><sat>20</sat></trkpt>
  <trkpt lat="13.80123350" lon="100.53869514"><ele>-46.611</ele><time>2025-01-19T02:41:04Z</time><speed>8.430</speed><sat>21</sat></trkpt>
  <trkpt lat="13.80129836" lon="100.53872525"><ele>-45.233</ele><time>2025-01-19T02:41:05Z</time><speed>8.060</speed><sat>21</sat></trkpt>
  <trkpt lat="13.80136846" lon="100.53876548"><ele>-45.182</ele><time>2025-01-19T02:41:06Z</time><speed>8.540</speed><sat>21</sat></trkpt>
  <trkpt lat="13.80142456" lon="100.53877648"><ele>-44.875</ele><time>2025-01-19T02:41:07Z</time><speed>7.600</speed><sat>20</sat></trkpt>
  <trkpt lat="13.80148892" lon="100.53881916"><ele>-43.929</ele><time>2025-01-19T02:41:08Z</time><speed>8.380</speed><sat>19</sat></trkpt>
  <trkpt lat="13.80156179" lon="100.53885196"><ele>-42.695</ele><time>2025-01-19T02:41:09Z</time><speed>8.250</speed><sat>19</sat></trkpt>
  <trkpt lat="13.80162836" lon="100.53887856"><ele>-42.057</ele><time>2025-01-19T02:41:10Z</time><speed>8.260</speed><sat>20</sat></trkpt>
  <trkpt lat="13.80169667" lon="100.53891069"><ele>-40.393</ele><time>2025-01-19T02:41:11Z</time><speed>8.400</speed><sat>20</sat></trkpt>
  <trkpt lat="13.80177426" lon="100.53893570"><ele>-40.552</ele><time>2025-01-19T02:41:12Z</time><speed>8.460</speed><sat>19</sat></trkpt>
  <trkpt lat="13.80185605" lon="100.53895600"><ele>-41.868</ele><time>2025-01-19T02:41:13Z</time><speed>8.410</speed><sat>18</sat></trkpt>
  <trkpt lat="13.80192887" lon="100.53898829"><ele>-43.670</ele><time>2025-01-19T02:41:14Z</time><speed>8.370</speed><sat>20</sat></trkpt>
  <trkpt lat="13.80200057" lon="100.53902425"><ele>-42.709</ele><time>2025-01-19T02:41:15Z</time><speed>8.430</speed><sat>21</sat></trkpt>
  <trkpt lat="13.80207673" lon="100.53905999"><ele>-41.774</ele><time>2025-01-19T02:41:16Z</time><speed>8.520</speed><sat>21</sat></trkpt>
  <trkpt lat="13.80214717" lon="100.53910165"><ele>-40.675</ele><time>2025-01-19T02:41:17Z</time><speed>8.450</speed><sat>21</sat></trkpt>
  <trkpt lat="13.80222580" lon="100.53914735"><ele>-40.160</ele><time>2025-01-19T02:41:18Z</time><speed>8.400</speed><sat>23</sat></trkpt>
  <trkpt lat="13.80228641" lon="100.53917559"><ele>-41.349</ele><time>2025-01-19T02:41:19Z</time><speed>8.300</speed><sat>23</sat></trkpt>
  <trkpt lat="13.80234811" lon="100.53921184"><ele>-42.387</ele><time>2025-01-19T02:41:20Z</time><speed>8.430</speed><sat>22</sat></trkpt>
  <trkpt lat="13.80242472" lon="100.53923686"><ele>-43.358</ele><time>2025-01-19T02:41:21Z</time><speed>8.590</speed><sat>21</sat></trkpt>
  <trkpt lat="13.80249551" lon="100.53927084"><ele>-42.371</ele><time>2025-01-19T02:41:22Z</time><speed>8.460</speed><sat>20</sat></trkpt>
  <trkpt lat="13.80257411" lon="100.53930148"><ele>-40.995</ele><time>2025-01-19T02:41:23Z</time><speed>8.770</speed><sat>20</sat></trkpt>
  <trkpt lat="13.80264619" lon="100.53935029"><ele>-40.227</ele><time>2025-01-19T02:41:24Z</time><speed>8.750</speed><sat>20</sat></trkpt>
  <trkpt lat="13.80271911" lon="100.53938550"><ele>-40.586</ele><time>2025-01-19T02:41:25Z</time><speed>8.830</speed><sat>19</sat></trkpt>
  <trkpt lat="13.80278283" lon="100.53940504"><ele>-40.726</ele><time>2025-01-19T02:41:26Z</time><speed>8.260</speed><sat>18</sat></trkpt>
  <trkpt lat="13.80284942" lon="100.53945444"><ele>-41.027</ele><time>2025-01-19T02:41:27Z</time><speed>8.670</speed><sat>20</sat></trkpt>
  <trkpt lat="13.80291176" lon="100.53948243"><ele>-40.944</ele><time>2025-01-19T02:41:28Z</time><speed>8.570</speed><sat>20</sat></trkpt>
  <trkpt lat="13.80298029" lon="100.53951418"><ele>-40.713</ele><time>2025-01-19T02:41:29Z</time><speed>8.220</speed><sat>20</sat></trkpt>
  <trkpt lat="13.80305926" lon="100.53954000"><ele>-40.355</ele><time>2025-01-19T02:41:30Z</time><speed>8.510</speed><sat>18</sat></trkpt>
  <trkpt lat="13.80312264" lon="100.53958035"><ele>-41.716</ele><time>2025-01-19T02:41:31Z</time><speed>8.310</speed><sat>19</sat></trkpt>
  <trkpt lat="13.80318823" lon="100.53961410"><ele>-41.559</ele><time>2025-01-19T02:41:32Z</time><speed>8.400</speed><sat>18</sat></trkpt>
  <trkpt lat="13.80324990" lon="100.53965428"><ele>-42.449</ele><time>2025-01-19T02:41:33Z</time><speed>8.220</speed><sat>15</sat></trkpt>
  <trkpt lat="13.80331595" lon="100.53966943"><ele>-42.841</ele><time>2025-01-19T02:41:34Z</time><speed>7.930</speed><sat>16</sat></trkpt>
  <trkpt lat="13.80337884" lon="100.53968945"><ele>-42.240</ele><time>2025-01-19T02:41:35Z</time><speed>6.960</speed><sat>19</sat></trkpt>
  <trkpt lat="13.80344227" lon="100.53970961"><ele>-41.377</ele><time>2025-01-19T02:41:36Z</time><speed>6.680</speed><sat>20</sat></trkpt>
  <trkpt lat="13.80349259" lon="100.53974440"><ele>-41.224</ele><time>2025-01-19T02:41:37Z</time><speed>5.890</speed><sat>20</sat></trkpt>
  <trkpt lat="13.80355290" lon="100.53978293"><ele>-41.523</ele><time>2025-01-19T02:41:38Z</time><speed>6.550</speed><sat>20</sat></trkpt>
  <trkpt lat="13.80361330" lon="100.53982052"><ele>-40.498</ele><time>2025-01-19T02:41:39Z</time><speed>6.650</speed><sat>21</sat></trkpt>
  <trkpt lat="13.80368369" lon="100.53984254"><ele>-40.264</ele><time>2025-01-19T02:41:40Z</time><speed>6.900</speed><sat>21</sat></trkpt>
  <trkpt lat="13.80371640" lon="100.53987955"><ele>-40.027</ele><time>2025-01-19T02:41:41Z</time><speed>4.820</speed><sat>19</sat></trkpt>
  <trkpt lat="13.80378309" lon="100.53988429"><ele>-39.183</ele><time>2025-01-19T02:41:42Z</time><speed>5.320</speed><sat>18</sat></trkpt>
  <trkpt lat="13.80383364" lon="100.53988695"><ele>-38.148</ele><time>2025-01-19T02:41:43Z</time><speed>5.340</speed><sat>19</sat></trkpt>
  <trkpt lat="13.80388223" lon="100.53991422"><ele>-38.371</ele><time>2025-01-19T02:41:44Z</time><speed>5.210</speed><sat>21</sat></trkpt>
  <trkpt lat="13.80392670" lon="100.53993433"><ele>-39.160</ele><time>2025-01-19T02:41:45Z</time><speed>4.890</speed><sat>20</sat></trkpt>
  <trkpt lat="13.80395117" lon="100.53995409"><ele>-38.362</ele><time>2025-01-19T02:41:46Z</time><speed>4.080</speed><sat>19</sat></trkpt>
  <trkpt lat="13.80397031" lon="100.53996139"><ele>-38.145</ele><time>2025-01-19T02:41:47Z</time><speed>2.610</speed><sat>18</sat></trkpt>
  <trkpt lat="13.80400787" lon="100.53994711"><ele>-36.684</ele><time>2025-01-19T02:41:48Z</time><speed>3.520</speed><sat>20</sat></trkpt>
  <trkpt lat="13.80402749" lon="100.53996512"><ele>-36.990</ele><time>2025-01-19T02:41:49Z</time><speed>3.030</speed><sat>20</sat></trkpt>
  <trkpt lat="13.80405289" lon="100.53997293"><ele>-37.119</ele><time>2025-01-19T02:41:50Z</time><speed>2.820</speed><sat>19</sat></trkpt>
  <trkpt lat="13.80407909" lon="100.53998432"><ele>-36.636</ele><time>2025-01-19T02:41:51Z</time><speed>2.590</speed><sat>20</sat></trkpt>
  <trkpt lat="13.80410937" lon="100.54000043"><ele>-37.199</ele><time>2025-01-19T02:41:52Z</time><speed>2.530</speed><sat>20</sat></trkpt>
  <trkpt lat="13.80410977" lon="100.54001339"><ele>-36.930</ele><time>2025-01-19T02:41:53Z</time><speed>1.850</speed><sat>20</sat></trkpt>
  <trkpt lat="13.80412285" lon="100.54001429"><ele>-36.854</ele><time>2025-01-19T02:41:54Z</time><speed>2.060</speed><sat>18</sat></trkpt>
  <trkpt lat="13.80414926" lon="100.54000871"><ele>-36.689</ele><time>2025-01-19T02:41:55Z</time><speed>2.630</speed><sat>18</sat></trkpt>
  <trkpt lat="13.80415802" lon="100.54001338"><ele>-36.437</ele><time>2025-01-19T02:41:56Z</time><speed>1.140</speed><sat>18</sat></trkpt>
  <trkpt lat="13.80415856" lon="100.54001308"><ele>-35.755</ele><time>2025-01-19T02:41:57Z</time><speed>0.840</speed><sat>19</sat></trkpt>
  <trkpt lat="13.80416481" lon="100.54001419"><ele>-37.731</ele><time>2025-01-19T02:41:58Z</time><speed>1.400</speed><sat>19</sat></trkpt>
  <trkpt lat="13.80417120" lon="100.54001065"><ele>-38.596</ele><time>2025-01-19T02:41:59Z</time><speed>1.070</speed><sat>20</sat></trkpt>
  <trkpt lat="13.80417559" lon="100.54000741"><ele>-38.022</ele><time>2025-01-19T02:42:00Z</time><speed>0.880</speed><sat>19</sat></trkpt>
  <trkpt lat="13.80417808" lon="100.54000466"><ele>-38.208</ele><time>2025-01-19T02:42:01Z</time><speed>0.610</speed><sat>18</sat></trkpt>
  <trkpt lat="13.80418121" lon="100.54000780"><ele>-38.625</ele><time>2025-01-19T02:42:02Z</time><speed>0.680</speed><sat>18</sat></trkpt>
  <trkpt lat="13.80418399" lon="100.54001279"><ele>-38.972</ele><time>2025-01-19T02:42:03Z</time><speed>0.500</speed><sat>19</sat></trkpt>
  <trkpt lat="13.80418212" lon="100.54001979"><ele>-38.849</ele><time>2025-01-19T02:42:04Z</time><speed>0.000</speed><sat>19</sat></trkpt>
  <trkpt lat="13.80418169" lon="100.54002400"><ele>-39.348</ele><time>2025-01-19T02:42:05Z</time><speed>0.000</speed><sat>17</sat></trkpt>
  <trkpt lat="13.80418197" lon="100.54002619"><ele>-39.389</ele><time>2025-01-19T02:42:06Z</time><speed>0.000</speed><sat>17</sat></trkpt>
  <trkpt lat="13.80418275" lon="100.54002720"><ele>-39.378</ele><time>2025-01-19T02:42:07Z</time><speed>0.000</speed><sat>18</sat></trkpt>
  <trkpt lat="13.80418500" lon="100.54002832"><ele>-39.692</ele><time>2025-01-19T02:42:08Z</time><speed>0.000</speed><sat>18</sat></trkpt>
  <trkpt lat="13.80418467" lon="100.54002915"><ele>-39.339</ele><time>2025-01-19T02:42:09Z</time><speed>0.000</speed><sat>18</sat></trkpt>
  <trkpt lat="13.80418458" lon="100.54002859"><ele>-39.181</ele><time>2025-01-19T02:42:10Z</time><speed>0.000</speed><sat>17</sat></trkpt>
  <trkpt lat="13.80418477" lon="100.54002823"><ele>-39.192</ele><time>2025-01-19T02:42:11Z</time><speed>0.000</speed><sat>17</sat></trkpt>
  <trkpt lat="13.80418334" lon="100.54002767"><ele>-38.981</ele><time>2025-01-19T02:42:12Z</time><speed>0.000</speed><sat>16</sat></trkpt>
  <trkpt lat="13.80417932" lon="100.54002765"><ele>-38.881</ele><time>2025-01-19T02:42:13Z</time><speed>0.000</speed><sat>16</sat></trkpt>
  <trkpt lat="13.80417661" lon="100.54002712"><ele>-38.663</ele><time>2025-01-19T02:42:14Z</time><speed>0.000</speed><sat>16</sat></trkpt>
  <trkpt lat="13.80417394" lon="100.54002733"><ele>-38.499</ele><time>2025-01-19T02:42:15Z</time><speed>0.000</speed><sat>14</sat></trkpt>
  <trkpt lat="13.80417230" lon="100.54002784"><ele>-38.256</ele><time>2025-01-19T02:42:16Z</time><speed>0.000</speed><sat>11</sat></trkpt>
  <trkpt lat="13.80417284" lon="100.54002916"><ele>-38.674</ele><time>2025-01-19T02:42:17Z</time><speed>0.000</speed><sat>11</sat></trkpt>
  <trkpt lat="13.80417351" lon="100.54002981"><ele>-38.710</ele><time>2025-01-19T02:42:18Z</time><speed>0.000</speed><sat>12</sat></trkpt>
  <trkpt lat="13.80417442" lon="100.54002965"><ele>-38.773</ele><time>2025-01-19T02:42:19Z</time><speed>0.000</speed><sat>12</sat></trkpt>
  <trkpt lat="13.80417442" lon="100.54003034"><ele>-38.716</ele><time>2025-01-19T02:42:20Z</time><speed>0.000</speed><sat>14</sat></trkpt>
  <trkpt lat="13.80417445" lon="100.54003116"><ele>-38.711</ele><time>2025-01-19T02:42:21Z</time><speed>0.000</speed><sat>16</sat></trkpt>
  <trkpt lat="13.80417436" lon="100.54003209"><ele>-38.683</ele><time>2025-01-19T02:42:22Z</time><speed>0.000</speed><sat>17</sat></trkpt>
  <trkpt lat="13.80417363" lon="100.54003394"><ele>-38.545</ele><time>2025-01-19T02:42:23Z</time><speed>0.000</speed><sat>16</sat></trkpt>
  <trkpt lat="13.80417361" lon="100.54003584"><ele>-38.592</ele><time>2025-01-19T02:42:24Z</time><speed>0.000</speed><sat>15</sat></trkpt>
  <trkpt lat="13.80417360" lon="100.54003641"><ele>-38.601</ele><time>2025-01-19T02:42:25Z</time><speed>0.000</speed><sat>16</sat></trkpt>
  <trkpt lat="13.80417363" lon="100.54003735"><ele>-38.674</ele><time>2025-01-19T02:42:26Z</time><speed>0.000</speed><sat>14</sat></trkpt>
  <trkpt lat="13.80417361" lon="100.54003894"><ele>-38.654</ele><time>2025-01-19T02:42:27Z</time><speed>0.000</speed><sat>13</sat></trkpt>
  <trkpt lat="13.80417360" lon="100.54003974"><ele>-38.653</ele><time>2025-01-19T02:42:28Z</time><speed>0.000</speed><sat>12</sat></trkpt>
  <trkpt lat="13.80417365" lon="100.54004026"><ele>-38.550</ele><time>2025-01-19T02:42:29Z</time><speed>0.000</speed><sat>13</sat></trkpt>
  <trkpt lat="13.80417444" lon="100.54004122"><ele>-38.482</ele><time>2025-01-19T02:42:30Z</time><speed>0.000</speed><sat>14</sat></trkpt>
  <trkpt lat="13.80417479" lon="100.54004301"><ele>-38.463</ele><time>2025-01-19T02:42:31Z</time><speed>0.000</speed><sat>12</sat></trkpt>
  <trkpt lat="13.80417570" lon="100.54004531"><ele>-38.420</ele><time>2025-01-19T02:42:32Z</time><speed>0.000</speed><sat>12</sat></trkpt>
  <trkpt lat="13.80417593" lon="100.54004674"><ele>-38.440</ele><time>2025-01-19T02:42:33Z</time><speed>0.000</speed><sat>12</sat></trkpt>
  <trkpt lat="13.80417587" lon="100.54004845"><ele>-38.431</ele><time>2025-01-19T02:42:34Z</time><speed>0.000</speed><sat>16</sat></trkpt>
  <trkpt lat="13.80417604" lon="100.54004956"><ele>-38.422</ele><time>2025-01-19T02:42:35Z</time><speed>0.000</speed><sat>15</sat></trkpt>
  <trkpt lat="13.80417612" lon="100.54005018"><ele>-38.414</ele><time>2025-01-19T02:42:36Z</time><speed>0.000</speed><sat>13</sat></trkpt>
  <trkpt lat="13.80417615" lon="100.54005052"><ele>-38.470</ele><time>2025-01-19T02:42:37Z</time><speed>0.000</speed><sat>15</sat></trkpt>
  <trkpt lat="13.80417600" lon="100.54005094"><ele>-38.472</ele><time>2025-01-19T02:42:38Z</time><speed>0.000</speed><sat>17</sat></trkpt>
  <trkpt lat="13.80417607" lon="100.54005115"><ele>-38.679</ele><time>2025-01-19T02:42:39Z</time><speed>0.000</speed><sat>16</sat></trkpt>
  <trkpt lat="13.80417606" lon="100.54005119"><ele>-38.678</ele><time>2025-01-19T02:42:40Z</time><speed>0.000</speed><sat>12</sat></trkpt>
  <trkpt lat="13.80417602" lon="100.54005104"><ele>-38.585</ele><time>2025-01-19T02:42:41Z</time><speed>0.000</speed><sat>13</sat></trkpt>
  <trkpt lat="13.80417598" lon="100.54005144"><ele>-38.442</ele><time>2025-01-19T02:42:42Z</time><speed>0.000</speed><sat>14</sat></trkpt>
  <trkpt lat="13.80417617" lon="100.54005158"><ele>-38.399</ele><time>2025-01-19T02:42:43Z</time><speed>0.000</speed><sat>15</sat></trkpt>
  <trkpt lat="13.80417510" lon="100.54005133"><ele>-38.235</ele><time>2025-01-19T02:42:44Z</time><speed>0.000</speed><sat>15</sat></trkpt>
  <trkpt lat="13.80417458" lon="100.54005135"><ele>-38.394</ele><time>2025-01-19T02:42:45Z</time><speed>0.000</speed><sat>16</sat></trkpt>
  <trkpt lat="13.80417463" lon="100.54005147"><ele>-38.400</ele><time>2025-01-19T02:42:46Z</time><speed>0.000</speed><sat>16</sat></trkpt>
  <trkpt lat="13.80417475" lon="100.54005133"><ele>-38.409</ele><time>2025-01-19T02:42:47Z</time><speed>0.000</speed><sat>15</sat></trkpt>
  <trkpt lat="13.80417499" lon="100.54005088"><ele>-38.438</ele><time>2025-01-19T02:42:48Z</time><speed>0.000</speed><sat>15</sat></trkpt>
  <trkpt lat="13.80417514" lon="100.54005060"><ele>-38.442</ele><time>2025-01-19T02:42:49Z</time><speed>0.000</speed><sat>15</sat></trkpt>
  <trkpt lat="13.80417527" lon="100.54005034"><ele>-38.462</ele><time>2025-01-19T02:42:50Z</time><speed>0.000</speed><sat>15</sat></trkpt>
  <trkpt lat="13.80417542" lon="100.54005013"><ele>-38.534</ele><time>2025-01-19T02:42:51Z</time><speed>0.000</speed><sat>14</sat></trkpt>
  <trkpt lat="13.80417526" lon="100.54004971"><ele>-38.597</ele><time>2025-01-19T02:42:52Z</time><speed>0.000</speed><sat>11</sat></trkpt>
  <trkpt lat="13.80417516" lon="100.54004954"><ele>-38.600</ele><time>2025-01-19T02:42:53Z</time><speed>0.000</speed><sat>11</sat></trkpt>
  <trkpt lat="13.80417510" lon="100.54004947"><ele>-38.598</ele><time>2025-01-19T02:42:54Z</time><speed>0.000</speed><sat>11</sat></trkpt>
  <trkpt lat="13.80417505" lon="100.54004944"><ele>-38.597</ele><time>2025-01-19T02:42:55Z</time><speed>0.000</speed><sat>10</sat></trkpt>
  <trkpt lat="13.80417514" lon="100.54004948"><ele>-38.586</ele><time>2025-01-19T02:42:56Z</time><speed>0.000</speed><sat>10</sat></trkpt>
  <trkpt lat="13.80417544" lon="100.54004983"><ele>-38.623</ele><time>2025-01-19T02:42:57Z</time><speed>0.000</speed><sat>10</sat></trkpt>
  <trkpt lat="13.80417604" lon="100.54005070"><ele>-38.530</ele><time>2025-01-19T02:42:58Z</time><speed>0.000</speed><sat>12</sat></trkpt>
  <trkpt lat="13.80417633" lon="100.54005113"><ele>-38.530</ele><time>2025-01-19T02:42:59Z</time><speed>0.000</speed><sat>13</sat></trkpt>
  <trkpt lat="13.80417635" lon="100.54005096"><ele>-38.837</ele><time>2025-01-19T02:43:00Z</time><speed>0.000</speed><sat>13</sat></trkpt>
  <trkpt lat="13.80417636" lon="100.54005089"><ele>-38.835</ele><time>2025-01-19T02:43:01Z</time><speed>0.000</speed><sat>12</sat></trkpt>
  <trkpt lat="13.80417643" lon="100.54005089"><ele>-38.803</ele><time>2025-01-19T02:43:02Z</time><speed>0.000</speed><sat>11</sat></trkpt>
  <trkpt lat="13.80417642" lon="100.54005072"><ele>-38.896</ele><time>2025-01-19T02:43:03Z</time><speed>0.000</speed><sat>13</sat></trkpt>
  <trkpt lat="13.80417615" lon="100.54005033"><ele>-38.978</ele><time>2025-01-19T02:43:04Z</time><speed>0.000</speed><sat>14</sat></trkpt>
  <trkpt lat="13.80417584" lon="100.54004999"><ele>-39.032</ele><time>2025-01-19T02:43:05Z</time><speed>0.000</speed><sat>14</sat></trkpt>
  <trkpt lat="13.80417569" lon="100.54004982"><ele>-39.030</ele><time>2025-01-19T02:43:06Z</time><speed>0.000</speed><sat>14</sat></trkpt>
  <trkpt lat="13.80417554" lon="100.54005024"><ele>-38.951</ele><time>2025-01-19T02:43:07Z</time><speed>0.000</speed><sat>13</sat></trkpt>
  <trkpt lat="13.80417547" lon="100.54005044"><ele>-38.950</ele><time>2025-01-19T02:43:08Z</time><speed>0.000</speed><sat>14</sat></trkpt>
  <trkpt lat="13.80417542" lon="100.54005057"><ele>-38.948</ele><time>2025-01-19T02:43:09Z</time><speed>0.000</speed><sat>14</sat></trkpt>
  <trkpt lat="13.80417538" lon="100.54005095"><ele>-38.913</ele><time>2025-01-19T02:43:10Z</time><speed>0.000</speed><sat>15</sat></trkpt>
  <trkpt lat="13.80417533" lon="100.54005106"><ele>-38.928</ele><time>2025-01-19T02:43:11Z</time><speed>0.000</speed><sat>15</sat></trkpt>
  <trkpt lat="13.80417527" lon="100.54005110"><ele>-38.931</ele><time>2025-01-19T02:43:12Z</time><speed>0.000</speed><sat>15</sat></trkpt>
  <trkpt lat="13.80417530" lon="100.54005114"><ele>-38.913</ele><time>2025-01-19T02:43:13Z</time><speed>0.000</speed><sat>12</sat></trkpt>
  <trkpt lat="13.80417529" lon="100.54005260"><ele>-38.728</ele><time>2025-01-19T02:43:14Z</time><speed>0.000</speed><sat>11</sat></trkpt>
  <trkpt lat="13.80417528" lon="100.54005336"><ele>-38.726</ele><time>2025-01-19T02:43:15Z</time><speed>0.000</speed><sat>12</sat></trkpt>
  <trkpt lat="13.80417528" lon="100.54005373"><ele>-38.727</ele><time>2025-01-19T02:43:16Z</time><speed>0.000</speed><sat>12</sat></trkpt>
  <trkpt lat="13.80417517" lon="100.54005341"><ele>-38.739</ele><time>2025-01-19T02:43:17Z</time><speed>0.000</speed><sat>13</sat></trkpt>
  <trkpt lat="13.80417524" lon="100.54005330"><ele>-38.699</ele><time>2025-01-19T02:43:18Z</time><speed>0.000</speed><sat>15</sat></trkpt>
  <trkpt lat="13.80417527" lon="100.54005325"><ele>-38.703</ele><time>2025-01-19T02:43:19Z</time><speed>0.000</speed><sat>15</sat></trkpt>
  <trkpt lat="13.80417533" lon="100.54005335"><ele>-38.681</ele><time>2025-01-19T02:43:20Z</time><speed>0.000</speed><sat>16</sat></trkpt>
  <trkpt lat="13.80417536" lon="100.54005353"><ele>-38.337</ele><time>2025-01-19T02:43:21Z</time><speed>0.000</speed><sat>17</sat></trkpt>
  <trkpt lat="13.80417422" lon="100.54005335"><ele>-38.048</ele><time>2025-01-19T02:43:22Z</time><speed>0.000</speed><sat>18</sat></trkpt>
  <trkpt lat="13.80417673" lon="100.54005361"><ele>-38.831</ele><time>2025-01-19T02:43:23Z</time><speed>0.000</speed><sat>19</sat></trkpt>
  <trkpt lat="13.80417843" lon="100.54005338"><ele>-38.993</ele><time>2025-01-19T02:43:24Z</time><speed>0.000</speed><sat>20</sat></trkpt>
  <trkpt lat="13.80418120" lon="100.54005173"><ele>-39.546</ele><time>2025-01-19T02:43:25Z</time><speed>0.000</speed><sat>21</sat></trkpt>
  <trkpt lat="13.80419500" lon="100.54005313"><ele>-39.767</ele><time>2025-01-19T02:43:26Z</time><speed>1.990</speed><sat>22</sat></trkpt>
  <trkpt lat="13.80421644" lon="100.54006029"><ele>-38.074</ele><time>2025-01-19T02:43:27Z</time><speed>1.940</speed><sat>21</sat></trkpt>
  <trkpt lat="13.80423780" lon="100.54006546"><ele>-37.432</ele><time>2025-01-19T02:43:28Z</time><speed>1.680</speed><sat>20</sat></trkpt>
  <trkpt lat="13.80426413" lon="100.54007641"><ele>-38.664</ele><time>2025-01-19T02:43:29Z</time><speed>2.870</speed><sat>20</sat></trkpt>
  <trkpt lat="13.80429369" lon="100.54009266"><ele>-38.430</ele><time>2025-01-19T02:43:30Z</time><speed>2.870</speed><sat>20</sat></trkpt>
  <trkpt lat="13.80431978" lon="100.54010894"><ele>-38.648</ele><time>2025-01-19T02:43:31Z</time><speed>2.520</speed><sat>20</sat></trkpt>
  <trkpt lat="13.80434850" lon="100.54012349"><ele>-39.353</ele><time>2025-01-19T02:43:32Z</time><speed>2.920</speed><sat>20</sat></trkpt>
  <trkpt lat="13.80438539" lon="100.54013169"><ele>-39.510</ele><time>2025-01-19T02:43:33Z</time><speed>3.310</speed><sat>22</sat></trkpt>
  <trkpt lat="13.80441856" lon="100.54012855"><ele>-38.015</ele><time>2025-01-19T02:43:34Z</time><speed>2.170</speed><sat>20</sat></trkpt>
  <trkpt lat="13.80444496" lon="100.54011910"><ele>-37.658</ele><time>2025-01-19T02:43:35Z</time><speed>2.060</speed><sat>22</sat></trkpt>
  <trkpt lat="13.80447512" lon="100.54010857"><ele>-38.122</ele><time>2025-01-19T02:43:36Z</time><speed>2.750</speed><sat>21</sat></trkpt>
  <trkpt lat="13.80451080" lon="100.54009831"><ele>-37.459</ele><time>2025-01-19T02:43:37Z</time><speed>3.300</speed><sat>22</sat></trkpt>
  <trkpt lat="13.80453269" lon="100.54009640"><ele>-37.216</ele><time>2025-01-19T02:43:38Z</time><speed>0.710</speed><sat>23</sat></trkpt>
  <trkpt lat="13.80455571" lon="100.54009960"><ele>-35.111</ele><time>2025-01-19T02:43:39Z</time><speed>2.350</speed><sat>20</sat></trkpt>
  <trkpt lat="13.80458445" lon="100.54010527"><ele>-32.910</ele><time>2025-01-19T02:43:40Z</time><speed>2.580</speed><sat>20</sat></trkpt>
  <trkpt lat="13.80461101" lon="100.54011524"><ele>-34.517</ele><time>2025-01-19T02:43:41Z</time><speed>2.330</speed><sat>20</sat></trkpt>
  <trkpt lat="13.80463514" lon="100.54012665"><ele>-34.816</ele><time>2025-01-19T02:43:42Z</time><speed>2.280</speed><sat>21</sat></trkpt>
  <trkpt lat="13.80466313" lon="100.54014214"><ele>-35.009</ele><time>2025-01-19T02:43:43Z</time><speed>3.020</speed><sat>20</sat></trkpt>
  <trkpt lat="13.80469625" lon="100.54015922"><ele>-35.552</ele><time>2025-01-19T02:43:44Z</time><speed>2.770</speed><sat>19</sat></trkpt>
  <trkpt lat="13.80473450" lon="100.54017771"><ele>-31.688</ele><time>2025-01-19T02:43:45Z</time><speed>3.290</speed><sat>20</sat></trkpt>
  <trkpt lat="13.80486167" lon="100.54023493"><ele>-31.570</ele><time>2025-01-19T02:43:46Z</time><speed>5.930</speed><sat>20</sat></trkpt>
  <trkpt lat="13.80490213" lon="100.54025642"><ele>-32.804</ele><time>2025-01-19T02:43:47Z</time><speed>4.900</speed><sat>20</sat></trkpt>
  <trkpt lat="13.80494967" lon="100.54026782"><ele>-32.814</ele><time>2025-01-19T02:43:48Z</time><speed>4.050</speed><sat>19</sat></trkpt>
  <trkpt lat="13.80502402" lon="100.54029780"><ele>-33.392</ele><time>2025-01-19T02:43:49Z</time><speed>6.030</speed><sat>20</sat></trkpt>
  <trkpt lat="13.80508637" lon="100.54033146"><ele>-32.117</ele><time>2025-01-19T02:43:50Z</time><speed>6.180</speed><sat>19</sat></trkpt>
  <trkpt lat="13.80515337" lon="100.54034938"><ele>-34.139</ele><time>2025-01-19T02:43:51Z</time><speed>6.260</speed><sat>19</sat></trkpt>
  <trkpt lat="13.80521592" lon="100.54037185"><ele>-32.688</ele><time>2025-01-19T02:43:52Z</time><speed>6.240</speed><sat>18</sat></trkpt>
  <trkpt lat="13.80527444" lon="100.54037967"><ele>-30.920</ele><time>2025-01-19T02:43:53Z</time><speed>6.390</speed><sat>18</sat></trkpt>
  <trkpt lat="13.80533099" lon="100.54040724"><ele>-30.503</ele><time>2025-01-19T02:43:54Z</time><speed>6.490</speed><sat>17</sat></trkpt>
  <trkpt lat="13.80538108" lon="100.54042029"><ele>-30.414</ele><time>2025-01-19T02:43:55Z</time><speed>5.830</speed><sat>14</sat></trkpt>
  <trkpt lat="13.80544355" lon="100.54045170"><ele>-29.577</ele><time>2025-01-19T02:43:56Z</time><speed>6.540</speed><sat>15</sat></trkpt>
  <trkpt lat="13.80550213" lon="100.54048166"><ele>-29.217</ele><time>2025-01-19T02:43:57Z</time><speed>6.690</speed><sat>15</sat></trkpt>
  <trkpt lat="13.80558465" lon="100.54049761"><ele>-28.859</ele><time>2025-01-19T02:43:58Z</time><speed>7.700</speed><sat>15</sat></trkpt>
  <trkpt lat="13.80564920" lon="100.54052862"><ele>-29.094</ele><time>2025-01-19T02:43:59Z</time><speed>7.420</speed><sat>16</sat></trkpt>
  <trkpt lat="13.80571767" lon="100.54055690"><ele>-29.408</ele><time>2025-01-19T02:44:00Z</time><speed>7.330</speed><sat>14</sat></trkpt>
  <trkpt lat="13.80582341" lon="100.54060950"><ele>-31.257</ele><time>2025-01-19T02:44:01Z</time><speed>8.710</speed><sat>13</sat></trkpt>
  <trkpt lat="13.80590532" lon="100.54063873"><ele>-32.900</ele><time>2025-01-19T02:44:02Z</time><speed>8.440</speed><sat>13</sat></trkpt>
  <trkpt lat="13.80598995" lon="100.54067960"><ele>-32.774</ele><time>2025-01-19T02:44:03Z</time><speed>8.840</speed><sat>12</sat></trkpt>
  <trkpt lat="13.80602070" lon="100.54069322"><ele>-31.897</ele><time>2025-01-19T02:44:04Z</time><speed>7.150</speed><sat>14</sat></trkpt>
  <trkpt lat="13.80609551" lon="100.54072427"><ele>-31.906</ele><time>2025-01-19T02:44:05Z</time><speed>8.640</speed><sat>15</sat></trkpt>
  <trkpt lat="13.80615992" lon="100.54071126"><ele>-32.071</ele><time>2025-01-19T02:44:06Z</time><speed>8.690</speed><sat>17</sat></trkpt>
  <trkpt lat="13.80622621" lon="100.54071763"><ele>-30.524</ele><time>2025-01-19T02:44:07Z</time><speed>8.660</speed><sat>18</sat></trkpt>
  <trkpt lat="13.80629845" lon="100.54074912"><ele>-32.549</ele><time>2025-01-19T02:44:08Z</time><speed>8.860</speed><sat>18</sat></trkpt>
  <trkpt lat="13.80638143" lon="100.54076715"><ele>-35.747</ele><time>2025-01-19T02:44:09Z</time><speed>9.170</speed><sat>20</sat></trkpt>
  <trkpt lat="13.80644899" lon="100.54081759"><ele>-37.540</ele><time>2025-01-19T02:44:10Z</time><speed>8.820</speed><sat>20</sat></trkpt>
  <trkpt lat="13.80652929" lon="100.54083607"><ele>-36.342</ele><time>2025-01-19T02:44:11Z</time><speed>9.380</speed><sat>19</sat></trkpt>
  <trkpt lat="13.80662285" lon="100.54087241"><ele>-35.363</ele><time>2025-01-19T02:44:12Z</time><speed>9.480</speed><sat>21</sat></trkpt>
  <trkpt lat="13.80670578" lon="100.54089895"><ele>-35.488</ele><time>2025-01-19T02:44:13Z</time><speed>9.590</speed><sat>19</sat></trkpt>
  <trkpt lat="13.80679056" lon="100.54093282"><ele>-34.642</ele><time>2025-01-19T02:44:14Z</time><speed>9.590</speed><sat>19</sat></trkpt>
  <trkpt lat="13.80687531" lon="100.54095476"><ele>-33.857</ele><time>2025-01-19T02:44:15Z</time><speed>9.630</speed><sat>17</sat></trkpt>
  <trkpt lat="13.80695287" lon="100.54098445"><ele>-33.582</ele><time>2025-01-19T02:44:16Z</time><speed>9.660</speed><sat>17</sat></trkpt>
  <trkpt lat="13.80704069" lon="100.54101531"><ele>-35.769</ele><time>2025-01-19T02:44:17Z</time><speed>9.810</speed><sat>17</sat></trkpt>
  <trkpt lat="13.80713219" lon="100.54103693"><ele>-36.668</ele><time>2025-01-19T02:44:18Z</time><speed>9.700</speed><sat>17</sat></trkpt>
  <trkpt lat="13.80721119" lon="100.54106434"><ele>-36.724</ele><time>2025-01-19T02:44:19Z</time><speed>9.600</speed><sat>19</sat></trkpt>
  <trkpt lat="13.80728995" lon="100.54109821"><ele>-37.057</ele><time>2025-01-19T02:44:20Z</time><speed>9.720</speed><sat>20</sat></trkpt>
  <trkpt lat="13.80737472" lon="100.54114291"><ele>-36.723</ele><time>2025-01-19T02:44:21Z</time><speed>9.770</speed><sat>20</sat></trkpt>
  <trkpt lat="13.80745454" lon="100.54118590"><ele>-36.105</ele><time>2025-01-19T02:44:22Z</time><speed>9.660</speed><sat>21</sat></trkpt>
  <trkpt lat="13.80753125" lon="100.54121138"><ele>-35.995</ele><time>2025-01-19T02:44:23Z</time><speed>9.720</speed><sat>21</sat></trkpt>
  <trkpt lat="13.80761596" lon="100.54123540"><ele>-33.838</ele><time>2025-01-19T02:44:24Z</time><speed>9.790</speed><sat>21</sat></trkpt>
  <trkpt lat="13.80769423" lon="100.54127897"><ele>-34.147</ele><time>2025-01-19T02:44:25Z</time><speed>9.680</speed><sat>20</sat></trkpt>
  <trkpt lat="13.80776995" lon="100.54130404"><ele>-33.801</ele><time>2025-01-19T02:44:26Z</time><speed>9.530</speed><sat>20</sat></trkpt>
  <trkpt lat="13.80785024" lon="100.54132981"><ele>-32.513</ele><time>2025-01-19T02:44:27Z</time><speed>9.710</speed><sat>20</sat></trkpt>
  <trkpt lat="13.80793685" lon="100.54136926"><ele>-33.817</ele><time>2025-01-19T02:44:28Z</time><speed>9.460</speed><sat>19</sat></trkpt>
  <trkpt lat="13.80800615" lon="100.54139582"><ele>-35.200</ele><time>2025-01-19T02:44:29Z</time><speed>9.150</speed><sat>19</sat></trkpt>
  <trkpt lat="13.80808435" lon="100.54142024"><ele>-36.688</ele><time>2025-01-19T02:44:30Z</time><speed>9.060</speed><sat>18</sat></trkpt>
  <trkpt lat="13.80816194" lon="100.54145404"><ele>-37.073</ele><time>2025-01-19T02:44:31Z</time><speed>8.860</speed><sat>20</sat></trkpt>
  <trkpt lat="13.80823714" lon="100.54147931"><ele>-37.183</ele><time>2025-01-19T02:44:32Z</time><speed>8.510</speed><sat>19</sat></trkpt>
  <trkpt lat="13.80830388" lon="100.54151306"><ele>-37.373</ele><time>2025-01-19T02:44:33Z</time><speed>8.310</speed><sat>19</sat></trkpt>
  <trkpt lat="13.80837090" lon="100.54153552"><ele>-36.274</ele><time>2025-01-19T02:44:34Z</time><speed>7.970</speed><sat>20</sat></trkpt>
  <trkpt lat="13.80844152" lon="100.54155808"><ele>-38.361</ele><time>2025-01-19T02:44:35Z</time><speed>7.700</speed><sat>20</sat></trkpt>
  <trkpt lat="13.80849644" lon="100.54159267"><ele>-39.769</ele><time>2025-01-19T02:44:36Z</time><speed>7.430</speed><sat>21</sat></trkpt>
  <trkpt lat="13.80856590" lon="100.54161433"><ele>-38.828</ele><time>2025-01-19T02:44:37Z</time><speed>7.200</speed><sat>20</sat></trkpt>
  <trkpt lat="13.80862101" lon="100.54163589"><ele>-39.228</ele><time>2025-01-19T02:44:38Z</time><speed>6.960</speed><sat>19</sat></trkpt>
  <trkpt lat="13.80867576" lon="100.54166358"><ele>-37.791</ele><time>2025-01-19T02:44:39Z</time><speed>6.750</speed><sat>19</sat></trkpt>
  <trkpt lat="13.80872990" lon="100.54170299"><ele>-37.773</ele><time>2025-01-19T02:44:40Z</time><speed>6.890</speed><sat>17</sat></trkpt>
  <trkpt lat="13.80878705" lon="100.54172117"><ele>-38.248</ele><time>2025-01-19T02:44:41Z</time><speed>6.040</speed><sat>18</sat></trkpt>
  <trkpt lat="13.80883841" lon="100.54173349"><ele>-37.819</ele><time>2025-01-19T02:44:42Z</time><speed>6.030</speed><sat>18</sat></trkpt>
  <trkpt lat="13.80887820" lon="100.54176439"><ele>-37.648</ele><time>2025-01-19T02:44:43Z</time><speed>5.680</speed><sat>19</sat></trkpt>
  <trkpt lat="13.80892303" lon="100.54178090"><ele>-38.124</ele><time>2025-01-19T02:44:44Z</time><speed>5.520</speed><sat>19</sat></trkpt>
  <trkpt lat="13.80896908" lon="100.54179831"><ele>-38.978</ele><time>2025-01-19T02:44:45Z</time><speed>5.400</speed><sat>19</sat></trkpt>
  <trkpt lat="13.80901911" lon="100.54181292"><ele>-38.354</ele><time>2025-01-19T02:44:46Z</time><speed>5.260</speed><sat>19</sat></trkpt>
  <trkpt lat="13.80906696" lon="100.54183067"><ele>-35.509</ele><time>2025-01-19T02:44:47Z</time><speed>5.100</speed><sat>20</sat></trkpt>
  <trkpt lat="13.80911366" lon="100.54183720"><ele>-35.505</ele><time>2025-01-19T02:44:48Z</time><speed>5.050</speed><sat>20</sat></trkpt>
  <trkpt lat="13.80915254" lon="100.54185075"><ele>-36.183</ele><time>2025-01-19T02:44:49Z</time><speed>4.880</speed><sat>20</sat></trkpt>
  <trkpt lat="13.80919267" lon="100.54186557"><ele>-34.485</ele><time>2025-01-19T02:44:50Z</time><speed>4.700</speed><sat>19</sat></trkpt>
  <trkpt lat="13.80923970" lon="100.54187636"><ele>-34.161</ele><time>2025-01-19T02:44:51Z</time><speed>4.670</speed><sat>19</sat></trkpt>
  <trkpt lat="13.80927685" lon="100.54187916"><ele>-33.906</ele><time>2025-01-19T02:44:52Z</time><speed>4.590</speed><sat>19</sat></trkpt>
  <trkpt lat="13.80931064" lon="100.54189308"><ele>-34.820</ele><time>2025-01-19T02:44:53Z</time><speed>4.460</speed><sat>21</sat></trkpt>
  <trkpt lat="13.80934698" lon="100.54191535"><ele>-35.226</ele><time>2025-01-19T02:44:54Z</time><speed>4.420</speed><sat>21</sat></trkpt>
  <trkpt lat="13.80938664" lon="100.54193710"><ele>-35.115</ele><time>2025-01-19T02:44:55Z</time><speed>4.300</speed><sat>22</sat></trkpt>
  <trkpt lat="13.80941906" lon="100.54194176"><ele>-35.609</ele><time>2025-01-19T02:44:56Z</time><speed>4.030</speed><sat>22</sat></trkpt>
  <trkpt lat="13.80946099" lon="100.54196258"><ele>-36.515</ele><time>2025-01-19T02:44:57Z</time><speed>4.010</speed><sat>21</sat></trkpt>
  <trkpt lat="13.80949111" lon="100.54197207"><ele>-37.600</ele><time>2025-01-19T02:44:58Z</time><speed>3.700</speed><sat>20</sat></trkpt>
  <trkpt lat="13.80952409" lon="100.54198342"><ele>-38.236</ele><time>2025-01-19T02:44:59Z</time><speed>3.650</speed><sat>18</sat></trkpt>
  <trkpt lat="13.80955858" lon="100.54199547"><ele>-39.075</ele><time>2025-01-19T02:45:00Z</time><speed>3.740</speed><sat>18</sat></trkpt>
  <trkpt lat="13.80959173" lon="100.54200689"><ele>-37.211</ele><time>2025-01-19T02:45:01Z</time><speed>3.600</speed><sat>16</sat></trkpt>
  <trkpt lat="13.80962267" lon="100.54201648"><ele>-36.748</ele><time>2025-01-19T02:45:02Z</time><speed>3.550</speed><sat>17</sat></trkpt>
  <trkpt lat="13.80965242" lon="100.54203078"><ele>-37.325</ele><time>2025-01-19T02:45:03Z</time><speed>3.640</speed><sat>19</sat></trkpt>
  <trkpt lat="13.80968246" lon="100.54204406"><ele>-36.653</ele><time>2025-01-19T02:45:04Z</time><speed>3.570</speed><sat>19</sat></trkpt>
  <trkpt lat="13.80971163" lon="100.54205725"><ele>-37.369</ele><time>2025-01-19T02:45:05Z</time><speed>3.470</speed><sat>20</sat></trkpt>
  <trkpt lat="13.80974220" lon="100.54206708"><ele>-38.393</ele><time>2025-01-19T02:45:06Z</time><speed>3.670</speed><sat>20</sat></trkpt>
  <trkpt lat="13.80977569" lon="100.54207452"><ele>-39.190</ele><time>2025-01-19T02:45:07Z</time><speed>3.850</speed><sat>20</sat></trkpt>
  <trkpt lat="13.80980644" lon="100.54208408"><ele>-39.507</ele><time>2025-01-19T02:45:08Z</time><speed>3.570</speed><sat>19</sat></trkpt>
  <trkpt lat="13.80983857" lon="100.54209437"><ele>-38.611</ele><time>2025-01-19T02:45:09Z</time><speed>3.790</speed><sat>18</sat></trkpt>
  <trkpt lat="13.80986962" lon="100.54210784"><ele>-38.522</ele><time>2025-01-19T02:45:10Z</time><speed>3.580</speed><sat>18</sat></trkpt>
  <trkpt lat="13.80989882" lon="100.54212406"><ele>-38.983</ele><time>2025-01-19T02:45:11Z</time><speed>3.700</speed><sat>17</sat></trkpt>
  <trkpt lat="13.80992799" lon="100.54213999"><ele>-37.892</ele><time>2025-01-19T02:45:12Z</time><speed>3.610</speed><sat>18</sat></trkpt>
  <trkpt lat="13.80995430" lon="100.54215877"><ele>-37.107</ele><time>2025-01-19T02:45:13Z</time><speed>3.710</speed><sat>18</sat></trkpt>
  <trkpt lat="13.80998114" lon="100.54217605"><ele>-36.207</ele><time>2025-01-19T02:45:14Z</time><speed>3.670</speed><sat>17</sat></trkpt>
  <trkpt lat="13.81000766" lon="100.54219330"><ele>-36.837</ele><time>2025-01-19T02:45:15Z</time><speed>3.670</speed><sat>19</sat></trkpt>
  <trkpt lat="13.81003404" lon="100.54221144"><ele>-36.463</ele><time>2025-01-19T02:45:16Z</time><speed>3.770</speed><sat>19</sat></trkpt>
  <trkpt lat="13.81006011" lon="100.54223379"><ele>-37.579</ele><time>2025-01-19T02:45:17Z</time><speed>3.860</speed><sat>20</sat></trkpt>
  <trkpt lat="13.81008722" lon="100.54225146"><ele>-36.502</ele><time>2025-01-19T02:45:18Z</time><speed>3.620</speed><sat>20</sat></trkpt>
  <trkpt lat="13.81011176" lon="100.54227286"><ele>-38.336</ele><time>2025-01-19T02:45:19Z</time><speed>3.760</speed><sat>19</sat></trkpt>
  <trkpt lat="13.81013919" lon="100.54229096"><ele>-38.239</ele><time>2025-01-19T02:45:20Z</time><speed>3.850</speed><sat>19</sat></trkpt>
  <trkpt lat="13.81016923" lon="100.54230708"><ele>-39.769</ele><time>2025-01-19T02:45:21Z</time><speed>3.840</speed><sat>19</sat></trkpt>
  <trkpt lat="13.81019917" lon="100.54232615"><ele>-40.403</ele><time>2025-01-19T02:45:22Z</time><speed>3.880</speed><sat>19</sat></trkpt>
  <trkpt lat="13.81023014" lon="100.54234003"><ele>-40.092</ele><time>2025-01-19T02:45:23Z</time><speed>3.890</speed><sat>17</sat></trkpt>
  <trkpt lat="13.81026131" lon="100.54235302"><ele>-39.394</ele><time>2025-01-19T02:45:24Z</time><speed>3.860</speed><sat>16</sat></trkpt>
  <trkpt lat="13.81029289" lon="100.54236571"><ele>-38.811</ele><time>2025-01-19T02:45:25Z</time><speed>3.880</speed><sat>17</sat></trkpt>
  <trkpt lat="13.81032723" lon="100.54237555"><ele>-39.161</ele><time>2025-01-19T02:45:26Z</time><speed>4.020</speed><sat>17</sat></trkpt>
  <trkpt lat="13.81036025" lon="100.54238711"><ele>-37.582</ele><time>2025-01-19T02:45:27Z</time><speed>3.880</speed><sat>20</sat></trkpt>
  <trkpt lat="13.81039492" lon="100.54239618"><ele>-36.461</ele><time>2025-01-19T02:45:28Z</time><speed>4.130</speed><sat>20</sat></trkpt>
  <trkpt lat="13.81042998" lon="100.54240645"><ele>-35.520</ele><time>2025-01-19T02:45:29Z</time><speed>3.950</speed><sat>21</sat></trkpt>
  <trkpt lat="13.81046359" lon="100.54241865"><ele>-35.750</ele><time>2025-01-19T02:45:30Z</time><speed>3.910</speed><sat>21</sat></trkpt>
  <trkpt lat="13.81049664" lon="100.54243213"><ele>-34.556</ele><time>2025-01-19T02:45:31Z</time><speed>3.920</speed><sat>19</sat></trkpt>
  <trkpt lat="13.81053441" lon="100.54244002"><ele>-33.393</ele><time>2025-01-19T02:45:32Z</time><speed>4.260</speed><sat>20</sat></trkpt>
  <trkpt lat="13.81056489" lon="100.54244197"><ele>-33.806</ele><time>2025-01-19T02:45:33Z</time><speed>3.040</speed><sat>19</sat></trkpt>
  <trkpt lat="13.81058328" lon="100.54243700"><ele>-32.273</ele><time>2025-01-19T02:45:34Z</time><speed>2.170</speed><sat>19</sat></trkpt>
  <trkpt lat="13.81059815" lon="100.54243461"><ele>-31.836</ele><time>2025-01-19T02:45:35Z</time><speed>2.330</speed><sat>20</sat></trkpt>
  <trkpt lat="13.81063074" lon="100.54244836"><ele>-32.871</ele><time>2025-01-19T02:45:36Z</time><speed>4.890</speed><sat>22</sat></trkpt>
  <trkpt lat="13.81067466" lon="100.54246524"><ele>-35.189</ele><time>2025-01-19T02:45:37Z</time><speed>4.240</speed><sat>22</sat></trkpt>
  <trkpt lat="13.81071458" lon="100.54248126"><ele>-36.400</ele><time>2025-01-19T02:45:38Z</time><speed>4.140</speed><sat>22</sat></trkpt>
  <trkpt lat="13.81075468" lon="100.54249503"><ele>-36.518</ele><time>2025-01-19T02:45:39Z</time><speed>4.250</speed><sat>22</sat></trkpt>
  <trkpt lat="13.81079034" lon="100.54251406"><ele>-36.111</ele><time>2025-01-19T02:45:40Z</time><speed>4.040</speed><sat>22</sat></trkpt>
  <trkpt lat="13.81082448" lon="100.54253588"><ele>-35.587</ele><time>2025-01-19T02:45:41Z</time><speed>4.140</speed><sat>20</sat></trkpt>
  <trkpt lat="13.81085866" lon="100.54255874"><ele>-35.448</ele><time>2025-01-19T02:45:42Z</time><speed>4.120</speed><sat>19</sat></trkpt>
  <trkpt lat="13.81089607" lon="100.54257997"><ele>-35.026</ele><time>2025-01-19T02:45:43Z</time><speed>4.400</speed><sat>20</sat></trkpt>
  <trkpt lat="13.81093352" lon="100.54259897"><ele>-35.139</ele><time>2025-01-19T02:45:44Z</time><speed>4.240</speed><sat>21</sat></trkpt>
  <trkpt lat="13.81097023" lon="100.54261758"><ele>-36.856</ele><time>2025-01-19T02:45:45Z</time><speed>4.370</speed><sat>20</sat></trkpt>
  <trkpt lat="13.81100987" lon="100.54263106"><ele>-36.527</ele><time>2025-01-19T02:45:46Z</time><speed>4.250</speed><sat>20</sat></trkpt>
  <trkpt lat="13.81105151" lon="100.54264321"><ele>-36.130</ele><time>2025-01-19T02:45:47Z</time><speed>4.430</speed><sat>20</sat></trkpt>
  <trkpt lat="13.81109056" lon="100.54265931"><ele>-37.516</ele><time>2025-01-19T02:45:48Z</time><speed>4.460</speed><sat>20</sat></trkpt>
  <trkpt lat="13.81113079" lon="100.54267694"><ele>-36.567</ele><time>2025-01-19T02:45:49Z</time><speed>4.740</speed><sat>20</sat></trkpt>
  <trkpt lat="13.81117088" lon="100.54269644"><ele>-36.308</ele><time>2025-01-19T02:45:50Z</time><speed>4.900</speed><sat>20</sat></trkpt>
  <trkpt lat="13.81121556" lon="100.54271205"><ele>-36.461</ele><time>2025-01-19T02:45:51Z</time><speed>5.250</speed><sat>19</sat></trkpt>
  <trkpt lat="13.81126041" lon="100.54275465"><ele>-38.412</ele><time>2025-01-19T02:45:52Z</time><speed>5.610</speed><sat>19</sat></trkpt>
  <trkpt lat="13.81130958" lon="100.54277892"><ele>-37.244</ele><time>2025-01-19T02:45:53Z</time><speed>5.760</speed><sat>19</sat></trkpt>
  <trkpt lat="13.81134964" lon="100.54282620"><ele>-38.375</ele><time>2025-01-19T02:45:54Z</time><speed>5.990</speed><sat>19</sat></trkpt>
  <trkpt lat="13.81139625" lon="100.54284660"><ele>-37.365</ele><time>2025-01-19T02:45:55Z</time><speed>6.170</speed><sat>19</sat></trkpt>
  <trkpt lat="13.81146077" lon="100.54284394"><ele>-36.179</ele><time>2025-01-19T02:45:56Z</time><speed>6.550</speed><sat>19</sat></trkpt>
  <trkpt lat="13.81151868" lon="100.54286230"><ele>-36.195</ele><time>2025-01-19T02:45:57Z</time><speed>6.740</speed><sat>19</sat></trkpt>
  <trkpt lat="13.81160131" lon="100.54283996"><ele>-34.910</ele><time>2025-01-19T02:45:58Z</time><speed>7.260</speed><sat>18</sat></trkpt>
  <trkpt lat="13.81167287" lon="100.54284810"><ele>-37.207</ele><time>2025-01-19T02:45:59Z</time><speed>7.310</speed><sat>19</sat></trkpt>
  <trkpt lat="13.81173373" lon="100.54288988"><ele>-40.231</ele><time>2025-01-19T02:46:00Z</time><speed>7.310</speed><sat>20</sat></trkpt>
  <trkpt lat="13.81178990" lon="100.54291026"><ele>-39.474</ele><time>2025-01-19T02:46:01Z</time><speed>7.410</speed><sat>20</sat></trkpt>
  <trkpt lat="13.81185692" lon="100.54292255"><ele>-41.976</ele><time>2025-01-19T02:46:02Z</time><speed>7.480</speed><sat>21</sat></trkpt>
  <trkpt lat="13.81191229" lon="100.54296263"><ele>-41.107</ele><time>2025-01-19T02:46:03Z</time><speed>7.910</speed><sat>20</sat></trkpt>
  <trkpt lat="13.81198086" lon="100.54298555"><ele>-41.453</ele><time>2025-01-19T02:46:04Z</time><speed>8.100</speed><sat>21</sat></trkpt>
  <trkpt lat="13.81203123" lon="100.54303787"><ele>-39.977</ele><time>2025-01-19T02:46:05Z</time><speed>8.100</speed><sat>21</sat></trkpt>
  <trkpt lat="13.81207628" lon="100.54309799"><ele>-40.732</ele><time>2025-01-19T02:46:06Z</time><speed>8.220</speed><sat>20</sat></trkpt>
  <trkpt lat="13.81214619" lon="100.54314638"><ele>-38.687</ele><time>2025-01-19T02:46:07Z</time><speed>8.600</speed><sat>19</sat></trkpt>
  <trkpt lat="13.81222718" lon="100.54316050"><ele>-38.232</ele><time>2025-01-19T02:46:08Z</time><speed>8.720</speed><sat>19</sat></trkpt>
  <trkpt lat="13.81231201" lon="100.54317715"><ele>-37.953</ele><time>2025-01-19T02:46:09Z</time><speed>9.040</speed><sat>21</sat></trkpt>
  <trkpt lat="13.81238678" lon="100.54321249"><ele>-39.222</ele><time>2025-01-19T02:46:10Z</time><speed>9.220</speed><sat>21</sat></trkpt>
  <trkpt lat="13.81246242" lon="100.54324558"><ele>-38.794</ele><time>2025-01-19T02:46:11Z</time><speed>9.180</speed><sat>23</sat></trkpt>
  <trkpt lat="13.81256252" lon="100.54328901"><ele>-39.966</ele><time>2025-01-19T02:46:12Z</time><speed>10.200</speed><sat>22</sat></trkpt>
  <trkpt lat="13.81264339" lon="100.54333694"><ele>-41.650</ele><time>2025-01-19T02:46:13Z</time><speed>9.990</speed><sat>22</sat></trkpt>
  <trkpt lat="13.81270729" lon="100.54339441"><ele>-39.749</ele><time>2025-01-19T02:46:14Z</time><speed>10.010</speed><sat>21</sat></trkpt>
  <trkpt lat="13.81279575" lon="100.54343723"><ele>-40.783</ele><time>2025-01-19T02:46:15Z</time><speed>10.370</speed><sat>18</sat></trkpt>
  <trkpt lat="13.81289665" lon="100.54345280"><ele>-39.863</ele><time>2025-01-19T02:46:16Z</time><speed>10.730</speed><sat>19</sat></trkpt>
  <trkpt lat="13.81300042" lon="100.54347937"><ele>-41.895</ele><time>2025-01-19T02:46:17Z</time><speed>10.970</speed><sat>18</sat></trkpt>
  <trkpt lat="13.81309190" lon="100.54351695"><ele>-41.893</ele><time>2025-01-19T02:46:18Z</time><speed>11.030</speed><sat>17</sat></trkpt>
  <trkpt lat="13.81318271" lon="100.54355834"><ele>-42.388</ele><time>2025-01-19T02:46:19Z</time><speed>11.230</speed><sat>18</sat></trkpt>
  <trkpt lat="13.81328868" lon="100.54358323"><ele>-41.190</ele><time>2025-01-19T02:46:20Z</time><speed>11.420</speed><sat>20</sat></trkpt>
  <trkpt lat="13.81336951" lon="100.54363566"><ele>-41.589</ele><time>2025-01-19T02:46:21Z</time><speed>11.220</speed><sat>22</sat></trkpt>
  <trkpt lat="13.81347342" lon="100.54366467"><ele>-40.970</ele><time>2025-01-19T02:46:22Z</time><speed>11.500</speed><sat>20</sat></trkpt>
  <trkpt lat="13.81357694" lon="100.54370611"><ele>-41.276</ele><time>2025-01-19T02:46:23Z</time><speed>11.390</speed><sat>20</sat></trkpt>
  <trkpt lat="13.81368984" lon="100.54370458"><ele>-39.944</ele><time>2025-01-19T02:46:24Z</time><speed>11.400</speed><sat>20</sat></trkpt>
  <trkpt lat="13.81378450" lon="100.54373763"><ele>-41.672</ele><time>2025-01-19T02:46:25Z</time><speed>11.350</speed><sat>20</sat></trkpt>
  <trkpt lat="13.81388355" lon="100.54376459"><ele>-41.825</ele><time>2025-01-19T02:46:26Z</time><speed>11.020</speed><sat>18</sat></trkpt>
  <trkpt lat="13.81396525" lon="100.54381030"><ele>-42.278</ele><time>2025-01-19T02:46:27Z</time><speed>10.550</speed><sat>18</sat></trkpt>
  <trkpt lat="13.81404360" lon="100.54386826"><ele>-44.957</ele><time>2025-01-19T02:46:28Z</time><speed>10.420</speed><sat>18</sat></trkpt>
  <trkpt lat="13.81414399" lon="100.54388264"><ele>-45.487</ele><time>2025-01-19T02:46:29Z</time><speed>10.280</speed><sat>16</sat></trkpt>
  <trkpt lat="13.81423924" lon="100.54390920"><ele>-46.493</ele><time>2025-01-19T02:46:30Z</time><speed>10.120</speed><sat>16</sat></trkpt>
  <trkpt lat="13.81433326" lon="100.54393291"><ele>-46.361</ele><time>2025-01-19T02:46:31Z</time><speed>9.880</speed><sat>17</sat></trkpt>
  <trkpt lat="13.81440908" lon="100.54396808"><ele>-47.249</ele><time>2025-01-19T02:46:32Z</time><speed>9.670</speed><sat>17</sat></trkpt>
  <trkpt lat="13.81448391" lon="100.54399093"><ele>-47.891</ele><time>2025-01-19T02:46:33Z</time><speed>9.290</speed><sat>18</sat></trkpt>
  <trkpt lat="13.81456605" lon="100.54401079"><ele>-46.590</ele><time>2025-01-19T02:46:34Z</time><speed>9.130</speed><sat>16</sat></trkpt>
  <trkpt lat="13.81464489" lon="100.54403281"><ele>-45.832</ele><time>2025-01-19T02:46:35Z</time><speed>8.840</speed><sat>19</sat></trkpt>
  <trkpt lat="13.81471572" lon="100.54405662"><ele>-45.871</ele><time>2025-01-19T02:46:36Z</time><speed>8.560</speed><sat>19</sat></trkpt>
  <trkpt lat="13.81479039" lon="100.54407848"><ele>-45.070</ele><time>2025-01-19T02:46:37Z</time><speed>8.320</speed><sat>20</sat></trkpt>
  <trkpt lat="13.81486198" lon="100.54408178"><ele>-44.575</ele><time>2025-01-19T02:46:38Z</time><speed>8.240</speed><sat>20</sat></trkpt>
  <trkpt lat="13.81492535" lon="100.54412265"><ele>-46.105</ele><time>2025-01-19T02:46:39Z</time><speed>7.790</speed><sat>21</sat></trkpt>
  <trkpt lat="13.81498274" lon="100.54417290"><ele>-46.496</ele><time>2025-01-19T02:46:40Z</time><speed>7.560</speed><sat>21</sat></trkpt>
  <trkpt lat="13.81505860" lon="100.54418501"><ele>-46.592</ele><time>2025-01-19T02:46:41Z</time><speed>7.620</speed><sat>19</sat></trkpt>
  <trkpt lat="13.81511905" lon="100.54420623"><ele>-45.560</ele><time>2025-01-19T02:46:42Z</time><speed>7.390</speed><sat>19</sat></trkpt>
  <trkpt lat="13.81517919" lon="100.54423024"><ele>-46.816</ele><time>2025-01-19T02:46:43Z</time><speed>7.340</speed><sat>18</sat></trkpt>
  <trkpt lat="13.81524780" lon="100.54423980"><ele>-45.568</ele><time>2025-01-19T02:46:44Z</time><speed>7.340</speed><sat>19</sat></trkpt>
  <trkpt lat="13.81529068" lon="100.54429107"><ele>-44.629</ele><time>2025-01-19T02:46:45Z</time><speed>6.960</speed><sat>20</sat></trkpt>
  <trkpt lat="13.81534816" lon="100.54432469"><ele>-44.937</ele><time>2025-01-19T02:46:46Z</time><speed>6.960</speed><sat>21</sat></trkpt>
  <trkpt lat="13.81540809" lon="100.54433709"><ele>-44.242</ele><time>2025-01-19T02:46:47Z</time><speed>6.960</speed><sat>20</sat></trkpt>
  <trkpt lat="13.81547033" lon="100.54434420"><ele>-44.689</ele><time>2025-01-19T02:46:48Z</time><speed>6.970</speed><sat>19</sat></trkpt>
  <trkpt lat="13.81552923" lon="100.54435920"><ele>-43.926</ele><time>2025-01-19T02:46:49Z</time><speed>6.910</speed><sat>20</sat></trkpt>
  <trkpt lat="13.81558817" lon="100.54438738"><ele>-44.337</ele><time>2025-01-19T02:46:50Z</time><speed>6.770</speed><sat>17</sat></trkpt>
  <trkpt lat="13.81565023" lon="100.54439957"><ele>-42.484</ele><time>2025-01-19T02:46:51Z</time><speed>6.810</speed><sat>16</sat></trkpt>
  <trkpt lat="13.81571718" lon="100.54440466"><ele>-42.815</ele><time>2025-01-19T02:46:52Z</time><speed>6.770</speed><sat>17</sat></trkpt>
  <trkpt lat="13.81576765" lon="100.54443784"><ele>-43.236</ele><time>2025-01-19T02:46:53Z</time><speed>6.710</speed><sat>18</sat></trkpt>
  <trkpt lat="13.81581767" lon="100.54444779"><ele>-42.500</ele><time>2025-01-19T02:46:54Z</time><speed>5.870</speed><sat>19</sat></trkpt>
  <trkpt lat="13.81586342" lon="100.54446666"><ele>-43.004</ele><time>2025-01-19T02:46:55Z</time><speed>5.610</speed><sat>19</sat></trkpt>
  <trkpt lat="13.81591666" lon="100.54447560"><ele>-43.463</ele><time>2025-01-19T02:46:56Z</time><speed>5.470</speed><sat>20</sat></trkpt>
  <trkpt lat="13.81596087" lon="100.54449475"><ele>-43.225</ele><time>2025-01-19T02:46:57Z</time><speed>5.230</speed><sat>21</sat></trkpt>
  <trkpt lat="13.81600819" lon="100.54452172"><ele>-45.414</ele><time>2025-01-19T02:46:58Z</time><speed>5.030</speed><sat>20</sat></trkpt>
  <trkpt lat="13.81605985" lon="100.54451968"><ele>-46.824</ele><time>2025-01-19T02:46:59Z</time><speed>4.670</speed><sat>18</sat></trkpt>
  <trkpt lat="13.81610201" lon="100.54453183"><ele>-46.885</ele><time>2025-01-19T02:47:00Z</time><speed>4.610</speed><sat>17</sat></trkpt>
  <trkpt lat="13.81613889" lon="100.54454581"><ele>-46.430</ele><time>2025-01-19T02:47:01Z</time><speed>4.320</speed><sat>17</sat></trkpt>
  <trkpt lat="13.81617511" lon="100.54455132"><ele>-45.857</ele><time>2025-01-19T02:47:02Z</time><speed>4.110</speed><sat>18</sat></trkpt>
  <trkpt lat="13.81620434" lon="100.54456672"><ele>-46.235</ele><time>2025-01-19T02:47:03Z</time><speed>3.900</speed><sat>18</sat></trkpt>
  <trkpt lat="13.81624130" lon="100.54457485"><ele>-45.929</ele><time>2025-01-19T02:47:04Z</time><speed>3.790</speed><sat>18</sat></trkpt>
  <trkpt lat="13.81627084" lon="100.54458426"><ele>-46.066</ele><time>2025-01-19T02:47:05Z</time><speed>3.630</speed><sat>19</sat></trkpt>
  <trkpt lat="13.81630216" lon="100.54459005"><ele>-47.398</ele><time>2025-01-19T02:47:06Z</time><speed>3.520</speed><sat>20</sat></trkpt>
  <trkpt lat="13.81633244" lon="100.54460278"><ele>-46.788</ele><time>2025-01-19T02:47:07Z</time><speed>3.660</speed><sat>19</sat></trkpt>
  <trkpt lat="13.81636000" lon="100.54461613"><ele>-47.220</ele><time>2025-01-19T02:47:08Z</time><speed>3.440</speed><sat>19</sat></trkpt>
  <trkpt lat="13.81638872" lon="100.54462764"><ele>-46.806</ele><time>2025-01-19T02:47:09Z</time><speed>3.370</speed><sat>18</sat></trkpt>
  <trkpt lat="13.81641795" lon="100.54463922"><ele>-46.818</ele><time>2025-01-19T02:47:10Z</time><speed>3.450</speed><sat>15</sat></trkpt>
  <trkpt lat="13.81644610" lon="100.54465124"><ele>-46.849</ele><time>2025-01-19T02:47:11Z</time><speed>3.380</speed><sat>13</sat></trkpt>
  <trkpt lat="13.81647396" lon="100.54466987"><ele>-46.512</ele><time>2025-01-19T02:47:12Z</time><speed>3.610</speed><sat>12</sat></trkpt>
  <trkpt lat="13.81650613" lon="100.54469087"><ele>-46.375</ele><time>2025-01-19T02:47:13Z</time><speed>3.930</speed><sat>9</sat></trkpt>
  <trkpt lat="13.81653212" lon="100.54470265"><ele>-46.400</ele><time>2025-01-19T02:47:14Z</time><speed>3.270</speed><sat>9</sat></trkpt>
  <trkpt lat="13.81653806" lon="100.54471618"><ele>-45.355</ele><time>2025-01-19T02:47:15Z</time><speed>2.300</speed><sat>10</sat></trkpt>
  <trkpt lat="13.81654326" lon="100.54471625"><ele>-45.493</ele><time>2025-01-19T02:47:16Z</time><speed>1.870</speed><sat>11</sat></trkpt>
  <trkpt lat="13.81655739" lon="100.54472347"><ele>-45.530</ele><time>2025-01-19T02:47:17Z</time><speed>2.440</speed><sat>11</sat></trkpt>
  <trkpt lat="13.81657060" lon="100.54472794"><ele>-45.118</ele><time>2025-01-19T02:47:18Z</time><speed>2.070</speed><sat>10</sat></trkpt>
  <trkpt lat="13.81659349" lon="100.54474187"><ele>-45.107</ele><time>2025-01-19T02:47:19Z</time><speed>2.890</speed><sat>12</sat></trkpt>
  <trkpt lat="13.81664541" lon="100.54475708"><ele>-44.695</ele><time>2025-01-19T02:47:20Z</time><speed>3.940</speed><sat>13</sat></trkpt>
  <trkpt lat="13.81669447" lon="100.54476814"><ele>-44.883</ele><time>2025-01-19T02:47:21Z</time><speed>3.730</speed><sat>14</sat></trkpt>
  <trkpt lat="13.81673975" lon="100.54477546"><ele>-45.157</ele><time>2025-01-19T02:47:22Z</time><speed>3.870</speed><sat>13</sat></trkpt>
  <trkpt lat="13.81678877" lon="100.54478069"><ele>-45.268</ele><time>2025-01-19T02:47:23Z</time><speed>4.430</speed><sat>14</sat></trkpt>
  <trkpt lat="13.81683297" lon="100.54478797"><ele>-44.915</ele><time>2025-01-19T02:47:24Z</time><speed>3.910</speed><sat>14</sat></trkpt>
  <trkpt lat="13.81687530" lon="100.54479065"><ele>-44.022</ele><time>2025-01-19T02:47:25Z</time><speed>3.760</speed><sat>11</sat></trkpt>
  <trkpt lat="13.81691783" lon="100.54479579"><ele>-45.526</ele><time>2025-01-19T02:47:26Z</time><speed>3.900</speed><sat>12</sat></trkpt>
  <trkpt lat="13.81696013" lon="100.54480215"><ele>-46.130</ele><time>2025-01-19T02:47:27Z</time><speed>3.930</speed><sat>13</sat></trkpt>
  <trkpt lat="13.81699996" lon="100.54481477"><ele>-48.875</ele><time>2025-01-19T02:47:28Z</time><speed>4.130</speed><sat>14</sat></trkpt>
  <trkpt lat="13.81704111" lon="100.54482093"><ele>-48.451</ele><time>2025-01-19T02:47:29Z</time><speed>4.170</speed><sat>13</sat></trkpt>
  <trkpt lat="13.81708050" lon="100.54482604"><ele>-48.308</ele><time>2025-01-19T02:47:30Z</time><speed>4.160</speed><sat>14</sat></trkpt>
  <trkpt lat="13.81711968" lon="100.54483338"><ele>-49.122</ele><time>2025-01-19T02:47:31Z</time><speed>4.080</speed><sat>14</sat></trkpt>
  <trkpt lat="13.81715780" lon="100.54484240"><ele>-48.633</ele><time>2025-01-19T02:47:32Z</time><speed>4.320</speed><sat>14</sat></trkpt>
  <trkpt lat="13.81719345" lon="100.54486283"><ele>-47.122</ele><time>2025-01-19T02:47:33Z</time><speed>4.060</speed><sat>14</sat></trkpt>
  <trkpt lat="13.81722712" lon="100.54488414"><ele>-47.136</ele><time>2025-01-19T02:47:34Z</time><speed>4.030</speed><sat>13</sat></trkpt>
  <trkpt lat="13.81725962" lon="100.54490885"><ele>-47.432</ele><time>2025-01-19T02:47:35Z</time><speed>3.900</speed><sat>15</sat></trkpt>
  <trkpt lat="13.81729458" lon="100.54492818"><ele>-47.208</ele><time>2025-01-19T02:47:36Z</time><speed>4.020</speed><sat>16</sat></trkpt>
  <trkpt lat="13.81733009" lon="100.54494273"><ele>-48.503</ele><time>2025-01-19T02:47:37Z</time><speed>4.010</speed><sat>18</sat></trkpt>
  <trkpt lat="13.81736595" lon="100.54495362"><ele>-47.535</ele><time>2025-01-19T02:47:38Z</time><speed>3.980</speed><sat>18</sat></trkpt>
  <trkpt lat="13.81740021" lon="100.54496491"><ele>-46.671</ele><time>2025-01-19T02:47:39Z</time><speed>3.990</speed><sat>20</sat></trkpt>
  <trkpt lat="13.81743560" lon="100.54497440"><ele>-46.702</ele><time>2025-01-19T02:47:40Z</time><speed>4.060</speed><sat>20</sat></trkpt>
  <trkpt lat="13.81747101" lon="100.54498423"><ele>-45.997</ele><time>2025-01-19T02:47:41Z</time><speed>4.070</speed><sat>18</sat></trkpt>
  <trkpt lat="13.81750678" lon="100.54499400"><ele>-45.022</ele><time>2025-01-19T02:47:42Z</time><speed>4.100</speed><sat>19</sat></trkpt>
  <trkpt lat="13.81754283" lon="100.54500190"><ele>-43.971</ele><time>2025-01-19T02:47:43Z</time><speed>4.080</speed><sat>18</sat></trkpt>
  <trkpt lat="13.81757884" lon="100.54500995"><ele>-44.088</ele><time>2025-01-19T02:47:44Z</time><speed>4.050</speed><sat>18</sat></trkpt>
  <trkpt lat="13.81761124" lon="100.54502156"><ele>-46.108</ele><time>2025-01-19T02:47:45Z</time><speed>3.950</speed><sat>17</sat></trkpt>
  <trkpt lat="13.81764433" lon="100.54503006"><ele>-45.936</ele><time>2025-01-19T02:47:46Z</time><speed>3.980</speed><sat>16</sat></trkpt>
  <trkpt lat="13.81767732" lon="100.54503918"><ele>-45.318</ele><time>2025-01-19T02:47:47Z</time><speed>4.010</speed><sat>16</sat></trkpt>
  <trkpt lat="13.81771178" lon="100.54504552"><ele>-45.175</ele><time>2025-01-19T02:47:48Z</time><speed>4.110</speed><sat>17</sat></trkpt>
  <trkpt lat="13.81774641" lon="100.54505114"><ele>-45.294</ele><time>2025-01-19T02:47:49Z</time><speed>4.030</speed><sat>16</sat></trkpt>
  <trkpt lat="13.81778140" lon="100.54505718"><ele>-44.836</ele><time>2025-01-19T02:47:50Z</time><speed>4.100</speed><sat>16</sat></trkpt>
  <trkpt lat="13.81781706" lon="100.54506216"><ele>-44.834</ele><time>2025-01-19T02:47:51Z</time><speed>4.110</speed><sat>15</sat></trkpt>
  <trkpt lat="13.81785326" lon="100.54506677"><ele>-44.808</ele><time>2025-01-19T02:47:52Z</time><speed>4.080</speed><sat>15</sat></trkpt>
  <trkpt lat="13.81788980" lon="100.54507069"><ele>-44.824</ele><time>2025-01-19T02:47:53Z</time><speed>4.070</speed><sat>12</sat></trkpt>
  <trkpt lat="13.81792620" lon="100.54507367"><ele>-44.811</ele><time>2025-01-19T02:47:54Z</time><speed>4.050</speed><sat>10</sat></trkpt>
  <trkpt lat="13.81796198" lon="100.54507667"><ele>-44.753</ele><time>2025-01-19T02:47:55Z</time><speed>4.020</speed><sat>9</sat></trkpt>
  <trkpt lat="13.81799818" lon="100.54507809"><ele>-44.367</ele><time>2025-01-19T02:47:56Z</time><speed>4.070</speed><sat>9</sat></trkpt>
  <trkpt lat="13.81803658" lon="100.54507783"><ele>-43.778</ele><time>2025-01-19T02:47:57Z</time><speed>4.280</speed><sat>8</sat></trkpt>
  <trkpt lat="13.81807484" lon="100.54507781"><ele>-43.765</ele><time>2025-01-19T02:47:58Z</time><speed>4.130</speed><sat>8</sat></trkpt>
  <trkpt lat="13.81811164" lon="100.54507923"><ele>-44.167</ele><time>2025-01-19T02:47:59Z</time><speed>4.100</speed><sat>8</sat></trkpt>
  <trkpt lat="13.81814761" lon="100.54507890"><ele>-43.289</ele><time>2025-01-19T02:48:00Z</time><speed>3.990</speed><sat>10</sat></trkpt>
  <trkpt lat="13.81818750" lon="100.54507616"><ele>-43.433</ele><time>2025-01-19T02:48:01Z</time><speed>4.530</speed><sat>12</sat></trkpt>
  <trkpt lat="13.81823006" lon="100.54507055"><ele>-43.007</ele><time>2025-01-19T02:48:02Z</time><speed>4.510</speed><sat>14</sat></trkpt>
  <trkpt lat="13.81827097" lon="100.54505390"><ele>-41.527</ele><time>2025-01-19T02:48:03Z</time><speed>4.510</speed><sat>13</sat></trkpt>
  <trkpt lat="13.81830824" lon="100.54504110"><ele>-42.845</ele><time>2025-01-19T02:48:04Z</time><speed>4.030</speed><sat>15</sat></trkpt>
  <trkpt lat="13.81835183" lon="100.54502459"><ele>-43.796</ele><time>2025-01-19T02:48:05Z</time><speed>4.690</speed><sat>14</sat></trkpt>
  <trkpt lat="13.81839806" lon="100.54500700"><ele>-44.574</ele><time>2025-01-19T02:48:06Z</time><speed>4.630</speed><sat>15</sat></trkpt>
  <trkpt lat="13.81847594" lon="100.54498076"><ele>-42.520</ele><time>2025-01-19T02:48:07Z</time><speed>5.070</speed><sat>17</sat></trkpt>
  <trkpt lat="13.81854873" lon="100.54495925"><ele>-44.076</ele><time>2025-01-19T02:48:08Z</time><speed>5.150</speed><sat>18</sat></trkpt>
  <trkpt lat="13.81857010" lon="100.54495176"><ele>-41.454</ele><time>2025-01-19T02:48:09Z</time><speed>3.570</speed><sat>18</sat></trkpt>
  <trkpt lat="13.81862023" lon="100.54494131"><ele>-42.638</ele><time>2025-01-19T02:48:10Z</time><speed>4.820</speed><sat>19</sat></trkpt>
  <trkpt lat="13.81864284" lon="100.54489015"><ele>-41.974</ele><time>2025-01-19T02:48:11Z</time><speed>4.890</speed><sat>19</sat></trkpt>
  <trkpt lat="13.81867715" lon="100.54489063"><ele>-43.113</ele><time>2025-01-19T02:48:12Z</time><speed>4.270</speed><sat>20</sat></trkpt>
  <trkpt lat="13.81873108" lon="100.54486429"><ele>-43.830</ele><time>2025-01-19T02:48:13Z</time><speed>5.290</speed><sat>20</sat></trkpt>
  <trkpt lat="13.81876536" lon="100.54486986"><ele>-43.669</ele><time>2025-01-19T02:48:14Z</time><speed>4.960</speed><sat>23</sat></trkpt>
  <trkpt lat="13.81881505" lon="100.54484069"><ele>-43.329</ele><time>2025-01-19T02:48:15Z</time><speed>5.280</speed><sat>23</sat></trkpt>
  <trkpt lat="13.81886713" lon="100.54483144"><ele>-43.641</ele><time>2025-01-19T02:48:16Z</time><speed>5.450</speed><sat>23</sat></trkpt>
  <trkpt lat="13.81891219" lon="100.54482255"><ele>-44.756</ele><time>2025-01-19T02:48:17Z</time><speed>5.220</speed><sat>23</sat></trkpt>
  <trkpt lat="13.81894031" lon="100.54482517"><ele>-44.688</ele><time>2025-01-19T02:48:18Z</time><speed>4.560</speed><sat>22</sat></trkpt>
  <trkpt lat="13.81896342" lon="100.54478984"><ele>-45.769</ele><time>2025-01-19T02:48:19Z</time><speed>4.770</speed><sat>21</sat></trkpt>
  <trkpt lat="13.81898775" lon="100.54475699"><ele>-45.978</ele><time>2025-01-19T02:48:20Z</time><speed>5.100</speed><sat>20</sat></trkpt>
  <trkpt lat="13.81904040" lon="100.54472412"><ele>-45.299</ele><time>2025-01-19T02:48:21Z</time><speed>5.420</speed><sat>20</sat></trkpt>
  <trkpt lat="13.81908115" lon="100.54470669"><ele>-44.445</ele><time>2025-01-19T02:48:22Z</time><speed>5.270</speed><sat>21</sat></trkpt>
  <trkpt lat="13.81912620" lon="100.54467636"><ele>-44.351</ele><time>2025-01-19T02:48:23Z</time><speed>5.160</speed><sat>22</sat></trkpt>
  <trkpt lat="13.81917668" lon="100.54466857"><ele>-44.773</ele><time>2025-01-19T02:48:24Z</time><speed>5.160</speed><sat>22</sat></trkpt>
  <trkpt lat="13.81922568" lon="100.54464040"><ele>-45.108</ele><time>2025-01-19T02:48:25Z</time><speed>5.280</speed><sat>22</sat></trkpt>
  <trkpt lat="13.81928079" lon="100.54461087"><ele>-44.733</ele><time>2025-01-19T02:48:26Z</time><speed>5.810</speed><sat>22</sat></trkpt>
  <trkpt lat="13.81930583" lon="100.54457655"><ele>-45.086</ele><time>2025-01-19T02:48:27Z</time><speed>5.160</speed><sat>22</sat></trkpt>
  <trkpt lat="13.81935656" lon="100.54456765"><ele>-44.875</ele><time>2025-01-19T02:48:28Z</time><speed>5.280</speed><sat>19</sat></trkpt>
  <trkpt lat="13.81939911" lon="100.54455130"><ele>-45.038</ele><time>2025-01-19T02:48:29Z</time><speed>5.150</speed><sat>18</sat></trkpt>
  <trkpt lat="13.81944530" lon="100.54454093"><ele>-44.860</ele><time>2025-01-19T02:48:30Z</time><speed>4.860</speed><sat>19</sat></trkpt>
  <trkpt lat="13.81946889" lon="100.54452793"><ele>-44.168</ele><time>2025-01-19T02:48:31Z</time><speed>4.140</speed><sat>17</sat></trkpt>
  <trkpt lat="13.81947505" lon="100.54450699"><ele>-43.803</ele><time>2025-01-19T02:48:32Z</time><speed>3.050</speed><sat>18</sat></trkpt>
  <trkpt lat="13.81954032" lon="100.54447063"><ele>-44.608</ele><time>2025-01-19T02:48:33Z</time><speed>5.450</speed><sat>18</sat></trkpt>
  <trkpt lat="13.81954403" lon="100.54443085"><ele>-43.892</ele><time>2025-01-19T02:48:34Z</time><speed>4.720</speed><sat>19</sat></trkpt>
  <trkpt lat="13.81958240" lon="100.54440245"><ele>-42.979</ele><time>2025-01-19T02:48:35Z</time><speed>5.100</speed><sat>17</sat></trkpt>
  <trkpt lat="13.81962356" lon="100.54436645"><ele>-42.619</ele><time>2025-01-19T02:48:36Z</time><speed>5.300</speed><sat>16</sat></trkpt>
  <trkpt lat="13.81966796" lon="100.54433477"><ele>-40.883</ele><time>2025-01-19T02:48:37Z</time><speed>5.250</speed><sat>17</sat></trkpt>
  <trkpt lat="13.81970741" lon="100.54429934"><ele>-38.708</ele><time>2025-01-19T02:48:38Z</time><speed>5.950</speed><sat>17</sat></trkpt>
  <trkpt lat="13.81975524" lon="100.54426944"><ele>-37.088</ele><time>2025-01-19T02:48:39Z</time><speed>6.130</speed><sat>19</sat></trkpt>
  <trkpt lat="13.81980027" lon="100.54424330"><ele>-37.656</ele><time>2025-01-19T02:48:40Z</time><speed>5.840</speed><sat>20</sat></trkpt>
  <trkpt lat="13.81984892" lon="100.54420424"><ele>-37.072</ele><time>2025-01-19T02:48:41Z</time><speed>5.880</speed><sat>21</sat></trkpt>
  <trkpt lat="13.81989874" lon="100.54417739"><ele>-37.316</ele><time>2025-01-19T02:48:42Z</time><speed>5.780</speed><sat>21</sat></trkpt>
  <trkpt lat="13.81993511" lon="100.54413590"><ele>-36.808</ele><time>2025-01-19T02:48:43Z</time><speed>6.020</speed><sat>21</sat></trkpt>
  <trkpt lat="13.81997743" lon="100.54411171"><ele>-36.818</ele><time>2025-01-19T02:48:44Z</time><speed>5.920</speed><sat>21</sat></trkpt>
  <trkpt lat="13.82002216" lon="100.54406420"><ele>-36.770</ele><time>2025-01-19T02:48:45Z</time><speed>6.600</speed><sat>20</sat></trkpt>
  <trkpt lat="13.82006586" lon="100.54402298"><ele>-36.864</ele><time>2025-01-19T02:48:46Z</time><speed>6.300</speed><sat>19</sat></trkpt>
  <trkpt lat="13.82010321" lon="100.54398455"><ele>-36.483</ele><time>2025-01-19T02:48:47Z</time><speed>6.470</speed><sat>19</sat></trkpt>
  <trkpt lat="13.82014573" lon="100.54394855"><ele>-35.653</ele><time>2025-01-19T02:48:48Z</time><speed>6.490</speed><sat>18</sat></trkpt>
  <trkpt lat="13.82018704" lon="100.54389849"><ele>-35.356</ele><time>2025-01-19T02:48:49Z</time><speed>6.880</speed><sat>18</sat></trkpt>
  <trkpt lat="13.82023282" lon="100.54384000"><ele>-34.871</ele><time>2025-01-19T02:48:50Z</time><speed>7.170</speed><sat>18</sat></trkpt>
  <trkpt lat="13.82026936" lon="100.54379899"><ele>-34.541</ele><time>2025-01-19T02:48:51Z</time><speed>6.400</speed><sat>18</sat></trkpt>
  <trkpt lat="13.82030466" lon="100.54374471"><ele>-33.460</ele><time>2025-01-19T02:48:52Z</time><speed>6.420</speed><sat>17</sat></trkpt>
  <trkpt lat="13.82033514" lon="100.54370484"><ele>-34.466</ele><time>2025-01-19T02:48:53Z</time><speed>5.610</speed><sat>16</sat></trkpt>
  <trkpt lat="13.82037474" lon="100.54364726"><ele>-34.373</ele><time>2025-01-19T02:48:54Z</time><speed>6.590</speed><sat>14</sat></trkpt>
  <trkpt lat="13.82041480" lon="100.54360622"><ele>-34.446</ele><time>2025-01-19T02:48:55Z</time><speed>6.210</speed><sat>13</sat></trkpt>
  <trkpt lat="13.82046037" lon="100.54355745"><ele>-34.888</ele><time>2025-01-19T02:48:56Z</time><speed>6.570</speed><sat>13</sat></trkpt>
  <trkpt lat="13.82049188" lon="100.54349700"><ele>-34.671</ele><time>2025-01-19T02:48:57Z</time><speed>6.950</speed><sat>13</sat></trkpt>
  <trkpt lat="13.82052070" lon="100.54344186"><ele>-34.307</ele><time>2025-01-19T02:48:58Z</time><speed>6.640</speed><sat>11</sat></trkpt>
  <trkpt lat="13.82054569" lon="100.54340438"><ele>-35.078</ele><time>2025-01-19T02:48:59Z</time><speed>6.040</speed><sat>14</sat></trkpt>
  <trkpt lat="13.82055009" lon="100.54336458"><ele>-35.338</ele><time>2025-01-19T02:49:00Z</time><speed>5.770</speed><sat>16</sat></trkpt>
  <trkpt lat="13.82059701" lon="100.54330155"><ele>-34.427</ele><time>2025-01-19T02:49:01Z</time><speed>6.250</speed><sat>16</sat></trkpt>
  <trkpt lat="13.82060560" lon="100.54326169"><ele>-34.499</ele><time>2025-01-19T02:49:02Z</time><speed>5.440</speed><sat>17</sat></trkpt>
  <trkpt lat="13.82062952" lon="100.54320772"><ele>-35.035</ele><time>2025-01-19T02:49:03Z</time><speed>5.880</speed><sat>17</sat></trkpt>
  <trkpt lat="13.82065210" lon="100.54318519"><ele>-34.736</ele><time>2025-01-19T02:49:04Z</time><speed>4.690</speed><sat>17</sat></trkpt>
  <trkpt lat="13.82066913" lon="100.54314286"><ele>-34.717</ele><time>2025-01-19T02:49:05Z</time><speed>4.780</speed><sat>17</sat></trkpt>
  <trkpt lat="13.82068997" lon="100.54311435"><ele>-35.455</ele><time>2025-01-19T02:49:06Z</time><speed>4.120</speed><sat>17</sat></trkpt>
  <trkpt lat="13.82073007" lon="100.54305167"><ele>-35.206</ele><time>2025-01-19T02:49:07Z</time><speed>5.510</speed><sat>17</sat></trkpt>
  <trkpt lat="13.82075210" lon="100.54299597"><ele>-34.667</ele><time>2025-01-19T02:49:08Z</time><speed>5.770</speed><sat>15</sat></trkpt>
  <trkpt lat="13.82078883" lon="100.54292253"><ele>-34.286</ele><time>2025-01-19T02:49:09Z</time><speed>6.480</speed><sat>16</sat></trkpt>
  <trkpt lat="13.82080993" lon="100.54286973"><ele>-34.559</ele><time>2025-01-19T02:49:10Z</time><speed>6.290</speed><sat>15</sat></trkpt>
  <trkpt lat="13.82085589" lon="100.54280605"><ele>-34.699</ele><time>2025-01-19T02:49:11Z</time><speed>6.680</speed><sat>13</sat></trkpt>
  <trkpt lat="13.82088051" lon="100.54274324"><ele>-33.173</ele><time>2025-01-19T02:49:12Z</time><speed>6.360</speed><sat>15</sat></trkpt>
  <trkpt lat="13.82088405" lon="100.54270060"><ele>-32.853</ele><time>2025-01-19T02:49:13Z</time><speed>6.240</speed><sat>17</sat></trkpt>
  <trkpt lat="13.82089669" lon="100.54263591"><ele>-30.556</ele><time>2025-01-19T02:49:14Z</time><speed>6.810</speed><sat>16</sat></trkpt>
  <trkpt lat="13.82093153" lon="100.54257217"><ele>-30.968</ele><time>2025-01-19T02:49:15Z</time><speed>6.770</speed><sat>17</sat></trkpt>
  <trkpt lat="13.82095992" lon="100.54249700"><ele>-31.576</ele><time>2025-01-19T02:49:16Z</time><speed>7.190</speed><sat>16</sat></trkpt>
  <trkpt lat="13.82099060" lon="100.54246450"><ele>-31.830</ele><time>2025-01-19T02:49:17Z</time><speed>5.950</speed><sat>17</sat></trkpt>
  <trkpt lat="13.82102962" lon="100.54241997"><ele>-31.770</ele><time>2025-01-19T02:49:18Z</time><speed>6.060</speed><sat>18</sat></trkpt>
  <trkpt lat="13.82104133" lon="100.54233466"><ele>-31.404</ele><time>2025-01-19T02:49:19Z</time><speed>7.080</speed><sat>18</sat></trkpt>
  <trkpt lat="13.82104115" lon="100.54229490"><ele>-31.116</ele><time>2025-01-19T02:49:20Z</time><speed>6.130</speed><sat>18</sat></trkpt>
  <trkpt lat="13.82104980" lon="100.54226218"><ele>-31.339</ele><time>2025-01-19T02:49:21Z</time><speed>5.120</speed><sat>18</sat></trkpt>
  <trkpt lat="13.82105455" lon="100.54220122"><ele>-31.284</ele><time>2025-01-19T02:49:22Z</time><speed>6.670</speed><sat>18</sat></trkpt>
  <trkpt lat="13.82106115" lon="100.54214428"><ele>-31.186</ele><time>2025-01-19T02:49:23Z</time><speed>6.300</speed><sat>16</sat></trkpt>
  <trkpt lat="13.82107210" lon="100.54209945"><ele>-30.923</ele><time>2025-01-19T02:49:24Z</time><speed>5.750</speed><sat>13</sat></trkpt>
  <trkpt lat="13.82107126" lon="100.54207780"><ele>-30.574</ele><time>2025-01-19T02:49:25Z</time><speed>5.210</speed><sat>11</sat></trkpt>
  <trkpt lat="13.82108088" lon="100.54203843"><ele>-30.277</ele><time>2025-01-19T02:49:26Z</time><speed>5.230</speed><sat>10</sat></trkpt>
  <trkpt lat="13.82111865" lon="100.54190380"><ele>-28.904</ele><time>2025-01-19T02:49:27Z</time><speed>7.830</speed><sat>13</sat></trkpt>
  <trkpt lat="13.82113285" lon="100.54184597"><ele>-29.162</ele><time>2025-01-19T02:49:28Z</time><speed>5.800</speed><sat>13</sat></trkpt>
  <trkpt lat="13.82113708" lon="100.54177178"><ele>-29.840</ele><time>2025-01-19T02:49:29Z</time><speed>6.800</speed><sat>14</sat></trkpt>
  <trkpt lat="13.82116109" lon="100.54168562"><ele>-29.916</ele><time>2025-01-19T02:49:30Z</time><speed>6.290</speed><sat>15</sat></trkpt>
  <trkpt lat="13.82117022" lon="100.54162602"><ele>-29.207</ele><time>2025-01-19T02:49:31Z</time><speed>6.490</speed><sat>16</sat></trkpt>
  <trkpt lat="13.82117431" lon="100.54157768"><ele>-28.304</ele><time>2025-01-19T02:49:32Z</time><speed>6.210</speed><sat>17</sat></trkpt>
  <trkpt lat="13.82119121" lon="100.54148786"><ele>-28.585</ele><time>2025-01-19T02:49:33Z</time><speed>6.920</speed><sat>14</sat></trkpt>
  <trkpt lat="13.82118530" lon="100.54142597"><ele>-28.578</ele><time>2025-01-19T02:49:34Z</time><speed>6.570</speed><sat>14</sat></trkpt>
  <trkpt lat="13.82119178" lon="100.54133441"><ele>-28.024</ele><time>2025-01-19T02:49:35Z</time><speed>7.590</speed><sat>14</sat></trkpt>
  <trkpt lat="13.82118370" lon="100.54128147"><ele>-26.370</ele><time>2025-01-19T02:49:36Z</time><speed>6.740</speed><sat>15</sat></trkpt>
  <trkpt lat="13.82118453" lon="100.54120792"><ele>-25.866</ele><time>2025-01-19T02:49:37Z</time><speed>6.990</speed><sat>14</sat></trkpt>
  <trkpt lat="13.82119753" lon="100.54117065"><ele>-26.472</ele><time>2025-01-19T02:49:38Z</time><speed>6.230</speed><sat>13</sat></trkpt>
  <trkpt lat="13.82122274" lon="100.54111419"><ele>-26.230</ele><time>2025-01-19T02:49:39Z</time><speed>6.310</speed><sat>14</sat></trkpt>
  <trkpt lat="13.82121847" lon="100.54104614"><ele>-25.410</ele><time>2025-01-19T02:49:40Z</time><speed>6.790</speed><sat>15</sat></trkpt>
  <trkpt lat="13.82122664" lon="100.54100135"><ele>-25.567</ele><time>2025-01-19T02:49:41Z</time><speed>6.570</speed><sat>15</sat></trkpt>
  <trkpt lat="13.82123415" lon="100.54092792"><ele>-25.046</ele><time>2025-01-19T02:49:42Z</time><speed>6.830</speed><sat>15</sat></trkpt>
  <trkpt lat="13.82124525" lon="100.54086832"><ele>-24.803</ele><time>2025-01-19T02:49:43Z</time><speed>6.600</speed><sat>15</sat></trkpt>
  <trkpt lat="13.82124980" lon="100.54081675"><ele>-24.657</ele><time>2025-01-19T02:49:44Z</time><speed>6.190</speed><sat>16</sat></trkpt>
  <trkpt lat="13.82125827" lon="100.54074517"><ele>-24.276</ele><time>2025-01-19T02:49:45Z</time><speed>6.040</speed><sat>15</sat></trkpt>
  <trkpt lat="13.82127868" lon="100.54065521"><ele>-23.867</ele><time>2025-01-19T02:49:46Z</time><speed>7.530</speed><sat>15</sat></trkpt>
  <trkpt lat="13.82128844" lon="100.54059520"><ele>-23.839</ele><time>2025-01-19T02:49:47Z</time><speed>6.690</speed><sat>15</sat></trkpt>
  <trkpt lat="13.82129037" lon="100.54054628"><ele>-23.841</ele><time>2025-01-19T02:49:48Z</time><speed>6.390</speed><sat>15</sat></trkpt>
  <trkpt lat="13.82129926" lon="100.54045858"><ele>-24.571</ele><time>2025-01-19T02:49:49Z</time><speed>7.200</speed><sat>16</sat></trkpt>
  <trkpt lat="13.82130490" lon="100.54039886"><ele>-25.036</ele><time>2025-01-19T02:49:50Z</time><speed>6.590</speed><sat>16</sat></trkpt>
  <trkpt lat="13.82132259" lon="100.54035864"><ele>-25.833</ele><time>2025-01-19T02:49:51Z</time><speed>6.250</speed><sat>16</sat></trkpt>
  <trkpt lat="13.82133878" lon="100.54029858"><ele>-25.487</ele><time>2025-01-19T02:49:52Z</time><speed>6.520</speed><sat>16</sat></trkpt>
  <trkpt lat="13.82133166" lon="100.54025373"><ele>-25.624</ele><time>2025-01-19T02:49:53Z</time><speed>6.320</speed><sat>16</sat></trkpt>
  <trkpt lat="13.82131171" lon="100.54019910"><ele>-25.765</ele><time>2025-01-19T02:49:54Z</time><speed>6.160</speed><sat>16</sat></trkpt>
  <trkpt lat="13.82131535" lon="100.54013224"><ele>-26.099</ele><time>2025-01-19T02:49:55Z</time><speed>6.580</speed><sat>16</sat></trkpt>
  <trkpt lat="13.82129887" lon="100.54008973"><ele>-25.728</ele><time>2025-01-19T02:49:56Z</time><speed>6.260</speed><sat>16</sat></trkpt>
  <trkpt lat="13.82130014" lon="100.54003206"><ele>-25.515</ele><time>2025-01-19T02:49:57Z</time><speed>6.660</speed><sat>16</sat></trkpt>
  <trkpt lat="13.82130604" lon="100.53998491"><ele>-24.907</ele><time>2025-01-19T02:49:58Z</time><speed>6.100</speed><sat>16</sat></trkpt>
  <trkpt lat="13.82131418" lon="100.53991152"><ele>-24.917</ele><time>2025-01-19T02:49:59Z</time><speed>6.560</speed><sat>15</sat></trkpt>
  <trkpt lat="13.82133312" lon="100.53984920"><ele>-25.613</ele><time>2025-01-19T02:50:00Z</time><speed>6.590</speed><sat>15</sat></trkpt>
  <trkpt lat="13.82132408" lon="100.53979527"><ele>-25.769</ele><time>2025-01-19T02:50:01Z</time><speed>6.720</speed><sat>15</sat></trkpt>
  <trkpt lat="13.82133560" lon="100.53973029"><ele>-25.114</ele><time>2025-01-19T02:50:02Z</time><speed>7.890</speed><sat>15</sat></trkpt>
  <trkpt lat="13.82135477" lon="100.53966677"><ele>-24.646</ele><time>2025-01-19T02:50:03Z</time><speed>7.620</speed><sat>15</sat></trkpt>
  <trkpt lat="13.82136676" lon="100.53959008"><ele>-25.029</ele><time>2025-01-19T02:50:04Z</time><speed>7.810</speed><sat>14</sat></trkpt>
  <trkpt lat="13.82137332" lon="100.53951999"><ele>-25.671</ele><time>2025-01-19T02:50:05Z</time><speed>7.340</speed><sat>12</sat></trkpt>
  <trkpt lat="13.82136020" lon="100.53941088"><ele>-25.526</ele><time>2025-01-19T02:50:06Z</time><speed>8.130</speed><sat>13</sat></trkpt>
  <trkpt lat="13.82133694" lon="100.53933964"><ele>-24.589</ele><time>2025-01-19T02:50:07Z</time><speed>7.980</speed><sat>14</sat></trkpt>
  <trkpt lat="13.82135269" lon="100.53925900"><ele>-25.711</ele><time>2025-01-19T02:50:08Z</time><speed>8.270</speed><sat>14</sat></trkpt>
  <trkpt lat="13.82138195" lon="100.53919058"><ele>-25.943</ele><time>2025-01-19T02:50:09Z</time><speed>8.090</speed><sat>14</sat></trkpt>
  <trkpt lat="13.82139195" lon="100.53911155"><ele>-25.674</ele><time>2025-01-19T02:50:10Z</time><speed>8.220</speed><sat>14</sat></trkpt>
  <trkpt lat="13.82138818" lon="100.53902733"><ele>-27.043</ele><time>2025-01-19T02:50:11Z</time><speed>8.590</speed><sat>15</sat></trkpt>
  <trkpt lat="13.82140908" lon="100.53895519"><ele>-26.835</ele><time>2025-01-19T02:50:12Z</time><speed>8.530</speed><sat>15</sat></trkpt>
  <trkpt lat="13.82146830" lon="100.53890148"><ele>-26.978</ele><time>2025-01-19T02:50:13Z</time><speed>8.190</speed><sat>15</sat></trkpt>
  <trkpt lat="13.82149616" lon="100.53882459"><ele>-25.005</ele><time>2025-01-19T02:50:14Z</time><speed>8.730</speed><sat>16</sat></trkpt>
  <trkpt lat="13.82150462" lon="100.53875217"><ele>-24.425</ele><time>2025-01-19T02:50:15Z</time><speed>8.340</speed><sat>16</sat></trkpt>
  <trkpt lat="13.82152405" lon="100.53866586"><ele>-24.899</ele><time>2025-01-19T02:50:16Z</time><speed>8.730</speed><sat>17</sat></trkpt>
  <trkpt lat="13.82154229" lon="100.53858270"><ele>-24.711</ele><time>2025-01-19T02:50:17Z</time><speed>9.170</speed><sat>16</sat></trkpt>
  <trkpt lat="13.82153706" lon="100.53848840"><ele>-25.707</ele><time>2025-01-19T02:50:18Z</time><speed>9.230</speed><sat>15</sat></trkpt>
  <trkpt lat="13.82153123" lon="100.53841507"><ele>-25.235</ele><time>2025-01-19T02:50:19Z</time><speed>8.700</speed><sat>15</sat></trkpt>
  <trkpt lat="13.82152036" lon="100.53831572"><ele>-25.834</ele><time>2025-01-19T02:50:20Z</time><speed>9.440</speed><sat>15</sat></trkpt>
  <trkpt lat="13.82152794" lon="100.53825030"><ele>-25.907</ele><time>2025-01-19T02:50:21Z</time><speed>8.560</speed><sat>15</sat></trkpt>
  <trkpt lat="13.82152491" lon="100.53816265"><ele>-26.570</ele><time>2025-01-19T02:50:22Z</time><speed>8.650</speed><sat>15</sat></trkpt>
  <trkpt lat="13.82151150" lon="100.53804912"><ele>-27.565</ele><time>2025-01-19T02:50:23Z</time><speed>9.820</speed><sat>15</sat></trkpt>
  <trkpt lat="13.82148475" lon="100.53794069"><ele>-27.691</ele><time>2025-01-19T02:50:24Z</time><speed>10.370</speed><sat>16</sat></trkpt>
  <trkpt lat="13.82152213" lon="100.53787149"><ele>-28.783</ele><time>2025-01-19T02:50:25Z</time><speed>9.550</speed><sat>16</sat></trkpt>
  <trkpt lat="13.82154025" lon="100.53776330"><ele>-28.876</ele><time>2025-01-19T02:50:26Z</time><speed>9.980</speed><sat>16</sat></trkpt>
  <trkpt lat="13.82156113" lon="100.53767136"><ele>-28.030</ele><time>2025-01-19T02:50:27Z</time><speed>10.730</speed><sat>16</sat></trkpt>
  <trkpt lat="13.82159402" lon="100.53758265"><ele>-29.062</ele><time>2025-01-19T02:50:28Z</time><speed>10.240</speed><sat>15</sat></trkpt>
  <trkpt lat="13.82162888" lon="100.53748673"><ele>-29.750</ele><time>2025-01-19T02:50:29Z</time><speed>10.240</speed><sat>15</sat></trkpt>
  <trkpt lat="13.82160624" lon="100.53740191"><ele>-29.147</ele><time>2025-01-19T02:50:30Z</time><speed>9.760</speed><sat>15</sat></trkpt>
  <trkpt lat="13.82161616" lon="100.53730060"><ele>-29.250</ele><time>2025-01-19T02:50:31Z</time><speed>10.090</speed><sat>15</sat></trkpt>
  <trkpt lat="13.82161628" lon="100.53722441"><ele>-28.998</ele><time>2025-01-19T02:50:32Z</time><speed>10.050</speed><sat>15</sat></trkpt>
  <trkpt lat="13.82162658" lon="100.53714302"><ele>-28.718</ele><time>2025-01-19T02:50:33Z</time><speed>10.260</speed><sat>15</sat></trkpt>
  <trkpt lat="13.82163996" lon="100.53705397"><ele>-28.586</ele><time>2025-01-19T02:50:34Z</time><speed>10.000</speed><sat>16</sat></trkpt>
  <trkpt lat="13.82165189" lon="100.53695156"><ele>-28.596</ele><time>2025-01-19T02:50:35Z</time><speed>10.520</speed><sat>17</sat></trkpt>
  <trkpt lat="13.82166169" lon="100.53685138"><ele>-29.475</ele><time>2025-01-19T02:50:36Z</time><speed>10.430</speed><sat>18</sat></trkpt>
  <trkpt lat="13.82167587" lon="100.53676593"><ele>-30.010</ele><time>2025-01-19T02:50:37Z</time><speed>10.020</speed><sat>18</sat></trkpt>
  <trkpt lat="13.82168581" lon="100.53666526"><ele>-29.440</ele><time>2025-01-19T02:50:38Z</time><speed>10.420</speed><sat>18</sat></trkpt>
  <trkpt lat="13.82169181" lon="100.53658188"><ele>-29.296</ele><time>2025-01-19T02:50:39Z</time><speed>9.850</speed><sat>18</sat></trkpt>
  <trkpt lat="13.82169922" lon="100.53648019"><ele>-27.722</ele><time>2025-01-19T02:50:40Z</time><speed>10.430</speed><sat>17</sat></trkpt>
  <trkpt lat="13.82171307" lon="100.53638108"><ele>-28.239</ele><time>2025-01-19T02:50:41Z</time><speed>10.130</speed><sat>16</sat></trkpt>
  <trkpt lat="13.82173164" lon="100.53628870"><ele>-27.789</ele><time>2025-01-19T02:50:42Z</time><speed>9.920</speed><sat>14</sat></trkpt>
  <trkpt lat="13.82175904" lon="100.53617330"><ele>-28.301</ele><time>2025-01-19T02:50:43Z</time><speed>10.840</speed><sat>13</sat></trkpt>
  <trkpt lat="13.82179118" lon="100.53607401"><ele>-28.386</ele><time>2025-01-19T02:50:44Z</time><speed>10.670</speed><sat>13</sat></trkpt>
  <trkpt lat="13.82182439" lon="100.53598342"><ele>-28.456</ele><time>2025-01-19T02:50:45Z</time><speed>10.220</speed><sat>14</sat></trkpt>
  <trkpt lat="13.82187553" lon="100.53589527"><ele>-28.549</ele><time>2025-01-19T02:50:46Z</time><speed>10.360</speed><sat>14</sat></trkpt>
  <trkpt lat="13.82183844" lon="100.53581841"><ele>-28.910</ele><time>2025-01-19T02:50:47Z</time><speed>9.600</speed><sat>11</sat></trkpt>
  <trkpt lat="13.82185865" lon="100.53574842"><ele>-30.406</ele><time>2025-01-19T02:50:48Z</time><speed>9.310</speed><sat>13</sat></trkpt>
  <trkpt lat="13.82183944" lon="100.53566766"><ele>-30.066</ele><time>2025-01-19T02:50:49Z</time><speed>8.770</speed><sat>14</sat></trkpt>
  <trkpt lat="13.82181014" lon="100.53557704"><ele>-30.205</ele><time>2025-01-19T02:50:50Z</time><speed>9.040</speed><sat>14</sat></trkpt>
  <trkpt lat="13.82178876" lon="100.53550466"><ele>-30.577</ele><time>2025-01-19T02:50:51Z</time><speed>9.120</speed><sat>14</sat></trkpt>
  <trkpt lat="13.82178709" lon="100.53545721"><ele>-31.842</ele><time>2025-01-19T02:50:52Z</time><speed>8.460</speed><sat>14</sat></trkpt>
  <trkpt lat="13.82178237" lon="100.53536311"><ele>-31.972</ele><time>2025-01-19T02:50:53Z</time><speed>8.050</speed><sat>16</sat></trkpt>
  <trkpt lat="13.82177854" lon="100.53530722"><ele>-32.985</ele><time>2025-01-19T02:50:54Z</time><speed>6.560</speed><sat>16</sat></trkpt>
  <trkpt lat="13.82174882" lon="100.53526742"><ele>-32.369</ele><time>2025-01-19T02:50:55Z</time><speed>5.770</speed><sat>15</sat></trkpt>
  <trkpt lat="13.82173231" lon="100.53519811"><ele>-30.595</ele><time>2025-01-19T02:50:56Z</time><speed>6.400</speed><sat>15</sat></trkpt>
  <trkpt lat="13.82174016" lon="100.53515208"><ele>-30.418</ele><time>2025-01-19T02:50:57Z</time><speed>5.820</speed><sat>16</sat></trkpt>
  <trkpt lat="13.82172575" lon="100.53510128"><ele>-29.980</ele><time>2025-01-19T02:50:58Z</time><speed>5.270</speed><sat>16</sat></trkpt>
  <trkpt lat="13.82170755" lon="100.53503887"><ele>-31.297</ele><time>2025-01-19T02:50:59Z</time><speed>4.910</speed><sat>14</sat></trkpt>
  <trkpt lat="13.82170762" lon="100.53498969"><ele>-30.166</ele><time>2025-01-19T02:51:00Z</time><speed>4.330</speed><sat>14</sat></trkpt>
  <trkpt lat="13.82170285" lon="100.53494619"><ele>-30.869</ele><time>2025-01-19T02:51:01Z</time><speed>4.020</speed><sat>15</sat></trkpt>
  <trkpt lat="13.82171977" lon="100.53491791"><ele>-29.349</ele><time>2025-01-19T02:51:02Z</time><speed>3.640</speed><sat>16</sat></trkpt>
  <trkpt lat="13.82171876" lon="100.53487338"><ele>-29.216</ele><time>2025-01-19T02:51:03Z</time><speed>3.640</speed><sat>16</sat></trkpt>
  <trkpt lat="13.82172822" lon="100.53484134"><ele>-29.337</ele><time>2025-01-19T02:51:04Z</time><speed>3.450</speed><sat>16</sat></trkpt>
  <trkpt lat="13.82174209" lon="100.53482716"><ele>-27.760</ele><time>2025-01-19T02:51:05Z</time><speed>2.920</speed><sat>16</sat></trkpt>
  <trkpt lat="13.82174091" lon="100.53480813"><ele>-26.744</ele><time>2025-01-19T02:51:06Z</time><speed>2.150</speed><sat>15</sat></trkpt>
  <trkpt lat="13.82175254" lon="100.53479971"><ele>-25.948</ele><time>2025-01-19T02:51:07Z</time><speed>1.640</speed><sat>15</sat></trkpt>
  <trkpt lat="13.82177742" lon="100.53478707"><ele>-27.284</ele><time>2025-01-19T02:51:08Z</time><speed>1.910</speed><sat>15</sat></trkpt>
  <trkpt lat="13.82177351" lon="100.53478374"><ele>-26.879</ele><time>2025-01-19T02:51:09Z</time><speed>0.920</speed><sat>15</sat></trkpt>
  <trkpt lat="13.82177217" lon="100.53478176"><ele>-25.779</ele><time>2025-01-19T02:51:10Z</time><speed>0.490</speed><sat>15</sat></trkpt>
  <trkpt lat="13.82177286" lon="100.53478447"><ele>-25.814</ele><time>2025-01-19T02:51:11Z</time><speed>0.000</speed><sat>15</sat></trkpt>
  <trkpt lat="13.82177289" lon="100.53478834"><ele>-25.197</ele><time>2025-01-19T02:51:12Z</time><speed>0.000</speed><sat>15</sat></trkpt>
  <trkpt lat="13.82177660" lon="100.53479203"><ele>-25.515</ele><time>2025-01-19T02:51:13Z</time><speed>0.350</speed><sat>13</sat></trkpt>
  <trkpt lat="13.82177945" lon="100.53479625"><ele>-26.451</ele><time>2025-01-19T02:51:14Z</time><speed>0.000</speed><sat>12</sat></trkpt>
  <trkpt lat="13.82178112" lon="100.53480001"><ele>-26.549</ele><time>2025-01-19T02:51:15Z</time><speed>0.000</speed><sat>12</sat></trkpt>
  <trkpt lat="13.82178203" lon="100.53480465"><ele>-27.259</ele><time>2025-01-19T02:51:16Z</time><speed>0.000</speed><sat>12</sat></trkpt>
  <trkpt lat="13.82178351" lon="100.53480628"><ele>-27.644</ele><time>2025-01-19T02:51:17Z</time><speed>0.000</speed><sat>11</sat></trkpt>
  <trkpt lat="13.82178333" lon="100.53480643"><ele>-28.086</ele><time>2025-01-19T02:51:18Z</time><speed>0.000</speed><sat>12</sat></trkpt>
  <trkpt lat="13.82178440" lon="100.53480759"><ele>-28.492</ele><time>2025-01-19T02:51:19Z</time><speed>0.000</speed><sat>12</sat></trkpt>
  <trkpt lat="13.82178361" lon="100.53480834"><ele>-29.446</ele><time>2025-01-19T02:51:20Z</time><speed>0.000</speed><sat>13</sat></trkpt>
  <trkpt lat="13.82178254" lon="100.53481036"><ele>-29.543</ele><time>2025-01-19T02:51:21Z</time><speed>0.000</speed><sat>13</sat></trkpt>
  <trkpt lat="13.82177998" lon="100.53481337"><ele>-30.111</ele><time>2025-01-19T02:51:22Z</time><speed>0.000</speed><sat>13</sat></trkpt>
  <trkpt lat="13.82177775" lon="100.53481640"><ele>-30.085</ele><time>2025-01-19T02:51:23Z</time><speed>0.000</speed><sat>14</sat></trkpt>
  <trkpt lat="13.82177493" lon="100.53481738"><ele>-30.023</ele><time>2025-01-19T02:51:24Z</time><speed>0.000</speed><sat>13</sat></trkpt>
  <trkpt lat="13.82177194" lon="100.53481679"><ele>-29.707</ele><time>2025-01-19T02:51:25Z</time><speed>0.000</speed><sat>14</sat></trkpt>
  <trkpt lat="13.82176960" lon="100.53481602"><ele>-29.607</ele><time>2025-01-19T02:51:26Z</time><speed>0.000</speed><sat>13</sat></trkpt>
  <trkpt lat="13.82176764" lon="100.53481520"><ele>-29.145</ele><time>2025-01-19T02:51:27Z</time><speed>0.000</speed><sat>14</sat></trkpt>
  <trkpt lat="13.82176639" lon="100.53481419"><ele>-28.727</ele><time>2025-01-19T02:51:28Z</time><speed>0.000</speed><sat>14</sat></trkpt>
  <trkpt lat="13.82176532" lon="100.53481266"><ele>-28.486</ele><time>2025-01-19T02:51:29Z</time><speed>0.000</speed><sat>13</sat></trkpt>
  <trkpt lat="13.82176418" lon="100.53481141"><ele>-28.533</ele><time>2025-01-19T02:51:30Z</time><speed>0.000</speed><sat>13</sat></trkpt>
  <trkpt lat="13.82176541" lon="100.53481186"><ele>-28.421</ele><time>2025-01-19T02:51:31Z</time><speed>0.000</speed><sat>12</sat></trkpt>
  <trkpt lat="13.82176565" lon="100.53481175"><ele>-28.550</ele><time>2025-01-19T02:51:32Z</time><speed>0.000</speed><sat>13</sat></trkpt>
  <trkpt lat="13.82176636" lon="100.53481164"><ele>-28.237</ele><time>2025-01-19T02:51:33Z</time><speed>0.000</speed><sat>14</sat></trkpt>
  <trkpt lat="13.82176675" lon="100.53481163"><ele>-28.273</ele><time>2025-01-19T02:51:34Z</time><speed>0.000</speed><sat>16</sat></trkpt>
  <trkpt lat="13.82176791" lon="100.53481243"><ele>-28.269</ele><time>2025-01-19T02:51:35Z</time><speed>0.000</speed><sat>16</sat></trkpt>
  <trkpt lat="13.82176843" lon="100.53481279"><ele>-28.268</ele><time>2025-01-19T02:51:36Z</time><speed>0.000</speed><sat>16</sat></trkpt>
  <trkpt lat="13.82176979" lon="100.53481366"><ele>-28.201</ele><time>2025-01-19T02:51:37Z</time><speed>0.000</speed><sat>16</sat></trkpt>
  <trkpt lat="13.82177067" lon="100.53481427"><ele>-28.142</ele><time>2025-01-19T02:51:38Z</time><speed>0.000</speed><sat>15</sat></trkpt>
  <trkpt lat="13.82177134" lon="100.53481491"><ele>-28.210</ele><time>2025-01-19T02:51:39Z</time><speed>0.000</speed><sat>14</sat></trkpt>
  <trkpt lat="13.82177226" lon="100.53481561"><ele>-28.028</ele><time>2025-01-19T02:51:40Z</time><speed>0.000</speed><sat>13</sat></trkpt>
  <trkpt lat="13.82177332" lon="100.53481629"><ele>-27.820</ele><time>2025-01-19T02:51:41Z</time><speed>0.000</speed><sat>13</sat></trkpt>
  <trkpt lat="13.82177387" lon="100.53481633"><ele>-27.673</ele><time>2025-01-19T02:51:42Z</time><speed>0.000</speed><sat>13</sat></trkpt>
  <trkpt lat="13.82177431" lon="100.53481588"><ele>-27.384</ele><time>2025-01-19T02:51:43Z</time><speed>0.000</speed><sat>13</sat></trkpt>
  <trkpt lat="13.82177458" lon="100.53481551"><ele>-27.314</ele><time>2025-01-19T02:51:44Z</time><speed>0.000</speed><sat>15</sat></trkpt>
  <trkpt lat="13.82177495" lon="100.53481548"><ele>-27.181</ele><time>2025-01-19T02:51:45Z</time><speed>0.000</speed><sat>15</sat></trkpt>
  <trkpt lat="13.82177532" lon="100.53481543"><ele>-27.055</ele><time>2025-01-19T02:51:46Z</time><speed>0.000</speed><sat>17</sat></trkpt>
  <trkpt lat="13.82177552" lon="100.53481536"><ele>-27.031</ele><time>2025-01-19T02:51:47Z</time><speed>0.000</speed><sat>17</sat></trkpt>
  <trkpt lat="13.82177583" lon="100.53481531"><ele>-26.894</ele><time>2025-01-19T02:51:48Z</time><speed>0.000</speed><sat>17</sat></trkpt>
  <trkpt lat="13.82177822" lon="100.53479126"><ele>-26.617</ele><time>2025-01-19T02:51:49Z</time><speed>3.420</speed><sat>17</sat></trkpt>
  <trkpt lat="13.82178321" lon="100.53475941"><ele>-23.100</ele><time>2025-01-19T02:51:50Z</time><speed>2.460</speed><sat>16</sat></trkpt>
  <trkpt lat="13.82178862" lon="100.53473202"><ele>-22.572</ele><time>2025-01-19T02:51:51Z</time><speed>2.580</speed><sat>17</sat></trkpt>
  <trkpt lat="13.82179592" lon="100.53470361"><ele>-23.098</ele><time>2025-01-19T02:51:52Z</time><speed>2.770</speed><sat>16</sat></trkpt>
  <trkpt lat="13.82180395" lon="100.53467546"><ele>-23.396</ele><time>2025-01-19T02:51:53Z</time><speed>2.820</speed><sat>17</sat></trkpt>
  <trkpt lat="13.82181123" lon="100.53464608"><ele>-22.570</ele><time>2025-01-19T02:51:54Z</time><speed>3.030</speed><sat>17</sat></trkpt>
  <trkpt lat="13.82181892" lon="100.53461491"><ele>-22.041</ele><time>2025-01-19T02:51:55Z</time><speed>3.210</speed><sat>16</sat></trkpt>
  <trkpt lat="13.82182928" lon="100.53458154"><ele>-22.853</ele><time>2025-01-19T02:51:56Z</time><speed>3.350</speed><sat>18</sat></trkpt>
  <trkpt lat="13.82183970" lon="100.53454732"><ele>-23.443</ele><time>2025-01-19T02:51:57Z</time><speed>3.400</speed><sat>18</sat></trkpt>
  <trkpt lat="13.82184801" lon="100.53451124"><ele>-21.976</ele><time>2025-01-19T02:51:58Z</time><speed>3.530</speed><sat>18</sat></trkpt>
  <trkpt lat="13.82185436" lon="100.53447534"><ele>-21.717</ele><time>2025-01-19T02:51:59Z</time><speed>3.530</speed><sat>18</sat></trkpt>
  <trkpt lat="13.82186005" lon="100.53443942"><ele>-21.590</ele><time>2025-01-19T02:52:00Z</time><speed>3.760</speed><sat>18</sat></trkpt>
  <trkpt lat="13.82186606" lon="100.53440262"><ele>-21.697</ele><time>2025-01-19T02:52:01Z</time><speed>3.880</speed><sat>18</sat></trkpt>
  <trkpt lat="13.82187379" lon="100.53436273"><ele>-22.322</ele><time>2025-01-19T02:52:02Z</time><speed>4.280</speed><sat>18</sat></trkpt>
  <trkpt lat="13.82188186" lon="100.53432158"><ele>-21.807</ele><time>2025-01-19T02:52:03Z</time><speed>4.250</speed><sat>18</sat></trkpt>
  <trkpt lat="13.82189244" lon="100.53427784"><ele>-22.208</ele><time>2025-01-19T02:52:04Z</time><speed>4.700</speed><sat>18</sat></trkpt>
  <trkpt lat="13.82190087" lon="100.53423479"><ele>-21.702</ele><time>2025-01-19T02:52:05Z</time><speed>4.310</speed><sat>18</sat></trkpt>
  <trkpt lat="13.82190656" lon="100.53419232"><ele>-19.283</ele><time>2025-01-19T02:52:06Z</time><speed>4.340</speed><sat>17</sat></trkpt>
  <trkpt lat="13.82191438" lon="100.53414595"><ele>-19.812</ele><time>2025-01-19T02:52:07Z</time><speed>4.780</speed><sat>16</sat></trkpt>
  <trkpt lat="13.82192039" lon="100.53409788"><ele>-19.236</ele><time>2025-01-19T02:52:08Z</time><speed>4.770</speed><sat>17</sat></trkpt>
  <trkpt lat="13.82192587" lon="100.53405068"><ele>-19.000</ele><time>2025-01-19T02:52:09Z</time><speed>4.840</speed><sat>18</sat></trkpt>
  <trkpt lat="13.82193816" lon="100.53397429"><ele>-19.014</ele><time>2025-01-19T02:52:10Z</time><speed>5.610</speed><sat>17</sat></trkpt>
  <trkpt lat="13.82194599" lon="100.53391799"><ele>-19.065</ele><time>2025-01-19T02:52:11Z</time><speed>5.700</speed><sat>16</sat></trkpt>
  <trkpt lat="13.82193563" lon="100.53388951"><ele>-19.123</ele><time>2025-01-19T02:52:12Z</time><speed>4.860</speed><sat>17</sat></trkpt>
  <trkpt lat="13.82194520" lon="100.53380999"><ele>-20.269</ele><time>2025-01-19T02:52:13Z</time><speed>6.070</speed><sat>16</sat></trkpt>
  <trkpt lat="13.82195103" lon="100.53376169"><ele>-20.550</ele><time>2025-01-19T02:52:14Z</time><speed>5.370</speed><sat>16</sat></trkpt>
  <trkpt lat="13.82195901" lon="100.53371164"><ele>-21.309</ele><time>2025-01-19T02:52:15Z</time><speed>5.760</speed><sat>16</sat></trkpt>
  <trkpt lat="13.82195326" lon="100.53365890"><ele>-20.780</ele><time>2025-01-19T02:52:16Z</time><speed>5.890</speed><sat>16</sat></trkpt>
  <trkpt lat="13.82195575" lon="100.53361246"><ele>-20.579</ele><time>2025-01-19T02:52:17Z</time><speed>5.690</speed><sat>17</sat></trkpt>
  <trkpt lat="13.82195245" lon="100.53356952"><ele>-20.662</ele><time>2025-01-19T02:52:18Z</time><speed>5.510</speed><sat>17</sat></trkpt>
  <trkpt lat="13.82195291" lon="100.53350565"><ele>-21.256</ele><time>2025-01-19T02:52:19Z</time><speed>6.250</speed><sat>17</sat></trkpt>
  <trkpt lat="13.82195382" lon="100.53344566"><ele>-20.963</ele><time>2025-01-19T02:52:20Z</time><speed>6.490</speed><sat>16</sat></trkpt>
  <trkpt lat="13.82196705" lon="100.53338068"><ele>-20.675</ele><time>2025-01-19T02:52:21Z</time><speed>6.730</speed><sat>16</sat></trkpt>
  <trkpt lat="13.82197691" lon="100.53329645"><ele>-21.143</ele><time>2025-01-19T02:52:22Z</time><speed>7.400</speed><sat>16</sat></trkpt>
  <trkpt lat="13.82199191" lon="100.53324127"><ele>-22.407</ele><time>2025-01-19T02:52:23Z</time><speed>6.840</speed><sat>17</sat></trkpt>
  <trkpt lat="13.82199887" lon="100.53316553"><ele>-22.451</ele><time>2025-01-19T02:52:24Z</time><speed>7.580</speed><sat>18</sat></trkpt>
  <trkpt lat="13.82203987" lon="100.53310535"><ele>-21.948</ele><time>2025-01-19T02:52:25Z</time><speed>7.320</speed><sat>17</sat></trkpt>
  <trkpt lat="13.82204345" lon="100.53301322"><ele>-22.171</ele><time>2025-01-19T02:52:26Z</time><speed>8.170</speed><sat>17</sat></trkpt>
  <trkpt lat="13.82202255" lon="100.53295181"><ele>-23.006</ele><time>2025-01-19T02:52:27Z</time><speed>7.400</speed><sat>16</sat></trkpt>
  <trkpt lat="13.82203645" lon="100.53284256"><ele>-23.808</ele><time>2025-01-19T02:52:28Z</time><speed>9.130</speed><sat>16</sat></trkpt>
  <trkpt lat="13.82203776" lon="100.53276075"><ele>-23.196</ele><time>2025-01-19T02:52:29Z</time><speed>8.530</speed><sat>16</sat></trkpt>
  <trkpt lat="13.82203252" lon="100.53266630"><ele>-22.810</ele><time>2025-01-19T02:52:30Z</time><speed>9.310</speed><sat>16</sat></trkpt>
  <trkpt lat="13.82202944" lon="100.53257520"><ele>-23.624</ele><time>2025-01-19T02:52:31Z</time><speed>9.270</speed><sat>17</sat></trkpt>
  <trkpt lat="13.82202296" lon="100.53249283"><ele>-22.771</ele><time>2025-01-19T02:52:32Z</time><speed>9.810</speed><sat>16</sat></trkpt>
  <trkpt lat="13.82205905" lon="100.53239340"><ele>-23.113</ele><time>2025-01-19T02:52:33Z</time><speed>10.100</speed><sat>16</sat></trkpt>
  <trkpt lat="13.82209269" lon="100.53229612"><ele>-25.903</ele><time>2025-01-19T02:52:34Z</time><speed>9.870</speed><sat>16</sat></trkpt>
  <trkpt lat="13.82210470" lon="100.53220463"><ele>-23.647</ele><time>2025-01-19T02:52:35Z</time><speed>9.860</speed><sat>16</sat></trkpt>
  <trkpt lat="13.82203412" lon="100.53210551"><ele>-25.472</ele><time>2025-01-19T02:52:36Z</time><speed>10.570</speed><sat>16</sat></trkpt>
  <trkpt lat="13.82204526" lon="100.53202360"><ele>-25.813</ele><time>2025-01-19T02:52:37Z</time><speed>10.420</speed><sat>15</sat></trkpt>
  <trkpt lat="13.82206456" lon="100.53191791"><ele>-25.140</ele><time>2025-01-19T02:52:38Z</time><speed>10.890</speed><sat>16</sat></trkpt>
  <trkpt lat="13.82210084" lon="100.53182092"><ele>-26.032</ele><time>2025-01-19T02:52:39Z</time><speed>10.680</speed><sat>16</sat></trkpt>
  <trkpt lat="13.82217304" lon="100.53174116"><ele>-24.764</ele><time>2025-01-19T02:52:40Z</time><speed>10.970</speed><sat>16</sat></trkpt>
  <trkpt lat="13.82218398" lon="100.53163807"><ele>-24.492</ele><time>2025-01-19T02:52:41Z</time><speed>12.060</speed><sat>16</sat></trkpt>
  <trkpt lat="13.82220021" lon="100.53152099"><ele>-25.092</ele><time>2025-01-19T02:52:42Z</time><speed>11.980</speed><sat>16</sat></trkpt>
  <trkpt lat="13.82220950" lon="100.53141142"><ele>-24.263</ele><time>2025-01-19T02:52:43Z</time><speed>11.840</speed><sat>16</sat></trkpt>
  <trkpt lat="13.82220070" lon="100.53129842"><ele>-22.549</ele><time>2025-01-19T02:52:44Z</time><speed>12.150</speed><sat>15</sat></trkpt>
  <trkpt lat="13.82221761" lon="100.53117521"><ele>-23.283</ele><time>2025-01-19T02:52:45Z</time><speed>13.210</speed><sat>18</sat></trkpt>
  <trkpt lat="13.82223467" lon="100.53105197"><ele>-23.192</ele><time>2025-01-19T02:52:46Z</time><speed>12.350</speed><sat>19</sat></trkpt>
  <trkpt lat="13.82225991" lon="100.53093100"><ele>-23.059</ele><time>2025-01-19T02:52:47Z</time><speed>13.300</speed><sat>19</sat></trkpt>
  <trkpt lat="13.82226020" lon="100.53080888"><ele>-24.661</ele><time>2025-01-19T02:52:48Z</time><speed>12.820</speed><sat>19</sat></trkpt>
  <trkpt lat="13.82223932" lon="100.53067680"><ele>-24.349</ele><time>2025-01-19T02:52:49Z</time><speed>13.680</speed><sat>20</sat></trkpt>
  <trkpt lat="13.82227257" lon="100.53054137"><ele>-24.701</ele><time>2025-01-19T02:52:50Z</time><speed>14.540</speed><sat>19</sat></trkpt>
  <trkpt lat="13.82227846" lon="100.53041662"><ele>-24.746</ele><time>2025-01-19T02:52:51Z</time><speed>13.690</speed><sat>19</sat></trkpt>
  <trkpt lat="13.82225314" lon="100.53031021"><ele>-24.533</ele><time>2025-01-19T02:52:52Z</time><speed>12.440</speed><sat>17</sat></trkpt>
  <trkpt lat="13.82227048" lon="100.53018764"><ele>-25.115</ele><time>2025-01-19T02:52:53Z</time><speed>12.890</speed><sat>17</sat></trkpt>
  <trkpt lat="13.82228520" lon="100.53005827"><ele>-25.584</ele><time>2025-01-19T02:52:54Z</time><speed>14.020</speed><sat>16</sat></trkpt>
  <trkpt lat="13.82230659" lon="100.52992401"><ele>-24.390</ele><time>2025-01-19T02:52:55Z</time><speed>14.170</speed><sat>14</sat></trkpt>
  <trkpt lat="13.82232366" lon="100.52979958"><ele>-24.021</ele><time>2025-01-19T02:52:56Z</time><speed>13.870</speed><sat>15</sat></trkpt>
  <trkpt lat="13.82236155" lon="100.52968604"><ele>-23.800</ele><time>2025-01-19T02:52:57Z</time><speed>13.500</speed><sat>14</sat></trkpt>
  <trkpt lat="13.82236364" lon="100.52953378"><ele>-24.222</ele><time>2025-01-19T02:52:58Z</time><speed>14.900</speed><sat>14</sat></trkpt>
  <trkpt lat="13.82239269" lon="100.52942051"><ele>-24.114</ele><time>2025-01-19T02:52:59Z</time><speed>13.960</speed><sat>15</sat></trkpt>
  <trkpt lat="13.82240752" lon="100.52929451"><ele>-24.590</ele><time>2025-01-19T02:53:00Z</time><speed>14.220</speed><sat>15</sat></trkpt>
  <trkpt lat="13.82242958" lon="100.52916143"><ele>-23.285</ele><time>2025-01-19T02:53:01Z</time><speed>14.610</speed><sat>16</sat></trkpt>
  <trkpt lat="13.82241849" lon="100.52903777"><ele>-23.602</ele><time>2025-01-19T02:53:02Z</time><speed>14.060</speed><sat>16</sat></trkpt>
  <trkpt lat="13.82238381" lon="100.52885920"><ele>-23.072</ele><time>2025-01-19T02:53:03Z</time><speed>15.730</speed><sat>16</sat></trkpt>
  <trkpt lat="13.82235976" lon="100.52874182"><ele>-22.362</ele><time>2025-01-19T02:53:04Z</time><speed>14.500</speed><sat>16</sat></trkpt>
  <trkpt lat="13.82239316" lon="100.52861739"><ele>-22.781</ele><time>2025-01-19T02:53:05Z</time><speed>14.470</speed><sat>16</sat></trkpt>
  <trkpt lat="13.82239753" lon="100.52847761"><ele>-21.761</ele><time>2025-01-19T02:53:06Z</time><speed>15.770</speed><sat>16</sat></trkpt>
  <trkpt lat="13.82238186" lon="100.52833613"><ele>-21.931</ele><time>2025-01-19T02:53:07Z</time><speed>15.290</speed><sat>16</sat></trkpt>
  <trkpt lat="13.82236556" lon="100.52818705"><ele>-21.434</ele><time>2025-01-19T02:53:08Z</time><speed>15.380</speed><sat>16</sat></trkpt>
  <trkpt lat="13.82235123" lon="100.52801719"><ele>-21.554</ele><time>2025-01-19T02:53:09Z</time><speed>15.870</speed><sat>16</sat></trkpt>
  <trkpt lat="13.82232826" lon="100.52783652"><ele>-22.325</ele><time>2025-01-19T02:53:10Z</time><speed>16.400</speed><sat>17</sat></trkpt>
  <trkpt lat="13.82229465" lon="100.52768252"><ele>-23.537</ele><time>2025-01-19T02:53:11Z</time><speed>15.860</speed><sat>17</sat></trkpt>
  <trkpt lat="13.82226502" lon="100.52751413"><ele>-22.799</ele><time>2025-01-19T02:53:12Z</time><speed>16.310</speed><sat>18</sat></trkpt>
  <trkpt lat="13.82223999" lon="100.52735684"><ele>-22.215</ele><time>2025-01-19T02:53:13Z</time><speed>16.710</speed><sat>18</sat></trkpt>
  <trkpt lat="13.82220015" lon="100.52717683"><ele>-24.218</ele><time>2025-01-19T02:53:14Z</time><speed>16.780</speed><sat>19</sat></trkpt>
  <trkpt lat="13.82216432" lon="100.52699501"><ele>-24.023</ele><time>2025-01-19T02:53:15Z</time><speed>17.140</speed><sat>19</sat></trkpt>
  <trkpt lat="13.82212867" lon="100.52684357"><ele>-25.944</ele><time>2025-01-19T02:53:16Z</time><speed>16.680</speed><sat>18</sat></trkpt>
  <trkpt lat="13.82209583" lon="100.52669279"><ele>-26.061</ele><time>2025-01-19T02:53:17Z</time><speed>16.800</speed><sat>18</sat></trkpt>
  <trkpt lat="13.82202047" lon="100.52652671"><ele>-26.730</ele><time>2025-01-19T02:53:18Z</time><speed>17.330</speed><sat>18</sat></trkpt>
  <trkpt lat="13.82197022" lon="100.52638006"><ele>-26.252</ele><time>2025-01-19T02:53:19Z</time><speed>17.030</speed><sat>19</sat></trkpt>
  <trkpt lat="13.82192781" lon="100.52623400"><ele>-25.808</ele><time>2025-01-19T02:53:20Z</time><speed>16.930</speed><sat>19</sat></trkpt>
  <trkpt lat="13.82190741" lon="100.52608177"><ele>-23.680</ele><time>2025-01-19T02:53:21Z</time><speed>17.290</speed><sat>19</sat></trkpt>
  <trkpt lat="13.82185244" lon="100.52593925"><ele>-24.055</ele><time>2025-01-19T02:53:22Z</time><speed>17.140</speed><sat>19</sat></trkpt>
  <trkpt lat="13.82179760" lon="100.52579983"><ele>-25.630</ele><time>2025-01-19T02:53:23Z</time><speed>17.140</speed><sat>19</sat></trkpt>
  <trkpt lat="13.82175228" lon="100.52564323"><ele>-25.169</ele><time>2025-01-19T02:53:24Z</time><speed>17.330</speed><sat>18</sat></trkpt>
  <trkpt lat="13.82169873" lon="100.52549487"><ele>-24.208</ele><time>2025-01-19T02:53:25Z</time><speed>17.460</speed><sat>18</sat></trkpt>
  <trkpt lat="13.82163627" lon="100.52534331"><ele>-22.775</ele><time>2025-01-19T02:53:26Z</time><speed>17.410</speed><sat>18</sat></trkpt>
  <trkpt lat="13.82156996" lon="100.52518763"><ele>-22.086</ele><time>2025-01-19T02:53:27Z</time><speed>17.460</speed><sat>19</sat></trkpt>
  <trkpt lat="13.82151329" lon="100.52503688"><ele>-23.317</ele><time>2025-01-19T02:53:28Z</time><speed>17.570</speed><sat>19</sat></trkpt>
  <trkpt lat="13.82143972" lon="100.52489261"><ele>-21.389</ele><time>2025-01-19T02:53:29Z</time><speed>17.600</speed><sat>19</sat></trkpt>
  <trkpt lat="13.82136848" lon="100.52475047"><ele>-21.070</ele><time>2025-01-19T02:53:30Z</time><speed>17.730</speed><sat>18</sat></trkpt>
  <trkpt lat="13.82130095" lon="100.52460578"><ele>-21.474</ele><time>2025-01-19T02:53:31Z</time><speed>17.880</speed><sat>18</sat></trkpt>
  <trkpt lat="13.82123347" lon="100.52445494"><ele>-21.673</ele><time>2025-01-19T02:53:32Z</time><speed>18.080</speed><sat>17</sat></trkpt>
  <trkpt lat="13.82116602" lon="100.52430322"><ele>-21.899</ele><time>2025-01-19T02:53:33Z</time><speed>18.130</speed><sat>17</sat></trkpt>
  <trkpt lat="13.82107280" lon="100.52415895"><ele>-23.050</ele><time>2025-01-19T02:53:34Z</time><speed>18.130</speed><sat>16</sat></trkpt>
  <trkpt lat="13.82099773" lon="100.52400852"><ele>-22.475</ele><time>2025-01-19T02:53:35Z</time><speed>18.340</speed><sat>15</sat></trkpt>
  <trkpt lat="13.82091025" lon="100.52386518"><ele>-23.325</ele><time>2025-01-19T02:53:36Z</time><speed>18.330</speed><sat>14</sat></trkpt>
  <trkpt lat="13.82081555" lon="100.52372354"><ele>-23.770</ele><time>2025-01-19T02:53:37Z</time><speed>18.440</speed><sat>14</sat></trkpt>
  <trkpt lat="13.82072178" lon="100.52358280"><ele>-24.624</ele><time>2025-01-19T02:53:38Z</time><speed>18.560</speed><sat>10</sat></trkpt>
  <trkpt lat="13.82061574" lon="100.52345564"><ele>-24.936</ele><time>2025-01-19T02:53:39Z</time><speed>18.450</speed><sat>9</sat></trkpt>
  <trkpt lat="13.82049693" lon="100.52333297"><ele>-26.304</ele><time>2025-01-19T02:53:40Z</time><speed>18.570</speed><sat>9</sat></trkpt>
  <trkpt lat="13.82039472" lon="100.52320372"><ele>-25.873</ele><time>2025-01-19T02:53:41Z</time><speed>18.340</speed><sat>9</sat></trkpt>
  <trkpt lat="13.82028767" lon="100.52307423"><ele>-26.514</ele><time>2025-01-19T02:53:42Z</time><speed>18.570</speed><sat>10</sat></trkpt>
  <trkpt lat="13.82019291" lon="100.52293470"><ele>-26.265</ele><time>2025-01-19T02:53:43Z</time><speed>18.430</speed><sat>10</sat></trkpt>
  <trkpt lat="13.82008913" lon="100.52280217"><ele>-25.966</ele><time>2025-01-19T02:53:44Z</time><speed>18.520</speed><sat>10</sat></trkpt>
  <trkpt lat="13.81999034" lon="100.52266257"><ele>-25.607</ele><time>2025-01-19T02:53:45Z</time><speed>18.430</speed><sat>9</sat></trkpt>
  <trkpt lat="13.81990223" lon="100.52251349"><ele>-25.240</ele><time>2025-01-19T02:53:46Z</time><speed>18.530</speed><sat>7</sat></trkpt>
  <trkpt lat="13.81979761" lon="100.52238224"><ele>-25.378</ele><time>2025-01-19T02:53:47Z</time><speed>18.490</speed><sat>7</sat></trkpt>
  <trkpt lat="13.81968996" lon="100.52225315"><ele>-25.605</ele><time>2025-01-19T02:53:48Z</time><speed>18.230</speed><sat>7</sat></trkpt>
  <trkpt lat="13.81959814" lon="100.52210079"><ele>-25.531</ele><time>2025-01-19T02:53:49Z</time><speed>18.310</speed><sat>8</sat></trkpt>
  <trkpt lat="13.81947789" lon="100.52196949"><ele>-25.453</ele><time>2025-01-19T02:53:50Z</time><speed>17.980</speed><sat>9</sat></trkpt>
  <trkpt lat="13.81935301" lon="100.52185567"><ele>-25.718</ele><time>2025-01-19T02:53:51Z</time><speed>17.860</speed><sat>9</sat></trkpt>
  <trkpt lat="13.81925073" lon="100.52173062"><ele>-25.570</ele><time>2025-01-19T02:53:52Z</time><speed>17.440</speed><sat>9</sat></trkpt>
  <trkpt lat="13.81913438" lon="100.52161772"><ele>-25.666</ele><time>2025-01-19T02:53:53Z</time><speed>17.260</speed><sat>10</sat></trkpt>
  <trkpt lat="13.81902504" lon="100.52149664"><ele>-25.751</ele><time>2025-01-19T02:53:54Z</time><speed>16.910</speed><sat>9</sat></trkpt>
  <trkpt lat="13.81892059" lon="100.52138356"><ele>-25.629</ele><time>2025-01-19T02:53:55Z</time><speed>16.780</speed><sat>8</sat></trkpt>
  <trkpt lat="13.81881604" lon="100.52127086"><ele>-25.176</ele><time>2025-01-19T02:53:56Z</time><speed>16.250</speed><sat>8</sat></trkpt>
  <trkpt lat="13.81872677" lon="100.52115554"><ele>-25.828</ele><time>2025-01-19T02:53:57Z</time><speed>16.120</speed><sat>8</sat></trkpt>
  <trkpt lat="13.81863143" lon="100.52104960"><ele>-25.678</ele><time>2025-01-19T02:53:58Z</time><speed>15.640</speed><sat>10</sat></trkpt>
  <trkpt lat="13.81852989" lon="100.52094607"><ele>-24.901</ele><time>2025-01-19T02:53:59Z</time><speed>15.460</speed><sat>10</sat></trkpt>
  <trkpt lat="13.81843243" lon="100.52084302"><ele>-24.473</ele><time>2025-01-19T02:54:00Z</time><speed>15.120</speed><sat>10</sat></trkpt>
  <trkpt lat="13.81832252" lon="100.52075343"><ele>-23.453</ele><time>2025-01-19T02:54:01Z</time><speed>14.820</speed><sat>11</sat></trkpt>
  <trkpt lat="13.81821901" lon="100.52066707"><ele>-22.529</ele><time>2025-01-19T02:54:02Z</time><speed>14.520</speed><sat>11</sat></trkpt>
  <trkpt lat="13.81812220" lon="100.52057788"><ele>-21.774</ele><time>2025-01-19T02:54:03Z</time><speed>14.290</speed><sat>11</sat></trkpt>
  <trkpt lat="13.81803312" lon="100.52048654"><ele>-21.309</ele><time>2025-01-19T02:54:04Z</time><speed>14.100</speed><sat>10</sat></trkpt>
  <trkpt lat="13.81795814" lon="100.52038541"><ele>-20.773</ele><time>2025-01-19T02:54:05Z</time><speed>13.940</speed><sat>10</sat></trkpt>
  <trkpt lat="13.81785524" lon="100.52030422"><ele>-20.859</ele><time>2025-01-19T02:54:06Z</time><speed>13.890</speed><sat>10</sat></trkpt>
  <trkpt lat="13.81775339" lon="100.52022568"><ele>-20.535</ele><time>2025-01-19T02:54:07Z</time><speed>13.880</speed><sat>10</sat></trkpt>
  <trkpt lat="13.81765214" lon="100.52014649"><ele>-20.368</ele><time>2025-01-19T02:54:08Z</time><speed>13.790</speed><sat>10</sat></trkpt>
  <trkpt lat="13.81755795" lon="100.52005990"><ele>-21.029</ele><time>2025-01-19T02:54:09Z</time><speed>13.810</speed><sat>10</sat></trkpt>
  <trkpt lat="13.81748499" lon="100.51996109"><ele>-19.647</ele><time>2025-01-19T02:54:10Z</time><speed>13.630</speed><sat>9</sat></trkpt>
  <trkpt lat="13.81736879" lon="100.51989550"><ele>-18.744</ele><time>2025-01-19T02:54:11Z</time><speed>13.490</speed><sat>8</sat></trkpt>
  <trkpt lat="13.81728999" lon="100.51980251"><ele>-18.370</ele><time>2025-01-19T02:54:12Z</time><speed>13.290</speed><sat>9</sat></trkpt>
  <trkpt lat="13.81721311" lon="100.51970996"><ele>-17.259</ele><time>2025-01-19T02:54:13Z</time><speed>13.210</speed><sat>9</sat></trkpt>
  <trkpt lat="13.81713597" lon="100.51960457"><ele>-17.170</ele><time>2025-01-19T02:54:14Z</time><speed>13.370</speed><sat>11</sat></trkpt>
  <trkpt lat="13.81705856" lon="100.51951980"><ele>-16.859</ele><time>2025-01-19T02:54:15Z</time><speed>12.990</speed><sat>11</sat></trkpt>
  <trkpt lat="13.81698424" lon="100.51943098"><ele>-16.777</ele><time>2025-01-19T02:54:16Z</time><speed>12.900</speed><sat>11</sat></trkpt>
  <trkpt lat="13.81690064" lon="100.51933806"><ele>-16.682</ele><time>2025-01-19T02:54:17Z</time><speed>12.970</speed><sat>12</sat></trkpt>
  <trkpt lat="13.81682246" lon="100.51924949"><ele>-16.382</ele><time>2025-01-19T02:54:18Z</time><speed>12.830</speed><sat>12</sat></trkpt>
  <trkpt lat="13.81674357" lon="100.51916050"><ele>-16.823</ele><time>2025-01-19T02:54:19Z</time><speed>12.690</speed><sat>12</sat></trkpt>
  <trkpt lat="13.81667000" lon="100.51907187"><ele>-16.490</ele><time>2025-01-19T02:54:20Z</time><speed>12.680</speed><sat>11</sat></trkpt>
  <trkpt lat="13.81658857" lon="100.51898879"><ele>-17.543</ele><time>2025-01-19T02:54:21Z</time><speed>12.590</speed><sat>11</sat></trkpt>
  <trkpt lat="13.81651466" lon="100.51889755"><ele>-17.383</ele><time>2025-01-19T02:54:22Z</time><speed>12.300</speed><sat>11</sat></trkpt>
  <trkpt lat="13.81643685" lon="100.51881557"><ele>-18.066</ele><time>2025-01-19T02:54:23Z</time><speed>12.200</speed><sat>11</sat></trkpt>
  <trkpt lat="13.81635509" lon="100.51873606"><ele>-17.819</ele><time>2025-01-19T02:54:24Z</time><speed>12.210</speed><sat>10</sat></trkpt>
  <trkpt lat="13.81628242" lon="100.51865538"><ele>-17.002</ele><time>2025-01-19T02:54:25Z</time><speed>12.040</speed><sat>11</sat></trkpt>
  <trkpt lat="13.81621336" lon="100.51856984"><ele>-15.605</ele><time>2025-01-19T02:54:26Z</time><speed>12.040</speed><sat>10</sat></trkpt>
  <trkpt lat="13.81618540" lon="100.51846815"><ele>-18.470</ele><time>2025-01-19T02:54:27Z</time><speed>11.830</speed><sat>10</sat></trkpt>
  <trkpt lat="13.81611391" lon="100.51838759"><ele>-18.113</ele><time>2025-01-19T02:54:28Z</time><speed>11.720</speed><sat>10</sat></trkpt>
  <trkpt lat="13.81604591" lon="100.51831124"><ele>-18.032</ele><time>2025-01-19T02:54:29Z</time><speed>11.580</speed><sat>10</sat></trkpt>
  <trkpt lat="13.81597296" lon="100.51823275"><ele>-17.527</ele><time>2025-01-19T02:54:30Z</time><speed>11.660</speed><sat>11</sat></trkpt>
  <trkpt lat="13.81590037" lon="100.51815160"><ele>-17.045</ele><time>2025-01-19T02:54:31Z</time><speed>11.630</speed><sat>11</sat></trkpt>
  <trkpt lat="13.81583067" lon="100.51806351"><ele>-16.943</ele><time>2025-01-19T02:54:32Z</time><speed>11.400</speed><sat>12</sat></trkpt>
  <trkpt lat="13.81576257" lon="100.51798325"><ele>-17.485</ele><time>2025-01-19T02:54:33Z</time><speed>11.580</speed><sat>12</sat></trkpt>
  <trkpt lat="13.81569582" lon="100.51790792"><ele>-16.648</ele><time>2025-01-19T02:54:34Z</time><speed>11.030</speed><sat>13</sat></trkpt>
  <trkpt lat="13.81559171" lon="100.51783243"><ele>-15.784</ele><time>2025-01-19T02:54:35Z</time><speed>12.770</speed><sat>11</sat></trkpt>
  <trkpt lat="13.81553543" lon="100.51776444"><ele>-18.091</ele><time>2025-01-19T02:54:36Z</time><speed>11.070</speed><sat>17</sat></trkpt>
  <trkpt lat="13.81546450" lon="100.51768568"><ele>-17.827</ele><time>2025-01-19T02:54:37Z</time><speed>11.360</speed><sat>19</sat></trkpt>
  <trkpt lat="13.81538637" lon="100.51761485"><ele>-17.777</ele><time>2025-01-19T02:54:38Z</time><speed>11.670</speed><sat>19</sat></trkpt>
  <trkpt lat="13.81531642" lon="100.51754403"><ele>-17.647</ele><time>2025-01-19T02:54:39Z</time><speed>11.180</speed><sat>21</sat></trkpt>
  <trkpt lat="13.81523336" lon="100.51746403"><ele>-16.981</ele><time>2025-01-19T02:54:40Z</time><speed>11.590</speed><sat>20</sat></trkpt>
  <trkpt lat="13.81516105" lon="100.51738598"><ele>-16.411</ele><time>2025-01-19T02:54:41Z</time><speed>11.480</speed><sat>21</sat></trkpt>
  <trkpt lat="13.81512075" lon="100.51729576"><ele>-16.823</ele><time>2025-01-19T02:54:42Z</time><speed>11.300</speed><sat>19</sat></trkpt>
  <trkpt lat="13.81506993" lon="100.51719170"><ele>-17.921</ele><time>2025-01-19T02:54:43Z</time><speed>11.930</speed><sat>17</sat></trkpt>
  <trkpt lat="13.81499491" lon="100.51712111"><ele>-18.823</ele><time>2025-01-19T02:54:44Z</time><speed>11.810</speed><sat>17</sat></trkpt>
  <trkpt lat="13.81490316" lon="100.51705991"><ele>-18.419</ele><time>2025-01-19T02:54:45Z</time><speed>11.850</speed><sat>19</sat></trkpt>
  <trkpt lat="13.81483086" lon="100.51697492"><ele>-17.995</ele><time>2025-01-19T02:54:46Z</time><speed>12.270</speed><sat>21</sat></trkpt>
  <trkpt lat="13.81474199" lon="100.51689228"><ele>-17.687</ele><time>2025-01-19T02:54:47Z</time><speed>12.070</speed><sat>20</sat></trkpt>
  <trkpt lat="13.81468073" lon="100.51680766"><ele>-18.802</ele><time>2025-01-19T02:54:48Z</time><speed>11.660</speed><sat>21</sat></trkpt>
  <trkpt lat="13.81459431" lon="100.51673218"><ele>-19.625</ele><time>2025-01-19T02:54:49Z</time><speed>12.010</speed><sat>22</sat></trkpt>
  <trkpt lat="13.81451870" lon="100.51666276"><ele>-18.752</ele><time>2025-01-19T02:54:50Z</time><speed>11.740</speed><sat>23</sat></trkpt>
  <trkpt lat="13.81443638" lon="100.51658561"><ele>-19.747</ele><time>2025-01-19T02:54:51Z</time><speed>11.490</speed><sat>23</sat></trkpt>
  <trkpt lat="13.81435873" lon="100.51649615"><ele>-21.163</ele><time>2025-01-19T02:54:52Z</time><speed>11.330</speed><sat>23</sat></trkpt>
  <trkpt lat="13.81427387" lon="100.51641829"><ele>-21.581</ele><time>2025-01-19T02:54:53Z</time><speed>11.840</speed><sat>23</sat></trkpt>
  <trkpt lat="13.81420008" lon="100.51635359"><ele>-21.640</ele><time>2025-01-19T02:54:54Z</time><speed>11.300</speed><sat>21</sat></trkpt>
  <trkpt lat="13.81412965" lon="100.51627138"><ele>-21.547</ele><time>2025-01-19T02:54:55Z</time><speed>11.880</speed><sat>21</sat></trkpt>
  <trkpt lat="13.81406472" lon="100.51620014"><ele>-20.430</ele><time>2025-01-19T02:54:56Z</time><speed>11.660</speed><sat>22</sat></trkpt>
  <trkpt lat="13.81398812" lon="100.51613493"><ele>-21.710</ele><time>2025-01-19T02:54:57Z</time><speed>10.950</speed><sat>20</sat></trkpt>
  <trkpt lat="13.81390696" lon="100.51605979"><ele>-21.030</ele><time>2025-01-19T02:54:58Z</time><speed>11.260</speed><sat>21</sat></trkpt>
  <trkpt lat="13.81384828" lon="100.51596892"><ele>-22.214</ele><time>2025-01-19T02:54:59Z</time><speed>10.740</speed><sat>21</sat></trkpt>
  <trkpt lat="13.81377000" lon="100.51586878"><ele>-23.484</ele><time>2025-01-19T02:55:00Z</time><speed>11.830</speed><sat>22</sat></trkpt>
  <trkpt lat="13.81368683" lon="100.51578115"><ele>-23.105</ele><time>2025-01-19T02:55:01Z</time><speed>11.710</speed><sat>23</sat></trkpt>
  <trkpt lat="13.81360520" lon="100.51568264"><ele>-25.886</ele><time>2025-01-19T02:55:02Z</time><speed>13.720</speed><sat>23</sat></trkpt>
  <trkpt lat="13.81354554" lon="100.51561321"><ele>-27.222</ele><time>2025-01-19T02:55:03Z</time><speed>10.980</speed><sat>23</sat></trkpt>
  <trkpt lat="13.81346440" lon="100.51553279"><ele>-27.328</ele><time>2025-01-19T02:55:04Z</time><speed>11.200</speed><sat>23</sat></trkpt>
  <trkpt lat="13.81337554" lon="100.51543903"><ele>-28.872</ele><time>2025-01-19T02:55:05Z</time><speed>11.940</speed><sat>22</sat></trkpt>
  <trkpt lat="13.81330471" lon="100.51535100"><ele>-29.242</ele><time>2025-01-19T02:55:06Z</time><speed>12.040</speed><sat>22</sat></trkpt>
  <trkpt lat="13.81322171" lon="100.51526959"><ele>-27.661</ele><time>2025-01-19T02:55:07Z</time><speed>12.200</speed><sat>22</sat></trkpt>
  <trkpt lat="13.81314990" lon="100.51517973"><ele>-27.479</ele><time>2025-01-19T02:55:08Z</time><speed>12.300</speed><sat>22</sat></trkpt>
  <trkpt lat="13.81307182" lon="100.51509417"><ele>-25.588</ele><time>2025-01-19T02:55:09Z</time><speed>13.470</speed><sat>22</sat></trkpt>
  <trkpt lat="13.81299056" lon="100.51500275"><ele>-25.042</ele><time>2025-01-19T02:55:10Z</time><speed>13.320</speed><sat>21</sat></trkpt>
  <trkpt lat="13.81290311" lon="100.51490434"><ele>-24.410</ele><time>2025-01-19T02:55:11Z</time><speed>13.290</speed><sat>21</sat></trkpt>
  <trkpt lat="13.81281334" lon="100.51480852"><ele>-24.563</ele><time>2025-01-19T02:55:12Z</time><speed>12.990</speed><sat>21</sat></trkpt>
  <trkpt lat="13.81272500" lon="100.51473005"><ele>-23.345</ele><time>2025-01-19T02:55:13Z</time><speed>12.990</speed><sat>22</sat></trkpt>
  <trkpt lat="13.81264753" lon="100.51461664"><ele>-23.381</ele><time>2025-01-19T02:55:14Z</time><speed>13.150</speed><sat>22</sat></trkpt>
  <trkpt lat="13.81256773" lon="100.51454284"><ele>-24.645</ele><time>2025-01-19T02:55:15Z</time><speed>11.650</speed><sat>22</sat></trkpt>
  <trkpt lat="13.81246982" lon="100.51443218"><ele>-25.266</ele><time>2025-01-19T02:55:16Z</time><speed>14.040</speed><sat>22</sat></trkpt>
  <trkpt lat="13.81236475" lon="100.51433445"><ele>-25.302</ele><time>2025-01-19T02:55:17Z</time><speed>14.510</speed><sat>21</sat></trkpt>
  <trkpt lat="13.81227850" lon="100.51424291"><ele>-26.341</ele><time>2025-01-19T02:55:18Z</time><speed>13.450</speed><sat>20</sat></trkpt>
  <trkpt lat="13.81220425" lon="100.51416052"><ele>-26.780</ele><time>2025-01-19T02:55:19Z</time><speed>11.970</speed><sat>21</sat></trkpt>
  <trkpt lat="13.81212042" lon="100.51407244"><ele>-25.289</ele><time>2025-01-19T02:55:20Z</time><speed>12.560</speed><sat>22</sat></trkpt>
  <trkpt lat="13.81203302" lon="100.51396809"><ele>-26.003</ele><time>2025-01-19T02:55:21Z</time><speed>13.070</speed><sat>22</sat></trkpt>
  <trkpt lat="13.81194283" lon="100.51387414"><ele>-25.003</ele><time>2025-01-19T02:55:22Z</time><speed>13.560</speed><sat>22</sat></trkpt>
  <trkpt lat="13.81184647" lon="100.51377353"><ele>-26.251</ele><time>2025-01-19T02:55:23Z</time><speed>13.570</speed><sat>20</sat></trkpt>
  <trkpt lat="13.81175206" lon="100.51366236"><ele>-27.195</ele><time>2025-01-19T02:55:24Z</time><speed>14.040</speed><sat>20</sat></trkpt>
  <trkpt lat="13.81167447" lon="100.51356071"><ele>-26.779</ele><time>2025-01-19T02:55:25Z</time><speed>13.520</speed><sat>20</sat></trkpt>
  <trkpt lat="13.81158244" lon="100.51347357"><ele>-26.749</ele><time>2025-01-19T02:55:26Z</time><speed>13.460</speed><sat>19</sat></trkpt>
  <trkpt lat="13.81153768" lon="100.51336366"><ele>-24.662</ele><time>2025-01-19T02:55:27Z</time><speed>13.380</speed><sat>19</sat></trkpt>
  <trkpt lat="13.81140755" lon="100.51325121"><ele>-24.285</ele><time>2025-01-19T02:55:28Z</time><speed>15.070</speed><sat>18</sat></trkpt>
  <trkpt lat="13.81128139" lon="100.51314982"><ele>-23.165</ele><time>2025-01-19T02:55:29Z</time><speed>14.480</speed><sat>18</sat></trkpt>
  <trkpt lat="13.81116819" lon="100.51305627"><ele>-22.545</ele><time>2025-01-19T02:55:30Z</time><speed>14.350</speed><sat>17</sat></trkpt>
  <trkpt lat="13.81108783" lon="100.51294471"><ele>-21.178</ele><time>2025-01-19T02:55:31Z</time><speed>14.290</speed><sat>16</sat></trkpt>
  <trkpt lat="13.81097625" lon="100.51284739"><ele>-20.331</ele><time>2025-01-19T02:55:32Z</time><speed>14.590</speed><sat>19</sat></trkpt>
  <trkpt lat="13.81091002" lon="100.51274585"><ele>-20.660</ele><time>2025-01-19T02:55:33Z</time><speed>14.080</speed><sat>20</sat></trkpt>
  <trkpt lat="13.81087445" lon="100.51261515"><ele>-22.073</ele><time>2025-01-19T02:55:34Z</time><speed>14.080</speed><sat>20</sat></trkpt>
  <trkpt lat="13.81078518" lon="100.51252675"><ele>-22.028</ele><time>2025-01-19T02:55:35Z</time><speed>13.910</speed><sat>19</sat></trkpt>
  <trkpt lat="13.81070289" lon="100.51242357"><ele>-21.605</ele><time>2025-01-19T02:55:36Z</time><speed>14.140</speed><sat>19</sat></trkpt>
  <trkpt lat="13.81062865" lon="100.51227177"><ele>-20.656</ele><time>2025-01-19T02:55:37Z</time><speed>15.770</speed><sat>19</sat></trkpt>
  <trkpt lat="13.81058407" lon="100.51217936"><ele>-20.528</ele><time>2025-01-19T02:55:38Z</time><speed>14.090</speed><sat>17</sat></trkpt>
  <trkpt lat="13.81045324" lon="100.51211020"><ele>-20.069</ele><time>2025-01-19T02:55:39Z</time><speed>13.910</speed><sat>17</sat></trkpt>
  <trkpt lat="13.81041447" lon="100.51200626"><ele>-20.803</ele><time>2025-01-19T02:55:40Z</time><speed>12.710</speed><sat>17</sat></trkpt>
  <trkpt lat="13.81031479" lon="100.51193852"><ele>-21.313</ele><time>2025-01-19T02:55:41Z</time><speed>13.410</speed><sat>16</sat></trkpt>
  <trkpt lat="13.81022457" lon="100.51184884"><ele>-21.433</ele><time>2025-01-19T02:55:42Z</time><speed>13.350</speed><sat>19</sat></trkpt>
  <trkpt lat="13.81015007" lon="100.51175254"><ele>-21.625</ele><time>2025-01-19T02:55:43Z</time><speed>13.240</speed><sat>23</sat></trkpt>
  <trkpt lat="13.81006050" lon="100.51166819"><ele>-22.092</ele><time>2025-01-19T02:55:44Z</time><speed>13.410</speed><sat>21</sat></trkpt>
  <trkpt lat="13.80997447" lon="100.51157004"><ele>-22.033</ele><time>2025-01-19T02:55:45Z</time><speed>13.730</speed><sat>20</sat></trkpt>
  <trkpt lat="13.80987604" lon="100.51149254"><ele>-21.869</ele><time>2025-01-19T02:55:46Z</time><speed>13.260</speed><sat>20</sat></trkpt>
  <trkpt lat="13.80981686" lon="100.51141749"><ele>-23.229</ele><time>2025-01-19T02:55:47Z</time><speed>12.610</speed><sat>19</sat></trkpt>
  <trkpt lat="13.80971968" lon="100.51136433"><ele>-23.851</ele><time>2025-01-19T02:55:48Z</time><speed>12.940</speed><sat>18</sat></trkpt>
  <trkpt lat="13.80962938" lon="100.51128314"><ele>-22.678</ele><time>2025-01-19T02:55:49Z</time><speed>13.010</speed><sat>15</sat></trkpt>
  <trkpt lat="13.80955186" lon="100.51118964"><ele>-21.429</ele><time>2025-01-19T02:55:50Z</time><speed>12.810</speed><sat>17</sat></trkpt>
  <trkpt lat="13.80945888" lon="100.51110508"><ele>-21.470</ele><time>2025-01-19T02:55:51Z</time><speed>13.190</speed><sat>17</sat></trkpt>
  <trkpt lat="13.80937481" lon="100.51101235"><ele>-22.031</ele><time>2025-01-19T02:55:52Z</time><speed>13.080</speed><sat>20</sat></trkpt>
  <trkpt lat="13.80929425" lon="100.51091655"><ele>-21.895</ele><time>2025-01-19T02:55:53Z</time><speed>13.180</speed><sat>21</sat></trkpt>
  <trkpt lat="13.80920721" lon="100.51082622"><ele>-20.379</ele><time>2025-01-19T02:55:54Z</time><speed>13.130</speed><sat>22</sat></trkpt>
  <trkpt lat="13.80912288" lon="100.51073329"><ele>-19.732</ele><time>2025-01-19T02:55:55Z</time><speed>13.050</speed><sat>22</sat></trkpt>
  <trkpt lat="13.80904224" lon="100.51064557"><ele>-19.847</ele><time>2025-01-19T02:55:56Z</time><speed>13.280</speed><sat>21</sat></trkpt>
  <trkpt lat="13.80895639" lon="100.51055088"><ele>-19.926</ele><time>2025-01-19T02:55:57Z</time><speed>13.450</speed><sat>21</sat></trkpt>
  <trkpt lat="13.80886485" lon="100.51046044"><ele>-19.364</ele><time>2025-01-19T02:55:58Z</time><speed>13.790</speed><sat>20</sat></trkpt>
  <trkpt lat="13.80877612" lon="100.51036852"><ele>-19.255</ele><time>2025-01-19T02:55:59Z</time><speed>13.900</speed><sat>20</sat></trkpt>
  <trkpt lat="13.80869027" lon="100.51027919"><ele>-19.174</ele><time>2025-01-19T02:56:00Z</time><speed>13.700</speed><sat>18</sat></trkpt>
  <trkpt lat="13.80857159" lon="100.51019500"><ele>-18.113</ele><time>2025-01-19T02:56:01Z</time><speed>14.870</speed><sat>18</sat></trkpt>
  <trkpt lat="13.80849870" lon="100.51010467"><ele>-18.029</ele><time>2025-01-19T02:56:02Z</time><speed>13.400</speed><sat>20</sat></trkpt>
  <trkpt lat="13.80841165" lon="100.51001478"><ele>-17.798</ele><time>2025-01-19T02:56:03Z</time><speed>13.720</speed><sat>19</sat></trkpt>
  <trkpt lat="13.80832681" lon="100.50992152"><ele>-17.878</ele><time>2025-01-19T02:56:04Z</time><speed>13.900</speed><sat>19</sat></trkpt>
  <trkpt lat="13.80823483" lon="100.50981685"><ele>-17.884</ele><time>2025-01-19T02:56:05Z</time><speed>14.090</speed><sat>19</sat></trkpt>
  <trkpt lat="13.80814531" lon="100.50972098"><ele>-17.042</ele><time>2025-01-19T02:56:06Z</time><speed>14.290</speed><sat>19</sat></trkpt>
  <trkpt lat="13.80805708" lon="100.50962442"><ele>-17.082</ele><time>2025-01-19T02:56:07Z</time><speed>14.510</speed><sat>18</sat></trkpt>
  <trkpt lat="13.80796648" lon="100.50952343"><ele>-17.042</ele><time>2025-01-19T02:56:08Z</time><speed>14.700</speed><sat>10</sat></trkpt>
  <trkpt lat="13.80786415" lon="100.50942652"><ele>-15.804</ele><time>2025-01-19T02:56:09Z</time><speed>15.050</speed><sat>9</sat></trkpt>
  <trkpt lat="13.80778105" lon="100.50932363"><ele>-16.626</ele><time>2025-01-19T02:56:10Z</time><speed>15.120</speed><sat>13</sat></trkpt>
  <trkpt lat="13.80768087" lon="100.50922199"><ele>-16.138</ele><time>2025-01-19T02:56:11Z</time><speed>15.330</speed><sat>18</sat></trkpt>
  <trkpt lat="13.80758836" lon="100.50911648"><ele>-16.562</ele><time>2025-01-19T02:56:12Z</time><speed>15.590</speed><sat>18</sat></trkpt>
  <trkpt lat="13.80750586" lon="100.50900759"><ele>-16.152</ele><time>2025-01-19T02:56:13Z</time><speed>15.800</speed><sat>19</sat></trkpt>
  <trkpt lat="13.80740859" lon="100.50890052"><ele>-16.152</ele><time>2025-01-19T02:56:14Z</time><speed>15.990</speed><sat>18</sat></trkpt>
  <trkpt lat="13.80731100" lon="100.50879186"><ele>-16.314</ele><time>2025-01-19T02:56:15Z</time><speed>16.140</speed><sat>18</sat></trkpt>
  <trkpt lat="13.80720599" lon="100.50868146"><ele>-16.166</ele><time>2025-01-19T02:56:16Z</time><speed>16.270</speed><sat>19</sat></trkpt>
  <trkpt lat="13.80709821" lon="100.50857294"><ele>-16.209</ele><time>2025-01-19T02:56:17Z</time><speed>16.530</speed><sat>18</sat></trkpt>
  <trkpt lat="13.80699907" lon="100.50845828"><ele>-16.176</ele><time>2025-01-19T02:56:18Z</time><speed>16.690</speed><sat>18</sat></trkpt>
  <trkpt lat="13.80689891" lon="100.50833965"><ele>-16.157</ele><time>2025-01-19T02:56:19Z</time><speed>16.860</speed><sat>20</sat></trkpt>
  <trkpt lat="13.80679830" lon="100.50822214"><ele>-16.514</ele><time>2025-01-19T02:56:20Z</time><speed>16.940</speed><sat>20</sat></trkpt>
  <trkpt lat="13.80669182" lon="100.50810509"><ele>-16.755</ele><time>2025-01-19T02:56:21Z</time><speed>17.110</speed><sat>20</sat></trkpt>
  <trkpt lat="13.80659954" lon="100.50797741"><ele>-17.282</ele><time>2025-01-19T02:56:22Z</time><speed>17.250</speed><sat>19</sat></trkpt>
  <trkpt lat="13.80649152" lon="100.50785875"><ele>-17.869</ele><time>2025-01-19T02:56:23Z</time><speed>17.400</speed><sat>20</sat></trkpt>
  <trkpt lat="13.80638743" lon="100.50773903"><ele>-17.948</ele><time>2025-01-19T02:56:24Z</time><speed>17.590</speed><sat>20</sat></trkpt>
  <trkpt lat="13.80627992" lon="100.50762347"><ele>-17.736</ele><time>2025-01-19T02:56:25Z</time><speed>17.710</speed><sat>18</sat></trkpt>
  <trkpt lat="13.80617141" lon="100.50750351"><ele>-17.890</ele><time>2025-01-19T02:56:26Z</time><speed>17.790</speed><sat>19</sat></trkpt>
  <trkpt lat="13.80605968" lon="100.50738365"><ele>-18.014</ele><time>2025-01-19T02:56:27Z</time><speed>17.940</speed><sat>20</sat></trkpt>
  <trkpt lat="13.80594877" lon="100.50726158"><ele>-18.298</ele><time>2025-01-19T02:56:28Z</time><speed>18.060</speed><sat>20</sat></trkpt>
  <trkpt lat="13.80583527" lon="100.50714010"><ele>-17.751</ele><time>2025-01-19T02:56:29Z</time><speed>18.240</speed><sat>20</sat></trkpt>
  <trkpt lat="13.80572639" lon="100.50701676"><ele>-18.065</ele><time>2025-01-19T02:56:30Z</time><speed>18.420</speed><sat>19</sat></trkpt>
  <trkpt lat="13.80561642" lon="100.50689252"><ele>-18.182</ele><time>2025-01-19T02:56:31Z</time><speed>18.560</speed><sat>18</sat></trkpt>
  <trkpt lat="13.80550149" lon="100.50676373"><ele>-18.477</ele><time>2025-01-19T02:56:32Z</time><speed>18.620</speed><sat>18</sat></trkpt>
  <trkpt lat="13.80537927" lon="100.50664139"><ele>-17.713</ele><time>2025-01-19T02:56:33Z</time><speed>18.940</speed><sat>19</sat></trkpt>
  <trkpt lat="13.80525798" lon="100.50651454"><ele>-17.404</ele><time>2025-01-19T02:56:34Z</time><speed>19.180</speed><sat>19</sat></trkpt>
  <trkpt lat="13.80513611" lon="100.50638933"><ele>-17.201</ele><time>2025-01-19T02:56:35Z</time><speed>19.480</speed><sat>18</sat></trkpt>
  <trkpt lat="13.80501311" lon="100.50625913"><ele>-16.979</ele><time>2025-01-19T02:56:36Z</time><speed>19.450</speed><sat>18</sat></trkpt>
  <trkpt lat="13.80490626" lon="100.50612287"><ele>-17.645</ele><time>2025-01-19T02:56:37Z</time><speed>19.230</speed><sat>17</sat></trkpt>
  <trkpt lat="13.80478418" lon="100.50599148"><ele>-17.689</ele><time>2025-01-19T02:56:38Z</time><speed>19.470</speed><sat>17</sat></trkpt>
  <trkpt lat="13.80466586" lon="100.50585741"><ele>-17.104</ele><time>2025-01-19T02:56:39Z</time><speed>19.680</speed><sat>17</sat></trkpt>
  <trkpt lat="13.80455160" lon="100.50572190"><ele>-18.014</ele><time>2025-01-19T02:56:40Z</time><speed>19.640</speed><sat>17</sat></trkpt>
  <trkpt lat="13.80443697" lon="100.50558464"><ele>-18.538</ele><time>2025-01-19T02:56:41Z</time><speed>19.720</speed><sat>17</sat></trkpt>
  <trkpt lat="13.80431060" lon="100.50545110"><ele>-18.719</ele><time>2025-01-19T02:56:42Z</time><speed>19.900</speed><sat>18</sat></trkpt>
  <trkpt lat="13.80418878" lon="100.50531214"><ele>-18.635</ele><time>2025-01-19T02:56:43Z</time><speed>20.030</speed><sat>19</sat></trkpt>
  <trkpt lat="13.80405665" lon="100.50518094"><ele>-18.041</ele><time>2025-01-19T02:56:44Z</time><speed>20.200</speed><sat>18</sat></trkpt>
  <trkpt lat="13.80393349" lon="100.50504176"><ele>-17.959</ele><time>2025-01-19T02:56:45Z</time><speed>20.230</speed><sat>17</sat></trkpt>
  <trkpt lat="13.80381190" lon="100.50490177"><ele>-18.002</ele><time>2025-01-19T02:56:46Z</time><speed>20.150</speed><sat>18</sat></trkpt>
  <trkpt lat="13.80368666" lon="100.50476499"><ele>-17.255</ele><time>2025-01-19T02:56:47Z</time><speed>20.120</speed><sat>18</sat></trkpt>
  <trkpt lat="13.80356471" lon="100.50461795"><ele>-17.759</ele><time>2025-01-19T02:56:48Z</time><speed>20.340</speed><sat>19</sat></trkpt>
  <trkpt lat="13.80343797" lon="100.50448260"><ele>-17.039</ele><time>2025-01-19T02:56:49Z</time><speed>19.980</speed><sat>19</sat></trkpt>
  <trkpt lat="13.80334332" lon="100.50433858"><ele>-19.106</ele><time>2025-01-19T02:56:50Z</time><speed>20.210</speed><sat>19</sat></trkpt>
  <trkpt lat="13.80321717" lon="100.50419884"><ele>-18.687</ele><time>2025-01-19T02:56:51Z</time><speed>20.190</speed><sat>20</sat></trkpt>
  <trkpt lat="13.80309382" lon="100.50406481"><ele>-18.752</ele><time>2025-01-19T02:56:52Z</time><speed>20.270</speed><sat>19</sat></trkpt>
  <trkpt lat="13.80297293" lon="100.50392781"><ele>-18.692</ele><time>2025-01-19T02:56:53Z</time><speed>20.210</speed><sat>17</sat></trkpt>
  <trkpt lat="13.80284847" lon="100.50378837"><ele>-18.589</ele><time>2025-01-19T02:56:54Z</time><speed>20.140</speed><sat>16</sat></trkpt>
  <trkpt lat="13.80272520" lon="100.50365198"><ele>-19.230</ele><time>2025-01-19T02:56:55Z</time><speed>20.080</speed><sat>16</sat></trkpt>
  <trkpt lat="13.80261093" lon="100.50351124"><ele>-19.942</ele><time>2025-01-19T02:56:56Z</time><speed>19.970</speed><sat>16</sat></trkpt>
  <trkpt lat="13.80248368" lon="100.50337800"><ele>-19.877</ele><time>2025-01-19T02:56:57Z</time><speed>19.870</speed><sat>16</sat></trkpt>
  <trkpt lat="13.80236899" lon="100.50324710"><ele>-20.953</ele><time>2025-01-19T02:56:58Z</time><speed>19.670</speed><sat>15</sat></trkpt>
  <trkpt lat="13.80225937" lon="100.50310734"><ele>-21.242</ele><time>2025-01-19T02:56:59Z</time><speed>19.610</speed><sat>16</sat></trkpt>
  <trkpt lat="13.80214438" lon="100.50297378"><ele>-21.224</ele><time>2025-01-19T02:57:00Z</time><speed>19.510</speed><sat>17</sat></trkpt>
  <trkpt lat="13.80202549" lon="100.50284502"><ele>-21.044</ele><time>2025-01-19T02:57:01Z</time><speed>19.320</speed><sat>17</sat></trkpt>
  <trkpt lat="13.80191494" lon="100.50271011"><ele>-21.966</ele><time>2025-01-19T02:57:02Z</time><speed>19.270</speed><sat>18</sat></trkpt>
  <trkpt lat="13.80180619" lon="100.50257778"><ele>-22.709</ele><time>2025-01-19T02:57:03Z</time><speed>18.980</speed><sat>18</sat></trkpt>
  <trkpt lat="13.80168130" lon="100.50245615"><ele>-22.780</ele><time>2025-01-19T02:57:04Z</time><speed>18.840</speed><sat>18</sat></trkpt>
  <trkpt lat="13.80156922" lon="100.50232588"><ele>-22.306</ele><time>2025-01-19T02:57:05Z</time><speed>18.660</speed><sat>18</sat></trkpt>
  <trkpt lat="13.80146300" lon="100.50220157"><ele>-21.747</ele><time>2025-01-19T02:57:06Z</time><speed>17.600</speed><sat>18</sat></trkpt>
  <trkpt lat="13.80136439" lon="100.50207561"><ele>-21.993</ele><time>2025-01-19T02:57:07Z</time><speed>17.430</speed><sat>19</sat></trkpt>
  <trkpt lat="13.80125551" lon="100.50194105"><ele>-22.331</ele><time>2025-01-19T02:57:08Z</time><speed>18.360</speed><sat>17</sat></trkpt>
  <trkpt lat="13.80117551" lon="100.50182668"><ele>-21.656</ele><time>2025-01-19T02:57:09Z</time><speed>16.650</speed><sat>15</sat></trkpt>
  <trkpt lat="13.80108204" lon="100.50169158"><ele>-21.324</ele><time>2025-01-19T02:57:10Z</time><speed>17.850</speed><sat>15</sat></trkpt>
  <trkpt lat="13.80100286" lon="100.50155591"><ele>-21.350</ele><time>2025-01-19T02:57:11Z</time><speed>17.320</speed><sat>15</sat></trkpt>
  <trkpt lat="13.80091573" lon="100.50142201"><ele>-21.392</ele><time>2025-01-19T02:57:12Z</time><speed>16.800</speed><sat>15</sat></trkpt>
  <trkpt lat="13.80083833" lon="100.50129620"><ele>-20.108</ele><time>2025-01-19T02:57:13Z</time><speed>15.590</speed><sat>18</sat></trkpt>
  <trkpt lat="13.80076652" lon="100.50118936"><ele>-20.841</ele><time>2025-01-19T02:57:14Z</time><speed>15.920</speed><sat>17</sat></trkpt>
  <trkpt lat="13.80068819" lon="100.50106780"><ele>-22.200</ele><time>2025-01-19T02:57:15Z</time><speed>15.780</speed><sat>18</sat></trkpt>
  <trkpt lat="13.80062484" lon="100.50095082"><ele>-22.226</ele><time>2025-01-19T02:57:16Z</time><speed>15.810</speed><sat>18</sat></trkpt>
  <trkpt lat="13.80053804" lon="100.50083879"><ele>-22.325</ele><time>2025-01-19T02:57:17Z</time><speed>15.790</speed><sat>18</sat></trkpt>
  <trkpt lat="13.80046177" lon="100.50069551"><ele>-22.307</ele><time>2025-01-19T02:57:18Z</time><speed>17.400</speed><sat>18</sat></trkpt>
  <trkpt lat="13.80041537" lon="100.50058927"><ele>-22.916</ele><time>2025-01-19T02:57:19Z</time><speed>14.970</speed><sat>17</sat></trkpt>
  <trkpt lat="13.80035646" lon="100.50043498"><ele>-22.857</ele><time>2025-01-19T02:57:20Z</time><speed>16.060</speed><sat>17</sat></trkpt>
 </trkseg>
</trk>

</gpx>
 