<?xml version="1.0" encoding="UTF-8"?>
<!-- Created with BasicAirData GPS Logger for Android - ver. 3.2.3 -->
<!-- Track 46 = 7007 TrackPoints + 0 Placemarks -->

<!-- Track Statistics (based on Total Time | Time in Movement): -->
<!--  Distance = 149.5 km -->
<!--  Duration = 03:41:06 | 02:59:06 -->
<!--  Altitude Gap = -177 m -->
<!--  Max Speed = 93 km/h -->
<!--  Avg Speed = 40.6 | 50.1 km/h -->
<!--  Direction = WSW -->
<!--  Activity = car -->
<!--  Altitudes = Raw -->

<gpx version="1.0"
     creator="BasicAirData GPS Logger 3.2.3"
     xmlns="http://www.topografix.com/GPX/1/0"
     xmlns:xsi="http://www.w3.org/2001/XMLSchema-instance"
     xsi:schemaLocation="http://www.topografix.com/GPX/1/0 http://www.topografix.com/GPX/1/0/gpx.xsd">
<name>GPS Logger 20250114-074545</name>
<time>2025-01-20T08:40:14Z</time>
<keywords>car</keywords>
<bounds minlat="14.51989799" minlon="100.91489864" maxlat="14.99013959" maxlon="102.09806667" />

<trk>
 <name>Track 20250114-074545</name>
 <trkseg>
  <trkpt lat="14.97844365" lon="102.09806667"><ele>171.031</ele><time>2025-01-14T00:45:45.777Z</time><speed>0.000</speed><sat>10</sat></trkpt>
  <trkpt lat="14.97854727" lon="102.09794800"><ele>173.784</ele><time>2025-01-14T00:45:47Z</time><speed>0.000</speed><sat>14</sat></trkpt>
  <trkpt lat="14.97853165" lon="102.09790079"><ele>170.514</ele><time>2025-01-14T00:45:48Z</time><speed>0.000</speed><sat>15</sat></trkpt>
  <trkpt lat="14.97853092" lon="102.09787398"><ele>169.635</ele><time>2025-01-14T00:45:49Z</time><speed>0.000</speed><sat>10</sat></trkpt>
  <trkpt lat="14.97852989" lon="102.09786241"><ele>166.986</ele><time>2025-01-14T00:45:50Z</time><speed>0.000</speed><sat>13</sat></trkpt>
  <trkpt lat="14.97854909" lon="102.09781925"><ele>157.614</ele><time>2025-01-14T00:45:51Z</time><speed>0.000</speed><sat>13</sat></trkpt>
  <trkpt lat="14.97854837" lon="102.09780618"><ele>156.125</ele><time>2025-01-14T00:45:52Z</time><speed>0.000</speed><sat>13</sat></trkpt>
  <trkpt lat="14.97854623" lon="102.09779659"><ele>154.159</ele><time>2025-01-14T00:45:53Z</time><speed>0.000</speed><sat>12</sat></trkpt>
  <trkpt lat="14.97853628" lon="102.09778389"><ele>148.107</ele><time>2025-01-14T00:45:54Z</time><speed>0.000</speed><sat>14</sat></trkpt>
  <trkpt lat="14.97853495" lon="102.09779586"><ele>151.933</ele><time>2025-01-14T00:45:55Z</time><speed>0.000</speed><sat>14</sat></trkpt>
  <trkpt lat="14.97853490" lon="102.09779269"><ele>150.547</ele><time>2025-01-14T00:45:56Z</time><speed>0.000</speed><sat>10</sat></trkpt>
  <trkpt lat="14.97853528" lon="102.09779232"><ele>150.195</ele><time>2025-01-14T00:45:57Z</time><speed>0.000</speed><sat>8</sat></trkpt>
  <trkpt lat="14.97853366" lon="102.09779610"><ele>151.355</ele><time>2025-01-14T00:45:58Z</time><speed>0.000</speed><sat>6</sat></trkpt>
  <trkpt lat="14.97852966" lon="102.09779870"><ele>152.358</ele><time>2025-01-14T00:45:59Z</time><speed>0.000</speed><sat>5</sat></trkpt>
  <trkpt lat="14.97852720" lon="102.09779966"><ele>152.661</ele><time>2025-01-14T00:46:00Z</time><speed>0.000</speed><sat>6</sat></trkpt>
  <trkpt lat="14.97852160" lon="102.09779918"><ele>152.759</ele><time>2025-01-14T00:46:01Z</time><speed>0.000</speed><sat>6</sat></trkpt>
  <trkpt lat="14.97853501" lon="102.09780612"><ele>152.104</ele><time>2025-01-14T00:46:02Z</time><speed>0.000</speed><sat>6</sat></trkpt>
  <trkpt lat="14.97852790" lon="102.09784200"><ele>153.058</ele><time>2025-01-14T00:46:03Z</time><speed>0.000</speed><sat>11</sat></trkpt>
  <trkpt lat="14.97851726" lon="102.09782956"><ele>154.299</ele><time>2025-01-14T00:46:04Z</time><speed>0.000</speed><sat>17</sat></trkpt>
  <trkpt lat="14.97851400" lon="102.09780861"><ele>153.816</ele><time>2025-01-14T00:46:05Z</time><speed>0.000</speed><sat>16</sat></trkpt>
  <trkpt lat="14.97850334" lon="102.09776920"><ele>135.807</ele><time>2025-01-14T00:46:06Z</time><speed>0.000</speed><sat>14</sat></trkpt>
  <trkpt lat="14.97848982" lon="102.09773597"><ele>141.618</ele><time>2025-01-14T00:46:07Z</time><speed>0.000</speed><sat>14</sat></trkpt>
  <trkpt lat="14.97847397" lon="102.09770043"><ele>142.126</ele><time>2025-01-14T00:46:08Z</time><speed>0.000</speed><sat>20</sat></trkpt>
  <trkpt lat="14.97845163" lon="102.09765448"><ele>140.656</ele><time>2025-01-14T00:46:09Z</time><speed>0.000</speed><sat>20</sat></trkpt>
  <trkpt lat="14.97843182" lon="102.09762105"><ele>137.495</ele><time>2025-01-14T00:46:10Z</time><speed>0.000</speed><sat>24</sat></trkpt>
  <trkpt lat="14.97843408" lon="102.09760797"><ele>140.340</ele><time>2025-01-14T00:46:11Z</time><speed>0.000</speed><sat>20</sat></trkpt>
  <trkpt lat="14.97843451" lon="102.09758946"><ele>142.553</ele><time>2025-01-14T00:46:12Z</time><speed>0.000</speed><sat>21</sat></trkpt>
  <trkpt lat="14.97843519" lon="102.09757792"><ele>143.447</ele><time>2025-01-14T00:46:13Z</time><speed>0.000</speed><sat>21</sat></trkpt>
  <trkpt lat="14.97843488" lon="102.09756936"><ele>146.166</ele><time>2025-01-14T00:46:14Z</time><speed>0.000</speed><sat>22</sat></trkpt>
  <trkpt lat="14.97843622" lon="102.09755860"><ele>146.214</ele><time>2025-01-14T00:46:15Z</time><speed>0.000</speed><sat>23</sat></trkpt>
  <trkpt lat="14.97843621" lon="102.09755268"><ele>144.941</ele><time>2025-01-14T00:46:16Z</time><speed>0.000</speed><sat>23</sat></trkpt>
  <trkpt lat="14.97844333" lon="102.09754045"><ele>145.667</ele><time>2025-01-14T00:46:17Z</time><speed>0.000</speed><sat>22</sat></trkpt>
  <trkpt lat="14.97844891" lon="102.09753476"><ele>145.362</ele><time>2025-01-14T00:46:18Z</time><speed>0.000</speed><sat>21</sat></trkpt>
  <trkpt lat="14.97845651" lon="102.09752942"><ele>145.675</ele><time>2025-01-14T00:46:19Z</time><speed>0.000</speed><sat>22</sat></trkpt>
  <trkpt lat="14.97846257" lon="102.09752319"><ele>145.590</ele><time>2025-01-14T00:46:20Z</time><speed>0.000</speed><sat>19</sat></trkpt>
  <trkpt lat="14.97846020" lon="102.09752270"><ele>145.911</ele><time>2025-01-14T00:46:21Z</time><speed>0.000</speed><sat>21</sat></trkpt>
  <trkpt lat="14.97845130" lon="102.09752203"><ele>145.126</ele><time>2025-01-14T00:46:22Z</time><speed>0.000</speed><sat>18</sat></trkpt>
  <trkpt lat="14.97845298" lon="102.09752682"><ele>145.034</ele><time>2025-01-14T00:46:23Z</time><speed>0.000</speed><sat>19</sat></trkpt>
  <trkpt lat="14.97845286" lon="102.09753051"><ele>144.462</ele><time>2025-01-14T00:46:24Z</time><speed>0.551</speed><sat>21</sat></trkpt>
  <trkpt lat="14.97845385" lon="102.09752761"><ele>144.264</ele><time>2025-01-14T00:46:25Z</time><speed>0.410</speed><sat>18</sat></trkpt>
  <trkpt lat="14.97845395" lon="102.09752741"><ele>144.676</ele><time>2025-01-14T00:46:26Z</time><speed>0.178</speed><sat>18</sat></trkpt>
  <trkpt lat="14.97845400" lon="102.09752736"><ele>145.252</ele><time>2025-01-14T00:46:27Z</time><speed>0.101</speed><sat>17</sat></trkpt>
  <trkpt lat="14.97845398" lon="102.09752723"><ele>145.591</ele><time>2025-01-14T00:46:28Z</time><speed>0.063</speed><sat>18</sat></trkpt>
  <trkpt lat="14.97845406" lon="102.09752739"><ele>145.793</ele><time>2025-01-14T00:46:29Z</time><speed>0.046</speed><sat>18</sat></trkpt>
  <trkpt lat="14.97845403" lon="102.09752739"><ele>145.980</ele><time>2025-01-14T00:46:30Z</time><speed>0.028</speed><sat>19</sat></trkpt>
  <trkpt lat="14.97845402" lon="102.09752768"><ele>146.430</ele><time>2025-01-14T00:46:31Z</time><speed>0.029</speed><sat>18</sat></trkpt>
  <trkpt lat="14.97845410" lon="102.09752764"><ele>146.539</ele><time>2025-01-14T00:46:32Z</time><speed>0.023</speed><sat>15</sat></trkpt>
  <trkpt lat="14.97845413" lon="102.09752746"><ele>146.492</ele><time>2025-01-14T00:46:33Z</time><speed>0.020</speed><sat>14</sat></trkpt>
  <trkpt lat="14.97845414" lon="102.09752780"><ele>146.202</ele><time>2025-01-14T00:46:34Z</time><speed>0.052</speed><sat>15</sat></trkpt>
  <trkpt lat="14.97845440" lon="102.09752766"><ele>146.245</ele><time>2025-01-14T00:46:35Z</time><speed>0.041</speed><sat>16</sat></trkpt>
  <trkpt lat="14.97845456" lon="102.09752629"><ele>146.288</ele><time>2025-01-14T00:46:36Z</time><speed>0.062</speed><sat>12</sat></trkpt>
  <trkpt lat="14.97845413" lon="102.09752607"><ele>146.264</ele><time>2025-01-14T00:46:37Z</time><speed>0.064</speed><sat>13</sat></trkpt>
  <trkpt lat="14.97845366" lon="102.09752419"><ele>146.308</ele><time>2025-01-14T00:46:38Z</time><speed>0.117</speed><sat>17</sat></trkpt>
  <trkpt lat="14.97845321" lon="102.09752279"><ele>146.406</ele><time>2025-01-14T00:46:39Z</time><speed>0.105</speed><sat>18</sat></trkpt>
  <trkpt lat="14.97845259" lon="102.09752366"><ele>146.103</ele><time>2025-01-14T00:46:40Z</time><speed>0.105</speed><sat>14</sat></trkpt>
  <trkpt lat="14.97845315" lon="102.09752305"><ele>146.022</ele><time>2025-01-14T00:46:41Z</time><speed>0.089</speed><sat>14</sat></trkpt>
  <trkpt lat="14.97845304" lon="102.09752305"><ele>145.599</ele><time>2025-01-14T00:46:42Z</time><speed>0.051</speed><sat>13</sat></trkpt>
  <trkpt lat="14.97845280" lon="102.09752290"><ele>145.441</ele><time>2025-01-14T00:46:43Z</time><speed>0.034</speed><sat>14</sat></trkpt>
  <trkpt lat="14.97845234" lon="102.09752313"><ele>145.492</ele><time>2025-01-14T00:46:44Z</time><speed>0.026</speed><sat>14</sat></trkpt>
  <trkpt lat="14.97845271" lon="102.09752347"><ele>145.563</ele><time>2025-01-14T00:46:45Z</time><speed>0.041</speed><sat>18</sat></trkpt>
  <trkpt lat="14.97845258" lon="102.09752283"><ele>145.407</ele><time>2025-01-14T00:46:46Z</time><speed>0.046</speed><sat>19</sat></trkpt>
  <trkpt lat="14.97845191" lon="102.09752279"><ele>145.600</ele><time>2025-01-14T00:46:47Z</time><speed>0.030</speed><sat>16</sat></trkpt>
  <trkpt lat="14.97845186" lon="102.09752259"><ele>145.154</ele><time>2025-01-14T00:46:48Z</time><speed>0.020</speed><sat>15</sat></trkpt>
  <trkpt lat="14.97845162" lon="102.09752249"><ele>144.845</ele><time>2025-01-14T00:46:49Z</time><speed>0.017</speed><sat>15</sat></trkpt>
  <trkpt lat="14.97845121" lon="102.09752251"><ele>144.521</ele><time>2025-01-14T00:46:50Z</time><speed>0.017</speed><sat>17</sat></trkpt>
  <trkpt lat="14.97845077" lon="102.09752256"><ele>144.522</ele><time>2025-01-14T00:46:51Z</time><speed>0.026</speed><sat>17</sat></trkpt>
  <trkpt lat="14.97845059" lon="102.09752235"><ele>144.510</ele><time>2025-01-14T00:46:52Z</time><speed>0.017</speed><sat>16</sat></trkpt>
  <trkpt lat="14.97845066" lon="102.09752234"><ele>144.192</ele><time>2025-01-14T00:46:53Z</time><speed>0.014</speed><sat>13</sat></trkpt>
  <trkpt lat="14.97845151" lon="102.09752230"><ele>144.052</ele><time>2025-01-14T00:46:54Z</time><speed>0.060</speed><sat>17</sat></trkpt>
  <trkpt lat="14.97845257" lon="102.09752140"><ele>144.095</ele><time>2025-01-14T00:46:55Z</time><speed>0.077</speed><sat>18</sat></trkpt>
  <trkpt lat="14.97845261" lon="102.09752123"><ele>144.126</ele><time>2025-01-14T00:46:56Z</time><speed>0.048</speed><sat>17</sat></trkpt>
  <trkpt lat="14.97845165" lon="102.09752092"><ele>143.747</ele><time>2025-01-14T00:46:57Z</time><speed>0.076</speed><sat>15</sat></trkpt>
  <trkpt lat="14.97845054" lon="102.09752174"><ele>143.967</ele><time>2025-01-14T00:46:58Z</time><speed>0.099</speed><sat>15</sat></trkpt>
  <trkpt lat="14.97845034" lon="102.09752221"><ele>143.892</ele><time>2025-01-14T00:46:59Z</time><speed>0.075</speed><sat>17</sat></trkpt>
  <trkpt lat="14.97845131" lon="102.09751653"><ele>143.506</ele><time>2025-01-14T00:47:00Z</time><speed>0.059</speed><sat>14</sat></trkpt>
  <trkpt lat="14.97844895" lon="102.09751550"><ele>143.596</ele><time>2025-01-14T00:47:01Z</time><speed>0.066</speed><sat>15</sat></trkpt>
  <trkpt lat="14.97845448" lon="102.09750916"><ele>142.726</ele><time>2025-01-14T00:47:02Z</time><speed>0.487</speed><sat>15</sat></trkpt>
  <trkpt lat="14.97845997" lon="102.09750367"><ele>142.760</ele><time>2025-01-14T00:47:03Z</time><speed>0.550</speed><sat>13</sat></trkpt>
  <trkpt lat="14.97845831" lon="102.09750380"><ele>142.793</ele><time>2025-01-14T00:47:04Z</time><speed>0.357</speed><sat>16</sat></trkpt>
  <trkpt lat="14.97845781" lon="102.09750384"><ele>142.718</ele><time>2025-01-14T00:47:05Z</time><speed>0.192</speed><sat>14</sat></trkpt>
  <trkpt lat="14.97845703" lon="102.09750331"><ele>142.672</ele><time>2025-01-14T00:47:06Z</time><speed>0.113</speed><sat>14</sat></trkpt>
  <trkpt lat="14.97845560" lon="102.09750253"><ele>142.719</ele><time>2025-01-14T00:47:07Z</time><speed>0.264</speed><sat>14</sat></trkpt>
  <trkpt lat="14.97845505" lon="102.09750286"><ele>142.791</ele><time>2025-01-14T00:47:08Z</time><speed>0.164</speed><sat>14</sat></trkpt>
  <trkpt lat="14.97845489" lon="102.09750233"><ele>142.658</ele><time>2025-01-14T00:47:09Z</time><speed>0.113</speed><sat>14</sat></trkpt>
  <trkpt lat="14.97845427" lon="102.09750322"><ele>142.699</ele><time>2025-01-14T00:47:10Z</time><speed>0.094</speed><sat>15</sat></trkpt>
  <trkpt lat="14.97845338" lon="102.09750400"><ele>142.718</ele><time>2025-01-14T00:47:11Z</time><speed>0.231</speed><sat>13</sat></trkpt>
  <trkpt lat="14.97845090" lon="102.09750356"><ele>142.635</ele><time>2025-01-14T00:47:12Z</time><speed>0.199</speed><sat>13</sat></trkpt>
  <trkpt lat="14.97844918" lon="102.09750393"><ele>142.404</ele><time>2025-01-14T00:47:13Z</time><speed>0.220</speed><sat>13</sat></trkpt>
  <trkpt lat="14.97844949" lon="102.09749905"><ele>142.542</ele><time>2025-01-14T00:47:14Z</time><speed>0.327</speed><sat>12</sat></trkpt>
  <trkpt lat="14.97845081" lon="102.09749823"><ele>142.583</ele><time>2025-01-14T00:47:15Z</time><speed>0.283</speed><sat>15</sat></trkpt>
  <trkpt lat="14.97844613" lon="102.09750102"><ele>142.616</ele><time>2025-01-14T00:47:16Z</time><speed>0.159</speed><sat>16</sat></trkpt>
  <trkpt lat="14.97844629" lon="102.09750073"><ele>142.543</ele><time>2025-01-14T00:47:17Z</time><speed>0.095</speed><sat>15</sat></trkpt>
  <trkpt lat="14.97844633" lon="102.09750087"><ele>142.743</ele><time>2025-01-14T00:47:18Z</time><speed>0.111</speed><sat>14</sat></trkpt>
  <trkpt lat="14.97844574" lon="102.09750197"><ele>142.744</ele><time>2025-01-14T00:47:19Z</time><speed>0.091</speed><sat>16</sat></trkpt>
  <trkpt lat="14.97844590" lon="102.09750281"><ele>142.730</ele><time>2025-01-14T00:47:20Z</time><speed>0.062</speed><sat>13</sat></trkpt>
  <trkpt lat="14.97844595" lon="102.09750306"><ele>142.693</ele><time>2025-01-14T00:47:21Z</time><speed>0.050</speed><sat>13</sat></trkpt>
  <trkpt lat="14.97844601" lon="102.09750333"><ele>142.759</ele><time>2025-01-14T00:47:22Z</time><speed>0.030</speed><sat>14</sat></trkpt>
  <trkpt lat="14.97844605" lon="102.09750349"><ele>142.813</ele><time>2025-01-14T00:47:23Z</time><speed>0.021</speed><sat>13</sat></trkpt>
  <trkpt lat="14.97844612" lon="102.09750376"><ele>142.782</ele><time>2025-01-14T00:47:24Z</time><speed>0.017</speed><sat>14</sat></trkpt>
  <trkpt lat="14.97844569" lon="102.09750452"><ele>142.969</ele><time>2025-01-14T00:47:25Z</time><speed>0.041</speed><sat>15</sat></trkpt>
  <trkpt lat="14.97844556" lon="102.09750460"><ele>142.977</ele><time>2025-01-14T00:47:26Z</time><speed>0.027</speed><sat>14</sat></trkpt>
  <trkpt lat="14.97844546" lon="102.09750487"><ele>142.975</ele><time>2025-01-14T00:47:27Z</time><speed>0.026</speed><sat>13</sat></trkpt>
  <trkpt lat="14.97844561" lon="102.09750489"><ele>143.122</ele><time>2025-01-14T00:47:28Z</time><speed>0.020</speed><sat>12</sat></trkpt>
  <trkpt lat="14.97844559" lon="102.09750503"><ele>143.258</ele><time>2025-01-14T00:47:29Z</time><speed>0.022</speed><sat>13</sat></trkpt>
  <trkpt lat="14.97844567" lon="102.09750525"><ele>143.160</ele><time>2025-01-14T00:47:30Z</time><speed>0.021</speed><sat>14</sat></trkpt>
  <trkpt lat="14.97844550" lon="102.09750538"><ele>143.104</ele><time>2025-01-14T00:47:31Z</time><speed>0.030</speed><sat>16</sat></trkpt>
  <trkpt lat="14.97844568" lon="102.09750547"><ele>143.081</ele><time>2025-01-14T00:47:32Z</time><speed>0.026</speed><sat>14</sat></trkpt>
  <trkpt lat="14.97844580" lon="102.09750599"><ele>142.992</ele><time>2025-01-14T00:47:33Z</time><speed>0.035</speed><sat>14</sat></trkpt>
  <trkpt lat="14.97844594" lon="102.09750755"><ele>142.994</ele><time>2025-01-14T00:47:34Z</time><speed>0.023</speed><sat>14</sat></trkpt>
  <trkpt lat="14.97844601" lon="102.09750770"><ele>143.006</ele><time>2025-01-14T00:47:35Z</time><speed>0.021</speed><sat>13</sat></trkpt>
  <trkpt lat="14.97844602" lon="102.09750773"><ele>143.118</ele><time>2025-01-14T00:47:36Z</time><speed>0.013</speed><sat>14</sat></trkpt>
  <trkpt lat="14.97844615" lon="102.09750731"><ele>143.135</ele><time>2025-01-14T00:47:37Z</time><speed>0.018</speed><sat>13</sat></trkpt>
  <trkpt lat="14.97844610" lon="102.09750715"><ele>143.217</ele><time>2025-01-14T00:47:38Z</time><speed>0.015</speed><sat>13</sat></trkpt>
  <trkpt lat="14.97844598" lon="102.09750707"><ele>143.277</ele><time>2025-01-14T00:47:39Z</time><speed>0.014</speed><sat>14</sat></trkpt>
  <trkpt lat="14.97844591" lon="102.09750676"><ele>143.269</ele><time>2025-01-14T00:47:40Z</time><speed>0.011</speed><sat>14</sat></trkpt>
  <trkpt lat="14.97844619" lon="102.09750583"><ele>143.507</ele><time>2025-01-14T00:47:41Z</time><speed>0.008</speed><sat>14</sat></trkpt>
  <trkpt lat="14.97844492" lon="102.09750564"><ele>143.467</ele><time>2025-01-14T00:47:42Z</time><speed>0.009</speed><sat>13</sat></trkpt>
  <trkpt lat="14.97844494" lon="102.09750543"><ele>143.401</ele><time>2025-01-14T00:47:43Z</time><speed>0.018</speed><sat>15</sat></trkpt>
  <trkpt lat="14.97844483" lon="102.09750553"><ele>143.429</ele><time>2025-01-14T00:47:44Z</time><speed>0.016</speed><sat>16</sat></trkpt>
  <trkpt lat="14.97844397" lon="102.09750571"><ele>143.504</ele><time>2025-01-14T00:47:45Z</time><speed>0.020</speed><sat>16</sat></trkpt>
  <trkpt lat="14.97844380" lon="102.09750585"><ele>143.616</ele><time>2025-01-14T00:47:46Z</time><speed>0.015</speed><sat>16</sat></trkpt>
  <trkpt lat="14.97844374" lon="102.09750595"><ele>143.762</ele><time>2025-01-14T00:47:47Z</time><speed>0.013</speed><sat>13</sat></trkpt>
  <trkpt lat="14.97844121" lon="102.09750767"><ele>143.839</ele><time>2025-01-14T00:47:48Z</time><speed>0.011</speed><sat>15</sat></trkpt>
  <trkpt lat="14.97843986" lon="102.09750804"><ele>143.905</ele><time>2025-01-14T00:47:49Z</time><speed>0.219</speed><sat>14</sat></trkpt>
  <trkpt lat="14.97843657" lon="102.09750927"><ele>143.902</ele><time>2025-01-14T00:47:50Z</time><speed>0.169</speed><sat>14</sat></trkpt>
  <trkpt lat="14.97843578" lon="102.09751001"><ele>143.909</ele><time>2025-01-14T00:47:51Z</time><speed>0.108</speed><sat>12</sat></trkpt>
  <trkpt lat="14.97843504" lon="102.09751028"><ele>143.869</ele><time>2025-01-14T00:47:52Z</time><speed>0.109</speed><sat>16</sat></trkpt>
  <trkpt lat="14.97843474" lon="102.09750786"><ele>143.590</ele><time>2025-01-14T00:47:53Z</time><speed>0.062</speed><sat>13</sat></trkpt>
  <trkpt lat="14.97843380" lon="102.09750738"><ele>143.613</ele><time>2025-01-14T00:47:54Z</time><speed>0.059</speed><sat>15</sat></trkpt>
  <trkpt lat="14.97843376" lon="102.09750749"><ele>143.816</ele><time>2025-01-14T00:47:55Z</time><speed>0.046</speed><sat>17</sat></trkpt>
  <trkpt lat="14.97843354" lon="102.09750757"><ele>143.900</ele><time>2025-01-14T00:47:56Z</time><speed>0.060</speed><sat>17</sat></trkpt>
  <trkpt lat="14.97843209" lon="102.09750666"><ele>143.827</ele><time>2025-01-14T00:47:57Z</time><speed>0.139</speed><sat>16</sat></trkpt>
  <trkpt lat="14.97843415" lon="102.09750655"><ele>143.845</ele><time>2025-01-14T00:47:58Z</time><speed>0.310</speed><sat>18</sat></trkpt>
  <trkpt lat="14.97844277" lon="102.09750578"><ele>143.825</ele><time>2025-01-14T00:47:59Z</time><speed>0.362</speed><sat>16</sat></trkpt>
  <trkpt lat="14.97844982" lon="102.09749992"><ele>143.759</ele><time>2025-01-14T00:48:00Z</time><speed>0.464</speed><sat>15</sat></trkpt>
  <trkpt lat="14.97845342" lon="102.09749633"><ele>143.747</ele><time>2025-01-14T00:48:01Z</time><speed>0.641</speed><sat>14</sat></trkpt>
  <trkpt lat="14.97845899" lon="102.09749914"><ele>143.746</ele><time>2025-01-14T00:48:02Z</time><speed>0.685</speed><sat>15</sat></trkpt>
  <trkpt lat="14.97846691" lon="102.09750178"><ele>143.759</ele><time>2025-01-14T00:48:03Z</time><speed>0.757</speed><sat>14</sat></trkpt>
  <trkpt lat="14.97847251" lon="102.09750680"><ele>143.476</ele><time>2025-01-14T00:48:04Z</time><speed>0.760</speed><sat>14</sat></trkpt>
  <trkpt lat="14.97847986" lon="102.09750748"><ele>143.595</ele><time>2025-01-14T00:48:05Z</time><speed>0.735</speed><sat>15</sat></trkpt>
  <trkpt lat="14.97848588" lon="102.09750240"><ele>143.526</ele><time>2025-01-14T00:48:06Z</time><speed>0.767</speed><sat>13</sat></trkpt>
  <trkpt lat="14.97849156" lon="102.09749769"><ele>143.600</ele><time>2025-01-14T00:48:07Z</time><speed>0.771</speed><sat>12</sat></trkpt>
  <trkpt lat="14.97849642" lon="102.09749078"><ele>143.668</ele><time>2025-01-14T00:48:08Z</time><speed>0.813</speed><sat>14</sat></trkpt>
  <trkpt lat="14.97849988" lon="102.09748432"><ele>143.583</ele><time>2025-01-14T00:48:09Z</time><speed>0.838</speed><sat>10</sat></trkpt>
  <trkpt lat="14.97850482" lon="102.09747556"><ele>143.563</ele><time>2025-01-14T00:48:10Z</time><speed>0.892</speed><sat>12</sat></trkpt>
  <trkpt lat="14.97851225" lon="102.09746164"><ele>143.686</ele><time>2025-01-14T00:48:11Z</time><speed>0.997</speed><sat>10</sat></trkpt>
  <trkpt lat="14.97852395" lon="102.09745685"><ele>143.822</ele><time>2025-01-14T00:48:12Z</time><speed>1.037</speed><sat>12</sat></trkpt>
  <trkpt lat="14.97853540" lon="102.09745431"><ele>143.779</ele><time>2025-01-14T00:48:13Z</time><speed>1.054</speed><sat>13</sat></trkpt>
  <trkpt lat="14.97854600" lon="102.09744561"><ele>143.787</ele><time>2025-01-14T00:48:14Z</time><speed>1.087</speed><sat>13</sat></trkpt>
  <trkpt lat="14.97855521" lon="102.09743496"><ele>143.943</ele><time>2025-01-14T00:48:15Z</time><speed>1.118</speed><sat>12</sat></trkpt>
  <trkpt lat="14.97856298" lon="102.09742438"><ele>143.900</ele><time>2025-01-14T00:48:16Z</time><speed>1.137</speed><sat>11</sat></trkpt>
  <trkpt lat="14.97857051" lon="102.09741824"><ele>144.008</ele><time>2025-01-14T00:48:17Z</time><speed>1.127</speed><sat>12</sat></trkpt>
  <trkpt lat="14.97857897" lon="102.09742528"><ele>144.045</ele><time>2025-01-14T00:48:18Z</time><speed>1.125</speed><sat>11</sat></trkpt>
  <trkpt lat="14.97858737" lon="102.09743294"><ele>144.056</ele><time>2025-01-14T00:48:19Z</time><speed>1.122</speed><sat>11</sat></trkpt>
  <trkpt lat="14.97859381" lon="102.09743621"><ele>144.028</ele><time>2025-01-14T00:48:20Z</time><speed>1.031</speed><sat>14</sat></trkpt>
  <trkpt lat="14.97859525" lon="102.09743240"><ele>144.834</ele><time>2025-01-14T00:48:21Z</time><speed>0.935</speed><sat>13</sat></trkpt>
  <trkpt lat="14.97859589" lon="102.09743120"><ele>144.681</ele><time>2025-01-14T00:48:22Z</time><speed>0.367</speed><sat>13</sat></trkpt>
  <trkpt lat="14.97859868" lon="102.09743283"><ele>144.783</ele><time>2025-01-14T00:48:23Z</time><speed>0.700</speed><sat>15</sat></trkpt>
  <trkpt lat="14.97860518" lon="102.09744216"><ele>144.708</ele><time>2025-01-14T00:48:24Z</time><speed>0.986</speed><sat>9</sat></trkpt>
  <trkpt lat="14.97861584" lon="102.09745543"><ele>144.741</ele><time>2025-01-14T00:48:25Z</time><speed>1.284</speed><sat>11</sat></trkpt>
  <trkpt lat="14.97862390" lon="102.09746373"><ele>144.615</ele><time>2025-01-14T00:48:26Z</time><speed>1.268</speed><sat>12</sat></trkpt>
  <trkpt lat="14.97863072" lon="102.09747074"><ele>144.562</ele><time>2025-01-14T00:48:27Z</time><speed>1.211</speed><sat>10</sat></trkpt>
  <trkpt lat="14.97864754" lon="102.09748004"><ele>144.434</ele><time>2025-01-14T00:48:28Z</time><speed>1.374</speed><sat>12</sat></trkpt>
  <trkpt lat="14.97865817" lon="102.09747538"><ele>144.437</ele><time>2025-01-14T00:48:29Z</time><speed>1.322</speed><sat>12</sat></trkpt>
  <trkpt lat="14.97866516" lon="102.09747544"><ele>144.254</ele><time>2025-01-14T00:48:30Z</time><speed>1.203</speed><sat>13</sat></trkpt>
  <trkpt lat="14.97867569" lon="102.09747410"><ele>144.270</ele><time>2025-01-14T00:48:31Z</time><speed>1.171</speed><sat>13</sat></trkpt>
  <trkpt lat="14.97868314" lon="102.09747684"><ele>144.129</ele><time>2025-01-14T00:48:32Z</time><speed>1.055</speed><sat>11</sat></trkpt>
  <trkpt lat="14.97868938" lon="102.09747841"><ele>144.229</ele><time>2025-01-14T00:48:33Z</time><speed>0.963</speed><sat>14</sat></trkpt>
  <trkpt lat="14.97869558" lon="102.09747485"><ele>144.031</ele><time>2025-01-14T00:48:34Z</time><speed>0.438</speed><sat>14</sat></trkpt>
  <trkpt lat="14.97870024" lon="102.09747213"><ele>143.886</ele><time>2025-01-14T00:48:35Z</time><speed>0.439</speed><sat>11</sat></trkpt>
  <trkpt lat="14.97870717" lon="102.09747697"><ele>144.112</ele><time>2025-01-14T00:48:36Z</time><speed>0.411</speed><sat>14</sat></trkpt>
  <trkpt lat="14.97870782" lon="102.09748173"><ele>143.810</ele><time>2025-01-14T00:48:37Z</time><speed>0.366</speed><sat>17</sat></trkpt>
  <trkpt lat="14.97870404" lon="102.09748254"><ele>143.115</ele><time>2025-01-14T00:48:38Z</time><speed>0.334</speed><sat>16</sat></trkpt>
  <trkpt lat="14.97870477" lon="102.09748348"><ele>143.804</ele><time>2025-01-14T00:48:39Z</time><speed>0.213</speed><sat>17</sat></trkpt>
  <trkpt lat="14.97870565" lon="102.09748430"><ele>143.215</ele><time>2025-01-14T00:48:40Z</time><speed>0.203</speed><sat>19</sat></trkpt>
  <trkpt lat="14.97870485" lon="102.09748364"><ele>143.276</ele><time>2025-01-14T00:48:41Z</time><speed>0.134</speed><sat>18</sat></trkpt>
  <trkpt lat="14.97870682" lon="102.09747873"><ele>143.432</ele><time>2025-01-14T00:48:42Z</time><speed>0.265</speed><sat>14</sat></trkpt>
  <trkpt lat="14.97870977" lon="102.09746910"><ele>143.570</ele><time>2025-01-14T00:48:43Z</time><speed>0.971</speed><sat>17</sat></trkpt>
  <trkpt lat="14.97871610" lon="102.09745238"><ele>143.671</ele><time>2025-01-14T00:48:44Z</time><speed>1.391</speed><sat>15</sat></trkpt>
  <trkpt lat="14.97872362" lon="102.09744113"><ele>143.810</ele><time>2025-01-14T00:48:45Z</time><speed>1.395</speed><sat>17</sat></trkpt>
  <trkpt lat="14.97873416" lon="102.09743330"><ele>143.949</ele><time>2025-01-14T00:48:46Z</time><speed>1.382</speed><sat>17</sat></trkpt>
  <trkpt lat="14.97874456" lon="102.09743138"><ele>144.038</ele><time>2025-01-14T00:48:47Z</time><speed>1.309</speed><sat>15</sat></trkpt>
  <trkpt lat="14.97875444" lon="102.09742466"><ele>144.148</ele><time>2025-01-14T00:48:48Z</time><speed>1.283</speed><sat>16</sat></trkpt>
  <trkpt lat="14.97876268" lon="102.09741906"><ele>144.091</ele><time>2025-01-14T00:48:49Z</time><speed>1.228</speed><sat>16</sat></trkpt>
  <trkpt lat="14.97877157" lon="102.09741776"><ele>144.100</ele><time>2025-01-14T00:48:50Z</time><speed>1.170</speed><sat>16</sat></trkpt>
  <trkpt lat="14.97877844" lon="102.09741767"><ele>144.175</ele><time>2025-01-14T00:48:51Z</time><speed>1.094</speed><sat>16</sat></trkpt>
  <trkpt lat="14.97878066" lon="102.09742574"><ele>144.256</ele><time>2025-01-14T00:48:52Z</time><speed>1.051</speed><sat>17</sat></trkpt>
  <trkpt lat="14.97878477" lon="102.09743475"><ele>144.460</ele><time>2025-01-14T00:48:53Z</time><speed>0.964</speed><sat>16</sat></trkpt>
  <trkpt lat="14.97878042" lon="102.09743440"><ele>144.356</ele><time>2025-01-14T00:48:54Z</time><speed>0.843</speed><sat>15</sat></trkpt>
  <trkpt lat="14.97877941" lon="102.09743891"><ele>144.299</ele><time>2025-01-14T00:48:55Z</time><speed>0.203</speed><sat>17</sat></trkpt>
  <trkpt lat="14.97877948" lon="102.09743884"><ele>144.140</ele><time>2025-01-14T00:48:56Z</time><speed>0.118</speed><sat>15</sat></trkpt>
  <trkpt lat="14.97878090" lon="102.09743892"><ele>144.369</ele><time>2025-01-14T00:48:57Z</time><speed>0.136</speed><sat>15</sat></trkpt>
  <trkpt lat="14.97878274" lon="102.09743916"><ele>144.308</ele><time>2025-01-14T00:48:58Z</time><speed>0.095</speed><sat>17</sat></trkpt>
  <trkpt lat="14.97878307" lon="102.09743809"><ele>144.010</ele><time>2025-01-14T00:48:59Z</time><speed>0.098</speed><sat>15</sat></trkpt>
  <trkpt lat="14.97878184" lon="102.09743692"><ele>143.998</ele><time>2025-01-14T00:49:00Z</time><speed>0.124</speed><sat>15</sat></trkpt>
  <trkpt lat="14.97878106" lon="102.09744176"><ele>144.081</ele><time>2025-01-14T00:49:01Z</time><speed>0.183</speed><sat>16</sat></trkpt>
  <trkpt lat="14.97877743" lon="102.09744535"><ele>144.068</ele><time>2025-01-14T00:49:02Z</time><speed>0.117</speed><sat>16</sat></trkpt>
  <trkpt lat="14.97877601" lon="102.09744869"><ele>144.057</ele><time>2025-01-14T00:49:03Z</time><speed>0.090</speed><sat>15</sat></trkpt>
  <trkpt lat="14.97877579" lon="102.09745036"><ele>144.037</ele><time>2025-01-14T00:49:04Z</time><speed>0.055</speed><sat>12</sat></trkpt>
  <trkpt lat="14.97877511" lon="102.09745295"><ele>144.051</ele><time>2025-01-14T00:49:05Z</time><speed>0.039</speed><sat>12</sat></trkpt>
  <trkpt lat="14.97877487" lon="102.09745302"><ele>144.073</ele><time>2025-01-14T00:49:06Z</time><speed>0.028</speed><sat>12</sat></trkpt>
  <trkpt lat="14.97877470" lon="102.09745291"><ele>144.133</ele><time>2025-01-14T00:49:07Z</time><speed>0.024</speed><sat>12</sat></trkpt>
  <trkpt lat="14.97877408" lon="102.09745368"><ele>144.215</ele><time>2025-01-14T00:49:08Z</time><speed>0.021</speed><sat>12</sat></trkpt>
  <trkpt lat="14.97877421" lon="102.09745388"><ele>144.401</ele><time>2025-01-14T00:49:09Z</time><speed>0.015</speed><sat>13</sat></trkpt>
  <trkpt lat="14.97877416" lon="102.09745404"><ele>144.463</ele><time>2025-01-14T00:49:10Z</time><speed>0.015</speed><sat>12</sat></trkpt>
  <trkpt lat="14.97877446" lon="102.09745398"><ele>144.555</ele><time>2025-01-14T00:49:11Z</time><speed>0.017</speed><sat>12</sat></trkpt>
  <trkpt lat="14.97877467" lon="102.09745403"><ele>144.670</ele><time>2025-01-14T00:49:12Z</time><speed>0.012</speed><sat>11</sat></trkpt>
  <trkpt lat="14.97877483" lon="102.09745398"><ele>144.770</ele><time>2025-01-14T00:49:13Z</time><speed>0.010</speed><sat>11</sat></trkpt>
  <trkpt lat="14.97877530" lon="102.09745450"><ele>144.835</ele><time>2025-01-14T00:49:14Z</time><speed>0.033</speed><sat>11</sat></trkpt>
  <trkpt lat="14.97877550" lon="102.09745507"><ele>144.842</ele><time>2025-01-14T00:49:15Z</time><speed>0.040</speed><sat>11</sat></trkpt>
  <trkpt lat="14.97877601" lon="102.09745551"><ele>144.856</ele><time>2025-01-14T00:49:16Z</time><speed>0.026</speed><sat>11</sat></trkpt>
  <trkpt lat="14.97877596" lon="102.09745582"><ele>144.820</ele><time>2025-01-14T00:49:17Z</time><speed>0.017</speed><sat>13</sat></trkpt>
  <trkpt lat="14.97877624" lon="102.09745601"><ele>144.875</ele><time>2025-01-14T00:49:18Z</time><speed>0.012</speed><sat>16</sat></trkpt>
  <trkpt lat="14.97877658" lon="102.09745667"><ele>144.862</ele><time>2025-01-14T00:49:19Z</time><speed>0.027</speed><sat>14</sat></trkpt>
  <trkpt lat="14.97877695" lon="102.09745705"><ele>144.589</ele><time>2025-01-14T00:49:20Z</time><speed>0.026</speed><sat>15</sat></trkpt>
  <trkpt lat="14.97877713" lon="102.09745635"><ele>144.591</ele><time>2025-01-14T00:49:21Z</time><speed>0.082</speed><sat>15</sat></trkpt>
  <trkpt lat="14.97877874" lon="102.09745562"><ele>144.572</ele><time>2025-01-14T00:49:22Z</time><speed>0.058</speed><sat>15</sat></trkpt>
  <trkpt lat="14.97877844" lon="102.09745536"><ele>144.464</ele><time>2025-01-14T00:49:23Z</time><speed>0.045</speed><sat>14</sat></trkpt>
  <trkpt lat="14.97877820" lon="102.09745758"><ele>144.460</ele><time>2025-01-14T00:49:24Z</time><speed>0.237</speed><sat>15</sat></trkpt>
  <trkpt lat="14.97877853" lon="102.09745950"><ele>145.108</ele><time>2025-01-14T00:49:25Z</time><speed>0.333</speed><sat>17</sat></trkpt>
  <trkpt lat="14.97878067" lon="102.09745800"><ele>145.083</ele><time>2025-01-14T00:49:26Z</time><speed>0.185</speed><sat>16</sat></trkpt>
  <trkpt lat="14.97878245" lon="102.09745848"><ele>144.977</ele><time>2025-01-14T00:49:27Z</time><speed>0.112</speed><sat>19</sat></trkpt>
  <trkpt lat="14.97878281" lon="102.09745793"><ele>144.947</ele><time>2025-01-14T00:49:28Z</time><speed>0.088</speed><sat>18</sat></trkpt>
  <trkpt lat="14.97878370" lon="102.09745796"><ele>145.059</ele><time>2025-01-14T00:49:29Z</time><speed>0.060</speed><sat>18</sat></trkpt>
  <trkpt lat="14.97878432" lon="102.09745819"><ele>144.994</ele><time>2025-01-14T00:49:30Z</time><speed>0.044</speed><sat>18</sat></trkpt>
  <trkpt lat="14.97878456" lon="102.09745782"><ele>144.877</ele><time>2025-01-14T00:49:31Z</time><speed>0.038</speed><sat>18</sat></trkpt>
  <trkpt lat="14.97878463" lon="102.09745786"><ele>144.957</ele><time>2025-01-14T00:49:32Z</time><speed>0.028</speed><sat>16</sat></trkpt>
  <trkpt lat="14.97878503" lon="102.09745727"><ele>145.126</ele><time>2025-01-14T00:49:33Z</time><speed>0.026</speed><sat>18</sat></trkpt>
  <trkpt lat="14.97878565" lon="102.09745748"><ele>145.132</ele><time>2025-01-14T00:49:34Z</time><speed>0.030</speed><sat>21</sat></trkpt>
  <trkpt lat="14.97878563" lon="102.09745880"><ele>144.998</ele><time>2025-01-14T00:49:35Z</time><speed>0.064</speed><sat>20</sat></trkpt>
  <trkpt lat="14.97878574" lon="102.09745966"><ele>144.995</ele><time>2025-01-14T00:49:36Z</time><speed>0.037</speed><sat>19</sat></trkpt>
  <trkpt lat="14.97878576" lon="102.09745882"><ele>144.819</ele><time>2025-01-14T00:49:37Z</time><speed>0.061</speed><sat>19</sat></trkpt>
  <trkpt lat="14.97878534" lon="102.09745902"><ele>144.765</ele><time>2025-01-14T00:49:38Z</time><speed>0.060</speed><sat>22</sat></trkpt>
  <trkpt lat="14.97878527" lon="102.09746032"><ele>144.836</ele><time>2025-01-14T00:49:39Z</time><speed>0.110</speed><sat>19</sat></trkpt>
  <trkpt lat="14.97878537" lon="102.09746155"><ele>144.969</ele><time>2025-01-14T00:49:40Z</time><speed>0.076</speed><sat>21</sat></trkpt>
  <trkpt lat="14.97878607" lon="102.09746149"><ele>144.995</ele><time>2025-01-14T00:49:41Z</time><speed>0.044</speed><sat>22</sat></trkpt>
  <trkpt lat="14.97878761" lon="102.09746075"><ele>144.959</ele><time>2025-01-14T00:49:42Z</time><speed>0.038</speed><sat>24</sat></trkpt>
  <trkpt lat="14.97878863" lon="102.09746068"><ele>144.972</ele><time>2025-01-14T00:49:43Z</time><speed>0.033</speed><sat>24</sat></trkpt>
  <trkpt lat="14.97878884" lon="102.09746070"><ele>144.900</ele><time>2025-01-14T00:49:44Z</time><speed>0.044</speed><sat>22</sat></trkpt>
  <trkpt lat="14.97878311" lon="102.09745963"><ele>144.705</ele><time>2025-01-14T00:49:45Z</time><speed>0.305</speed><sat>18</sat></trkpt>
  <trkpt lat="14.97877691" lon="102.09745912"><ele>144.636</ele><time>2025-01-14T00:49:46Z</time><speed>0.394</speed><sat>19</sat></trkpt>
  <trkpt lat="14.97877202" lon="102.09745825"><ele>144.526</ele><time>2025-01-14T00:49:47Z</time><speed>0.406</speed><sat>17</sat></trkpt>
  <trkpt lat="14.97876763" lon="102.09745837"><ele>144.371</ele><time>2025-01-14T00:49:48Z</time><speed>0.470</speed><sat>19</sat></trkpt>
  <trkpt lat="14.97876707" lon="102.09746296"><ele>144.390</ele><time>2025-01-14T00:49:49Z</time><speed>0.326</speed><sat>21</sat></trkpt>
  <trkpt lat="14.97877285" lon="102.09746473"><ele>144.459</ele><time>2025-01-14T00:49:50Z</time><speed>0.227</speed><sat>21</sat></trkpt>
  <trkpt lat="14.97877106" lon="102.09746476"><ele>144.404</ele><time>2025-01-14T00:49:51Z</time><speed>0.183</speed><sat>21</sat></trkpt>
  <trkpt lat="14.97877180" lon="102.09746333"><ele>144.059</ele><time>2025-01-14T00:49:52Z</time><speed>0.114</speed><sat>20</sat></trkpt>
  <trkpt lat="14.97877127" lon="102.09746319"><ele>143.935</ele><time>2025-01-14T00:49:53Z</time><speed>0.083</speed><sat>20</sat></trkpt>
  <trkpt lat="14.97876881" lon="102.09746551"><ele>143.821</ele><time>2025-01-14T00:49:54Z</time><speed>0.088</speed><sat>20</sat></trkpt>
  <trkpt lat="14.97877235" lon="102.09746369"><ele>143.759</ele><time>2025-01-14T00:49:55Z</time><speed>0.278</speed><sat>20</sat></trkpt>
  <trkpt lat="14.97877734" lon="102.09745461"><ele>143.716</ele><time>2025-01-14T00:49:56Z</time><speed>0.497</speed><sat>17</sat></trkpt>
  <trkpt lat="14.97878034" lon="102.09743962"><ele>143.771</ele><time>2025-01-14T00:49:57Z</time><speed>0.794</speed><sat>18</sat></trkpt>
  <trkpt lat="14.97879289" lon="102.09742848"><ele>143.726</ele><time>2025-01-14T00:49:58Z</time><speed>1.282</speed><sat>18</sat></trkpt>
  <trkpt lat="14.97880923" lon="102.09742668"><ele>143.886</ele><time>2025-01-14T00:49:59Z</time><speed>1.521</speed><sat>14</sat></trkpt>
  <trkpt lat="14.97882970" lon="102.09742258"><ele>144.275</ele><time>2025-01-14T00:50:00Z</time><speed>1.787</speed><sat>15</sat></trkpt>
  <trkpt lat="14.97885316" lon="102.09742546"><ele>144.687</ele><time>2025-01-14T00:50:01Z</time><speed>2.019</speed><sat>17</sat></trkpt>
  <trkpt lat="14.97888069" lon="102.09742835"><ele>144.693</ele><time>2025-01-14T00:50:02Z</time><speed>2.255</speed><sat>14</sat></trkpt>
  <trkpt lat="14.97890605" lon="102.09743191"><ele>144.828</ele><time>2025-01-14T00:50:03Z</time><speed>2.371</speed><sat>15</sat></trkpt>
  <trkpt lat="14.97892924" lon="102.09743075"><ele>144.542</ele><time>2025-01-14T00:50:04Z</time><speed>2.410</speed><sat>13</sat></trkpt>
  <trkpt lat="14.97895353" lon="102.09742645"><ele>144.521</ele><time>2025-01-14T00:50:05Z</time><speed>2.457</speed><sat>13</sat></trkpt>
  <trkpt lat="14.97898027" lon="102.09742955"><ele>144.498</ele><time>2025-01-14T00:50:06Z</time><speed>2.526</speed><sat>9</sat></trkpt>
  <trkpt lat="14.97900836" lon="102.09743262"><ele>144.548</ele><time>2025-01-14T00:50:07Z</time><speed>2.600</speed><sat>8</sat></trkpt>
  <trkpt lat="14.97904086" lon="102.09743568"><ele>144.494</ele><time>2025-01-14T00:50:08Z</time><speed>2.718</speed><sat>9</sat></trkpt>
  <trkpt lat="14.97907855" lon="102.09743924"><ele>144.578</ele><time>2025-01-14T00:50:09Z</time><speed>2.881</speed><sat>9</sat></trkpt>
  <trkpt lat="14.97912029" lon="102.09743545"><ele>144.741</ele><time>2025-01-14T00:50:10Z</time><speed>3.068</speed><sat>8</sat></trkpt>
  <trkpt lat="14.97916333" lon="102.09743254"><ele>144.793</ele><time>2025-01-14T00:50:11Z</time><speed>3.241</speed><sat>8</sat></trkpt>
  <trkpt lat="14.97920273" lon="102.09742887"><ele>144.717</ele><time>2025-01-14T00:50:12Z</time><speed>3.354</speed><sat>7</sat></trkpt>
  <trkpt lat="14.97924045" lon="102.09742729"><ele>144.554</ele><time>2025-01-14T00:50:13Z</time><speed>3.431</speed><sat>7</sat></trkpt>
  <trkpt lat="14.97929690" lon="102.09742723"><ele>144.587</ele><time>2025-01-14T00:50:14Z</time><speed>3.087</speed><sat>8</sat></trkpt>
  <trkpt lat="14.97934362" lon="102.09742663"><ele>144.544</ele><time>2025-01-14T00:50:15Z</time><speed>3.895</speed><sat>7</sat></trkpt>
  <trkpt lat="14.97939250" lon="102.09742265"><ele>144.569</ele><time>2025-01-14T00:50:16Z</time><speed>4.303</speed><sat>8</sat></trkpt>
  <trkpt lat="14.97944640" lon="102.09741750"><ele>144.272</ele><time>2025-01-14T00:50:17Z</time><speed>4.654</speed><sat>8</sat></trkpt>
  <trkpt lat="14.97950156" lon="102.09741001"><ele>144.021</ele><time>2025-01-14T00:50:18Z</time><speed>4.898</speed><sat>10</sat></trkpt>
  <trkpt lat="14.97955945" lon="102.09740223"><ele>144.209</ele><time>2025-01-14T00:50:19Z</time><speed>5.116</speed><sat>9</sat></trkpt>
  <trkpt lat="14.97962644" lon="102.09738834"><ele>144.256</ele><time>2025-01-14T00:50:20Z</time><speed>3.460</speed><sat>13</sat></trkpt>
  <trkpt lat="14.97968562" lon="102.09737560"><ele>143.783</ele><time>2025-01-14T00:50:21Z</time><speed>4.682</speed><sat>13</sat></trkpt>
  <trkpt lat="14.97972730" lon="102.09736610"><ele>143.497</ele><time>2025-01-14T00:50:22Z</time><speed>4.570</speed><sat>13</sat></trkpt>
  <trkpt lat="14.97975167" lon="102.09735207"><ele>143.296</ele><time>2025-01-14T00:50:23Z</time><speed>4.087</speed><sat>16</sat></trkpt>
  <trkpt lat="14.97977618" lon="102.09732623"><ele>143.088</ele><time>2025-01-14T00:50:24Z</time><speed>3.971</speed><sat>13</sat></trkpt>
  <trkpt lat="14.97979094" lon="102.09728915"><ele>143.244</ele><time>2025-01-14T00:50:25Z</time><speed>3.974</speed><sat>12</sat></trkpt>
  <trkpt lat="14.97978842" lon="102.09725703"><ele>143.692</ele><time>2025-01-14T00:50:26Z</time><speed>3.836</speed><sat>13</sat></trkpt>
  <trkpt lat="14.97978557" lon="102.09722280"><ele>143.770</ele><time>2025-01-14T00:50:27Z</time><speed>3.776</speed><sat>14</sat></trkpt>
  <trkpt lat="14.97978427" lon="102.09719288"><ele>143.843</ele><time>2025-01-14T00:50:28Z</time><speed>3.668</speed><sat>11</sat></trkpt>
  <trkpt lat="14.97978406" lon="102.09716732"><ele>143.932</ele><time>2025-01-14T00:50:29Z</time><speed>3.523</speed><sat>13</sat></trkpt>
  <trkpt lat="14.97978364" lon="102.09714870"><ele>144.040</ele><time>2025-01-14T00:50:30Z</time><speed>3.316</speed><sat>12</sat></trkpt>
  <trkpt lat="14.97978837" lon="102.09713133"><ele>144.216</ele><time>2025-01-14T00:50:31Z</time><speed>3.132</speed><sat>12</sat></trkpt>
  <trkpt lat="14.97978981" lon="102.09712287"><ele>144.187</ele><time>2025-01-14T00:50:32Z</time><speed>2.867</speed><sat>13</sat></trkpt>
  <trkpt lat="14.97979102" lon="102.09711781"><ele>144.135</ele><time>2025-01-14T00:50:33Z</time><speed>2.606</speed><sat>12</sat></trkpt>
  <trkpt lat="14.97979059" lon="102.09711602"><ele>144.112</ele><time>2025-01-14T00:50:34Z</time><speed>2.348</speed><sat>10</sat></trkpt>
  <trkpt lat="14.97978980" lon="102.09711293"><ele>143.949</ele><time>2025-01-14T00:50:35Z</time><speed>1.914</speed><sat>11</sat></trkpt>
  <trkpt lat="14.97979037" lon="102.09710692"><ele>143.906</ele><time>2025-01-14T00:50:36Z</time><speed>1.708</speed><sat>11</sat></trkpt>
  <trkpt lat="14.97979028" lon="102.09709175"><ele>143.822</ele><time>2025-01-14T00:50:37Z</time><speed>1.717</speed><sat>9</sat></trkpt>
  <trkpt lat="14.97978855" lon="102.09707765"><ele>143.902</ele><time>2025-01-14T00:50:38Z</time><speed>1.741</speed><sat>9</sat></trkpt>
  <trkpt lat="14.97978934" lon="102.09706187"><ele>143.986</ele><time>2025-01-14T00:50:39Z</time><speed>1.763</speed><sat>9</sat></trkpt>
  <trkpt lat="14.97979156" lon="102.09704013"><ele>144.144</ele><time>2025-01-14T00:50:40Z</time><speed>1.846</speed><sat>11</sat></trkpt>
  <trkpt lat="14.97979052" lon="102.09701095"><ele>144.293</ele><time>2025-01-14T00:50:41Z</time><speed>1.997</speed><sat>11</sat></trkpt>
  <trkpt lat="14.97978567" lon="102.09696751"><ele>144.327</ele><time>2025-01-14T00:50:42Z</time><speed>2.218</speed><sat>9</sat></trkpt>
  <trkpt lat="14.97978344" lon="102.09692132"><ele>144.273</ele><time>2025-01-14T00:50:43Z</time><speed>3.328</speed><sat>8</sat></trkpt>
  <trkpt lat="14.97977922" lon="102.09687340"><ele>144.308</ele><time>2025-01-14T00:50:44Z</time><speed>3.860</speed><sat>9</sat></trkpt>
  <trkpt lat="14.97977396" lon="102.09681857"><ele>144.395</ele><time>2025-01-14T00:50:45Z</time><speed>4.339</speed><sat>8</sat></trkpt>
  <trkpt lat="14.97977138" lon="102.09675947"><ele>144.480</ele><time>2025-01-14T00:50:46Z</time><speed>4.730</speed><sat>8</sat></trkpt>
  <trkpt lat="14.97977242" lon="102.09669597"><ele>144.501</ele><time>2025-01-14T00:50:47Z</time><speed>5.085</speed><sat>11</sat></trkpt>
  <trkpt lat="14.97977662" lon="102.09662695"><ele>145.132</ele><time>2025-01-14T00:50:48Z</time><speed>3.703</speed><sat>13</sat></trkpt>
  <trkpt lat="14.97977340" lon="102.09655278"><ele>145.063</ele><time>2025-01-14T00:50:49Z</time><speed>3.975</speed><sat>13</sat></trkpt>
  <trkpt lat="14.97977302" lon="102.09648354"><ele>145.154</ele><time>2025-01-14T00:50:50Z</time><speed>5.340</speed><sat>11</sat></trkpt>
  <trkpt lat="14.97977427" lon="102.09636798"><ele>144.819</ele><time>2025-01-14T00:50:51Z</time><speed>7.290</speed><sat>18</sat></trkpt>
  <trkpt lat="14.97977060" lon="102.09628765"><ele>145.280</ele><time>2025-01-14T00:50:52Z</time><speed>7.198</speed><sat>19</sat></trkpt>
  <trkpt lat="14.97976826" lon="102.09620793"><ele>146.040</ele><time>2025-01-14T00:50:53Z</time><speed>7.387</speed><sat>20</sat></trkpt>
  <trkpt lat="14.97976807" lon="102.09612393"><ele>146.756</ele><time>2025-01-14T00:50:54Z</time><speed>7.174</speed><sat>21</sat></trkpt>
  <trkpt lat="14.97976500" lon="102.09605442"><ele>147.290</ele><time>2025-01-14T00:50:55Z</time><speed>6.894</speed><sat>19</sat></trkpt>
  <trkpt lat="14.97976369" lon="102.09598950"><ele>147.857</ele><time>2025-01-14T00:50:56Z</time><speed>6.245</speed><sat>18</sat></trkpt>
  <trkpt lat="14.97976560" lon="102.09593316"><ele>148.393</ele><time>2025-01-14T00:50:57Z</time><speed>5.650</speed><sat>20</sat></trkpt>
  <trkpt lat="14.97976791" lon="102.09587931"><ele>148.669</ele><time>2025-01-14T00:50:58Z</time><speed>5.569</speed><sat>18</sat></trkpt>
  <trkpt lat="14.97976084" lon="102.09582990"><ele>149.298</ele><time>2025-01-14T00:50:59Z</time><speed>5.130</speed><sat>20</sat></trkpt>
  <trkpt lat="14.97975666" lon="102.09579612"><ele>149.614</ele><time>2025-01-14T00:51:00Z</time><speed>4.324</speed><sat>20</sat></trkpt>
  <trkpt lat="14.97975445" lon="102.09576873"><ele>149.682</ele><time>2025-01-14T00:51:01Z</time><speed>2.692</speed><sat>20</sat></trkpt>
  <trkpt lat="14.97975325" lon="102.09576077"><ele>147.505</ele><time>2025-01-14T00:51:02Z</time><speed>1.018</speed><sat>19</sat></trkpt>
  <trkpt lat="14.97975399" lon="102.09575639"><ele>147.966</ele><time>2025-01-14T00:51:03Z</time><speed>0.470</speed><sat>20</sat></trkpt>
  <trkpt lat="14.97975751" lon="102.09576171"><ele>148.372</ele><time>2025-01-14T00:51:04Z</time><speed>0.000</speed><sat>21</sat></trkpt>
  <trkpt lat="14.97975751" lon="102.09576171"><ele>148.646</ele><time>2025-01-14T00:51:05Z</time><speed>0.000</speed><sat>21</sat></trkpt>
  <trkpt lat="14.97975751" lon="102.09576171"><ele>148.688</ele><time>2025-01-14T00:51:06Z</time><speed>0.000</speed><sat>21</sat></trkpt>
  <trkpt lat="14.97975751" lon="102.09576171"><ele>149.046</ele><time>2025-01-14T00:51:07Z</time><speed>0.000</speed><sat>20</sat></trkpt>
  <trkpt lat="14.97975751" lon="102.09576171"><ele>149.236</ele><time>2025-01-14T00:51:08Z</time><speed>0.000</speed><sat>22</sat></trkpt>
  <trkpt lat="14.97975751" lon="102.09576171"><ele>149.157</ele><time>2025-01-14T00:51:09Z</time><speed>0.000</speed><sat>23</sat></trkpt>
  <trkpt lat="14.97975751" lon="102.09576171"><ele>149.133</ele><time>2025-01-14T00:51:10Z</time><speed>0.000</speed><sat>22</sat></trkpt>
  <trkpt lat="14.97975751" lon="102.09576171"><ele>149.123</ele><time>2025-01-14T00:51:11Z</time><speed>0.000</speed><sat>23</sat></trkpt>
  <trkpt lat="14.97975751" lon="102.09576171"><ele>149.259</ele><time>2025-01-14T00:51:12Z</time><speed>0.000</speed><sat>23</sat></trkpt>
  <trkpt lat="14.97975751" lon="102.09576171"><ele>149.217</ele><time>2025-01-14T00:51:13Z</time><speed>0.000</speed><sat>23</sat></trkpt>
  <trkpt lat="14.97975751" lon="102.09576171"><ele>149.084</ele><time>2025-01-14T00:51:14Z</time><speed>0.000</speed><sat>22</sat></trkpt>
  <trkpt lat="14.97975751" lon="102.09576171"><ele>148.949</ele><time>2025-01-14T00:51:15Z</time><speed>0.000</speed><sat>21</sat></trkpt>
  <trkpt lat="14.97975751" lon="102.09576171"><ele>148.718</ele><time>2025-01-14T00:51:16Z</time><speed>0.000</speed><sat>20</sat></trkpt>
  <trkpt lat="14.97976865" lon="102.09579432"><ele>148.623</ele><time>2025-01-14T00:51:17Z</time><speed>0.547</speed><sat>23</sat></trkpt>
  <trkpt lat="14.97976753" lon="102.09577880"><ele>148.946</ele><time>2025-01-14T00:51:18Z</time><speed>1.672</speed><sat>20</sat></trkpt>
  <trkpt lat="14.97976613" lon="102.09576426"><ele>148.878</ele><time>2025-01-14T00:51:19Z</time><speed>2.166</speed><sat>22</sat></trkpt>
  <trkpt lat="14.97976544" lon="102.09574483"><ele>148.721</ele><time>2025-01-14T00:51:20Z</time><speed>2.941</speed><sat>22</sat></trkpt>
  <trkpt lat="14.97976396" lon="102.09571335"><ele>148.520</ele><time>2025-01-14T00:51:21Z</time><speed>3.134</speed><sat>18</sat></trkpt>
  <trkpt lat="14.97976308" lon="102.09567134"><ele>149.193</ele><time>2025-01-14T00:51:22Z</time><speed>3.316</speed><sat>19</sat></trkpt>
  <trkpt lat="14.97975647" lon="102.09563252"><ele>149.752</ele><time>2025-01-14T00:51:23Z</time><speed>3.746</speed><sat>18</sat></trkpt>
  <trkpt lat="14.97975415" lon="102.09559716"><ele>149.533</ele><time>2025-01-14T00:51:24Z</time><speed>3.640</speed><sat>19</sat></trkpt>
  <trkpt lat="14.97975319" lon="102.09555362"><ele>149.658</ele><time>2025-01-14T00:51:25Z</time><speed>4.505</speed><sat>19</sat></trkpt>
  <trkpt lat="14.97975404" lon="102.09548524"><ele>149.646</ele><time>2025-01-14T00:51:26Z</time><speed>5.409</speed><sat>17</sat></trkpt>
  <trkpt lat="14.97975522" lon="102.09540826"><ele>149.622</ele><time>2025-01-14T00:51:27Z</time><speed>5.992</speed><sat>19</sat></trkpt>
  <trkpt lat="14.97975470" lon="102.09532838"><ele>148.979</ele><time>2025-01-14T00:51:28Z</time><speed>6.390</speed><sat>19</sat></trkpt>
  <trkpt lat="14.97975343" lon="102.09524506"><ele>148.963</ele><time>2025-01-14T00:51:29Z</time><speed>6.928</speed><sat>20</sat></trkpt>
  <trkpt lat="14.97975326" lon="102.09516430"><ele>149.152</ele><time>2025-01-14T00:51:30Z</time><speed>7.465</speed><sat>20</sat></trkpt>
  <trkpt lat="14.97975042" lon="102.09508754"><ele>149.264</ele><time>2025-01-14T00:51:31Z</time><speed>7.495</speed><sat>18</sat></trkpt>
  <trkpt lat="14.97974564" lon="102.09500429"><ele>148.709</ele><time>2025-01-14T00:51:32Z</time><speed>7.569</speed><sat>20</sat></trkpt>
  <trkpt lat="14.97974039" lon="102.09492667"><ele>148.967</ele><time>2025-01-14T00:51:33Z</time><speed>7.640</speed><sat>23</sat></trkpt>
  <trkpt lat="14.97973556" lon="102.09484562"><ele>146.708</ele><time>2025-01-14T00:51:34Z</time><speed>7.813</speed><sat>20</sat></trkpt>
  <trkpt lat="14.97972851" lon="102.09476654"><ele>147.146</ele><time>2025-01-14T00:51:35Z</time><speed>7.800</speed><sat>22</sat></trkpt>
  <trkpt lat="14.97973407" lon="102.09468134"><ele>147.758</ele><time>2025-01-14T00:51:36Z</time><speed>8.303</speed><sat>23</sat></trkpt>
  <trkpt lat="14.97973483" lon="102.09460092"><ele>147.696</ele><time>2025-01-14T00:51:37Z</time><speed>8.322</speed><sat>21</sat></trkpt>
  <trkpt lat="14.97973200" lon="102.09452586"><ele>147.897</ele><time>2025-01-14T00:51:38Z</time><speed>8.357</speed><sat>23</sat></trkpt>
  <trkpt lat="14.97972754" lon="102.09444751"><ele>147.773</ele><time>2025-01-14T00:51:39Z</time><speed>8.556</speed><sat>21</sat></trkpt>
  <trkpt lat="14.97971972" lon="102.09436272"><ele>147.764</ele><time>2025-01-14T00:51:40Z</time><speed>8.653</speed><sat>21</sat></trkpt>
  <trkpt lat="14.97971408" lon="102.09427868"><ele>147.950</ele><time>2025-01-14T00:51:41Z</time><speed>8.736</speed><sat>19</sat></trkpt>
  <trkpt lat="14.97970780" lon="102.09419145"><ele>148.401</ele><time>2025-01-14T00:51:42Z</time><speed>8.299</speed><sat>19</sat></trkpt>
  <trkpt lat="14.97970133" lon="102.09410578"><ele>148.188</ele><time>2025-01-14T00:51:43Z</time><speed>8.725</speed><sat>20</sat></trkpt>
  <trkpt lat="14.97969709" lon="102.09402588"><ele>148.303</ele><time>2025-01-14T00:51:44Z</time><speed>8.818</speed><sat>22</sat></trkpt>
  <trkpt lat="14.97969571" lon="102.09394220"><ele>148.380</ele><time>2025-01-14T00:51:45Z</time><speed>9.164</speed><sat>22</sat></trkpt>
  <trkpt lat="14.97969753" lon="102.09385430"><ele>149.097</ele><time>2025-01-14T00:51:46Z</time><speed>9.234</speed><sat>19</sat></trkpt>
  <trkpt lat="14.97969593" lon="102.09376306"><ele>148.966</ele><time>2025-01-14T00:51:47Z</time><speed>9.486</speed><sat>20</sat></trkpt>
  <trkpt lat="14.97969323" lon="102.09366936"><ele>149.206</ele><time>2025-01-14T00:51:48Z</time><speed>9.508</speed><sat>20</sat></trkpt>
  <trkpt lat="14.97969250" lon="102.09357753"><ele>149.441</ele><time>2025-01-14T00:51:49Z</time><speed>9.571</speed><sat>21</sat></trkpt>
  <trkpt lat="14.97969625" lon="102.09348432"><ele>149.708</ele><time>2025-01-14T00:51:50Z</time><speed>9.720</speed><sat>18</sat></trkpt>
  <trkpt lat="14.97969550" lon="102.09338307"><ele>149.857</ele><time>2025-01-14T00:51:51Z</time><speed>9.883</speed><sat>18</sat></trkpt>
  <trkpt lat="14.97969106" lon="102.09329037"><ele>150.026</ele><time>2025-01-14T00:51:52Z</time><speed>9.674</speed><sat>18</sat></trkpt>
  <trkpt lat="14.97968867" lon="102.09320452"><ele>150.166</ele><time>2025-01-14T00:51:53Z</time><speed>9.687</speed><sat>20</sat></trkpt>
  <trkpt lat="14.97969080" lon="102.09311191"><ele>150.196</ele><time>2025-01-14T00:51:54Z</time><speed>9.920</speed><sat>20</sat></trkpt>
  <trkpt lat="14.97968882" lon="102.09302114"><ele>149.842</ele><time>2025-01-14T00:51:55Z</time><speed>9.955</speed><sat>20</sat></trkpt>
  <trkpt lat="14.97968390" lon="102.09292610"><ele>149.667</ele><time>2025-01-14T00:51:56Z</time><speed>9.880</speed><sat>19</sat></trkpt>
  <trkpt lat="14.97968374" lon="102.09283864"><ele>149.425</ele><time>2025-01-14T00:51:57Z</time><speed>9.823</speed><sat>19</sat></trkpt>
  <trkpt lat="14.97968446" lon="102.09275524"><ele>148.912</ele><time>2025-01-14T00:51:58Z</time><speed>9.448</speed><sat>17</sat></trkpt>
  <trkpt lat="14.97968205" lon="102.09268439"><ele>148.006</ele><time>2025-01-14T00:51:59Z</time><speed>8.713</speed><sat>21</sat></trkpt>
  <trkpt lat="14.97968002" lon="102.09261006"><ele>147.158</ele><time>2025-01-14T00:52:00Z</time><speed>7.822</speed><sat>19</sat></trkpt>
  <trkpt lat="14.97967634" lon="102.09254226"><ele>146.711</ele><time>2025-01-14T00:52:01Z</time><speed>7.293</speed><sat>17</sat></trkpt>
  <trkpt lat="14.97967271" lon="102.09248045"><ele>146.207</ele><time>2025-01-14T00:52:02Z</time><speed>7.001</speed><sat>19</sat></trkpt>
  <trkpt lat="14.97966664" lon="102.09242771"><ele>146.252</ele><time>2025-01-14T00:52:03Z</time><speed>6.319</speed><sat>18</sat></trkpt>
  <trkpt lat="14.97965917" lon="102.09238605"><ele>146.687</ele><time>2025-01-14T00:52:04Z</time><speed>5.701</speed><sat>17</sat></trkpt>
  <trkpt lat="14.97965260" lon="102.09234076"><ele>146.398</ele><time>2025-01-14T00:52:05Z</time><speed>5.495</speed><sat>17</sat></trkpt>
  <trkpt lat="14.97964593" lon="102.09230261"><ele>146.115</ele><time>2025-01-14T00:52:06Z</time><speed>4.898</speed><sat>17</sat></trkpt>
  <trkpt lat="14.97963651" lon="102.09227489"><ele>145.706</ele><time>2025-01-14T00:52:07Z</time><speed>3.768</speed><sat>19</sat></trkpt>
  <trkpt lat="14.97963013" lon="102.09226097"><ele>145.594</ele><time>2025-01-14T00:52:08Z</time><speed>2.842</speed><sat>20</sat></trkpt>
  <trkpt lat="14.97962871" lon="102.09224675"><ele>145.947</ele><time>2025-01-14T00:52:09Z</time><speed>2.553</speed><sat>20</sat></trkpt>
  <trkpt lat="14.97962991" lon="102.09223901"><ele>147.495</ele><time>2025-01-14T00:52:10Z</time><speed>1.300</speed><sat>19</sat></trkpt>
  <trkpt lat="14.97963138" lon="102.09225004"><ele>148.098</ele><time>2025-01-14T00:52:11Z</time><speed>0.000</speed><sat>17</sat></trkpt>
  <trkpt lat="14.97963088" lon="102.09225737"><ele>148.101</ele><time>2025-01-14T00:52:12Z</time><speed>0.306</speed><sat>18</sat></trkpt>
  <trkpt lat="14.97962820" lon="102.09225881"><ele>147.450</ele><time>2025-01-14T00:52:13Z</time><speed>0.000</speed><sat>18</sat></trkpt>
  <trkpt lat="14.97962820" lon="102.09225881"><ele>147.538</ele><time>2025-01-14T00:52:14Z</time><speed>0.000</speed><sat>18</sat></trkpt>
  <trkpt lat="14.97962820" lon="102.09225881"><ele>147.587</ele><time>2025-01-14T00:52:15Z</time><speed>0.000</speed><sat>19</sat></trkpt>
  <trkpt lat="14.97962820" lon="102.09225881"><ele>148.033</ele><time>2025-01-14T00:52:16Z</time><speed>0.000</speed><sat>18</sat></trkpt>
  <trkpt lat="14.97962820" lon="102.09225881"><ele>148.424</ele><time>2025-01-14T00:52:17Z</time><speed>0.000</speed><sat>17</sat></trkpt>
  <trkpt lat="14.97962931" lon="102.09227129"><ele>148.600</ele><time>2025-01-14T00:52:18Z</time><speed>0.754</speed><sat>19</sat></trkpt>
  <trkpt lat="14.97963031" lon="102.09226072"><ele>148.643</ele><time>2025-01-14T00:52:19Z</time><speed>1.383</speed><sat>20</sat></trkpt>
  <trkpt lat="14.97963177" lon="102.09224368"><ele>148.140</ele><time>2025-01-14T00:52:20Z</time><speed>2.301</speed><sat>20</sat></trkpt>
  <trkpt lat="14.97963489" lon="102.09221756"><ele>147.858</ele><time>2025-01-14T00:52:21Z</time><speed>2.872</speed><sat>19</sat></trkpt>
  <trkpt lat="14.97963235" lon="102.09218243"><ele>147.903</ele><time>2025-01-14T00:52:22Z</time><speed>3.523</speed><sat>19</sat></trkpt>
  <trkpt lat="14.97963019" lon="102.09214459"><ele>148.174</ele><time>2025-01-14T00:52:23Z</time><speed>4.456</speed><sat>19</sat></trkpt>
  <trkpt lat="14.97962699" lon="102.09209121"><ele>147.687</ele><time>2025-01-14T00:52:24Z</time><speed>4.892</speed><sat>19</sat></trkpt>
  <trkpt lat="14.97962186" lon="102.09203810"><ele>147.736</ele><time>2025-01-14T00:52:25Z</time><speed>5.154</speed><sat>21</sat></trkpt>
  <trkpt lat="14.97962358" lon="102.09197678"><ele>147.965</ele><time>2025-01-14T00:52:26Z</time><speed>6.141</speed><sat>21</sat></trkpt>
  <trkpt lat="14.97962168" lon="102.09190651"><ele>147.944</ele><time>2025-01-14T00:52:27Z</time><speed>6.724</speed><sat>23</sat></trkpt>
  <trkpt lat="14.97961943" lon="102.09183488"><ele>148.042</ele><time>2025-01-14T00:52:28Z</time><speed>7.328</speed><sat>22</sat></trkpt>
  <trkpt lat="14.97961777" lon="102.09174935"><ele>148.075</ele><time>2025-01-14T00:52:29Z</time><speed>7.639</speed><sat>24</sat></trkpt>
  <trkpt lat="14.97961673" lon="102.09166260"><ele>148.633</ele><time>2025-01-14T00:52:30Z</time><speed>7.912</speed><sat>23</sat></trkpt>
  <trkpt lat="14.97961856" lon="102.09159039"><ele>148.592</ele><time>2025-01-14T00:52:31Z</time><speed>7.948</speed><sat>22</sat></trkpt>
  <trkpt lat="14.97962302" lon="102.09152215"><ele>149.016</ele><time>2025-01-14T00:52:32Z</time><speed>7.675</speed><sat>25</sat></trkpt>
  <trkpt lat="14.97962628" lon="102.09144865"><ele>149.467</ele><time>2025-01-14T00:52:33Z</time><speed>8.066</speed><sat>23</sat></trkpt>
  <trkpt lat="14.97962457" lon="102.09137221"><ele>149.318</ele><time>2025-01-14T00:52:34Z</time><speed>8.278</speed><sat>19</sat></trkpt>
  <trkpt lat="14.97962293" lon="102.09128658"><ele>149.666</ele><time>2025-01-14T00:52:35Z</time><speed>8.898</speed><sat>20</sat></trkpt>
  <trkpt lat="14.97961728" lon="102.09119796"><ele>149.455</ele><time>2025-01-14T00:52:36Z</time><speed>9.122</speed><sat>20</sat></trkpt>
  <trkpt lat="14.97961361" lon="102.09111059"><ele>149.445</ele><time>2025-01-14T00:52:37Z</time><speed>9.136</speed><sat>18</sat></trkpt>
  <trkpt lat="14.97961218" lon="102.09102033"><ele>149.517</ele><time>2025-01-14T00:52:38Z</time><speed>9.316</speed><sat>18</sat></trkpt>
  <trkpt lat="14.97960836" lon="102.09092936"><ele>149.449</ele><time>2025-01-14T00:52:39Z</time><speed>9.378</speed><sat>21</sat></trkpt>
  <trkpt lat="14.97960680" lon="102.09083167"><ele>149.814</ele><time>2025-01-14T00:52:40Z</time><speed>9.433</speed><sat>21</sat></trkpt>
  <trkpt lat="14.97960473" lon="102.09073931"><ele>149.748</ele><time>2025-01-14T00:52:41Z</time><speed>9.375</speed><sat>22</sat></trkpt>
  <trkpt lat="14.97960045" lon="102.09064983"><ele>149.856</ele><time>2025-01-14T00:52:42Z</time><speed>9.401</speed><sat>22</sat></trkpt>
  <trkpt lat="14.97959385" lon="102.09056244"><ele>149.936</ele><time>2025-01-14T00:52:43Z</time><speed>9.419</speed><sat>22</sat></trkpt>
  <trkpt lat="14.97959274" lon="102.09046855"><ele>150.199</ele><time>2025-01-14T00:52:44Z</time><speed>9.402</speed><sat>19</sat></trkpt>
  <trkpt lat="14.97958552" lon="102.09038354"><ele>148.739</ele><time>2025-01-14T00:52:45Z</time><speed>9.204</speed><sat>22</sat></trkpt>
  <trkpt lat="14.97958047" lon="102.09029148"><ele>148.918</ele><time>2025-01-14T00:52:46Z</time><speed>9.173</speed><sat>19</sat></trkpt>
  <trkpt lat="14.97958266" lon="102.09020417"><ele>149.413</ele><time>2025-01-14T00:52:47Z</time><speed>9.234</speed><sat>18</sat></trkpt>
  <trkpt lat="14.97958169" lon="102.09010819"><ele>149.609</ele><time>2025-01-14T00:52:48Z</time><speed>9.096</speed><sat>20</sat></trkpt>
  <trkpt lat="14.97957989" lon="102.09000772"><ele>149.840</ele><time>2025-01-14T00:52:49Z</time><speed>8.977</speed><sat>16</sat></trkpt>
  <trkpt lat="14.97957247" lon="102.08993943"><ele>149.986</ele><time>2025-01-14T00:52:50Z</time><speed>9.081</speed><sat>18</sat></trkpt>
  <trkpt lat="14.97956724" lon="102.08985950"><ele>150.034</ele><time>2025-01-14T00:52:51Z</time><speed>8.988</speed><sat>18</sat></trkpt>
  <trkpt lat="14.97956607" lon="102.08977812"><ele>150.119</ele><time>2025-01-14T00:52:52Z</time><speed>8.604</speed><sat>21</sat></trkpt>
  <trkpt lat="14.97956568" lon="102.08969981"><ele>150.111</ele><time>2025-01-14T00:52:53Z</time><speed>8.123</speed><sat>23</sat></trkpt>
  <trkpt lat="14.97956502" lon="102.08962522"><ele>149.891</ele><time>2025-01-14T00:52:54Z</time><speed>7.894</speed><sat>23</sat></trkpt>
  <trkpt lat="14.97956018" lon="102.08956000"><ele>150.157</ele><time>2025-01-14T00:52:55Z</time><speed>7.807</speed><sat>14</sat></trkpt>
  <trkpt lat="14.97955295" lon="102.08949363"><ele>150.209</ele><time>2025-01-14T00:52:56Z</time><speed>7.803</speed><sat>18</sat></trkpt>
  <trkpt lat="14.97954790" lon="102.08942278"><ele>150.081</ele><time>2025-01-14T00:52:57Z</time><speed>7.903</speed><sat>20</sat></trkpt>
  <trkpt lat="14.97954477" lon="102.08935073"><ele>151.129</ele><time>2025-01-14T00:52:58Z</time><speed>7.886</speed><sat>22</sat></trkpt>
  <trkpt lat="14.97954634" lon="102.08927367"><ele>151.608</ele><time>2025-01-14T00:52:59Z</time><speed>7.855</speed><sat>20</sat></trkpt>
  <trkpt lat="14.97954515" lon="102.08919792"><ele>151.591</ele><time>2025-01-14T00:53:00Z</time><speed>8.042</speed><sat>21</sat></trkpt>
  <trkpt lat="14.97954469" lon="102.08911873"><ele>150.937</ele><time>2025-01-14T00:53:01Z</time><speed>8.132</speed><sat>20</sat></trkpt>
  <trkpt lat="14.97954462" lon="102.08904246"><ele>151.134</ele><time>2025-01-14T00:53:02Z</time><speed>8.104</speed><sat>20</sat></trkpt>
  <trkpt lat="14.97954294" lon="102.08895806"><ele>151.078</ele><time>2025-01-14T00:53:03Z</time><speed>8.375</speed><sat>23</sat></trkpt>
  <trkpt lat="14.97954482" lon="102.08887598"><ele>151.108</ele><time>2025-01-14T00:53:04Z</time><speed>8.496</speed><sat>22</sat></trkpt>
  <trkpt lat="14.97954375" lon="102.08879969"><ele>151.288</ele><time>2025-01-14T00:53:05Z</time><speed>8.723</speed><sat>24</sat></trkpt>
  <trkpt lat="14.97954523" lon="102.08871756"><ele>151.406</ele><time>2025-01-14T00:53:06Z</time><speed>8.628</speed><sat>18</sat></trkpt>
  <trkpt lat="14.97954745" lon="102.08863640"><ele>151.194</ele><time>2025-01-14T00:53:07Z</time><speed>8.957</speed><sat>21</sat></trkpt>
  <trkpt lat="14.97954627" lon="102.08855381"><ele>151.125</ele><time>2025-01-14T00:53:08Z</time><speed>9.040</speed><sat>24</sat></trkpt>
  <trkpt lat="14.97954373" lon="102.08846867"><ele>151.502</ele><time>2025-01-14T00:53:09Z</time><speed>9.035</speed><sat>23</sat></trkpt>
  <trkpt lat="14.97954063" lon="102.08838641"><ele>151.548</ele><time>2025-01-14T00:53:10Z</time><speed>8.872</speed><sat>25</sat></trkpt>
  <trkpt lat="14.97953418" lon="102.08829843"><ele>151.530</ele><time>2025-01-14T00:53:11Z</time><speed>8.677</speed><sat>22</sat></trkpt>
  <trkpt lat="14.97953000" lon="102.08822096"><ele>151.068</ele><time>2025-01-14T00:53:12Z</time><speed>8.393</speed><sat>23</sat></trkpt>
  <trkpt lat="14.97952782" lon="102.08813552"><ele>150.946</ele><time>2025-01-14T00:53:13Z</time><speed>8.497</speed><sat>25</sat></trkpt>
  <trkpt lat="14.97952973" lon="102.08805614"><ele>150.853</ele><time>2025-01-14T00:53:14Z</time><speed>8.594</speed><sat>24</sat></trkpt>
  <trkpt lat="14.97952881" lon="102.08797958"><ele>150.495</ele><time>2025-01-14T00:53:15Z</time><speed>8.576</speed><sat>24</sat></trkpt>
  <trkpt lat="14.97952992" lon="102.08789998"><ele>150.400</ele><time>2025-01-14T00:53:16Z</time><speed>8.527</speed><sat>24</sat></trkpt>
  <trkpt lat="14.97952501" lon="102.08782286"><ele>150.659</ele><time>2025-01-14T00:53:17Z</time><speed>8.706</speed><sat>20</sat></trkpt>
  <trkpt lat="14.97951823" lon="102.08774324"><ele>151.708</ele><time>2025-01-14T00:53:18Z</time><speed>8.747</speed><sat>21</sat></trkpt>
  <trkpt lat="14.97950837" lon="102.08766834"><ele>151.535</ele><time>2025-01-14T00:53:19Z</time><speed>8.734</speed><sat>22</sat></trkpt>
  <trkpt lat="14.97949969" lon="102.08758807"><ele>151.499</ele><time>2025-01-14T00:53:20Z</time><speed>8.754</speed><sat>22</sat></trkpt>
  <trkpt lat="14.97949699" lon="102.08750040"><ele>151.863</ele><time>2025-01-14T00:53:21Z</time><speed>9.029</speed><sat>22</sat></trkpt>
  <trkpt lat="14.97949797" lon="102.08741405"><ele>151.898</ele><time>2025-01-14T00:53:22Z</time><speed>9.069</speed><sat>24</sat></trkpt>
  <trkpt lat="14.97949336" lon="102.08733290"><ele>151.992</ele><time>2025-01-14T00:53:23Z</time><speed>8.886</speed><sat>21</sat></trkpt>
  <trkpt lat="14.97949276" lon="102.08724338"><ele>152.279</ele><time>2025-01-14T00:53:24Z</time><speed>8.939</speed><sat>24</sat></trkpt>
  <trkpt lat="14.97949135" lon="102.08715846"><ele>152.399</ele><time>2025-01-14T00:53:25Z</time><speed>8.920</speed><sat>23</sat></trkpt>
  <trkpt lat="14.97949036" lon="102.08707547"><ele>152.124</ele><time>2025-01-14T00:53:26Z</time><speed>8.855</speed><sat>23</sat></trkpt>
  <trkpt lat="14.97949148" lon="102.08699268"><ele>151.914</ele><time>2025-01-14T00:53:27Z</time><speed>9.051</speed><sat>21</sat></trkpt>
  <trkpt lat="14.97949037" lon="102.08690759"><ele>151.904</ele><time>2025-01-14T00:53:28Z</time><speed>9.147</speed><sat>19</sat></trkpt>
  <trkpt lat="14.97949075" lon="102.08681543"><ele>152.085</ele><time>2025-01-14T00:53:29Z</time><speed>9.301</speed><sat>18</sat></trkpt>
  <trkpt lat="14.97949252" lon="102.08672498"><ele>152.140</ele><time>2025-01-14T00:53:30Z</time><speed>9.324</speed><sat>14</sat></trkpt>
  <trkpt lat="14.97949389" lon="102.08664030"><ele>151.876</ele><time>2025-01-14T00:53:31Z</time><speed>8.996</speed><sat>13</sat></trkpt>
  <trkpt lat="14.97949594" lon="102.08655987"><ele>151.782</ele><time>2025-01-14T00:53:32Z</time><speed>8.772</speed><sat>12</sat></trkpt>
  <trkpt lat="14.97949813" lon="102.08647693"><ele>151.775</ele><time>2025-01-14T00:53:33Z</time><speed>8.978</speed><sat>8</sat></trkpt>
  <trkpt lat="14.97950238" lon="102.08639568"><ele>151.729</ele><time>2025-01-14T00:53:34Z</time><speed>9.106</speed><sat>9</sat></trkpt>
  <trkpt lat="14.97950540" lon="102.08631434"><ele>151.619</ele><time>2025-01-14T00:53:35Z</time><speed>9.234</speed><sat>8</sat></trkpt>
  <trkpt lat="14.97950785" lon="102.08623070"><ele>151.257</ele><time>2025-01-14T00:53:36Z</time><speed>9.189</speed><sat>7</sat></trkpt>
  <trkpt lat="14.97950831" lon="102.08613940"><ele>150.946</ele><time>2025-01-14T00:53:37Z</time><speed>9.417</speed><sat>9</sat></trkpt>
  <trkpt lat="14.97950918" lon="102.08605298"><ele>150.951</ele><time>2025-01-14T00:53:38Z</time><speed>9.450</speed><sat>10</sat></trkpt>
  <trkpt lat="14.97950366" lon="102.08597092"><ele>151.164</ele><time>2025-01-14T00:53:39Z</time><speed>9.300</speed><sat>13</sat></trkpt>
  <trkpt lat="14.97949887" lon="102.08588544"><ele>151.443</ele><time>2025-01-14T00:53:40Z</time><speed>9.026</speed><sat>15</sat></trkpt>
  <trkpt lat="14.97949719" lon="102.08581038"><ele>149.104</ele><time>2025-01-14T00:53:41Z</time><speed>8.408</speed><sat>18</sat></trkpt>
  <trkpt lat="14.97949240" lon="102.08573594"><ele>149.025</ele><time>2025-01-14T00:53:42Z</time><speed>8.023</speed><sat>17</sat></trkpt>
  <trkpt lat="14.97948781" lon="102.08566050"><ele>148.992</ele><time>2025-01-14T00:53:43Z</time><speed>8.405</speed><sat>15</sat></trkpt>
  <trkpt lat="14.97948604" lon="102.08558159"><ele>148.674</ele><time>2025-01-14T00:53:44Z</time><speed>8.434</speed><sat>18</sat></trkpt>
  <trkpt lat="14.97948384" lon="102.08550287"><ele>148.719</ele><time>2025-01-14T00:53:45Z</time><speed>8.519</speed><sat>19</sat></trkpt>
  <trkpt lat="14.97947921" lon="102.08542775"><ele>149.857</ele><time>2025-01-14T00:53:46Z</time><speed>8.189</speed><sat>21</sat></trkpt>
  <trkpt lat="14.97947763" lon="102.08535410"><ele>150.203</ele><time>2025-01-14T00:53:47Z</time><speed>7.855</speed><sat>21</sat></trkpt>
  <trkpt lat="14.97948102" lon="102.08527780"><ele>150.114</ele><time>2025-01-14T00:53:48Z</time><speed>7.597</speed><sat>21</sat></trkpt>
  <trkpt lat="14.97948067" lon="102.08520637"><ele>150.223</ele><time>2025-01-14T00:53:49Z</time><speed>7.559</speed><sat>22</sat></trkpt>
  <trkpt lat="14.97947664" lon="102.08513819"><ele>150.165</ele><time>2025-01-14T00:53:50Z</time><speed>7.752</speed><sat>20</sat></trkpt>
  <trkpt lat="14.97947335" lon="102.08506974"><ele>151.324</ele><time>2025-01-14T00:53:51Z</time><speed>7.271</speed><sat>20</sat></trkpt>
  <trkpt lat="14.97947004" lon="102.08500183"><ele>151.233</ele><time>2025-01-14T00:53:52Z</time><speed>7.136</speed><sat>22</sat></trkpt>
  <trkpt lat="14.97946831" lon="102.08493211"><ele>150.734</ele><time>2025-01-14T00:53:53Z</time><speed>6.887</speed><sat>22</sat></trkpt>
  <trkpt lat="14.97946375" lon="102.08486842"><ele>151.113</ele><time>2025-01-14T00:53:54Z</time><speed>6.638</speed><sat>22</sat></trkpt>
  <trkpt lat="14.97946418" lon="102.08480306"><ele>151.484</ele><time>2025-01-14T00:53:55Z</time><speed>6.496</speed><sat>21</sat></trkpt>
  <trkpt lat="14.97946493" lon="102.08474231"><ele>150.775</ele><time>2025-01-14T00:53:56Z</time><speed>6.458</speed><sat>21</sat></trkpt>
  <trkpt lat="14.97946548" lon="102.08468778"><ele>150.729</ele><time>2025-01-14T00:53:57Z</time><speed>6.449</speed><sat>20</sat></trkpt>
  <trkpt lat="14.97946444" lon="102.08463477"><ele>150.608</ele><time>2025-01-14T00:53:58Z</time><speed>6.230</speed><sat>19</sat></trkpt>
  <trkpt lat="14.97946378" lon="102.08457946"><ele>150.561</ele><time>2025-01-14T00:53:59Z</time><speed>5.833</speed><sat>20</sat></trkpt>
  <trkpt lat="14.97946191" lon="102.08452918"><ele>150.531</ele><time>2025-01-14T00:54:00Z</time><speed>5.607</speed><sat>20</sat></trkpt>
  <trkpt lat="14.97945777" lon="102.08448240"><ele>150.663</ele><time>2025-01-14T00:54:01Z</time><speed>5.467</speed><sat>19</sat></trkpt>
  <trkpt lat="14.97945871" lon="102.08443417"><ele>150.420</ele><time>2025-01-14T00:54:02Z</time><speed>4.701</speed><sat>17</sat></trkpt>
  <trkpt lat="14.97945612" lon="102.08439676"><ele>150.113</ele><time>2025-01-14T00:54:03Z</time><speed>3.381</speed><sat>18</sat></trkpt>
  <trkpt lat="14.97945479" lon="102.08437245"><ele>150.017</ele><time>2025-01-14T00:54:04Z</time><speed>2.326</speed><sat>16</sat></trkpt>
  <trkpt lat="14.97945478" lon="102.08435604"><ele>149.666</ele><time>2025-01-14T00:54:05Z</time><speed>1.698</speed><sat>18</sat></trkpt>
  <trkpt lat="14.97945530" lon="102.08434822"><ele>150.429</ele><time>2025-01-14T00:54:06Z</time><speed>1.057</speed><sat>16</sat></trkpt>
  <trkpt lat="14.97945687" lon="102.08434917"><ele>150.677</ele><time>2025-01-14T00:54:07Z</time><speed>1.043</speed><sat>16</sat></trkpt>
  <trkpt lat="14.97945719" lon="102.08433655"><ele>151.522</ele><time>2025-01-14T00:54:08Z</time><speed>1.239</speed><sat>18</sat></trkpt>
  <trkpt lat="14.97946129" lon="102.08433008"><ele>153.041</ele><time>2025-01-14T00:54:09Z</time><speed>1.067</speed><sat>20</sat></trkpt>
  <trkpt lat="14.97947364" lon="102.08431964"><ele>152.773</ele><time>2025-01-14T00:54:10Z</time><speed>1.151</speed><sat>20</sat></trkpt>
  <trkpt lat="14.97948229" lon="102.08432019"><ele>153.783</ele><time>2025-01-14T00:54:11Z</time><speed>1.382</speed><sat>19</sat></trkpt>
  <trkpt lat="14.97950033" lon="102.08431730"><ele>154.175</ele><time>2025-01-14T00:54:12Z</time><speed>1.384</speed><sat>18</sat></trkpt>
  <trkpt lat="14.97952219" lon="102.08432401"><ele>154.878</ele><time>2025-01-14T00:54:13Z</time><speed>1.358</speed><sat>16</sat></trkpt>
  <trkpt lat="14.97953548" lon="102.08433451"><ele>155.306</ele><time>2025-01-14T00:54:14Z</time><speed>1.584</speed><sat>15</sat></trkpt>
  <trkpt lat="14.97955910" lon="102.08435437"><ele>154.959</ele><time>2025-01-14T00:54:15Z</time><speed>2.522</speed><sat>13</sat></trkpt>
  <trkpt lat="14.97958097" lon="102.08438581"><ele>153.949</ele><time>2025-01-14T00:54:16Z</time><speed>3.073</speed><sat>12</sat></trkpt>
  <trkpt lat="14.97959716" lon="102.08442485"><ele>153.585</ele><time>2025-01-14T00:54:17Z</time><speed>3.592</speed><sat>16</sat></trkpt>
  <trkpt lat="14.97962453" lon="102.08448155"><ele>152.229</ele><time>2025-01-14T00:54:18Z</time><speed>4.093</speed><sat>14</sat></trkpt>
  <trkpt lat="14.97963770" lon="102.08452383"><ele>151.572</ele><time>2025-01-14T00:54:19Z</time><speed>4.179</speed><sat>14</sat></trkpt>
  <trkpt lat="14.97965395" lon="102.08457666"><ele>152.079</ele><time>2025-01-14T00:54:20Z</time><speed>4.835</speed><sat>15</sat></trkpt>
  <trkpt lat="14.97966312" lon="102.08463348"><ele>152.408</ele><time>2025-01-14T00:54:21Z</time><speed>5.105</speed><sat>16</sat></trkpt>
  <trkpt lat="14.97967220" lon="102.08468864"><ele>151.690</ele><time>2025-01-14T00:54:22Z</time><speed>5.150</speed><sat>16</sat></trkpt>
  <trkpt lat="14.97968058" lon="102.08474846"><ele>151.115</ele><time>2025-01-14T00:54:23Z</time><speed>5.404</speed><sat>17</sat></trkpt>
  <trkpt lat="14.97968715" lon="102.08480385"><ele>150.635</ele><time>2025-01-14T00:54:24Z</time><speed>5.460</speed><sat>16</sat></trkpt>
  <trkpt lat="14.97969652" lon="102.08485412"><ele>150.661</ele><time>2025-01-14T00:54:25Z</time><speed>5.410</speed><sat>16</sat></trkpt>
  <trkpt lat="14.97970135" lon="102.08491642"><ele>150.785</ele><time>2025-01-14T00:54:26Z</time><speed>5.312</speed><sat>18</sat></trkpt>
  <trkpt lat="14.97970448" lon="102.08496867"><ele>151.506</ele><time>2025-01-14T00:54:27Z</time><speed>5.556</speed><sat>17</sat></trkpt>
  <trkpt lat="14.97971624" lon="102.08503531"><ele>151.450</ele><time>2025-01-14T00:54:28Z</time><speed>5.876</speed><sat>17</sat></trkpt>
  <trkpt lat="14.97972495" lon="102.08509989"><ele>152.327</ele><time>2025-01-14T00:54:29Z</time><speed>6.105</speed><sat>16</sat></trkpt>
  <trkpt lat="14.97972906" lon="102.08516393"><ele>152.520</ele><time>2025-01-14T00:54:30Z</time><speed>6.114</speed><sat>15</sat></trkpt>
  <trkpt lat="14.97973369" lon="102.08523788"><ele>152.958</ele><time>2025-01-14T00:54:31Z</time><speed>6.159</speed><sat>15</sat></trkpt>
  <trkpt lat="14.97974049" lon="102.08530734"><ele>152.906</ele><time>2025-01-14T00:54:32Z</time><speed>6.442</speed><sat>15</sat></trkpt>
  <trkpt lat="14.97974447" lon="102.08537680"><ele>153.073</ele><time>2025-01-14T00:54:33Z</time><speed>6.477</speed><sat>16</sat></trkpt>
  <trkpt lat="14.97974525" lon="102.08544706"><ele>153.293</ele><time>2025-01-14T00:54:34Z</time><speed>6.675</speed><sat>15</sat></trkpt>
  <trkpt lat="14.97974233" lon="102.08551426"><ele>153.639</ele><time>2025-01-14T00:54:35Z</time><speed>6.997</speed><sat>13</sat></trkpt>
  <trkpt lat="14.97974327" lon="102.08558724"><ele>153.636</ele><time>2025-01-14T00:54:36Z</time><speed>6.844</speed><sat>11</sat></trkpt>
  <trkpt lat="14.97973678" lon="102.08565148"><ele>154.052</ele><time>2025-01-14T00:54:37Z</time><speed>6.574</speed><sat>16</sat></trkpt>
  <trkpt lat="14.97973500" lon="102.08571979"><ele>153.956</ele><time>2025-01-14T00:54:38Z</time><speed>6.339</speed><sat>17</sat></trkpt>
  <trkpt lat="14.97973320" lon="102.08577785"><ele>153.171</ele><time>2025-01-14T00:54:39Z</time><speed>6.157</speed><sat>15</sat></trkpt>
  <trkpt lat="14.97972679" lon="102.08583815"><ele>153.164</ele><time>2025-01-14T00:54:40Z</time><speed>5.746</speed><sat>16</sat></trkpt>
  <trkpt lat="14.97971957" lon="102.08588867"><ele>152.867</ele><time>2025-01-14T00:54:41Z</time><speed>4.926</speed><sat>16</sat></trkpt>
  <trkpt lat="14.97971651" lon="102.08592925"><ele>153.056</ele><time>2025-01-14T00:54:42Z</time><speed>4.358</speed><sat>17</sat></trkpt>
  <trkpt lat="14.97970979" lon="102.08597183"><ele>153.122</ele><time>2025-01-14T00:54:43Z</time><speed>4.196</speed><sat>17</sat></trkpt>
  <trkpt lat="14.97970907" lon="102.08601514"><ele>152.623</ele><time>2025-01-14T00:54:44Z</time><speed>3.900</speed><sat>19</sat></trkpt>
  <trkpt lat="14.97970697" lon="102.08605262"><ele>152.228</ele><time>2025-01-14T00:54:45Z</time><speed>3.848</speed><sat>17</sat></trkpt>
  <trkpt lat="14.97970762" lon="102.08607898"><ele>151.770</ele><time>2025-01-14T00:54:46Z</time><speed>3.776</speed><sat>18</sat></trkpt>
  <trkpt lat="14.97970800" lon="102.08609888"><ele>151.648</ele><time>2025-01-14T00:54:47Z</time><speed>3.908</speed><sat>19</sat></trkpt>
  <trkpt lat="14.97970604" lon="102.08612564"><ele>152.281</ele><time>2025-01-14T00:54:48Z</time><speed>3.703</speed><sat>16</sat></trkpt>
  <trkpt lat="14.97970613" lon="102.08615742"><ele>152.462</ele><time>2025-01-14T00:54:49Z</time><speed>3.730</speed><sat>18</sat></trkpt>
  <trkpt lat="14.97970738" lon="102.08619288"><ele>152.250</ele><time>2025-01-14T00:54:50Z</time><speed>3.787</speed><sat>18</sat></trkpt>
  <trkpt lat="14.97971090" lon="102.08623798"><ele>152.495</ele><time>2025-01-14T00:54:51Z</time><speed>3.970</speed><sat>20</sat></trkpt>
  <trkpt lat="14.97971549" lon="102.08627754"><ele>152.555</ele><time>2025-01-14T00:54:52Z</time><speed>4.112</speed><sat>19</sat></trkpt>
  <trkpt lat="14.97972457" lon="102.08631964"><ele>152.415</ele><time>2025-01-14T00:54:53Z</time><speed>4.037</speed><sat>20</sat></trkpt>
  <trkpt lat="14.97973174" lon="102.08635799"><ele>152.144</ele><time>2025-01-14T00:54:54Z</time><speed>4.244</speed><sat>21</sat></trkpt>
  <trkpt lat="14.97973181" lon="102.08639747"><ele>152.223</ele><time>2025-01-14T00:54:55Z</time><speed>4.085</speed><sat>16</sat></trkpt>
  <trkpt lat="14.97973299" lon="102.08643779"><ele>152.091</ele><time>2025-01-14T00:54:56Z</time><speed>4.033</speed><sat>16</sat></trkpt>
  <trkpt lat="14.97973790" lon="102.08648017"><ele>153.150</ele><time>2025-01-14T00:54:57Z</time><speed>4.034</speed><sat>15</sat></trkpt>
  <trkpt lat="14.97974280" lon="102.08652056"><ele>153.315</ele><time>2025-01-14T00:54:58Z</time><speed>4.420</speed><sat>12</sat></trkpt>
  <trkpt lat="14.97974834" lon="102.08656526"><ele>153.043</ele><time>2025-01-14T00:54:59Z</time><speed>4.791</speed><sat>10</sat></trkpt>
  <trkpt lat="14.97975282" lon="102.08661526"><ele>152.465</ele><time>2025-01-14T00:55:00Z</time><speed>5.278</speed><sat>7</sat></trkpt>
  <trkpt lat="14.97976088" lon="102.08667458"><ele>151.957</ele><time>2025-01-14T00:55:01Z</time><speed>5.925</speed><sat>9</sat></trkpt>
  <trkpt lat="14.97976798" lon="102.08673703"><ele>151.689</ele><time>2025-01-14T00:55:02Z</time><speed>6.293</speed><sat>9</sat></trkpt>
  <trkpt lat="14.97977605" lon="102.08681401"><ele>150.934</ele><time>2025-01-14T00:55:03Z</time><speed>6.825</speed><sat>11</sat></trkpt>
  <trkpt lat="14.97978239" lon="102.08688471"><ele>150.433</ele><time>2025-01-14T00:55:04Z</time><speed>7.170</speed><sat>8</sat></trkpt>
  <trkpt lat="14.97978610" lon="102.08696100"><ele>149.656</ele><time>2025-01-14T00:55:05Z</time><speed>7.321</speed><sat>9</sat></trkpt>
  <trkpt lat="14.97979320" lon="102.08703509"><ele>149.401</ele><time>2025-01-14T00:55:06Z</time><speed>7.514</speed><sat>7</sat></trkpt>
  <trkpt lat="14.97979927" lon="102.08711379"><ele>149.088</ele><time>2025-01-14T00:55:07Z</time><speed>7.774</speed><sat>7</sat></trkpt>
  <trkpt lat="14.97980588" lon="102.08721211"><ele>147.841</ele><time>2025-01-14T00:55:08Z</time><speed>8.475</speed><sat>7</sat></trkpt>
  <trkpt lat="14.97980695" lon="102.08731913"><ele>147.633</ele><time>2025-01-14T00:55:09Z</time><speed>9.166</speed><sat>6</sat></trkpt>
  <trkpt lat="14.97980991" lon="102.08742392"><ele>147.734</ele><time>2025-01-14T00:55:10Z</time><speed>9.667</speed><sat>6</sat></trkpt>
  <trkpt lat="14.97980981" lon="102.08753646"><ele>147.957</ele><time>2025-01-14T00:55:11Z</time><speed>10.043</speed><sat>8</sat></trkpt>
  <trkpt lat="14.97981083" lon="102.08764257"><ele>149.028</ele><time>2025-01-14T00:55:12Z</time><speed>10.112</speed><sat>8</sat></trkpt>
  <trkpt lat="14.97980842" lon="102.08775227"><ele>149.850</ele><time>2025-01-14T00:55:13Z</time><speed>10.092</speed><sat>8</sat></trkpt>
  <trkpt lat="14.97980817" lon="102.08786951"><ele>151.046</ele><time>2025-01-14T00:55:14Z</time><speed>10.156</speed><sat>11</sat></trkpt>
  <trkpt lat="14.97981197" lon="102.08798809"><ele>151.151</ele><time>2025-01-14T00:55:15Z</time><speed>10.144</speed><sat>11</sat></trkpt>
  <trkpt lat="14.97981825" lon="102.08810142"><ele>151.491</ele><time>2025-01-14T00:55:16Z</time><speed>10.143</speed><sat>10</sat></trkpt>
  <trkpt lat="14.97982791" lon="102.08821354"><ele>151.778</ele><time>2025-01-14T00:55:17Z</time><speed>10.131</speed><sat>12</sat></trkpt>
  <trkpt lat="14.97983315" lon="102.08831433"><ele>151.500</ele><time>2025-01-14T00:55:18Z</time><speed>9.837</speed><sat>13</sat></trkpt>
  <trkpt lat="14.97983624" lon="102.08841006"><ele>150.071</ele><time>2025-01-14T00:55:19Z</time><speed>9.864</speed><sat>12</sat></trkpt>
  <trkpt lat="14.97984070" lon="102.08851002"><ele>150.129</ele><time>2025-01-14T00:55:20Z</time><speed>9.789</speed><sat>14</sat></trkpt>
  <trkpt lat="14.97984828" lon="102.08862957"><ele>149.799</ele><time>2025-01-14T00:55:21Z</time><speed>10.089</speed><sat>17</sat></trkpt>
  <trkpt lat="14.97984313" lon="102.08873090"><ele>150.438</ele><time>2025-01-14T00:55:22Z</time><speed>10.065</speed><sat>18</sat></trkpt>
  <trkpt lat="14.97984146" lon="102.08882781"><ele>150.631</ele><time>2025-01-14T00:55:23Z</time><speed>9.937</speed><sat>17</sat></trkpt>
  <trkpt lat="14.97984572" lon="102.08892162"><ele>150.456</ele><time>2025-01-14T00:55:24Z</time><speed>9.486</speed><sat>16</sat></trkpt>
  <trkpt lat="14.97984473" lon="102.08901359"><ele>150.361</ele><time>2025-01-14T00:55:25Z</time><speed>9.278</speed><sat>13</sat></trkpt>
  <trkpt lat="14.97984446" lon="102.08909098"><ele>150.082</ele><time>2025-01-14T00:55:26Z</time><speed>9.320</speed><sat>18</sat></trkpt>
  <trkpt lat="14.97985011" lon="102.08916405"><ele>150.625</ele><time>2025-01-14T00:55:27Z</time><speed>9.085</speed><sat>19</sat></trkpt>
  <trkpt lat="14.97986711" lon="102.08923890"><ele>152.046</ele><time>2025-01-14T00:55:28Z</time><speed>8.418</speed><sat>19</sat></trkpt>
  <trkpt lat="14.97988820" lon="102.08932026"><ele>150.814</ele><time>2025-01-14T00:55:29Z</time><speed>8.078</speed><sat>21</sat></trkpt>
  <trkpt lat="14.97990662" lon="102.08939823"><ele>151.412</ele><time>2025-01-14T00:55:30Z</time><speed>7.931</speed><sat>22</sat></trkpt>
  <trkpt lat="14.97992483" lon="102.08945869"><ele>151.394</ele><time>2025-01-14T00:55:31Z</time><speed>7.848</speed><sat>21</sat></trkpt>
  <trkpt lat="14.97994676" lon="102.08951617"><ele>150.773</ele><time>2025-01-14T00:55:32Z</time><speed>7.718</speed><sat>16</sat></trkpt>
  <trkpt lat="14.97997235" lon="102.08957596"><ele>150.772</ele><time>2025-01-14T00:55:33Z</time><speed>7.785</speed><sat>15</sat></trkpt>
  <trkpt lat="14.97999427" lon="102.08963737"><ele>150.564</ele><time>2025-01-14T00:55:34Z</time><speed>7.578</speed><sat>16</sat></trkpt>
  <trkpt lat="14.98001798" lon="102.08969547"><ele>149.884</ele><time>2025-01-14T00:55:35Z</time><speed>7.508</speed><sat>17</sat></trkpt>
  <trkpt lat="14.98004717" lon="102.08974725"><ele>150.535</ele><time>2025-01-14T00:55:36Z</time><speed>7.156</speed><sat>18</sat></trkpt>
  <trkpt lat="14.98008157" lon="102.08979080"><ele>152.161</ele><time>2025-01-14T00:55:37Z</time><speed>7.026</speed><sat>17</sat></trkpt>
  <trkpt lat="14.98015181" lon="102.08985514"><ele>155.165</ele><time>2025-01-14T00:55:38Z</time><speed>7.245</speed><sat>18</sat></trkpt>
  <trkpt lat="14.98021323" lon="102.08989965"><ele>156.487</ele><time>2025-01-14T00:55:39Z</time><speed>7.764</speed><sat>18</sat></trkpt>
  <trkpt lat="14.98027203" lon="102.08995026"><ele>157.235</ele><time>2025-01-14T00:55:40Z</time><speed>8.064</speed><sat>18</sat></trkpt>
  <trkpt lat="14.98032187" lon="102.09000618"><ele>156.339</ele><time>2025-01-14T00:55:41Z</time><speed>8.068</speed><sat>17</sat></trkpt>
  <trkpt lat="14.98037008" lon="102.09005089"><ele>157.489</ele><time>2025-01-14T00:55:42Z</time><speed>7.760</speed><sat>15</sat></trkpt>
  <trkpt lat="14.98042009" lon="102.09008891"><ele>159.128</ele><time>2025-01-14T00:55:43Z</time><speed>7.463</speed><sat>16</sat></trkpt>
  <trkpt lat="14.98047934" lon="102.09013014"><ele>159.582</ele><time>2025-01-14T00:55:44Z</time><speed>7.306</speed><sat>14</sat></trkpt>
  <trkpt lat="14.98054578" lon="102.09018913"><ele>159.294</ele><time>2025-01-14T00:55:45Z</time><speed>7.373</speed><sat>16</sat></trkpt>
  <trkpt lat="14.98060568" lon="102.09023939"><ele>159.539</ele><time>2025-01-14T00:55:46Z</time><speed>7.289</speed><sat>17</sat></trkpt>
  <trkpt lat="14.98066663" lon="102.09028279"><ele>159.107</ele><time>2025-01-14T00:55:47Z</time><speed>6.985</speed><sat>17</sat></trkpt>
  <trkpt lat="14.98072406" lon="102.09032479"><ele>158.849</ele><time>2025-01-14T00:55:48Z</time><speed>6.861</speed><sat>18</sat></trkpt>
  <trkpt lat="14.98078000" lon="102.09036634"><ele>158.246</ele><time>2025-01-14T00:55:49Z</time><speed>6.679</speed><sat>16</sat></trkpt>
  <trkpt lat="14.98084011" lon="102.09040288"><ele>157.564</ele><time>2025-01-14T00:55:50Z</time><speed>6.547</speed><sat>19</sat></trkpt>
  <trkpt lat="14.98089599" lon="102.09043015"><ele>156.791</ele><time>2025-01-14T00:55:51Z</time><speed>6.281</speed><sat>20</sat></trkpt>
  <trkpt lat="14.98095483" lon="102.09045533"><ele>156.173</ele><time>2025-01-14T00:55:52Z</time><speed>5.821</speed><sat>17</sat></trkpt>
  <trkpt lat="14.98100307" lon="102.09047719"><ele>155.582</ele><time>2025-01-14T00:55:53Z</time><speed>5.558</speed><sat>18</sat></trkpt>
  <trkpt lat="14.98104608" lon="102.09050249"><ele>154.709</ele><time>2025-01-14T00:55:54Z</time><speed>5.532</speed><sat>16</sat></trkpt>
  <trkpt lat="14.98108063" lon="102.09052045"><ele>154.065</ele><time>2025-01-14T00:55:55Z</time><speed>4.374</speed><sat>16</sat></trkpt>
  <trkpt lat="14.98110561" lon="102.09053533"><ele>154.394</ele><time>2025-01-14T00:55:56Z</time><speed>3.438</speed><sat>20</sat></trkpt>
  <trkpt lat="14.98112405" lon="102.09054511"><ele>154.340</ele><time>2025-01-14T00:55:57Z</time><speed>2.678</speed><sat>20</sat></trkpt>
  <trkpt lat="14.98114115" lon="102.09055479"><ele>154.205</ele><time>2025-01-14T00:55:58Z</time><speed>2.184</speed><sat>20</sat></trkpt>
  <trkpt lat="14.98114730" lon="102.09056237"><ele>154.030</ele><time>2025-01-14T00:55:59Z</time><speed>1.852</speed><sat>19</sat></trkpt>
  <trkpt lat="14.98115512" lon="102.09056390"><ele>154.738</ele><time>2025-01-14T00:56:00Z</time><speed>0.988</speed><sat>19</sat></trkpt>
  <trkpt lat="14.98116418" lon="102.09056480"><ele>154.108</ele><time>2025-01-14T00:56:01Z</time><speed>0.000</speed><sat>18</sat></trkpt>
  <trkpt lat="14.98116418" lon="102.09056480"><ele>154.345</ele><time>2025-01-14T00:56:02Z</time><speed>0.000</speed><sat>19</sat></trkpt>
  <trkpt lat="14.98116418" lon="102.09056480"><ele>155.184</ele><time>2025-01-14T00:56:03Z</time><speed>0.000</speed><sat>21</sat></trkpt>
  <trkpt lat="14.98116418" lon="102.09056480"><ele>155.034</ele><time>2025-01-14T00:56:04Z</time><speed>0.000</speed><sat>21</sat></trkpt>
  <trkpt lat="14.98116418" lon="102.09056480"><ele>154.436</ele><time>2025-01-14T00:56:05Z</time><speed>0.000</speed><sat>19</sat></trkpt>
  <trkpt lat="14.98116418" lon="102.09056480"><ele>153.365</ele><time>2025-01-14T00:56:06Z</time><speed>0.000</speed><sat>20</sat></trkpt>
  <trkpt lat="14.98120371" lon="102.09052880"><ele>152.032</ele><time>2025-01-14T00:56:07Z</time><speed>0.000</speed><sat>20</sat></trkpt>
  <trkpt lat="14.98120371" lon="102.09052880"><ele>150.707</ele><time>2025-01-14T00:56:08Z</time><speed>0.000</speed><sat>18</sat></trkpt>
  <trkpt lat="14.98120371" lon="102.09052880"><ele>149.661</ele><time>2025-01-14T00:56:09Z</time><speed>0.000</speed><sat>19</sat></trkpt>
  <trkpt lat="14.98120371" lon="102.09052880"><ele>148.569</ele><time>2025-01-14T00:56:10Z</time><speed>0.000</speed><sat>20</sat></trkpt>
  <trkpt lat="14.98120371" lon="102.09052880"><ele>147.591</ele><time>2025-01-14T00:56:11Z</time><speed>0.000</speed><sat>17</sat></trkpt>
  <trkpt lat="14.98120371" lon="102.09052880"><ele>146.924</ele><time>2025-01-14T00:56:12Z</time><speed>0.000</speed><sat>19</sat></trkpt>
  <trkpt lat="14.98120371" lon="102.09052880"><ele>145.783</ele><time>2025-01-14T00:56:13Z</time><speed>0.000</speed><sat>20</sat></trkpt>
  <trkpt lat="14.98120371" lon="102.09052880"><ele>145.045</ele><time>2025-01-14T00:56:14Z</time><speed>0.000</speed><sat>19</sat></trkpt>
  <trkpt lat="14.98120371" lon="102.09052880"><ele>144.602</ele><time>2025-01-14T00:56:15Z</time><speed>0.000</speed><sat>20</sat></trkpt>
  <trkpt lat="14.98120371" lon="102.09052880"><ele>144.459</ele><time>2025-01-14T00:56:16Z</time><speed>0.000</speed><sat>20</sat></trkpt>
  <trkpt lat="14.98120371" lon="102.09052880"><ele>144.338</ele><time>2025-01-14T00:56:17Z</time><speed>0.000</speed><sat>20</sat></trkpt>
  <trkpt lat="14.98120371" lon="102.09052880"><ele>144.151</ele><time>2025-01-14T00:56:18Z</time><speed>0.000</speed><sat>19</sat></trkpt>
  <trkpt lat="14.98120371" lon="102.09052880"><ele>143.744</ele><time>2025-01-14T00:56:19Z</time><speed>0.000</speed><sat>18</sat></trkpt>
  <trkpt lat="14.98120371" lon="102.09052880"><ele>143.562</ele><time>2025-01-14T00:56:20Z</time><speed>0.000</speed><sat>18</sat></trkpt>
  <trkpt lat="14.98120371" lon="102.09052880"><ele>143.406</ele><time>2025-01-14T00:56:21Z</time><speed>0.000</speed><sat>19</sat></trkpt>
  <trkpt lat="14.98120371" lon="102.09052880"><ele>143.476</ele><time>2025-01-14T00:56:22Z</time><speed>0.000</speed><sat>19</sat></trkpt>
  <trkpt lat="14.98123487" lon="102.09056384"><ele>143.796</ele><time>2025-01-14T00:56:23Z</time><speed>1.414</speed><sat>19</sat></trkpt>
  <trkpt lat="14.98124347" lon="102.09056935"><ele>143.879</ele><time>2025-01-14T00:56:24Z</time><speed>1.875</speed><sat>18</sat></trkpt>
  <trkpt lat="14.98124991" lon="102.09057659"><ele>143.877</ele><time>2025-01-14T00:56:25Z</time><speed>2.342</speed><sat>17</sat></trkpt>
  <trkpt lat="14.98126534" lon="102.09058732"><ele>144.007</ele><time>2025-01-14T00:56:26Z</time><speed>2.270</speed><sat>17</sat></trkpt>
  <trkpt lat="14.98127989" lon="102.09059424"><ele>144.627</ele><time>2025-01-14T00:56:27Z</time><speed>2.185</speed><sat>17</sat></trkpt>
  <trkpt lat="14.98129302" lon="102.09060618"><ele>145.263</ele><time>2025-01-14T00:56:28Z</time><speed>2.279</speed><sat>16</sat></trkpt>
  <trkpt lat="14.98130306" lon="102.09061922"><ele>145.482</ele><time>2025-01-14T00:56:29Z</time><speed>1.711</speed><sat>17</sat></trkpt>
  <trkpt lat="14.98131019" lon="102.09063737"><ele>145.842</ele><time>2025-01-14T00:56:30Z</time><speed>1.096</speed><sat>20</sat></trkpt>
  <trkpt lat="14.98132021" lon="102.09065150"><ele>146.889</ele><time>2025-01-14T00:56:31Z</time><speed>1.152</speed><sat>20</sat></trkpt>
  <trkpt lat="14.98132417" lon="102.09065904"><ele>147.152</ele><time>2025-01-14T00:56:32Z</time><speed>1.310</speed><sat>19</sat></trkpt>
  <trkpt lat="14.98133458" lon="102.09066623"><ele>147.521</ele><time>2025-01-14T00:56:33Z</time><speed>1.698</speed><sat>19</sat></trkpt>
  <trkpt lat="14.98134893" lon="102.09067661"><ele>148.353</ele><time>2025-01-14T00:56:34Z</time><speed>1.829</speed><sat>21</sat></trkpt>
  <trkpt lat="14.98136743" lon="102.09069166"><ele>149.095</ele><time>2025-01-14T00:56:35Z</time><speed>1.988</speed><sat>23</sat></trkpt>
  <trkpt lat="14.98138256" lon="102.09071269"><ele>149.423</ele><time>2025-01-14T00:56:36Z</time><speed>2.320</speed><sat>19</sat></trkpt>
  <trkpt lat="14.98140334" lon="102.09073139"><ele>150.604</ele><time>2025-01-14T00:56:37Z</time><speed>2.820</speed><sat>19</sat></trkpt>
  <trkpt lat="14.98142791" lon="102.09074815"><ele>151.640</ele><time>2025-01-14T00:56:38Z</time><speed>3.207</speed><sat>22</sat></trkpt>
  <trkpt lat="14.98144876" lon="102.09076219"><ele>153.006</ele><time>2025-01-14T00:56:39Z</time><speed>3.530</speed><sat>22</sat></trkpt>
  <trkpt lat="14.98147458" lon="102.09078057"><ele>153.365</ele><time>2025-01-14T00:56:40Z</time><speed>4.005</speed><sat>19</sat></trkpt>
  <trkpt lat="14.98151709" lon="102.09079630"><ele>153.176</ele><time>2025-01-14T00:56:41Z</time><speed>4.567</speed><sat>17</sat></trkpt>
  <trkpt lat="14.98156981" lon="102.09081662"><ele>153.180</ele><time>2025-01-14T00:56:42Z</time><speed>4.468</speed><sat>21</sat></trkpt>
  <trkpt lat="14.98161305" lon="102.09083796"><ele>154.367</ele><time>2025-01-14T00:56:43Z</time><speed>4.783</speed><sat>21</sat></trkpt>
  <trkpt lat="14.98166706" lon="102.09087783"><ele>155.799</ele><time>2025-01-14T00:56:44Z</time><speed>5.241</speed><sat>24</sat></trkpt>
  <trkpt lat="14.98172544" lon="102.09092617"><ele>156.077</ele><time>2025-01-14T00:56:45Z</time><speed>6.468</speed><sat>19</sat></trkpt>
  <trkpt lat="14.98177030" lon="102.09097917"><ele>156.209</ele><time>2025-01-14T00:56:46Z</time><speed>6.591</speed><sat>19</sat></trkpt>
  <trkpt lat="14.98181439" lon="102.09102156"><ele>156.254</ele><time>2025-01-14T00:56:47Z</time><speed>6.632</speed><sat>17</sat></trkpt>
  <trkpt lat="14.98187010" lon="102.09106444"><ele>155.613</ele><time>2025-01-14T00:56:48Z</time><speed>6.772</speed><sat>18</sat></trkpt>
  <trkpt lat="14.98193552" lon="102.09110271"><ele>154.814</ele><time>2025-01-14T00:56:49Z</time><speed>6.968</speed><sat>21</sat></trkpt>
  <trkpt lat="14.98201525" lon="102.09115291"><ele>151.595</ele><time>2025-01-14T00:56:50Z</time><speed>7.277</speed><sat>22</sat></trkpt>
  <trkpt lat="14.98208489" lon="102.09120309"><ele>151.633</ele><time>2025-01-14T00:56:51Z</time><speed>7.484</speed><sat>22</sat></trkpt>
  <trkpt lat="14.98214844" lon="102.09125050"><ele>151.550</ele><time>2025-01-14T00:56:52Z</time><speed>7.610</speed><sat>21</sat></trkpt>
  <trkpt lat="14.98220981" lon="102.09129245"><ele>151.481</ele><time>2025-01-14T00:56:53Z</time><speed>7.676</speed><sat>17</sat></trkpt>
  <trkpt lat="14.98226600" lon="102.09133271"><ele>151.450</ele><time>2025-01-14T00:56:54Z</time><speed>7.647</speed><sat>19</sat></trkpt>
  <trkpt lat="14.98232889" lon="102.09137768"><ele>151.616</ele><time>2025-01-14T00:56:55Z</time><speed>7.627</speed><sat>21</sat></trkpt>
  <trkpt lat="14.98238787" lon="102.09142274"><ele>151.744</ele><time>2025-01-14T00:56:56Z</time><speed>7.512</speed><sat>23</sat></trkpt>
  <trkpt lat="14.98244792" lon="102.09146987"><ele>150.816</ele><time>2025-01-14T00:56:57Z</time><speed>7.591</speed><sat>22</sat></trkpt>
  <trkpt lat="14.98250587" lon="102.09151159"><ele>150.797</ele><time>2025-01-14T00:56:58Z</time><speed>7.514</speed><sat>24</sat></trkpt>
  <trkpt lat="14.98256423" lon="102.09154989"><ele>150.768</ele><time>2025-01-14T00:56:59Z</time><speed>7.423</speed><sat>21</sat></trkpt>
  <trkpt lat="14.98261829" lon="102.09159160"><ele>151.108</ele><time>2025-01-14T00:57:00Z</time><speed>7.455</speed><sat>22</sat></trkpt>
  <trkpt lat="14.98267477" lon="102.09163157"><ele>151.682</ele><time>2025-01-14T00:57:01Z</time><speed>7.340</speed><sat>22</sat></trkpt>
  <trkpt lat="14.98273065" lon="102.09167121"><ele>151.722</ele><time>2025-01-14T00:57:02Z</time><speed>7.380</speed><sat>23</sat></trkpt>
  <trkpt lat="14.98278652" lon="102.09171136"><ele>151.693</ele><time>2025-01-14T00:57:03Z</time><speed>7.436</speed><sat>25</sat></trkpt>
  <trkpt lat="14.98284496" lon="102.09175760"><ele>151.282</ele><time>2025-01-14T00:57:04Z</time><speed>7.632</speed><sat>23</sat></trkpt>
  <trkpt lat="14.98290073" lon="102.09179864"><ele>150.768</ele><time>2025-01-14T00:57:05Z</time><speed>7.709</speed><sat>22</sat></trkpt>
  <trkpt lat="14.98295819" lon="102.09184297"><ele>150.693</ele><time>2025-01-14T00:57:06Z</time><speed>7.644</speed><sat>23</sat></trkpt>
  <trkpt lat="14.98301831" lon="102.09188844"><ele>150.692</ele><time>2025-01-14T00:57:07Z</time><speed>7.261</speed><sat>23</sat></trkpt>
  <trkpt lat="14.98306932" lon="102.09192836"><ele>150.849</ele><time>2025-01-14T00:57:08Z</time><speed>6.815</speed><sat>25</sat></trkpt>
  <trkpt lat="14.98311824" lon="102.09196317"><ele>150.518</ele><time>2025-01-14T00:57:09Z</time><speed>6.546</speed><sat>24</sat></trkpt>
  <trkpt lat="14.98316574" lon="102.09199759"><ele>150.284</ele><time>2025-01-14T00:57:10Z</time><speed>6.318</speed><sat>25</sat></trkpt>
  <trkpt lat="14.98321409" lon="102.09203575"><ele>150.204</ele><time>2025-01-14T00:57:11Z</time><speed>6.102</speed><sat>25</sat></trkpt>
  <trkpt lat="14.98325999" lon="102.09207113"><ele>150.177</ele><time>2025-01-14T00:57:12Z</time><speed>5.281</speed><sat>23</sat></trkpt>
  <trkpt lat="14.98329651" lon="102.09209455"><ele>149.535</ele><time>2025-01-14T00:57:13Z</time><speed>4.561</speed><sat>23</sat></trkpt>
  <trkpt lat="14.98332967" lon="102.09211511"><ele>149.609</ele><time>2025-01-14T00:57:14Z</time><speed>4.398</speed><sat>22</sat></trkpt>
  <trkpt lat="14.98334957" lon="102.09213135"><ele>149.737</ele><time>2025-01-14T00:57:15Z</time><speed>3.616</speed><sat>25</sat></trkpt>
  <trkpt lat="14.98336884" lon="102.09214426"><ele>149.390</ele><time>2025-01-14T00:57:16Z</time><speed>2.671</speed><sat>24</sat></trkpt>
  <trkpt lat="14.98337037" lon="102.09214636"><ele>149.667</ele><time>2025-01-14T00:57:17Z</time><speed>1.436</speed><sat>21</sat></trkpt>
  <trkpt lat="14.98337253" lon="102.09214995"><ele>149.648</ele><time>2025-01-14T00:57:18Z</time><speed>0.578</speed><sat>25</sat></trkpt>
  <trkpt lat="14.98337270" lon="102.09215297"><ele>149.553</ele><time>2025-01-14T00:57:19Z</time><speed>0.336</speed><sat>24</sat></trkpt>
  <trkpt lat="14.98337092" lon="102.09215298"><ele>149.915</ele><time>2025-01-14T00:57:20Z</time><speed>0.000</speed><sat>24</sat></trkpt>
  <trkpt lat="14.98337092" lon="102.09215298"><ele>150.175</ele><time>2025-01-14T00:57:21Z</time><speed>0.000</speed><sat>25</sat></trkpt>
  <trkpt lat="14.98337092" lon="102.09215298"><ele>150.624</ele><time>2025-01-14T00:57:22Z</time><speed>0.000</speed><sat>24</sat></trkpt>
  <trkpt lat="14.98337092" lon="102.09215298"><ele>150.820</ele><time>2025-01-14T00:57:23Z</time><speed>0.000</speed><sat>26</sat></trkpt>
  <trkpt lat="14.98337092" lon="102.09215298"><ele>150.622</ele><time>2025-01-14T00:57:24Z</time><speed>0.000</speed><sat>24</sat></trkpt>
  <trkpt lat="14.98337092" lon="102.09215298"><ele>151.423</ele><time>2025-01-14T00:57:25Z</time><speed>0.000</speed><sat>24</sat></trkpt>
  <trkpt lat="14.98337092" lon="102.09215298"><ele>151.131</ele><time>2025-01-14T00:57:26Z</time><speed>0.000</speed><sat>26</sat></trkpt>
  <trkpt lat="14.98337092" lon="102.09215298"><ele>150.968</ele><time>2025-01-14T00:57:27Z</time><speed>0.000</speed><sat>27</sat></trkpt>
  <trkpt lat="14.98337092" lon="102.09215298"><ele>150.854</ele><time>2025-01-14T00:57:28Z</time><speed>0.000</speed><sat>27</sat></trkpt>
  <trkpt lat="14.98337092" lon="102.09215298"><ele>150.961</ele><time>2025-01-14T00:57:29Z</time><speed>0.000</speed><sat>28</sat></trkpt>
  <trkpt lat="14.98337092" lon="102.09215298"><ele>150.934</ele><time>2025-01-14T00:57:30Z</time><speed>0.000</speed><sat>28</sat></trkpt>
  <trkpt lat="14.98337092" lon="102.09215298"><ele>150.958</ele><time>2025-01-14T00:57:31Z</time><speed>0.000</speed><sat>28</sat></trkpt>
  <trkpt lat="14.98337092" lon="102.09215298"><ele>151.017</ele><time>2025-01-14T00:57:32Z</time><speed>0.000</speed><sat>27</sat></trkpt>
  <trkpt lat="14.98337092" lon="102.09215298"><ele>151.081</ele><time>2025-01-14T00:57:33Z</time><speed>0.000</speed><sat>28</sat></trkpt>
  <trkpt lat="14.98337092" lon="102.09215298"><ele>150.847</ele><time>2025-01-14T00:57:34Z</time><speed>0.000</speed><sat>27</sat></trkpt>
  <trkpt lat="14.98337092" lon="102.09215298"><ele>150.932</ele><time>2025-01-14T00:57:35Z</time><speed>0.000</speed><sat>26</sat></trkpt>
  <trkpt lat="14.98337092" lon="102.09215298"><ele>150.818</ele><time>2025-01-14T00:57:36Z</time><speed>0.000</speed><sat>28</sat></trkpt>
  <trkpt lat="14.98337092" lon="102.09215298"><ele>150.401</ele><time>2025-01-14T00:57:37Z</time><speed>0.000</speed><sat>26</sat></trkpt>
  <trkpt lat="14.98337092" lon="102.09215298"><ele>150.414</ele><time>2025-01-14T00:57:38Z</time><speed>0.000</speed><sat>28</sat></trkpt>
  <trkpt lat="14.98337092" lon="102.09215298"><ele>150.371</ele><time>2025-01-14T00:57:39Z</time><speed>0.000</speed><sat>23</sat></trkpt>
  <trkpt lat="14.98337092" lon="102.09215298"><ele>150.329</ele><time>2025-01-14T00:57:40Z</time><speed>0.000</speed><sat>24</sat></trkpt>
  <trkpt lat="14.98337092" lon="102.09215298"><ele>150.292</ele><time>2025-01-14T00:57:41Z</time><speed>0.000</speed><sat>24</sat></trkpt>
  <trkpt lat="14.98337092" lon="102.09215298"><ele>150.430</ele><time>2025-01-14T00:57:42Z</time><speed>0.000</speed><sat>25</sat></trkpt>
  <trkpt lat="14.98337092" lon="102.09215298"><ele>150.351</ele><time>2025-01-14T00:57:43Z</time><speed>0.000</speed><sat>24</sat></trkpt>
  <trkpt lat="14.98337092" lon="102.09215298"><ele>150.462</ele><time>2025-01-14T00:57:44Z</time><speed>0.000</speed><sat>24</sat></trkpt>
  <trkpt lat="14.98338045" lon="102.09217101"><ele>150.348</ele><time>2025-01-14T00:57:45Z</time><speed>1.375</speed><sat>24</sat></trkpt>
  <trkpt lat="14.98339500" lon="102.09218378"><ele>150.328</ele><time>2025-01-14T00:57:46Z</time><speed>1.994</speed><sat>24</sat></trkpt>
  <trkpt lat="14.98341642" lon="102.09220300"><ele>150.115</ele><time>2025-01-14T00:57:47Z</time><speed>2.716</speed><sat>22</sat></trkpt>
  <trkpt lat="14.98344237" lon="102.09222491"><ele>150.198</ele><time>2025-01-14T00:57:48Z</time><speed>3.543</speed><sat>23</sat></trkpt>
  <trkpt lat="14.98347600" lon="102.09225015"><ele>150.480</ele><time>2025-01-14T00:57:49Z</time><speed>4.086</speed><sat>24</sat></trkpt>
  <trkpt lat="14.98350919" lon="102.09227505"><ele>150.413</ele><time>2025-01-14T00:57:50Z</time><speed>4.161</speed><sat>23</sat></trkpt>
  <trkpt lat="14.98354539" lon="102.09230351"><ele>150.277</ele><time>2025-01-14T00:57:51Z</time><speed>4.652</speed><sat>24</sat></trkpt>
  <trkpt lat="14.98358561" lon="102.09233320"><ele>150.032</ele><time>2025-01-14T00:57:52Z</time><speed>5.346</speed><sat>24</sat></trkpt>
  <trkpt lat="14.98363175" lon="102.09236566"><ele>149.636</ele><time>2025-01-14T00:57:53Z</time><speed>6.163</speed><sat>21</sat></trkpt>
  <trkpt lat="14.98368372" lon="102.09240433"><ele>149.535</ele><time>2025-01-14T00:57:54Z</time><speed>6.966</speed><sat>21</sat></trkpt>
  <trkpt lat="14.98373978" lon="102.09244311"><ele>149.296</ele><time>2025-01-14T00:57:55Z</time><speed>7.259</speed><sat>25</sat></trkpt>
  <trkpt lat="14.98379703" lon="102.09248513"><ele>149.033</ele><time>2025-01-14T00:57:56Z</time><speed>7.570</speed><sat>24</sat></trkpt>
  <trkpt lat="14.98385600" lon="102.09252894"><ele>148.841</ele><time>2025-01-14T00:57:57Z</time><speed>7.961</speed><sat>25</sat></trkpt>
  <trkpt lat="14.98391782" lon="102.09257578"><ele>148.491</ele><time>2025-01-14T00:57:58Z</time><speed>8.254</speed><sat>24</sat></trkpt>
  <trkpt lat="14.98398293" lon="102.09262454"><ele>148.431</ele><time>2025-01-14T00:57:59Z</time><speed>8.604</speed><sat>24</sat></trkpt>
  <trkpt lat="14.98404924" lon="102.09267434"><ele>148.062</ele><time>2025-01-14T00:58:00Z</time><speed>8.978</speed><sat>24</sat></trkpt>
  <trkpt lat="14.98411713" lon="102.09272660"><ele>147.900</ele><time>2025-01-14T00:58:01Z</time><speed>9.446</speed><sat>24</sat></trkpt>
  <trkpt lat="14.98418898" lon="102.09278097"><ele>147.799</ele><time>2025-01-14T00:58:02Z</time><speed>9.722</speed><sat>23</sat></trkpt>
  <trkpt lat="14.98425999" lon="102.09283516"><ele>147.522</ele><time>2025-01-14T00:58:03Z</time><speed>9.561</speed><sat>24</sat></trkpt>
  <trkpt lat="14.98432712" lon="102.09288583"><ele>147.360</ele><time>2025-01-14T00:58:04Z</time><speed>9.139</speed><sat>24</sat></trkpt>
  <trkpt lat="14.98439210" lon="102.09293254"><ele>147.271</ele><time>2025-01-14T00:58:05Z</time><speed>8.675</speed><sat>25</sat></trkpt>
  <trkpt lat="14.98445446" lon="102.09297753"><ele>146.855</ele><time>2025-01-14T00:58:06Z</time><speed>8.457</speed><sat>22</sat></trkpt>
  <trkpt lat="14.98451664" lon="102.09302147"><ele>146.729</ele><time>2025-01-14T00:58:07Z</time><speed>8.149</speed><sat>25</sat></trkpt>
  <trkpt lat="14.98457620" lon="102.09306215"><ele>146.917</ele><time>2025-01-14T00:58:08Z</time><speed>7.693</speed><sat>28</sat></trkpt>
  <trkpt lat="14.98463475" lon="102.09310132"><ele>146.962</ele><time>2025-01-14T00:58:09Z</time><speed>7.299</speed><sat>27</sat></trkpt>
  <trkpt lat="14.98469073" lon="102.09313783"><ele>147.002</ele><time>2025-01-14T00:58:10Z</time><speed>7.040</speed><sat>25</sat></trkpt>
  <trkpt lat="14.98474451" lon="102.09317542"><ele>146.995</ele><time>2025-01-14T00:58:11Z</time><speed>7.110</speed><sat>27</sat></trkpt>
  <trkpt lat="14.98479678" lon="102.09321266"><ele>146.988</ele><time>2025-01-14T00:58:12Z</time><speed>7.105</speed><sat>26</sat></trkpt>
  <trkpt lat="14.98484799" lon="102.09325054"><ele>146.729</ele><time>2025-01-14T00:58:13Z</time><speed>7.133</speed><sat>26</sat></trkpt>
  <trkpt lat="14.98489652" lon="102.09328841"><ele>146.655</ele><time>2025-01-14T00:58:14Z</time><speed>6.827</speed><sat>24</sat></trkpt>
  <trkpt lat="14.98494260" lon="102.09332442"><ele>146.830</ele><time>2025-01-14T00:58:15Z</time><speed>6.674</speed><sat>27</sat></trkpt>
  <trkpt lat="14.98499330" lon="102.09336242"><ele>146.873</ele><time>2025-01-14T00:58:16Z</time><speed>7.079</speed><sat>26</sat></trkpt>
  <trkpt lat="14.98505005" lon="102.09340304"><ele>146.942</ele><time>2025-01-14T00:58:17Z</time><speed>7.579</speed><sat>25</sat></trkpt>
  <trkpt lat="14.98510932" lon="102.09344370"><ele>147.077</ele><time>2025-01-14T00:58:18Z</time><speed>7.765</speed><sat>26</sat></trkpt>
  <trkpt lat="14.98516748" lon="102.09348483"><ele>147.180</ele><time>2025-01-14T00:58:19Z</time><speed>7.745</speed><sat>25</sat></trkpt>
  <trkpt lat="14.98522681" lon="102.09352707"><ele>147.133</ele><time>2025-01-14T00:58:20Z</time><speed>7.985</speed><sat>24</sat></trkpt>
  <trkpt lat="14.98528728" lon="102.09356883"><ele>147.175</ele><time>2025-01-14T00:58:21Z</time><speed>8.186</speed><sat>26</sat></trkpt>
  <trkpt lat="14.98535507" lon="102.09361021"><ele>147.338</ele><time>2025-01-14T00:58:22Z</time><speed>8.302</speed><sat>26</sat></trkpt>
  <trkpt lat="14.98542448" lon="102.09365329"><ele>147.630</ele><time>2025-01-14T00:58:23Z</time><speed>8.402</speed><sat>24</sat></trkpt>
  <trkpt lat="14.98549109" lon="102.09369006"><ele>147.705</ele><time>2025-01-14T00:58:24Z</time><speed>8.240</speed><sat>25</sat></trkpt>
  <trkpt lat="14.98555533" lon="102.09372554"><ele>147.867</ele><time>2025-01-14T00:58:25Z</time><speed>7.890</speed><sat>25</sat></trkpt>
  <trkpt lat="14.98561550" lon="102.09375978"><ele>148.123</ele><time>2025-01-14T00:58:26Z</time><speed>7.803</speed><sat>23</sat></trkpt>
  <trkpt lat="14.98567518" lon="102.09379640"><ele>148.297</ele><time>2025-01-14T00:58:27Z</time><speed>7.916</speed><sat>24</sat></trkpt>
  <trkpt lat="14.98573758" lon="102.09383631"><ele>148.523</ele><time>2025-01-14T00:58:28Z</time><speed>8.089</speed><sat>24</sat></trkpt>
  <trkpt lat="14.98580129" lon="102.09387829"><ele>148.612</ele><time>2025-01-14T00:58:29Z</time><speed>8.301</speed><sat>25</sat></trkpt>
  <trkpt lat="14.98586761" lon="102.09392148"><ele>148.602</ele><time>2025-01-14T00:58:30Z</time><speed>8.685</speed><sat>24</sat></trkpt>
  <trkpt lat="14.98593539" lon="102.09396514"><ele>148.512</ele><time>2025-01-14T00:58:31Z</time><speed>8.794</speed><sat>24</sat></trkpt>
  <trkpt lat="14.98600222" lon="102.09401083"><ele>148.566</ele><time>2025-01-14T00:58:32Z</time><speed>9.009</speed><sat>24</sat></trkpt>
  <trkpt lat="14.98606966" lon="102.09406093"><ele>148.641</ele><time>2025-01-14T00:58:33Z</time><speed>8.988</speed><sat>24</sat></trkpt>
  <trkpt lat="14.98613615" lon="102.09410820"><ele>148.798</ele><time>2025-01-14T00:58:34Z</time><speed>8.871</speed><sat>24</sat></trkpt>
  <trkpt lat="14.98620329" lon="102.09415599"><ele>148.885</ele><time>2025-01-14T00:58:35Z</time><speed>8.898</speed><sat>23</sat></trkpt>
  <trkpt lat="14.98627106" lon="102.09420444"><ele>148.852</ele><time>2025-01-14T00:58:36Z</time><speed>8.977</speed><sat>23</sat></trkpt>
  <trkpt lat="14.98633734" lon="102.09424827"><ele>149.042</ele><time>2025-01-14T00:58:37Z</time><speed>8.895</speed><sat>22</sat></trkpt>
  <trkpt lat="14.98640241" lon="102.09429341"><ele>149.161</ele><time>2025-01-14T00:58:38Z</time><speed>8.711</speed><sat>21</sat></trkpt>
  <trkpt lat="14.98646406" lon="102.09433725"><ele>149.324</ele><time>2025-01-14T00:58:39Z</time><speed>8.297</speed><sat>22</sat></trkpt>
  <trkpt lat="14.98652345" lon="102.09437944"><ele>149.423</ele><time>2025-01-14T00:58:40Z</time><speed>7.961</speed><sat>21</sat></trkpt>
  <trkpt lat="14.98658117" lon="102.09441957"><ele>149.441</ele><time>2025-01-14T00:58:41Z</time><speed>7.808</speed><sat>22</sat></trkpt>
  <trkpt lat="14.98663920" lon="102.09445918"><ele>149.492</ele><time>2025-01-14T00:58:42Z</time><speed>7.650</speed><sat>24</sat></trkpt>
  <trkpt lat="14.98669333" lon="102.09449664"><ele>149.600</ele><time>2025-01-14T00:58:43Z</time><speed>7.543</speed><sat>24</sat></trkpt>
  <trkpt lat="14.98674893" lon="102.09453469"><ele>149.803</ele><time>2025-01-14T00:58:44Z</time><speed>7.376</speed><sat>23</sat></trkpt>
  <trkpt lat="14.98680312" lon="102.09457368"><ele>149.543</ele><time>2025-01-14T00:58:45Z</time><speed>7.135</speed><sat>23</sat></trkpt>
  <trkpt lat="14.98685558" lon="102.09460930"><ele>149.727</ele><time>2025-01-14T00:58:46Z</time><speed>7.187</speed><sat>21</sat></trkpt>
  <trkpt lat="14.98690999" lon="102.09464753"><ele>149.711</ele><time>2025-01-14T00:58:47Z</time><speed>7.306</speed><sat>23</sat></trkpt>
  <trkpt lat="14.98696584" lon="102.09468647"><ele>149.603</ele><time>2025-01-14T00:58:48Z</time><speed>7.565</speed><sat>25</sat></trkpt>
  <trkpt lat="14.98702376" lon="102.09472421"><ele>149.833</ele><time>2025-01-14T00:58:49Z</time><speed>7.748</speed><sat>24</sat></trkpt>
  <trkpt lat="14.98708250" lon="102.09476454"><ele>149.854</ele><time>2025-01-14T00:58:50Z</time><speed>7.963</speed><sat>25</sat></trkpt>
  <trkpt lat="14.98714103" lon="102.09480367"><ele>149.911</ele><time>2025-01-14T00:58:51Z</time><speed>7.811</speed><sat>25</sat></trkpt>
  <trkpt lat="14.98719636" lon="102.09484192"><ele>149.962</ele><time>2025-01-14T00:58:52Z</time><speed>7.503</speed><sat>25</sat></trkpt>
  <trkpt lat="14.98725061" lon="102.09487959"><ele>149.912</ele><time>2025-01-14T00:58:53Z</time><speed>7.208</speed><sat>26</sat></trkpt>
  <trkpt lat="14.98730480" lon="102.09491817"><ele>149.740</ele><time>2025-01-14T00:58:54Z</time><speed>7.136</speed><sat>23</sat></trkpt>
  <trkpt lat="14.98735803" lon="102.09495535"><ele>149.639</ele><time>2025-01-14T00:58:55Z</time><speed>7.357</speed><sat>24</sat></trkpt>
  <trkpt lat="14.98740964" lon="102.09499147"><ele>149.433</ele><time>2025-01-14T00:58:56Z</time><speed>7.229</speed><sat>28</sat></trkpt>
  <trkpt lat="14.98745539" lon="102.09502902"><ele>149.210</ele><time>2025-01-14T00:58:57Z</time><speed>6.954</speed><sat>26</sat></trkpt>
  <trkpt lat="14.98750408" lon="102.09506478"><ele>148.695</ele><time>2025-01-14T00:58:58Z</time><speed>6.685</speed><sat>27</sat></trkpt>
  <trkpt lat="14.98755206" lon="102.09509904"><ele>148.540</ele><time>2025-01-14T00:58:59Z</time><speed>6.480</speed><sat>28</sat></trkpt>
  <trkpt lat="14.98759939" lon="102.09513108"><ele>148.768</ele><time>2025-01-14T00:59:00Z</time><speed>6.097</speed><sat>26</sat></trkpt>
  <trkpt lat="14.98764608" lon="102.09516407"><ele>149.510</ele><time>2025-01-14T00:59:01Z</time><speed>6.017</speed><sat>26</sat></trkpt>
  <trkpt lat="14.98769500" lon="102.09519977"><ele>149.642</ele><time>2025-01-14T00:59:02Z</time><speed>6.036</speed><sat>26</sat></trkpt>
  <trkpt lat="14.98774565" lon="102.09523714"><ele>149.465</ele><time>2025-01-14T00:59:03Z</time><speed>6.164</speed><sat>26</sat></trkpt>
  <trkpt lat="14.98779671" lon="102.09526665"><ele>149.576</ele><time>2025-01-14T00:59:04Z</time><speed>6.056</speed><sat>26</sat></trkpt>
  <trkpt lat="14.98784115" lon="102.09529853"><ele>149.283</ele><time>2025-01-14T00:59:05Z</time><speed>5.848</speed><sat>26</sat></trkpt>
  <trkpt lat="14.98788311" lon="102.09533038"><ele>149.115</ele><time>2025-01-14T00:59:06Z</time><speed>5.674</speed><sat>25</sat></trkpt>
  <trkpt lat="14.98792360" lon="102.09535925"><ele>149.062</ele><time>2025-01-14T00:59:07Z</time><speed>5.329</speed><sat>25</sat></trkpt>
  <trkpt lat="14.98795795" lon="102.09539100"><ele>148.965</ele><time>2025-01-14T00:59:08Z</time><speed>5.041</speed><sat>26</sat></trkpt>
  <trkpt lat="14.98798947" lon="102.09541779"><ele>148.618</ele><time>2025-01-14T00:59:09Z</time><speed>4.465</speed><sat>26</sat></trkpt>
  <trkpt lat="14.98801860" lon="102.09544192"><ele>149.004</ele><time>2025-01-14T00:59:10Z</time><speed>4.149</speed><sat>26</sat></trkpt>
  <trkpt lat="14.98804041" lon="102.09546547"><ele>148.947</ele><time>2025-01-14T00:59:11Z</time><speed>3.826</speed><sat>26</sat></trkpt>
  <trkpt lat="14.98805726" lon="102.09548567"><ele>148.470</ele><time>2025-01-14T00:59:12Z</time><speed>3.241</speed><sat>26</sat></trkpt>
  <trkpt lat="14.98806621" lon="102.09549791"><ele>147.649</ele><time>2025-01-14T00:59:13Z</time><speed>3.100</speed><sat>26</sat></trkpt>
  <trkpt lat="14.98808086" lon="102.09550328"><ele>146.276</ele><time>2025-01-14T00:59:14Z</time><speed>2.408</speed><sat>26</sat></trkpt>
  <trkpt lat="14.98809092" lon="102.09551129"><ele>145.891</ele><time>2025-01-14T00:59:15Z</time><speed>1.732</speed><sat>27</sat></trkpt>
  <trkpt lat="14.98809456" lon="102.09552129"><ele>145.714</ele><time>2025-01-14T00:59:16Z</time><speed>1.065</speed><sat>28</sat></trkpt>
  <trkpt lat="14.98810075" lon="102.09552310"><ele>145.695</ele><time>2025-01-14T00:59:17Z</time><speed>0.632</speed><sat>27</sat></trkpt>
  <trkpt lat="14.98809810" lon="102.09552368"><ele>145.906</ele><time>2025-01-14T00:59:18Z</time><speed>0.000</speed><sat>24</sat></trkpt>
  <trkpt lat="14.98809810" lon="102.09552368"><ele>145.921</ele><time>2025-01-14T00:59:19Z</time><speed>0.000</speed><sat>26</sat></trkpt>
  <trkpt lat="14.98809810" lon="102.09552368"><ele>146.210</ele><time>2025-01-14T00:59:20Z</time><speed>0.000</speed><sat>27</sat></trkpt>
  <trkpt lat="14.98809810" lon="102.09552368"><ele>146.511</ele><time>2025-01-14T00:59:21Z</time><speed>0.000</speed><sat>26</sat></trkpt>
  <trkpt lat="14.98809810" lon="102.09552368"><ele>146.141</ele><time>2025-01-14T00:59:22Z</time><speed>0.000</speed><sat>28</sat></trkpt>
  <trkpt lat="14.98810895" lon="102.09551973"><ele>145.049</ele><time>2025-01-14T00:59:23Z</time><speed>0.585</speed><sat>28</sat></trkpt>
  <trkpt lat="14.98811791" lon="102.09552185"><ele>145.483</ele><time>2025-01-14T00:59:24Z</time><speed>0.000</speed><sat>27</sat></trkpt>
  <trkpt lat="14.98811791" lon="102.09552185"><ele>145.814</ele><time>2025-01-14T00:59:25Z</time><speed>0.000</speed><sat>29</sat></trkpt>
  <trkpt lat="14.98811791" lon="102.09552185"><ele>146.185</ele><time>2025-01-14T00:59:26Z</time><speed>0.000</speed><sat>27</sat></trkpt>
  <trkpt lat="14.98811791" lon="102.09552185"><ele>146.791</ele><time>2025-01-14T00:59:27Z</time><speed>0.000</speed><sat>27</sat></trkpt>
  <trkpt lat="14.98811791" lon="102.09552185"><ele>146.816</ele><time>2025-01-14T00:59:28Z</time><speed>0.000</speed><sat>27</sat></trkpt>
  <trkpt lat="14.98811791" lon="102.09552185"><ele>146.847</ele><time>2025-01-14T00:59:29Z</time><speed>0.000</speed><sat>28</sat></trkpt>
  <trkpt lat="14.98811791" lon="102.09552185"><ele>147.237</ele><time>2025-01-14T00:59:30Z</time><speed>0.000</speed><sat>28</sat></trkpt>
  <trkpt lat="14.98811791" lon="102.09552185"><ele>147.904</ele><time>2025-01-14T00:59:31Z</time><speed>0.000</speed><sat>28</sat></trkpt>
  <trkpt lat="14.98811791" lon="102.09552185"><ele>148.272</ele><time>2025-01-14T00:59:32Z</time><speed>0.000</speed><sat>28</sat></trkpt>
  <trkpt lat="14.98811791" lon="102.09552185"><ele>148.194</ele><time>2025-01-14T00:59:33Z</time><speed>0.000</speed><sat>28</sat></trkpt>
  <trkpt lat="14.98811791" lon="102.09552185"><ele>148.425</ele><time>2025-01-14T00:59:34Z</time><speed>0.000</speed><sat>27</sat></trkpt>
  <trkpt lat="14.98811791" lon="102.09552185"><ele>148.692</ele><time>2025-01-14T00:59:35Z</time><speed>0.000</speed><sat>26</sat></trkpt>
  <trkpt lat="14.98811791" lon="102.09552185"><ele>148.707</ele><time>2025-01-14T00:59:36Z</time><speed>0.000</speed><sat>26</sat></trkpt>
  <trkpt lat="14.98811791" lon="102.09552185"><ele>148.208</ele><time>2025-01-14T00:59:37Z</time><speed>0.000</speed><sat>27</sat></trkpt>
  <trkpt lat="14.98811791" lon="102.09552185"><ele>147.922</ele><time>2025-01-14T00:59:38Z</time><speed>0.000</speed><sat>29</sat></trkpt>
  <trkpt lat="14.98811791" lon="102.09552185"><ele>147.787</ele><time>2025-01-14T00:59:39Z</time><speed>0.000</speed><sat>29</sat></trkpt>
  <trkpt lat="14.98811791" lon="102.09552185"><ele>147.841</ele><time>2025-01-14T00:59:40Z</time><speed>0.000</speed><sat>27</sat></trkpt>
  <trkpt lat="14.98811791" lon="102.09552185"><ele>147.855</ele><time>2025-01-14T00:59:41Z</time><speed>0.000</speed><sat>27</sat></trkpt>
  <trkpt lat="14.98812722" lon="102.09551325"><ele>147.841</ele><time>2025-01-14T00:59:42Z</time><speed>0.332</speed><sat>26</sat></trkpt>
  <trkpt lat="14.98811284" lon="102.09550255"><ele>147.653</ele><time>2025-01-14T00:59:43Z</time><speed>0.696</speed><sat>27</sat></trkpt>
  <trkpt lat="14.98810185" lon="102.09549057"><ele>147.468</ele><time>2025-01-14T00:59:44Z</time><speed>0.808</speed><sat>27</sat></trkpt>
  <trkpt lat="14.98809292" lon="102.09548208"><ele>147.219</ele><time>2025-01-14T00:59:45Z</time><speed>0.855</speed><sat>27</sat></trkpt>
  <trkpt lat="14.98809277" lon="102.09547230"><ele>147.100</ele><time>2025-01-14T00:59:46Z</time><speed>0.849</speed><sat>26</sat></trkpt>
  <trkpt lat="14.98810347" lon="102.09547077"><ele>147.042</ele><time>2025-01-14T00:59:47Z</time><speed>0.799</speed><sat>29</sat></trkpt>
  <trkpt lat="14.98811880" lon="102.09546474"><ele>147.277</ele><time>2025-01-14T00:59:48Z</time><speed>0.754</speed><sat>29</sat></trkpt>
  <trkpt lat="14.98813283" lon="102.09545171"><ele>147.713</ele><time>2025-01-14T00:59:49Z</time><speed>0.592</speed><sat>29</sat></trkpt>
  <trkpt lat="14.98814438" lon="102.09544795"><ele>148.027</ele><time>2025-01-14T00:59:50Z</time><speed>0.654</speed><sat>29</sat></trkpt>
  <trkpt lat="14.98814490" lon="102.09543293"><ele>148.481</ele><time>2025-01-14T00:59:51Z</time><speed>0.695</speed><sat>27</sat></trkpt>
  <trkpt lat="14.98814323" lon="102.09541928"><ele>148.971</ele><time>2025-01-14T00:59:52Z</time><speed>0.647</speed><sat>28</sat></trkpt>
  <trkpt lat="14.98814841" lon="102.09540961"><ele>149.328</ele><time>2025-01-14T00:59:53Z</time><speed>1.282</speed><sat>29</sat></trkpt>
  <trkpt lat="14.98815635" lon="102.09539794"><ele>149.695</ele><time>2025-01-14T00:59:54Z</time><speed>1.260</speed><sat>29</sat></trkpt>
  <trkpt lat="14.98816168" lon="102.09537728"><ele>149.617</ele><time>2025-01-14T00:59:55Z</time><speed>0.847</speed><sat>29</sat></trkpt>
  <trkpt lat="14.98817047" lon="102.09536228"><ele>149.849</ele><time>2025-01-14T00:59:56Z</time><speed>0.823</speed><sat>28</sat></trkpt>
  <trkpt lat="14.98817392" lon="102.09535476"><ele>150.055</ele><time>2025-01-14T00:59:57Z</time><speed>0.972</speed><sat>29</sat></trkpt>
  <trkpt lat="14.98817386" lon="102.09534958"><ele>150.888</ele><time>2025-01-14T00:59:58Z</time><speed>0.836</speed><sat>28</sat></trkpt>
  <trkpt lat="14.98817579" lon="102.09534459"><ele>151.479</ele><time>2025-01-14T00:59:59Z</time><speed>0.498</speed><sat>27</sat></trkpt>
  <trkpt lat="14.98818375" lon="102.09533555"><ele>150.865</ele><time>2025-01-14T01:00:00Z</time><speed>0.901</speed><sat>29</sat></trkpt>
  <trkpt lat="14.98819006" lon="102.09532912"><ele>151.256</ele><time>2025-01-14T01:00:01Z</time><speed>0.724</speed><sat>27</sat></trkpt>
  <trkpt lat="14.98819670" lon="102.09532074"><ele>151.573</ele><time>2025-01-14T01:00:02Z</time><speed>0.709</speed><sat>27</sat></trkpt>
  <trkpt lat="14.98820465" lon="102.09531449"><ele>151.979</ele><time>2025-01-14T01:00:03Z</time><speed>0.743</speed><sat>26</sat></trkpt>
  <trkpt lat="14.98821172" lon="102.09530428"><ele>152.174</ele><time>2025-01-14T01:00:04Z</time><speed>0.610</speed><sat>27</sat></trkpt>
  <trkpt lat="14.98821869" lon="102.09529586"><ele>152.494</ele><time>2025-01-14T01:00:05Z</time><speed>0.579</speed><sat>28</sat></trkpt>
  <trkpt lat="14.98822496" lon="102.09528517"><ele>152.673</ele><time>2025-01-14T01:00:06Z</time><speed>0.690</speed><sat>29</sat></trkpt>
  <trkpt lat="14.98822841" lon="102.09527771"><ele>153.091</ele><time>2025-01-14T01:00:07Z</time><speed>0.575</speed><sat>29</sat></trkpt>
  <trkpt lat="14.98823777" lon="102.09526446"><ele>155.601</ele><time>2025-01-14T01:00:08Z</time><speed>1.611</speed><sat>29</sat></trkpt>
  <trkpt lat="14.98824403" lon="102.09525410"><ele>155.463</ele><time>2025-01-14T01:00:09Z</time><speed>1.187</speed><sat>29</sat></trkpt>
  <trkpt lat="14.98824574" lon="102.09524856"><ele>155.151</ele><time>2025-01-14T01:00:10Z</time><speed>0.690</speed><sat>29</sat></trkpt>
  <trkpt lat="14.98825076" lon="102.09524245"><ele>155.087</ele><time>2025-01-14T01:00:11Z</time><speed>0.803</speed><sat>29</sat></trkpt>
  <trkpt lat="14.98825615" lon="102.09523577"><ele>154.889</ele><time>2025-01-14T01:00:12Z</time><speed>0.826</speed><sat>29</sat></trkpt>
  <trkpt lat="14.98826574" lon="102.09523041"><ele>154.557</ele><time>2025-01-14T01:00:13Z</time><speed>1.000</speed><sat>28</sat></trkpt>
  <trkpt lat="14.98827200" lon="102.09522162"><ele>154.355</ele><time>2025-01-14T01:00:14Z</time><speed>0.853</speed><sat>26</sat></trkpt>
  <trkpt lat="14.98828122" lon="102.09521885"><ele>154.752</ele><time>2025-01-14T01:00:15Z</time><speed>0.469</speed><sat>28</sat></trkpt>
  <trkpt lat="14.98828599" lon="102.09521362"><ele>154.745</ele><time>2025-01-14T01:00:16Z</time><speed>0.749</speed><sat>26</sat></trkpt>
  <trkpt lat="14.98829721" lon="102.09520254"><ele>154.720</ele><time>2025-01-14T01:00:17Z</time><speed>0.831</speed><sat>27</sat></trkpt>
  <trkpt lat="14.98830614" lon="102.09520210"><ele>155.404</ele><time>2025-01-14T01:00:18Z</time><speed>0.826</speed><sat>26</sat></trkpt>
  <trkpt lat="14.98832100" lon="102.09518842"><ele>155.698</ele><time>2025-01-14T01:00:19Z</time><speed>0.892</speed><sat>28</sat></trkpt>
  <trkpt lat="14.98833112" lon="102.09518106"><ele>155.651</ele><time>2025-01-14T01:00:20Z</time><speed>0.866</speed><sat>27</sat></trkpt>
  <trkpt lat="14.98834334" lon="102.09517851"><ele>156.192</ele><time>2025-01-14T01:00:21Z</time><speed>0.888</speed><sat>27</sat></trkpt>
  <trkpt lat="14.98835236" lon="102.09518227"><ele>156.231</ele><time>2025-01-14T01:00:22Z</time><speed>0.817</speed><sat>26</sat></trkpt>
  <trkpt lat="14.98836164" lon="102.09518744"><ele>156.255</ele><time>2025-01-14T01:00:23Z</time><speed>0.683</speed><sat>28</sat></trkpt>
  <trkpt lat="14.98836806" lon="102.09518660"><ele>156.190</ele><time>2025-01-14T01:00:24Z</time><speed>0.504</speed><sat>28</sat></trkpt>
  <trkpt lat="14.98838184" lon="102.09519249"><ele>155.886</ele><time>2025-01-14T01:00:25Z</time><speed>0.505</speed><sat>27</sat></trkpt>
  <trkpt lat="14.98838950" lon="102.09518687"><ele>155.618</ele><time>2025-01-14T01:00:26Z</time><speed>0.432</speed><sat>28</sat></trkpt>
  <trkpt lat="14.98839789" lon="102.09518255"><ele>155.386</ele><time>2025-01-14T01:00:27Z</time><speed>0.648</speed><sat>27</sat></trkpt>
  <trkpt lat="14.98841003" lon="102.09517987"><ele>155.217</ele><time>2025-01-14T01:00:28Z</time><speed>0.836</speed><sat>29</sat></trkpt>
  <trkpt lat="14.98842132" lon="102.09517639"><ele>155.644</ele><time>2025-01-14T01:00:29Z</time><speed>0.769</speed><sat>29</sat></trkpt>
  <trkpt lat="14.98842995" lon="102.09517139"><ele>155.510</ele><time>2025-01-14T01:00:30Z</time><speed>0.638</speed><sat>28</sat></trkpt>
  <trkpt lat="14.98844010" lon="102.09516359"><ele>155.381</ele><time>2025-01-14T01:00:31Z</time><speed>0.442</speed><sat>28</sat></trkpt>
  <trkpt lat="14.98844629" lon="102.09515783"><ele>154.919</ele><time>2025-01-14T01:00:32Z</time><speed>0.486</speed><sat>26</sat></trkpt>
  <trkpt lat="14.98844893" lon="102.09515060"><ele>154.658</ele><time>2025-01-14T01:00:33Z</time><speed>0.958</speed><sat>28</sat></trkpt>
  <trkpt lat="14.98844820" lon="102.09514068"><ele>154.741</ele><time>2025-01-14T01:00:34Z</time><speed>1.081</speed><sat>26</sat></trkpt>
  <trkpt lat="14.98845502" lon="102.09513099"><ele>154.360</ele><time>2025-01-14T01:00:35Z</time><speed>1.154</speed><sat>25</sat></trkpt>
  <trkpt lat="14.98846298" lon="102.09511725"><ele>154.071</ele><time>2025-01-14T01:00:36Z</time><speed>0.924</speed><sat>27</sat></trkpt>
  <trkpt lat="14.98846397" lon="102.09510918"><ele>154.337</ele><time>2025-01-14T01:00:37Z</time><speed>0.415</speed><sat>27</sat></trkpt>
  <trkpt lat="14.98846627" lon="102.09510035"><ele>154.101</ele><time>2025-01-14T01:00:38Z</time><speed>0.000</speed><sat>28</sat></trkpt>
  <trkpt lat="14.98846707" lon="102.09509396"><ele>153.988</ele><time>2025-01-14T01:00:39Z</time><speed>0.724</speed><sat>29</sat></trkpt>
  <trkpt lat="14.98846998" lon="102.09507802"><ele>154.139</ele><time>2025-01-14T01:00:40Z</time><speed>1.465</speed><sat>27</sat></trkpt>
  <trkpt lat="14.98847325" lon="102.09505886"><ele>154.260</ele><time>2025-01-14T01:00:41Z</time><speed>0.874</speed><sat>29</sat></trkpt>
  <trkpt lat="14.98847658" lon="102.09505095"><ele>154.269</ele><time>2025-01-14T01:00:42Z</time><speed>0.723</speed><sat>29</sat></trkpt>
  <trkpt lat="14.98848157" lon="102.09504227"><ele>153.948</ele><time>2025-01-14T01:00:43Z</time><speed>0.737</speed><sat>27</sat></trkpt>
  <trkpt lat="14.98848347" lon="102.09503789"><ele>154.425</ele><time>2025-01-14T01:00:44Z</time><speed>0.381</speed><sat>28</sat></trkpt>
  <trkpt lat="14.98848595" lon="102.09503817"><ele>154.693</ele><time>2025-01-14T01:00:45Z</time><speed>0.332</speed><sat>26</sat></trkpt>
  <trkpt lat="14.98849383" lon="102.09503716"><ele>154.428</ele><time>2025-01-14T01:00:46Z</time><speed>0.649</speed><sat>27</sat></trkpt>
  <trkpt lat="14.98850537" lon="102.09503458"><ele>153.946</ele><time>2025-01-14T01:00:47Z</time><speed>0.709</speed><sat>27</sat></trkpt>
  <trkpt lat="14.98852066" lon="102.09503166"><ele>153.197</ele><time>2025-01-14T01:00:48Z</time><speed>0.543</speed><sat>27</sat></trkpt>
  <trkpt lat="14.98852990" lon="102.09502858"><ele>152.764</ele><time>2025-01-14T01:00:49Z</time><speed>0.598</speed><sat>27</sat></trkpt>
  <trkpt lat="14.98854266" lon="102.09502904"><ele>151.770</ele><time>2025-01-14T01:00:50Z</time><speed>0.784</speed><sat>25</sat></trkpt>
  <trkpt lat="14.98855206" lon="102.09503345"><ele>151.270</ele><time>2025-01-14T01:00:51Z</time><speed>0.933</speed><sat>27</sat></trkpt>
  <trkpt lat="14.98856135" lon="102.09503254"><ele>150.988</ele><time>2025-01-14T01:00:52Z</time><speed>1.064</speed><sat>28</sat></trkpt>
  <trkpt lat="14.98857686" lon="102.09502485"><ele>150.856</ele><time>2025-01-14T01:00:53Z</time><speed>0.991</speed><sat>27</sat></trkpt>
  <trkpt lat="14.98858938" lon="102.09501865"><ele>150.827</ele><time>2025-01-14T01:00:54Z</time><speed>0.706</speed><sat>26</sat></trkpt>
  <trkpt lat="14.98859956" lon="102.09501814"><ele>150.478</ele><time>2025-01-14T01:00:55Z</time><speed>0.762</speed><sat>24</sat></trkpt>
  <trkpt lat="14.98861264" lon="102.09501562"><ele>149.927</ele><time>2025-01-14T01:00:56Z</time><speed>1.176</speed><sat>26</sat></trkpt>
  <trkpt lat="14.98862771" lon="102.09502015"><ele>150.244</ele><time>2025-01-14T01:00:57Z</time><speed>0.884</speed><sat>24</sat></trkpt>
  <trkpt lat="14.98864241" lon="102.09502428"><ele>150.297</ele><time>2025-01-14T01:00:58Z</time><speed>0.625</speed><sat>24</sat></trkpt>
  <trkpt lat="14.98865454" lon="102.09503003"><ele>149.801</ele><time>2025-01-14T01:00:59Z</time><speed>0.651</speed><sat>24</sat></trkpt>
  <trkpt lat="14.98866351" lon="102.09503845"><ele>150.100</ele><time>2025-01-14T01:01:00Z</time><speed>0.770</speed><sat>25</sat></trkpt>
  <trkpt lat="14.98867135" lon="102.09504826"><ele>150.969</ele><time>2025-01-14T01:01:01Z</time><speed>1.255</speed><sat>25</sat></trkpt>
  <trkpt lat="14.98868005" lon="102.09505173"><ele>151.069</ele><time>2025-01-14T01:01:02Z</time><speed>1.080</speed><sat>25</sat></trkpt>
  <trkpt lat="14.98868642" lon="102.09505388"><ele>151.094</ele><time>2025-01-14T01:01:03Z</time><speed>0.684</speed><sat>25</sat></trkpt>
  <trkpt lat="14.98869600" lon="102.09505509"><ele>151.449</ele><time>2025-01-14T01:01:04Z</time><speed>0.821</speed><sat>23</sat></trkpt>
  <trkpt lat="14.98870816" lon="102.09505437"><ele>151.502</ele><time>2025-01-14T01:01:05Z</time><speed>0.870</speed><sat>24</sat></trkpt>
  <trkpt lat="14.98872509" lon="102.09505943"><ele>152.102</ele><time>2025-01-14T01:01:06Z</time><speed>1.243</speed><sat>25</sat></trkpt>
  <trkpt lat="14.98873628" lon="102.09506175"><ele>152.329</ele><time>2025-01-14T01:01:07Z</time><speed>1.138</speed><sat>25</sat></trkpt>
  <trkpt lat="14.98875166" lon="102.09506462"><ele>152.665</ele><time>2025-01-14T01:01:08Z</time><speed>1.206</speed><sat>24</sat></trkpt>
  <trkpt lat="14.98876221" lon="102.09506800"><ele>152.907</ele><time>2025-01-14T01:01:09Z</time><speed>1.211</speed><sat>24</sat></trkpt>
  <trkpt lat="14.98876984" lon="102.09506769"><ele>152.071</ele><time>2025-01-14T01:01:10Z</time><speed>0.878</speed><sat>24</sat></trkpt>
  <trkpt lat="14.98878025" lon="102.09506913"><ele>152.203</ele><time>2025-01-14T01:01:11Z</time><speed>0.990</speed><sat>26</sat></trkpt>
  <trkpt lat="14.98878938" lon="102.09506707"><ele>152.405</ele><time>2025-01-14T01:01:12Z</time><speed>0.846</speed><sat>23</sat></trkpt>
  <trkpt lat="14.98879237" lon="102.09506105"><ele>152.500</ele><time>2025-01-14T01:01:13Z</time><speed>0.921</speed><sat>24</sat></trkpt>
  <trkpt lat="14.98880157" lon="102.09505080"><ele>152.761</ele><time>2025-01-14T01:01:14Z</time><speed>1.239</speed><sat>25</sat></trkpt>
  <trkpt lat="14.98880729" lon="102.09504046"><ele>152.808</ele><time>2025-01-14T01:01:15Z</time><speed>1.201</speed><sat>26</sat></trkpt>
  <trkpt lat="14.98881606" lon="102.09503211"><ele>153.144</ele><time>2025-01-14T01:01:16Z</time><speed>1.108</speed><sat>26</sat></trkpt>
  <trkpt lat="14.98882251" lon="102.09502664"><ele>153.360</ele><time>2025-01-14T01:01:17Z</time><speed>0.925</speed><sat>23</sat></trkpt>
  <trkpt lat="14.98883280" lon="102.09502401"><ele>153.430</ele><time>2025-01-14T01:01:18Z</time><speed>1.181</speed><sat>24</sat></trkpt>
  <trkpt lat="14.98884376" lon="102.09501500"><ele>154.409</ele><time>2025-01-14T01:01:19Z</time><speed>1.450</speed><sat>23</sat></trkpt>
  <trkpt lat="14.98885131" lon="102.09500959"><ele>154.545</ele><time>2025-01-14T01:01:20Z</time><speed>1.477</speed><sat>20</sat></trkpt>
  <trkpt lat="14.98886313" lon="102.09500110"><ele>154.621</ele><time>2025-01-14T01:01:21Z</time><speed>1.326</speed><sat>22</sat></trkpt>
  <trkpt lat="14.98887444" lon="102.09499376"><ele>154.804</ele><time>2025-01-14T01:01:22Z</time><speed>1.097</speed><sat>22</sat></trkpt>
  <trkpt lat="14.98889232" lon="102.09498842"><ele>154.624</ele><time>2025-01-14T01:01:23Z</time><speed>0.594</speed><sat>23</sat></trkpt>
  <trkpt lat="14.98889682" lon="102.09498407"><ele>154.539</ele><time>2025-01-14T01:01:24Z</time><speed>0.685</speed><sat>20</sat></trkpt>
  <trkpt lat="14.98890607" lon="102.09497185"><ele>154.430</ele><time>2025-01-14T01:01:25Z</time><speed>0.989</speed><sat>21</sat></trkpt>
  <trkpt lat="14.98891501" lon="102.09496347"><ele>154.712</ele><time>2025-01-14T01:01:26Z</time><speed>0.949</speed><sat>22</sat></trkpt>
  <trkpt lat="14.98892099" lon="102.09495621"><ele>154.822</ele><time>2025-01-14T01:01:27Z</time><speed>0.775</speed><sat>23</sat></trkpt>
  <trkpt lat="14.98892696" lon="102.09495172"><ele>155.256</ele><time>2025-01-14T01:01:28Z</time><speed>0.565</speed><sat>23</sat></trkpt>
  <trkpt lat="14.98893251" lon="102.09495350"><ele>155.486</ele><time>2025-01-14T01:01:29Z</time><speed>0.495</speed><sat>23</sat></trkpt>
  <trkpt lat="14.98894950" lon="102.09494263"><ele>155.371</ele><time>2025-01-14T01:01:30Z</time><speed>0.830</speed><sat>23</sat></trkpt>
  <trkpt lat="14.98896363" lon="102.09493178"><ele>155.231</ele><time>2025-01-14T01:01:31Z</time><speed>0.708</speed><sat>24</sat></trkpt>
  <trkpt lat="14.98897161" lon="102.09492763"><ele>155.085</ele><time>2025-01-14T01:01:32Z</time><speed>0.569</speed><sat>24</sat></trkpt>
  <trkpt lat="14.98897434" lon="102.09492539"><ele>154.656</ele><time>2025-01-14T01:01:33Z</time><speed>0.659</speed><sat>24</sat></trkpt>
  <trkpt lat="14.98898174" lon="102.09492353"><ele>154.056</ele><time>2025-01-14T01:01:34Z</time><speed>0.806</speed><sat>25</sat></trkpt>
  <trkpt lat="14.98897973" lon="102.09491781"><ele>153.371</ele><time>2025-01-14T01:01:35Z</time><speed>0.873</speed><sat>25</sat></trkpt>
  <trkpt lat="14.98898289" lon="102.09490919"><ele>153.351</ele><time>2025-01-14T01:01:36Z</time><speed>0.717</speed><sat>27</sat></trkpt>
  <trkpt lat="14.98897149" lon="102.09489766"><ele>153.325</ele><time>2025-01-14T01:01:37Z</time><speed>0.486</speed><sat>26</sat></trkpt>
  <trkpt lat="14.98896457" lon="102.09488659"><ele>152.892</ele><time>2025-01-14T01:01:38Z</time><speed>0.369</speed><sat>27</sat></trkpt>
  <trkpt lat="14.98896383" lon="102.09487563"><ele>152.234</ele><time>2025-01-14T01:01:39Z</time><speed>0.334</speed><sat>27</sat></trkpt>
  <trkpt lat="14.98896248" lon="102.09486049"><ele>152.606</ele><time>2025-01-14T01:01:40Z</time><speed>1.085</speed><sat>22</sat></trkpt>
  <trkpt lat="14.98895574" lon="102.09485178"><ele>152.297</ele><time>2025-01-14T01:01:41Z</time><speed>1.208</speed><sat>27</sat></trkpt>
  <trkpt lat="14.98895361" lon="102.09483364"><ele>152.053</ele><time>2025-01-14T01:01:42Z</time><speed>0.827</speed><sat>25</sat></trkpt>
  <trkpt lat="14.98895340" lon="102.09481945"><ele>151.864</ele><time>2025-01-14T01:01:43Z</time><speed>0.744</speed><sat>26</sat></trkpt>
  <trkpt lat="14.98895225" lon="102.09480051"><ele>151.970</ele><time>2025-01-14T01:01:44Z</time><speed>0.890</speed><sat>25</sat></trkpt>
  <trkpt lat="14.98894869" lon="102.09479563"><ele>152.554</ele><time>2025-01-14T01:01:45Z</time><speed>0.732</speed><sat>24</sat></trkpt>
  <trkpt lat="14.98894465" lon="102.09478200"><ele>153.050</ele><time>2025-01-14T01:01:46Z</time><speed>0.304</speed><sat>25</sat></trkpt>
  <trkpt lat="14.98894070" lon="102.09477583"><ele>152.929</ele><time>2025-01-14T01:01:47Z</time><speed>0.000</speed><sat>26</sat></trkpt>
  <trkpt lat="14.98893531" lon="102.09476486"><ele>152.797</ele><time>2025-01-14T01:01:48Z</time><speed>0.532</speed><sat>26</sat></trkpt>
  <trkpt lat="14.98893272" lon="102.09475731"><ele>151.989</ele><time>2025-01-14T01:01:49Z</time><speed>0.000</speed><sat>26</sat></trkpt>
  <trkpt lat="14.98893272" lon="102.09475731"><ele>151.901</ele><time>2025-01-14T01:01:50Z</time><speed>0.000</speed><sat>24</sat></trkpt>
  <trkpt lat="14.98893272" lon="102.09475731"><ele>152.046</ele><time>2025-01-14T01:01:51Z</time><speed>0.000</speed><sat>25</sat></trkpt>
  <trkpt lat="14.98892838" lon="102.09473781"><ele>151.758</ele><time>2025-01-14T01:01:52Z</time><speed>0.327</speed><sat>25</sat></trkpt>
  <trkpt lat="14.98892751" lon="102.09472385"><ele>151.355</ele><time>2025-01-14T01:01:53Z</time><speed>0.469</speed><sat>25</sat></trkpt>
  <trkpt lat="14.98892770" lon="102.09470863"><ele>150.976</ele><time>2025-01-14T01:01:54Z</time><speed>0.440</speed><sat>24</sat></trkpt>
  <trkpt lat="14.98892694" lon="102.09470168"><ele>150.650</ele><time>2025-01-14T01:01:55Z</time><speed>0.000</speed><sat>25</sat></trkpt>
  <trkpt lat="14.98892378" lon="102.09469023"><ele>150.358</ele><time>2025-01-14T01:01:56Z</time><speed>0.361</speed><sat>24</sat></trkpt>
  <trkpt lat="14.98891980" lon="102.09468316"><ele>150.327</ele><time>2025-01-14T01:01:57Z</time><speed>0.450</speed><sat>26</sat></trkpt>
  <trkpt lat="14.98891744" lon="102.09467357"><ele>150.289</ele><time>2025-01-14T01:01:58Z</time><speed>0.318</speed><sat>26</sat></trkpt>
  <trkpt lat="14.98891460" lon="102.09467047"><ele>150.482</ele><time>2025-01-14T01:01:59Z</time><speed>0.000</speed><sat>25</sat></trkpt>
  <trkpt lat="14.98891149" lon="102.09466061"><ele>150.691</ele><time>2025-01-14T01:02:00Z</time><speed>0.649</speed><sat>25</sat></trkpt>
  <trkpt lat="14.98890493" lon="102.09464586"><ele>150.698</ele><time>2025-01-14T01:02:01Z</time><speed>0.525</speed><sat>25</sat></trkpt>
  <trkpt lat="14.98890113" lon="102.09463346"><ele>150.757</ele><time>2025-01-14T01:02:02Z</time><speed>0.710</speed><sat>26</sat></trkpt>
  <trkpt lat="14.98889745" lon="102.09462192"><ele>150.750</ele><time>2025-01-14T01:02:03Z</time><speed>0.573</speed><sat>25</sat></trkpt>
  <trkpt lat="14.98889774" lon="102.09461452"><ele>150.784</ele><time>2025-01-14T01:02:04Z</time><speed>0.288</speed><sat>25</sat></trkpt>
  <trkpt lat="14.98889795" lon="102.09460776"><ele>151.085</ele><time>2025-01-14T01:02:05Z</time><speed>0.841</speed><sat>27</sat></trkpt>
  <trkpt lat="14.98889610" lon="102.09459623"><ele>151.259</ele><time>2025-01-14T01:02:06Z</time><speed>1.169</speed><sat>25</sat></trkpt>
  <trkpt lat="14.98889452" lon="102.09458593"><ele>151.490</ele><time>2025-01-14T01:02:07Z</time><speed>0.954</speed><sat>22</sat></trkpt>
  <trkpt lat="14.98889197" lon="102.09457555"><ele>151.197</ele><time>2025-01-14T01:02:08Z</time><speed>0.694</speed><sat>25</sat></trkpt>
  <trkpt lat="14.98888855" lon="102.09456440"><ele>151.230</ele><time>2025-01-14T01:02:09Z</time><speed>0.725</speed><sat>25</sat></trkpt>
  <trkpt lat="14.98888490" lon="102.09455594"><ele>151.326</ele><time>2025-01-14T01:02:10Z</time><speed>0.929</speed><sat>25</sat></trkpt>
  <trkpt lat="14.98887641" lon="102.09454926"><ele>152.512</ele><time>2025-01-14T01:02:11Z</time><speed>0.770</speed><sat>25</sat></trkpt>
  <trkpt lat="14.98887163" lon="102.09454343"><ele>152.626</ele><time>2025-01-14T01:02:12Z</time><speed>0.904</speed><sat>26</sat></trkpt>
  <trkpt lat="14.98886756" lon="102.09453915"><ele>152.681</ele><time>2025-01-14T01:02:13Z</time><speed>0.961</speed><sat>25</sat></trkpt>
  <trkpt lat="14.98886016" lon="102.09453378"><ele>153.801</ele><time>2025-01-14T01:02:14Z</time><speed>1.017</speed><sat>23</sat></trkpt>
  <trkpt lat="14.98885420" lon="102.09452939"><ele>154.119</ele><time>2025-01-14T01:02:15Z</time><speed>1.228</speed><sat>23</sat></trkpt>
  <trkpt lat="14.98884975" lon="102.09451807"><ele>154.553</ele><time>2025-01-14T01:02:16Z</time><speed>0.954</speed><sat>22</sat></trkpt>
  <trkpt lat="14.98884243" lon="102.09450978"><ele>154.674</ele><time>2025-01-14T01:02:17Z</time><speed>0.941</speed><sat>21</sat></trkpt>
  <trkpt lat="14.98883639" lon="102.09450581"><ele>154.996</ele><time>2025-01-14T01:02:18Z</time><speed>0.792</speed><sat>19</sat></trkpt>
  <trkpt lat="14.98882887" lon="102.09448943"><ele>155.215</ele><time>2025-01-14T01:02:19Z</time><speed>0.712</speed><sat>21</sat></trkpt>
  <trkpt lat="14.98882600" lon="102.09447780"><ele>155.400</ele><time>2025-01-14T01:02:20Z</time><speed>1.225</speed><sat>21</sat></trkpt>
  <trkpt lat="14.98883175" lon="102.09447291"><ele>155.680</ele><time>2025-01-14T01:02:21Z</time><speed>1.239</speed><sat>20</sat></trkpt>
  <trkpt lat="14.98883744" lon="102.09446387"><ele>155.773</ele><time>2025-01-14T01:02:22Z</time><speed>1.022</speed><sat>21</sat></trkpt>
  <trkpt lat="14.98884157" lon="102.09445222"><ele>155.099</ele><time>2025-01-14T01:02:23Z</time><speed>1.255</speed><sat>22</sat></trkpt>
  <trkpt lat="14.98884659" lon="102.09443911"><ele>155.229</ele><time>2025-01-14T01:02:24Z</time><speed>1.137</speed><sat>24</sat></trkpt>
  <trkpt lat="14.98884683" lon="102.09443158"><ele>155.277</ele><time>2025-01-14T01:02:25Z</time><speed>0.914</speed><sat>23</sat></trkpt>
  <trkpt lat="14.98884829" lon="102.09442538"><ele>155.520</ele><time>2025-01-14T01:02:26Z</time><speed>0.695</speed><sat>23</sat></trkpt>
  <trkpt lat="14.98885102" lon="102.09441662"><ele>155.845</ele><time>2025-01-14T01:02:27Z</time><speed>0.949</speed><sat>23</sat></trkpt>
  <trkpt lat="14.98885491" lon="102.09440633"><ele>156.228</ele><time>2025-01-14T01:02:28Z</time><speed>1.057</speed><sat>24</sat></trkpt>
  <trkpt lat="14.98886075" lon="102.09439533"><ele>156.224</ele><time>2025-01-14T01:02:29Z</time><speed>0.711</speed><sat>23</sat></trkpt>
  <trkpt lat="14.98886861" lon="102.09438302"><ele>156.196</ele><time>2025-01-14T01:02:30Z</time><speed>0.586</speed><sat>24</sat></trkpt>
  <trkpt lat="14.98887129" lon="102.09437521"><ele>156.102</ele><time>2025-01-14T01:02:31Z</time><speed>0.607</speed><sat>24</sat></trkpt>
  <trkpt lat="14.98887410" lon="102.09436452"><ele>156.146</ele><time>2025-01-14T01:02:32Z</time><speed>0.945</speed><sat>25</sat></trkpt>
  <trkpt lat="14.98887376" lon="102.09435785"><ele>156.115</ele><time>2025-01-14T01:02:33Z</time><speed>1.210</speed><sat>25</sat></trkpt>
  <trkpt lat="14.98886788" lon="102.09435201"><ele>155.424</ele><time>2025-01-14T01:02:34Z</time><speed>1.036</speed><sat>27</sat></trkpt>
  <trkpt lat="14.98885822" lon="102.09434190"><ele>154.791</ele><time>2025-01-14T01:02:35Z</time><speed>0.294</speed><sat>24</sat></trkpt>
  <trkpt lat="14.98885154" lon="102.09433276"><ele>153.905</ele><time>2025-01-14T01:02:36Z</time><speed>0.450</speed><sat>27</sat></trkpt>
  <trkpt lat="14.98884915" lon="102.09431930"><ele>152.917</ele><time>2025-01-14T01:02:37Z</time><speed>0.000</speed><sat>26</sat></trkpt>
  <trkpt lat="14.98885172" lon="102.09430573"><ele>152.305</ele><time>2025-01-14T01:02:38Z</time><speed>0.454</speed><sat>26</sat></trkpt>
  <trkpt lat="14.98885604" lon="102.09429329"><ele>151.701</ele><time>2025-01-14T01:02:39Z</time><speed>0.440</speed><sat>27</sat></trkpt>
  <trkpt lat="14.98885899" lon="102.09429793"><ele>149.900</ele><time>2025-01-14T01:02:40Z</time><speed>0.000</speed><sat>28</sat></trkpt>
  <trkpt lat="14.98885899" lon="102.09429793"><ele>149.937</ele><time>2025-01-14T01:02:41Z</time><speed>0.000</speed><sat>26</sat></trkpt>
  <trkpt lat="14.98885899" lon="102.09429793"><ele>148.631</ele><time>2025-01-14T01:02:42Z</time><speed>0.000</speed><sat>24</sat></trkpt>
  <trkpt lat="14.98885899" lon="102.09429793"><ele>148.903</ele><time>2025-01-14T01:02:43Z</time><speed>0.000</speed><sat>26</sat></trkpt>
  <trkpt lat="14.98885899" lon="102.09429793"><ele>148.421</ele><time>2025-01-14T01:02:44Z</time><speed>0.000</speed><sat>24</sat></trkpt>
  <trkpt lat="14.98885899" lon="102.09429793"><ele>147.317</ele><time>2025-01-14T01:02:45Z</time><speed>0.000</speed><sat>24</sat></trkpt>
  <trkpt lat="14.98885899" lon="102.09429793"><ele>146.538</ele><time>2025-01-14T01:02:46Z</time><speed>0.000</speed><sat>24</sat></trkpt>
  <trkpt lat="14.98885899" lon="102.09429793"><ele>145.619</ele><time>2025-01-14T01:02:47Z</time><speed>0.000</speed><sat>22</sat></trkpt>
  <trkpt lat="14.98885899" lon="102.09429793"><ele>144.814</ele><time>2025-01-14T01:02:48Z</time><speed>0.000</speed><sat>21</sat></trkpt>
  <trkpt lat="14.98885899" lon="102.09429793"><ele>143.729</ele><time>2025-01-14T01:02:49Z</time><speed>0.000</speed><sat>24</sat></trkpt>
  <trkpt lat="14.98885899" lon="102.09429793"><ele>143.178</ele><time>2025-01-14T01:02:50Z</time><speed>0.000</speed><sat>26</sat></trkpt>
  <trkpt lat="14.98885899" lon="102.09429793"><ele>142.306</ele><time>2025-01-14T01:02:51Z</time><speed>0.000</speed><sat>24</sat></trkpt>
  <trkpt lat="14.98885899" lon="102.09429793"><ele>141.308</ele><time>2025-01-14T01:02:52Z</time><speed>0.000</speed><sat>22</sat></trkpt>
  <trkpt lat="14.98885899" lon="102.09429793"><ele>140.367</ele><time>2025-01-14T01:02:53Z</time><speed>0.000</speed><sat>26</sat></trkpt>
  <trkpt lat="14.98883078" lon="102.09425673"><ele>139.547</ele><time>2025-01-14T01:02:54Z</time><speed>0.000</speed><sat>27</sat></trkpt>
  <trkpt lat="14.98883078" lon="102.09425673"><ele>139.029</ele><time>2025-01-14T01:02:55Z</time><speed>0.000</speed><sat>26</sat></trkpt>
  <trkpt lat="14.98883078" lon="102.09425673"><ele>138.650</ele><time>2025-01-14T01:02:56Z</time><speed>0.000</speed><sat>26</sat></trkpt>
  <trkpt lat="14.98883078" lon="102.09425673"><ele>138.369</ele><time>2025-01-14T01:02:57Z</time><speed>0.000</speed><sat>27</sat></trkpt>
  <trkpt lat="14.98883078" lon="102.09425673"><ele>138.038</ele><time>2025-01-14T01:02:58Z</time><speed>0.000</speed><sat>26</sat></trkpt>
  <trkpt lat="14.98883078" lon="102.09425673"><ele>137.891</ele><time>2025-01-14T01:02:59Z</time><speed>0.000</speed><sat>27</sat></trkpt>
  <trkpt lat="14.98883078" lon="102.09425673"><ele>138.162</ele><time>2025-01-14T01:03:00Z</time><speed>0.000</speed><sat>26</sat></trkpt>
  <trkpt lat="14.98883078" lon="102.09425673"><ele>138.253</ele><time>2025-01-14T01:03:01Z</time><speed>0.000</speed><sat>27</sat></trkpt>
  <trkpt lat="14.98882537" lon="102.09424136"><ele>139.402</ele><time>2025-01-14T01:03:02Z</time><speed>0.629</speed><sat>28</sat></trkpt>
  <trkpt lat="14.98882683" lon="102.09423632"><ele>140.230</ele><time>2025-01-14T01:03:03Z</time><speed>0.000</speed><sat>28</sat></trkpt>
  <trkpt lat="14.98882683" lon="102.09423632"><ele>141.415</ele><time>2025-01-14T01:03:04Z</time><speed>0.000</speed><sat>27</sat></trkpt>
  <trkpt lat="14.98882683" lon="102.09423632"><ele>142.204</ele><time>2025-01-14T01:03:05Z</time><speed>0.000</speed><sat>26</sat></trkpt>
  <trkpt lat="14.98881198" lon="102.09423755"><ele>142.542</ele><time>2025-01-14T01:03:06Z</time><speed>0.556</speed><sat>25</sat></trkpt>
  <trkpt lat="14.98880649" lon="102.09423911"><ele>143.399</ele><time>2025-01-14T01:03:07Z</time><speed>0.000</speed><sat>28</sat></trkpt>
  <trkpt lat="14.98880649" lon="102.09423911"><ele>143.973</ele><time>2025-01-14T01:03:08Z</time><speed>0.000</speed><sat>26</sat></trkpt>
  <trkpt lat="14.98880649" lon="102.09423911"><ele>144.565</ele><time>2025-01-14T01:03:09Z</time><speed>0.000</speed><sat>25</sat></trkpt>
  <trkpt lat="14.98879831" lon="102.09424312"><ele>145.299</ele><time>2025-01-14T01:03:10Z</time><speed>0.338</speed><sat>26</sat></trkpt>
  <trkpt lat="14.98879533" lon="102.09424455"><ele>145.833</ele><time>2025-01-14T01:03:11Z</time><speed>0.000</speed><sat>27</sat></trkpt>
  <trkpt lat="14.98879533" lon="102.09424455"><ele>146.052</ele><time>2025-01-14T01:03:12Z</time><speed>0.000</speed><sat>25</sat></trkpt>
  <trkpt lat="14.98879533" lon="102.09424455"><ele>146.422</ele><time>2025-01-14T01:03:13Z</time><speed>0.000</speed><sat>23</sat></trkpt>
  <trkpt lat="14.98879533" lon="102.09424455"><ele>147.048</ele><time>2025-01-14T01:03:14Z</time><speed>0.000</speed><sat>25</sat></trkpt>
  <trkpt lat="14.98879533" lon="102.09424455"><ele>147.516</ele><time>2025-01-14T01:03:15Z</time><speed>0.000</speed><sat>24</sat></trkpt>
  <trkpt lat="14.98879533" lon="102.09424455"><ele>147.945</ele><time>2025-01-14T01:03:16Z</time><speed>0.000</speed><sat>26</sat></trkpt>
  <trkpt lat="14.98879533" lon="102.09424455"><ele>147.790</ele><time>2025-01-14T01:03:17Z</time><speed>0.000</speed><sat>22</sat></trkpt>
  <trkpt lat="14.98879533" lon="102.09424455"><ele>148.408</ele><time>2025-01-14T01:03:18Z</time><speed>0.000</speed><sat>25</sat></trkpt>
  <trkpt lat="14.98879533" lon="102.09424455"><ele>148.779</ele><time>2025-01-14T01:03:19Z</time><speed>0.000</speed><sat>26</sat></trkpt>
  <trkpt lat="14.98879533" lon="102.09424455"><ele>149.121</ele><time>2025-01-14T01:03:20Z</time><speed>0.000</speed><sat>25</sat></trkpt>
  <trkpt lat="14.98879533" lon="102.09424455"><ele>149.525</ele><time>2025-01-14T01:03:21Z</time><speed>0.000</speed><sat>26</sat></trkpt>
  <trkpt lat="14.98879533" lon="102.09424455"><ele>149.959</ele><time>2025-01-14T01:03:22Z</time><speed>0.000</speed><sat>25</sat></trkpt>
  <trkpt lat="14.98879533" lon="102.09424455"><ele>150.399</ele><time>2025-01-14T01:03:23Z</time><speed>0.000</speed><sat>26</sat></trkpt>
  <trkpt lat="14.98879533" lon="102.09424455"><ele>150.426</ele><time>2025-01-14T01:03:24Z</time><speed>0.000</speed><sat>27</sat></trkpt>
  <trkpt lat="14.98879533" lon="102.09424455"><ele>150.269</ele><time>2025-01-14T01:03:25Z</time><speed>0.000</speed><sat>27</sat></trkpt>
  <trkpt lat="14.98879533" lon="102.09424455"><ele>149.956</ele><time>2025-01-14T01:03:26Z</time><speed>0.000</speed><sat>26</sat></trkpt>
  <trkpt lat="14.98879533" lon="102.09424455"><ele>149.981</ele><time>2025-01-14T01:03:27Z</time><speed>0.000</speed><sat>27</sat></trkpt>
  <trkpt lat="14.98879533" lon="102.09424455"><ele>149.840</ele><time>2025-01-14T01:03:28Z</time><speed>0.000</speed><sat>25</sat></trkpt>
  <trkpt lat="14.98879533" lon="102.09424455"><ele>149.724</ele><time>2025-01-14T01:03:29Z</time><speed>0.000</speed><sat>26</sat></trkpt>
  <trkpt lat="14.98879533" lon="102.09424455"><ele>149.631</ele><time>2025-01-14T01:03:30Z</time><speed>0.000</speed><sat>26</sat></trkpt>
  <trkpt lat="14.98879533" lon="102.09424455"><ele>149.687</ele><time>2025-01-14T01:03:31Z</time><speed>0.000</speed><sat>25</sat></trkpt>
  <trkpt lat="14.98879533" lon="102.09424455"><ele>149.797</ele><time>2025-01-14T01:03:32Z</time><speed>0.000</speed><sat>26</sat></trkpt>
  <trkpt lat="14.98879533" lon="102.09424455"><ele>149.745</ele><time>2025-01-14T01:03:33Z</time><speed>0.000</speed><sat>28</sat></trkpt>
  <trkpt lat="14.98879533" lon="102.09424455"><ele>149.730</ele><time>2025-01-14T01:03:34Z</time><speed>0.000</speed><sat>25</sat></trkpt>
  <trkpt lat="14.98879533" lon="102.09424455"><ele>149.680</ele><time>2025-01-14T01:03:35Z</time><speed>0.000</speed><sat>23</sat></trkpt>
  <trkpt lat="14.98880420" lon="102.09428124"><ele>149.635</ele><time>2025-01-14T01:03:36Z</time><speed>0.280</speed><sat>27</sat></trkpt>
  <trkpt lat="14.98881163" lon="102.09427238"><ele>149.870</ele><time>2025-01-14T01:03:37Z</time><speed>0.734</speed><sat>23</sat></trkpt>
  <trkpt lat="14.98882412" lon="102.09426981"><ele>149.873</ele><time>2025-01-14T01:03:38Z</time><speed>0.702</speed><sat>21</sat></trkpt>
  <trkpt lat="14.98883269" lon="102.09425759"><ele>149.618</ele><time>2025-01-14T01:03:39Z</time><speed>0.689</speed><sat>22</sat></trkpt>
  <trkpt lat="14.98884370" lon="102.09425145"><ele>149.717</ele><time>2025-01-14T01:03:40Z</time><speed>1.000</speed><sat>21</sat></trkpt>
  <trkpt lat="14.98885690" lon="102.09424774"><ele>149.581</ele><time>2025-01-14T01:03:41Z</time><speed>0.878</speed><sat>21</sat></trkpt>
  <trkpt lat="14.98886795" lon="102.09424523"><ele>149.611</ele><time>2025-01-14T01:03:42Z</time><speed>0.535</speed><sat>22</sat></trkpt>
  <trkpt lat="14.98887648" lon="102.09423560"><ele>149.790</ele><time>2025-01-14T01:03:43Z</time><speed>0.702</speed><sat>21</sat></trkpt>
  <trkpt lat="14.98888324" lon="102.09422829"><ele>150.310</ele><time>2025-01-14T01:03:44Z</time><speed>0.409</speed><sat>21</sat></trkpt>
  <trkpt lat="14.98888683" lon="102.09422538"><ele>151.023</ele><time>2025-01-14T01:03:45Z</time><speed>0.000</speed><sat>21</sat></trkpt>
  <trkpt lat="14.98889057" lon="102.09422535"><ele>150.632</ele><time>2025-01-14T01:03:46Z</time><speed>0.317</speed><sat>23</sat></trkpt>
  <trkpt lat="14.98889227" lon="102.09422136"><ele>151.240</ele><time>2025-01-14T01:03:47Z</time><speed>0.000</speed><sat>25</sat></trkpt>
  <trkpt lat="14.98889227" lon="102.09422136"><ele>151.031</ele><time>2025-01-14T01:03:48Z</time><speed>0.000</speed><sat>24</sat></trkpt>
  <trkpt lat="14.98889227" lon="102.09422136"><ele>150.865</ele><time>2025-01-14T01:03:49Z</time><speed>0.000</speed><sat>23</sat></trkpt>
  <trkpt lat="14.98889227" lon="102.09422136"><ele>150.625</ele><time>2025-01-14T01:03:50Z</time><speed>0.000</speed><sat>23</sat></trkpt>
  <trkpt lat="14.98889227" lon="102.09422136"><ele>150.581</ele><time>2025-01-14T01:03:51Z</time><speed>0.000</speed><sat>23</sat></trkpt>
  <trkpt lat="14.98889227" lon="102.09422136"><ele>150.516</ele><time>2025-01-14T01:03:52Z</time><speed>0.000</speed><sat>21</sat></trkpt>
  <trkpt lat="14.98889227" lon="102.09422136"><ele>150.526</ele><time>2025-01-14T01:03:53Z</time><speed>0.000</speed><sat>23</sat></trkpt>
  <trkpt lat="14.98890028" lon="102.09421813"><ele>150.596</ele><time>2025-01-14T01:03:54Z</time><speed>1.023</speed><sat>21</sat></trkpt>
  <trkpt lat="14.98891420" lon="102.09422420"><ele>150.666</ele><time>2025-01-14T01:03:55Z</time><speed>0.889</speed><sat>23</sat></trkpt>
  <trkpt lat="14.98892641" lon="102.09422469"><ele>150.752</ele><time>2025-01-14T01:03:56Z</time><speed>0.554</speed><sat>25</sat></trkpt>
  <trkpt lat="14.98893413" lon="102.09421790"><ele>150.504</ele><time>2025-01-14T01:03:57Z</time><speed>0.966</speed><sat>26</sat></trkpt>
  <trkpt lat="14.98894247" lon="102.09420162"><ele>150.636</ele><time>2025-01-14T01:03:58Z</time><speed>0.691</speed><sat>27</sat></trkpt>
  <trkpt lat="14.98894524" lon="102.09419480"><ele>149.220</ele><time>2025-01-14T01:03:59Z</time><speed>0.913</speed><sat>26</sat></trkpt>
  <trkpt lat="14.98894939" lon="102.09418377"><ele>150.781</ele><time>2025-01-14T01:04:00Z</time><speed>1.124</speed><sat>25</sat></trkpt>
  <trkpt lat="14.98895661" lon="102.09417554"><ele>151.232</ele><time>2025-01-14T01:04:01Z</time><speed>1.351</speed><sat>28</sat></trkpt>
  <trkpt lat="14.98896326" lon="102.09417025"><ele>151.156</ele><time>2025-01-14T01:04:02Z</time><speed>0.841</speed><sat>27</sat></trkpt>
  <trkpt lat="14.98897236" lon="102.09416295"><ele>151.157</ele><time>2025-01-14T01:04:03Z</time><speed>0.971</speed><sat>25</sat></trkpt>
  <trkpt lat="14.98898209" lon="102.09415266"><ele>151.307</ele><time>2025-01-14T01:04:04Z</time><speed>1.010</speed><sat>24</sat></trkpt>
  <trkpt lat="14.98898983" lon="102.09414123"><ele>151.361</ele><time>2025-01-14T01:04:05Z</time><speed>0.431</speed><sat>27</sat></trkpt>
  <trkpt lat="14.98899477" lon="102.09413629"><ele>151.317</ele><time>2025-01-14T01:04:06Z</time><speed>0.344</speed><sat>26</sat></trkpt>
  <trkpt lat="14.98900027" lon="102.09413116"><ele>151.235</ele><time>2025-01-14T01:04:07Z</time><speed>0.356</speed><sat>28</sat></trkpt>
  <trkpt lat="14.98900231" lon="102.09412903"><ele>151.385</ele><time>2025-01-14T01:04:08Z</time><speed>0.410</speed><sat>28</sat></trkpt>
  <trkpt lat="14.98900590" lon="102.09412654"><ele>151.170</ele><time>2025-01-14T01:04:09Z</time><speed>0.000</speed><sat>26</sat></trkpt>
  <trkpt lat="14.98900590" lon="102.09412654"><ele>151.607</ele><time>2025-01-14T01:04:10Z</time><speed>0.000</speed><sat>27</sat></trkpt>
  <trkpt lat="14.98900590" lon="102.09412654"><ele>151.834</ele><time>2025-01-14T01:04:11Z</time><speed>0.000</speed><sat>26</sat></trkpt>
  <trkpt lat="14.98900590" lon="102.09412654"><ele>152.013</ele><time>2025-01-14T01:04:12Z</time><speed>0.000</speed><sat>26</sat></trkpt>
  <trkpt lat="14.98900590" lon="102.09412654"><ele>152.363</ele><time>2025-01-14T01:04:13Z</time><speed>0.000</speed><sat>27</sat></trkpt>
  <trkpt lat="14.98900590" lon="102.09412654"><ele>152.841</ele><time>2025-01-14T01:04:14Z</time><speed>0.000</speed><sat>25</sat></trkpt>
  <trkpt lat="14.98900590" lon="102.09412654"><ele>153.187</ele><time>2025-01-14T01:04:15Z</time><speed>0.000</speed><sat>27</sat></trkpt>
  <trkpt lat="14.98900590" lon="102.09412654"><ele>153.397</ele><time>2025-01-14T01:04:16Z</time><speed>0.000</speed><sat>27</sat></trkpt>
  <trkpt lat="14.98900590" lon="102.09412654"><ele>153.406</ele><time>2025-01-14T01:04:17Z</time><speed>0.000</speed><sat>27</sat></trkpt>
  <trkpt lat="14.98900590" lon="102.09412654"><ele>153.528</ele><time>2025-01-14T01:04:18Z</time><speed>0.000</speed><sat>27</sat></trkpt>
  <trkpt lat="14.98900590" lon="102.09412654"><ele>153.082</ele><time>2025-01-14T01:04:19Z</time><speed>0.000</speed><sat>27</sat></trkpt>
  <trkpt lat="14.98900590" lon="102.09412654"><ele>152.908</ele><time>2025-01-14T01:04:20Z</time><speed>0.000</speed><sat>27</sat></trkpt>
  <trkpt lat="14.98900590" lon="102.09412654"><ele>153.003</ele><time>2025-01-14T01:04:21Z</time><speed>0.000</speed><sat>26</sat></trkpt>
  <trkpt lat="14.98900590" lon="102.09412654"><ele>153.085</ele><time>2025-01-14T01:04:22Z</time><speed>0.000</speed><sat>26</sat></trkpt>
  <trkpt lat="14.98904829" lon="102.09409955"><ele>153.102</ele><time>2025-01-14T01:04:23Z</time><speed>0.000</speed><sat>25</sat></trkpt>
  <trkpt lat="14.98904829" lon="102.09409955"><ele>153.178</ele><time>2025-01-14T01:04:24Z</time><speed>0.000</speed><sat>26</sat></trkpt>
  <trkpt lat="14.98904829" lon="102.09409955"><ele>153.557</ele><time>2025-01-14T01:04:25Z</time><speed>0.000</speed><sat>25</sat></trkpt>
  <trkpt lat="14.98904829" lon="102.09409955"><ele>153.781</ele><time>2025-01-14T01:04:26Z</time><speed>0.000</speed><sat>26</sat></trkpt>
  <trkpt lat="14.98904829" lon="102.09409955"><ele>154.067</ele><time>2025-01-14T01:04:27Z</time><speed>0.000</speed><sat>24</sat></trkpt>
  <trkpt lat="14.98908419" lon="102.09407818"><ele>154.166</ele><time>2025-01-14T01:04:28Z</time><speed>0.409</speed><sat>21</sat></trkpt>
  <trkpt lat="14.98910298" lon="102.09407263"><ele>154.181</ele><time>2025-01-14T01:04:29Z</time><speed>0.427</speed><sat>26</sat></trkpt>
  <trkpt lat="14.98911428" lon="102.09407082"><ele>153.890</ele><time>2025-01-14T01:04:30Z</time><speed>0.000</speed><sat>27</sat></trkpt>
  <trkpt lat="14.98911428" lon="102.09407082"><ele>153.734</ele><time>2025-01-14T01:04:31Z</time><speed>0.000</speed><sat>27</sat></trkpt>
  <trkpt lat="14.98911428" lon="102.09407082"><ele>153.453</ele><time>2025-01-14T01:04:32Z</time><speed>0.000</speed><sat>28</sat></trkpt>
  <trkpt lat="14.98911428" lon="102.09407082"><ele>153.219</ele><time>2025-01-14T01:04:33Z</time><speed>0.000</speed><sat>27</sat></trkpt>
  <trkpt lat="14.98911428" lon="102.09407082"><ele>153.259</ele><time>2025-01-14T01:04:34Z</time><speed>0.000</speed><sat>28</sat></trkpt>
  <trkpt lat="14.98911428" lon="102.09407082"><ele>153.140</ele><time>2025-01-14T01:04:35Z</time><speed>0.000</speed><sat>24</sat></trkpt>
  <trkpt lat="14.98911428" lon="102.09407082"><ele>153.120</ele><time>2025-01-14T01:04:36Z</time><speed>0.000</speed><sat>27</sat></trkpt>
  <trkpt lat="14.98911428" lon="102.09407082"><ele>152.819</ele><time>2025-01-14T01:04:37Z</time><speed>0.000</speed><sat>24</sat></trkpt>
  <trkpt lat="14.98916358" lon="102.09405650"><ele>152.705</ele><time>2025-01-14T01:04:38Z</time><speed>0.000</speed><sat>26</sat></trkpt>
  <trkpt lat="14.98916358" lon="102.09405650"><ele>152.595</ele><time>2025-01-14T01:04:39Z</time><speed>0.000</speed><sat>24</sat></trkpt>
  <trkpt lat="14.98916358" lon="102.09405650"><ele>152.595</ele><time>2025-01-14T01:04:40Z</time><speed>0.000</speed><sat>27</sat></trkpt>
  <trkpt lat="14.98916358" lon="102.09405650"><ele>152.609</ele><time>2025-01-14T01:04:41Z</time><speed>0.000</speed><sat>26</sat></trkpt>
  <trkpt lat="14.98916358" lon="102.09405650"><ele>152.775</ele><time>2025-01-14T01:04:42Z</time><speed>0.000</speed><sat>26</sat></trkpt>
  <trkpt lat="14.98916358" lon="102.09405650"><ele>152.707</ele><time>2025-01-14T01:04:43Z</time><speed>0.000</speed><sat>26</sat></trkpt>
  <trkpt lat="14.98916358" lon="102.09405650"><ele>152.698</ele><time>2025-01-14T01:04:44Z</time><speed>0.000</speed><sat>26</sat></trkpt>
  <trkpt lat="14.98916358" lon="102.09405650"><ele>152.275</ele><time>2025-01-14T01:04:45Z</time><speed>0.000</speed><sat>28</sat></trkpt>
  <trkpt lat="14.98921046" lon="102.09405429"><ele>152.309</ele><time>2025-01-14T01:04:46Z</time><speed>0.000</speed><sat>29</sat></trkpt>
  <trkpt lat="14.98921046" lon="102.09405429"><ele>152.190</ele><time>2025-01-14T01:04:47Z</time><speed>0.000</speed><sat>29</sat></trkpt>
  <trkpt lat="14.98921046" lon="102.09405429"><ele>152.136</ele><time>2025-01-14T01:04:48Z</time><speed>0.000</speed><sat>27</sat></trkpt>
  <trkpt lat="14.98921046" lon="102.09405429"><ele>152.005</ele><time>2025-01-14T01:04:49Z</time><speed>0.000</speed><sat>23</sat></trkpt>
  <trkpt lat="14.98921046" lon="102.09405429"><ele>151.975</ele><time>2025-01-14T01:04:50Z</time><speed>0.000</speed><sat>24</sat></trkpt>
  <trkpt lat="14.98921046" lon="102.09405429"><ele>152.047</ele><time>2025-01-14T01:04:51Z</time><speed>0.000</speed><sat>25</sat></trkpt>
  <trkpt lat="14.98921046" lon="102.09405429"><ele>152.073</ele><time>2025-01-14T01:04:52Z</time><speed>0.000</speed><sat>27</sat></trkpt>
  <trkpt lat="14.98921046" lon="102.09405429"><ele>152.123</ele><time>2025-01-14T01:04:53Z</time><speed>0.000</speed><sat>25</sat></trkpt>
  <trkpt lat="14.98921046" lon="102.09405429"><ele>152.171</ele><time>2025-01-14T01:04:54Z</time><speed>0.000</speed><sat>28</sat></trkpt>
  <trkpt lat="14.98921046" lon="102.09405429"><ele>152.337</ele><time>2025-01-14T01:04:55Z</time><speed>0.000</speed><sat>27</sat></trkpt>
  <trkpt lat="14.98921046" lon="102.09405429"><ele>152.055</ele><time>2025-01-14T01:04:56Z</time><speed>0.000</speed><sat>27</sat></trkpt>
  <trkpt lat="14.98921046" lon="102.09405429"><ele>152.107</ele><time>2025-01-14T01:04:57Z</time><speed>0.000</speed><sat>28</sat></trkpt>
  <trkpt lat="14.98925924" lon="102.09404963"><ele>152.220</ele><time>2025-01-14T01:04:58Z</time><speed>0.594</speed><sat>28</sat></trkpt>
  <trkpt lat="14.98926885" lon="102.09404765"><ele>152.000</ele><time>2025-01-14T01:04:59Z</time><speed>0.000</speed><sat>26</sat></trkpt>
  <trkpt lat="14.98928273" lon="102.09404331"><ele>151.919</ele><time>2025-01-14T01:05:00Z</time><speed>0.514</speed><sat>28</sat></trkpt>
  <trkpt lat="14.98930604" lon="102.09403435"><ele>151.691</ele><time>2025-01-14T01:05:01Z</time><speed>0.588</speed><sat>28</sat></trkpt>
  <trkpt lat="14.98932233" lon="102.09403189"><ele>151.628</ele><time>2025-01-14T01:05:02Z</time><speed>0.615</speed><sat>30</sat></trkpt>
  <trkpt lat="14.98933859" lon="102.09403238"><ele>151.689</ele><time>2025-01-14T01:05:03Z</time><speed>0.329</speed><sat>30</sat></trkpt>
  <trkpt lat="14.98935538" lon="102.09403069"><ele>151.436</ele><time>2025-01-14T01:05:04Z</time><speed>0.278</speed><sat>29</sat></trkpt>
  <trkpt lat="14.98936992" lon="102.09403272"><ele>151.118</ele><time>2025-01-14T01:05:05Z</time><speed>0.000</speed><sat>28</sat></trkpt>
  <trkpt lat="14.98936992" lon="102.09403272"><ele>150.992</ele><time>2025-01-14T01:05:06Z</time><speed>0.000</speed><sat>28</sat></trkpt>
  <trkpt lat="14.98936992" lon="102.09403272"><ele>151.147</ele><time>2025-01-14T01:05:07Z</time><speed>0.000</speed><sat>30</sat></trkpt>
  <trkpt lat="14.98936992" lon="102.09403272"><ele>151.238</ele><time>2025-01-14T01:05:08Z</time><speed>0.000</speed><sat>29</sat></trkpt>
  <trkpt lat="14.98936992" lon="102.09403272"><ele>151.495</ele><time>2025-01-14T01:05:09Z</time><speed>0.000</speed><sat>28</sat></trkpt>
  <trkpt lat="14.98936992" lon="102.09403272"><ele>151.631</ele><time>2025-01-14T01:05:10Z</time><speed>0.000</speed><sat>28</sat></trkpt>
  <trkpt lat="14.98936992" lon="102.09403272"><ele>151.688</ele><time>2025-01-14T01:05:11Z</time><speed>0.000</speed><sat>28</sat></trkpt>
  <trkpt lat="14.98936992" lon="102.09403272"><ele>151.432</ele><time>2025-01-14T01:05:12Z</time><speed>0.000</speed><sat>29</sat></trkpt>
  <trkpt lat="14.98936992" lon="102.09403272"><ele>151.482</ele><time>2025-01-14T01:05:13Z</time><speed>0.000</speed><sat>28</sat></trkpt>
  <trkpt lat="14.98936992" lon="102.09403272"><ele>151.107</ele><time>2025-01-14T01:05:14Z</time><speed>0.000</speed><sat>28</sat></trkpt>
  <trkpt lat="14.98936992" lon="102.09403272"><ele>150.877</ele><time>2025-01-14T01:05:15Z</time><speed>0.000</speed><sat>28</sat></trkpt>
  <trkpt lat="14.98936992" lon="102.09403272"><ele>150.762</ele><time>2025-01-14T01:05:16Z</time><speed>0.000</speed><sat>28</sat></trkpt>
  <trkpt lat="14.98941857" lon="102.09404644"><ele>150.884</ele><time>2025-01-14T01:05:17Z</time><speed>0.000</speed><sat>27</sat></trkpt>
  <trkpt lat="14.98941857" lon="102.09404644"><ele>150.777</ele><time>2025-01-14T01:05:18Z</time><speed>0.000</speed><sat>25</sat></trkpt>
  <trkpt lat="14.98941857" lon="102.09404644"><ele>150.614</ele><time>2025-01-14T01:05:19Z</time><speed>0.000</speed><sat>28</sat></trkpt>
  <trkpt lat="14.98941857" lon="102.09404644"><ele>150.685</ele><time>2025-01-14T01:05:20Z</time><speed>0.000</speed><sat>27</sat></trkpt>
  <trkpt lat="14.98941857" lon="102.09404644"><ele>150.639</ele><time>2025-01-14T01:05:21Z</time><speed>0.000</speed><sat>27</sat></trkpt>
  <trkpt lat="14.98941857" lon="102.09404644"><ele>150.578</ele><time>2025-01-14T01:05:22Z</time><speed>0.000</speed><sat>26</sat></trkpt>
  <trkpt lat="14.98941857" lon="102.09404644"><ele>150.299</ele><time>2025-01-14T01:05:23Z</time><speed>0.000</speed><sat>26</sat></trkpt>
  <trkpt lat="14.98947533" lon="102.09404693"><ele>150.308</ele><time>2025-01-14T01:05:24Z</time><speed>0.326</speed><sat>28</sat></trkpt>
  <trkpt lat="14.98948409" lon="102.09404496"><ele>150.111</ele><time>2025-01-14T01:05:25Z</time><speed>0.000</speed><sat>28</sat></trkpt>
  <trkpt lat="14.98950042" lon="102.09404753"><ele>150.265</ele><time>2025-01-14T01:05:26Z</time><speed>0.394</speed><sat>28</sat></trkpt>
  <trkpt lat="14.98952087" lon="102.09404327"><ele>150.176</ele><time>2025-01-14T01:05:27Z</time><speed>0.556</speed><sat>28</sat></trkpt>
  <trkpt lat="14.98954511" lon="102.09403645"><ele>150.173</ele><time>2025-01-14T01:05:28Z</time><speed>0.443</speed><sat>28</sat></trkpt>
  <trkpt lat="14.98956579" lon="102.09403714"><ele>150.518</ele><time>2025-01-14T01:05:29Z</time><speed>0.711</speed><sat>29</sat></trkpt>
  <trkpt lat="14.98957748" lon="102.09404493"><ele>150.782</ele><time>2025-01-14T01:05:30Z</time><speed>0.722</speed><sat>28</sat></trkpt>
  <trkpt lat="14.98958598" lon="102.09405532"><ele>150.290</ele><time>2025-01-14T01:05:31Z</time><speed>0.409</speed><sat>29</sat></trkpt>
  <trkpt lat="14.98959578" lon="102.09406389"><ele>149.601</ele><time>2025-01-14T01:05:32Z</time><speed>0.000</speed><sat>29</sat></trkpt>
  <trkpt lat="14.98960389" lon="102.09406806"><ele>150.044</ele><time>2025-01-14T01:05:33Z</time><speed>0.426</speed><sat>29</sat></trkpt>
  <trkpt lat="14.98961438" lon="102.09407273"><ele>150.301</ele><time>2025-01-14T01:05:34Z</time><speed>0.443</speed><sat>29</sat></trkpt>
  <trkpt lat="14.98962173" lon="102.09407406"><ele>150.668</ele><time>2025-01-14T01:05:35Z</time><speed>0.000</speed><sat>29</sat></trkpt>
  <trkpt lat="14.98962173" lon="102.09407406"><ele>150.959</ele><time>2025-01-14T01:05:36Z</time><speed>0.000</speed><sat>29</sat></trkpt>
  <trkpt lat="14.98962173" lon="102.09407406"><ele>150.876</ele><time>2025-01-14T01:05:37Z</time><speed>0.000</speed><sat>29</sat></trkpt>
  <trkpt lat="14.98964496" lon="102.09407668"><ele>150.921</ele><time>2025-01-14T01:05:38Z</time><speed>0.281</speed><sat>29</sat></trkpt>
  <trkpt lat="14.98964998" lon="102.09407798"><ele>150.874</ele><time>2025-01-14T01:05:39Z</time><speed>0.000</speed><sat>28</sat></trkpt>
  <trkpt lat="14.98964998" lon="102.09407798"><ele>150.802</ele><time>2025-01-14T01:05:40Z</time><speed>0.000</speed><sat>28</sat></trkpt>
  <trkpt lat="14.98964998" lon="102.09407798"><ele>150.785</ele><time>2025-01-14T01:05:41Z</time><speed>0.000</speed><sat>29</sat></trkpt>
  <trkpt lat="14.98964998" lon="102.09407798"><ele>150.821</ele><time>2025-01-14T01:05:42Z</time><speed>0.000</speed><sat>28</sat></trkpt>
  <trkpt lat="14.98964998" lon="102.09407798"><ele>150.910</ele><time>2025-01-14T01:05:43Z</time><speed>0.000</speed><sat>28</sat></trkpt>
  <trkpt lat="14.98964998" lon="102.09407798"><ele>150.826</ele><time>2025-01-14T01:05:44Z</time><speed>0.000</speed><sat>27</sat></trkpt>
  <trkpt lat="14.98964998" lon="102.09407798"><ele>150.729</ele><time>2025-01-14T01:05:45Z</time><speed>0.000</speed><sat>26</sat></trkpt>
  <trkpt lat="14.98967523" lon="102.09408253"><ele>150.500</ele><time>2025-01-14T01:05:46Z</time><speed>0.559</speed><sat>28</sat></trkpt>
  <trkpt lat="14.98968795" lon="102.09408682"><ele>150.378</ele><time>2025-01-14T01:05:47Z</time><speed>0.342</speed><sat>26</sat></trkpt>
  <trkpt lat="14.98970180" lon="102.09408366"><ele>150.447</ele><time>2025-01-14T01:05:48Z</time><speed>0.563</speed><sat>26</sat></trkpt>
  <trkpt lat="14.98971525" lon="102.09408660"><ele>150.851</ele><time>2025-01-14T01:05:49Z</time><speed>0.589</speed><sat>26</sat></trkpt>
  <trkpt lat="14.98972618" lon="102.09409308"><ele>151.179</ele><time>2025-01-14T01:05:50Z</time><speed>0.691</speed><sat>25</sat></trkpt>
  <trkpt lat="14.98973353" lon="102.09410041"><ele>151.338</ele><time>2025-01-14T01:05:51Z</time><speed>0.534</speed><sat>21</sat></trkpt>
  <trkpt lat="14.98974060" lon="102.09410631"><ele>151.658</ele><time>2025-01-14T01:05:52Z</time><speed>0.614</speed><sat>22</sat></trkpt>
  <trkpt lat="14.98975206" lon="102.09410851"><ele>151.684</ele><time>2025-01-14T01:05:53Z</time><speed>0.395</speed><sat>24</sat></trkpt>
  <trkpt lat="14.98976035" lon="102.09411145"><ele>151.749</ele><time>2025-01-14T01:05:54Z</time><speed>0.285</speed><sat>22</sat></trkpt>
  <trkpt lat="14.98976587" lon="102.09411712"><ele>151.991</ele><time>2025-01-14T01:05:55Z</time><speed>0.516</speed><sat>22</sat></trkpt>
  <trkpt lat="14.98977937" lon="102.09412798"><ele>152.212</ele><time>2025-01-14T01:05:56Z</time><speed>0.530</speed><sat>26</sat></trkpt>
  <trkpt lat="14.98978369" lon="102.09413363"><ele>152.628</ele><time>2025-01-14T01:05:57Z</time><speed>0.000</speed><sat>28</sat></trkpt>
  <trkpt lat="14.98978369" lon="102.09413363"><ele>152.966</ele><time>2025-01-14T01:05:58Z</time><speed>0.000</speed><sat>26</sat></trkpt>
  <trkpt lat="14.98978369" lon="102.09413363"><ele>153.828</ele><time>2025-01-14T01:05:59Z</time><speed>0.000</speed><sat>29</sat></trkpt>
  <trkpt lat="14.98979235" lon="102.09416152"><ele>154.114</ele><time>2025-01-14T01:06:00Z</time><speed>0.792</speed><sat>30</sat></trkpt>
  <trkpt lat="14.98979055" lon="102.09417095"><ele>152.856</ele><time>2025-01-14T01:06:01Z</time><speed>0.399</speed><sat>30</sat></trkpt>
  <trkpt lat="14.98979148" lon="102.09417657"><ele>153.192</ele><time>2025-01-14T01:06:02Z</time><speed>0.000</speed><sat>30</sat></trkpt>
  <trkpt lat="14.98978955" lon="102.09418566"><ele>153.247</ele><time>2025-01-14T01:06:03Z</time><speed>0.527</speed><sat>28</sat></trkpt>
  <trkpt lat="14.98978840" lon="102.09420465"><ele>153.234</ele><time>2025-01-14T01:06:04Z</time><speed>0.407</speed><sat>27</sat></trkpt>
  <trkpt lat="14.98978568" lon="102.09421946"><ele>153.102</ele><time>2025-01-14T01:06:05Z</time><speed>0.730</speed><sat>28</sat></trkpt>
  <trkpt lat="14.98979322" lon="102.09422988"><ele>153.031</ele><time>2025-01-14T01:06:06Z</time><speed>1.132</speed><sat>30</sat></trkpt>
  <trkpt lat="14.98981254" lon="102.09424503"><ele>153.125</ele><time>2025-01-14T01:06:07Z</time><speed>1.082</speed><sat>29</sat></trkpt>
  <trkpt lat="14.98981504" lon="102.09424615"><ele>153.264</ele><time>2025-01-14T01:06:08Z</time><speed>0.625</speed><sat>28</sat></trkpt>
  <trkpt lat="14.98982599" lon="102.09425445"><ele>153.620</ele><time>2025-01-14T01:06:09Z</time><speed>0.628</speed><sat>28</sat></trkpt>
  <trkpt lat="14.98983181" lon="102.09425975"><ele>153.808</ele><time>2025-01-14T01:06:10Z</time><speed>0.460</speed><sat>30</sat></trkpt>
  <trkpt lat="14.98983216" lon="102.09426373"><ele>154.283</ele><time>2025-01-14T01:06:11Z</time><speed>0.677</speed><sat>29</sat></trkpt>
  <trkpt lat="14.98983889" lon="102.09427433"><ele>154.797</ele><time>2025-01-14T01:06:12Z</time><speed>0.787</speed><sat>28</sat></trkpt>
  <trkpt lat="14.98984729" lon="102.09428622"><ele>154.574</ele><time>2025-01-14T01:06:13Z</time><speed>0.915</speed><sat>28</sat></trkpt>
  <trkpt lat="14.98985302" lon="102.09429724"><ele>154.531</ele><time>2025-01-14T01:06:14Z</time><speed>0.764</speed><sat>27</sat></trkpt>
  <trkpt lat="14.98986423" lon="102.09431221"><ele>153.782</ele><time>2025-01-14T01:06:15Z</time><speed>1.185</speed><sat>28</sat></trkpt>
  <trkpt lat="14.98987353" lon="102.09431907"><ele>154.099</ele><time>2025-01-14T01:06:16Z</time><speed>1.193</speed><sat>30</sat></trkpt>
  <trkpt lat="14.98988258" lon="102.09432247"><ele>153.053</ele><time>2025-01-14T01:06:17Z</time><speed>1.453</speed><sat>28</sat></trkpt>
  <trkpt lat="14.98989744" lon="102.09433521"><ele>153.078</ele><time>2025-01-14T01:06:18Z</time><speed>1.508</speed><sat>29</sat></trkpt>
  <trkpt lat="14.98991145" lon="102.09434284"><ele>153.335</ele><time>2025-01-14T01:06:19Z</time><speed>1.457</speed><sat>27</sat></trkpt>
  <trkpt lat="14.98991952" lon="102.09435025"><ele>153.575</ele><time>2025-01-14T01:06:20Z</time><speed>1.028</speed><sat>28</sat></trkpt>
  <trkpt lat="14.98992950" lon="102.09435760"><ele>154.402</ele><time>2025-01-14T01:06:21Z</time><speed>0.765</speed><sat>28</sat></trkpt>
  <trkpt lat="14.98993524" lon="102.09436318"><ele>155.192</ele><time>2025-01-14T01:06:22Z</time><speed>0.510</speed><sat>29</sat></trkpt>
  <trkpt lat="14.98994374" lon="102.09436856"><ele>155.776</ele><time>2025-01-14T01:06:23Z</time><speed>0.351</speed><sat>28</sat></trkpt>
  <trkpt lat="14.98995319" lon="102.09437359"><ele>155.383</ele><time>2025-01-14T01:06:24Z</time><speed>0.000</speed><sat>28</sat></trkpt>
  <trkpt lat="14.98997118" lon="102.09438360"><ele>155.935</ele><time>2025-01-14T01:06:25Z</time><speed>1.197</speed><sat>29</sat></trkpt>
  <trkpt lat="14.98997846" lon="102.09438762"><ele>155.968</ele><time>2025-01-14T01:06:26Z</time><speed>1.264</speed><sat>28</sat></trkpt>
  <trkpt lat="14.98998767" lon="102.09439640"><ele>155.963</ele><time>2025-01-14T01:06:27Z</time><speed>1.229</speed><sat>29</sat></trkpt>
  <trkpt lat="14.98999614" lon="102.09440370"><ele>155.743</ele><time>2025-01-14T01:06:28Z</time><speed>1.098</speed><sat>25</sat></trkpt>
  <trkpt lat="14.99000128" lon="102.09440803"><ele>155.747</ele><time>2025-01-14T01:06:29Z</time><speed>1.208</speed><sat>27</sat></trkpt>
  <trkpt lat="14.99000964" lon="102.09441509"><ele>156.018</ele><time>2025-01-14T01:06:30Z</time><speed>0.000</speed><sat>25</sat></trkpt>
  <trkpt lat="14.99001306" lon="102.09441898"><ele>155.977</ele><time>2025-01-14T01:06:31Z</time><speed>0.533</speed><sat>25</sat></trkpt>
  <trkpt lat="14.99002701" lon="102.09442914"><ele>155.703</ele><time>2025-01-14T01:06:32Z</time><speed>1.360</speed><sat>29</sat></trkpt>
  <trkpt lat="14.99003723" lon="102.09443779"><ele>156.030</ele><time>2025-01-14T01:06:33Z</time><speed>0.892</speed><sat>29</sat></trkpt>
  <trkpt lat="14.99004317" lon="102.09444150"><ele>156.582</ele><time>2025-01-14T01:06:34Z</time><speed>1.133</speed><sat>30</sat></trkpt>
  <trkpt lat="14.99004881" lon="102.09444716"><ele>156.863</ele><time>2025-01-14T01:06:35Z</time><speed>1.352</speed><sat>29</sat></trkpt>
  <trkpt lat="14.99005779" lon="102.09445930"><ele>157.122</ele><time>2025-01-14T01:06:36Z</time><speed>1.291</speed><sat>29</sat></trkpt>
  <trkpt lat="14.99006564" lon="102.09447396"><ele>157.100</ele><time>2025-01-14T01:06:37Z</time><speed>1.093</speed><sat>28</sat></trkpt>
  <trkpt lat="14.99006020" lon="102.09447042"><ele>156.954</ele><time>2025-01-14T01:06:38Z</time><speed>0.963</speed><sat>27</sat></trkpt>
  <trkpt lat="14.99006165" lon="102.09446981"><ele>157.077</ele><time>2025-01-14T01:06:39Z</time><speed>0.880</speed><sat>26</sat></trkpt>
  <trkpt lat="14.99006288" lon="102.09446715"><ele>156.239</ele><time>2025-01-14T01:06:40Z</time><speed>0.862</speed><sat>25</sat></trkpt>
  <trkpt lat="14.99006584" lon="102.09447094"><ele>155.080</ele><time>2025-01-14T01:06:41Z</time><speed>0.819</speed><sat>28</sat></trkpt>
  <trkpt lat="14.99005598" lon="102.09446874"><ele>153.909</ele><time>2025-01-14T01:06:42Z</time><speed>0.972</speed><sat>28</sat></trkpt>
  <trkpt lat="14.99005025" lon="102.09447584"><ele>152.514</ele><time>2025-01-14T01:06:43Z</time><speed>0.743</speed><sat>30</sat></trkpt>
  <trkpt lat="14.99004520" lon="102.09447375"><ele>151.599</ele><time>2025-01-14T01:06:44Z</time><speed>0.836</speed><sat>29</sat></trkpt>
  <trkpt lat="14.99004937" lon="102.09446852"><ele>149.936</ele><time>2025-01-14T01:06:45Z</time><speed>0.689</speed><sat>28</sat></trkpt>
  <trkpt lat="14.99005092" lon="102.09446598"><ele>148.160</ele><time>2025-01-14T01:06:46Z</time><speed>0.000</speed><sat>28</sat></trkpt>
  <trkpt lat="14.99005092" lon="102.09446598"><ele>147.553</ele><time>2025-01-14T01:06:47Z</time><speed>0.000</speed><sat>27</sat></trkpt>
  <trkpt lat="14.99005092" lon="102.09446598"><ele>147.741</ele><time>2025-01-14T01:06:48Z</time><speed>0.000</speed><sat>23</sat></trkpt>
  <trkpt lat="14.99005092" lon="102.09446598"><ele>148.948</ele><time>2025-01-14T01:06:49Z</time><speed>0.000</speed><sat>22</sat></trkpt>
  <trkpt lat="14.99005092" lon="102.09446598"><ele>148.322</ele><time>2025-01-14T01:06:50Z</time><speed>0.000</speed><sat>24</sat></trkpt>
  <trkpt lat="14.99005092" lon="102.09446598"><ele>148.187</ele><time>2025-01-14T01:06:51Z</time><speed>0.000</speed><sat>22</sat></trkpt>
  <trkpt lat="14.99005092" lon="102.09446598"><ele>147.877</ele><time>2025-01-14T01:06:52Z</time><speed>0.000</speed><sat>22</sat></trkpt>
  <trkpt lat="14.99005092" lon="102.09446598"><ele>147.369</ele><time>2025-01-14T01:06:53Z</time><speed>0.000</speed><sat>22</sat></trkpt>
  <trkpt lat="14.99005092" lon="102.09446598"><ele>146.841</ele><time>2025-01-14T01:06:54Z</time><speed>0.000</speed><sat>24</sat></trkpt>
  <trkpt lat="14.99005092" lon="102.09446598"><ele>146.500</ele><time>2025-01-14T01:06:55Z</time><speed>0.000</speed><sat>22</sat></trkpt>
  <trkpt lat="14.99005092" lon="102.09446598"><ele>145.900</ele><time>2025-01-14T01:06:56Z</time><speed>0.000</speed><sat>21</sat></trkpt>
  <trkpt lat="14.99005092" lon="102.09446598"><ele>145.368</ele><time>2025-01-14T01:06:57Z</time><speed>0.000</speed><sat>20</sat></trkpt>
  <trkpt lat="14.99005092" lon="102.09446598"><ele>145.167</ele><time>2025-01-14T01:06:58Z</time><speed>0.000</speed><sat>17</sat></trkpt>
  <trkpt lat="14.99005092" lon="102.09446598"><ele>145.217</ele><time>2025-01-14T01:06:59Z</time><speed>0.000</speed><sat>17</sat></trkpt>
  <trkpt lat="14.99005092" lon="102.09446598"><ele>145.032</ele><time>2025-01-14T01:07:00Z</time><speed>0.000</speed><sat>16</sat></trkpt>
  <trkpt lat="14.99005092" lon="102.09446598"><ele>144.558</ele><time>2025-01-14T01:07:01Z</time><speed>0.000</speed><sat>15</sat></trkpt>
  <trkpt lat="14.99005092" lon="102.09446598"><ele>144.677</ele><time>2025-01-14T01:07:02Z</time><speed>0.000</speed><sat>16</sat></trkpt>
  <trkpt lat="14.99005092" lon="102.09446598"><ele>144.260</ele><time>2025-01-14T01:07:03Z</time><speed>0.000</speed><sat>14</sat></trkpt>
  <trkpt lat="14.99005092" lon="102.09446598"><ele>144.365</ele><time>2025-01-14T01:07:04Z</time><speed>0.000</speed><sat>18</sat></trkpt>
  <trkpt lat="14.99005092" lon="102.09446598"><ele>144.333</ele><time>2025-01-14T01:07:05Z</time><speed>0.000</speed><sat>17</sat></trkpt>
  <trkpt lat="14.99005092" lon="102.09446598"><ele>144.318</ele><time>2025-01-14T01:07:06Z</time><speed>0.000</speed><sat>14</sat></trkpt>
  <trkpt lat="14.99005092" lon="102.09446598"><ele>144.144</ele><time>2025-01-14T01:07:07Z</time><speed>0.000</speed><sat>15</sat></trkpt>
  <trkpt lat="14.99005092" lon="102.09446598"><ele>143.962</ele><time>2025-01-14T01:07:08Z</time><speed>0.000</speed><sat>13</sat></trkpt>
  <trkpt lat="14.99005092" lon="102.09446598"><ele>143.634</ele><time>2025-01-14T01:07:09Z</time><speed>0.000</speed><sat>17</sat></trkpt>
  <trkpt lat="14.99005092" lon="102.09446598"><ele>143.534</ele><time>2025-01-14T01:07:10Z</time><speed>0.000</speed><sat>16</sat></trkpt>
  <trkpt lat="14.99005092" lon="102.09446598"><ele>143.487</ele><time>2025-01-14T01:07:11Z</time><speed>0.000</speed><sat>15</sat></trkpt>
  <trkpt lat="14.99006321" lon="102.09451587"><ele>143.635</ele><time>2025-01-14T01:07:12Z</time><speed>0.000</speed><sat>15</sat></trkpt>
  <trkpt lat="14.99006321" lon="102.09451587"><ele>143.639</ele><time>2025-01-14T01:07:13Z</time><speed>0.000</speed><sat>13</sat></trkpt>
  <trkpt lat="14.99006321" lon="102.09451587"><ele>143.589</ele><time>2025-01-14T01:07:14Z</time><speed>0.000</speed><sat>13</sat></trkpt>
  <trkpt lat="14.99006321" lon="102.09451587"><ele>143.309</ele><time>2025-01-14T01:07:15Z</time><speed>0.000</speed><sat>14</sat></trkpt>
  <trkpt lat="14.99006321" lon="102.09451587"><ele>143.061</ele><time>2025-01-14T01:07:16Z</time><speed>0.000</speed><sat>14</sat></trkpt>
  <trkpt lat="14.99006321" lon="102.09451587"><ele>142.840</ele><time>2025-01-14T01:07:17Z</time><speed>0.000</speed><sat>14</sat></trkpt>
  <trkpt lat="14.99006321" lon="102.09451587"><ele>142.854</ele><time>2025-01-14T01:07:18Z</time><speed>0.000</speed><sat>14</sat></trkpt>
  <trkpt lat="14.99006321" lon="102.09451587"><ele>142.639</ele><time>2025-01-14T01:07:19Z</time><speed>0.000</speed><sat>14</sat></trkpt>
  <trkpt lat="14.99006321" lon="102.09451587"><ele>141.932</ele><time>2025-01-14T01:07:20Z</time><speed>0.000</speed><sat>14</sat></trkpt>
  <trkpt lat="14.99006321" lon="102.09451587"><ele>141.418</ele><time>2025-01-14T01:07:21Z</time><speed>0.000</speed><sat>13</sat></trkpt>
  <trkpt lat="14.99006321" lon="102.09451587"><ele>141.674</ele><time>2025-01-14T01:07:22Z</time><speed>0.000</speed><sat>13</sat></trkpt>
  <trkpt lat="14.99006321" lon="102.09451587"><ele>141.703</ele><time>2025-01-14T01:07:23Z</time><speed>0.000</speed><sat>13</sat></trkpt>
  <trkpt lat="14.99006321" lon="102.09451587"><ele>141.694</ele><time>2025-01-14T01:07:24Z</time><speed>0.000</speed><sat>13</sat></trkpt>
  <trkpt lat="14.99006321" lon="102.09451587"><ele>141.556</ele><time>2025-01-14T01:07:25Z</time><speed>0.000</speed><sat>12</sat></trkpt>
  <trkpt lat="14.99006321" lon="102.09451587"><ele>141.591</ele><time>2025-01-14T01:07:26Z</time><speed>0.000</speed><sat>11</sat></trkpt>
  <trkpt lat="14.99006321" lon="102.09451587"><ele>141.633</ele><time>2025-01-14T01:07:27Z</time><speed>0.000</speed><sat>12</sat></trkpt>
  <trkpt lat="14.99006321" lon="102.09451587"><ele>141.573</ele><time>2025-01-14T01:07:28Z</time><speed>0.000</speed><sat>14</sat></trkpt>
  <trkpt lat="14.99006321" lon="102.09451587"><ele>141.560</ele><time>2025-01-14T01:07:29Z</time><speed>0.000</speed><sat>13</sat></trkpt>
  <trkpt lat="14.99006321" lon="102.09451587"><ele>141.258</ele><time>2025-01-14T01:07:30Z</time><speed>0.000</speed><sat>12</sat></trkpt>
  <trkpt lat="14.99006321" lon="102.09451587"><ele>140.895</ele><time>2025-01-14T01:07:31Z</time><speed>0.000</speed><sat>14</sat></trkpt>
  <trkpt lat="14.99006321" lon="102.09451587"><ele>141.204</ele><time>2025-01-14T01:07:32Z</time><speed>0.000</speed><sat>17</sat></trkpt>
  <trkpt lat="14.99006321" lon="102.09451587"><ele>141.036</ele><time>2025-01-14T01:07:33Z</time><speed>0.000</speed><sat>15</sat></trkpt>
  <trkpt lat="14.99006321" lon="102.09451587"><ele>140.952</ele><time>2025-01-14T01:07:34Z</time><speed>0.000</speed><sat>14</sat></trkpt>
  <trkpt lat="14.99006321" lon="102.09451587"><ele>140.934</ele><time>2025-01-14T01:07:35Z</time><speed>0.000</speed><sat>15</sat></trkpt>
  <trkpt lat="14.99006321" lon="102.09451587"><ele>141.173</ele><time>2025-01-14T01:07:36Z</time><speed>0.000</speed><sat>18</sat></trkpt>
  <trkpt lat="14.99006321" lon="102.09451587"><ele>140.908</ele><time>2025-01-14T01:07:37Z</time><speed>0.000</speed><sat>18</sat></trkpt>
  <trkpt lat="14.99006321" lon="102.09451587"><ele>140.864</ele><time>2025-01-14T01:07:38Z</time><speed>0.000</speed><sat>22</sat></trkpt>
  <trkpt lat="14.99006321" lon="102.09451587"><ele>140.528</ele><time>2025-01-14T01:07:39Z</time><speed>0.000</speed><sat>23</sat></trkpt>
  <trkpt lat="14.99006321" lon="102.09451587"><ele>140.226</ele><time>2025-01-14T01:07:40Z</time><speed>0.000</speed><sat>21</sat></trkpt>
  <trkpt lat="14.99006321" lon="102.09451587"><ele>140.230</ele><time>2025-01-14T01:07:41Z</time><speed>0.000</speed><sat>23</sat></trkpt>
  <trkpt lat="14.99006321" lon="102.09451587"><ele>140.360</ele><time>2025-01-14T01:07:42Z</time><speed>0.000</speed><sat>22</sat></trkpt>
  <trkpt lat="14.99006321" lon="102.09451587"><ele>140.426</ele><time>2025-01-14T01:07:43Z</time><speed>0.000</speed><sat>21</sat></trkpt>
  <trkpt lat="14.99006321" lon="102.09451587"><ele>140.330</ele><time>2025-01-14T01:07:44Z</time><speed>0.000</speed><sat>21</sat></trkpt>
  <trkpt lat="14.99006321" lon="102.09451587"><ele>140.233</ele><time>2025-01-14T01:07:45Z</time><speed>0.000</speed><sat>20</sat></trkpt>
  <trkpt lat="14.99006321" lon="102.09451587"><ele>140.273</ele><time>2025-01-14T01:07:46Z</time><speed>0.000</speed><sat>23</sat></trkpt>
  <trkpt lat="14.99006321" lon="102.09451587"><ele>140.272</ele><time>2025-01-14T01:07:47Z</time><speed>0.000</speed><sat>21</sat></trkpt>
  <trkpt lat="14.99006321" lon="102.09451587"><ele>140.155</ele><time>2025-01-14T01:07:48Z</time><speed>0.000</speed><sat>22</sat></trkpt>
  <trkpt lat="14.99006321" lon="102.09451587"><ele>139.879</ele><time>2025-01-14T01:07:49Z</time><speed>0.000</speed><sat>23</sat></trkpt>
  <trkpt lat="14.99006321" lon="102.09451587"><ele>139.808</ele><time>2025-01-14T01:07:50Z</time><speed>0.000</speed><sat>23</sat></trkpt>
  <trkpt lat="14.99006321" lon="102.09451587"><ele>139.594</ele><time>2025-01-14T01:07:51Z</time><speed>0.000</speed><sat>24</sat></trkpt>
  <trkpt lat="14.99006321" lon="102.09451587"><ele>139.284</ele><time>2025-01-14T01:07:52Z</time><speed>0.000</speed><sat>26</sat></trkpt>
  <trkpt lat="14.99006321" lon="102.09451587"><ele>138.749</ele><time>2025-01-14T01:07:53Z</time><speed>0.000</speed><sat>26</sat></trkpt>
  <trkpt lat="14.99006321" lon="102.09451587"><ele>138.690</ele><time>2025-01-14T01:07:54Z</time><speed>0.000</speed><sat>27</sat></trkpt>
  <trkpt lat="14.99006321" lon="102.09451587"><ele>138.154</ele><time>2025-01-14T01:07:55Z</time><speed>0.000</speed><sat>26</sat></trkpt>
  <trkpt lat="14.99006321" lon="102.09451587"><ele>138.310</ele><time>2025-01-14T01:07:56Z</time><speed>0.000</speed><sat>28</sat></trkpt>
  <trkpt lat="14.99006321" lon="102.09451587"><ele>138.688</ele><time>2025-01-14T01:07:57Z</time><speed>0.000</speed><sat>28</sat></trkpt>
  <trkpt lat="14.99006321" lon="102.09451587"><ele>139.643</ele><time>2025-01-14T01:07:58Z</time><speed>0.000</speed><sat>28</sat></trkpt>
  <trkpt lat="14.99006321" lon="102.09451587"><ele>140.130</ele><time>2025-01-14T01:07:59Z</time><speed>0.000</speed><sat>27</sat></trkpt>
  <trkpt lat="14.99006321" lon="102.09451587"><ele>140.440</ele><time>2025-01-14T01:08:00Z</time><speed>0.000</speed><sat>27</sat></trkpt>
  <trkpt lat="14.99006321" lon="102.09451587"><ele>140.679</ele><time>2025-01-14T01:08:01Z</time><speed>0.000</speed><sat>28</sat></trkpt>
  <trkpt lat="14.99006321" lon="102.09451587"><ele>140.859</ele><time>2025-01-14T01:08:02Z</time><speed>0.000</speed><sat>27</sat></trkpt>
  <trkpt lat="14.99002956" lon="102.09455236"><ele>141.207</ele><time>2025-01-14T01:08:03Z</time><speed>0.000</speed><sat>25</sat></trkpt>
  <trkpt lat="14.99002956" lon="102.09455236"><ele>141.182</ele><time>2025-01-14T01:08:04Z</time><speed>0.000</speed><sat>23</sat></trkpt>
  <trkpt lat="14.99002956" lon="102.09455236"><ele>141.053</ele><time>2025-01-14T01:08:05Z</time><speed>0.000</speed><sat>26</sat></trkpt>
  <trkpt lat="14.99002956" lon="102.09455236"><ele>140.952</ele><time>2025-01-14T01:08:06Z</time><speed>0.000</speed><sat>22</sat></trkpt>
  <trkpt lat="14.99002956" lon="102.09455236"><ele>141.167</ele><time>2025-01-14T01:08:07Z</time><speed>0.000</speed><sat>19</sat></trkpt>
  <trkpt lat="14.99002956" lon="102.09455236"><ele>141.279</ele><time>2025-01-14T01:08:08Z</time><speed>0.000</speed><sat>23</sat></trkpt>
  <trkpt lat="14.99002956" lon="102.09455236"><ele>141.284</ele><time>2025-01-14T01:08:09Z</time><speed>0.000</speed><sat>26</sat></trkpt>
  <trkpt lat="14.99002956" lon="102.09455236"><ele>141.684</ele><time>2025-01-14T01:08:10Z</time><speed>0.000</speed><sat>26</sat></trkpt>
  <trkpt lat="14.99002956" lon="102.09455236"><ele>142.483</ele><time>2025-01-14T01:08:11Z</time><speed>0.000</speed><sat>25</sat></trkpt>
  <trkpt lat="14.99002956" lon="102.09455236"><ele>142.668</ele><time>2025-01-14T01:08:12Z</time><speed>0.000</speed><sat>26</sat></trkpt>
  <trkpt lat="14.99002956" lon="102.09455236"><ele>142.902</ele><time>2025-01-14T01:08:13Z</time><speed>0.000</speed><sat>27</sat></trkpt>
  <trkpt lat="14.99002956" lon="102.09455236"><ele>143.405</ele><time>2025-01-14T01:08:14Z</time><speed>0.000</speed><sat>25</sat></trkpt>
  <trkpt lat="14.99002956" lon="102.09455236"><ele>144.032</ele><time>2025-01-14T01:08:15Z</time><speed>0.000</speed><sat>23</sat></trkpt>
  <trkpt lat="14.99002956" lon="102.09455236"><ele>144.894</ele><time>2025-01-14T01:08:16Z</time><speed>0.000</speed><sat>25</sat></trkpt>
  <trkpt lat="14.99002956" lon="102.09455236"><ele>144.897</ele><time>2025-01-14T01:08:17Z</time><speed>0.000</speed><sat>24</sat></trkpt>
  <trkpt lat="14.99002956" lon="102.09455236"><ele>145.100</ele><time>2025-01-14T01:08:18Z</time><speed>0.000</speed><sat>26</sat></trkpt>
  <trkpt lat="14.99001761" lon="102.09455212"><ele>145.244</ele><time>2025-01-14T01:08:19Z</time><speed>0.471</speed><sat>26</sat></trkpt>
  <trkpt lat="14.99001890" lon="102.09454865"><ele>145.343</ele><time>2025-01-14T01:08:20Z</time><speed>0.377</speed><sat>26</sat></trkpt>
  <trkpt lat="14.99001793" lon="102.09454502"><ele>145.545</ele><time>2025-01-14T01:08:21Z</time><speed>0.000</speed><sat>26</sat></trkpt>
  <trkpt lat="14.99001793" lon="102.09454502"><ele>145.597</ele><time>2025-01-14T01:08:22Z</time><speed>0.000</speed><sat>26</sat></trkpt>
  <trkpt lat="14.99000588" lon="102.09454445"><ele>145.406</ele><time>2025-01-14T01:08:23Z</time><speed>0.456</speed><sat>28</sat></trkpt>
  <trkpt lat="14.99000947" lon="102.09454286"><ele>144.894</ele><time>2025-01-14T01:08:24Z</time><speed>0.462</speed><sat>29</sat></trkpt>
  <trkpt lat="14.99000943" lon="102.09453489"><ele>144.095</ele><time>2025-01-14T01:08:25Z</time><speed>0.362</speed><sat>25</sat></trkpt>
  <trkpt lat="14.99000418" lon="102.09452029"><ele>143.569</ele><time>2025-01-14T01:08:26Z</time><speed>0.369</speed><sat>25</sat></trkpt>
  <trkpt lat="14.99000180" lon="102.09450684"><ele>143.312</ele><time>2025-01-14T01:08:27Z</time><speed>0.000</speed><sat>27</sat></trkpt>
  <trkpt lat="14.99000180" lon="102.09450684"><ele>142.515</ele><time>2025-01-14T01:08:28Z</time><speed>0.000</speed><sat>27</sat></trkpt>
  <trkpt lat="14.98999602" lon="102.09448483"><ele>141.616</ele><time>2025-01-14T01:08:29Z</time><speed>0.293</speed><sat>27</sat></trkpt>
  <trkpt lat="14.98999652" lon="102.09446999"><ele>140.767</ele><time>2025-01-14T01:08:30Z</time><speed>0.284</speed><sat>27</sat></trkpt>
  <trkpt lat="14.98999551" lon="102.09445207"><ele>140.604</ele><time>2025-01-14T01:08:31Z</time><speed>0.000</speed><sat>27</sat></trkpt>
  <trkpt lat="14.98999551" lon="102.09445207"><ele>140.110</ele><time>2025-01-14T01:08:32Z</time><speed>0.000</speed><sat>26</sat></trkpt>
  <trkpt lat="14.98999551" lon="102.09445207"><ele>139.638</ele><time>2025-01-14T01:08:33Z</time><speed>0.000</speed><sat>23</sat></trkpt>
  <trkpt lat="14.98999551" lon="102.09445207"><ele>139.194</ele><time>2025-01-14T01:08:34Z</time><speed>0.000</speed><sat>21</sat></trkpt>
  <trkpt lat="14.98999551" lon="102.09445207"><ele>138.988</ele><time>2025-01-14T01:08:35Z</time><speed>0.000</speed><sat>21</sat></trkpt>
  <trkpt lat="14.98999551" lon="102.09445207"><ele>138.607</ele><time>2025-01-14T01:08:36Z</time><speed>0.000</speed><sat>26</sat></trkpt>
  <trkpt lat="14.98999551" lon="102.09445207"><ele>138.252</ele><time>2025-01-14T01:08:37Z</time><speed>0.000</speed><sat>25</sat></trkpt>
  <trkpt lat="14.98999551" lon="102.09445207"><ele>137.895</ele><time>2025-01-14T01:08:38Z</time><speed>0.000</speed><sat>25</sat></trkpt>
  <trkpt lat="14.98999551" lon="102.09445207"><ele>137.031</ele><time>2025-01-14T01:08:39Z</time><speed>0.000</speed><sat>25</sat></trkpt>
  <trkpt lat="14.98999551" lon="102.09445207"><ele>136.037</ele><time>2025-01-14T01:08:40Z</time><speed>0.000</speed><sat>25</sat></trkpt>
  <trkpt lat="14.98999551" lon="102.09445207"><ele>135.516</ele><time>2025-01-14T01:08:41Z</time><speed>0.000</speed><sat>25</sat></trkpt>
  <trkpt lat="14.98999551" lon="102.09445207"><ele>135.044</ele><time>2025-01-14T01:08:42Z</time><speed>0.000</speed><sat>26</sat></trkpt>
  <trkpt lat="14.98999551" lon="102.09445207"><ele>134.940</ele><time>2025-01-14T01:08:43Z</time><speed>0.000</speed><sat>25</sat></trkpt>
  <trkpt lat="14.98999551" lon="102.09445207"><ele>134.872</ele><time>2025-01-14T01:08:44Z</time><speed>0.000</speed><sat>26</sat></trkpt>
  <trkpt lat="14.99000286" lon="102.09448163"><ele>135.077</ele><time>2025-01-14T01:08:45Z</time><speed>0.363</speed><sat>27</sat></trkpt>
  <trkpt lat="14.99000817" lon="102.09449037"><ele>134.979</ele><time>2025-01-14T01:08:46Z</time><speed>0.000</speed><sat>28</sat></trkpt>
  <trkpt lat="14.99000817" lon="102.09449037"><ele>135.000</ele><time>2025-01-14T01:08:47Z</time><speed>0.000</speed><sat>29</sat></trkpt>
  <trkpt lat="14.99000817" lon="102.09449037"><ele>135.237</ele><time>2025-01-14T01:08:48Z</time><speed>0.000</speed><sat>28</sat></trkpt>
  <trkpt lat="14.99000817" lon="102.09449037"><ele>135.460</ele><time>2025-01-14T01:08:49Z</time><speed>0.000</speed><sat>27</sat></trkpt>
  <trkpt lat="14.99000817" lon="102.09449037"><ele>136.587</ele><time>2025-01-14T01:08:50Z</time><speed>0.000</speed><sat>25</sat></trkpt>
  <trkpt lat="14.99000817" lon="102.09449037"><ele>137.327</ele><time>2025-01-14T01:08:51Z</time><speed>0.000</speed><sat>26</sat></trkpt>
  <trkpt lat="14.99001554" lon="102.09450202"><ele>138.072</ele><time>2025-01-14T01:08:52Z</time><speed>0.305</speed><sat>27</sat></trkpt>
  <trkpt lat="14.99001040" lon="102.09449745"><ele>138.398</ele><time>2025-01-14T01:08:53Z</time><speed>0.345</speed><sat>28</sat></trkpt>
  <trkpt lat="14.99000522" lon="102.09449018"><ele>138.316</ele><time>2025-01-14T01:08:54Z</time><speed>0.000</speed><sat>27</sat></trkpt>
  <trkpt lat="14.99000124" lon="102.09448778"><ele>139.603</ele><time>2025-01-14T01:08:55Z</time><speed>0.680</speed><sat>27</sat></trkpt>
  <trkpt lat="14.98999525" lon="102.09448520"><ele>141.258</ele><time>2025-01-14T01:08:56Z</time><speed>0.000</speed><sat>27</sat></trkpt>
  <trkpt lat="14.98999525" lon="102.09448520"><ele>141.838</ele><time>2025-01-14T01:08:57Z</time><speed>0.000</speed><sat>26</sat></trkpt>
  <trkpt lat="14.98999401" lon="102.09450515"><ele>142.025</ele><time>2025-01-14T01:08:58Z</time><speed>0.295</speed><sat>27</sat></trkpt>
  <trkpt lat="14.98999281" lon="102.09450680"><ele>141.691</ele><time>2025-01-14T01:08:59Z</time><speed>0.000</speed><sat>27</sat></trkpt>
  <trkpt lat="14.98999281" lon="102.09450680"><ele>141.491</ele><time>2025-01-14T01:09:00Z</time><speed>0.000</speed><sat>28</sat></trkpt>
  <trkpt lat="14.98999281" lon="102.09450680"><ele>141.165</ele><time>2025-01-14T01:09:01Z</time><speed>0.000</speed><sat>28</sat></trkpt>
  <trkpt lat="14.98999281" lon="102.09450680"><ele>140.990</ele><time>2025-01-14T01:09:02Z</time><speed>0.000</speed><sat>28</sat></trkpt>
  <trkpt lat="14.98999281" lon="102.09450680"><ele>141.013</ele><time>2025-01-14T01:09:03Z</time><speed>0.000</speed><sat>28</sat></trkpt>
  <trkpt lat="14.98999281" lon="102.09450680"><ele>141.255</ele><time>2025-01-14T01:09:04Z</time><speed>0.000</speed><sat>29</sat></trkpt>
  <trkpt lat="14.98999281" lon="102.09450680"><ele>141.426</ele><time>2025-01-14T01:09:05Z</time><speed>0.000</speed><sat>28</sat></trkpt>
  <trkpt lat="14.98999281" lon="102.09450680"><ele>141.514</ele><time>2025-01-14T01:09:06Z</time><speed>0.000</speed><sat>25</sat></trkpt>
  <trkpt lat="14.98999281" lon="102.09450680"><ele>141.518</ele><time>2025-01-14T01:09:07Z</time><speed>0.000</speed><sat>26</sat></trkpt>
  <trkpt lat="14.98999281" lon="102.09450680"><ele>141.353</ele><time>2025-01-14T01:09:08Z</time><speed>0.000</speed><sat>26</sat></trkpt>
  <trkpt lat="14.98999281" lon="102.09450680"><ele>141.757</ele><time>2025-01-14T01:09:09Z</time><speed>0.000</speed><sat>24</sat></trkpt>
  <trkpt lat="14.98999281" lon="102.09450680"><ele>142.149</ele><time>2025-01-14T01:09:10Z</time><speed>0.000</speed><sat>26</sat></trkpt>
  <trkpt lat="14.98999281" lon="102.09450680"><ele>142.452</ele><time>2025-01-14T01:09:11Z</time><speed>0.000</speed><sat>25</sat></trkpt>
  <trkpt lat="14.98999281" lon="102.09450680"><ele>142.509</ele><time>2025-01-14T01:09:12Z</time><speed>0.000</speed><sat>26</sat></trkpt>
  <trkpt lat="14.98999281" lon="102.09450680"><ele>142.492</ele><time>2025-01-14T01:09:13Z</time><speed>0.000</speed><sat>22</sat></trkpt>
  <trkpt lat="14.98999281" lon="102.09450680"><ele>142.464</ele><time>2025-01-14T01:09:14Z</time><speed>0.000</speed><sat>23</sat></trkpt>
  <trkpt lat="14.98999281" lon="102.09450680"><ele>142.624</ele><time>2025-01-14T01:09:15Z</time><speed>0.000</speed><sat>21</sat></trkpt>
  <trkpt lat="14.98999281" lon="102.09450680"><ele>142.209</ele><time>2025-01-14T01:09:16Z</time><speed>0.000</speed><sat>21</sat></trkpt>
  <trkpt lat="14.98999281" lon="102.09450680"><ele>142.185</ele><time>2025-01-14T01:09:17Z</time><speed>0.000</speed><sat>22</sat></trkpt>
  <trkpt lat="14.98999281" lon="102.09450680"><ele>142.295</ele><time>2025-01-14T01:09:18Z</time><speed>0.000</speed><sat>21</sat></trkpt>
  <trkpt lat="14.98999574" lon="102.09455384"><ele>142.792</ele><time>2025-01-14T01:09:19Z</time><speed>0.000</speed><sat>25</sat></trkpt>
  <trkpt lat="14.98999574" lon="102.09455384"><ele>142.852</ele><time>2025-01-14T01:09:20Z</time><speed>0.000</speed><sat>25</sat></trkpt>
  <trkpt lat="14.98999574" lon="102.09455384"><ele>143.020</ele><time>2025-01-14T01:09:21Z</time><speed>0.000</speed><sat>25</sat></trkpt>
  <trkpt lat="14.98999574" lon="102.09455384"><ele>142.957</ele><time>2025-01-14T01:09:22Z</time><speed>0.000</speed><sat>21</sat></trkpt>
  <trkpt lat="14.98999574" lon="102.09455384"><ele>143.000</ele><time>2025-01-14T01:09:23Z</time><speed>0.000</speed><sat>22</sat></trkpt>
  <trkpt lat="14.98999574" lon="102.09455384"><ele>143.021</ele><time>2025-01-14T01:09:24Z</time><speed>0.000</speed><sat>26</sat></trkpt>
  <trkpt lat="14.98999122" lon="102.09455052"><ele>143.054</ele><time>2025-01-14T01:09:25Z</time><speed>0.819</speed><sat>23</sat></trkpt>
  <trkpt lat="14.98998433" lon="102.09454963"><ele>143.213</ele><time>2025-01-14T01:09:26Z</time><speed>0.924</speed><sat>21</sat></trkpt>
  <trkpt lat="14.98997900" lon="102.09455708"><ele>143.371</ele><time>2025-01-14T01:09:27Z</time><speed>0.785</speed><sat>18</sat></trkpt>
  <trkpt lat="14.98997343" lon="102.09456371"><ele>143.494</ele><time>2025-01-14T01:09:28Z</time><speed>0.839</speed><sat>19</sat></trkpt>
  <trkpt lat="14.98996736" lon="102.09456630"><ele>143.560</ele><time>2025-01-14T01:09:29Z</time><speed>0.971</speed><sat>16</sat></trkpt>
  <trkpt lat="14.98996200" lon="102.09457176"><ele>143.675</ele><time>2025-01-14T01:09:30Z</time><speed>0.728</speed><sat>15</sat></trkpt>
  <trkpt lat="14.98995637" lon="102.09457121"><ele>143.820</ele><time>2025-01-14T01:09:31Z</time><speed>0.521</speed><sat>17</sat></trkpt>
  <trkpt lat="14.98995374" lon="102.09457862"><ele>144.191</ele><time>2025-01-14T01:09:32Z</time><speed>0.286</speed><sat>17</sat></trkpt>
  <trkpt lat="14.98995076" lon="102.09458115"><ele>144.267</ele><time>2025-01-14T01:09:33Z</time><speed>0.000</speed><sat>19</sat></trkpt>
  <trkpt lat="14.98995076" lon="102.09458115"><ele>143.597</ele><time>2025-01-14T01:09:34Z</time><speed>0.000</speed><sat>17</sat></trkpt>
  <trkpt lat="14.98995076" lon="102.09458115"><ele>143.618</ele><time>2025-01-14T01:09:35Z</time><speed>0.000</speed><sat>16</sat></trkpt>
  <trkpt lat="14.98995076" lon="102.09458115"><ele>143.770</ele><time>2025-01-14T01:09:36Z</time><speed>0.000</speed><sat>13</sat></trkpt>
  <trkpt lat="14.98995076" lon="102.09458115"><ele>143.887</ele><time>2025-01-14T01:09:37Z</time><speed>0.000</speed><sat>15</sat></trkpt>
  <trkpt lat="14.98995076" lon="102.09458115"><ele>143.909</ele><time>2025-01-14T01:09:38Z</time><speed>0.000</speed><sat>13</sat></trkpt>
  <trkpt lat="14.98995076" lon="102.09458115"><ele>143.950</ele><time>2025-01-14T01:09:39Z</time><speed>0.000</speed><sat>13</sat></trkpt>
  <trkpt lat="14.98995076" lon="102.09458115"><ele>143.889</ele><time>2025-01-14T01:09:40Z</time><speed>0.000</speed><sat>14</sat></trkpt>
  <trkpt lat="14.98995076" lon="102.09458115"><ele>143.886</ele><time>2025-01-14T01:09:41Z</time><speed>0.000</speed><sat>13</sat></trkpt>
  <trkpt lat="14.98995076" lon="102.09458115"><ele>144.033</ele><time>2025-01-14T01:09:42Z</time><speed>0.000</speed><sat>13</sat></trkpt>
  <trkpt lat="14.98995076" lon="102.09458115"><ele>144.200</ele><time>2025-01-14T01:09:43Z</time><speed>0.000</speed><sat>15</sat></trkpt>
  <trkpt lat="14.98995076" lon="102.09458115"><ele>144.356</ele><time>2025-01-14T01:09:44Z</time><speed>0.000</speed><sat>15</sat></trkpt>
  <trkpt lat="14.98995076" lon="102.09458115"><ele>144.068</ele><time>2025-01-14T01:09:45Z</time><speed>0.000</speed><sat>13</sat></trkpt>
  <trkpt lat="14.98995076" lon="102.09458115"><ele>143.846</ele><time>2025-01-14T01:09:46Z</time><speed>0.000</speed><sat>13</sat></trkpt>
  <trkpt lat="14.98995076" lon="102.09458115"><ele>143.758</ele><time>2025-01-14T01:09:47Z</time><speed>0.000</speed><sat>13</sat></trkpt>
  <trkpt lat="14.98995076" lon="102.09458115"><ele>143.828</ele><time>2025-01-14T01:09:48Z</time><speed>0.000</speed><sat>15</sat></trkpt>
  <trkpt lat="14.98995076" lon="102.09458115"><ele>143.960</ele><time>2025-01-14T01:09:49Z</time><speed>0.000</speed><sat>15</sat></trkpt>
  <trkpt lat="14.98995076" lon="102.09458115"><ele>144.019</ele><time>2025-01-14T01:09:50Z</time><speed>0.000</speed><sat>15</sat></trkpt>
  <trkpt lat="14.98995076" lon="102.09458115"><ele>143.919</ele><time>2025-01-14T01:09:51Z</time><speed>0.000</speed><sat>13</sat></trkpt>
  <trkpt lat="14.98995076" lon="102.09458115"><ele>143.734</ele><time>2025-01-14T01:09:52Z</time><speed>0.000</speed><sat>14</sat></trkpt>
  <trkpt lat="14.98995076" lon="102.09458115"><ele>143.774</ele><time>2025-01-14T01:09:53Z</time><speed>0.000</speed><sat>13</sat></trkpt>
  <trkpt lat="14.98995076" lon="102.09458115"><ele>143.728</ele><time>2025-01-14T01:09:54Z</time><speed>0.000</speed><sat>15</sat></trkpt>
  <trkpt lat="14.98995076" lon="102.09458115"><ele>143.724</ele><time>2025-01-14T01:09:55Z</time><speed>0.000</speed><sat>15</sat></trkpt>
  <trkpt lat="14.98995076" lon="102.09458115"><ele>143.948</ele><time>2025-01-14T01:09:56Z</time><speed>0.000</speed><sat>15</sat></trkpt>
  <trkpt lat="14.98995076" lon="102.09458115"><ele>143.940</ele><time>2025-01-14T01:09:57Z</time><speed>0.000</speed><sat>15</sat></trkpt>
  <trkpt lat="14.98995076" lon="102.09458115"><ele>143.882</ele><time>2025-01-14T01:09:58Z</time><speed>0.000</speed><sat>15</sat></trkpt>
  <trkpt lat="14.98995076" lon="102.09458115"><ele>143.714</ele><time>2025-01-14T01:09:59Z</time><speed>0.000</speed><sat>16</sat></trkpt>
  <trkpt lat="14.98995076" lon="102.09458115"><ele>143.632</ele><time>2025-01-14T01:10:00Z</time><speed>0.000</speed><sat>15</sat></trkpt>
  <trkpt lat="14.98995076" lon="102.09458115"><ele>143.418</ele><time>2025-01-14T01:10:01Z</time><speed>0.000</speed><sat>15</sat></trkpt>
  <trkpt lat="14.98995076" lon="102.09458115"><ele>143.404</ele><time>2025-01-14T01:10:02Z</time><speed>0.000</speed><sat>14</sat></trkpt>
  <trkpt lat="14.98995076" lon="102.09458115"><ele>143.264</ele><time>2025-01-14T01:10:03Z</time><speed>0.000</speed><sat>16</sat></trkpt>
  <trkpt lat="14.98995076" lon="102.09458115"><ele>143.030</ele><time>2025-01-14T01:10:04Z</time><speed>0.000</speed><sat>14</sat></trkpt>
  <trkpt lat="14.98995076" lon="102.09458115"><ele>142.985</ele><time>2025-01-14T01:10:05Z</time><speed>0.000</speed><sat>15</sat></trkpt>
  <trkpt lat="14.98995076" lon="102.09458115"><ele>142.847</ele><time>2025-01-14T01:10:06Z</time><speed>0.000</speed><sat>17</sat></trkpt>
  <trkpt lat="14.98995076" lon="102.09458115"><ele>142.671</ele><time>2025-01-14T01:10:07Z</time><speed>0.000</speed><sat>16</sat></trkpt>
  <trkpt lat="14.98995076" lon="102.09458115"><ele>142.530</ele><time>2025-01-14T01:10:08Z</time><speed>0.000</speed><sat>15</sat></trkpt>
  <trkpt lat="14.98995076" lon="102.09458115"><ele>142.410</ele><time>2025-01-14T01:10:09Z</time><speed>0.000</speed><sat>14</sat></trkpt>
  <trkpt lat="14.98995076" lon="102.09458115"><ele>142.319</ele><time>2025-01-14T01:10:10Z</time><speed>0.000</speed><sat>14</sat></trkpt>
  <trkpt lat="14.98995076" lon="102.09458115"><ele>142.191</ele><time>2025-01-14T01:10:11Z</time><speed>0.000</speed><sat>14</sat></trkpt>
  <trkpt lat="14.98995076" lon="102.09458115"><ele>142.168</ele><time>2025-01-14T01:10:12Z</time><speed>0.000</speed><sat>12</sat></trkpt>
  <trkpt lat="14.98995076" lon="102.09458115"><ele>142.069</ele><time>2025-01-14T01:10:13Z</time><speed>0.000</speed><sat>11</sat></trkpt>
  <trkpt lat="14.98995076" lon="102.09458115"><ele>142.001</ele><time>2025-01-14T01:10:14Z</time><speed>0.000</speed><sat>12</sat></trkpt>
  <trkpt lat="14.98995076" lon="102.09458115"><ele>141.949</ele><time>2025-01-14T01:10:15Z</time><speed>0.000</speed><sat>13</sat></trkpt>
  <trkpt lat="14.98995076" lon="102.09458115"><ele>142.009</ele><time>2025-01-14T01:10:16Z</time><speed>0.000</speed><sat>13</sat></trkpt>
  <trkpt lat="14.98995076" lon="102.09458115"><ele>141.966</ele><time>2025-01-14T01:10:17Z</time><speed>0.000</speed><sat>12</sat></trkpt>
  <trkpt lat="14.98995076" lon="102.09458115"><ele>141.777</ele><time>2025-01-14T01:10:18Z</time><speed>0.000</speed><sat>13</sat></trkpt>
  <trkpt lat="14.98995076" lon="102.09458115"><ele>141.739</ele><time>2025-01-14T01:10:19Z</time><speed>0.000</speed><sat>12</sat></trkpt>
  <trkpt lat="14.98995076" lon="102.09458115"><ele>141.664</ele><time>2025-01-14T01:10:20Z</time><speed>0.000</speed><sat>14</sat></trkpt>
  <trkpt lat="14.98995076" lon="102.09458115"><ele>141.601</ele><time>2025-01-14T01:10:21Z</time><speed>0.000</speed><sat>15</sat></trkpt>
  <trkpt lat="14.98995076" lon="102.09458115"><ele>141.583</ele><time>2025-01-14T01:10:22Z</time><speed>0.000</speed><sat>16</sat></trkpt>
  <trkpt lat="14.98995076" lon="102.09458115"><ele>141.838</ele><time>2025-01-14T01:10:23Z</time><speed>0.000</speed><sat>18</sat></trkpt>
  <trkpt lat="14.98995076" lon="102.09458115"><ele>141.779</ele><time>2025-01-14T01:10:24Z</time><speed>0.000</speed><sat>18</sat></trkpt>
  <trkpt lat="14.98995076" lon="102.09458115"><ele>141.830</ele><time>2025-01-14T01:10:25Z</time><speed>0.000</speed><sat>22</sat></trkpt>
  <trkpt lat="14.98995076" lon="102.09458115"><ele>142.142</ele><time>2025-01-14T01:10:26Z</time><speed>0.000</speed><sat>24</sat></trkpt>
  <trkpt lat="14.98995076" lon="102.09458115"><ele>142.373</ele><time>2025-01-14T01:10:27Z</time><speed>0.000</speed><sat>25</sat></trkpt>
  <trkpt lat="14.98995076" lon="102.09458115"><ele>142.554</ele><time>2025-01-14T01:10:28Z</time><speed>0.000</speed><sat>25</sat></trkpt>
  <trkpt lat="14.98995076" lon="102.09458115"><ele>142.567</ele><time>2025-01-14T01:10:29Z</time><speed>0.000</speed><sat>25</sat></trkpt>
  <trkpt lat="14.98999859" lon="102.09456760"><ele>142.638</ele><time>2025-01-14T01:10:30Z</time><speed>0.000</speed><sat>25</sat></trkpt>
  <trkpt lat="14.98999859" lon="102.09456760"><ele>142.653</ele><time>2025-01-14T01:10:31Z</time><speed>0.000</speed><sat>25</sat></trkpt>
  <trkpt lat="14.98999859" lon="102.09456760"><ele>142.497</ele><time>2025-01-14T01:10:32Z</time><speed>0.000</speed><sat>25</sat></trkpt>
  <trkpt lat="14.98999859" lon="102.09456760"><ele>142.524</ele><time>2025-01-14T01:10:33Z</time><speed>0.000</speed><sat>25</sat></trkpt>
  <trkpt lat="14.99000152" lon="102.09453565"><ele>142.805</ele><time>2025-01-14T01:10:34Z</time><speed>0.339</speed><sat>24</sat></trkpt>
  <trkpt lat="14.98999715" lon="102.09453095"><ele>142.950</ele><time>2025-01-14T01:10:35Z</time><speed>0.508</speed><sat>23</sat></trkpt>
  <trkpt lat="14.98999258" lon="102.09452967"><ele>143.076</ele><time>2025-01-14T01:10:36Z</time><speed>0.000</speed><sat>18</sat></trkpt>
  <trkpt lat="14.98999258" lon="102.09452967"><ele>143.974</ele><time>2025-01-14T01:10:37Z</time><speed>0.000</speed><sat>20</sat></trkpt>
  <trkpt lat="14.98999258" lon="102.09452967"><ele>144.127</ele><time>2025-01-14T01:10:38Z</time><speed>0.000</speed><sat>19</sat></trkpt>
  <trkpt lat="14.98999258" lon="102.09452967"><ele>144.293</ele><time>2025-01-14T01:10:39Z</time><speed>0.000</speed><sat>21</sat></trkpt>
  <trkpt lat="14.98999258" lon="102.09452967"><ele>144.208</ele><time>2025-01-14T01:10:40Z</time><speed>0.000</speed><sat>19</sat></trkpt>
  <trkpt lat="14.98999258" lon="102.09452967"><ele>144.133</ele><time>2025-01-14T01:10:41Z</time><speed>0.000</speed><sat>20</sat></trkpt>
  <trkpt lat="14.98999258" lon="102.09452967"><ele>143.978</ele><time>2025-01-14T01:10:42Z</time><speed>0.000</speed><sat>20</sat></trkpt>
  <trkpt lat="14.98999258" lon="102.09452967"><ele>143.905</ele><time>2025-01-14T01:10:43Z</time><speed>0.000</speed><sat>17</sat></trkpt>
  <trkpt lat="14.98999258" lon="102.09452967"><ele>143.786</ele><time>2025-01-14T01:10:44Z</time><speed>0.000</speed><sat>16</sat></trkpt>
  <trkpt lat="14.98998849" lon="102.09453769"><ele>143.705</ele><time>2025-01-14T01:10:45Z</time><speed>0.570</speed><sat>16</sat></trkpt>
  <trkpt lat="14.98998032" lon="102.09453919"><ele>143.608</ele><time>2025-01-14T01:10:46Z</time><speed>0.471</speed><sat>17</sat></trkpt>
  <trkpt lat="14.98997736" lon="102.09454248"><ele>143.578</ele><time>2025-01-14T01:10:47Z</time><speed>0.000</speed><sat>17</sat></trkpt>
  <trkpt lat="14.98997606" lon="102.09454420"><ele>143.560</ele><time>2025-01-14T01:10:48Z</time><speed>0.551</speed><sat>14</sat></trkpt>
  <trkpt lat="14.98997666" lon="102.09454542"><ele>142.901</ele><time>2025-01-14T01:10:49Z</time><speed>0.353</speed><sat>15</sat></trkpt>
  <trkpt lat="14.98997999" lon="102.09454669"><ele>143.119</ele><time>2025-01-14T01:10:50Z</time><speed>0.000</speed><sat>14</sat></trkpt>
  <trkpt lat="14.98997999" lon="102.09454669"><ele>142.729</ele><time>2025-01-14T01:10:51Z</time><speed>0.000</speed><sat>12</sat></trkpt>
  <trkpt lat="14.98997999" lon="102.09454669"><ele>142.556</ele><time>2025-01-14T01:10:52Z</time><speed>0.000</speed><sat>15</sat></trkpt>
  <trkpt lat="14.98997999" lon="102.09454669"><ele>142.505</ele><time>2025-01-14T01:10:53Z</time><speed>0.000</speed><sat>15</sat></trkpt>
  <trkpt lat="14.98997999" lon="102.09454669"><ele>142.487</ele><time>2025-01-14T01:10:54Z</time><speed>0.000</speed><sat>16</sat></trkpt>
  <trkpt lat="14.98997999" lon="102.09454669"><ele>142.340</ele><time>2025-01-14T01:10:55Z</time><speed>0.000</speed><sat>17</sat></trkpt>
  <trkpt lat="14.98997999" lon="102.09454669"><ele>142.197</ele><time>2025-01-14T01:10:56Z</time><speed>0.000</speed><sat>16</sat></trkpt>
  <trkpt lat="14.98997999" lon="102.09454669"><ele>141.668</ele><time>2025-01-14T01:10:57Z</time><speed>0.000</speed><sat>15</sat></trkpt>
  <trkpt lat="14.98997999" lon="102.09454669"><ele>141.483</ele><time>2025-01-14T01:10:58Z</time><speed>0.000</speed><sat>16</sat></trkpt>
  <trkpt lat="14.98997999" lon="102.09454669"><ele>141.339</ele><time>2025-01-14T01:10:59Z</time><speed>0.000</speed><sat>17</sat></trkpt>
  <trkpt lat="14.98997999" lon="102.09454669"><ele>140.591</ele><time>2025-01-14T01:11:00Z</time><speed>0.000</speed><sat>16</sat></trkpt>
  <trkpt lat="14.98997999" lon="102.09454669"><ele>140.403</ele><time>2025-01-14T01:11:01Z</time><speed>0.000</speed><sat>15</sat></trkpt>
  <trkpt lat="14.98997999" lon="102.09454669"><ele>140.167</ele><time>2025-01-14T01:11:02Z</time><speed>0.000</speed><sat>17</sat></trkpt>
  <trkpt lat="14.98997999" lon="102.09454669"><ele>139.963</ele><time>2025-01-14T01:11:03Z</time><speed>0.000</speed><sat>18</sat></trkpt>
  <trkpt lat="14.98997999" lon="102.09454669"><ele>139.699</ele><time>2025-01-14T01:11:04Z</time><speed>0.000</speed><sat>18</sat></trkpt>
  <trkpt lat="14.98997999" lon="102.09454669"><ele>139.518</ele><time>2025-01-14T01:11:05Z</time><speed>0.000</speed><sat>17</sat></trkpt>
  <trkpt lat="14.98997999" lon="102.09454669"><ele>139.249</ele><time>2025-01-14T01:11:06Z</time><speed>0.000</speed><sat>16</sat></trkpt>
  <trkpt lat="14.98997999" lon="102.09454669"><ele>139.118</ele><time>2025-01-14T01:11:07Z</time><speed>0.000</speed><sat>16</sat></trkpt>
  <trkpt lat="14.98997999" lon="102.09454669"><ele>138.914</ele><time>2025-01-14T01:11:08Z</time><speed>0.000</speed><sat>16</sat></trkpt>
  <trkpt lat="14.98997999" lon="102.09454669"><ele>138.605</ele><time>2025-01-14T01:11:09Z</time><speed>0.000</speed><sat>17</sat></trkpt>
  <trkpt lat="14.98997999" lon="102.09454669"><ele>138.503</ele><time>2025-01-14T01:11:10Z</time><speed>0.000</speed><sat>17</sat></trkpt>
  <trkpt lat="14.98997999" lon="102.09454669"><ele>138.226</ele><time>2025-01-14T01:11:11Z</time><speed>0.000</speed><sat>18</sat></trkpt>
  <trkpt lat="14.98997999" lon="102.09454669"><ele>137.948</ele><time>2025-01-14T01:11:12Z</time><speed>0.000</speed><sat>16</sat></trkpt>
  <trkpt lat="14.98997999" lon="102.09454669"><ele>137.507</ele><time>2025-01-14T01:11:13Z</time><speed>0.000</speed><sat>18</sat></trkpt>
  <trkpt lat="14.98997999" lon="102.09454669"><ele>137.034</ele><time>2025-01-14T01:11:14Z</time><speed>0.000</speed><sat>18</sat></trkpt>
  <trkpt lat="14.98997999" lon="102.09454669"><ele>136.813</ele><time>2025-01-14T01:11:15Z</time><speed>0.000</speed><sat>19</sat></trkpt>
  <trkpt lat="14.98997999" lon="102.09454669"><ele>136.514</ele><time>2025-01-14T01:11:16Z</time><speed>0.000</speed><sat>18</sat></trkpt>
  <trkpt lat="14.98997999" lon="102.09454669"><ele>136.468</ele><time>2025-01-14T01:11:17Z</time><speed>0.000</speed><sat>19</sat></trkpt>
  <trkpt lat="14.98997999" lon="102.09454669"><ele>136.147</ele><time>2025-01-14T01:11:18Z</time><speed>0.000</speed><sat>18</sat></trkpt>
  <trkpt lat="14.98997999" lon="102.09454669"><ele>135.789</ele><time>2025-01-14T01:11:19Z</time><speed>0.000</speed><sat>18</sat></trkpt>
  <trkpt lat="14.98997999" lon="102.09454669"><ele>135.452</ele><time>2025-01-14T01:11:20Z</time><speed>0.000</speed><sat>19</sat></trkpt>
  <trkpt lat="14.98997999" lon="102.09454669"><ele>135.223</ele><time>2025-01-14T01:11:21Z</time><speed>0.000</speed><sat>19</sat></trkpt>
  <trkpt lat="14.98997999" lon="102.09454669"><ele>135.035</ele><time>2025-01-14T01:11:22Z</time><speed>0.000</speed><sat>19</sat></trkpt>
  <trkpt lat="14.98997999" lon="102.09454669"><ele>134.827</ele><time>2025-01-14T01:11:23Z</time><speed>0.000</speed><sat>19</sat></trkpt>
  <trkpt lat="14.98997999" lon="102.09454669"><ele>134.655</ele><time>2025-01-14T01:11:24Z</time><speed>0.000</speed><sat>19</sat></trkpt>
  <trkpt lat="14.98997999" lon="102.09454669"><ele>134.587</ele><time>2025-01-14T01:11:25Z</time><speed>0.000</speed><sat>18</sat></trkpt>
  <trkpt lat="14.98997999" lon="102.09454669"><ele>134.453</ele><time>2025-01-14T01:11:26Z</time><speed>0.000</speed><sat>19</sat></trkpt>
  <trkpt lat="14.99001750" lon="102.09457335"><ele>134.143</ele><time>2025-01-14T01:11:27Z</time><speed>0.000</speed><sat>18</sat></trkpt>
  <trkpt lat="14.99001750" lon="102.09457335"><ele>134.050</ele><time>2025-01-14T01:11:28Z</time><speed>0.000</speed><sat>18</sat></trkpt>
  <trkpt lat="14.99001750" lon="102.09457335"><ele>133.943</ele><time>2025-01-14T01:11:29Z</time><speed>0.000</speed><sat>19</sat></trkpt>
  <trkpt lat="14.99001750" lon="102.09457335"><ele>133.862</ele><time>2025-01-14T01:11:30Z</time><speed>0.000</speed><sat>18</sat></trkpt>
  <trkpt lat="14.99001750" lon="102.09457335"><ele>133.603</ele><time>2025-01-14T01:11:31Z</time><speed>0.000</speed><sat>18</sat></trkpt>
  <trkpt lat="14.99001750" lon="102.09457335"><ele>133.506</ele><time>2025-01-14T01:11:32Z</time><speed>0.000</speed><sat>17</sat></trkpt>
  <trkpt lat="14.99001750" lon="102.09457335"><ele>133.563</ele><time>2025-01-14T01:11:33Z</time><speed>0.000</speed><sat>17</sat></trkpt>
  <trkpt lat="14.99001750" lon="102.09457335"><ele>133.560</ele><time>2025-01-14T01:11:34Z</time><speed>0.000</speed><sat>16</sat></trkpt>
  <trkpt lat="14.99001750" lon="102.09457335"><ele>133.495</ele><time>2025-01-14T01:11:35Z</time><speed>0.000</speed><sat>16</sat></trkpt>
  <trkpt lat="14.99001750" lon="102.09457335"><ele>133.382</ele><time>2025-01-14T01:11:36Z</time><speed>0.000</speed><sat>17</sat></trkpt>
  <trkpt lat="14.99001750" lon="102.09457335"><ele>133.419</ele><time>2025-01-14T01:11:37Z</time><speed>0.000</speed><sat>16</sat></trkpt>
  <trkpt lat="14.99001750" lon="102.09457335"><ele>133.373</ele><time>2025-01-14T01:11:38Z</time><speed>0.000</speed><sat>14</sat></trkpt>
  <trkpt lat="14.99001750" lon="102.09457335"><ele>133.496</ele><time>2025-01-14T01:11:39Z</time><speed>0.000</speed><sat>14</sat></trkpt>
  <trkpt lat="14.99001750" lon="102.09457335"><ele>133.384</ele><time>2025-01-14T01:11:40Z</time><speed>0.000</speed><sat>12</sat></trkpt>
  <trkpt lat="14.99001750" lon="102.09457335"><ele>133.384</ele><time>2025-01-14T01:11:41Z</time><speed>0.000</speed><sat>12</sat></trkpt>
  <trkpt lat="14.99001750" lon="102.09457335"><ele>133.306</ele><time>2025-01-14T01:11:42Z</time><speed>0.000</speed><sat>12</sat></trkpt>
  <trkpt lat="14.99001750" lon="102.09457335"><ele>133.365</ele><time>2025-01-14T01:11:43Z</time><speed>0.000</speed><sat>14</sat></trkpt>
  <trkpt lat="14.99001750" lon="102.09457335"><ele>133.488</ele><time>2025-01-14T01:11:44Z</time><speed>0.000</speed><sat>13</sat></trkpt>
  <trkpt lat="14.99001750" lon="102.09457335"><ele>133.388</ele><time>2025-01-14T01:11:45Z</time><speed>0.000</speed><sat>12</sat></trkpt>
  <trkpt lat="14.99001750" lon="102.09457335"><ele>133.522</ele><time>2025-01-14T01:11:46Z</time><speed>0.000</speed><sat>12</sat></trkpt>
  <trkpt lat="14.99001750" lon="102.09457335"><ele>133.693</ele><time>2025-01-14T01:11:47Z</time><speed>0.000</speed><sat>14</sat></trkpt>
  <trkpt lat="14.99001750" lon="102.09457335"><ele>133.767</ele><time>2025-01-14T01:11:48Z</time><speed>0.000</speed><sat>14</sat></trkpt>
  <trkpt lat="14.99001750" lon="102.09457335"><ele>133.750</ele><time>2025-01-14T01:11:49Z</time><speed>0.000</speed><sat>14</sat></trkpt>
  <trkpt lat="14.99001750" lon="102.09457335"><ele>133.824</ele><time>2025-01-14T01:11:50Z</time><speed>0.000</speed><sat>15</sat></trkpt>
  <trkpt lat="14.99001750" lon="102.09457335"><ele>133.967</ele><time>2025-01-14T01:11:51Z</time><speed>0.000</speed><sat>16</sat></trkpt>
  <trkpt lat="14.99001750" lon="102.09457335"><ele>133.942</ele><time>2025-01-14T01:11:52Z</time><speed>0.000</speed><sat>17</sat></trkpt>
  <trkpt lat="14.99001750" lon="102.09457335"><ele>133.962</ele><time>2025-01-14T01:11:53Z</time><speed>0.000</speed><sat>17</sat></trkpt>
  <trkpt lat="14.99001750" lon="102.09457335"><ele>133.989</ele><time>2025-01-14T01:11:54Z</time><speed>0.000</speed><sat>17</sat></trkpt>
  <trkpt lat="14.99001750" lon="102.09457335"><ele>134.039</ele><time>2025-01-14T01:11:55Z</time><speed>0.000</speed><sat>18</sat></trkpt>
  <trkpt lat="14.99001750" lon="102.09457335"><ele>134.086</ele><time>2025-01-14T01:11:56Z</time><speed>0.000</speed><sat>18</sat></trkpt>
  <trkpt lat="14.99001750" lon="102.09457335"><ele>134.125</ele><time>2025-01-14T01:11:57Z</time><speed>0.000</speed><sat>18</sat></trkpt>
  <trkpt lat="14.99001750" lon="102.09457335"><ele>134.117</ele><time>2025-01-14T01:11:58Z</time><speed>0.000</speed><sat>18</sat></trkpt>
  <trkpt lat="14.99001750" lon="102.09457335"><ele>134.063</ele><time>2025-01-14T01:11:59Z</time><speed>0.000</speed><sat>19</sat></trkpt>
  <trkpt lat="14.99001750" lon="102.09457335"><ele>134.012</ele><time>2025-01-14T01:12:00Z</time><speed>0.000</speed><sat>19</sat></trkpt>
  <trkpt lat="14.99001750" lon="102.09457335"><ele>133.906</ele><time>2025-01-14T01:12:01Z</time><speed>0.000</speed><sat>18</sat></trkpt>
  <trkpt lat="14.99001750" lon="102.09457335"><ele>133.889</ele><time>2025-01-14T01:12:02Z</time><speed>0.000</speed><sat>21</sat></trkpt>
  <trkpt lat="14.99001750" lon="102.09457335"><ele>133.776</ele><time>2025-01-14T01:12:03Z</time><speed>0.000</speed><sat>20</sat></trkpt>
  <trkpt lat="14.99001750" lon="102.09457335"><ele>133.695</ele><time>2025-01-14T01:12:04Z</time><speed>0.000</speed><sat>20</sat></trkpt>
  <trkpt lat="14.99001750" lon="102.09457335"><ele>133.728</ele><time>2025-01-14T01:12:05Z</time><speed>0.000</speed><sat>20</sat></trkpt>
  <trkpt lat="14.99001750" lon="102.09457335"><ele>133.677</ele><time>2025-01-14T01:12:06Z</time><speed>0.000</speed><sat>20</sat></trkpt>
  <trkpt lat="14.99001750" lon="102.09457335"><ele>133.646</ele><time>2025-01-14T01:12:07Z</time><speed>0.000</speed><sat>19</sat></trkpt>
  <trkpt lat="14.99001750" lon="102.09457335"><ele>133.766</ele><time>2025-01-14T01:12:08Z</time><speed>0.000</speed><sat>19</sat></trkpt>
  <trkpt lat="14.99001750" lon="102.09457335"><ele>133.748</ele><time>2025-01-14T01:12:09Z</time><speed>0.000</speed><sat>19</sat></trkpt>
  <trkpt lat="14.99001750" lon="102.09457335"><ele>133.674</ele><time>2025-01-14T01:12:10Z</time><speed>0.000</speed><sat>19</sat></trkpt>
  <trkpt lat="14.99001750" lon="102.09457335"><ele>133.675</ele><time>2025-01-14T01:12:11Z</time><speed>0.000</speed><sat>19</sat></trkpt>
  <trkpt lat="14.99001750" lon="102.09457335"><ele>133.642</ele><time>2025-01-14T01:12:12Z</time><speed>0.000</speed><sat>19</sat></trkpt>
  <trkpt lat="14.99001750" lon="102.09457335"><ele>133.610</ele><time>2025-01-14T01:12:13Z</time><speed>0.000</speed><sat>18</sat></trkpt>
  <trkpt lat="14.99001750" lon="102.09457335"><ele>133.646</ele><time>2025-01-14T01:12:14Z</time><speed>0.000</speed><sat>16</sat></trkpt>
  <trkpt lat="14.99001750" lon="102.09457335"><ele>133.546</ele><time>2025-01-14T01:12:15Z</time><speed>0.000</speed><sat>17</sat></trkpt>
  <trkpt lat="14.99001750" lon="102.09457335"><ele>133.430</ele><time>2025-01-14T01:12:16Z</time><speed>0.000</speed><sat>20</sat></trkpt>
  <trkpt lat="14.99001750" lon="102.09457335"><ele>133.492</ele><time>2025-01-14T01:12:17Z</time><speed>0.000</speed><sat>18</sat></trkpt>
  <trkpt lat="14.99001750" lon="102.09457335"><ele>133.391</ele><time>2025-01-14T01:12:18Z</time><speed>0.000</speed><sat>17</sat></trkpt>
  <trkpt lat="14.99001750" lon="102.09457335"><ele>133.511</ele><time>2025-01-14T01:12:19Z</time><speed>0.000</speed><sat>16</sat></trkpt>
  <trkpt lat="14.99001750" lon="102.09457335"><ele>133.435</ele><time>2025-01-14T01:12:20Z</time><speed>0.000</speed><sat>13</sat></trkpt>
  <trkpt lat="14.99001750" lon="102.09457335"><ele>133.449</ele><time>2025-01-14T01:12:21Z</time><speed>0.000</speed><sat>11</sat></trkpt>
  <trkpt lat="14.99001750" lon="102.09457335"><ele>133.340</ele><time>2025-01-14T01:12:22Z</time><speed>0.000</speed><sat>9</sat></trkpt>
  <trkpt lat="14.99001750" lon="102.09457335"><ele>133.412</ele><time>2025-01-14T01:12:23Z</time><speed>0.000</speed><sat>10</sat></trkpt>
  <trkpt lat="14.99001750" lon="102.09457335"><ele>133.403</ele><time>2025-01-14T01:12:24Z</time><speed>0.000</speed><sat>10</sat></trkpt>
  <trkpt lat="14.99001750" lon="102.09457335"><ele>133.498</ele><time>2025-01-14T01:12:25Z</time><speed>0.000</speed><sat>10</sat></trkpt>
  <trkpt lat="14.99001750" lon="102.09457335"><ele>133.405</ele><time>2025-01-14T01:12:26Z</time><speed>0.000</speed><sat>8</sat></trkpt>
  <trkpt lat="14.99001750" lon="102.09457335"><ele>133.388</ele><time>2025-01-14T01:12:27Z</time><speed>0.000</speed><sat>9</sat></trkpt>
  <trkpt lat="14.99001750" lon="102.09457335"><ele>133.313</ele><time>2025-01-14T01:12:28Z</time><speed>0.000</speed><sat>11</sat></trkpt>
  <trkpt lat="14.99001750" lon="102.09457335"><ele>133.261</ele><time>2025-01-14T01:12:29Z</time><speed>0.000</speed><sat>10</sat></trkpt>
  <trkpt lat="14.99001750" lon="102.09457335"><ele>133.305</ele><time>2025-01-14T01:12:30Z</time><speed>0.000</speed><sat>9</sat></trkpt>
  <trkpt lat="14.99001750" lon="102.09457335"><ele>133.278</ele><time>2025-01-14T01:12:31Z</time><speed>0.000</speed><sat>10</sat></trkpt>
  <trkpt lat="14.99001750" lon="102.09457335"><ele>133.348</ele><time>2025-01-14T01:12:32Z</time><speed>0.000</speed><sat>10</sat></trkpt>
  <trkpt lat="14.99001750" lon="102.09457335"><ele>133.279</ele><time>2025-01-14T01:12:33Z</time><speed>0.000</speed><sat>9</sat></trkpt>
  <trkpt lat="14.99001750" lon="102.09457335"><ele>133.192</ele><time>2025-01-14T01:12:34Z</time><speed>0.000</speed><sat>13</sat></trkpt>
  <trkpt lat="14.99001750" lon="102.09457335"><ele>133.245</ele><time>2025-01-14T01:12:35Z</time><speed>0.000</speed><sat>12</sat></trkpt>
  <trkpt lat="14.99001750" lon="102.09457335"><ele>133.262</ele><time>2025-01-14T01:12:36Z</time><speed>0.000</speed><sat>13</sat></trkpt>
  <trkpt lat="14.99001750" lon="102.09457335"><ele>133.183</ele><time>2025-01-14T01:12:37Z</time><speed>0.000</speed><sat>14</sat></trkpt>
  <trkpt lat="14.99001750" lon="102.09457335"><ele>133.112</ele><time>2025-01-14T01:12:38Z</time><speed>0.000</speed><sat>16</sat></trkpt>
  <trkpt lat="14.99001750" lon="102.09457335"><ele>133.073</ele><time>2025-01-14T01:12:39Z</time><speed>0.000</speed><sat>15</sat></trkpt>
  <trkpt lat="14.99001750" lon="102.09457335"><ele>133.104</ele><time>2025-01-14T01:12:40Z</time><speed>0.000</speed><sat>16</sat></trkpt>
  <trkpt lat="14.99001750" lon="102.09457335"><ele>133.217</ele><time>2025-01-14T01:12:41Z</time><speed>0.000</speed><sat>17</sat></trkpt>
  <trkpt lat="14.99001750" lon="102.09457335"><ele>133.359</ele><time>2025-01-14T01:12:42Z</time><speed>0.000</speed><sat>16</sat></trkpt>
  <trkpt lat="14.99001750" lon="102.09457335"><ele>133.397</ele><time>2025-01-14T01:12:43Z</time><speed>0.000</speed><sat>16</sat></trkpt>
  <trkpt lat="14.99001750" lon="102.09457335"><ele>133.510</ele><time>2025-01-14T01:12:44Z</time><speed>0.000</speed><sat>18</sat></trkpt>
  <trkpt lat="14.99001750" lon="102.09457335"><ele>133.541</ele><time>2025-01-14T01:12:45Z</time><speed>0.000</speed><sat>19</sat></trkpt>
  <trkpt lat="14.99001750" lon="102.09457335"><ele>133.692</ele><time>2025-01-14T01:12:46Z</time><speed>0.000</speed><sat>20</sat></trkpt>
  <trkpt lat="14.99001750" lon="102.09457335"><ele>133.733</ele><time>2025-01-14T01:12:47Z</time><speed>0.000</speed><sat>20</sat></trkpt>
  <trkpt lat="14.99001750" lon="102.09457335"><ele>133.804</ele><time>2025-01-14T01:12:48Z</time><speed>0.000</speed><sat>19</sat></trkpt>
  <trkpt lat="14.99001750" lon="102.09457335"><ele>133.823</ele><time>2025-01-14T01:12:49Z</time><speed>0.000</speed><sat>18</sat></trkpt>
  <trkpt lat="14.99001750" lon="102.09457335"><ele>133.905</ele><time>2025-01-14T01:12:50Z</time><speed>0.000</speed><sat>18</sat></trkpt>
  <trkpt lat="14.99001750" lon="102.09457335"><ele>133.980</ele><time>2025-01-14T01:12:51Z</time><speed>0.000</speed><sat>19</sat></trkpt>
  <trkpt lat="14.99001750" lon="102.09457335"><ele>134.041</ele><time>2025-01-14T01:12:52Z</time><speed>0.000</speed><sat>19</sat></trkpt>
  <trkpt lat="14.99001750" lon="102.09457335"><ele>134.158</ele><time>2025-01-14T01:12:53Z</time><speed>0.000</speed><sat>19</sat></trkpt>
  <trkpt lat="14.99001750" lon="102.09457335"><ele>134.323</ele><time>2025-01-14T01:12:54Z</time><speed>0.000</speed><sat>19</sat></trkpt>
  <trkpt lat="14.99001750" lon="102.09457335"><ele>134.358</ele><time>2025-01-14T01:12:55Z</time><speed>0.000</speed><sat>19</sat></trkpt>
  <trkpt lat="14.99001750" lon="102.09457335"><ele>134.380</ele><time>2025-01-14T01:12:56Z</time><speed>0.000</speed><sat>19</sat></trkpt>
  <trkpt lat="14.99001750" lon="102.09457335"><ele>134.378</ele><time>2025-01-14T01:12:57Z</time><speed>0.000</speed><sat>18</sat></trkpt>
  <trkpt lat="14.99001750" lon="102.09457335"><ele>134.369</ele><time>2025-01-14T01:12:58Z</time><speed>0.000</speed><sat>18</sat></trkpt>
  <trkpt lat="14.99001750" lon="102.09457335"><ele>134.274</ele><time>2025-01-14T01:12:59Z</time><speed>0.000</speed><sat>19</sat></trkpt>
  <trkpt lat="14.99001750" lon="102.09457335"><ele>134.230</ele><time>2025-01-14T01:13:00Z</time><speed>0.000</speed><sat>19</sat></trkpt>
  <trkpt lat="14.99001750" lon="102.09457335"><ele>134.186</ele><time>2025-01-14T01:13:01Z</time><speed>0.000</speed><sat>19</sat></trkpt>
  <trkpt lat="14.99001750" lon="102.09457335"><ele>134.126</ele><time>2025-01-14T01:13:02Z</time><speed>0.000</speed><sat>20</sat></trkpt>
  <trkpt lat="14.99001750" lon="102.09457335"><ele>134.074</ele><time>2025-01-14T01:13:03Z</time><speed>0.000</speed><sat>19</sat></trkpt>
  <trkpt lat="14.99001750" lon="102.09457335"><ele>133.967</ele><time>2025-01-14T01:13:04Z</time><speed>0.000</speed><sat>19</sat></trkpt>
  <trkpt lat="14.99001750" lon="102.09457335"><ele>133.886</ele><time>2025-01-14T01:13:05Z</time><speed>0.000</speed><sat>19</sat></trkpt>
  <trkpt lat="14.99001750" lon="102.09457335"><ele>133.713</ele><time>2025-01-14T01:13:06Z</time><speed>0.000</speed><sat>20</sat></trkpt>
  <trkpt lat="14.99001750" lon="102.09457335"><ele>133.648</ele><time>2025-01-14T01:13:07Z</time><speed>0.000</speed><sat>20</sat></trkpt>
  <trkpt lat="14.99001750" lon="102.09457335"><ele>133.598</ele><time>2025-01-14T01:13:08Z</time><speed>0.000</speed><sat>20</sat></trkpt>
  <trkpt lat="14.99001750" lon="102.09457335"><ele>133.574</ele><time>2025-01-14T01:13:09Z</time><speed>0.000</speed><sat>20</sat></trkpt>
  <trkpt lat="14.99001750" lon="102.09457335"><ele>133.473</ele><time>2025-01-14T01:13:10Z</time><speed>0.000</speed><sat>20</sat></trkpt>
  <trkpt lat="14.99001750" lon="102.09457335"><ele>133.398</ele><time>2025-01-14T01:13:11Z</time><speed>0.000</speed><sat>20</sat></trkpt>
  <trkpt lat="14.99001750" lon="102.09457335"><ele>133.370</ele><time>2025-01-14T01:13:12Z</time><speed>0.000</speed><sat>20</sat></trkpt>
  <trkpt lat="14.99001750" lon="102.09457335"><ele>133.349</ele><time>2025-01-14T01:13:13Z</time><speed>0.000</speed><sat>20</sat></trkpt>
  <trkpt lat="14.99001750" lon="102.09457335"><ele>133.332</ele><time>2025-01-14T01:13:14Z</time><speed>0.000</speed><sat>20</sat></trkpt>
  <trkpt lat="14.99001750" lon="102.09457335"><ele>133.346</ele><time>2025-01-14T01:13:15Z</time><speed>0.000</speed><sat>20</sat></trkpt>
  <trkpt lat="14.99001750" lon="102.09457335"><ele>133.307</ele><time>2025-01-14T01:13:16Z</time><speed>0.000</speed><sat>20</sat></trkpt>
  <trkpt lat="14.99001750" lon="102.09457335"><ele>133.240</ele><time>2025-01-14T01:13:17Z</time><speed>0.000</speed><sat>18</sat></trkpt>
  <trkpt lat="14.99001750" lon="102.09457335"><ele>133.279</ele><time>2025-01-14T01:13:18Z</time><speed>0.000</speed><sat>18</sat></trkpt>
  <trkpt lat="14.99001750" lon="102.09457335"><ele>133.334</ele><time>2025-01-14T01:13:19Z</time><speed>0.000</speed><sat>18</sat></trkpt>
  <trkpt lat="14.99001750" lon="102.09457335"><ele>133.407</ele><time>2025-01-14T01:13:20Z</time><speed>0.000</speed><sat>18</sat></trkpt>
  <trkpt lat="14.99001750" lon="102.09457335"><ele>133.407</ele><time>2025-01-14T01:13:21Z</time><speed>0.000</speed><sat>18</sat></trkpt>
  <trkpt lat="14.99001750" lon="102.09457335"><ele>133.507</ele><time>2025-01-14T01:13:22Z</time><speed>0.000</speed><sat>18</sat></trkpt>
  <trkpt lat="14.99001750" lon="102.09457335"><ele>133.550</ele><time>2025-01-14T01:13:23Z</time><speed>0.000</speed><sat>17</sat></trkpt>
  <trkpt lat="14.99001750" lon="102.09457335"><ele>133.676</ele><time>2025-01-14T01:13:24Z</time><speed>0.000</speed><sat>17</sat></trkpt>
  <trkpt lat="14.99001750" lon="102.09457335"><ele>133.693</ele><time>2025-01-14T01:13:25Z</time><speed>0.000</speed><sat>17</sat></trkpt>
  <trkpt lat="14.99001750" lon="102.09457335"><ele>133.765</ele><time>2025-01-14T01:13:26Z</time><speed>0.000</speed><sat>17</sat></trkpt>
  <trkpt lat="14.99001750" lon="102.09457335"><ele>133.884</ele><time>2025-01-14T01:13:27Z</time><speed>0.000</speed><sat>17</sat></trkpt>
  <trkpt lat="14.99001750" lon="102.09457335"><ele>133.963</ele><time>2025-01-14T01:13:28Z</time><speed>0.000</speed><sat>17</sat></trkpt>
  <trkpt lat="14.99001750" lon="102.09457335"><ele>134.018</ele><time>2025-01-14T01:13:29Z</time><speed>0.000</speed><sat>17</sat></trkpt>
  <trkpt lat="14.99001750" lon="102.09457335"><ele>134.141</ele><time>2025-01-14T01:13:30Z</time><speed>0.000</speed><sat>17</sat></trkpt>
  <trkpt lat="14.99001750" lon="102.09457335"><ele>134.199</ele><time>2025-01-14T01:13:31Z</time><speed>0.000</speed><sat>17</sat></trkpt>
  <trkpt lat="14.99001750" lon="102.09457335"><ele>134.300</ele><time>2025-01-14T01:13:32Z</time><speed>0.000</speed><sat>17</sat></trkpt>
  <trkpt lat="14.99001750" lon="102.09457335"><ele>134.445</ele><time>2025-01-14T01:13:33Z</time><speed>0.000</speed><sat>17</sat></trkpt>
  <trkpt lat="14.99001750" lon="102.09457335"><ele>134.493</ele><time>2025-01-14T01:13:34Z</time><speed>0.000</speed><sat>17</sat></trkpt>
  <trkpt lat="14.99001750" lon="102.09457335"><ele>134.628</ele><time>2025-01-14T01:13:35Z</time><speed>0.000</speed><sat>17</sat></trkpt>
  <trkpt lat="14.99001750" lon="102.09457335"><ele>134.738</ele><time>2025-01-14T01:13:36Z</time><speed>0.000</speed><sat>17</sat></trkpt>
  <trkpt lat="14.99001750" lon="102.09457335"><ele>134.755</ele><time>2025-01-14T01:13:37Z</time><speed>0.000</speed><sat>18</sat></trkpt>
  <trkpt lat="14.99001750" lon="102.09457335"><ele>134.908</ele><time>2025-01-14T01:13:38Z</time><speed>0.000</speed><sat>18</sat></trkpt>
  <trkpt lat="14.99001750" lon="102.09457335"><ele>135.020</ele><time>2025-01-14T01:13:39Z</time><speed>0.000</speed><sat>19</sat></trkpt>
  <trkpt lat="14.99001750" lon="102.09457335"><ele>135.100</ele><time>2025-01-14T01:13:40Z</time><speed>0.000</speed><sat>19</sat></trkpt>
  <trkpt lat="14.99001750" lon="102.09457335"><ele>135.150</ele><time>2025-01-14T01:13:41Z</time><speed>0.000</speed><sat>19</sat></trkpt>
  <trkpt lat="14.99001750" lon="102.09457335"><ele>135.229</ele><time>2025-01-14T01:13:42Z</time><speed>0.000</speed><sat>17</sat></trkpt>
  <trkpt lat="14.99001750" lon="102.09457335"><ele>135.323</ele><time>2025-01-14T01:13:43Z</time><speed>0.000</speed><sat>17</sat></trkpt>
  <trkpt lat="14.99001750" lon="102.09457335"><ele>135.361</ele><time>2025-01-14T01:13:44Z</time><speed>0.000</speed><sat>17</sat></trkpt>
  <trkpt lat="14.99001750" lon="102.09457335"><ele>135.419</ele><time>2025-01-14T01:13:45Z</time><speed>0.000</speed><sat>17</sat></trkpt>
  <trkpt lat="14.99001750" lon="102.09457335"><ele>135.493</ele><time>2025-01-14T01:13:46Z</time><speed>0.000</speed><sat>18</sat></trkpt>
  <trkpt lat="14.99001750" lon="102.09457335"><ele>135.542</ele><time>2025-01-14T01:13:47Z</time><speed>0.000</speed><sat>18</sat></trkpt>
  <trkpt lat="14.99001750" lon="102.09457335"><ele>135.586</ele><time>2025-01-14T01:13:48Z</time><speed>0.000</speed><sat>18</sat></trkpt>
  <trkpt lat="14.99001750" lon="102.09457335"><ele>135.660</ele><time>2025-01-14T01:13:49Z</time><speed>0.000</speed><sat>17</sat></trkpt>
  <trkpt lat="14.99001750" lon="102.09457335"><ele>135.742</ele><time>2025-01-14T01:13:50Z</time><speed>0.000</speed><sat>17</sat></trkpt>
  <trkpt lat="14.99001750" lon="102.09457335"><ele>135.829</ele><time>2025-01-14T01:13:51Z</time><speed>0.000</speed><sat>17</sat></trkpt>
  <trkpt lat="14.99001750" lon="102.09457335"><ele>135.887</ele><time>2025-01-14T01:13:52Z</time><speed>0.000</speed><sat>17</sat></trkpt>
  <trkpt lat="14.99001750" lon="102.09457335"><ele>135.969</ele><time>2025-01-14T01:13:53Z</time><speed>0.000</speed><sat>17</sat></trkpt>
  <trkpt lat="14.99001750" lon="102.09457335"><ele>135.981</ele><time>2025-01-14T01:13:54Z</time><speed>0.000</speed><sat>17</sat></trkpt>
  <trkpt lat="14.99001750" lon="102.09457335"><ele>136.024</ele><time>2025-01-14T01:13:55Z</time><speed>0.000</speed><sat>18</sat></trkpt>
  <trkpt lat="14.99001750" lon="102.09457335"><ele>136.011</ele><time>2025-01-14T01:13:56Z</time><speed>0.000</speed><sat>18</sat></trkpt>
  <trkpt lat="14.99001750" lon="102.09457335"><ele>136.067</ele><time>2025-01-14T01:13:57Z</time><speed>0.000</speed><sat>18</sat></trkpt>
  <trkpt lat="14.99001750" lon="102.09457335"><ele>136.088</ele><time>2025-01-14T01:13:58Z</time><speed>0.000</speed><sat>17</sat></trkpt>
  <trkpt lat="14.99001750" lon="102.09457335"><ele>136.119</ele><time>2025-01-14T01:13:59Z</time><speed>0.000</speed><sat>17</sat></trkpt>
  <trkpt lat="14.99001750" lon="102.09457335"><ele>136.157</ele><time>2025-01-14T01:14:00Z</time><speed>0.000</speed><sat>19</sat></trkpt>
  <trkpt lat="14.99001750" lon="102.09457335"><ele>136.196</ele><time>2025-01-14T01:14:01Z</time><speed>0.000</speed><sat>18</sat></trkpt>
  <trkpt lat="14.99001750" lon="102.09457335"><ele>136.208</ele><time>2025-01-14T01:14:02Z</time><speed>0.000</speed><sat>19</sat></trkpt>
  <trkpt lat="14.99001750" lon="102.09457335"><ele>136.238</ele><time>2025-01-14T01:14:03Z</time><speed>0.000</speed><sat>19</sat></trkpt>
  <trkpt lat="14.99001750" lon="102.09457335"><ele>136.276</ele><time>2025-01-14T01:14:04Z</time><speed>0.000</speed><sat>19</sat></trkpt>
  <trkpt lat="14.99001750" lon="102.09457335"><ele>136.327</ele><time>2025-01-14T01:14:05Z</time><speed>0.000</speed><sat>19</sat></trkpt>
  <trkpt lat="14.99001750" lon="102.09457335"><ele>136.384</ele><time>2025-01-14T01:14:06Z</time><speed>0.000</speed><sat>19</sat></trkpt>
  <trkpt lat="14.99001750" lon="102.09457335"><ele>136.437</ele><time>2025-01-14T01:14:07Z</time><speed>0.000</speed><sat>19</sat></trkpt>
  <trkpt lat="14.99001750" lon="102.09457335"><ele>136.458</ele><time>2025-01-14T01:14:08Z</time><speed>0.000</speed><sat>20</sat></trkpt>
  <trkpt lat="14.99001750" lon="102.09457335"><ele>136.417</ele><time>2025-01-14T01:14:09Z</time><speed>0.000</speed><sat>19</sat></trkpt>
  <trkpt lat="14.99001750" lon="102.09457335"><ele>136.422</ele><time>2025-01-14T01:14:10Z</time><speed>0.000</speed><sat>18</sat></trkpt>
  <trkpt lat="14.99001750" lon="102.09457335"><ele>136.430</ele><time>2025-01-14T01:14:11Z</time><speed>0.000</speed><sat>20</sat></trkpt>
  <trkpt lat="14.99001750" lon="102.09457335"><ele>136.440</ele><time>2025-01-14T01:14:12Z</time><speed>0.000</speed><sat>19</sat></trkpt>
  <trkpt lat="14.99001750" lon="102.09457335"><ele>136.504</ele><time>2025-01-14T01:14:13Z</time><speed>0.000</speed><sat>19</sat></trkpt>
  <trkpt lat="14.99001750" lon="102.09457335"><ele>136.493</ele><time>2025-01-14T01:14:14Z</time><speed>0.000</speed><sat>19</sat></trkpt>
  <trkpt lat="14.99001750" lon="102.09457335"><ele>136.419</ele><time>2025-01-14T01:14:15Z</time><speed>0.000</speed><sat>19</sat></trkpt>
  <trkpt lat="14.99001750" lon="102.09457335"><ele>136.434</ele><time>2025-01-14T01:14:16Z</time><speed>0.000</speed><sat>19</sat></trkpt>
  <trkpt lat="14.99001750" lon="102.09457335"><ele>136.458</ele><time>2025-01-14T01:14:17Z</time><speed>0.000</speed><sat>20</sat></trkpt>
  <trkpt lat="14.99001750" lon="102.09457335"><ele>136.534</ele><time>2025-01-14T01:14:18Z</time><speed>0.000</speed><sat>20</sat></trkpt>
  <trkpt lat="14.99001750" lon="102.09457335"><ele>136.622</ele><time>2025-01-14T01:14:19Z</time><speed>0.000</speed><sat>20</sat></trkpt>
  <trkpt lat="14.99001750" lon="102.09457335"><ele>136.623</ele><time>2025-01-14T01:14:20Z</time><speed>0.000</speed><sat>20</sat></trkpt>
  <trkpt lat="14.99001750" lon="102.09457335"><ele>136.748</ele><time>2025-01-14T01:14:21Z</time><speed>0.000</speed><sat>20</sat></trkpt>
  <trkpt lat="14.99001750" lon="102.09457335"><ele>136.756</ele><time>2025-01-14T01:14:22Z</time><speed>0.000</speed><sat>19</sat></trkpt>
  <trkpt lat="14.99001750" lon="102.09457335"><ele>136.759</ele><time>2025-01-14T01:14:23Z</time><speed>0.000</speed><sat>19</sat></trkpt>
  <trkpt lat="14.99001750" lon="102.09457335"><ele>136.821</ele><time>2025-01-14T01:14:24Z</time><speed>0.000</speed><sat>19</sat></trkpt>
  <trkpt lat="14.99001750" lon="102.09457335"><ele>136.822</ele><time>2025-01-14T01:14:25Z</time><speed>0.000</speed><sat>18</sat></trkpt>
  <trkpt lat="14.99001750" lon="102.09457335"><ele>136.927</ele><time>2025-01-14T01:14:26Z</time><speed>0.000</speed><sat>18</sat></trkpt>
  <trkpt lat="14.99001750" lon="102.09457335"><ele>136.919</ele><time>2025-01-14T01:14:27Z</time><speed>0.000</speed><sat>18</sat></trkpt>
  <trkpt lat="14.99001750" lon="102.09457335"><ele>136.961</ele><time>2025-01-14T01:14:28Z</time><speed>0.000</speed><sat>18</sat></trkpt>
  <trkpt lat="14.99001750" lon="102.09457335"><ele>136.941</ele><time>2025-01-14T01:14:29Z</time><speed>0.000</speed><sat>20</sat></trkpt>
  <trkpt lat="14.99001750" lon="102.09457335"><ele>136.972</ele><time>2025-01-14T01:14:30Z</time><speed>0.000</speed><sat>21</sat></trkpt>
  <trkpt lat="14.99001750" lon="102.09457335"><ele>136.885</ele><time>2025-01-14T01:14:31Z</time><speed>0.000</speed><sat>19</sat></trkpt>
  <trkpt lat="14.99001750" lon="102.09457335"><ele>136.970</ele><time>2025-01-14T01:14:32Z</time><speed>0.000</speed><sat>19</sat></trkpt>
  <trkpt lat="14.99001750" lon="102.09457335"><ele>137.019</ele><time>2025-01-14T01:14:33Z</time><speed>0.000</speed><sat>21</sat></trkpt>
  <trkpt lat="14.99001750" lon="102.09457335"><ele>137.068</ele><time>2025-01-14T01:14:34Z</time><speed>0.000</speed><sat>19</sat></trkpt>
  <trkpt lat="14.99001750" lon="102.09457335"><ele>137.103</ele><time>2025-01-14T01:14:35Z</time><speed>0.000</speed><sat>22</sat></trkpt>
  <trkpt lat="14.99001750" lon="102.09457335"><ele>137.015</ele><time>2025-01-14T01:14:36Z</time><speed>0.000</speed><sat>22</sat></trkpt>
  <trkpt lat="14.99001750" lon="102.09457335"><ele>137.056</ele><time>2025-01-14T01:14:37Z</time><speed>0.000</speed><sat>20</sat></trkpt>
  <trkpt lat="14.99001750" lon="102.09457335"><ele>137.030</ele><time>2025-01-14T01:14:38Z</time><speed>0.000</speed><sat>21</sat></trkpt>
  <trkpt lat="14.99001750" lon="102.09457335"><ele>137.083</ele><time>2025-01-14T01:14:39Z</time><speed>0.000</speed><sat>21</sat></trkpt>
  <trkpt lat="14.99001750" lon="102.09457335"><ele>137.130</ele><time>2025-01-14T01:14:40Z</time><speed>0.000</speed><sat>21</sat></trkpt>
  <trkpt lat="14.99001750" lon="102.09457335"><ele>137.128</ele><time>2025-01-14T01:14:41Z</time><speed>0.000</speed><sat>22</sat></trkpt>
  <trkpt lat="14.99001750" lon="102.09457335"><ele>137.170</ele><time>2025-01-14T01:14:42Z</time><speed>0.000</speed><sat>22</sat></trkpt>
  <trkpt lat="14.99001750" lon="102.09457335"><ele>137.171</ele><time>2025-01-14T01:14:43Z</time><speed>0.000</speed><sat>22</sat></trkpt>
  <trkpt lat="14.99001750" lon="102.09457335"><ele>137.178</ele><time>2025-01-14T01:14:44Z</time><speed>0.000</speed><sat>22</sat></trkpt>
  <trkpt lat="14.99001750" lon="102.09457335"><ele>137.174</ele><time>2025-01-14T01:14:45Z</time><speed>0.000</speed><sat>22</sat></trkpt>
  <trkpt lat="14.99001750" lon="102.09457335"><ele>137.181</ele><time>2025-01-14T01:14:46Z</time><speed>0.000</speed><sat>21</sat></trkpt>
  <trkpt lat="14.99001750" lon="102.09457335"><ele>137.239</ele><time>2025-01-14T01:14:47Z</time><speed>0.000</speed><sat>21</sat></trkpt>
  <trkpt lat="14.99001750" lon="102.09457335"><ele>137.275</ele><time>2025-01-14T01:14:48Z</time><speed>0.000</speed><sat>21</sat></trkpt>
  <trkpt lat="14.99001750" lon="102.09457335"><ele>137.208</ele><time>2025-01-14T01:14:49Z</time><speed>0.000</speed><sat>22</sat></trkpt>
  <trkpt lat="14.99001750" lon="102.09457335"><ele>137.223</ele><time>2025-01-14T01:14:50Z</time><speed>0.000</speed><sat>21</sat></trkpt>
  <trkpt lat="14.99001750" lon="102.09457335"><ele>137.248</ele><time>2025-01-14T01:14:51Z</time><speed>0.000</speed><sat>20</sat></trkpt>
  <trkpt lat="14.99001750" lon="102.09457335"><ele>137.243</ele><time>2025-01-14T01:14:52Z</time><speed>0.000</speed><sat>19</sat></trkpt>
  <trkpt lat="14.99001750" lon="102.09457335"><ele>137.220</ele><time>2025-01-14T01:14:53Z</time><speed>0.000</speed><sat>21</sat></trkpt>
  <trkpt lat="14.99001750" lon="102.09457335"><ele>137.180</ele><time>2025-01-14T01:14:54Z</time><speed>0.000</speed><sat>21</sat></trkpt>
  <trkpt lat="14.99001750" lon="102.09457335"><ele>137.166</ele><time>2025-01-14T01:14:55Z</time><speed>0.000</speed><sat>20</sat></trkpt>
  <trkpt lat="14.99001750" lon="102.09457335"><ele>137.178</ele><time>2025-01-14T01:14:56Z</time><speed>0.000</speed><sat>22</sat></trkpt>
  <trkpt lat="14.99001750" lon="102.09457335"><ele>137.157</ele><time>2025-01-14T01:14:57Z</time><speed>0.000</speed><sat>22</sat></trkpt>
  <trkpt lat="14.99001750" lon="102.09457335"><ele>137.209</ele><time>2025-01-14T01:14:58Z</time><speed>0.000</speed><sat>22</sat></trkpt>
  <trkpt lat="14.99001750" lon="102.09457335"><ele>137.227</ele><time>2025-01-14T01:14:59Z</time><speed>0.000</speed><sat>21</sat></trkpt>
  <trkpt lat="14.99001750" lon="102.09457335"><ele>137.276</ele><time>2025-01-14T01:15:00Z</time><speed>0.000</speed><sat>22</sat></trkpt>
  <trkpt lat="14.99001750" lon="102.09457335"><ele>137.315</ele><time>2025-01-14T01:15:01Z</time><speed>0.000</speed><sat>22</sat></trkpt>
  <trkpt lat="14.99001750" lon="102.09457335"><ele>137.395</ele><time>2025-01-14T01:15:02Z</time><speed>0.000</speed><sat>23</sat></trkpt>
  <trkpt lat="14.99001750" lon="102.09457335"><ele>137.442</ele><time>2025-01-14T01:15:03Z</time><speed>0.000</speed><sat>23</sat></trkpt>
  <trkpt lat="14.99001750" lon="102.09457335"><ele>137.444</ele><time>2025-01-14T01:15:04Z</time><speed>0.000</speed><sat>22</sat></trkpt>
  <trkpt lat="14.99001750" lon="102.09457335"><ele>137.465</ele><time>2025-01-14T01:15:05Z</time><speed>0.000</speed><sat>21</sat></trkpt>
  <trkpt lat="14.99001750" lon="102.09457335"><ele>137.426</ele><time>2025-01-14T01:15:06Z</time><speed>0.000</speed><sat>23</sat></trkpt>
  <trkpt lat="14.99001750" lon="102.09457335"><ele>137.420</ele><time>2025-01-14T01:15:07Z</time><speed>0.000</speed><sat>21</sat></trkpt>
  <trkpt lat="14.99001750" lon="102.09457335"><ele>137.382</ele><time>2025-01-14T01:15:08Z</time><speed>0.000</speed><sat>23</sat></trkpt>
  <trkpt lat="14.99001750" lon="102.09457335"><ele>137.448</ele><time>2025-01-14T01:15:09Z</time><speed>0.000</speed><sat>21</sat></trkpt>
  <trkpt lat="14.99001750" lon="102.09457335"><ele>137.457</ele><time>2025-01-14T01:15:10Z</time><speed>0.000</speed><sat>22</sat></trkpt>
  <trkpt lat="14.99001750" lon="102.09457335"><ele>137.469</ele><time>2025-01-14T01:15:11Z</time><speed>0.000</speed><sat>22</sat></trkpt>
  <trkpt lat="14.99001750" lon="102.09457335"><ele>137.451</ele><time>2025-01-14T01:15:12Z</time><speed>0.000</speed><sat>22</sat></trkpt>
  <trkpt lat="14.99001750" lon="102.09457335"><ele>137.567</ele><time>2025-01-14T01:15:13Z</time><speed>0.000</speed><sat>22</sat></trkpt>
  <trkpt lat="14.99001750" lon="102.09457335"><ele>137.518</ele><time>2025-01-14T01:15:14Z</time><speed>0.000</speed><sat>22</sat></trkpt>
  <trkpt lat="14.99001750" lon="102.09457335"><ele>137.472</ele><time>2025-01-14T01:15:15Z</time><speed>0.000</speed><sat>21</sat></trkpt>
  <trkpt lat="14.99001750" lon="102.09457335"><ele>137.542</ele><time>2025-01-14T01:15:16Z</time><speed>0.000</speed><sat>20</sat></trkpt>
  <trkpt lat="14.99001750" lon="102.09457335"><ele>137.499</ele><time>2025-01-14T01:15:17Z</time><speed>0.000</speed><sat>20</sat></trkpt>
  <trkpt lat="14.99001750" lon="102.09457335"><ele>137.491</ele><time>2025-01-14T01:15:18Z</time><speed>0.000</speed><sat>20</sat></trkpt>
  <trkpt lat="14.99001750" lon="102.09457335"><ele>137.539</ele><time>2025-01-14T01:15:19Z</time><speed>0.000</speed><sat>20</sat></trkpt>
  <trkpt lat="14.99001750" lon="102.09457335"><ele>137.549</ele><time>2025-01-14T01:15:20Z</time><speed>0.000</speed><sat>20</sat></trkpt>
  <trkpt lat="14.99001750" lon="102.09457335"><ele>137.549</ele><time>2025-01-14T01:15:21Z</time><speed>0.000</speed><sat>20</sat></trkpt>
  <trkpt lat="14.99001750" lon="102.09457335"><ele>137.563</ele><time>2025-01-14T01:15:22Z</time><speed>0.000</speed><sat>20</sat></trkpt>
  <trkpt lat="14.99001750" lon="102.09457335"><ele>137.531</ele><time>2025-01-14T01:15:23Z</time><speed>0.000</speed><sat>20</sat></trkpt>
  <trkpt lat="14.99001750" lon="102.09457335"><ele>137.571</ele><time>2025-01-14T01:15:24Z</time><speed>0.000</speed><sat>20</sat></trkpt>
  <trkpt lat="14.99001750" lon="102.09457335"><ele>137.553</ele><time>2025-01-14T01:15:25Z</time><speed>0.000</speed><sat>21</sat></trkpt>
  <trkpt lat="14.99001750" lon="102.09457335"><ele>137.527</ele><time>2025-01-14T01:15:26Z</time><speed>0.000</speed><sat>21</sat></trkpt>
  <trkpt lat="14.99001750" lon="102.09457335"><ele>137.525</ele><time>2025-01-14T01:15:27Z</time><speed>0.000</speed><sat>21</sat></trkpt>
  <trkpt lat="14.99001750" lon="102.09457335"><ele>137.556</ele><time>2025-01-14T01:15:28Z</time><speed>0.000</speed><sat>21</sat></trkpt>
  <trkpt lat="14.99001750" lon="102.09457335"><ele>137.488</ele><time>2025-01-14T01:15:29Z</time><speed>0.000</speed><sat>21</sat></trkpt>
  <trkpt lat="14.99001750" lon="102.09457335"><ele>137.538</ele><time>2025-01-14T01:15:30Z</time><speed>0.000</speed><sat>21</sat></trkpt>
  <trkpt lat="14.99001750" lon="102.09457335"><ele>137.561</ele><time>2025-01-14T01:15:31Z</time><speed>0.000</speed><sat>21</sat></trkpt>
  <trkpt lat="14.99001750" lon="102.09457335"><ele>137.594</ele><time>2025-01-14T01:15:32Z</time><speed>0.000</speed><sat>21</sat></trkpt>
  <trkpt lat="14.99001750" lon="102.09457335"><ele>137.698</ele><time>2025-01-14T01:15:33Z</time><speed>0.000</speed><sat>20</sat></trkpt>
  <trkpt lat="14.99001750" lon="102.09457335"><ele>137.737</ele><time>2025-01-14T01:15:34Z</time><speed>0.000</speed><sat>20</sat></trkpt>
  <trkpt lat="14.99001750" lon="102.09457335"><ele>137.734</ele><time>2025-01-14T01:15:35Z</time><speed>0.000</speed><sat>20</sat></trkpt>
  <trkpt lat="14.99001750" lon="102.09457335"><ele>137.857</ele><time>2025-01-14T01:15:36Z</time><speed>0.000</speed><sat>20</sat></trkpt>
  <trkpt lat="14.99001750" lon="102.09457335"><ele>137.832</ele><time>2025-01-14T01:15:37Z</time><speed>0.000</speed><sat>20</sat></trkpt>
  <trkpt lat="14.99001750" lon="102.09457335"><ele>137.812</ele><time>2025-01-14T01:15:38Z</time><speed>0.000</speed><sat>20</sat></trkpt>
  <trkpt lat="14.99001750" lon="102.09457335"><ele>137.901</ele><time>2025-01-14T01:15:39Z</time><speed>0.000</speed><sat>20</sat></trkpt>
  <trkpt lat="14.99001750" lon="102.09457335"><ele>137.977</ele><time>2025-01-14T01:15:40Z</time><speed>0.000</speed><sat>20</sat></trkpt>
  <trkpt lat="14.99001750" lon="102.09457335"><ele>137.955</ele><time>2025-01-14T01:15:41Z</time><speed>0.000</speed><sat>20</sat></trkpt>
  <trkpt lat="14.99001750" lon="102.09457335"><ele>138.028</ele><time>2025-01-14T01:15:42Z</time><speed>0.000</speed><sat>21</sat></trkpt>
  <trkpt lat="14.99001750" lon="102.09457335"><ele>138.037</ele><time>2025-01-14T01:15:43Z</time><speed>0.000</speed><sat>21</sat></trkpt>
  <trkpt lat="14.99001750" lon="102.09457335"><ele>138.075</ele><time>2025-01-14T01:15:44Z</time><speed>0.000</speed><sat>20</sat></trkpt>
  <trkpt lat="14.99001750" lon="102.09457335"><ele>138.128</ele><time>2025-01-14T01:15:45Z</time><speed>0.000</speed><sat>19</sat></trkpt>
  <trkpt lat="14.99001750" lon="102.09457335"><ele>138.159</ele><time>2025-01-14T01:15:46Z</time><speed>0.000</speed><sat>21</sat></trkpt>
  <trkpt lat="14.99001750" lon="102.09457335"><ele>138.188</ele><time>2025-01-14T01:15:47Z</time><speed>0.000</speed><sat>21</sat></trkpt>
  <trkpt lat="14.99001750" lon="102.09457335"><ele>138.229</ele><time>2025-01-14T01:15:48Z</time><speed>0.000</speed><sat>22</sat></trkpt>
  <trkpt lat="14.99001750" lon="102.09457335"><ele>138.182</ele><time>2025-01-14T01:15:49Z</time><speed>0.000</speed><sat>19</sat></trkpt>
  <trkpt lat="14.99001750" lon="102.09457335"><ele>138.064</ele><time>2025-01-14T01:15:50Z</time><speed>0.000</speed><sat>25</sat></trkpt>
  <trkpt lat="14.99001750" lon="102.09457335"><ele>137.959</ele><time>2025-01-14T01:15:51Z</time><speed>0.000</speed><sat>25</sat></trkpt>
  <trkpt lat="14.99001750" lon="102.09457335"><ele>137.942</ele><time>2025-01-14T01:15:52Z</time><speed>0.000</speed><sat>24</sat></trkpt>
  <trkpt lat="14.99001750" lon="102.09457335"><ele>137.890</ele><time>2025-01-14T01:15:53Z</time><speed>0.000</speed><sat>26</sat></trkpt>
  <trkpt lat="14.99001750" lon="102.09457335"><ele>138.177</ele><time>2025-01-14T01:15:54Z</time><speed>0.000</speed><sat>25</sat></trkpt>
  <trkpt lat="14.99001750" lon="102.09457335"><ele>138.202</ele><time>2025-01-14T01:15:55Z</time><speed>0.000</speed><sat>27</sat></trkpt>
  <trkpt lat="14.99000112" lon="102.09455616"><ele>138.171</ele><time>2025-01-14T01:15:56Z</time><speed>0.343</speed><sat>26</sat></trkpt>
  <trkpt lat="14.99000145" lon="102.09455700"><ele>138.422</ele><time>2025-01-14T01:15:57Z</time><speed>0.000</speed><sat>27</sat></trkpt>
  <trkpt lat="14.99000145" lon="102.09455700"><ele>138.751</ele><time>2025-01-14T01:15:58Z</time><speed>0.000</speed><sat>28</sat></trkpt>
  <trkpt lat="14.99000145" lon="102.09455700"><ele>138.986</ele><time>2025-01-14T01:15:59Z</time><speed>0.000</speed><sat>27</sat></trkpt>
  <trkpt lat="14.99000923" lon="102.09455873"><ele>139.252</ele><time>2025-01-14T01:16:00Z</time><speed>0.541</speed><sat>27</sat></trkpt>
  <trkpt lat="14.99001713" lon="102.09456096"><ele>139.393</ele><time>2025-01-14T01:16:01Z</time><speed>0.340</speed><sat>24</sat></trkpt>
  <trkpt lat="14.99002650" lon="102.09456624"><ele>139.495</ele><time>2025-01-14T01:16:02Z</time><speed>0.000</speed><sat>24</sat></trkpt>
  <trkpt lat="14.99003149" lon="102.09457219"><ele>139.495</ele><time>2025-01-14T01:16:03Z</time><speed>0.305</speed><sat>21</sat></trkpt>
  <trkpt lat="14.99003359" lon="102.09457354"><ele>139.275</ele><time>2025-01-14T01:16:04Z</time><speed>0.000</speed><sat>20</sat></trkpt>
  <trkpt lat="14.99003359" lon="102.09457354"><ele>139.135</ele><time>2025-01-14T01:16:05Z</time><speed>0.000</speed><sat>20</sat></trkpt>
  <trkpt lat="14.99003394" lon="102.09457885"><ele>139.084</ele><time>2025-01-14T01:16:06Z</time><speed>0.550</speed><sat>18</sat></trkpt>
  <trkpt lat="14.99002982" lon="102.09458008"><ele>139.113</ele><time>2025-01-14T01:16:07Z</time><speed>0.774</speed><sat>15</sat></trkpt>
  <trkpt lat="14.99002535" lon="102.09457977"><ele>139.015</ele><time>2025-01-14T01:16:08Z</time><speed>0.763</speed><sat>14</sat></trkpt>
  <trkpt lat="14.99002396" lon="102.09458386"><ele>139.003</ele><time>2025-01-14T01:16:09Z</time><speed>0.537</speed><sat>13</sat></trkpt>
  <trkpt lat="14.99003119" lon="102.09458697"><ele>138.740</ele><time>2025-01-14T01:16:10Z</time><speed>0.000</speed><sat>13</sat></trkpt>
  <trkpt lat="14.99003119" lon="102.09458697"><ele>138.686</ele><time>2025-01-14T01:16:11Z</time><speed>0.000</speed><sat>11</sat></trkpt>
  <trkpt lat="14.99003119" lon="102.09458697"><ele>138.612</ele><time>2025-01-14T01:16:12Z</time><speed>0.000</speed><sat>12</sat></trkpt>
  <trkpt lat="14.99003119" lon="102.09458697"><ele>138.837</ele><time>2025-01-14T01:16:13Z</time><speed>0.000</speed><sat>12</sat></trkpt>
  <trkpt lat="14.99003119" lon="102.09458697"><ele>138.967</ele><time>2025-01-14T01:16:14Z</time><speed>0.000</speed><sat>10</sat></trkpt>
  <trkpt lat="14.99003119" lon="102.09458697"><ele>138.934</ele><time>2025-01-14T01:16:15Z</time><speed>0.000</speed><sat>11</sat></trkpt>
  <trkpt lat="14.99003119" lon="102.09458697"><ele>139.173</ele><time>2025-01-14T01:16:16Z</time><speed>0.000</speed><sat>12</sat></trkpt>
  <trkpt lat="14.99003119" lon="102.09458697"><ele>139.018</ele><time>2025-01-14T01:16:17Z</time><speed>0.000</speed><sat>11</sat></trkpt>
  <trkpt lat="14.99003119" lon="102.09458697"><ele>138.976</ele><time>2025-01-14T01:16:18Z</time><speed>0.000</speed><sat>9</sat></trkpt>
  <trkpt lat="14.99003119" lon="102.09458697"><ele>138.959</ele><time>2025-01-14T01:16:19Z</time><speed>0.000</speed><sat>10</sat></trkpt>
  <trkpt lat="14.99003699" lon="102.09458254"><ele>139.536</ele><time>2025-01-14T01:16:20Z</time><speed>0.393</speed><sat>11</sat></trkpt>
  <trkpt lat="14.99003695" lon="102.09458253"><ele>139.517</ele><time>2025-01-14T01:16:21Z</time><speed>0.000</speed><sat>9</sat></trkpt>
  <trkpt lat="14.99003695" lon="102.09458253"><ele>139.468</ele><time>2025-01-14T01:16:22Z</time><speed>0.000</speed><sat>10</sat></trkpt>
  <trkpt lat="14.99003695" lon="102.09458253"><ele>139.543</ele><time>2025-01-14T01:16:23Z</time><speed>0.000</speed><sat>10</sat></trkpt>
  <trkpt lat="14.99003695" lon="102.09458253"><ele>139.072</ele><time>2025-01-14T01:16:24Z</time><speed>0.000</speed><sat>10</sat></trkpt>
  <trkpt lat="14.99003695" lon="102.09458253"><ele>138.881</ele><time>2025-01-14T01:16:25Z</time><speed>0.000</speed><sat>10</sat></trkpt>
  <trkpt lat="14.99003695" lon="102.09458253"><ele>138.885</ele><time>2025-01-14T01:16:26Z</time><speed>0.000</speed><sat>10</sat></trkpt>
  <trkpt lat="14.99003695" lon="102.09458253"><ele>138.895</ele><time>2025-01-14T01:16:27Z</time><speed>0.000</speed><sat>9</sat></trkpt>
  <trkpt lat="14.99003695" lon="102.09458253"><ele>138.913</ele><time>2025-01-14T01:16:28Z</time><speed>0.000</speed><sat>9</sat></trkpt>
  <trkpt lat="14.99003695" lon="102.09458253"><ele>138.915</ele><time>2025-01-14T01:16:29Z</time><speed>0.000</speed><sat>10</sat></trkpt>
  <trkpt lat="14.99003695" lon="102.09458253"><ele>138.950</ele><time>2025-01-14T01:16:30Z</time><speed>0.000</speed><sat>9</sat></trkpt>
  <trkpt lat="14.99003695" lon="102.09458253"><ele>138.965</ele><time>2025-01-14T01:16:31Z</time><speed>0.000</speed><sat>9</sat></trkpt>
  <trkpt lat="14.99003695" lon="102.09458253"><ele>138.933</ele><time>2025-01-14T01:16:32Z</time><speed>0.000</speed><sat>9</sat></trkpt>
  <trkpt lat="14.99002223" lon="102.09457445"><ele>139.036</ele><time>2025-01-14T01:16:33Z</time><speed>0.435</speed><sat>9</sat></trkpt>
  <trkpt lat="14.99001479" lon="102.09457655"><ele>138.943</ele><time>2025-01-14T01:16:34Z</time><speed>0.566</speed><sat>14</sat></trkpt>
  <trkpt lat="14.99001150" lon="102.09457900"><ele>139.183</ele><time>2025-01-14T01:16:35Z</time><speed>0.000</speed><sat>18</sat></trkpt>
  <trkpt lat="14.99001150" lon="102.09457900"><ele>139.152</ele><time>2025-01-14T01:16:36Z</time><speed>0.000</speed><sat>15</sat></trkpt>
  <trkpt lat="14.99001150" lon="102.09457900"><ele>140.150</ele><time>2025-01-14T01:16:37Z</time><speed>0.000</speed><sat>17</sat></trkpt>
  <trkpt lat="14.99001150" lon="102.09457900"><ele>140.519</ele><time>2025-01-14T01:16:38Z</time><speed>0.000</speed><sat>18</sat></trkpt>
  <trkpt lat="14.99001150" lon="102.09457900"><ele>140.879</ele><time>2025-01-14T01:16:39Z</time><speed>0.000</speed><sat>20</sat></trkpt>
  <trkpt lat="14.99001150" lon="102.09457900"><ele>141.389</ele><time>2025-01-14T01:16:40Z</time><speed>0.000</speed><sat>17</sat></trkpt>
  <trkpt lat="14.99001150" lon="102.09457900"><ele>141.484</ele><time>2025-01-14T01:16:41Z</time><speed>0.000</speed><sat>20</sat></trkpt>
  <trkpt lat="14.99001150" lon="102.09457900"><ele>141.434</ele><time>2025-01-14T01:16:42Z</time><speed>0.000</speed><sat>20</sat></trkpt>
  <trkpt lat="14.99001150" lon="102.09457900"><ele>141.303</ele><time>2025-01-14T01:16:43Z</time><speed>0.000</speed><sat>16</sat></trkpt>
  <trkpt lat="14.99001150" lon="102.09457900"><ele>141.240</ele><time>2025-01-14T01:16:44Z</time><speed>0.000</speed><sat>16</sat></trkpt>
  <trkpt lat="14.99001150" lon="102.09457900"><ele>141.408</ele><time>2025-01-14T01:16:45Z</time><speed>0.000</speed><sat>19</sat></trkpt>
  <trkpt lat="14.99001150" lon="102.09457900"><ele>141.288</ele><time>2025-01-14T01:16:46Z</time><speed>0.000</speed><sat>19</sat></trkpt>
  <trkpt lat="14.99001150" lon="102.09457900"><ele>141.226</ele><time>2025-01-14T01:16:47Z</time><speed>0.000</speed><sat>18</sat></trkpt>
  <trkpt lat="14.99001150" lon="102.09457900"><ele>141.481</ele><time>2025-01-14T01:16:48Z</time><speed>0.000</speed><sat>18</sat></trkpt>
  <trkpt lat="14.99001150" lon="102.09457900"><ele>141.477</ele><time>2025-01-14T01:16:49Z</time><speed>0.000</speed><sat>18</sat></trkpt>
  <trkpt lat="14.99001150" lon="102.09457900"><ele>141.560</ele><time>2025-01-14T01:16:50Z</time><speed>0.000</speed><sat>18</sat></trkpt>
  <trkpt lat="14.99001150" lon="102.09457900"><ele>141.945</ele><time>2025-01-14T01:16:51Z</time><speed>0.000</speed><sat>17</sat></trkpt>
  <trkpt lat="14.99001150" lon="102.09457900"><ele>142.032</ele><time>2025-01-14T01:16:52Z</time><speed>0.000</speed><sat>18</sat></trkpt>
  <trkpt lat="14.99001150" lon="102.09457900"><ele>142.038</ele><time>2025-01-14T01:16:53Z</time><speed>0.000</speed><sat>17</sat></trkpt>
  <trkpt lat="14.99001150" lon="102.09457900"><ele>142.028</ele><time>2025-01-14T01:16:54Z</time><speed>0.000</speed><sat>16</sat></trkpt>
  <trkpt lat="14.99001150" lon="102.09457900"><ele>142.047</ele><time>2025-01-14T01:16:55Z</time><speed>0.000</speed><sat>18</sat></trkpt>
  <trkpt lat="14.99001150" lon="102.09457900"><ele>142.335</ele><time>2025-01-14T01:16:56Z</time><speed>0.000</speed><sat>19</sat></trkpt>
  <trkpt lat="14.99001150" lon="102.09457900"><ele>142.400</ele><time>2025-01-14T01:16:57Z</time><speed>0.000</speed><sat>17</sat></trkpt>
  <trkpt lat="14.99001150" lon="102.09457900"><ele>142.244</ele><time>2025-01-14T01:16:58Z</time><speed>0.000</speed><sat>19</sat></trkpt>
  <trkpt lat="14.99001150" lon="102.09457900"><ele>142.385</ele><time>2025-01-14T01:16:59Z</time><speed>0.000</speed><sat>17</sat></trkpt>
  <trkpt lat="14.99001150" lon="102.09457900"><ele>142.235</ele><time>2025-01-14T01:17:00Z</time><speed>0.000</speed><sat>18</sat></trkpt>
  <trkpt lat="14.99001150" lon="102.09457900"><ele>142.409</ele><time>2025-01-14T01:17:01Z</time><speed>0.000</speed><sat>17</sat></trkpt>
  <trkpt lat="14.99001150" lon="102.09457900"><ele>142.569</ele><time>2025-01-14T01:17:02Z</time><speed>0.000</speed><sat>19</sat></trkpt>
  <trkpt lat="14.99001150" lon="102.09457900"><ele>142.701</ele><time>2025-01-14T01:17:03Z</time><speed>0.000</speed><sat>22</sat></trkpt>
  <trkpt lat="14.99001150" lon="102.09457900"><ele>142.705</ele><time>2025-01-14T01:17:04Z</time><speed>0.000</speed><sat>20</sat></trkpt>
  <trkpt lat="14.99001150" lon="102.09457900"><ele>142.678</ele><time>2025-01-14T01:17:05Z</time><speed>0.000</speed><sat>20</sat></trkpt>
  <trkpt lat="14.99001150" lon="102.09457900"><ele>142.638</ele><time>2025-01-14T01:17:06Z</time><speed>0.000</speed><sat>21</sat></trkpt>
  <trkpt lat="14.99001150" lon="102.09457900"><ele>143.413</ele><time>2025-01-14T01:17:07Z</time><speed>0.000</speed><sat>21</sat></trkpt>
  <trkpt lat="14.99001150" lon="102.09457900"><ele>143.433</ele><time>2025-01-14T01:17:08Z</time><speed>0.000</speed><sat>20</sat></trkpt>
  <trkpt lat="14.99001150" lon="102.09457900"><ele>143.520</ele><time>2025-01-14T01:17:09Z</time><speed>0.000</speed><sat>20</sat></trkpt>
  <trkpt lat="14.99001150" lon="102.09457900"><ele>143.302</ele><time>2025-01-14T01:17:10Z</time><speed>0.000</speed><sat>21</sat></trkpt>
  <trkpt lat="14.99001150" lon="102.09457900"><ele>143.251</ele><time>2025-01-14T01:17:11Z</time><speed>0.000</speed><sat>21</sat></trkpt>
  <trkpt lat="14.99001150" lon="102.09457900"><ele>143.137</ele><time>2025-01-14T01:17:12Z</time><speed>0.000</speed><sat>20</sat></trkpt>
  <trkpt lat="14.99001150" lon="102.09457900"><ele>143.069</ele><time>2025-01-14T01:17:13Z</time><speed>0.000</speed><sat>20</sat></trkpt>
  <trkpt lat="14.99001150" lon="102.09457900"><ele>143.060</ele><time>2025-01-14T01:17:14Z</time><speed>0.000</speed><sat>19</sat></trkpt>
  <trkpt lat="14.99001150" lon="102.09457900"><ele>143.715</ele><time>2025-01-14T01:17:15Z</time><speed>0.000</speed><sat>20</sat></trkpt>
  <trkpt lat="14.99001150" lon="102.09457900"><ele>143.717</ele><time>2025-01-14T01:17:16Z</time><speed>0.000</speed><sat>21</sat></trkpt>
  <trkpt lat="14.99001150" lon="102.09457900"><ele>143.799</ele><time>2025-01-14T01:17:17Z</time><speed>0.000</speed><sat>18</sat></trkpt>
  <trkpt lat="14.99001150" lon="102.09457900"><ele>143.876</ele><time>2025-01-14T01:17:18Z</time><speed>0.000</speed><sat>20</sat></trkpt>
  <trkpt lat="14.99001150" lon="102.09457900"><ele>144.113</ele><time>2025-01-14T01:17:19Z</time><speed>0.000</speed><sat>20</sat></trkpt>
  <trkpt lat="14.99001150" lon="102.09457900"><ele>143.901</ele><time>2025-01-14T01:17:20Z</time><speed>0.000</speed><sat>19</sat></trkpt>
  <trkpt lat="14.99001150" lon="102.09457900"><ele>143.774</ele><time>2025-01-14T01:17:21Z</time><speed>0.000</speed><sat>19</sat></trkpt>
  <trkpt lat="14.99001150" lon="102.09457900"><ele>143.635</ele><time>2025-01-14T01:17:22Z</time><speed>0.000</speed><sat>19</sat></trkpt>
  <trkpt lat="14.99001150" lon="102.09457900"><ele>143.734</ele><time>2025-01-14T01:17:23Z</time><speed>0.000</speed><sat>20</sat></trkpt>
  <trkpt lat="14.99001150" lon="102.09457900"><ele>143.746</ele><time>2025-01-14T01:17:24Z</time><speed>0.000</speed><sat>20</sat></trkpt>
  <trkpt lat="14.99001150" lon="102.09457900"><ele>143.681</ele><time>2025-01-14T01:17:25Z</time><speed>0.000</speed><sat>20</sat></trkpt>
  <trkpt lat="14.99001150" lon="102.09457900"><ele>143.754</ele><time>2025-01-14T01:17:26Z</time><speed>0.000</speed><sat>18</sat></trkpt>
  <trkpt lat="14.99001150" lon="102.09457900"><ele>143.696</ele><time>2025-01-14T01:17:27Z</time><speed>0.000</speed><sat>18</sat></trkpt>
  <trkpt lat="14.99001150" lon="102.09457900"><ele>143.792</ele><time>2025-01-14T01:17:28Z</time><speed>0.000</speed><sat>19</sat></trkpt>
  <trkpt lat="14.99001150" lon="102.09457900"><ele>143.912</ele><time>2025-01-14T01:17:29Z</time><speed>0.000</speed><sat>20</sat></trkpt>
  <trkpt lat="14.99001150" lon="102.09457900"><ele>143.905</ele><time>2025-01-14T01:17:30Z</time><speed>0.000</speed><sat>18</sat></trkpt>
  <trkpt lat="14.99001150" lon="102.09457900"><ele>143.662</ele><time>2025-01-14T01:17:31Z</time><speed>0.000</speed><sat>18</sat></trkpt>
  <trkpt lat="14.99001150" lon="102.09457900"><ele>143.622</ele><time>2025-01-14T01:17:32Z</time><speed>0.000</speed><sat>16</sat></trkpt>
  <trkpt lat="14.99001150" lon="102.09457900"><ele>143.536</ele><time>2025-01-14T01:17:33Z</time><speed>0.000</speed><sat>18</sat></trkpt>
  <trkpt lat="14.99001150" lon="102.09457900"><ele>143.477</ele><time>2025-01-14T01:17:34Z</time><speed>0.000</speed><sat>19</sat></trkpt>
  <trkpt lat="14.99001150" lon="102.09457900"><ele>143.355</ele><time>2025-01-14T01:17:35Z</time><speed>0.000</speed><sat>19</sat></trkpt>
  <trkpt lat="14.99001150" lon="102.09457900"><ele>143.192</ele><time>2025-01-14T01:17:36Z</time><speed>0.000</speed><sat>19</sat></trkpt>
  <trkpt lat="14.99001150" lon="102.09457900"><ele>143.105</ele><time>2025-01-14T01:17:37Z</time><speed>0.000</speed><sat>18</sat></trkpt>
  <trkpt lat="14.99001150" lon="102.09457900"><ele>142.902</ele><time>2025-01-14T01:17:38Z</time><speed>0.000</speed><sat>19</sat></trkpt>
  <trkpt lat="14.99001150" lon="102.09457900"><ele>142.592</ele><time>2025-01-14T01:17:39Z</time><speed>0.000</speed><sat>18</sat></trkpt>
  <trkpt lat="14.99001150" lon="102.09457900"><ele>142.228</ele><time>2025-01-14T01:17:40Z</time><speed>0.000</speed><sat>17</sat></trkpt>
  <trkpt lat="14.99001150" lon="102.09457900"><ele>141.893</ele><time>2025-01-14T01:17:41Z</time><speed>0.000</speed><sat>18</sat></trkpt>
  <trkpt lat="14.99001150" lon="102.09457900"><ele>141.511</ele><time>2025-01-14T01:17:42Z</time><speed>0.000</speed><sat>18</sat></trkpt>
  <trkpt lat="14.99001150" lon="102.09457900"><ele>141.553</ele><time>2025-01-14T01:17:43Z</time><speed>0.000</speed><sat>19</sat></trkpt>
  <trkpt lat="14.99001150" lon="102.09457900"><ele>141.453</ele><time>2025-01-14T01:17:44Z</time><speed>0.000</speed><sat>19</sat></trkpt>
  <trkpt lat="14.99001150" lon="102.09457900"><ele>141.357</ele><time>2025-01-14T01:17:45Z</time><speed>0.000</speed><sat>18</sat></trkpt>
  <trkpt lat="14.99001150" lon="102.09457900"><ele>141.165</ele><time>2025-01-14T01:17:46Z</time><speed>0.000</speed><sat>18</sat></trkpt>
  <trkpt lat="14.99001150" lon="102.09457900"><ele>141.080</ele><time>2025-01-14T01:17:47Z</time><speed>0.000</speed><sat>19</sat></trkpt>
  <trkpt lat="14.99001150" lon="102.09457900"><ele>140.976</ele><time>2025-01-14T01:17:48Z</time><speed>0.000</speed><sat>19</sat></trkpt>
  <trkpt lat="14.99001150" lon="102.09457900"><ele>140.763</ele><time>2025-01-14T01:17:49Z</time><speed>0.000</speed><sat>18</sat></trkpt>
  <trkpt lat="14.99001150" lon="102.09457900"><ele>140.318</ele><time>2025-01-14T01:17:50Z</time><speed>0.000</speed><sat>20</sat></trkpt>
  <trkpt lat="14.99001150" lon="102.09457900"><ele>139.909</ele><time>2025-01-14T01:17:51Z</time><speed>0.000</speed><sat>19</sat></trkpt>
  <trkpt lat="14.99001150" lon="102.09457900"><ele>139.806</ele><time>2025-01-14T01:17:52Z</time><speed>0.000</speed><sat>19</sat></trkpt>
  <trkpt lat="14.99001150" lon="102.09457900"><ele>139.699</ele><time>2025-01-14T01:17:53Z</time><speed>0.000</speed><sat>18</sat></trkpt>
  <trkpt lat="14.99001150" lon="102.09457900"><ele>139.613</ele><time>2025-01-14T01:17:54Z</time><speed>0.000</speed><sat>18</sat></trkpt>
  <trkpt lat="14.99001150" lon="102.09457900"><ele>139.472</ele><time>2025-01-14T01:17:55Z</time><speed>0.000</speed><sat>19</sat></trkpt>
  <trkpt lat="14.99001150" lon="102.09457900"><ele>139.380</ele><time>2025-01-14T01:17:56Z</time><speed>0.000</speed><sat>19</sat></trkpt>
  <trkpt lat="14.99001150" lon="102.09457900"><ele>139.523</ele><time>2025-01-14T01:17:57Z</time><speed>0.000</speed><sat>18</sat></trkpt>
  <trkpt lat="14.99001150" lon="102.09457900"><ele>139.678</ele><time>2025-01-14T01:17:58Z</time><speed>0.000</speed><sat>17</sat></trkpt>
  <trkpt lat="14.99001150" lon="102.09457900"><ele>139.666</ele><time>2025-01-14T01:17:59Z</time><speed>0.000</speed><sat>18</sat></trkpt>
  <trkpt lat="14.99001150" lon="102.09457900"><ele>139.683</ele><time>2025-01-14T01:18:00Z</time><speed>0.000</speed><sat>17</sat></trkpt>
  <trkpt lat="14.99001150" lon="102.09457900"><ele>139.570</ele><time>2025-01-14T01:18:01Z</time><speed>0.000</speed><sat>17</sat></trkpt>
  <trkpt lat="14.99001150" lon="102.09457900"><ele>139.378</ele><time>2025-01-14T01:18:02Z</time><speed>0.000</speed><sat>17</sat></trkpt>
  <trkpt lat="14.99001150" lon="102.09457900"><ele>139.230</ele><time>2025-01-14T01:18:03Z</time><speed>0.000</speed><sat>17</sat></trkpt>
  <trkpt lat="14.99001150" lon="102.09457900"><ele>139.129</ele><time>2025-01-14T01:18:04Z</time><speed>0.000</speed><sat>17</sat></trkpt>
  <trkpt lat="14.99001150" lon="102.09457900"><ele>139.007</ele><time>2025-01-14T01:18:05Z</time><speed>0.000</speed><sat>17</sat></trkpt>
  <trkpt lat="14.99001150" lon="102.09457900"><ele>138.658</ele><time>2025-01-14T01:18:06Z</time><speed>0.000</speed><sat>17</sat></trkpt>
  <trkpt lat="14.99001150" lon="102.09457900"><ele>138.503</ele><time>2025-01-14T01:18:07Z</time><speed>0.000</speed><sat>17</sat></trkpt>
  <trkpt lat="14.99001150" lon="102.09457900"><ele>138.393</ele><time>2025-01-14T01:18:08Z</time><speed>0.000</speed><sat>17</sat></trkpt>
  <trkpt lat="14.99001150" lon="102.09457900"><ele>138.327</ele><time>2025-01-14T01:18:09Z</time><speed>0.000</speed><sat>18</sat></trkpt>
  <trkpt lat="14.99001150" lon="102.09457900"><ele>138.244</ele><time>2025-01-14T01:18:10Z</time><speed>0.000</speed><sat>18</sat></trkpt>
  <trkpt lat="14.99001150" lon="102.09457900"><ele>138.072</ele><time>2025-01-14T01:18:11Z</time><speed>0.000</speed><sat>18</sat></trkpt>
  <trkpt lat="14.99001150" lon="102.09457900"><ele>137.905</ele><time>2025-01-14T01:18:12Z</time><speed>0.000</speed><sat>18</sat></trkpt>
  <trkpt lat="14.99001150" lon="102.09457900"><ele>137.707</ele><time>2025-01-14T01:18:13Z</time><speed>0.000</speed><sat>19</sat></trkpt>
  <trkpt lat="14.99001150" lon="102.09457900"><ele>137.638</ele><time>2025-01-14T01:18:14Z</time><speed>0.000</speed><sat>19</sat></trkpt>
  <trkpt lat="14.99001150" lon="102.09457900"><ele>137.494</ele><time>2025-01-14T01:18:15Z</time><speed>0.000</speed><sat>19</sat></trkpt>
  <trkpt lat="14.99001150" lon="102.09457900"><ele>137.619</ele><time>2025-01-14T01:18:16Z</time><speed>0.000</speed><sat>18</sat></trkpt>
  <trkpt lat="14.99001150" lon="102.09457900"><ele>137.601</ele><time>2025-01-14T01:18:17Z</time><speed>0.000</speed><sat>18</sat></trkpt>
  <trkpt lat="14.99001150" lon="102.09457900"><ele>137.672</ele><time>2025-01-14T01:18:18Z</time><speed>0.000</speed><sat>19</sat></trkpt>
  <trkpt lat="14.99001150" lon="102.09457900"><ele>137.707</ele><time>2025-01-14T01:18:19Z</time><speed>0.000</speed><sat>17</sat></trkpt>
  <trkpt lat="14.99001150" lon="102.09457900"><ele>137.792</ele><time>2025-01-14T01:18:20Z</time><speed>0.000</speed><sat>17</sat></trkpt>
  <trkpt lat="14.99001150" lon="102.09457900"><ele>137.800</ele><time>2025-01-14T01:18:21Z</time><speed>0.000</speed><sat>18</sat></trkpt>
  <trkpt lat="14.99001150" lon="102.09457900"><ele>137.831</ele><time>2025-01-14T01:18:22Z</time><speed>0.000</speed><sat>18</sat></trkpt>
  <trkpt lat="14.99001150" lon="102.09457900"><ele>137.801</ele><time>2025-01-14T01:18:23Z</time><speed>0.000</speed><sat>19</sat></trkpt>
  <trkpt lat="14.99001150" lon="102.09457900"><ele>137.686</ele><time>2025-01-14T01:18:24Z</time><speed>0.000</speed><sat>20</sat></trkpt>
  <trkpt lat="14.99001150" lon="102.09457900"><ele>137.626</ele><time>2025-01-14T01:18:25Z</time><speed>0.000</speed><sat>21</sat></trkpt>
  <trkpt lat="14.99001150" lon="102.09457900"><ele>137.630</ele><time>2025-01-14T01:18:26Z</time><speed>0.000</speed><sat>20</sat></trkpt>
  <trkpt lat="14.99001150" lon="102.09457900"><ele>137.678</ele><time>2025-01-14T01:18:27Z</time><speed>0.000</speed><sat>21</sat></trkpt>
  <trkpt lat="14.99001150" lon="102.09457900"><ele>137.691</ele><time>2025-01-14T01:18:28Z</time><speed>0.000</speed><sat>21</sat></trkpt>
  <trkpt lat="14.99001150" lon="102.09457900"><ele>137.677</ele><time>2025-01-14T01:18:29Z</time><speed>0.000</speed><sat>21</sat></trkpt>
  <trkpt lat="14.99001150" lon="102.09457900"><ele>137.683</ele><time>2025-01-14T01:18:30Z</time><speed>0.000</speed><sat>21</sat></trkpt>
  <trkpt lat="14.99001150" lon="102.09457900"><ele>137.766</ele><time>2025-01-14T01:18:31Z</time><speed>0.000</speed><sat>21</sat></trkpt>
  <trkpt lat="14.99001150" lon="102.09457900"><ele>137.824</ele><time>2025-01-14T01:18:32Z</time><speed>0.000</speed><sat>20</sat></trkpt>
  <trkpt lat="14.99001150" lon="102.09457900"><ele>137.890</ele><time>2025-01-14T01:18:33Z</time><speed>0.000</speed><sat>22</sat></trkpt>
  <trkpt lat="14.99001150" lon="102.09457900"><ele>138.037</ele><time>2025-01-14T01:18:34Z</time><speed>0.000</speed><sat>23</sat></trkpt>
  <trkpt lat="14.99001150" lon="102.09457900"><ele>137.804</ele><time>2025-01-14T01:18:35Z</time><speed>0.000</speed><sat>20</sat></trkpt>
  <trkpt lat="14.99001150" lon="102.09457900"><ele>137.819</ele><time>2025-01-14T01:18:36Z</time><speed>0.000</speed><sat>20</sat></trkpt>
  <trkpt lat="14.99001150" lon="102.09457900"><ele>137.920</ele><time>2025-01-14T01:18:37Z</time><speed>0.000</speed><sat>21</sat></trkpt>
  <trkpt lat="14.99001150" lon="102.09457900"><ele>137.975</ele><time>2025-01-14T01:18:38Z</time><speed>0.000</speed><sat>22</sat></trkpt>
  <trkpt lat="14.99001150" lon="102.09457900"><ele>138.015</ele><time>2025-01-14T01:18:39Z</time><speed>0.000</speed><sat>21</sat></trkpt>
  <trkpt lat="14.99001150" lon="102.09457900"><ele>138.035</ele><time>2025-01-14T01:18:40Z</time><speed>0.000</speed><sat>21</sat></trkpt>
  <trkpt lat="14.99001150" lon="102.09457900"><ele>138.043</ele><time>2025-01-14T01:18:41Z</time><speed>0.000</speed><sat>20</sat></trkpt>
  <trkpt lat="14.99001150" lon="102.09457900"><ele>137.981</ele><time>2025-01-14T01:18:42Z</time><speed>0.000</speed><sat>20</sat></trkpt>
  <trkpt lat="14.99001150" lon="102.09457900"><ele>137.951</ele><time>2025-01-14T01:18:43Z</time><speed>0.000</speed><sat>20</sat></trkpt>
  <trkpt lat="14.99001150" lon="102.09457900"><ele>137.988</ele><time>2025-01-14T01:18:44Z</time><speed>0.000</speed><sat>22</sat></trkpt>
  <trkpt lat="14.99001150" lon="102.09457900"><ele>138.240</ele><time>2025-01-14T01:18:45Z</time><speed>0.000</speed><sat>21</sat></trkpt>
  <trkpt lat="14.99001150" lon="102.09457900"><ele>138.274</ele><time>2025-01-14T01:18:46Z</time><speed>0.000</speed><sat>21</sat></trkpt>
  <trkpt lat="14.99001150" lon="102.09457900"><ele>138.069</ele><time>2025-01-14T01:18:47Z</time><speed>0.000</speed><sat>21</sat></trkpt>
  <trkpt lat="14.99001150" lon="102.09457900"><ele>138.139</ele><time>2025-01-14T01:18:48Z</time><speed>0.000</speed><sat>21</sat></trkpt>
  <trkpt lat="14.99001150" lon="102.09457900"><ele>138.169</ele><time>2025-01-14T01:18:49Z</time><speed>0.000</speed><sat>21</sat></trkpt>
  <trkpt lat="14.99001150" lon="102.09457900"><ele>138.293</ele><time>2025-01-14T01:18:50Z</time><speed>0.000</speed><sat>22</sat></trkpt>
  <trkpt lat="14.99001150" lon="102.09457900"><ele>138.515</ele><time>2025-01-14T01:18:51Z</time><speed>0.000</speed><sat>21</sat></trkpt>
  <trkpt lat="14.99001150" lon="102.09457900"><ele>138.488</ele><time>2025-01-14T01:18:52Z</time><speed>0.000</speed><sat>22</sat></trkpt>
  <trkpt lat="14.99002306" lon="102.09455997"><ele>139.532</ele><time>2025-01-14T01:18:53Z</time><speed>0.505</speed><sat>17</sat></trkpt>
  <trkpt lat="14.99001879" lon="102.09455947"><ele>139.504</ele><time>2025-01-14T01:18:54Z</time><speed>0.000</speed><sat>19</sat></trkpt>
  <trkpt lat="14.99001879" lon="102.09455947"><ele>139.505</ele><time>2025-01-14T01:18:55Z</time><speed>0.000</speed><sat>19</sat></trkpt>
  <trkpt lat="14.99001879" lon="102.09455947"><ele>139.546</ele><time>2025-01-14T01:18:56Z</time><speed>0.000</speed><sat>16</sat></trkpt>
  <trkpt lat="14.99001879" lon="102.09455947"><ele>139.573</ele><time>2025-01-14T01:18:57Z</time><speed>0.000</speed><sat>9</sat></trkpt>
  <trkpt lat="14.99001879" lon="102.09455947"><ele>139.626</ele><time>2025-01-14T01:18:58Z</time><speed>0.000</speed><sat>8</sat></trkpt>
  <trkpt lat="14.99001879" lon="102.09455947"><ele>139.616</ele><time>2025-01-14T01:18:59Z</time><speed>0.000</speed><sat>7</sat></trkpt>
  <trkpt lat="14.99003735" lon="102.09456678"><ele>139.584</ele><time>2025-01-14T01:19:00Z</time><speed>0.726</speed><sat>8</sat></trkpt>
  <trkpt lat="14.99003962" lon="102.09456341"><ele>139.579</ele><time>2025-01-14T01:19:01Z</time><speed>0.000</speed><sat>8</sat></trkpt>
  <trkpt lat="14.99003962" lon="102.09456341"><ele>139.774</ele><time>2025-01-14T01:19:02Z</time><speed>0.000</speed><sat>10</sat></trkpt>
  <trkpt lat="14.99003962" lon="102.09456341"><ele>140.028</ele><time>2025-01-14T01:19:03Z</time><speed>0.000</speed><sat>9</sat></trkpt>
  <trkpt lat="14.99003962" lon="102.09456341"><ele>139.631</ele><time>2025-01-14T01:19:04Z</time><speed>0.000</speed><sat>8</sat></trkpt>
  <trkpt lat="14.99003962" lon="102.09456341"><ele>139.753</ele><time>2025-01-14T01:19:05Z</time><speed>0.000</speed><sat>8</sat></trkpt>
  <trkpt lat="14.99003962" lon="102.09456341"><ele>139.801</ele><time>2025-01-14T01:19:06Z</time><speed>0.000</speed><sat>9</sat></trkpt>
  <trkpt lat="14.99003962" lon="102.09456341"><ele>139.670</ele><time>2025-01-14T01:19:07Z</time><speed>0.000</speed><sat>8</sat></trkpt>
  <trkpt lat="14.99003962" lon="102.09456341"><ele>139.585</ele><time>2025-01-14T01:19:08Z</time><speed>0.000</speed><sat>9</sat></trkpt>
  <trkpt lat="14.99006899" lon="102.09457816"><ele>139.508</ele><time>2025-01-14T01:19:09Z</time><speed>0.546</speed><sat>9</sat></trkpt>
  <trkpt lat="14.99007980" lon="102.09459164"><ele>139.297</ele><time>2025-01-14T01:19:10Z</time><speed>0.903</speed><sat>8</sat></trkpt>
  <trkpt lat="14.99008599" lon="102.09460555"><ele>139.015</ele><time>2025-01-14T01:19:11Z</time><speed>0.678</speed><sat>8</sat></trkpt>
  <trkpt lat="14.99008586" lon="102.09460567"><ele>139.710</ele><time>2025-01-14T01:19:12Z</time><speed>0.000</speed><sat>9</sat></trkpt>
  <trkpt lat="14.99008586" lon="102.09460567"><ele>139.648</ele><time>2025-01-14T01:19:13Z</time><speed>0.000</speed><sat>9</sat></trkpt>
  <trkpt lat="14.99008586" lon="102.09460567"><ele>139.408</ele><time>2025-01-14T01:19:14Z</time><speed>0.000</speed><sat>9</sat></trkpt>
  <trkpt lat="14.99006372" lon="102.09462061"><ele>139.235</ele><time>2025-01-14T01:19:15Z</time><speed>0.397</speed><sat>8</sat></trkpt>
  <trkpt lat="14.99006377" lon="102.09462063"><ele>139.569</ele><time>2025-01-14T01:19:16Z</time><speed>0.000</speed><sat>7</sat></trkpt>
  <trkpt lat="14.99006377" lon="102.09462063"><ele>139.500</ele><time>2025-01-14T01:19:17Z</time><speed>0.000</speed><sat>7</sat></trkpt>
  <trkpt lat="14.99006377" lon="102.09462063"><ele>139.504</ele><time>2025-01-14T01:19:18Z</time><speed>0.000</speed><sat>8</sat></trkpt>
  <trkpt lat="14.99006377" lon="102.09462063"><ele>139.431</ele><time>2025-01-14T01:19:19Z</time><speed>0.000</speed><sat>8</sat></trkpt>
  <trkpt lat="14.99006377" lon="102.09462063"><ele>139.419</ele><time>2025-01-14T01:19:20Z</time><speed>0.000</speed><sat>8</sat></trkpt>
  <trkpt lat="14.99006377" lon="102.09462063"><ele>139.308</ele><time>2025-01-14T01:19:21Z</time><speed>0.000</speed><sat>8</sat></trkpt>
  <trkpt lat="14.99006377" lon="102.09462063"><ele>139.287</ele><time>2025-01-14T01:19:22Z</time><speed>0.000</speed><sat>8</sat></trkpt>
  <trkpt lat="14.99006377" lon="102.09462063"><ele>139.250</ele><time>2025-01-14T01:19:23Z</time><speed>0.000</speed><sat>8</sat></trkpt>
  <trkpt lat="14.99006377" lon="102.09462063"><ele>139.163</ele><time>2025-01-14T01:19:24Z</time><speed>0.000</speed><sat>8</sat></trkpt>
  <trkpt lat="14.99006377" lon="102.09462063"><ele>139.080</ele><time>2025-01-14T01:19:25Z</time><speed>0.000</speed><sat>8</sat></trkpt>
  <trkpt lat="14.99006377" lon="102.09462063"><ele>139.101</ele><time>2025-01-14T01:19:26Z</time><speed>0.000</speed><sat>8</sat></trkpt>
  <trkpt lat="14.99006377" lon="102.09462063"><ele>139.087</ele><time>2025-01-14T01:19:27Z</time><speed>0.000</speed><sat>8</sat></trkpt>
  <trkpt lat="14.99006377" lon="102.09462063"><ele>138.936</ele><time>2025-01-14T01:19:28Z</time><speed>0.000</speed><sat>8</sat></trkpt>
  <trkpt lat="14.99006377" lon="102.09462063"><ele>138.875</ele><time>2025-01-14T01:19:29Z</time><speed>0.000</speed><sat>8</sat></trkpt>
  <trkpt lat="14.99006377" lon="102.09462063"><ele>138.801</ele><time>2025-01-14T01:19:30Z</time><speed>0.000</speed><sat>8</sat></trkpt>
  <trkpt lat="14.99006897" lon="102.09461990"><ele>138.726</ele><time>2025-01-14T01:19:31Z</time><speed>0.322</speed><sat>8</sat></trkpt>
  <trkpt lat="14.99007234" lon="102.09462185"><ele>138.714</ele><time>2025-01-14T01:19:32Z</time><speed>0.000</speed><sat>8</sat></trkpt>
  <trkpt lat="14.99007234" lon="102.09462185"><ele>138.521</ele><time>2025-01-14T01:19:33Z</time><speed>0.000</speed><sat>7</sat></trkpt>
  <trkpt lat="14.99007234" lon="102.09462185"><ele>138.414</ele><time>2025-01-14T01:19:34Z</time><speed>0.000</speed><sat>8</sat></trkpt>
  <trkpt lat="14.99009470" lon="102.09461636"><ele>138.242</ele><time>2025-01-14T01:19:35Z</time><speed>0.373</speed><sat>8</sat></trkpt>
  <trkpt lat="14.99009269" lon="102.09461892"><ele>138.158</ele><time>2025-01-14T01:19:36Z</time><speed>0.000</speed><sat>7</sat></trkpt>
  <trkpt lat="14.99009519" lon="102.09461817"><ele>138.048</ele><time>2025-01-14T01:19:37Z</time><speed>0.557</speed><sat>8</sat></trkpt>
  <trkpt lat="14.99009543" lon="102.09461395"><ele>137.876</ele><time>2025-01-14T01:19:38Z</time><speed>0.563</speed><sat>8</sat></trkpt>
  <trkpt lat="14.99009389" lon="102.09461128"><ele>137.722</ele><time>2025-01-14T01:19:39Z</time><speed>0.000</speed><sat>7</sat></trkpt>
  <trkpt lat="14.99009389" lon="102.09461128"><ele>137.661</ele><time>2025-01-14T01:19:40Z</time><speed>0.000</speed><sat>8</sat></trkpt>
  <trkpt lat="14.99009389" lon="102.09461128"><ele>137.597</ele><time>2025-01-14T01:19:41Z</time><speed>0.000</speed><sat>8</sat></trkpt>
  <trkpt lat="14.99009389" lon="102.09461128"><ele>137.593</ele><time>2025-01-14T01:19:42Z</time><speed>0.000</speed><sat>8</sat></trkpt>
  <trkpt lat="14.99009389" lon="102.09461128"><ele>137.639</ele><time>2025-01-14T01:19:43Z</time><speed>0.000</speed><sat>7</sat></trkpt>
  <trkpt lat="14.99009389" lon="102.09461128"><ele>137.616</ele><time>2025-01-14T01:19:44Z</time><speed>0.000</speed><sat>7</sat></trkpt>
  <trkpt lat="14.99009389" lon="102.09461128"><ele>137.653</ele><time>2025-01-14T01:19:45Z</time><speed>0.000</speed><sat>7</sat></trkpt>
  <trkpt lat="14.99009389" lon="102.09461128"><ele>137.665</ele><time>2025-01-14T01:19:46Z</time><speed>0.000</speed><sat>7</sat></trkpt>
  <trkpt lat="14.99009389" lon="102.09461128"><ele>137.672</ele><time>2025-01-14T01:19:47Z</time><speed>0.000</speed><sat>6</sat></trkpt>
  <trkpt lat="14.99009389" lon="102.09461128"><ele>137.651</ele><time>2025-01-14T01:19:48Z</time><speed>0.000</speed><sat>7</sat></trkpt>
  <trkpt lat="14.99009389" lon="102.09461128"><ele>137.666</ele><time>2025-01-14T01:19:49Z</time><speed>0.000</speed><sat>6</sat></trkpt>
  <trkpt lat="14.99009389" lon="102.09461128"><ele>137.621</ele><time>2025-01-14T01:19:50Z</time><speed>0.000</speed><sat>7</sat></trkpt>
  <trkpt lat="14.99009389" lon="102.09461128"><ele>137.510</ele><time>2025-01-14T01:19:51Z</time><speed>0.000</speed><sat>7</sat></trkpt>
  <trkpt lat="14.99009389" lon="102.09461128"><ele>137.383</ele><time>2025-01-14T01:19:52Z</time><speed>0.000</speed><sat>7</sat></trkpt>
  <trkpt lat="14.99002622" lon="102.09462165"><ele>137.218</ele><time>2025-01-14T01:19:53Z</time><speed>0.697</speed><sat>7</sat></trkpt>
  <trkpt lat="14.99001543" lon="102.09462500"><ele>137.173</ele><time>2025-01-14T01:19:54Z</time><speed>0.682</speed><sat>7</sat></trkpt>
  <trkpt lat="14.99001038" lon="102.09462515"><ele>137.002</ele><time>2025-01-14T01:19:55Z</time><speed>0.000</speed><sat>7</sat></trkpt>
  <trkpt lat="14.99001038" lon="102.09462515"><ele>137.027</ele><time>2025-01-14T01:19:56Z</time><speed>0.000</speed><sat>7</sat></trkpt>
  <trkpt lat="14.99001038" lon="102.09462515"><ele>137.042</ele><time>2025-01-14T01:19:57Z</time><speed>0.000</speed><sat>6</sat></trkpt>
  <trkpt lat="14.99001038" lon="102.09462515"><ele>137.053</ele><time>2025-01-14T01:19:58Z</time><speed>0.000</speed><sat>6</sat></trkpt>
  <trkpt lat="14.99001038" lon="102.09462515"><ele>138.051</ele><time>2025-01-14T01:20:00Z</time><speed>0.000</speed><sat>6</sat></trkpt>
  <trkpt lat="14.99001038" lon="102.09462515"><ele>137.987</ele><time>2025-01-14T01:20:01Z</time><speed>0.000</speed><sat>6</sat></trkpt>
  <trkpt lat="14.99001038" lon="102.09462515"><ele>137.673</ele><time>2025-01-14T01:20:02Z</time><speed>0.000</speed><sat>5</sat></trkpt>
  <trkpt lat="14.99001038" lon="102.09462515"><ele>135.813</ele><time>2025-01-14T01:20:03Z</time><speed>0.000</speed><sat>7</sat></trkpt>
  <trkpt lat="14.99001038" lon="102.09462515"><ele>135.644</ele><time>2025-01-14T01:20:04Z</time><speed>0.000</speed><sat>7</sat></trkpt>
  <trkpt lat="14.99001038" lon="102.09462515"><ele>135.457</ele><time>2025-01-14T01:20:05Z</time><speed>0.000</speed><sat>6</sat></trkpt>
  <trkpt lat="14.99001038" lon="102.09462515"><ele>135.508</ele><time>2025-01-14T01:20:06Z</time><speed>0.000</speed><sat>7</sat></trkpt>
  <trkpt lat="14.99001038" lon="102.09462515"><ele>135.647</ele><time>2025-01-14T01:20:07Z</time><speed>0.000</speed><sat>7</sat></trkpt>
  <trkpt lat="14.99001038" lon="102.09462515"><ele>135.709</ele><time>2025-01-14T01:20:08Z</time><speed>0.000</speed><sat>7</sat></trkpt>
  <trkpt lat="14.99001038" lon="102.09462515"><ele>136.312</ele><time>2025-01-14T01:20:09Z</time><speed>0.000</speed><sat>7</sat></trkpt>
  <trkpt lat="14.99001038" lon="102.09462515"><ele>136.668</ele><time>2025-01-14T01:20:10Z</time><speed>0.000</speed><sat>8</sat></trkpt>
  <trkpt lat="14.99001038" lon="102.09462515"><ele>136.249</ele><time>2025-01-14T01:20:11Z</time><speed>0.000</speed><sat>8</sat></trkpt>
  <trkpt lat="14.99001038" lon="102.09462515"><ele>136.869</ele><time>2025-01-14T01:20:12Z</time><speed>0.000</speed><sat>8</sat></trkpt>
  <trkpt lat="14.99001038" lon="102.09462515"><ele>136.983</ele><time>2025-01-14T01:20:14Z</time><speed>0.000</speed><sat>7</sat></trkpt>
  <trkpt lat="14.98992837" lon="102.09463738"><ele>137.683</ele><time>2025-01-14T01:20:15Z</time><speed>0.000</speed><sat>8</sat></trkpt>
  <trkpt lat="14.98992837" lon="102.09463738"><ele>138.578</ele><time>2025-01-14T01:20:16Z</time><speed>0.000</speed><sat>8</sat></trkpt>
  <trkpt lat="14.98992837" lon="102.09463738"><ele>139.214</ele><time>2025-01-14T01:20:17Z</time><speed>0.000</speed><sat>9</sat></trkpt>
  <trkpt lat="14.98992837" lon="102.09463738"><ele>139.808</ele><time>2025-01-14T01:20:18Z</time><speed>0.000</speed><sat>9</sat></trkpt>
  <trkpt lat="14.98992837" lon="102.09463738"><ele>140.013</ele><time>2025-01-14T01:20:19Z</time><speed>0.000</speed><sat>10</sat></trkpt>
  <trkpt lat="14.98992837" lon="102.09463738"><ele>140.389</ele><time>2025-01-14T01:20:20Z</time><speed>0.000</speed><sat>9</sat></trkpt>
  <trkpt lat="14.98992837" lon="102.09463738"><ele>140.688</ele><time>2025-01-14T01:20:21Z</time><speed>0.000</speed><sat>7</sat></trkpt>
  <trkpt lat="14.98992837" lon="102.09463738"><ele>142.646</ele><time>2025-01-14T01:20:28Z</time><speed>0.000</speed><sat>7</sat></trkpt>
  <trkpt lat="14.98992837" lon="102.09463738"><ele>142.920</ele><time>2025-01-14T01:20:29Z</time><speed>0.000</speed><sat>7</sat></trkpt>
  <trkpt lat="14.98992837" lon="102.09463738"><ele>144.046</ele><time>2025-01-14T01:20:30Z</time><speed>0.000</speed><sat>7</sat></trkpt>
  <trkpt lat="14.98992837" lon="102.09463738"><ele>143.865</ele><time>2025-01-14T01:20:31Z</time><speed>0.000</speed><sat>8</sat></trkpt>
  <trkpt lat="14.98992837" lon="102.09463738"><ele>144.128</ele><time>2025-01-14T01:20:32Z</time><speed>0.000</speed><sat>7</sat></trkpt>
  <trkpt lat="14.98992837" lon="102.09463738"><ele>144.498</ele><time>2025-01-14T01:20:33Z</time><speed>0.000</speed><sat>7</sat></trkpt>
  <trkpt lat="14.98992837" lon="102.09463738"><ele>145.123</ele><time>2025-01-14T01:20:34Z</time><speed>0.000</speed><sat>7</sat></trkpt>
  <trkpt lat="14.98992837" lon="102.09463738"><ele>145.472</ele><time>2025-01-14T01:20:35Z</time><speed>0.000</speed><sat>7</sat></trkpt>
  <trkpt lat="14.98992837" lon="102.09463738"><ele>145.063</ele><time>2025-01-14T01:20:37Z</time><speed>0.000</speed><sat>7</sat></trkpt>
  <trkpt lat="14.98996769" lon="102.09462452"><ele>145.765</ele><time>2025-01-14T01:20:42Z</time><speed>0.622</speed><sat>6</sat></trkpt>
  <trkpt lat="14.98996529" lon="102.09462152"><ele>145.932</ele><time>2025-01-14T01:20:43Z</time><speed>0.000</speed><sat>5</sat></trkpt>
  <trkpt lat="14.98996529" lon="102.09462152"><ele>144.210</ele><time>2025-01-14T01:20:45Z</time><speed>0.000</speed><sat>6</sat></trkpt>
  <trkpt lat="14.98996529" lon="102.09462152"><ele>141.222</ele><time>2025-01-14T01:20:59Z</time><speed>0.000</speed><sat>6</sat></trkpt>
  <trkpt lat="14.98996529" lon="102.09462152"><ele>140.858</ele><time>2025-01-14T01:21:00Z</time><speed>0.000</speed><sat>5</sat></trkpt>
  <trkpt lat="14.98996529" lon="102.09462152"><ele>140.934</ele><time>2025-01-14T01:21:01Z</time><speed>0.000</speed><sat>6</sat></trkpt>
  <trkpt lat="14.98996529" lon="102.09462152"><ele>141.185</ele><time>2025-01-14T01:21:02Z</time><speed>0.000</speed><sat>5</sat></trkpt>
  <trkpt lat="14.98996529" lon="102.09462152"><ele>141.151</ele><time>2025-01-14T01:21:03Z</time><speed>0.000</speed><sat>5</sat></trkpt>
  <trkpt lat="14.98996529" lon="102.09462152"><ele>139.475</ele><time>2025-01-14T01:21:14Z</time><speed>0.000</speed><sat>7</sat></trkpt>
  <trkpt lat="14.99005102" lon="102.09456551"><ele>140.411</ele><time>2025-01-14T01:21:15Z</time><speed>0.000</speed><sat>7</sat></trkpt>
  <trkpt lat="14.99013241" lon="102.09449163"><ele>146.544</ele><time>2025-01-14T01:21:34Z</time><speed>0.878</speed><sat>14</sat></trkpt>
  <trkpt lat="14.99012782" lon="102.09448852"><ele>147.385</ele><time>2025-01-14T01:21:35Z</time><speed>0.898</speed><sat>13</sat></trkpt>
  <trkpt lat="14.99013156" lon="102.09449339"><ele>146.022</ele><time>2025-01-14T01:21:36Z</time><speed>0.813</speed><sat>13</sat></trkpt>
  <trkpt lat="14.99013101" lon="102.09449795"><ele>146.059</ele><time>2025-01-14T01:21:37Z</time><speed>0.634</speed><sat>16</sat></trkpt>
  <trkpt lat="14.99013161" lon="102.09451559"><ele>148.358</ele><time>2025-01-14T01:21:38Z</time><speed>0.551</speed><sat>16</sat></trkpt>
  <trkpt lat="14.99013897" lon="102.09452783"><ele>147.234</ele><time>2025-01-14T01:21:39Z</time><speed>0.391</speed><sat>16</sat></trkpt>
  <trkpt lat="14.99013959" lon="102.09452871"><ele>151.262</ele><time>2025-01-14T01:21:40Z</time><speed>0.000</speed><sat>16</sat></trkpt>
  <trkpt lat="14.99013959" lon="102.09452871"><ele>151.308</ele><time>2025-01-14T01:21:41Z</time><speed>0.000</speed><sat>13</sat></trkpt>
  <trkpt lat="14.99013959" lon="102.09452871"><ele>150.736</ele><time>2025-01-14T01:21:42Z</time><speed>0.000</speed><sat>13</sat></trkpt>
  <trkpt lat="14.99013959" lon="102.09452871"><ele>151.789</ele><time>2025-01-14T01:21:43Z</time><speed>0.000</speed><sat>16</sat></trkpt>
  <trkpt lat="14.99009093" lon="102.09455252"><ele>151.383</ele><time>2025-01-14T01:21:44Z</time><speed>0.319</speed><sat>17</sat></trkpt>
  <trkpt lat="14.99009698" lon="102.09454456"><ele>148.922</ele><time>2025-01-14T01:21:45Z</time><speed>0.000</speed><sat>18</sat></trkpt>
  <trkpt lat="14.99009698" lon="102.09454456"><ele>148.029</ele><time>2025-01-14T01:21:46Z</time><speed>0.000</speed><sat>18</sat></trkpt>
  <trkpt lat="14.99009698" lon="102.09454456"><ele>148.276</ele><time>2025-01-14T01:21:47Z</time><speed>0.000</speed><sat>18</sat></trkpt>
  <trkpt lat="14.99009698" lon="102.09454456"><ele>148.588</ele><time>2025-01-14T01:21:48Z</time><speed>0.000</speed><sat>19</sat></trkpt>
  <trkpt lat="14.99009698" lon="102.09454456"><ele>148.352</ele><time>2025-01-14T01:21:49Z</time><speed>0.000</speed><sat>19</sat></trkpt>
  <trkpt lat="14.99009698" lon="102.09454456"><ele>147.417</ele><time>2025-01-14T01:21:50Z</time><speed>0.000</speed><sat>17</sat></trkpt>
  <trkpt lat="14.99009698" lon="102.09454456"><ele>147.175</ele><time>2025-01-14T01:21:51Z</time><speed>0.000</speed><sat>17</sat></trkpt>
  <trkpt lat="14.99009698" lon="102.09454456"><ele>146.921</ele><time>2025-01-14T01:21:52Z</time><speed>0.000</speed><sat>18</sat></trkpt>
  <trkpt lat="14.99009698" lon="102.09454456"><ele>146.916</ele><time>2025-01-14T01:21:53Z</time><speed>0.000</speed><sat>15</sat></trkpt>
  <trkpt lat="14.99009698" lon="102.09454456"><ele>147.174</ele><time>2025-01-14T01:21:54Z</time><speed>0.000</speed><sat>15</sat></trkpt>
  <trkpt lat="14.99009698" lon="102.09454456"><ele>147.222</ele><time>2025-01-14T01:21:55Z</time><speed>0.000</speed><sat>14</sat></trkpt>
  <trkpt lat="14.99009698" lon="102.09454456"><ele>147.049</ele><time>2025-01-14T01:21:56Z</time><speed>0.000</speed><sat>15</sat></trkpt>
  <trkpt lat="14.99009698" lon="102.09454456"><ele>147.051</ele><time>2025-01-14T01:21:57Z</time><speed>0.000</speed><sat>15</sat></trkpt>
  <trkpt lat="14.99009698" lon="102.09454456"><ele>147.261</ele><time>2025-01-14T01:21:58Z</time><speed>0.000</speed><sat>15</sat></trkpt>
  <trkpt lat="14.99009698" lon="102.09454456"><ele>147.268</ele><time>2025-01-14T01:21:59Z</time><speed>0.000</speed><sat>15</sat></trkpt>
  <trkpt lat="14.99009698" lon="102.09454456"><ele>147.188</ele><time>2025-01-14T01:22:00Z</time><speed>0.000</speed><sat>15</sat></trkpt>
  <trkpt lat="14.99009698" lon="102.09454456"><ele>147.015</ele><time>2025-01-14T01:22:01Z</time><speed>0.000</speed><sat>15</sat></trkpt>
  <trkpt lat="14.99009698" lon="102.09454456"><ele>146.985</ele><time>2025-01-14T01:22:02Z</time><speed>0.000</speed><sat>11</sat></trkpt>
  <trkpt lat="14.99009698" lon="102.09454456"><ele>146.874</ele><time>2025-01-14T01:22:03Z</time><speed>0.000</speed><sat>13</sat></trkpt>
  <trkpt lat="14.99009698" lon="102.09454456"><ele>146.763</ele><time>2025-01-14T01:22:04Z</time><speed>0.000</speed><sat>14</sat></trkpt>
  <trkpt lat="14.99009698" lon="102.09454456"><ele>146.781</ele><time>2025-01-14T01:22:05Z</time><speed>0.000</speed><sat>12</sat></trkpt>
  <trkpt lat="14.99009698" lon="102.09454456"><ele>146.820</ele><time>2025-01-14T01:22:06Z</time><speed>0.000</speed><sat>14</sat></trkpt>
  <trkpt lat="14.99009698" lon="102.09454456"><ele>146.791</ele><time>2025-01-14T01:22:07Z</time><speed>0.000</speed><sat>15</sat></trkpt>
  <trkpt lat="14.99009698" lon="102.09454456"><ele>146.730</ele><time>2025-01-14T01:22:08Z</time><speed>0.000</speed><sat>14</sat></trkpt>
  <trkpt lat="14.99009698" lon="102.09454456"><ele>146.749</ele><time>2025-01-14T01:22:09Z</time><speed>0.000</speed><sat>16</sat></trkpt>
  <trkpt lat="14.99009698" lon="102.09454456"><ele>146.761</ele><time>2025-01-14T01:22:10Z</time><speed>0.000</speed><sat>15</sat></trkpt>
  <trkpt lat="14.99009698" lon="102.09454456"><ele>146.769</ele><time>2025-01-14T01:22:11Z</time><speed>0.000</speed><sat>13</sat></trkpt>
  <trkpt lat="14.99009698" lon="102.09454456"><ele>146.652</ele><time>2025-01-14T01:22:12Z</time><speed>0.000</speed><sat>14</sat></trkpt>
  <trkpt lat="14.99009698" lon="102.09454456"><ele>146.719</ele><time>2025-01-14T01:22:13Z</time><speed>0.000</speed><sat>14</sat></trkpt>
  <trkpt lat="14.99009698" lon="102.09454456"><ele>146.850</ele><time>2025-01-14T01:22:14Z</time><speed>0.000</speed><sat>14</sat></trkpt>
  <trkpt lat="14.99009698" lon="102.09454456"><ele>146.960</ele><time>2025-01-14T01:22:15Z</time><speed>0.000</speed><sat>14</sat></trkpt>
  <trkpt lat="14.99009698" lon="102.09454456"><ele>146.864</ele><time>2025-01-14T01:22:16Z</time><speed>0.000</speed><sat>13</sat></trkpt>
  <trkpt lat="14.99009698" lon="102.09454456"><ele>146.712</ele><time>2025-01-14T01:22:17Z</time><speed>0.000</speed><sat>13</sat></trkpt>
  <trkpt lat="14.99009698" lon="102.09454456"><ele>146.561</ele><time>2025-01-14T01:22:18Z</time><speed>0.000</speed><sat>12</sat></trkpt>
  <trkpt lat="14.99009698" lon="102.09454456"><ele>146.398</ele><time>2025-01-14T01:22:19Z</time><speed>0.000</speed><sat>12</sat></trkpt>
  <trkpt lat="14.99009698" lon="102.09454456"><ele>146.222</ele><time>2025-01-14T01:22:20Z</time><speed>0.000</speed><sat>12</sat></trkpt>
  <trkpt lat="14.99009698" lon="102.09454456"><ele>146.153</ele><time>2025-01-14T01:22:21Z</time><speed>0.000</speed><sat>12</sat></trkpt>
  <trkpt lat="14.99009698" lon="102.09454456"><ele>146.182</ele><time>2025-01-14T01:22:22Z</time><speed>0.000</speed><sat>11</sat></trkpt>
  <trkpt lat="14.99009698" lon="102.09454456"><ele>146.334</ele><time>2025-01-14T01:22:23Z</time><speed>0.000</speed><sat>11</sat></trkpt>
  <trkpt lat="14.99009698" lon="102.09454456"><ele>146.543</ele><time>2025-01-14T01:22:24Z</time><speed>0.000</speed><sat>12</sat></trkpt>
  <trkpt lat="14.99009698" lon="102.09454456"><ele>146.978</ele><time>2025-01-14T01:22:25Z</time><speed>0.000</speed><sat>12</sat></trkpt>
  <trkpt lat="14.99009698" lon="102.09454456"><ele>147.101</ele><time>2025-01-14T01:22:26Z</time><speed>0.000</speed><sat>12</sat></trkpt>
  <trkpt lat="14.99009698" lon="102.09454456"><ele>147.203</ele><time>2025-01-14T01:22:27Z</time><speed>0.000</speed><sat>11</sat></trkpt>
  <trkpt lat="14.99009698" lon="102.09454456"><ele>147.497</ele><time>2025-01-14T01:22:28Z</time><speed>0.000</speed><sat>11</sat></trkpt>
  <trkpt lat="14.99009698" lon="102.09454456"><ele>147.601</ele><time>2025-01-14T01:22:29Z</time><speed>0.000</speed><sat>11</sat></trkpt>
  <trkpt lat="14.99009698" lon="102.09454456"><ele>147.629</ele><time>2025-01-14T01:22:30Z</time><speed>0.000</speed><sat>11</sat></trkpt>
  <trkpt lat="14.99009698" lon="102.09454456"><ele>147.723</ele><time>2025-01-14T01:22:31Z</time><speed>0.000</speed><sat>11</sat></trkpt>
  <trkpt lat="14.99009698" lon="102.09454456"><ele>147.724</ele><time>2025-01-14T01:22:32Z</time><speed>0.000</speed><sat>12</sat></trkpt>
  <trkpt lat="14.99009698" lon="102.09454456"><ele>147.872</ele><time>2025-01-14T01:22:33Z</time><speed>0.000</speed><sat>10</sat></trkpt>
  <trkpt lat="14.99009698" lon="102.09454456"><ele>147.872</ele><time>2025-01-14T01:22:34Z</time><speed>0.000</speed><sat>12</sat></trkpt>
  <trkpt lat="14.99009698" lon="102.09454456"><ele>147.993</ele><time>2025-01-14T01:22:35Z</time><speed>0.000</speed><sat>13</sat></trkpt>
  <trkpt lat="14.99009698" lon="102.09454456"><ele>148.110</ele><time>2025-01-14T01:22:36Z</time><speed>0.000</speed><sat>13</sat></trkpt>
  <trkpt lat="14.99009698" lon="102.09454456"><ele>148.195</ele><time>2025-01-14T01:22:37Z</time><speed>0.000</speed><sat>12</sat></trkpt>
  <trkpt lat="14.99009698" lon="102.09454456"><ele>148.277</ele><time>2025-01-14T01:22:38Z</time><speed>0.000</speed><sat>13</sat></trkpt>
  <trkpt lat="14.99009698" lon="102.09454456"><ele>148.389</ele><time>2025-01-14T01:22:39Z</time><speed>0.000</speed><sat>13</sat></trkpt>
  <trkpt lat="14.99009698" lon="102.09454456"><ele>148.481</ele><time>2025-01-14T01:22:40Z</time><speed>0.000</speed><sat>12</sat></trkpt>
  <trkpt lat="14.99009698" lon="102.09454456"><ele>148.593</ele><time>2025-01-14T01:22:41Z</time><speed>0.000</speed><sat>12</sat></trkpt>
  <trkpt lat="14.99009698" lon="102.09454456"><ele>148.668</ele><time>2025-01-14T01:22:42Z</time><speed>0.000</speed><sat>12</sat></trkpt>
  <trkpt lat="14.99009698" lon="102.09454456"><ele>148.728</ele><time>2025-01-14T01:22:43Z</time><speed>0.000</speed><sat>12</sat></trkpt>
  <trkpt lat="14.99009698" lon="102.09454456"><ele>148.807</ele><time>2025-01-14T01:22:44Z</time><speed>0.000</speed><sat>12</sat></trkpt>
  <trkpt lat="14.99009698" lon="102.09454456"><ele>148.904</ele><time>2025-01-14T01:22:45Z</time><speed>0.000</speed><sat>13</sat></trkpt>
  <trkpt lat="14.99009698" lon="102.09454456"><ele>148.990</ele><time>2025-01-14T01:22:46Z</time><speed>0.000</speed><sat>13</sat></trkpt>
  <trkpt lat="14.99009698" lon="102.09454456"><ele>149.088</ele><time>2025-01-14T01:22:47Z</time><speed>0.000</speed><sat>13</sat></trkpt>
  <trkpt lat="14.99009698" lon="102.09454456"><ele>149.175</ele><time>2025-01-14T01:22:48Z</time><speed>0.000</speed><sat>13</sat></trkpt>
  <trkpt lat="14.99009698" lon="102.09454456"><ele>149.283</ele><time>2025-01-14T01:22:49Z</time><speed>0.000</speed><sat>13</sat></trkpt>
  <trkpt lat="14.99009698" lon="102.09454456"><ele>149.386</ele><time>2025-01-14T01:22:50Z</time><speed>0.000</speed><sat>13</sat></trkpt>
  <trkpt lat="14.99009698" lon="102.09454456"><ele>149.410</ele><time>2025-01-14T01:22:51Z</time><speed>0.000</speed><sat>12</sat></trkpt>
  <trkpt lat="14.99007417" lon="102.09457258"><ele>149.473</ele><time>2025-01-14T01:22:52Z</time><speed>0.700</speed><sat>13</sat></trkpt>
  <trkpt lat="14.99006636" lon="102.09457858"><ele>149.718</ele><time>2025-01-14T01:22:53Z</time><speed>1.413</speed><sat>12</sat></trkpt>
  <trkpt lat="14.99005576" lon="102.09458730"><ele>149.780</ele><time>2025-01-14T01:22:54Z</time><speed>1.698</speed><sat>11</sat></trkpt>
  <trkpt lat="14.99004411" lon="102.09460071"><ele>149.883</ele><time>2025-01-14T01:22:55Z</time><speed>1.606</speed><sat>12</sat></trkpt>
  <trkpt lat="14.99003881" lon="102.09460962"><ele>150.318</ele><time>2025-01-14T01:22:56Z</time><speed>1.149</speed><sat>12</sat></trkpt>
  <trkpt lat="14.99003845" lon="102.09461320"><ele>151.174</ele><time>2025-01-14T01:22:57Z</time><speed>0.909</speed><sat>12</sat></trkpt>
  <trkpt lat="14.99003952" lon="102.09461468"><ele>151.699</ele><time>2025-01-14T01:22:58Z</time><speed>0.932</speed><sat>12</sat></trkpt>
  <trkpt lat="14.99003215" lon="102.09462383"><ele>151.663</ele><time>2025-01-14T01:22:59Z</time><speed>1.073</speed><sat>12</sat></trkpt>
  <trkpt lat="14.99002489" lon="102.09463322"><ele>151.753</ele><time>2025-01-14T01:23:00Z</time><speed>0.941</speed><sat>12</sat></trkpt>
  <trkpt lat="14.99002151" lon="102.09463265"><ele>152.774</ele><time>2025-01-14T01:23:01Z</time><speed>0.885</speed><sat>13</sat></trkpt>
  <trkpt lat="14.99001503" lon="102.09463474"><ele>153.143</ele><time>2025-01-14T01:23:02Z</time><speed>0.835</speed><sat>12</sat></trkpt>
  <trkpt lat="14.99000914" lon="102.09463859"><ele>153.413</ele><time>2025-01-14T01:23:03Z</time><speed>0.776</speed><sat>11</sat></trkpt>
  <trkpt lat="14.99000399" lon="102.09464046"><ele>154.026</ele><time>2025-01-14T01:23:04Z</time><speed>1.176</speed><sat>12</sat></trkpt>
  <trkpt lat="14.98999608" lon="102.09464743"><ele>154.536</ele><time>2025-01-14T01:23:05Z</time><speed>1.435</speed><sat>12</sat></trkpt>
  <trkpt lat="14.98998964" lon="102.09465477"><ele>154.539</ele><time>2025-01-14T01:23:06Z</time><speed>1.656</speed><sat>12</sat></trkpt>
  <trkpt lat="14.98997806" lon="102.09466354"><ele>154.598</ele><time>2025-01-14T01:23:07Z</time><speed>1.863</speed><sat>12</sat></trkpt>
  <trkpt lat="14.98996661" lon="102.09466875"><ele>154.320</ele><time>2025-01-14T01:23:08Z</time><speed>1.594</speed><sat>12</sat></trkpt>
  <trkpt lat="14.98996224" lon="102.09467212"><ele>154.436</ele><time>2025-01-14T01:23:09Z</time><speed>1.152</speed><sat>12</sat></trkpt>
  <trkpt lat="14.98996520" lon="102.09466987"><ele>154.694</ele><time>2025-01-14T01:23:10Z</time><speed>0.000</speed><sat>10</sat></trkpt>
  <trkpt lat="14.98996520" lon="102.09466987"><ele>155.035</ele><time>2025-01-14T01:23:11Z</time><speed>0.000</speed><sat>10</sat></trkpt>
  <trkpt lat="14.98996520" lon="102.09466987"><ele>155.857</ele><time>2025-01-14T01:23:12Z</time><speed>0.000</speed><sat>9</sat></trkpt>
  <trkpt lat="14.98996520" lon="102.09466987"><ele>156.072</ele><time>2025-01-14T01:23:13Z</time><speed>0.000</speed><sat>10</sat></trkpt>
  <trkpt lat="14.98996520" lon="102.09466987"><ele>155.625</ele><time>2025-01-14T01:23:14Z</time><speed>0.000</speed><sat>10</sat></trkpt>
  <trkpt lat="14.98996520" lon="102.09466987"><ele>153.787</ele><time>2025-01-14T01:23:15Z</time><speed>0.000</speed><sat>8</sat></trkpt>
  <trkpt lat="14.98996520" lon="102.09466987"><ele>153.096</ele><time>2025-01-14T01:23:16Z</time><speed>0.000</speed><sat>9</sat></trkpt>
  <trkpt lat="14.98996520" lon="102.09466987"><ele>153.424</ele><time>2025-01-14T01:23:17Z</time><speed>0.000</speed><sat>10</sat></trkpt>
  <trkpt lat="14.99001990" lon="102.09464277"><ele>154.009</ele><time>2025-01-14T01:23:18Z</time><speed>0.631</speed><sat>11</sat></trkpt>
  <trkpt lat="14.99002495" lon="102.09464245"><ele>153.065</ele><time>2025-01-14T01:23:19Z</time><speed>1.227</speed><sat>10</sat></trkpt>
  <trkpt lat="14.99000537" lon="102.09464953"><ele>153.853</ele><time>2025-01-14T01:23:20Z</time><speed>1.294</speed><sat>11</sat></trkpt>
  <trkpt lat="14.99000736" lon="102.09464789"><ele>153.898</ele><time>2025-01-14T01:23:21Z</time><speed>1.231</speed><sat>10</sat></trkpt>
  <trkpt lat="14.99000868" lon="102.09464833"><ele>152.901</ele><time>2025-01-14T01:23:22Z</time><speed>1.075</speed><sat>10</sat></trkpt>
  <trkpt lat="14.99001138" lon="102.09465337"><ele>151.121</ele><time>2025-01-14T01:23:23Z</time><speed>0.996</speed><sat>10</sat></trkpt>
  <trkpt lat="14.99002006" lon="102.09465635"><ele>150.287</ele><time>2025-01-14T01:23:24Z</time><speed>0.843</speed><sat>9</sat></trkpt>
  <trkpt lat="14.99002459" lon="102.09465874"><ele>149.899</ele><time>2025-01-14T01:23:25Z</time><speed>0.739</speed><sat>10</sat></trkpt>
  <trkpt lat="14.99002584" lon="102.09465913"><ele>150.392</ele><time>2025-01-14T01:23:26Z</time><speed>0.545</speed><sat>9</sat></trkpt>
  <trkpt lat="14.99002352" lon="102.09466009"><ele>150.123</ele><time>2025-01-14T01:23:27Z</time><speed>0.487</speed><sat>10</sat></trkpt>
  <trkpt lat="14.99001802" lon="102.09465973"><ele>150.447</ele><time>2025-01-14T01:23:28Z</time><speed>0.000</speed><sat>9</sat></trkpt>
  <trkpt lat="14.99001802" lon="102.09465973"><ele>149.989</ele><time>2025-01-14T01:23:29Z</time><speed>0.000</speed><sat>10</sat></trkpt>
  <trkpt lat="14.99001802" lon="102.09465973"><ele>149.656</ele><time>2025-01-14T01:23:30Z</time><speed>0.000</speed><sat>10</sat></trkpt>
  <trkpt lat="14.99001802" lon="102.09465973"><ele>150.223</ele><time>2025-01-14T01:23:31Z</time><speed>0.000</speed><sat>12</sat></trkpt>
  <trkpt lat="14.99001802" lon="102.09465973"><ele>150.763</ele><time>2025-01-14T01:23:32Z</time><speed>0.000</speed><sat>12</sat></trkpt>
  <trkpt lat="14.99001802" lon="102.09465973"><ele>151.580</ele><time>2025-01-14T01:23:33Z</time><speed>0.000</speed><sat>12</sat></trkpt>
  <trkpt lat="14.99001802" lon="102.09465973"><ele>151.856</ele><time>2025-01-14T01:23:34Z</time><speed>0.000</speed><sat>10</sat></trkpt>
  <trkpt lat="14.99001802" lon="102.09465973"><ele>151.919</ele><time>2025-01-14T01:23:35Z</time><speed>0.000</speed><sat>12</sat></trkpt>
  <trkpt lat="14.99001802" lon="102.09465973"><ele>151.920</ele><time>2025-01-14T01:23:36Z</time><speed>0.000</speed><sat>13</sat></trkpt>
  <trkpt lat="14.99001802" lon="102.09465973"><ele>151.840</ele><time>2025-01-14T01:23:37Z</time><speed>0.000</speed><sat>13</sat></trkpt>
  <trkpt lat="14.99001802" lon="102.09465973"><ele>152.048</ele><time>2025-01-14T01:23:38Z</time><speed>0.000</speed><sat>13</sat></trkpt>
  <trkpt lat="14.99001802" lon="102.09465973"><ele>152.032</ele><time>2025-01-14T01:23:39Z</time><speed>0.000</speed><sat>11</sat></trkpt>
  <trkpt lat="14.99001802" lon="102.09465973"><ele>152.328</ele><time>2025-01-14T01:23:40Z</time><speed>0.000</speed><sat>10</sat></trkpt>
  <trkpt lat="14.99001802" lon="102.09465973"><ele>152.459</ele><time>2025-01-14T01:23:41Z</time><speed>0.000</speed><sat>11</sat></trkpt>
  <trkpt lat="14.99001802" lon="102.09465973"><ele>152.376</ele><time>2025-01-14T01:23:42Z</time><speed>0.000</speed><sat>11</sat></trkpt>
  <trkpt lat="14.99001802" lon="102.09465973"><ele>152.457</ele><time>2025-01-14T01:23:43Z</time><speed>0.000</speed><sat>14</sat></trkpt>
  <trkpt lat="14.99001802" lon="102.09465973"><ele>152.716</ele><time>2025-01-14T01:23:44Z</time><speed>0.000</speed><sat>12</sat></trkpt>
  <trkpt lat="14.99001802" lon="102.09465973"><ele>152.459</ele><time>2025-01-14T01:23:45Z</time><speed>0.000</speed><sat>12</sat></trkpt>
  <trkpt lat="14.99001802" lon="102.09465973"><ele>152.542</ele><time>2025-01-14T01:23:46Z</time><speed>0.000</speed><sat>12</sat></trkpt>
  <trkpt lat="14.99001802" lon="102.09465973"><ele>152.653</ele><time>2025-01-14T01:23:47Z</time><speed>0.000</speed><sat>12</sat></trkpt>
  <trkpt lat="14.99001802" lon="102.09465973"><ele>152.341</ele><time>2025-01-14T01:23:48Z</time><speed>0.000</speed><sat>12</sat></trkpt>
  <trkpt lat="14.99001802" lon="102.09465973"><ele>152.519</ele><time>2025-01-14T01:23:49Z</time><speed>0.000</speed><sat>12</sat></trkpt>
  <trkpt lat="14.99001802" lon="102.09465973"><ele>152.831</ele><time>2025-01-14T01:23:50Z</time><speed>0.000</speed><sat>12</sat></trkpt>
  <trkpt lat="14.99001802" lon="102.09465973"><ele>152.595</ele><time>2025-01-14T01:23:51Z</time><speed>0.000</speed><sat>13</sat></trkpt>
  <trkpt lat="14.99001802" lon="102.09465973"><ele>152.811</ele><time>2025-01-14T01:23:52Z</time><speed>0.000</speed><sat>12</sat></trkpt>
  <trkpt lat="14.99001802" lon="102.09465973"><ele>152.934</ele><time>2025-01-14T01:23:53Z</time><speed>0.000</speed><sat>12</sat></trkpt>
  <trkpt lat="14.99001802" lon="102.09465973"><ele>152.997</ele><time>2025-01-14T01:23:54Z</time><speed>0.000</speed><sat>12</sat></trkpt>
  <trkpt lat="14.99001802" lon="102.09465973"><ele>153.110</ele><time>2025-01-14T01:23:55Z</time><speed>0.000</speed><sat>11</sat></trkpt>
  <trkpt lat="14.99001802" lon="102.09465973"><ele>153.313</ele><time>2025-01-14T01:23:56Z</time><speed>0.000</speed><sat>12</sat></trkpt>
  <trkpt lat="14.99001802" lon="102.09465973"><ele>153.367</ele><time>2025-01-14T01:23:57Z</time><speed>0.000</speed><sat>11</sat></trkpt>
  <trkpt lat="14.99001802" lon="102.09465973"><ele>153.585</ele><time>2025-01-14T01:23:58Z</time><speed>0.000</speed><sat>12</sat></trkpt>
  <trkpt lat="14.99001802" lon="102.09465973"><ele>153.885</ele><time>2025-01-14T01:23:59Z</time><speed>0.000</speed><sat>11</sat></trkpt>
  <trkpt lat="14.99001802" lon="102.09465973"><ele>154.152</ele><time>2025-01-14T01:24:00Z</time><speed>0.000</speed><sat>11</sat></trkpt>
  <trkpt lat="14.99001802" lon="102.09465973"><ele>154.442</ele><time>2025-01-14T01:24:01Z</time><speed>0.000</speed><sat>11</sat></trkpt>
  <trkpt lat="14.99001802" lon="102.09465973"><ele>154.758</ele><time>2025-01-14T01:24:02Z</time><speed>0.000</speed><sat>12</sat></trkpt>
  <trkpt lat="14.99001802" lon="102.09465973"><ele>155.013</ele><time>2025-01-14T01:24:03Z</time><speed>0.000</speed><sat>13</sat></trkpt>
  <trkpt lat="14.99001802" lon="102.09465973"><ele>154.892</ele><time>2025-01-14T01:24:04Z</time><speed>0.000</speed><sat>12</sat></trkpt>
  <trkpt lat="14.99001802" lon="102.09465973"><ele>154.803</ele><time>2025-01-14T01:24:05Z</time><speed>0.000</speed><sat>12</sat></trkpt>
  <trkpt lat="14.99001802" lon="102.09465973"><ele>155.091</ele><time>2025-01-14T01:24:06Z</time><speed>0.000</speed><sat>14</sat></trkpt>
  <trkpt lat="14.99001802" lon="102.09465973"><ele>154.849</ele><time>2025-01-14T01:24:07Z</time><speed>0.000</speed><sat>12</sat></trkpt>
  <trkpt lat="14.99001802" lon="102.09465973"><ele>154.621</ele><time>2025-01-14T01:24:08Z</time><speed>0.000</speed><sat>13</sat></trkpt>
  <trkpt lat="14.99001802" lon="102.09465973"><ele>153.920</ele><time>2025-01-14T01:24:09Z</time><speed>0.000</speed><sat>13</sat></trkpt>
  <trkpt lat="14.99001802" lon="102.09465973"><ele>153.019</ele><time>2025-01-14T01:24:10Z</time><speed>0.000</speed><sat>15</sat></trkpt>
  <trkpt lat="14.99001918" lon="102.09460603"><ele>151.886</ele><time>2025-01-14T01:24:11Z</time><speed>0.000</speed><sat>15</sat></trkpt>
  <trkpt lat="14.99001918" lon="102.09460603"><ele>151.604</ele><time>2025-01-14T01:24:12Z</time><speed>0.000</speed><sat>16</sat></trkpt>
  <trkpt lat="14.99001918" lon="102.09460603"><ele>151.266</ele><time>2025-01-14T01:24:13Z</time><speed>0.000</speed><sat>18</sat></trkpt>
  <trkpt lat="14.99001918" lon="102.09460603"><ele>151.187</ele><time>2025-01-14T01:24:14Z</time><speed>0.000</speed><sat>18</sat></trkpt>
  <trkpt lat="14.99001918" lon="102.09460603"><ele>150.854</ele><time>2025-01-14T01:24:15Z</time><speed>0.000</speed><sat>17</sat></trkpt>
  <trkpt lat="14.99001918" lon="102.09460603"><ele>150.846</ele><time>2025-01-14T01:24:16Z</time><speed>0.000</speed><sat>17</sat></trkpt>
  <trkpt lat="14.99001918" lon="102.09460603"><ele>150.786</ele><time>2025-01-14T01:24:17Z</time><speed>0.000</speed><sat>14</sat></trkpt>
  <trkpt lat="14.99001918" lon="102.09460603"><ele>150.892</ele><time>2025-01-14T01:24:18Z</time><speed>0.000</speed><sat>15</sat></trkpt>
  <trkpt lat="14.99001918" lon="102.09460603"><ele>150.761</ele><time>2025-01-14T01:24:19Z</time><speed>0.000</speed><sat>14</sat></trkpt>
  <trkpt lat="14.99001918" lon="102.09460603"><ele>150.736</ele><time>2025-01-14T01:24:20Z</time><speed>0.000</speed><sat>15</sat></trkpt>
  <trkpt lat="14.99001918" lon="102.09460603"><ele>150.658</ele><time>2025-01-14T01:24:21Z</time><speed>0.000</speed><sat>14</sat></trkpt>
  <trkpt lat="14.99001918" lon="102.09460603"><ele>150.439</ele><time>2025-01-14T01:24:22Z</time><speed>0.000</speed><sat>16</sat></trkpt>
  <trkpt lat="14.99001918" lon="102.09460603"><ele>150.569</ele><time>2025-01-14T01:24:23Z</time><speed>0.000</speed><sat>15</sat></trkpt>
  <trkpt lat="14.99001918" lon="102.09460603"><ele>150.494</ele><time>2025-01-14T01:24:24Z</time><speed>0.000</speed><sat>14</sat></trkpt>
  <trkpt lat="14.99001918" lon="102.09460603"><ele>150.155</ele><time>2025-01-14T01:24:25Z</time><speed>0.000</speed><sat>14</sat></trkpt>
  <trkpt lat="14.99001918" lon="102.09460603"><ele>150.112</ele><time>2025-01-14T01:24:26Z</time><speed>0.000</speed><sat>13</sat></trkpt>
  <trkpt lat="14.99001918" lon="102.09460603"><ele>149.883</ele><time>2025-01-14T01:24:27Z</time><speed>0.000</speed><sat>12</sat></trkpt>
  <trkpt lat="14.99001918" lon="102.09460603"><ele>149.813</ele><time>2025-01-14T01:24:28Z</time><speed>0.000</speed><sat>12</sat></trkpt>
  <trkpt lat="14.99001918" lon="102.09460603"><ele>149.970</ele><time>2025-01-14T01:24:29Z</time><speed>0.000</speed><sat>13</sat></trkpt>
  <trkpt lat="14.99001918" lon="102.09460603"><ele>150.031</ele><time>2025-01-14T01:24:30Z</time><speed>0.000</speed><sat>13</sat></trkpt>
  <trkpt lat="14.99001918" lon="102.09460603"><ele>150.144</ele><time>2025-01-14T01:24:31Z</time><speed>0.000</speed><sat>15</sat></trkpt>
  <trkpt lat="14.99001918" lon="102.09460603"><ele>150.447</ele><time>2025-01-14T01:24:32Z</time><speed>0.000</speed><sat>15</sat></trkpt>
  <trkpt lat="14.99001918" lon="102.09460603"><ele>150.519</ele><time>2025-01-14T01:24:33Z</time><speed>0.000</speed><sat>14</sat></trkpt>
  <trkpt lat="14.99001918" lon="102.09460603"><ele>150.315</ele><time>2025-01-14T01:24:34Z</time><speed>0.000</speed><sat>13</sat></trkpt>
  <trkpt lat="14.99001918" lon="102.09460603"><ele>150.149</ele><time>2025-01-14T01:24:35Z</time><speed>0.000</speed><sat>13</sat></trkpt>
  <trkpt lat="14.99001918" lon="102.09460603"><ele>149.782</ele><time>2025-01-14T01:24:36Z</time><speed>0.000</speed><sat>12</sat></trkpt>
  <trkpt lat="14.99001918" lon="102.09460603"><ele>149.629</ele><time>2025-01-14T01:24:37Z</time><speed>0.000</speed><sat>13</sat></trkpt>
  <trkpt lat="14.99001918" lon="102.09460603"><ele>149.424</ele><time>2025-01-14T01:24:38Z</time><speed>0.000</speed><sat>14</sat></trkpt>
  <trkpt lat="14.99001918" lon="102.09460603"><ele>149.364</ele><time>2025-01-14T01:24:39Z</time><speed>0.000</speed><sat>15</sat></trkpt>
  <trkpt lat="14.99001918" lon="102.09460603"><ele>149.224</ele><time>2025-01-14T01:24:40Z</time><speed>0.000</speed><sat>15</sat></trkpt>
  <trkpt lat="14.99001918" lon="102.09460603"><ele>149.143</ele><time>2025-01-14T01:24:41Z</time><speed>0.000</speed><sat>15</sat></trkpt>
  <trkpt lat="14.99001918" lon="102.09460603"><ele>149.004</ele><time>2025-01-14T01:24:42Z</time><speed>0.000</speed><sat>14</sat></trkpt>
  <trkpt lat="14.99001918" lon="102.09460603"><ele>148.760</ele><time>2025-01-14T01:24:43Z</time><speed>0.000</speed><sat>14</sat></trkpt>
  <trkpt lat="14.99001918" lon="102.09460603"><ele>148.643</ele><time>2025-01-14T01:24:44Z</time><speed>0.000</speed><sat>14</sat></trkpt>
  <trkpt lat="14.99001918" lon="102.09460603"><ele>148.369</ele><time>2025-01-14T01:24:45Z</time><speed>0.000</speed><sat>15</sat></trkpt>
  <trkpt lat="14.99001918" lon="102.09460603"><ele>148.253</ele><time>2025-01-14T01:24:46Z</time><speed>0.000</speed><sat>17</sat></trkpt>
  <trkpt lat="14.99001918" lon="102.09460603"><ele>148.124</ele><time>2025-01-14T01:24:47Z</time><speed>0.000</speed><sat>15</sat></trkpt>
  <trkpt lat="14.99001918" lon="102.09460603"><ele>147.915</ele><time>2025-01-14T01:24:48Z</time><speed>0.000</speed><sat>15</sat></trkpt>
  <trkpt lat="14.99001918" lon="102.09460603"><ele>147.756</ele><time>2025-01-14T01:24:49Z</time><speed>0.000</speed><sat>15</sat></trkpt>
  <trkpt lat="14.99001720" lon="102.09455832"><ele>147.468</ele><time>2025-01-14T01:24:50Z</time><speed>0.000</speed><sat>15</sat></trkpt>
  <trkpt lat="14.99001720" lon="102.09455832"><ele>147.333</ele><time>2025-01-14T01:24:51Z</time><speed>0.000</speed><sat>15</sat></trkpt>
  <trkpt lat="14.99001720" lon="102.09455832"><ele>147.135</ele><time>2025-01-14T01:24:52Z</time><speed>0.000</speed><sat>14</sat></trkpt>
  <trkpt lat="14.99001720" lon="102.09455832"><ele>146.754</ele><time>2025-01-14T01:24:53Z</time><speed>0.000</speed><sat>13</sat></trkpt>
  <trkpt lat="14.99001720" lon="102.09455832"><ele>146.594</ele><time>2025-01-14T01:24:54Z</time><speed>0.000</speed><sat>13</sat></trkpt>
  <trkpt lat="14.99001720" lon="102.09455832"><ele>146.526</ele><time>2025-01-14T01:24:55Z</time><speed>0.000</speed><sat>15</sat></trkpt>
  <trkpt lat="14.99001720" lon="102.09455832"><ele>146.470</ele><time>2025-01-14T01:24:56Z</time><speed>0.000</speed><sat>16</sat></trkpt>
  <trkpt lat="14.99001720" lon="102.09455832"><ele>146.440</ele><time>2025-01-14T01:24:57Z</time><speed>0.000</speed><sat>17</sat></trkpt>
  <trkpt lat="14.99001720" lon="102.09455832"><ele>146.470</ele><time>2025-01-14T01:24:58Z</time><speed>0.000</speed><sat>17</sat></trkpt>
  <trkpt lat="14.99001720" lon="102.09455832"><ele>146.443</ele><time>2025-01-14T01:24:59Z</time><speed>0.000</speed><sat>17</sat></trkpt>
  <trkpt lat="14.99001720" lon="102.09455832"><ele>146.567</ele><time>2025-01-14T01:25:00Z</time><speed>0.000</speed><sat>18</sat></trkpt>
  <trkpt lat="14.99001720" lon="102.09455832"><ele>146.571</ele><time>2025-01-14T01:25:01Z</time><speed>0.000</speed><sat>17</sat></trkpt>
  <trkpt lat="14.99001720" lon="102.09455832"><ele>146.699</ele><time>2025-01-14T01:25:02Z</time><speed>0.000</speed><sat>17</sat></trkpt>
  <trkpt lat="14.99001720" lon="102.09455832"><ele>146.926</ele><time>2025-01-14T01:25:03Z</time><speed>0.000</speed><sat>17</sat></trkpt>
  <trkpt lat="14.99001720" lon="102.09455832"><ele>146.833</ele><time>2025-01-14T01:25:04Z</time><speed>0.000</speed><sat>16</sat></trkpt>
  <trkpt lat="14.99001720" lon="102.09455832"><ele>146.761</ele><time>2025-01-14T01:25:05Z</time><speed>0.000</speed><sat>15</sat></trkpt>
  <trkpt lat="14.99001720" lon="102.09455832"><ele>146.635</ele><time>2025-01-14T01:25:06Z</time><speed>0.000</speed><sat>15</sat></trkpt>
  <trkpt lat="14.99001720" lon="102.09455832"><ele>146.492</ele><time>2025-01-14T01:25:07Z</time><speed>0.000</speed><sat>16</sat></trkpt>
  <trkpt lat="14.99001720" lon="102.09455832"><ele>146.347</ele><time>2025-01-14T01:25:08Z</time><speed>0.000</speed><sat>17</sat></trkpt>
  <trkpt lat="14.99001720" lon="102.09455832"><ele>146.408</ele><time>2025-01-14T01:25:09Z</time><speed>0.000</speed><sat>16</sat></trkpt>
  <trkpt lat="14.99001720" lon="102.09455832"><ele>146.605</ele><time>2025-01-14T01:25:10Z</time><speed>0.000</speed><sat>15</sat></trkpt>
  <trkpt lat="14.99001720" lon="102.09455832"><ele>146.590</ele><time>2025-01-14T01:25:11Z</time><speed>0.000</speed><sat>17</sat></trkpt>
  <trkpt lat="14.99001720" lon="102.09455832"><ele>146.588</ele><time>2025-01-14T01:25:12Z</time><speed>0.000</speed><sat>17</sat></trkpt>
  <trkpt lat="14.99001720" lon="102.09455832"><ele>146.625</ele><time>2025-01-14T01:25:13Z</time><speed>0.000</speed><sat>18</sat></trkpt>
  <trkpt lat="14.99001720" lon="102.09455832"><ele>146.706</ele><time>2025-01-14T01:25:14Z</time><speed>0.000</speed><sat>17</sat></trkpt>
  <trkpt lat="14.99001720" lon="102.09455832"><ele>146.719</ele><time>2025-01-14T01:25:15Z</time><speed>0.000</speed><sat>20</sat></trkpt>
  <trkpt lat="14.99001720" lon="102.09455832"><ele>146.735</ele><time>2025-01-14T01:25:16Z</time><speed>0.000</speed><sat>21</sat></trkpt>
  <trkpt lat="14.99001720" lon="102.09455832"><ele>146.764</ele><time>2025-01-14T01:25:17Z</time><speed>0.000</speed><sat>19</sat></trkpt>
  <trkpt lat="14.99002799" lon="102.09455676"><ele>146.550</ele><time>2025-01-14T01:25:18Z</time><speed>0.381</speed><sat>22</sat></trkpt>
  <trkpt lat="14.99002759" lon="102.09455700"><ele>146.628</ele><time>2025-01-14T01:25:19Z</time><speed>0.000</speed><sat>20</sat></trkpt>
  <trkpt lat="14.99002759" lon="102.09455700"><ele>146.670</ele><time>2025-01-14T01:25:20Z</time><speed>0.000</speed><sat>18</sat></trkpt>
  <trkpt lat="14.99002759" lon="102.09455700"><ele>146.771</ele><time>2025-01-14T01:25:21Z</time><speed>0.000</speed><sat>17</sat></trkpt>
  <trkpt lat="14.99002759" lon="102.09455700"><ele>146.871</ele><time>2025-01-14T01:25:22Z</time><speed>0.000</speed><sat>16</sat></trkpt>
  <trkpt lat="14.99002759" lon="102.09455700"><ele>146.881</ele><time>2025-01-14T01:25:23Z</time><speed>0.000</speed><sat>13</sat></trkpt>
  <trkpt lat="14.99002759" lon="102.09455700"><ele>146.863</ele><time>2025-01-14T01:25:24Z</time><speed>0.000</speed><sat>13</sat></trkpt>
  <trkpt lat="14.99002759" lon="102.09455700"><ele>146.823</ele><time>2025-01-14T01:25:25Z</time><speed>0.000</speed><sat>16</sat></trkpt>
  <trkpt lat="14.99002759" lon="102.09455700"><ele>146.809</ele><time>2025-01-14T01:25:26Z</time><speed>0.000</speed><sat>16</sat></trkpt>
  <trkpt lat="14.99002759" lon="102.09455700"><ele>147.290</ele><time>2025-01-14T01:25:27Z</time><speed>0.000</speed><sat>18</sat></trkpt>
  <trkpt lat="14.99002759" lon="102.09455700"><ele>147.311</ele><time>2025-01-14T01:25:28Z</time><speed>0.000</speed><sat>14</sat></trkpt>
  <trkpt lat="14.99002759" lon="102.09455700"><ele>147.216</ele><time>2025-01-14T01:25:29Z</time><speed>0.000</speed><sat>13</sat></trkpt>
  <trkpt lat="14.99002759" lon="102.09455700"><ele>147.361</ele><time>2025-01-14T01:25:30Z</time><speed>0.000</speed><sat>12</sat></trkpt>
  <trkpt lat="14.99002759" lon="102.09455700"><ele>147.300</ele><time>2025-01-14T01:25:31Z</time><speed>0.000</speed><sat>12</sat></trkpt>
  <trkpt lat="14.99002759" lon="102.09455700"><ele>147.442</ele><time>2025-01-14T01:25:32Z</time><speed>0.000</speed><sat>11</sat></trkpt>
  <trkpt lat="14.99002759" lon="102.09455700"><ele>147.249</ele><time>2025-01-14T01:25:33Z</time><speed>0.000</speed><sat>11</sat></trkpt>
  <trkpt lat="14.99002759" lon="102.09455700"><ele>147.000</ele><time>2025-01-14T01:25:34Z</time><speed>0.000</speed><sat>10</sat></trkpt>
  <trkpt lat="14.99002759" lon="102.09455700"><ele>146.935</ele><time>2025-01-14T01:25:35Z</time><speed>0.000</speed><sat>10</sat></trkpt>
  <trkpt lat="14.99002759" lon="102.09455700"><ele>146.886</ele><time>2025-01-14T01:25:36Z</time><speed>0.000</speed><sat>9</sat></trkpt>
  <trkpt lat="14.99002759" lon="102.09455700"><ele>146.810</ele><time>2025-01-14T01:25:37Z</time><speed>0.000</speed><sat>8</sat></trkpt>
  <trkpt lat="14.99002759" lon="102.09455700"><ele>146.801</ele><time>2025-01-14T01:25:38Z</time><speed>0.000</speed><sat>8</sat></trkpt>
  <trkpt lat="14.99002759" lon="102.09455700"><ele>146.722</ele><time>2025-01-14T01:25:39Z</time><speed>0.000</speed><sat>8</sat></trkpt>
  <trkpt lat="14.99002759" lon="102.09455700"><ele>146.371</ele><time>2025-01-14T01:25:40Z</time><speed>0.000</speed><sat>9</sat></trkpt>
  <trkpt lat="14.99002759" lon="102.09455700"><ele>146.328</ele><time>2025-01-14T01:25:41Z</time><speed>0.000</speed><sat>10</sat></trkpt>
  <trkpt lat="14.99002759" lon="102.09455700"><ele>146.509</ele><time>2025-01-14T01:25:42Z</time><speed>0.000</speed><sat>9</sat></trkpt>
  <trkpt lat="14.99002759" lon="102.09455700"><ele>146.508</ele><time>2025-01-14T01:25:43Z</time><speed>0.000</speed><sat>11</sat></trkpt>
  <trkpt lat="14.99002759" lon="102.09455700"><ele>146.501</ele><time>2025-01-14T01:25:44Z</time><speed>0.000</speed><sat>11</sat></trkpt>
  <trkpt lat="14.99002759" lon="102.09455700"><ele>146.528</ele><time>2025-01-14T01:25:45Z</time><speed>0.000</speed><sat>11</sat></trkpt>
  <trkpt lat="14.99002759" lon="102.09455700"><ele>146.531</ele><time>2025-01-14T01:25:46Z</time><speed>0.000</speed><sat>11</sat></trkpt>
  <trkpt lat="14.99002759" lon="102.09455700"><ele>146.368</ele><time>2025-01-14T01:25:47Z</time><speed>0.000</speed><sat>9</sat></trkpt>
  <trkpt lat="14.99002759" lon="102.09455700"><ele>145.741</ele><time>2025-01-14T01:25:48Z</time><speed>0.000</speed><sat>10</sat></trkpt>
  <trkpt lat="14.99002759" lon="102.09455700"><ele>145.488</ele><time>2025-01-14T01:25:49Z</time><speed>0.000</speed><sat>9</sat></trkpt>
  <trkpt lat="14.99002759" lon="102.09455700"><ele>145.030</ele><time>2025-01-14T01:25:50Z</time><speed>0.000</speed><sat>9</sat></trkpt>
  <trkpt lat="14.99002759" lon="102.09455700"><ele>144.881</ele><time>2025-01-14T01:25:51Z</time><speed>0.000</speed><sat>9</sat></trkpt>
  <trkpt lat="14.99002759" lon="102.09455700"><ele>144.454</ele><time>2025-01-14T01:25:52Z</time><speed>0.000</speed><sat>9</sat></trkpt>
  <trkpt lat="14.99002759" lon="102.09455700"><ele>143.827</ele><time>2025-01-14T01:25:53Z</time><speed>0.000</speed><sat>9</sat></trkpt>
  <trkpt lat="14.99002759" lon="102.09455700"><ele>143.527</ele><time>2025-01-14T01:25:54Z</time><speed>0.000</speed><sat>9</sat></trkpt>
  <trkpt lat="14.99002759" lon="102.09455700"><ele>143.189</ele><time>2025-01-14T01:25:55Z</time><speed>0.000</speed><sat>9</sat></trkpt>
  <trkpt lat="14.99002759" lon="102.09455700"><ele>142.952</ele><time>2025-01-14T01:25:56Z</time><speed>0.000</speed><sat>10</sat></trkpt>
  <trkpt lat="14.99002759" lon="102.09455700"><ele>142.635</ele><time>2025-01-14T01:25:57Z</time><speed>0.000</speed><sat>10</sat></trkpt>
  <trkpt lat="14.99002759" lon="102.09455700"><ele>142.282</ele><time>2025-01-14T01:25:58Z</time><speed>0.000</speed><sat>9</sat></trkpt>
  <trkpt lat="14.99002759" lon="102.09455700"><ele>142.337</ele><time>2025-01-14T01:25:59Z</time><speed>0.000</speed><sat>9</sat></trkpt>
  <trkpt lat="14.99002759" lon="102.09455700"><ele>142.216</ele><time>2025-01-14T01:26:00Z</time><speed>0.000</speed><sat>9</sat></trkpt>
  <trkpt lat="14.99002759" lon="102.09455700"><ele>142.214</ele><time>2025-01-14T01:26:01Z</time><speed>0.000</speed><sat>10</sat></trkpt>
  <trkpt lat="14.99002759" lon="102.09455700"><ele>141.843</ele><time>2025-01-14T01:26:02Z</time><speed>0.000</speed><sat>10</sat></trkpt>
  <trkpt lat="14.99002759" lon="102.09455700"><ele>141.397</ele><time>2025-01-14T01:26:03Z</time><speed>0.000</speed><sat>10</sat></trkpt>
  <trkpt lat="14.99002759" lon="102.09455700"><ele>141.101</ele><time>2025-01-14T01:26:04Z</time><speed>0.000</speed><sat>9</sat></trkpt>
  <trkpt lat="14.99002759" lon="102.09455700"><ele>140.870</ele><time>2025-01-14T01:26:05Z</time><speed>0.000</speed><sat>9</sat></trkpt>
  <trkpt lat="14.99002759" lon="102.09455700"><ele>140.670</ele><time>2025-01-14T01:26:06Z</time><speed>0.000</speed><sat>10</sat></trkpt>
  <trkpt lat="14.99002759" lon="102.09455700"><ele>140.523</ele><time>2025-01-14T01:26:07Z</time><speed>0.000</speed><sat>11</sat></trkpt>
  <trkpt lat="14.99010527" lon="102.09459179"><ele>140.360</ele><time>2025-01-14T01:26:08Z</time><speed>0.000</speed><sat>11</sat></trkpt>
  <trkpt lat="14.99010527" lon="102.09459179"><ele>140.063</ele><time>2025-01-14T01:26:09Z</time><speed>0.000</speed><sat>11</sat></trkpt>
  <trkpt lat="14.99010527" lon="102.09459179"><ele>140.019</ele><time>2025-01-14T01:26:10Z</time><speed>0.000</speed><sat>12</sat></trkpt>
  <trkpt lat="14.99010527" lon="102.09459179"><ele>139.836</ele><time>2025-01-14T01:26:11Z</time><speed>0.000</speed><sat>12</sat></trkpt>
  <trkpt lat="14.99010527" lon="102.09459179"><ele>139.579</ele><time>2025-01-14T01:26:12Z</time><speed>0.000</speed><sat>12</sat></trkpt>
  <trkpt lat="14.99010527" lon="102.09459179"><ele>139.841</ele><time>2025-01-14T01:26:13Z</time><speed>0.000</speed><sat>12</sat></trkpt>
  <trkpt lat="14.99010527" lon="102.09459179"><ele>139.870</ele><time>2025-01-14T01:26:14Z</time><speed>0.000</speed><sat>11</sat></trkpt>
  <trkpt lat="14.99010527" lon="102.09459179"><ele>139.702</ele><time>2025-01-14T01:26:15Z</time><speed>0.000</speed><sat>10</sat></trkpt>
  <trkpt lat="14.99010527" lon="102.09459179"><ele>139.609</ele><time>2025-01-14T01:26:16Z</time><speed>0.000</speed><sat>10</sat></trkpt>
  <trkpt lat="14.99010527" lon="102.09459179"><ele>139.569</ele><time>2025-01-14T01:26:17Z</time><speed>0.000</speed><sat>10</sat></trkpt>
  <trkpt lat="14.99010527" lon="102.09459179"><ele>139.557</ele><time>2025-01-14T01:26:18Z</time><speed>0.000</speed><sat>10</sat></trkpt>
  <trkpt lat="14.99010527" lon="102.09459179"><ele>139.409</ele><time>2025-01-14T01:26:19Z</time><speed>0.000</speed><sat>11</sat></trkpt>
  <trkpt lat="14.99010527" lon="102.09459179"><ele>139.385</ele><time>2025-01-14T01:26:20Z</time><speed>0.000</speed><sat>10</sat></trkpt>
  <trkpt lat="14.99010527" lon="102.09459179"><ele>139.362</ele><time>2025-01-14T01:26:21Z</time><speed>0.000</speed><sat>11</sat></trkpt>
  <trkpt lat="14.99010527" lon="102.09459179"><ele>139.312</ele><time>2025-01-14T01:26:22Z</time><speed>0.000</speed><sat>10</sat></trkpt>
  <trkpt lat="14.99010527" lon="102.09459179"><ele>139.207</ele><time>2025-01-14T01:26:23Z</time><speed>0.000</speed><sat>10</sat></trkpt>
  <trkpt lat="14.99010527" lon="102.09459179"><ele>139.098</ele><time>2025-01-14T01:26:24Z</time><speed>0.000</speed><sat>10</sat></trkpt>
  <trkpt lat="14.99010527" lon="102.09459179"><ele>138.909</ele><time>2025-01-14T01:26:25Z</time><speed>0.000</speed><sat>10</sat></trkpt>
  <trkpt lat="14.99010527" lon="102.09459179"><ele>138.722</ele><time>2025-01-14T01:26:26Z</time><speed>0.000</speed><sat>10</sat></trkpt>
  <trkpt lat="14.99010527" lon="102.09459179"><ele>138.599</ele><time>2025-01-14T01:26:27Z</time><speed>0.000</speed><sat>11</sat></trkpt>
  <trkpt lat="14.99010527" lon="102.09459179"><ele>138.707</ele><time>2025-01-14T01:26:28Z</time><speed>0.000</speed><sat>12</sat></trkpt>
  <trkpt lat="14.99010527" lon="102.09459179"><ele>138.471</ele><time>2025-01-14T01:26:29Z</time><speed>0.000</speed><sat>12</sat></trkpt>
  <trkpt lat="14.99010527" lon="102.09459179"><ele>138.241</ele><time>2025-01-14T01:26:30Z</time><speed>0.000</speed><sat>11</sat></trkpt>
  <trkpt lat="14.99010527" lon="102.09459179"><ele>138.125</ele><time>2025-01-14T01:26:31Z</time><speed>0.000</speed><sat>11</sat></trkpt>
  <trkpt lat="14.99010527" lon="102.09459179"><ele>137.963</ele><time>2025-01-14T01:26:32Z</time><speed>0.000</speed><sat>11</sat></trkpt>
  <trkpt lat="14.99010527" lon="102.09459179"><ele>137.901</ele><time>2025-01-14T01:26:33Z</time><speed>0.000</speed><sat>11</sat></trkpt>
  <trkpt lat="14.99010527" lon="102.09459179"><ele>137.836</ele><time>2025-01-14T01:26:34Z</time><speed>0.000</speed><sat>12</sat></trkpt>
  <trkpt lat="14.99010527" lon="102.09459179"><ele>137.783</ele><time>2025-01-14T01:26:35Z</time><speed>0.000</speed><sat>11</sat></trkpt>
  <trkpt lat="14.99010527" lon="102.09459179"><ele>137.752</ele><time>2025-01-14T01:26:36Z</time><speed>0.000</speed><sat>11</sat></trkpt>
  <trkpt lat="14.99010527" lon="102.09459179"><ele>137.728</ele><time>2025-01-14T01:26:37Z</time><speed>0.000</speed><sat>10</sat></trkpt>
  <trkpt lat="14.99010527" lon="102.09459179"><ele>137.638</ele><time>2025-01-14T01:26:38Z</time><speed>0.000</speed><sat>11</sat></trkpt>
  <trkpt lat="14.99010527" lon="102.09459179"><ele>137.735</ele><time>2025-01-14T01:26:39Z</time><speed>0.000</speed><sat>11</sat></trkpt>
  <trkpt lat="14.99010527" lon="102.09459179"><ele>137.467</ele><time>2025-01-14T01:26:40Z</time><speed>0.000</speed><sat>12</sat></trkpt>
  <trkpt lat="14.99010527" lon="102.09459179"><ele>137.482</ele><time>2025-01-14T01:26:41Z</time><speed>0.000</speed><sat>12</sat></trkpt>
  <trkpt lat="14.99010527" lon="102.09459179"><ele>137.400</ele><time>2025-01-14T01:26:42Z</time><speed>0.000</speed><sat>12</sat></trkpt>
  <trkpt lat="14.99010527" lon="102.09459179"><ele>137.277</ele><time>2025-01-14T01:26:43Z</time><speed>0.000</speed><sat>14</sat></trkpt>
  <trkpt lat="14.99013782" lon="102.09455550"><ele>137.123</ele><time>2025-01-14T01:26:44Z</time><speed>0.000</speed><sat>13</sat></trkpt>
  <trkpt lat="14.99013782" lon="102.09455550"><ele>136.953</ele><time>2025-01-14T01:26:45Z</time><speed>0.000</speed><sat>14</sat></trkpt>
  <trkpt lat="14.99013782" lon="102.09455550"><ele>136.583</ele><time>2025-01-14T01:26:46Z</time><speed>0.000</speed><sat>13</sat></trkpt>
  <trkpt lat="14.99013782" lon="102.09455550"><ele>136.273</ele><time>2025-01-14T01:26:47Z</time><speed>0.000</speed><sat>12</sat></trkpt>
  <trkpt lat="14.99013782" lon="102.09455550"><ele>135.983</ele><time>2025-01-14T01:26:48Z</time><speed>0.000</speed><sat>12</sat></trkpt>
  <trkpt lat="14.99013782" lon="102.09455550"><ele>135.837</ele><time>2025-01-14T01:26:49Z</time><speed>0.000</speed><sat>13</sat></trkpt>
  <trkpt lat="14.99013782" lon="102.09455550"><ele>135.396</ele><time>2025-01-14T01:26:50Z</time><speed>0.000</speed><sat>13</sat></trkpt>
  <trkpt lat="14.99013782" lon="102.09455550"><ele>134.835</ele><time>2025-01-14T01:26:51Z</time><speed>0.000</speed><sat>12</sat></trkpt>
  <trkpt lat="14.99013782" lon="102.09455550"><ele>134.778</ele><time>2025-01-14T01:26:52Z</time><speed>0.000</speed><sat>13</sat></trkpt>
  <trkpt lat="14.99013782" lon="102.09455550"><ele>134.502</ele><time>2025-01-14T01:26:53Z</time><speed>0.000</speed><sat>13</sat></trkpt>
  <trkpt lat="14.99013782" lon="102.09455550"><ele>134.418</ele><time>2025-01-14T01:26:54Z</time><speed>0.000</speed><sat>14</sat></trkpt>
  <trkpt lat="14.99013782" lon="102.09455550"><ele>134.376</ele><time>2025-01-14T01:26:55Z</time><speed>0.000</speed><sat>12</sat></trkpt>
  <trkpt lat="14.99013782" lon="102.09455550"><ele>134.375</ele><time>2025-01-14T01:26:56Z</time><speed>0.000</speed><sat>17</sat></trkpt>
  <trkpt lat="14.99013782" lon="102.09455550"><ele>135.409</ele><time>2025-01-14T01:26:57Z</time><speed>0.000</speed><sat>19</sat></trkpt>
  <trkpt lat="14.99013782" lon="102.09455550"><ele>135.959</ele><time>2025-01-14T01:26:58Z</time><speed>0.000</speed><sat>18</sat></trkpt>
  <trkpt lat="14.99013782" lon="102.09455550"><ele>136.385</ele><time>2025-01-14T01:26:59Z</time><speed>0.000</speed><sat>18</sat></trkpt>
  <trkpt lat="14.99013782" lon="102.09455550"><ele>136.792</ele><time>2025-01-14T01:27:00Z</time><speed>0.000</speed><sat>17</sat></trkpt>
  <trkpt lat="14.99013782" lon="102.09455550"><ele>136.919</ele><time>2025-01-14T01:27:01Z</time><speed>0.000</speed><sat>16</sat></trkpt>
  <trkpt lat="14.99013782" lon="102.09455550"><ele>137.223</ele><time>2025-01-14T01:27:02Z</time><speed>0.000</speed><sat>16</sat></trkpt>
  <trkpt lat="14.99013782" lon="102.09455550"><ele>137.475</ele><time>2025-01-14T01:27:03Z</time><speed>0.000</speed><sat>17</sat></trkpt>
  <trkpt lat="14.99013782" lon="102.09455550"><ele>137.649</ele><time>2025-01-14T01:27:04Z</time><speed>0.000</speed><sat>17</sat></trkpt>
  <trkpt lat="14.99013782" lon="102.09455550"><ele>137.806</ele><time>2025-01-14T01:27:05Z</time><speed>0.000</speed><sat>17</sat></trkpt>
  <trkpt lat="14.99013782" lon="102.09455550"><ele>137.760</ele><time>2025-01-14T01:27:06Z</time><speed>0.000</speed><sat>16</sat></trkpt>
  <trkpt lat="14.99013782" lon="102.09455550"><ele>137.961</ele><time>2025-01-14T01:27:07Z</time><speed>0.000</speed><sat>20</sat></trkpt>
  <trkpt lat="14.99013782" lon="102.09455550"><ele>138.406</ele><time>2025-01-14T01:27:08Z</time><speed>0.000</speed><sat>21</sat></trkpt>
  <trkpt lat="14.99013782" lon="102.09455550"><ele>138.618</ele><time>2025-01-14T01:27:09Z</time><speed>0.000</speed><sat>19</sat></trkpt>
  <trkpt lat="14.99013782" lon="102.09455550"><ele>138.645</ele><time>2025-01-14T01:27:10Z</time><speed>0.000</speed><sat>20</sat></trkpt>
  <trkpt lat="14.99013782" lon="102.09455550"><ele>138.860</ele><time>2025-01-14T01:27:11Z</time><speed>0.000</speed><sat>18</sat></trkpt>
  <trkpt lat="14.99013782" lon="102.09455550"><ele>138.823</ele><time>2025-01-14T01:27:12Z</time><speed>0.000</speed><sat>20</sat></trkpt>
  <trkpt lat="14.99008874" lon="102.09456925"><ele>139.016</ele><time>2025-01-14T01:27:13Z</time><speed>0.000</speed><sat>21</sat></trkpt>
  <trkpt lat="14.99008874" lon="102.09456925"><ele>138.996</ele><time>2025-01-14T01:27:14Z</time><speed>0.000</speed><sat>20</sat></trkpt>
  <trkpt lat="14.99008874" lon="102.09456925"><ele>139.075</ele><time>2025-01-14T01:27:15Z</time><speed>0.000</speed><sat>20</sat></trkpt>
  <trkpt lat="14.99008874" lon="102.09456925"><ele>139.185</ele><time>2025-01-14T01:27:16Z</time><speed>0.000</speed><sat>22</sat></trkpt>
  <trkpt lat="14.99008874" lon="102.09456925"><ele>139.227</ele><time>2025-01-14T01:27:17Z</time><speed>0.000</speed><sat>23</sat></trkpt>
  <trkpt lat="14.99008874" lon="102.09456925"><ele>139.396</ele><time>2025-01-14T01:27:18Z</time><speed>0.000</speed><sat>22</sat></trkpt>
  <trkpt lat="14.99008874" lon="102.09456925"><ele>139.324</ele><time>2025-01-14T01:27:19Z</time><speed>0.000</speed><sat>19</sat></trkpt>
  <trkpt lat="14.99008874" lon="102.09456925"><ele>139.317</ele><time>2025-01-14T01:27:20Z</time><speed>0.000</speed><sat>20</sat></trkpt>
  <trkpt lat="14.99008874" lon="102.09456925"><ele>139.064</ele><time>2025-01-14T01:27:21Z</time><speed>0.000</speed><sat>20</sat></trkpt>
  <trkpt lat="14.99008874" lon="102.09456925"><ele>138.877</ele><time>2025-01-14T01:27:22Z</time><speed>0.000</speed><sat>21</sat></trkpt>
  <trkpt lat="14.99008874" lon="102.09456925"><ele>138.858</ele><time>2025-01-14T01:27:23Z</time><speed>0.000</speed><sat>19</sat></trkpt>
  <trkpt lat="14.99008874" lon="102.09456925"><ele>138.876</ele><time>2025-01-14T01:27:24Z</time><speed>0.000</speed><sat>20</sat></trkpt>
  <trkpt lat="14.99008874" lon="102.09456925"><ele>138.866</ele><time>2025-01-14T01:27:25Z</time><speed>0.000</speed><sat>19</sat></trkpt>
  <trkpt lat="14.99008874" lon="102.09456925"><ele>138.861</ele><time>2025-01-14T01:27:26Z</time><speed>0.000</speed><sat>18</sat></trkpt>
  <trkpt lat="14.99008874" lon="102.09456925"><ele>138.920</ele><time>2025-01-14T01:27:27Z</time><speed>0.000</speed><sat>18</sat></trkpt>
  <trkpt lat="14.99008874" lon="102.09456925"><ele>138.882</ele><time>2025-01-14T01:27:28Z</time><speed>0.000</speed><sat>17</sat></trkpt>
  <trkpt lat="14.99008874" lon="102.09456925"><ele>138.829</ele><time>2025-01-14T01:27:29Z</time><speed>0.000</speed><sat>17</sat></trkpt>
  <trkpt lat="14.99008874" lon="102.09456925"><ele>138.944</ele><time>2025-01-14T01:27:30Z</time><speed>0.000</speed><sat>19</sat></trkpt>
  <trkpt lat="14.99008874" lon="102.09456925"><ele>139.098</ele><time>2025-01-14T01:27:31Z</time><speed>0.000</speed><sat>19</sat></trkpt>
  <trkpt lat="14.99008874" lon="102.09456925"><ele>139.146</ele><time>2025-01-14T01:27:32Z</time><speed>0.000</speed><sat>18</sat></trkpt>
  <trkpt lat="14.99008874" lon="102.09456925"><ele>139.073</ele><time>2025-01-14T01:27:33Z</time><speed>0.000</speed><sat>19</sat></trkpt>
  <trkpt lat="14.99008874" lon="102.09456925"><ele>139.062</ele><time>2025-01-14T01:27:34Z</time><speed>0.000</speed><sat>20</sat></trkpt>
  <trkpt lat="14.99008874" lon="102.09456925"><ele>139.036</ele><time>2025-01-14T01:27:35Z</time><speed>0.000</speed><sat>20</sat></trkpt>
  <trkpt lat="14.99008874" lon="102.09456925"><ele>139.011</ele><time>2025-01-14T01:27:36Z</time><speed>0.000</speed><sat>20</sat></trkpt>
  <trkpt lat="14.99008874" lon="102.09456925"><ele>138.979</ele><time>2025-01-14T01:27:37Z</time><speed>0.000</speed><sat>21</sat></trkpt>
  <trkpt lat="14.99008874" lon="102.09456925"><ele>138.959</ele><time>2025-01-14T01:27:38Z</time><speed>0.000</speed><sat>23</sat></trkpt>
  <trkpt lat="14.99008874" lon="102.09456925"><ele>138.753</ele><time>2025-01-14T01:27:39Z</time><speed>0.000</speed><sat>22</sat></trkpt>
  <trkpt lat="14.99008874" lon="102.09456925"><ele>138.529</ele><time>2025-01-14T01:27:40Z</time><speed>0.000</speed><sat>22</sat></trkpt>
  <trkpt lat="14.99008874" lon="102.09456925"><ele>138.472</ele><time>2025-01-14T01:27:41Z</time><speed>0.000</speed><sat>23</sat></trkpt>
  <trkpt lat="14.99008874" lon="102.09456925"><ele>138.415</ele><time>2025-01-14T01:27:42Z</time><speed>0.000</speed><sat>23</sat></trkpt>
  <trkpt lat="14.99008874" lon="102.09456925"><ele>138.503</ele><time>2025-01-14T01:27:43Z</time><speed>0.000</speed><sat>23</sat></trkpt>
  <trkpt lat="14.99008874" lon="102.09456925"><ele>138.482</ele><time>2025-01-14T01:27:44Z</time><speed>0.000</speed><sat>21</sat></trkpt>
  <trkpt lat="14.99008874" lon="102.09456925"><ele>138.619</ele><time>2025-01-14T01:27:45Z</time><speed>0.000</speed><sat>22</sat></trkpt>
  <trkpt lat="14.99008874" lon="102.09456925"><ele>138.617</ele><time>2025-01-14T01:27:46Z</time><speed>0.000</speed><sat>21</sat></trkpt>
  <trkpt lat="14.99008874" lon="102.09456925"><ele>138.585</ele><time>2025-01-14T01:27:47Z</time><speed>0.000</speed><sat>21</sat></trkpt>
  <trkpt lat="14.99008874" lon="102.09456925"><ele>138.452</ele><time>2025-01-14T01:27:48Z</time><speed>0.000</speed><sat>23</sat></trkpt>
  <trkpt lat="14.99008874" lon="102.09456925"><ele>138.531</ele><time>2025-01-14T01:27:49Z</time><speed>0.000</speed><sat>21</sat></trkpt>
  <trkpt lat="14.99008874" lon="102.09456925"><ele>138.561</ele><time>2025-01-14T01:27:50Z</time><speed>0.000</speed><sat>20</sat></trkpt>
  <trkpt lat="14.99008874" lon="102.09456925"><ele>138.594</ele><time>2025-01-14T01:27:51Z</time><speed>0.000</speed><sat>23</sat></trkpt>
  <trkpt lat="14.99008874" lon="102.09456925"><ele>138.691</ele><time>2025-01-14T01:27:52Z</time><speed>0.000</speed><sat>24</sat></trkpt>
  <trkpt lat="14.99008874" lon="102.09456925"><ele>138.838</ele><time>2025-01-14T01:27:53Z</time><speed>0.000</speed><sat>23</sat></trkpt>
  <trkpt lat="14.99008874" lon="102.09456925"><ele>138.935</ele><time>2025-01-14T01:27:54Z</time><speed>0.000</speed><sat>22</sat></trkpt>
  <trkpt lat="14.99008874" lon="102.09456925"><ele>138.920</ele><time>2025-01-14T01:27:55Z</time><speed>0.000</speed><sat>21</sat></trkpt>
  <trkpt lat="14.99008874" lon="102.09456925"><ele>138.980</ele><time>2025-01-14T01:27:56Z</time><speed>0.000</speed><sat>23</sat></trkpt>
  <trkpt lat="14.99008874" lon="102.09456925"><ele>139.070</ele><time>2025-01-14T01:27:57Z</time><speed>0.000</speed><sat>23</sat></trkpt>
  <trkpt lat="14.99008874" lon="102.09456925"><ele>139.190</ele><time>2025-01-14T01:27:58Z</time><speed>0.000</speed><sat>24</sat></trkpt>
  <trkpt lat="14.99008874" lon="102.09456925"><ele>139.224</ele><time>2025-01-14T01:27:59Z</time><speed>0.000</speed><sat>24</sat></trkpt>
  <trkpt lat="14.99008874" lon="102.09456925"><ele>139.204</ele><time>2025-01-14T01:28:00Z</time><speed>0.000</speed><sat>23</sat></trkpt>
  <trkpt lat="14.99008874" lon="102.09456925"><ele>139.178</ele><time>2025-01-14T01:28:01Z</time><speed>0.000</speed><sat>23</sat></trkpt>
  <trkpt lat="14.99008874" lon="102.09456925"><ele>139.165</ele><time>2025-01-14T01:28:02Z</time><speed>0.000</speed><sat>20</sat></trkpt>
  <trkpt lat="14.99008874" lon="102.09456925"><ele>139.212</ele><time>2025-01-14T01:28:03Z</time><speed>0.000</speed><sat>21</sat></trkpt>
  <trkpt lat="14.99008874" lon="102.09456925"><ele>139.332</ele><time>2025-01-14T01:28:04Z</time><speed>0.000</speed><sat>21</sat></trkpt>
  <trkpt lat="14.99008874" lon="102.09456925"><ele>139.392</ele><time>2025-01-14T01:28:05Z</time><speed>0.000</speed><sat>21</sat></trkpt>
  <trkpt lat="14.99008874" lon="102.09456925"><ele>139.477</ele><time>2025-01-14T01:28:06Z</time><speed>0.000</speed><sat>19</sat></trkpt>
  <trkpt lat="14.99008874" lon="102.09456925"><ele>139.408</ele><time>2025-01-14T01:28:07Z</time><speed>0.000</speed><sat>20</sat></trkpt>
  <trkpt lat="14.99008874" lon="102.09456925"><ele>139.429</ele><time>2025-01-14T01:28:08Z</time><speed>0.000</speed><sat>22</sat></trkpt>
  <trkpt lat="14.99008874" lon="102.09456925"><ele>139.356</ele><time>2025-01-14T01:28:09Z</time><speed>0.000</speed><sat>23</sat></trkpt>
  <trkpt lat="14.99008874" lon="102.09456925"><ele>139.403</ele><time>2025-01-14T01:28:10Z</time><speed>0.000</speed><sat>24</sat></trkpt>
  <trkpt lat="14.99008874" lon="102.09456925"><ele>139.309</ele><time>2025-01-14T01:28:11Z</time><speed>0.000</speed><sat>21</sat></trkpt>
  <trkpt lat="14.99008874" lon="102.09456925"><ele>139.316</ele><time>2025-01-14T01:28:12Z</time><speed>0.000</speed><sat>21</sat></trkpt>
  <trkpt lat="14.99008874" lon="102.09456925"><ele>139.405</ele><time>2025-01-14T01:28:13Z</time><speed>0.000</speed><sat>22</sat></trkpt>
  <trkpt lat="14.99008874" lon="102.09456925"><ele>139.408</ele><time>2025-01-14T01:28:14Z</time><speed>0.000</speed><sat>22</sat></trkpt>
  <trkpt lat="14.99008874" lon="102.09456925"><ele>139.330</ele><time>2025-01-14T01:28:15Z</time><speed>0.000</speed><sat>23</sat></trkpt>
  <trkpt lat="14.99008874" lon="102.09456925"><ele>139.285</ele><time>2025-01-14T01:28:16Z</time><speed>0.000</speed><sat>24</sat></trkpt>
  <trkpt lat="14.99008874" lon="102.09456925"><ele>139.350</ele><time>2025-01-14T01:28:17Z</time><speed>0.000</speed><sat>24</sat></trkpt>
  <trkpt lat="14.99008874" lon="102.09456925"><ele>139.470</ele><time>2025-01-14T01:28:18Z</time><speed>0.000</speed><sat>22</sat></trkpt>
  <trkpt lat="14.99008874" lon="102.09456925"><ele>139.567</ele><time>2025-01-14T01:28:19Z</time><speed>0.000</speed><sat>24</sat></trkpt>
  <trkpt lat="14.99008874" lon="102.09456925"><ele>139.612</ele><time>2025-01-14T01:28:20Z</time><speed>0.000</speed><sat>26</sat></trkpt>
  <trkpt lat="14.99008874" lon="102.09456925"><ele>139.731</ele><time>2025-01-14T01:28:21Z</time><speed>0.000</speed><sat>26</sat></trkpt>
  <trkpt lat="14.99008874" lon="102.09456925"><ele>139.738</ele><time>2025-01-14T01:28:22Z</time><speed>0.000</speed><sat>26</sat></trkpt>
  <trkpt lat="14.99008874" lon="102.09456925"><ele>139.843</ele><time>2025-01-14T01:28:23Z</time><speed>0.000</speed><sat>25</sat></trkpt>
  <trkpt lat="14.99008874" lon="102.09456925"><ele>139.835</ele><time>2025-01-14T01:28:24Z</time><speed>0.000</speed><sat>24</sat></trkpt>
  <trkpt lat="14.99008874" lon="102.09456925"><ele>139.716</ele><time>2025-01-14T01:28:25Z</time><speed>0.000</speed><sat>25</sat></trkpt>
  <trkpt lat="14.99008874" lon="102.09456925"><ele>139.735</ele><time>2025-01-14T01:28:26Z</time><speed>0.000</speed><sat>24</sat></trkpt>
  <trkpt lat="14.99008874" lon="102.09456925"><ele>139.743</ele><time>2025-01-14T01:28:27Z</time><speed>0.000</speed><sat>22</sat></trkpt>
  <trkpt lat="14.99008874" lon="102.09456925"><ele>139.806</ele><time>2025-01-14T01:28:28Z</time><speed>0.000</speed><sat>23</sat></trkpt>
  <trkpt lat="14.99008874" lon="102.09456925"><ele>139.861</ele><time>2025-01-14T01:28:29Z</time><speed>0.000</speed><sat>22</sat></trkpt>
  <trkpt lat="14.99008874" lon="102.09456925"><ele>139.840</ele><time>2025-01-14T01:28:30Z</time><speed>0.000</speed><sat>22</sat></trkpt>
  <trkpt lat="14.99008874" lon="102.09456925"><ele>139.800</ele><time>2025-01-14T01:28:31Z</time><speed>0.000</speed><sat>23</sat></trkpt>
  <trkpt lat="14.99008874" lon="102.09456925"><ele>139.792</ele><time>2025-01-14T01:28:32Z</time><speed>0.000</speed><sat>24</sat></trkpt>
  <trkpt lat="14.99008874" lon="102.09456925"><ele>139.929</ele><time>2025-01-14T01:28:33Z</time><speed>0.000</speed><sat>24</sat></trkpt>
  <trkpt lat="14.99008874" lon="102.09456925"><ele>140.038</ele><time>2025-01-14T01:28:34Z</time><speed>0.000</speed><sat>23</sat></trkpt>
  <trkpt lat="14.99008874" lon="102.09456925"><ele>140.152</ele><time>2025-01-14T01:28:35Z</time><speed>0.000</speed><sat>25</sat></trkpt>
  <trkpt lat="14.99008874" lon="102.09456925"><ele>140.246</ele><time>2025-01-14T01:28:36Z</time><speed>0.000</speed><sat>24</sat></trkpt>
  <trkpt lat="14.99008874" lon="102.09456925"><ele>140.269</ele><time>2025-01-14T01:28:37Z</time><speed>0.000</speed><sat>23</sat></trkpt>
  <trkpt lat="14.99008874" lon="102.09456925"><ele>140.436</ele><time>2025-01-14T01:28:38Z</time><speed>0.000</speed><sat>23</sat></trkpt>
  <trkpt lat="14.99008874" lon="102.09456925"><ele>140.643</ele><time>2025-01-14T01:28:39Z</time><speed>0.000</speed><sat>20</sat></trkpt>
  <trkpt lat="14.99008874" lon="102.09456925"><ele>140.778</ele><time>2025-01-14T01:28:40Z</time><speed>0.000</speed><sat>19</sat></trkpt>
  <trkpt lat="14.99008874" lon="102.09456925"><ele>140.937</ele><time>2025-01-14T01:28:41Z</time><speed>0.000</speed><sat>24</sat></trkpt>
  <trkpt lat="14.99008874" lon="102.09456925"><ele>141.055</ele><time>2025-01-14T01:28:42Z</time><speed>0.000</speed><sat>23</sat></trkpt>
  <trkpt lat="14.99008874" lon="102.09456925"><ele>141.162</ele><time>2025-01-14T01:28:43Z</time><speed>0.000</speed><sat>23</sat></trkpt>
  <trkpt lat="14.99008874" lon="102.09456925"><ele>141.318</ele><time>2025-01-14T01:28:44Z</time><speed>0.000</speed><sat>24</sat></trkpt>
  <trkpt lat="14.99008874" lon="102.09456925"><ele>141.344</ele><time>2025-01-14T01:28:45Z</time><speed>0.000</speed><sat>23</sat></trkpt>
  <trkpt lat="14.99008874" lon="102.09456925"><ele>141.403</ele><time>2025-01-14T01:28:46Z</time><speed>0.000</speed><sat>23</sat></trkpt>
  <trkpt lat="14.99008874" lon="102.09456925"><ele>141.450</ele><time>2025-01-14T01:28:47Z</time><speed>0.000</speed><sat>21</sat></trkpt>
  <trkpt lat="14.99008874" lon="102.09456925"><ele>141.563</ele><time>2025-01-14T01:28:48Z</time><speed>0.000</speed><sat>23</sat></trkpt>
  <trkpt lat="14.99008874" lon="102.09456925"><ele>141.629</ele><time>2025-01-14T01:28:49Z</time><speed>0.000</speed><sat>22</sat></trkpt>
  <trkpt lat="14.99008874" lon="102.09456925"><ele>141.629</ele><time>2025-01-14T01:28:50Z</time><speed>0.000</speed><sat>22</sat></trkpt>
  <trkpt lat="14.99008874" lon="102.09456925"><ele>141.576</ele><time>2025-01-14T01:28:51Z</time><speed>0.000</speed><sat>24</sat></trkpt>
  <trkpt lat="14.99008874" lon="102.09456925"><ele>141.656</ele><time>2025-01-14T01:28:52Z</time><speed>0.000</speed><sat>22</sat></trkpt>
  <trkpt lat="14.99008874" lon="102.09456925"><ele>141.750</ele><time>2025-01-14T01:28:53Z</time><speed>0.000</speed><sat>23</sat></trkpt>
  <trkpt lat="14.99008874" lon="102.09456925"><ele>141.771</ele><time>2025-01-14T01:28:54Z</time><speed>0.000</speed><sat>24</sat></trkpt>
  <trkpt lat="14.99008874" lon="102.09456925"><ele>141.760</ele><time>2025-01-14T01:28:55Z</time><speed>0.000</speed><sat>22</sat></trkpt>
  <trkpt lat="14.99008874" lon="102.09456925"><ele>141.776</ele><time>2025-01-14T01:28:56Z</time><speed>0.000</speed><sat>24</sat></trkpt>
  <trkpt lat="14.99008874" lon="102.09456925"><ele>141.763</ele><time>2025-01-14T01:28:57Z</time><speed>0.000</speed><sat>23</sat></trkpt>
  <trkpt lat="14.99008874" lon="102.09456925"><ele>141.826</ele><time>2025-01-14T01:28:58Z</time><speed>0.000</speed><sat>24</sat></trkpt>
  <trkpt lat="14.99008874" lon="102.09456925"><ele>141.907</ele><time>2025-01-14T01:28:59Z</time><speed>0.000</speed><sat>23</sat></trkpt>
  <trkpt lat="14.99008874" lon="102.09456925"><ele>141.712</ele><time>2025-01-14T01:29:00Z</time><speed>0.000</speed><sat>25</sat></trkpt>
  <trkpt lat="14.99008874" lon="102.09456925"><ele>141.607</ele><time>2025-01-14T01:29:01Z</time><speed>0.000</speed><sat>25</sat></trkpt>
  <trkpt lat="14.99008874" lon="102.09456925"><ele>141.701</ele><time>2025-01-14T01:29:02Z</time><speed>0.000</speed><sat>24</sat></trkpt>
  <trkpt lat="14.99008874" lon="102.09456925"><ele>141.915</ele><time>2025-01-14T01:29:03Z</time><speed>0.000</speed><sat>27</sat></trkpt>
  <trkpt lat="14.99008874" lon="102.09456925"><ele>141.920</ele><time>2025-01-14T01:29:04Z</time><speed>0.000</speed><sat>26</sat></trkpt>
  <trkpt lat="14.99004854" lon="102.09454349"><ele>141.857</ele><time>2025-01-14T01:29:05Z</time><speed>0.000</speed><sat>26</sat></trkpt>
  <trkpt lat="14.99004854" lon="102.09454349"><ele>141.917</ele><time>2025-01-14T01:29:06Z</time><speed>0.000</speed><sat>25</sat></trkpt>
  <trkpt lat="14.99004397" lon="102.09454119"><ele>141.020</ele><time>2025-01-14T01:29:07Z</time><speed>0.330</speed><sat>27</sat></trkpt>
  <trkpt lat="14.99004139" lon="102.09453881"><ele>141.229</ele><time>2025-01-14T01:29:08Z</time><speed>0.000</speed><sat>28</sat></trkpt>
  <trkpt lat="14.99003541" lon="102.09454070"><ele>141.598</ele><time>2025-01-14T01:29:09Z</time><speed>0.283</speed><sat>28</sat></trkpt>
  <trkpt lat="14.99002978" lon="102.09454134"><ele>141.841</ele><time>2025-01-14T01:29:10Z</time><speed>0.618</speed><sat>26</sat></trkpt>
  <trkpt lat="14.99002777" lon="102.09454148"><ele>142.095</ele><time>2025-01-14T01:29:11Z</time><speed>0.352</speed><sat>28</sat></trkpt>
  <trkpt lat="14.99002153" lon="102.09453989"><ele>142.374</ele><time>2025-01-14T01:29:12Z</time><speed>0.394</speed><sat>27</sat></trkpt>
  <trkpt lat="14.99001924" lon="102.09453863"><ele>142.984</ele><time>2025-01-14T01:29:13Z</time><speed>0.410</speed><sat>27</sat></trkpt>
  <trkpt lat="14.99001558" lon="102.09453631"><ele>143.560</ele><time>2025-01-14T01:29:14Z</time><speed>0.328</speed><sat>28</sat></trkpt>
  <trkpt lat="14.99001033" lon="102.09453535"><ele>144.025</ele><time>2025-01-14T01:29:15Z</time><speed>0.000</speed><sat>30</sat></trkpt>
  <trkpt lat="14.99001033" lon="102.09453535"><ele>144.433</ele><time>2025-01-14T01:29:16Z</time><speed>0.000</speed><sat>28</sat></trkpt>
  <trkpt lat="14.99001033" lon="102.09453535"><ele>144.498</ele><time>2025-01-14T01:29:17Z</time><speed>0.000</speed><sat>30</sat></trkpt>
  <trkpt lat="14.99001033" lon="102.09453535"><ele>144.648</ele><time>2025-01-14T01:29:18Z</time><speed>0.000</speed><sat>28</sat></trkpt>
  <trkpt lat="14.99001033" lon="102.09453535"><ele>144.866</ele><time>2025-01-14T01:29:19Z</time><speed>0.000</speed><sat>28</sat></trkpt>
  <trkpt lat="14.99001033" lon="102.09453535"><ele>145.300</ele><time>2025-01-14T01:29:20Z</time><speed>0.000</speed><sat>29</sat></trkpt>
  <trkpt lat="14.99001033" lon="102.09453535"><ele>145.913</ele><time>2025-01-14T01:29:21Z</time><speed>0.000</speed><sat>27</sat></trkpt>
  <trkpt lat="14.99001033" lon="102.09453535"><ele>146.394</ele><time>2025-01-14T01:29:22Z</time><speed>0.000</speed><sat>27</sat></trkpt>
  <trkpt lat="14.99001033" lon="102.09453535"><ele>146.758</ele><time>2025-01-14T01:29:23Z</time><speed>0.000</speed><sat>29</sat></trkpt>
  <trkpt lat="14.99001033" lon="102.09453535"><ele>147.267</ele><time>2025-01-14T01:29:24Z</time><speed>0.000</speed><sat>29</sat></trkpt>
  <trkpt lat="14.99001033" lon="102.09453535"><ele>147.621</ele><time>2025-01-14T01:29:25Z</time><speed>0.000</speed><sat>29</sat></trkpt>
  <trkpt lat="14.99001033" lon="102.09453535"><ele>147.798</ele><time>2025-01-14T01:29:26Z</time><speed>0.000</speed><sat>30</sat></trkpt>
  <trkpt lat="14.99001033" lon="102.09453535"><ele>148.114</ele><time>2025-01-14T01:29:27Z</time><speed>0.000</speed><sat>30</sat></trkpt>
  <trkpt lat="14.99001033" lon="102.09453535"><ele>148.358</ele><time>2025-01-14T01:29:28Z</time><speed>0.000</speed><sat>29</sat></trkpt>
  <trkpt lat="14.99001033" lon="102.09453535"><ele>148.520</ele><time>2025-01-14T01:29:29Z</time><speed>0.000</speed><sat>29</sat></trkpt>
  <trkpt lat="14.99001264" lon="102.09453453"><ele>148.781</ele><time>2025-01-14T01:29:30Z</time><speed>0.422</speed><sat>30</sat></trkpt>
  <trkpt lat="14.99001559" lon="102.09454148"><ele>148.997</ele><time>2025-01-14T01:29:31Z</time><speed>0.895</speed><sat>29</sat></trkpt>
  <trkpt lat="14.99002245" lon="102.09454686"><ele>148.881</ele><time>2025-01-14T01:29:32Z</time><speed>1.145</speed><sat>30</sat></trkpt>
  <trkpt lat="14.99002280" lon="102.09455913"><ele>148.838</ele><time>2025-01-14T01:29:33Z</time><speed>1.702</speed><sat>30</sat></trkpt>
  <trkpt lat="14.99002085" lon="102.09457688"><ele>148.768</ele><time>2025-01-14T01:29:34Z</time><speed>1.850</speed><sat>28</sat></trkpt>
  <trkpt lat="14.99001919" lon="102.09459120"><ele>148.760</ele><time>2025-01-14T01:29:35Z</time><speed>1.901</speed><sat>27</sat></trkpt>
  <trkpt lat="14.99001646" lon="102.09460998"><ele>147.570</ele><time>2025-01-14T01:29:36Z</time><speed>1.899</speed><sat>27</sat></trkpt>
  <trkpt lat="14.99000856" lon="102.09463348"><ele>147.464</ele><time>2025-01-14T01:29:37Z</time><speed>1.999</speed><sat>29</sat></trkpt>
  <trkpt lat="14.99000226" lon="102.09466078"><ele>147.835</ele><time>2025-01-14T01:29:38Z</time><speed>2.413</speed><sat>30</sat></trkpt>
  <trkpt lat="14.99000105" lon="102.09468595"><ele>148.197</ele><time>2025-01-14T01:29:39Z</time><speed>2.655</speed><sat>28</sat></trkpt>
  <trkpt lat="14.98999980" lon="102.09471684"><ele>148.456</ele><time>2025-01-14T01:29:40Z</time><speed>2.651</speed><sat>30</sat></trkpt>
  <trkpt lat="14.98999999" lon="102.09474450"><ele>148.723</ele><time>2025-01-14T01:29:41Z</time><speed>2.657</speed><sat>30</sat></trkpt>
  <trkpt lat="14.99000262" lon="102.09476947"><ele>148.917</ele><time>2025-01-14T01:29:42Z</time><speed>2.587</speed><sat>30</sat></trkpt>
  <trkpt lat="14.99000469" lon="102.09479609"><ele>149.056</ele><time>2025-01-14T01:29:43Z</time><speed>2.577</speed><sat>29</sat></trkpt>
  <trkpt lat="14.99000635" lon="102.09481999"><ele>149.111</ele><time>2025-01-14T01:29:44Z</time><speed>2.623</speed><sat>27</sat></trkpt>
  <trkpt lat="14.99000788" lon="102.09484587"><ele>149.236</ele><time>2025-01-14T01:29:45Z</time><speed>2.745</speed><sat>27</sat></trkpt>
  <trkpt lat="14.99001045" lon="102.09487375"><ele>149.143</ele><time>2025-01-14T01:29:46Z</time><speed>2.903</speed><sat>28</sat></trkpt>
  <trkpt lat="14.99001360" lon="102.09490128"><ele>149.042</ele><time>2025-01-14T01:29:47Z</time><speed>2.997</speed><sat>27</sat></trkpt>
  <trkpt lat="14.99001629" lon="102.09492935"><ele>149.105</ele><time>2025-01-14T01:29:48Z</time><speed>3.004</speed><sat>24</sat></trkpt>
  <trkpt lat="14.99001908" lon="102.09495697"><ele>149.007</ele><time>2025-01-14T01:29:49Z</time><speed>3.053</speed><sat>25</sat></trkpt>
  <trkpt lat="14.99002139" lon="102.09498742"><ele>149.005</ele><time>2025-01-14T01:29:50Z</time><speed>3.212</speed><sat>28</sat></trkpt>
  <trkpt lat="14.99002011" lon="102.09501471"><ele>148.986</ele><time>2025-01-14T01:29:51Z</time><speed>2.914</speed><sat>27</sat></trkpt>
  <trkpt lat="14.99001017" lon="102.09503969"><ele>149.710</ele><time>2025-01-14T01:29:52Z</time><speed>2.999</speed><sat>26</sat></trkpt>
  <trkpt lat="14.98998943" lon="102.09506309"><ele>149.581</ele><time>2025-01-14T01:29:53Z</time><speed>3.045</speed><sat>27</sat></trkpt>
  <trkpt lat="14.98996170" lon="102.09508053"><ele>149.951</ele><time>2025-01-14T01:29:54Z</time><speed>3.097</speed><sat>27</sat></trkpt>
  <trkpt lat="14.98993227" lon="102.09508524"><ele>149.921</ele><time>2025-01-14T01:29:55Z</time><speed>3.078</speed><sat>28</sat></trkpt>
  <trkpt lat="14.98990246" lon="102.09509287"><ele>150.057</ele><time>2025-01-14T01:29:56Z</time><speed>3.293</speed><sat>26</sat></trkpt>
  <trkpt lat="14.98986806" lon="102.09509459"><ele>150.037</ele><time>2025-01-14T01:29:57Z</time><speed>3.074</speed><sat>28</sat></trkpt>
  <trkpt lat="14.98983519" lon="102.09509708"><ele>150.256</ele><time>2025-01-14T01:29:58Z</time><speed>3.405</speed><sat>28</sat></trkpt>
  <trkpt lat="14.98979830" lon="102.09509878"><ele>150.540</ele><time>2025-01-14T01:29:59Z</time><speed>3.826</speed><sat>24</sat></trkpt>
  <trkpt lat="14.98973936" lon="102.09510292"><ele>151.149</ele><time>2025-01-14T01:30:00Z</time><speed>4.949</speed><sat>23</sat></trkpt>
  <trkpt lat="14.98968297" lon="102.09510440"><ele>151.497</ele><time>2025-01-14T01:30:01Z</time><speed>4.929</speed><sat>23</sat></trkpt>
  <trkpt lat="14.98963385" lon="102.09510816"><ele>152.067</ele><time>2025-01-14T01:30:02Z</time><speed>4.808</speed><sat>25</sat></trkpt>
  <trkpt lat="14.98958704" lon="102.09511067"><ele>152.481</ele><time>2025-01-14T01:30:03Z</time><speed>4.860</speed><sat>25</sat></trkpt>
  <trkpt lat="14.98953190" lon="102.09511338"><ele>152.240</ele><time>2025-01-14T01:30:04Z</time><speed>5.180</speed><sat>24</sat></trkpt>
  <trkpt lat="14.98948029" lon="102.09511410"><ele>152.397</ele><time>2025-01-14T01:30:05Z</time><speed>5.465</speed><sat>21</sat></trkpt>
  <trkpt lat="14.98942323" lon="102.09511372"><ele>151.922</ele><time>2025-01-14T01:30:06Z</time><speed>5.779</speed><sat>23</sat></trkpt>
  <trkpt lat="14.98935106" lon="102.09511339"><ele>153.813</ele><time>2025-01-14T01:30:07Z</time><speed>7.144</speed><sat>21</sat></trkpt>
  <trkpt lat="14.98928420" lon="102.09512142"><ele>153.814</ele><time>2025-01-14T01:30:08Z</time><speed>7.105</speed><sat>23</sat></trkpt>
  <trkpt lat="14.98921712" lon="102.09512770"><ele>153.899</ele><time>2025-01-14T01:30:09Z</time><speed>6.381</speed><sat>22</sat></trkpt>
  <trkpt lat="14.98915766" lon="102.09513163"><ele>153.835</ele><time>2025-01-14T01:30:10Z</time><speed>5.601</speed><sat>20</sat></trkpt>
  <trkpt lat="14.98911608" lon="102.09513373"><ele>154.107</ele><time>2025-01-14T01:30:11Z</time><speed>4.556</speed><sat>19</sat></trkpt>
  <trkpt lat="14.98908312" lon="102.09513741"><ele>154.724</ele><time>2025-01-14T01:30:12Z</time><speed>3.813</speed><sat>23</sat></trkpt>
  <trkpt lat="14.98905602" lon="102.09514454"><ele>153.835</ele><time>2025-01-14T01:30:13Z</time><speed>3.054</speed><sat>23</sat></trkpt>
  <trkpt lat="14.98903319" lon="102.09515419"><ele>153.621</ele><time>2025-01-14T01:30:14Z</time><speed>2.686</speed><sat>23</sat></trkpt>
  <trkpt lat="14.98901150" lon="102.09516126"><ele>153.692</ele><time>2025-01-14T01:30:15Z</time><speed>2.701</speed><sat>23</sat></trkpt>
  <trkpt lat="14.98899005" lon="102.09516965"><ele>153.338</ele><time>2025-01-14T01:30:16Z</time><speed>2.607</speed><sat>22</sat></trkpt>
  <trkpt lat="14.98897563" lon="102.09517570"><ele>153.072</ele><time>2025-01-14T01:30:17Z</time><speed>2.504</speed><sat>22</sat></trkpt>
  <trkpt lat="14.98895369" lon="102.09518003"><ele>153.006</ele><time>2025-01-14T01:30:18Z</time><speed>2.655</speed><sat>23</sat></trkpt>
  <trkpt lat="14.98893582" lon="102.09518218"><ele>152.612</ele><time>2025-01-14T01:30:19Z</time><speed>2.401</speed><sat>21</sat></trkpt>
  <trkpt lat="14.98892153" lon="102.09518342"><ele>152.866</ele><time>2025-01-14T01:30:20Z</time><speed>1.291</speed><sat>25</sat></trkpt>
  <trkpt lat="14.98891462" lon="102.09518478"><ele>152.736</ele><time>2025-01-14T01:30:21Z</time><speed>0.601</speed><sat>24</sat></trkpt>
  <trkpt lat="14.98891213" lon="102.09518538"><ele>152.907</ele><time>2025-01-14T01:30:22Z</time><speed>0.000</speed><sat>21</sat></trkpt>
  <trkpt lat="14.98891213" lon="102.09518538"><ele>152.975</ele><time>2025-01-14T01:30:23Z</time><speed>0.000</speed><sat>24</sat></trkpt>
  <trkpt lat="14.98891213" lon="102.09518538"><ele>153.126</ele><time>2025-01-14T01:30:24Z</time><speed>0.000</speed><sat>24</sat></trkpt>
  <trkpt lat="14.98891213" lon="102.09518538"><ele>153.079</ele><time>2025-01-14T01:30:25Z</time><speed>0.000</speed><sat>24</sat></trkpt>
  <trkpt lat="14.98891213" lon="102.09518538"><ele>153.177</ele><time>2025-01-14T01:30:26Z</time><speed>0.000</speed><sat>24</sat></trkpt>
  <trkpt lat="14.98891213" lon="102.09518538"><ele>152.918</ele><time>2025-01-14T01:30:27Z</time><speed>0.000</speed><sat>25</sat></trkpt>
  <trkpt lat="14.98891213" lon="102.09518538"><ele>152.822</ele><time>2025-01-14T01:30:28Z</time><speed>0.000</speed><sat>24</sat></trkpt>
  <trkpt lat="14.98891213" lon="102.09518538"><ele>152.761</ele><time>2025-01-14T01:30:29Z</time><speed>0.000</speed><sat>23</sat></trkpt>
  <trkpt lat="14.98891213" lon="102.09518538"><ele>152.864</ele><time>2025-01-14T01:30:30Z</time><speed>0.000</speed><sat>23</sat></trkpt>
  <trkpt lat="14.98891213" lon="102.09518538"><ele>152.926</ele><time>2025-01-14T01:30:31Z</time><speed>0.000</speed><sat>24</sat></trkpt>
  <trkpt lat="14.98891213" lon="102.09518538"><ele>153.036</ele><time>2025-01-14T01:30:32Z</time><speed>0.000</speed><sat>22</sat></trkpt>
  <trkpt lat="14.98891213" lon="102.09518538"><ele>153.032</ele><time>2025-01-14T01:30:33Z</time><speed>0.000</speed><sat>23</sat></trkpt>
  <trkpt lat="14.98891213" lon="102.09518538"><ele>153.110</ele><time>2025-01-14T01:30:34Z</time><speed>0.000</speed><sat>22</sat></trkpt>
  <trkpt lat="14.98891213" lon="102.09518538"><ele>153.000</ele><time>2025-01-14T01:30:35Z</time><speed>0.000</speed><sat>23</sat></trkpt>
  <trkpt lat="14.98891213" lon="102.09518538"><ele>153.074</ele><time>2025-01-14T01:30:36Z</time><speed>0.000</speed><sat>23</sat></trkpt>
  <trkpt lat="14.98891213" lon="102.09518538"><ele>153.118</ele><time>2025-01-14T01:30:37Z</time><speed>0.000</speed><sat>24</sat></trkpt>
  <trkpt lat="14.98891213" lon="102.09518538"><ele>153.021</ele><time>2025-01-14T01:30:38Z</time><speed>0.000</speed><sat>23</sat></trkpt>
  <trkpt lat="14.98891213" lon="102.09518538"><ele>153.036</ele><time>2025-01-14T01:30:39Z</time><speed>0.000</speed><sat>23</sat></trkpt>
  <trkpt lat="14.98891213" lon="102.09518538"><ele>153.081</ele><time>2025-01-14T01:30:40Z</time><speed>0.000</speed><sat>24</sat></trkpt>
  <trkpt lat="14.98891213" lon="102.09518538"><ele>153.255</ele><time>2025-01-14T01:30:41Z</time><speed>0.000</speed><sat>23</sat></trkpt>
  <trkpt lat="14.98891213" lon="102.09518538"><ele>153.353</ele><time>2025-01-14T01:30:42Z</time><speed>0.000</speed><sat>22</sat></trkpt>
  <trkpt lat="14.98891213" lon="102.09518538"><ele>153.526</ele><time>2025-01-14T01:30:43Z</time><speed>0.000</speed><sat>22</sat></trkpt>
  <trkpt lat="14.98891213" lon="102.09518538"><ele>153.640</ele><time>2025-01-14T01:30:44Z</time><speed>0.000</speed><sat>22</sat></trkpt>
  <trkpt lat="14.98891213" lon="102.09518538"><ele>153.844</ele><time>2025-01-14T01:30:45Z</time><speed>0.000</speed><sat>22</sat></trkpt>
  <trkpt lat="14.98891213" lon="102.09518538"><ele>154.004</ele><time>2025-01-14T01:30:46Z</time><speed>0.000</speed><sat>22</sat></trkpt>
  <trkpt lat="14.98891213" lon="102.09518538"><ele>154.121</ele><time>2025-01-14T01:30:47Z</time><speed>0.000</speed><sat>22</sat></trkpt>
  <trkpt lat="14.98891213" lon="102.09518538"><ele>154.184</ele><time>2025-01-14T01:30:48Z</time><speed>0.000</speed><sat>21</sat></trkpt>
  <trkpt lat="14.98891213" lon="102.09518538"><ele>154.169</ele><time>2025-01-14T01:30:49Z</time><speed>0.000</speed><sat>22</sat></trkpt>
  <trkpt lat="14.98891213" lon="102.09518538"><ele>154.214</ele><time>2025-01-14T01:30:50Z</time><speed>0.000</speed><sat>22</sat></trkpt>
  <trkpt lat="14.98891213" lon="102.09518538"><ele>154.198</ele><time>2025-01-14T01:30:51Z</time><speed>0.000</speed><sat>23</sat></trkpt>
  <trkpt lat="14.98891213" lon="102.09518538"><ele>154.115</ele><time>2025-01-14T01:30:52Z</time><speed>0.000</speed><sat>22</sat></trkpt>
  <trkpt lat="14.98891213" lon="102.09518538"><ele>154.063</ele><time>2025-01-14T01:30:53Z</time><speed>0.000</speed><sat>26</sat></trkpt>
  <trkpt lat="14.98891213" lon="102.09518538"><ele>154.223</ele><time>2025-01-14T01:30:54Z</time><speed>0.000</speed><sat>25</sat></trkpt>
  <trkpt lat="14.98891213" lon="102.09518538"><ele>154.345</ele><time>2025-01-14T01:30:55Z</time><speed>0.000</speed><sat>26</sat></trkpt>
  <trkpt lat="14.98891213" lon="102.09518538"><ele>154.308</ele><time>2025-01-14T01:30:56Z</time><speed>0.000</speed><sat>26</sat></trkpt>
  <trkpt lat="14.98891213" lon="102.09518538"><ele>154.466</ele><time>2025-01-14T01:30:57Z</time><speed>0.000</speed><sat>28</sat></trkpt>
  <trkpt lat="14.98891213" lon="102.09518538"><ele>154.396</ele><time>2025-01-14T01:30:58Z</time><speed>0.000</speed><sat>27</sat></trkpt>
  <trkpt lat="14.98891213" lon="102.09518538"><ele>154.391</ele><time>2025-01-14T01:30:59Z</time><speed>0.000</speed><sat>27</sat></trkpt>
  <trkpt lat="14.98891213" lon="102.09518538"><ele>154.263</ele><time>2025-01-14T01:31:00Z</time><speed>0.000</speed><sat>26</sat></trkpt>
  <trkpt lat="14.98891213" lon="102.09518538"><ele>154.132</ele><time>2025-01-14T01:31:01Z</time><speed>0.000</speed><sat>25</sat></trkpt>
  <trkpt lat="14.98891213" lon="102.09518538"><ele>154.073</ele><time>2025-01-14T01:31:02Z</time><speed>0.000</speed><sat>23</sat></trkpt>
  <trkpt lat="14.98891213" lon="102.09518538"><ele>153.934</ele><time>2025-01-14T01:31:03Z</time><speed>0.000</speed><sat>23</sat></trkpt>
  <trkpt lat="14.98890105" lon="102.09519164"><ele>153.963</ele><time>2025-01-14T01:31:04Z</time><speed>0.295</speed><sat>22</sat></trkpt>
  <trkpt lat="14.98889506" lon="102.09519174"><ele>154.047</ele><time>2025-01-14T01:31:05Z</time><speed>0.719</speed><sat>23</sat></trkpt>
  <trkpt lat="14.98888676" lon="102.09519079"><ele>153.917</ele><time>2025-01-14T01:31:06Z</time><speed>0.942</speed><sat>26</sat></trkpt>
  <trkpt lat="14.98887941" lon="102.09518871"><ele>153.944</ele><time>2025-01-14T01:31:07Z</time><speed>0.889</speed><sat>26</sat></trkpt>
  <trkpt lat="14.98886861" lon="102.09518588"><ele>154.204</ele><time>2025-01-14T01:31:08Z</time><speed>1.315</speed><sat>25</sat></trkpt>
  <trkpt lat="14.98886107" lon="102.09518374"><ele>154.168</ele><time>2025-01-14T01:31:09Z</time><speed>1.300</speed><sat>26</sat></trkpt>
  <trkpt lat="14.98884536" lon="102.09517823"><ele>154.058</ele><time>2025-01-14T01:31:10Z</time><speed>1.475</speed><sat>26</sat></trkpt>
  <trkpt lat="14.98882843" lon="102.09517335"><ele>154.001</ele><time>2025-01-14T01:31:11Z</time><speed>1.518</speed><sat>26</sat></trkpt>
  <trkpt lat="14.98881655" lon="102.09517114"><ele>153.954</ele><time>2025-01-14T01:31:12Z</time><speed>1.666</speed><sat>27</sat></trkpt>
  <trkpt lat="14.98879956" lon="102.09516210"><ele>153.805</ele><time>2025-01-14T01:31:13Z</time><speed>1.968</speed><sat>27</sat></trkpt>
  <trkpt lat="14.98878127" lon="102.09515344"><ele>154.042</ele><time>2025-01-14T01:31:14Z</time><speed>2.100</speed><sat>27</sat></trkpt>
  <trkpt lat="14.98875926" lon="102.09514642"><ele>154.096</ele><time>2025-01-14T01:31:15Z</time><speed>2.202</speed><sat>27</sat></trkpt>
  <trkpt lat="14.98873420" lon="102.09514170"><ele>154.311</ele><time>2025-01-14T01:31:16Z</time><speed>2.287</speed><sat>27</sat></trkpt>
  <trkpt lat="14.98871464" lon="102.09513890"><ele>154.426</ele><time>2025-01-14T01:31:17Z</time><speed>2.076</speed><sat>26</sat></trkpt>
  <trkpt lat="14.98869259" lon="102.09514244"><ele>154.524</ele><time>2025-01-14T01:31:18Z</time><speed>1.962</speed><sat>26</sat></trkpt>
  <trkpt lat="14.98867164" lon="102.09514351"><ele>154.904</ele><time>2025-01-14T01:31:19Z</time><speed>1.876</speed><sat>25</sat></trkpt>
  <trkpt lat="14.98865274" lon="102.09514533"><ele>154.693</ele><time>2025-01-14T01:31:20Z</time><speed>1.676</speed><sat>25</sat></trkpt>
  <trkpt lat="14.98864452" lon="102.09513982"><ele>154.735</ele><time>2025-01-14T01:31:21Z</time><speed>1.049</speed><sat>25</sat></trkpt>
  <trkpt lat="14.98863961" lon="102.09513646"><ele>154.470</ele><time>2025-01-14T01:31:22Z</time><speed>0.383</speed><sat>25</sat></trkpt>
  <trkpt lat="14.98863753" lon="102.09513301"><ele>154.306</ele><time>2025-01-14T01:31:23Z</time><speed>0.000</speed><sat>24</sat></trkpt>
  <trkpt lat="14.98863753" lon="102.09513301"><ele>154.216</ele><time>2025-01-14T01:31:24Z</time><speed>0.000</speed><sat>23</sat></trkpt>
  <trkpt lat="14.98863753" lon="102.09513301"><ele>154.118</ele><time>2025-01-14T01:31:25Z</time><speed>0.000</speed><sat>25</sat></trkpt>
  <trkpt lat="14.98863753" lon="102.09513301"><ele>154.074</ele><time>2025-01-14T01:31:26Z</time><speed>0.000</speed><sat>23</sat></trkpt>
  <trkpt lat="14.98863753" lon="102.09513301"><ele>153.824</ele><time>2025-01-14T01:31:27Z</time><speed>0.000</speed><sat>21</sat></trkpt>
  <trkpt lat="14.98863753" lon="102.09513301"><ele>153.593</ele><time>2025-01-14T01:31:28Z</time><speed>0.000</speed><sat>20</sat></trkpt>
  <trkpt lat="14.98863753" lon="102.09513301"><ele>153.368</ele><time>2025-01-14T01:31:29Z</time><speed>0.000</speed><sat>23</sat></trkpt>
  <trkpt lat="14.98863753" lon="102.09513301"><ele>153.273</ele><time>2025-01-14T01:31:30Z</time><speed>0.000</speed><sat>23</sat></trkpt>
  <trkpt lat="14.98863753" lon="102.09513301"><ele>153.493</ele><time>2025-01-14T01:31:31Z</time><speed>0.000</speed><sat>23</sat></trkpt>
  <trkpt lat="14.98863753" lon="102.09513301"><ele>153.527</ele><time>2025-01-14T01:31:32Z</time><speed>0.000</speed><sat>25</sat></trkpt>
  <trkpt lat="14.98863753" lon="102.09513301"><ele>153.612</ele><time>2025-01-14T01:31:33Z</time><speed>0.000</speed><sat>25</sat></trkpt>
  <trkpt lat="14.98863753" lon="102.09513301"><ele>153.575</ele><time>2025-01-14T01:31:34Z</time><speed>0.000</speed><sat>24</sat></trkpt>
  <trkpt lat="14.98863753" lon="102.09513301"><ele>153.716</ele><time>2025-01-14T01:31:35Z</time><speed>0.000</speed><sat>23</sat></trkpt>
  <trkpt lat="14.98863753" lon="102.09513301"><ele>153.856</ele><time>2025-01-14T01:31:36Z</time><speed>0.000</speed><sat>24</sat></trkpt>
  <trkpt lat="14.98863753" lon="102.09513301"><ele>154.144</ele><time>2025-01-14T01:31:37Z</time><speed>0.000</speed><sat>25</sat></trkpt>
  <trkpt lat="14.98863753" lon="102.09513301"><ele>154.165</ele><time>2025-01-14T01:31:38Z</time><speed>0.000</speed><sat>25</sat></trkpt>
  <trkpt lat="14.98863753" lon="102.09513301"><ele>154.153</ele><time>2025-01-14T01:31:39Z</time><speed>0.000</speed><sat>26</sat></trkpt>
  <trkpt lat="14.98863753" lon="102.09513301"><ele>154.237</ele><time>2025-01-14T01:31:40Z</time><speed>0.000</speed><sat>26</sat></trkpt>
  <trkpt lat="14.98863600" lon="102.09512124"><ele>154.202</ele><time>2025-01-14T01:31:41Z</time><speed>0.779</speed><sat>26</sat></trkpt>
  <trkpt lat="14.98862674" lon="102.09512280"><ele>154.362</ele><time>2025-01-14T01:31:42Z</time><speed>1.074</speed><sat>24</sat></trkpt>
  <trkpt lat="14.98862179" lon="102.09512253"><ele>154.185</ele><time>2025-01-14T01:31:43Z</time><speed>0.565</speed><sat>21</sat></trkpt>
  <trkpt lat="14.98861745" lon="102.09512213"><ele>154.209</ele><time>2025-01-14T01:31:44Z</time><speed>0.471</speed><sat>24</sat></trkpt>
  <trkpt lat="14.98861026" lon="102.09512248"><ele>154.286</ele><time>2025-01-14T01:31:45Z</time><speed>0.818</speed><sat>25</sat></trkpt>
  <trkpt lat="14.98860555" lon="102.09512131"><ele>154.414</ele><time>2025-01-14T01:31:46Z</time><speed>1.422</speed><sat>25</sat></trkpt>
  <trkpt lat="14.98858902" lon="102.09512303"><ele>154.214</ele><time>2025-01-14T01:31:47Z</time><speed>1.638</speed><sat>25</sat></trkpt>
  <trkpt lat="14.98857864" lon="102.09512572"><ele>154.407</ele><time>2025-01-14T01:31:48Z</time><speed>0.969</speed><sat>26</sat></trkpt>
  <trkpt lat="14.98857402" lon="102.09512855"><ele>154.698</ele><time>2025-01-14T01:31:49Z</time><speed>0.764</speed><sat>26</sat></trkpt>
  <trkpt lat="14.98856279" lon="102.09512951"><ele>154.575</ele><time>2025-01-14T01:31:50Z</time><speed>1.164</speed><sat>26</sat></trkpt>
  <trkpt lat="14.98854563" lon="102.09512944"><ele>154.570</ele><time>2025-01-14T01:31:51Z</time><speed>1.713</speed><sat>27</sat></trkpt>
  <trkpt lat="14.98852608" lon="102.09513280"><ele>154.413</ele><time>2025-01-14T01:31:52Z</time><speed>2.182</speed><sat>25</sat></trkpt>
  <trkpt lat="14.98850146" lon="102.09513559"><ele>154.496</ele><time>2025-01-14T01:31:53Z</time><speed>2.749</speed><sat>26</sat></trkpt>
  <trkpt lat="14.98846749" lon="102.09513762"><ele>154.690</ele><time>2025-01-14T01:31:54Z</time><speed>3.807</speed><sat>25</sat></trkpt>
  <trkpt lat="14.98842687" lon="102.09514040"><ele>154.607</ele><time>2025-01-14T01:31:55Z</time><speed>4.470</speed><sat>26</sat></trkpt>
  <trkpt lat="14.98838542" lon="102.09514029"><ele>154.588</ele><time>2025-01-14T01:31:56Z</time><speed>4.509</speed><sat>24</sat></trkpt>
  <trkpt lat="14.98834250" lon="102.09514355"><ele>154.428</ele><time>2025-01-14T01:31:57Z</time><speed>4.725</speed><sat>24</sat></trkpt>
  <trkpt lat="14.98829533" lon="102.09514479"><ele>153.950</ele><time>2025-01-14T01:31:58Z</time><speed>4.959</speed><sat>26</sat></trkpt>
  <trkpt lat="14.98825285" lon="102.09515093"><ele>154.237</ele><time>2025-01-14T01:31:59Z</time><speed>4.651</speed><sat>25</sat></trkpt>
  <trkpt lat="14.98821009" lon="102.09515765"><ele>154.502</ele><time>2025-01-14T01:32:00Z</time><speed>4.276</speed><sat>24</sat></trkpt>
  <trkpt lat="14.98817637" lon="102.09516666"><ele>154.742</ele><time>2025-01-14T01:32:01Z</time><speed>3.819</speed><sat>23</sat></trkpt>
  <trkpt lat="14.98815379" lon="102.09519061"><ele>154.213</ele><time>2025-01-14T01:32:02Z</time><speed>3.409</speed><sat>25</sat></trkpt>
  <trkpt lat="14.98813264" lon="102.09521161"><ele>154.468</ele><time>2025-01-14T01:32:03Z</time><speed>3.252</speed><sat>26</sat></trkpt>
  <trkpt lat="14.98812061" lon="102.09523467"><ele>154.791</ele><time>2025-01-14T01:32:04Z</time><speed>3.060</speed><sat>27</sat></trkpt>
  <trkpt lat="14.98811018" lon="102.09525556"><ele>154.810</ele><time>2025-01-14T01:32:05Z</time><speed>2.802</speed><sat>26</sat></trkpt>
  <trkpt lat="14.98810146" lon="102.09527212"><ele>154.816</ele><time>2025-01-14T01:32:06Z</time><speed>2.331</speed><sat>27</sat></trkpt>
  <trkpt lat="14.98809401" lon="102.09528871"><ele>154.893</ele><time>2025-01-14T01:32:07Z</time><speed>2.064</speed><sat>24</sat></trkpt>
  <trkpt lat="14.98808980" lon="102.09529919"><ele>154.984</ele><time>2025-01-14T01:32:08Z</time><speed>1.367</speed><sat>24</sat></trkpt>
  <trkpt lat="14.98808886" lon="102.09530389"><ele>155.149</ele><time>2025-01-14T01:32:09Z</time><speed>0.619</speed><sat>25</sat></trkpt>
  <trkpt lat="14.98808979" lon="102.09530541"><ele>155.290</ele><time>2025-01-14T01:32:10Z</time><speed>0.000</speed><sat>22</sat></trkpt>
  <trkpt lat="14.98808979" lon="102.09530541"><ele>155.296</ele><time>2025-01-14T01:32:11Z</time><speed>0.000</speed><sat>24</sat></trkpt>
  <trkpt lat="14.98808979" lon="102.09530541"><ele>155.565</ele><time>2025-01-14T01:32:12Z</time><speed>0.000</speed><sat>24</sat></trkpt>
  <trkpt lat="14.98808979" lon="102.09530541"><ele>155.508</ele><time>2025-01-14T01:32:13Z</time><speed>0.000</speed><sat>21</sat></trkpt>
  <trkpt lat="14.98808979" lon="102.09530541"><ele>155.556</ele><time>2025-01-14T01:32:14Z</time><speed>0.000</speed><sat>22</sat></trkpt>
  <trkpt lat="14.98808979" lon="102.09530541"><ele>155.674</ele><time>2025-01-14T01:32:15Z</time><speed>0.000</speed><sat>21</sat></trkpt>
  <trkpt lat="14.98808979" lon="102.09530541"><ele>155.763</ele><time>2025-01-14T01:32:16Z</time><speed>0.000</speed><sat>22</sat></trkpt>
  <trkpt lat="14.98808979" lon="102.09530541"><ele>155.860</ele><time>2025-01-14T01:32:17Z</time><speed>0.000</speed><sat>22</sat></trkpt>
  <trkpt lat="14.98808979" lon="102.09530541"><ele>155.911</ele><time>2025-01-14T01:32:18Z</time><speed>0.000</speed><sat>23</sat></trkpt>
  <trkpt lat="14.98808979" lon="102.09530541"><ele>155.802</ele><time>2025-01-14T01:32:19Z</time><speed>0.000</speed><sat>23</sat></trkpt>
  <trkpt lat="14.98808979" lon="102.09530541"><ele>155.712</ele><time>2025-01-14T01:32:20Z</time><speed>0.000</speed><sat>23</sat></trkpt>
  <trkpt lat="14.98808979" lon="102.09530541"><ele>155.564</ele><time>2025-01-14T01:32:21Z</time><speed>0.000</speed><sat>23</sat></trkpt>
  <trkpt lat="14.98808979" lon="102.09530541"><ele>155.484</ele><time>2025-01-14T01:32:22Z</time><speed>0.000</speed><sat>22</sat></trkpt>
  <trkpt lat="14.98808979" lon="102.09530541"><ele>155.294</ele><time>2025-01-14T01:32:23Z</time><speed>0.000</speed><sat>23</sat></trkpt>
  <trkpt lat="14.98808979" lon="102.09530541"><ele>155.131</ele><time>2025-01-14T01:32:24Z</time><speed>0.000</speed><sat>23</sat></trkpt>
  <trkpt lat="14.98808979" lon="102.09530541"><ele>154.933</ele><time>2025-01-14T01:32:25Z</time><speed>0.000</speed><sat>23</sat></trkpt>
  <trkpt lat="14.98808979" lon="102.09530541"><ele>154.867</ele><time>2025-01-14T01:32:26Z</time><speed>0.000</speed><sat>22</sat></trkpt>
  <trkpt lat="14.98808979" lon="102.09530541"><ele>154.753</ele><time>2025-01-14T01:32:27Z</time><speed>0.000</speed><sat>22</sat></trkpt>
  <trkpt lat="14.98808979" lon="102.09530541"><ele>154.594</ele><time>2025-01-14T01:32:28Z</time><speed>0.000</speed><sat>22</sat></trkpt>
  <trkpt lat="14.98808979" lon="102.09530541"><ele>154.464</ele><time>2025-01-14T01:32:29Z</time><speed>0.000</speed><sat>22</sat></trkpt>
  <trkpt lat="14.98808979" lon="102.09530541"><ele>154.311</ele><time>2025-01-14T01:32:30Z</time><speed>0.000</speed><sat>23</sat></trkpt>
  <trkpt lat="14.98808979" lon="102.09530541"><ele>154.225</ele><time>2025-01-14T01:32:31Z</time><speed>0.000</speed><sat>23</sat></trkpt>
  <trkpt lat="14.98808979" lon="102.09530541"><ele>154.149</ele><time>2025-01-14T01:32:32Z</time><speed>0.000</speed><sat>23</sat></trkpt>
  <trkpt lat="14.98808979" lon="102.09530541"><ele>154.072</ele><time>2025-01-14T01:32:33Z</time><speed>0.000</speed><sat>22</sat></trkpt>
  <trkpt lat="14.98808979" lon="102.09530541"><ele>154.015</ele><time>2025-01-14T01:32:34Z</time><speed>0.000</speed><sat>22</sat></trkpt>
  <trkpt lat="14.98808979" lon="102.09530541"><ele>153.924</ele><time>2025-01-14T01:32:35Z</time><speed>0.000</speed><sat>23</sat></trkpt>
  <trkpt lat="14.98810775" lon="102.09531952"><ele>153.842</ele><time>2025-01-14T01:32:36Z</time><speed>0.339</speed><sat>23</sat></trkpt>
  <trkpt lat="14.98810123" lon="102.09532886"><ele>153.649</ele><time>2025-01-14T01:32:37Z</time><speed>1.279</speed><sat>23</sat></trkpt>
  <trkpt lat="14.98809233" lon="102.09534157"><ele>153.577</ele><time>2025-01-14T01:32:38Z</time><speed>1.739</speed><sat>24</sat></trkpt>
  <trkpt lat="14.98807840" lon="102.09535962"><ele>153.439</ele><time>2025-01-14T01:32:39Z</time><speed>2.558</speed><sat>24</sat></trkpt>
  <trkpt lat="14.98806076" lon="102.09538016"><ele>153.185</ele><time>2025-01-14T01:32:40Z</time><speed>2.940</speed><sat>24</sat></trkpt>
  <trkpt lat="14.98803969" lon="102.09540437"><ele>152.970</ele><time>2025-01-14T01:32:41Z</time><speed>3.312</speed><sat>27</sat></trkpt>
  <trkpt lat="14.98801168" lon="102.09543459"><ele>152.575</ele><time>2025-01-14T01:32:42Z</time><speed>4.367</speed><sat>27</sat></trkpt>
  <trkpt lat="14.98797911" lon="102.09546931"><ele>152.820</ele><time>2025-01-14T01:32:43Z</time><speed>5.029</speed><sat>27</sat></trkpt>
  <trkpt lat="14.98794118" lon="102.09550591"><ele>152.995</ele><time>2025-01-14T01:32:44Z</time><speed>5.753</speed><sat>21</sat></trkpt>
  <trkpt lat="14.98790037" lon="102.09553943"><ele>153.188</ele><time>2025-01-14T01:32:45Z</time><speed>5.640</speed><sat>23</sat></trkpt>
  <trkpt lat="14.98785819" lon="102.09557285"><ele>153.318</ele><time>2025-01-14T01:32:46Z</time><speed>5.251</speed><sat>26</sat></trkpt>
  <trkpt lat="14.98781987" lon="102.09558665"><ele>153.249</ele><time>2025-01-14T01:32:47Z</time><speed>4.541</speed><sat>24</sat></trkpt>
  <trkpt lat="14.98778077" lon="102.09559753"><ele>153.291</ele><time>2025-01-14T01:32:48Z</time><speed>4.469</speed><sat>25</sat></trkpt>
  <trkpt lat="14.98773440" lon="102.09558807"><ele>153.329</ele><time>2025-01-14T01:32:49Z</time><speed>5.195</speed><sat>26</sat></trkpt>
  <trkpt lat="14.98768439" lon="102.09557690"><ele>153.330</ele><time>2025-01-14T01:32:50Z</time><speed>5.474</speed><sat>25</sat></trkpt>
  <trkpt lat="14.98762717" lon="102.09554140"><ele>153.590</ele><time>2025-01-14T01:32:51Z</time><speed>6.853</speed><sat>27</sat></trkpt>
  <trkpt lat="14.98756636" lon="102.09549639"><ele>153.481</ele><time>2025-01-14T01:32:52Z</time><speed>7.946</speed><sat>27</sat></trkpt>
  <trkpt lat="14.98749759" lon="102.09544504"><ele>153.431</ele><time>2025-01-14T01:32:53Z</time><speed>9.094</speed><sat>23</sat></trkpt>
  <trkpt lat="14.98742253" lon="102.09538967"><ele>153.355</ele><time>2025-01-14T01:32:54Z</time><speed>9.889</speed><sat>24</sat></trkpt>
  <trkpt lat="14.98734699" lon="102.09533327"><ele>153.527</ele><time>2025-01-14T01:32:55Z</time><speed>10.017</speed><sat>23</sat></trkpt>
  <trkpt lat="14.98727132" lon="102.09527707"><ele>153.371</ele><time>2025-01-14T01:32:56Z</time><speed>10.112</speed><sat>23</sat></trkpt>
  <trkpt lat="14.98719097" lon="102.09521729"><ele>153.070</ele><time>2025-01-14T01:32:57Z</time><speed>10.441</speed><sat>24</sat></trkpt>
  <trkpt lat="14.98710408" lon="102.09514941"><ele>153.163</ele><time>2025-01-14T01:32:58Z</time><speed>11.278</speed><sat>23</sat></trkpt>
  <trkpt lat="14.98701271" lon="102.09508165"><ele>153.074</ele><time>2025-01-14T01:32:59Z</time><speed>11.491</speed><sat>23</sat></trkpt>
  <trkpt lat="14.98692266" lon="102.09501784"><ele>152.801</ele><time>2025-01-14T01:33:00Z</time><speed>12.004</speed><sat>23</sat></trkpt>
  <trkpt lat="14.98682857" lon="102.09495055"><ele>152.584</ele><time>2025-01-14T01:33:01Z</time><speed>12.487</speed><sat>25</sat></trkpt>
  <trkpt lat="14.98673098" lon="102.09487780"><ele>152.643</ele><time>2025-01-14T01:33:02Z</time><speed>13.112</speed><sat>23</sat></trkpt>
  <trkpt lat="14.98662860" lon="102.09480296"><ele>152.243</ele><time>2025-01-14T01:33:03Z</time><speed>13.609</speed><sat>26</sat></trkpt>
  <trkpt lat="14.98652072" lon="102.09472348"><ele>152.061</ele><time>2025-01-14T01:33:04Z</time><speed>14.440</speed><sat>26</sat></trkpt>
  <trkpt lat="14.98640926" lon="102.09464294"><ele>152.016</ele><time>2025-01-14T01:33:05Z</time><speed>14.861</speed><sat>25</sat></trkpt>
  <trkpt lat="14.98629811" lon="102.09456171"><ele>152.062</ele><time>2025-01-14T01:33:06Z</time><speed>14.794</speed><sat>25</sat></trkpt>
  <trkpt lat="14.98618868" lon="102.09448288"><ele>151.724</ele><time>2025-01-14T01:33:07Z</time><speed>14.729</speed><sat>23</sat></trkpt>
  <trkpt lat="14.98607775" lon="102.09440275"><ele>151.700</ele><time>2025-01-14T01:33:08Z</time><speed>14.995</speed><sat>23</sat></trkpt>
  <trkpt lat="14.98596407" lon="102.09432077"><ele>151.484</ele><time>2025-01-14T01:33:09Z</time><speed>15.299</speed><sat>25</sat></trkpt>
  <trkpt lat="14.98584857" lon="102.09423489"><ele>151.367</ele><time>2025-01-14T01:33:10Z</time><speed>15.691</speed><sat>23</sat></trkpt>
  <trkpt lat="14.98573305" lon="102.09414789"><ele>151.190</ele><time>2025-01-14T01:33:11Z</time><speed>15.701</speed><sat>24</sat></trkpt>
  <trkpt lat="14.98561768" lon="102.09406107"><ele>151.149</ele><time>2025-01-14T01:33:12Z</time><speed>15.790</speed><sat>24</sat></trkpt>
  <trkpt lat="14.98550192" lon="102.09397313"><ele>151.665</ele><time>2025-01-14T01:33:13Z</time><speed>15.875</speed><sat>24</sat></trkpt>
  <trkpt lat="14.98538710" lon="102.09388637"><ele>151.798</ele><time>2025-01-14T01:33:14Z</time><speed>15.835</speed><sat>23</sat></trkpt>
  <trkpt lat="14.98527292" lon="102.09380259"><ele>151.717</ele><time>2025-01-14T01:33:15Z</time><speed>15.849</speed><sat>24</sat></trkpt>
  <trkpt lat="14.98515641" lon="102.09372072"><ele>151.516</ele><time>2025-01-14T01:33:16Z</time><speed>15.640</speed><sat>22</sat></trkpt>
  <trkpt lat="14.98503839" lon="102.09363868"><ele>151.201</ele><time>2025-01-14T01:33:17Z</time><speed>15.677</speed><sat>25</sat></trkpt>
  <trkpt lat="14.98492119" lon="102.09355706"><ele>150.921</ele><time>2025-01-14T01:33:18Z</time><speed>15.485</speed><sat>26</sat></trkpt>
  <trkpt lat="14.98480509" lon="102.09347775"><ele>150.658</ele><time>2025-01-14T01:33:19Z</time><speed>15.329</speed><sat>27</sat></trkpt>
  <trkpt lat="14.98469504" lon="102.09340114"><ele>150.542</ele><time>2025-01-14T01:33:20Z</time><speed>14.814</speed><sat>26</sat></trkpt>
  <trkpt lat="14.98458554" lon="102.09332737"><ele>150.972</ele><time>2025-01-14T01:33:21Z</time><speed>14.593</speed><sat>24</sat></trkpt>
  <trkpt lat="14.98447558" lon="102.09325341"><ele>151.066</ele><time>2025-01-14T01:33:22Z</time><speed>14.787</speed><sat>26</sat></trkpt>
  <trkpt lat="14.98436369" lon="102.09317626"><ele>150.958</ele><time>2025-01-14T01:33:23Z</time><speed>15.088</speed><sat>28</sat></trkpt>
  <trkpt lat="14.98425153" lon="102.09309771"><ele>150.865</ele><time>2025-01-14T01:33:24Z</time><speed>14.977</speed><sat>27</sat></trkpt>
  <trkpt lat="14.98414396" lon="102.09302336"><ele>150.801</ele><time>2025-01-14T01:33:25Z</time><speed>14.478</speed><sat>28</sat></trkpt>
  <trkpt lat="14.98404073" lon="102.09295271"><ele>150.808</ele><time>2025-01-14T01:33:26Z</time><speed>13.860</speed><sat>27</sat></trkpt>
  <trkpt lat="14.98394172" lon="102.09288649"><ele>150.857</ele><time>2025-01-14T01:33:27Z</time><speed>13.271</speed><sat>24</sat></trkpt>
  <trkpt lat="14.98384562" lon="102.09282223"><ele>150.673</ele><time>2025-01-14T01:33:28Z</time><speed>12.929</speed><sat>27</sat></trkpt>
  <trkpt lat="14.98375467" lon="102.09275891"><ele>151.136</ele><time>2025-01-14T01:33:29Z</time><speed>12.292</speed><sat>26</sat></trkpt>
  <trkpt lat="14.98366979" lon="102.09270095"><ele>151.084</ele><time>2025-01-14T01:33:30Z</time><speed>11.294</speed><sat>26</sat></trkpt>
  <trkpt lat="14.98358496" lon="102.09264296"><ele>151.179</ele><time>2025-01-14T01:33:31Z</time><speed>10.319</speed><sat>26</sat></trkpt>
  <trkpt lat="14.98351520" lon="102.09259426"><ele>151.187</ele><time>2025-01-14T01:33:32Z</time><speed>9.344</speed><sat>28</sat></trkpt>
  <trkpt lat="14.98345122" lon="102.09254742"><ele>151.218</ele><time>2025-01-14T01:33:33Z</time><speed>8.889</speed><sat>26</sat></trkpt>
  <trkpt lat="14.98338985" lon="102.09250291"><ele>151.187</ele><time>2025-01-14T01:33:34Z</time><speed>8.339</speed><sat>27</sat></trkpt>
  <trkpt lat="14.98333241" lon="102.09246257"><ele>151.041</ele><time>2025-01-14T01:33:35Z</time><speed>7.553</speed><sat>24</sat></trkpt>
  <trkpt lat="14.98327939" lon="102.09242625"><ele>150.862</ele><time>2025-01-14T01:33:36Z</time><speed>6.969</speed><sat>26</sat></trkpt>
  <trkpt lat="14.98323232" lon="102.09239355"><ele>150.626</ele><time>2025-01-14T01:33:37Z</time><speed>6.170</speed><sat>24</sat></trkpt>
  <trkpt lat="14.98318822" lon="102.09236324"><ele>150.518</ele><time>2025-01-14T01:33:38Z</time><speed>5.810</speed><sat>25</sat></trkpt>
  <trkpt lat="14.98314711" lon="102.09233452"><ele>150.635</ele><time>2025-01-14T01:33:39Z</time><speed>5.484</speed><sat>23</sat></trkpt>
  <trkpt lat="14.98310779" lon="102.09230719"><ele>150.546</ele><time>2025-01-14T01:33:40Z</time><speed>5.229</speed><sat>24</sat></trkpt>
  <trkpt lat="14.98306871" lon="102.09227930"><ele>150.532</ele><time>2025-01-14T01:33:41Z</time><speed>5.284</speed><sat>25</sat></trkpt>
  <trkpt lat="14.98302553" lon="102.09224881"><ele>150.352</ele><time>2025-01-14T01:33:42Z</time><speed>5.744</speed><sat>25</sat></trkpt>
  <trkpt lat="14.98297746" lon="102.09221532"><ele>150.144</ele><time>2025-01-14T01:33:43Z</time><speed>6.436</speed><sat>23</sat></trkpt>
  <trkpt lat="14.98292629" lon="102.09217951"><ele>150.061</ele><time>2025-01-14T01:33:44Z</time><speed>6.791</speed><sat>27</sat></trkpt>
  <trkpt lat="14.98287350" lon="102.09214093"><ele>150.021</ele><time>2025-01-14T01:33:45Z</time><speed>7.120</speed><sat>25</sat></trkpt>
  <trkpt lat="14.98281911" lon="102.09210343"><ele>150.216</ele><time>2025-01-14T01:33:46Z</time><speed>7.098</speed><sat>24</sat></trkpt>
  <trkpt lat="14.98276290" lon="102.09206169"><ele>149.913</ele><time>2025-01-14T01:33:47Z</time><speed>7.483</speed><sat>25</sat></trkpt>
  <trkpt lat="14.98270953" lon="102.09201790"><ele>150.024</ele><time>2025-01-14T01:33:48Z</time><speed>7.515</speed><sat>25</sat></trkpt>
  <trkpt lat="14.98265562" lon="102.09197371"><ele>149.883</ele><time>2025-01-14T01:33:49Z</time><speed>7.385</speed><sat>24</sat></trkpt>
  <trkpt lat="14.98260507" lon="102.09193443"><ele>149.799</ele><time>2025-01-14T01:33:50Z</time><speed>6.919</speed><sat>23</sat></trkpt>
  <trkpt lat="14.98256049" lon="102.09189666"><ele>149.847</ele><time>2025-01-14T01:33:51Z</time><speed>6.559</speed><sat>22</sat></trkpt>
  <trkpt lat="14.98251720" lon="102.09185880"><ele>149.661</ele><time>2025-01-14T01:33:52Z</time><speed>6.405</speed><sat>24</sat></trkpt>
  <trkpt lat="14.98246866" lon="102.09181920"><ele>149.726</ele><time>2025-01-14T01:33:53Z</time><speed>6.774</speed><sat>26</sat></trkpt>
  <trkpt lat="14.98241629" lon="102.09178049"><ele>149.854</ele><time>2025-01-14T01:33:54Z</time><speed>7.329</speed><sat>25</sat></trkpt>
  <trkpt lat="14.98236551" lon="102.09174423"><ele>149.890</ele><time>2025-01-14T01:33:55Z</time><speed>7.549</speed><sat>25</sat></trkpt>
  <trkpt lat="14.98230543" lon="102.09170369"><ele>149.919</ele><time>2025-01-14T01:33:56Z</time><speed>8.018</speed><sat>24</sat></trkpt>
  <trkpt lat="14.98224051" lon="102.09166050"><ele>149.951</ele><time>2025-01-14T01:33:57Z</time><speed>8.719</speed><sat>26</sat></trkpt>
  <trkpt lat="14.98217300" lon="102.09161325"><ele>149.993</ele><time>2025-01-14T01:33:58Z</time><speed>9.133</speed><sat>26</sat></trkpt>
  <trkpt lat="14.98210551" lon="102.09156680"><ele>149.829</ele><time>2025-01-14T01:33:59Z</time><speed>9.046</speed><sat>26</sat></trkpt>
  <trkpt lat="14.98204185" lon="102.09152132"><ele>149.893</ele><time>2025-01-14T01:34:00Z</time><speed>8.466</speed><sat>25</sat></trkpt>
  <trkpt lat="14.98198442" lon="102.09148158"><ele>150.383</ele><time>2025-01-14T01:34:01Z</time><speed>7.580</speed><sat>27</sat></trkpt>
  <trkpt lat="14.98192942" lon="102.09144390"><ele>150.526</ele><time>2025-01-14T01:34:02Z</time><speed>7.081</speed><sat>28</sat></trkpt>
  <trkpt lat="14.98187388" lon="102.09140579"><ele>150.458</ele><time>2025-01-14T01:34:03Z</time><speed>7.226</speed><sat>26</sat></trkpt>
  <trkpt lat="14.98181481" lon="102.09136447"><ele>150.440</ele><time>2025-01-14T01:34:04Z</time><speed>7.843</speed><sat>25</sat></trkpt>
  <trkpt lat="14.98175022" lon="102.09131900"><ele>150.510</ele><time>2025-01-14T01:34:05Z</time><speed>8.442</speed><sat>26</sat></trkpt>
  <trkpt lat="14.98168067" lon="102.09127110"><ele>150.473</ele><time>2025-01-14T01:34:06Z</time><speed>9.041</speed><sat>25</sat></trkpt>
  <trkpt lat="14.98160824" lon="102.09121983"><ele>150.376</ele><time>2025-01-14T01:34:07Z</time><speed>9.577</speed><sat>25</sat></trkpt>
  <trkpt lat="14.98153213" lon="102.09116520"><ele>150.508</ele><time>2025-01-14T01:34:08Z</time><speed>10.313</speed><sat>24</sat></trkpt>
  <trkpt lat="14.98145122" lon="102.09110692"><ele>150.369</ele><time>2025-01-14T01:34:09Z</time><speed>10.863</speed><sat>25</sat></trkpt>
  <trkpt lat="14.98136556" lon="102.09104666"><ele>150.446</ele><time>2025-01-14T01:34:10Z</time><speed>11.034</speed><sat>25</sat></trkpt>
  <trkpt lat="14.98127995" lon="102.09098435"><ele>150.772</ele><time>2025-01-14T01:34:11Z</time><speed>11.446</speed><sat>23</sat></trkpt>
  <trkpt lat="14.98118718" lon="102.09091842"><ele>150.808</ele><time>2025-01-14T01:34:12Z</time><speed>11.469</speed><sat>24</sat></trkpt>
  <trkpt lat="14.98109375" lon="102.09085269"><ele>150.786</ele><time>2025-01-14T01:34:13Z</time><speed>11.535</speed><sat>22</sat></trkpt>
  <trkpt lat="14.98100497" lon="102.09079266"><ele>151.162</ele><time>2025-01-14T01:34:14Z</time><speed>11.926</speed><sat>24</sat></trkpt>
  <trkpt lat="14.98091837" lon="102.09073122"><ele>151.232</ele><time>2025-01-14T01:34:15Z</time><speed>11.644</speed><sat>19</sat></trkpt>
  <trkpt lat="14.98083258" lon="102.09067133"><ele>151.506</ele><time>2025-01-14T01:34:16Z</time><speed>11.369</speed><sat>20</sat></trkpt>
  <trkpt lat="14.98074892" lon="102.09060868"><ele>151.648</ele><time>2025-01-14T01:34:17Z</time><speed>11.392</speed><sat>20</sat></trkpt>
  <trkpt lat="14.98066371" lon="102.09054559"><ele>151.558</ele><time>2025-01-14T01:34:18Z</time><speed>11.556</speed><sat>24</sat></trkpt>
  <trkpt lat="14.98058288" lon="102.09048459"><ele>151.430</ele><time>2025-01-14T01:34:19Z</time><speed>11.154</speed><sat>24</sat></trkpt>
  <trkpt lat="14.98050729" lon="102.09042768"><ele>151.170</ele><time>2025-01-14T01:34:20Z</time><speed>10.688</speed><sat>25</sat></trkpt>
  <trkpt lat="14.98043218" lon="102.09037096"><ele>151.752</ele><time>2025-01-14T01:34:21Z</time><speed>10.425</speed><sat>23</sat></trkpt>
  <trkpt lat="14.98035481" lon="102.09031318"><ele>151.788</ele><time>2025-01-14T01:34:22Z</time><speed>10.321</speed><sat>22</sat></trkpt>
  <trkpt lat="14.98028052" lon="102.09025780"><ele>151.899</ele><time>2025-01-14T01:34:23Z</time><speed>9.953</speed><sat>23</sat></trkpt>
  <trkpt lat="14.98021756" lon="102.09021228"><ele>151.407</ele><time>2025-01-14T01:34:24Z</time><speed>8.563</speed><sat>24</sat></trkpt>
  <trkpt lat="14.98016431" lon="102.09017109"><ele>151.612</ele><time>2025-01-14T01:34:25Z</time><speed>7.656</speed><sat>21</sat></trkpt>
  <trkpt lat="14.98011522" lon="102.09013407"><ele>151.710</ele><time>2025-01-14T01:34:26Z</time><speed>6.969</speed><sat>25</sat></trkpt>
  <trkpt lat="14.98006525" lon="102.09010091"><ele>151.661</ele><time>2025-01-14T01:34:27Z</time><speed>7.020</speed><sat>23</sat></trkpt>
  <trkpt lat="14.98001268" lon="102.09006471"><ele>151.861</ele><time>2025-01-14T01:34:28Z</time><speed>6.982</speed><sat>26</sat></trkpt>
  <trkpt lat="14.97996309" lon="102.09002839"><ele>151.908</ele><time>2025-01-14T01:34:29Z</time><speed>6.775</speed><sat>25</sat></trkpt>
  <trkpt lat="14.97990965" lon="102.08998750"><ele>152.169</ele><time>2025-01-14T01:34:30Z</time><speed>6.956</speed><sat>26</sat></trkpt>
  <trkpt lat="14.97986098" lon="102.08995017"><ele>152.377</ele><time>2025-01-14T01:34:31Z</time><speed>6.632</speed><sat>25</sat></trkpt>
  <trkpt lat="14.97981488" lon="102.08991247"><ele>152.654</ele><time>2025-01-14T01:34:32Z</time><speed>6.614</speed><sat>26</sat></trkpt>
  <trkpt lat="14.97976852" lon="102.08986882"><ele>152.885</ele><time>2025-01-14T01:34:33Z</time><speed>6.829</speed><sat>23</sat></trkpt>
  <trkpt lat="14.97972340" lon="102.08982516"><ele>152.813</ele><time>2025-01-14T01:34:34Z</time><speed>6.775</speed><sat>24</sat></trkpt>
  <trkpt lat="14.97968342" lon="102.08977453"><ele>152.572</ele><time>2025-01-14T01:34:35Z</time><speed>6.713</speed><sat>28</sat></trkpt>
  <trkpt lat="14.97965147" lon="102.08972245"><ele>152.627</ele><time>2025-01-14T01:34:36Z</time><speed>6.285</speed><sat>27</sat></trkpt>
  <trkpt lat="14.97962069" lon="102.08966058"><ele>152.511</ele><time>2025-01-14T01:34:37Z</time><speed>5.616</speed><sat>27</sat></trkpt>
  <trkpt lat="14.97960041" lon="102.08961306"><ele>152.365</ele><time>2025-01-14T01:34:38Z</time><speed>4.984</speed><sat>24</sat></trkpt>
  <trkpt lat="14.97957795" lon="102.08955514"><ele>152.135</ele><time>2025-01-14T01:34:39Z</time><speed>4.578</speed><sat>26</sat></trkpt>
  <trkpt lat="14.97956889" lon="102.08949733"><ele>152.086</ele><time>2025-01-14T01:34:40Z</time><speed>5.075</speed><sat>26</sat></trkpt>
  <trkpt lat="14.97956434" lon="102.08944924"><ele>152.647</ele><time>2025-01-14T01:34:41Z</time><speed>5.261</speed><sat>24</sat></trkpt>
  <trkpt lat="14.97955833" lon="102.08939682"><ele>152.701</ele><time>2025-01-14T01:34:42Z</time><speed>6.139</speed><sat>24</sat></trkpt>
  <trkpt lat="14.97954949" lon="102.08932923"><ele>152.806</ele><time>2025-01-14T01:34:43Z</time><speed>6.731</speed><sat>24</sat></trkpt>
  <trkpt lat="14.97954135" lon="102.08925302"><ele>152.367</ele><time>2025-01-14T01:34:44Z</time><speed>8.233</speed><sat>23</sat></trkpt>
  <trkpt lat="14.97953513" lon="102.08917420"><ele>152.025</ele><time>2025-01-14T01:34:45Z</time><speed>8.410</speed><sat>25</sat></trkpt>
  <trkpt lat="14.97953268" lon="102.08909521"><ele>152.128</ele><time>2025-01-14T01:34:46Z</time><speed>8.400</speed><sat>25</sat></trkpt>
  <trkpt lat="14.97953142" lon="102.08901895"><ele>151.585</ele><time>2025-01-14T01:34:47Z</time><speed>8.465</speed><sat>23</sat></trkpt>
  <trkpt lat="14.97952866" lon="102.08893533"><ele>150.972</ele><time>2025-01-14T01:34:48Z</time><speed>9.127</speed><sat>25</sat></trkpt>
  <trkpt lat="14.97952765" lon="102.08884380"><ele>150.459</ele><time>2025-01-14T01:34:49Z</time><speed>9.222</speed><sat>24</sat></trkpt>
  <trkpt lat="14.97952351" lon="102.08875706"><ele>150.144</ele><time>2025-01-14T01:34:50Z</time><speed>9.686</speed><sat>23</sat></trkpt>
  <trkpt lat="14.97952330" lon="102.08865845"><ele>150.025</ele><time>2025-01-14T01:34:51Z</time><speed>10.109</speed><sat>23</sat></trkpt>
  <trkpt lat="14.97952104" lon="102.08855337"><ele>150.231</ele><time>2025-01-14T01:34:52Z</time><speed>10.555</speed><sat>24</sat></trkpt>
  <trkpt lat="14.97951773" lon="102.08844932"><ele>150.538</ele><time>2025-01-14T01:34:53Z</time><speed>10.488</speed><sat>23</sat></trkpt>
  <trkpt lat="14.97951252" lon="102.08835053"><ele>150.394</ele><time>2025-01-14T01:34:54Z</time><speed>10.844</speed><sat>23</sat></trkpt>
  <trkpt lat="14.97950708" lon="102.08824794"><ele>150.644</ele><time>2025-01-14T01:34:55Z</time><speed>10.868</speed><sat>25</sat></trkpt>
  <trkpt lat="14.97950041" lon="102.08814212"><ele>150.817</ele><time>2025-01-14T01:34:56Z</time><speed>10.707</speed><sat>25</sat></trkpt>
  <trkpt lat="14.97949714" lon="102.08804063"><ele>151.485</ele><time>2025-01-14T01:34:57Z</time><speed>10.562</speed><sat>22</sat></trkpt>
  <trkpt lat="14.97949296" lon="102.08794386"><ele>151.275</ele><time>2025-01-14T01:34:58Z</time><speed>10.435</speed><sat>23</sat></trkpt>
  <trkpt lat="14.97948954" lon="102.08784895"><ele>151.356</ele><time>2025-01-14T01:34:59Z</time><speed>10.299</speed><sat>22</sat></trkpt>
  <trkpt lat="14.97949012" lon="102.08775268"><ele>151.345</ele><time>2025-01-14T01:35:00Z</time><speed>10.160</speed><sat>20</sat></trkpt>
  <trkpt lat="14.97948894" lon="102.08765350"><ele>150.831</ele><time>2025-01-14T01:35:01Z</time><speed>10.393</speed><sat>19</sat></trkpt>
  <trkpt lat="14.97948612" lon="102.08755142"><ele>150.729</ele><time>2025-01-14T01:35:02Z</time><speed>10.837</speed><sat>24</sat></trkpt>
  <trkpt lat="14.97947879" lon="102.08745088"><ele>150.658</ele><time>2025-01-14T01:35:03Z</time><speed>11.252</speed><sat>24</sat></trkpt>
  <trkpt lat="14.97947332" lon="102.08733863"><ele>150.601</ele><time>2025-01-14T01:35:04Z</time><speed>11.069</speed><sat>24</sat></trkpt>
  <trkpt lat="14.97947162" lon="102.08723629"><ele>150.693</ele><time>2025-01-14T01:35:05Z</time><speed>11.059</speed><sat>26</sat></trkpt>
  <trkpt lat="14.97947253" lon="102.08713689"><ele>151.142</ele><time>2025-01-14T01:35:06Z</time><speed>11.449</speed><sat>26</sat></trkpt>
  <trkpt lat="14.97947382" lon="102.08703327"><ele>151.380</ele><time>2025-01-14T01:35:07Z</time><speed>11.338</speed><sat>25</sat></trkpt>
  <trkpt lat="14.97947008" lon="102.08692878"><ele>151.794</ele><time>2025-01-14T01:35:08Z</time><speed>11.219</speed><sat>23</sat></trkpt>
  <trkpt lat="14.97947085" lon="102.08682987"><ele>151.667</ele><time>2025-01-14T01:35:09Z</time><speed>10.781</speed><sat>20</sat></trkpt>
  <trkpt lat="14.97946480" lon="102.08673630"><ele>151.634</ele><time>2025-01-14T01:35:10Z</time><speed>10.515</speed><sat>20</sat></trkpt>
  <trkpt lat="14.97945831" lon="102.08663391"><ele>151.627</ele><time>2025-01-14T01:35:11Z</time><speed>10.400</speed><sat>17</sat></trkpt>
  <trkpt lat="14.97945208" lon="102.08654025"><ele>152.321</ele><time>2025-01-14T01:35:12Z</time><speed>10.350</speed><sat>17</sat></trkpt>
  <trkpt lat="14.97944956" lon="102.08645015"><ele>152.196</ele><time>2025-01-14T01:35:13Z</time><speed>10.359</speed><sat>14</sat></trkpt>
  <trkpt lat="14.97945095" lon="102.08635647"><ele>151.793</ele><time>2025-01-14T01:35:14Z</time><speed>10.494</speed><sat>12</sat></trkpt>
  <trkpt lat="14.97946085" lon="102.08624739"><ele>150.243</ele><time>2025-01-14T01:35:15Z</time><speed>10.780</speed><sat>13</sat></trkpt>
  <trkpt lat="14.97946087" lon="102.08613416"><ele>148.890</ele><time>2025-01-14T01:35:16Z</time><speed>11.218</speed><sat>18</sat></trkpt>
  <trkpt lat="14.97944613" lon="102.08603258"><ele>147.944</ele><time>2025-01-14T01:35:16.999Z</time><speed>11.058</speed><sat>22</sat></trkpt>
  <trkpt lat="14.97944289" lon="102.08591690"><ele>147.536</ele><time>2025-01-14T01:35:17.999Z</time><speed>10.796</speed><sat>24</sat></trkpt>
  <trkpt lat="14.97944029" lon="102.08581794"><ele>148.818</ele><time>2025-01-14T01:35:18.999Z</time><speed>10.862</speed><sat>23</sat></trkpt>
  <trkpt lat="14.97943395" lon="102.08572032"><ele>149.142</ele><time>2025-01-14T01:35:19.999Z</time><speed>10.663</speed><sat>24</sat></trkpt>
  <trkpt lat="14.97942816" lon="102.08562526"><ele>148.508</ele><time>2025-01-14T01:35:20.999Z</time><speed>10.335</speed><sat>26</sat></trkpt>
  <trkpt lat="14.97942537" lon="102.08553187"><ele>148.771</ele><time>2025-01-14T01:35:21.999Z</time><speed>10.425</speed><sat>23</sat></trkpt>
  <trkpt lat="14.97942291" lon="102.08544026"><ele>147.927</ele><time>2025-01-14T01:35:22.999Z</time><speed>9.934</speed><sat>25</sat></trkpt>
  <trkpt lat="14.97942340" lon="102.08535316"><ele>147.743</ele><time>2025-01-14T01:35:23.999Z</time><speed>9.887</speed><sat>25</sat></trkpt>
  <trkpt lat="14.97941964" lon="102.08526687"><ele>147.436</ele><time>2025-01-14T01:35:24.999Z</time><speed>9.849</speed><sat>26</sat></trkpt>
  <trkpt lat="14.97941889" lon="102.08517006"><ele>147.331</ele><time>2025-01-14T01:35:25.999Z</time><speed>10.286</speed><sat>27</sat></trkpt>
  <trkpt lat="14.97941810" lon="102.08507897"><ele>147.006</ele><time>2025-01-14T01:35:26.999Z</time><speed>10.330</speed><sat>23</sat></trkpt>
  <trkpt lat="14.97941101" lon="102.08498135"><ele>146.935</ele><time>2025-01-14T01:35:27.999Z</time><speed>10.335</speed><sat>23</sat></trkpt>
  <trkpt lat="14.97940944" lon="102.08488560"><ele>146.569</ele><time>2025-01-14T01:35:28.999Z</time><speed>10.288</speed><sat>24</sat></trkpt>
  <trkpt lat="14.97940820" lon="102.08478660"><ele>146.116</ele><time>2025-01-14T01:35:29.999Z</time><speed>10.294</speed><sat>21</sat></trkpt>
  <trkpt lat="14.97940318" lon="102.08468523"><ele>145.586</ele><time>2025-01-14T01:35:30.999Z</time><speed>10.405</speed><sat>21</sat></trkpt>
  <trkpt lat="14.97939852" lon="102.08457965"><ele>145.328</ele><time>2025-01-14T01:35:31.999Z</time><speed>10.853</speed><sat>23</sat></trkpt>
  <trkpt lat="14.97938936" lon="102.08446421"><ele>145.022</ele><time>2025-01-14T01:35:32.999Z</time><speed>11.322</speed><sat>22</sat></trkpt>
  <trkpt lat="14.97938217" lon="102.08435166"><ele>145.527</ele><time>2025-01-14T01:35:33.999Z</time><speed>11.391</speed><sat>22</sat></trkpt>
  <trkpt lat="14.97937902" lon="102.08424814"><ele>145.265</ele><time>2025-01-14T01:35:34.999Z</time><speed>11.255</speed><sat>20</sat></trkpt>
  <trkpt lat="14.97937407" lon="102.08413667"><ele>144.757</ele><time>2025-01-14T01:35:35.999Z</time><speed>11.357</speed><sat>19</sat></trkpt>
  <trkpt lat="14.97937306" lon="102.08402279"><ele>144.246</ele><time>2025-01-14T01:35:36.999Z</time><speed>11.338</speed><sat>21</sat></trkpt>
  <trkpt lat="14.97937207" lon="102.08391768"><ele>143.556</ele><time>2025-01-14T01:35:37.999Z</time><speed>10.890</speed><sat>21</sat></trkpt>
  <trkpt lat="14.97937278" lon="102.08382116"><ele>143.211</ele><time>2025-01-14T01:35:38.999Z</time><speed>10.562</speed><sat>22</sat></trkpt>
  <trkpt lat="14.97937641" lon="102.08371666"><ele>143.570</ele><time>2025-01-14T01:35:39.999Z</time><speed>11.050</speed><sat>24</sat></trkpt>
  <trkpt lat="14.97938072" lon="102.08360933"><ele>144.336</ele><time>2025-01-14T01:35:40.999Z</time><speed>11.235</speed><sat>25</sat></trkpt>
  <trkpt lat="14.97938043" lon="102.08350000"><ele>144.716</ele><time>2025-01-14T01:35:41.999Z</time><speed>11.623</speed><sat>25</sat></trkpt>
  <trkpt lat="14.97937888" lon="102.08338824"><ele>145.366</ele><time>2025-01-14T01:35:42.999Z</time><speed>11.798</speed><sat>27</sat></trkpt>
  <trkpt lat="14.97937346" lon="102.08327254"><ele>146.221</ele><time>2025-01-14T01:35:43.999Z</time><speed>12.300</speed><sat>27</sat></trkpt>
  <trkpt lat="14.97936412" lon="102.08315682"><ele>146.950</ele><time>2025-01-14T01:35:44.999Z</time><speed>12.392</speed><sat>26</sat></trkpt>
  <trkpt lat="14.97935357" lon="102.08304103"><ele>147.566</ele><time>2025-01-14T01:35:45.999Z</time><speed>12.220</speed><sat>23</sat></trkpt>
  <trkpt lat="14.97934859" lon="102.08292138"><ele>148.760</ele><time>2025-01-14T01:35:46.999Z</time><speed>12.275</speed><sat>24</sat></trkpt>
  <trkpt lat="14.97934086" lon="102.08280756"><ele>149.383</ele><time>2025-01-14T01:35:47.999Z</time><speed>12.256</speed><sat>26</sat></trkpt>
  <trkpt lat="14.97933884" lon="102.08269039"><ele>149.410</ele><time>2025-01-14T01:35:48.999Z</time><speed>11.974</speed><sat>24</sat></trkpt>
  <trkpt lat="14.97933645" lon="102.08257214"><ele>150.167</ele><time>2025-01-14T01:35:49.999Z</time><speed>11.696</speed><sat>24</sat></trkpt>
  <trkpt lat="14.97933702" lon="102.08246940"><ele>150.289</ele><time>2025-01-14T01:35:50.999Z</time><speed>10.997</speed><sat>25</sat></trkpt>
  <trkpt lat="14.97933842" lon="102.08237160"><ele>150.269</ele><time>2025-01-14T01:35:51.999Z</time><speed>10.454</speed><sat>26</sat></trkpt>
  <trkpt lat="14.97933879" lon="102.08229088"><ele>150.591</ele><time>2025-01-14T01:35:52.999Z</time><speed>9.196</speed><sat>25</sat></trkpt>
  <trkpt lat="14.97933805" lon="102.08221609"><ele>150.554</ele><time>2025-01-14T01:35:53.999Z</time><speed>8.337</speed><sat>26</sat></trkpt>
  <trkpt lat="14.97933774" lon="102.08214594"><ele>150.300</ele><time>2025-01-14T01:35:54.999Z</time><speed>7.583</speed><sat>24</sat></trkpt>
  <trkpt lat="14.97933660" lon="102.08208095"><ele>150.455</ele><time>2025-01-14T01:35:55.999Z</time><speed>6.908</speed><sat>27</sat></trkpt>
  <trkpt lat="14.97933471" lon="102.08201994"><ele>150.842</ele><time>2025-01-14T01:35:56.999Z</time><speed>6.555</speed><sat>25</sat></trkpt>
  <trkpt lat="14.97933364" lon="102.08196639"><ele>150.770</ele><time>2025-01-14T01:35:57.999Z</time><speed>5.797</speed><sat>24</sat></trkpt>
  <trkpt lat="14.97933242" lon="102.08191927"><ele>150.748</ele><time>2025-01-14T01:35:58.999Z</time><speed>5.088</speed><sat>22</sat></trkpt>
  <trkpt lat="14.97933134" lon="102.08188081"><ele>150.587</ele><time>2025-01-14T01:35:59.999Z</time><speed>3.975</speed><sat>22</sat></trkpt>
  <trkpt lat="14.97933037" lon="102.08184955"><ele>150.928</ele><time>2025-01-14T01:36:00.999Z</time><speed>3.137</speed><sat>19</sat></trkpt>
  <trkpt lat="14.97933084" lon="102.08182804"><ele>150.856</ele><time>2025-01-14T01:36:01.999Z</time><speed>2.400</speed><sat>21</sat></trkpt>
  <trkpt lat="14.97933030" lon="102.08181220"><ele>150.803</ele><time>2025-01-14T01:36:02.999Z</time><speed>1.795</speed><sat>22</sat></trkpt>
  <trkpt lat="14.97932904" lon="102.08179895"><ele>151.137</ele><time>2025-01-14T01:36:03.999Z</time><speed>1.487</speed><sat>22</sat></trkpt>
  <trkpt lat="14.97932734" lon="102.08178953"><ele>151.325</ele><time>2025-01-14T01:36:04.999Z</time><speed>1.054</speed><sat>21</sat></trkpt>
  <trkpt lat="14.97932594" lon="102.08178369"><ele>151.382</ele><time>2025-01-14T01:36:05.999Z</time><speed>0.706</speed><sat>22</sat></trkpt>
  <trkpt lat="14.97932524" lon="102.08178221"><ele>151.299</ele><time>2025-01-14T01:36:06.999Z</time><speed>0.000</speed><sat>23</sat></trkpt>
  <trkpt lat="14.97932524" lon="102.08178221"><ele>151.216</ele><time>2025-01-14T01:36:07.999Z</time><speed>0.000</speed><sat>20</sat></trkpt>
  <trkpt lat="14.97932524" lon="102.08178221"><ele>151.434</ele><time>2025-01-14T01:36:08.999Z</time><speed>0.000</speed><sat>22</sat></trkpt>
  <trkpt lat="14.97932524" lon="102.08178221"><ele>151.576</ele><time>2025-01-14T01:36:09.999Z</time><speed>0.000</speed><sat>21</sat></trkpt>
  <trkpt lat="14.97932524" lon="102.08178221"><ele>151.630</ele><time>2025-01-14T01:36:10.999Z</time><speed>0.000</speed><sat>20</sat></trkpt>
  <trkpt lat="14.97932524" lon="102.08178221"><ele>151.689</ele><time>2025-01-14T01:36:11.999Z</time><speed>0.000</speed><sat>21</sat></trkpt>
  <trkpt lat="14.97932524" lon="102.08178221"><ele>151.701</ele><time>2025-01-14T01:36:12.999Z</time><speed>0.000</speed><sat>23</sat></trkpt>
  <trkpt lat="14.97932524" lon="102.08178221"><ele>151.817</ele><time>2025-01-14T01:36:13.999Z</time><speed>0.000</speed><sat>22</sat></trkpt>
  <trkpt lat="14.97932524" lon="102.08178221"><ele>151.810</ele><time>2025-01-14T01:36:14.999Z</time><speed>0.000</speed><sat>23</sat></trkpt>
  <trkpt lat="14.97932524" lon="102.08178221"><ele>151.801</ele><time>2025-01-14T01:36:15.999Z</time><speed>0.000</speed><sat>22</sat></trkpt>
  <trkpt lat="14.97932524" lon="102.08178221"><ele>151.776</ele><time>2025-01-14T01:36:16.999Z</time><speed>0.000</speed><sat>22</sat></trkpt>
  <trkpt lat="14.97932524" lon="102.08178221"><ele>151.714</ele><time>2025-01-14T01:36:17.999Z</time><speed>0.000</speed><sat>22</sat></trkpt>
  <trkpt lat="14.97932524" lon="102.08178221"><ele>151.749</ele><time>2025-01-14T01:36:18.999Z</time><speed>0.000</speed><sat>16</sat></trkpt>
  <trkpt lat="14.97932524" lon="102.08178221"><ele>151.567</ele><time>2025-01-14T01:36:19.999Z</time><speed>0.000</speed><sat>9</sat></trkpt>
  <trkpt lat="14.97932524" lon="102.08178221"><ele>151.337</ele><time>2025-01-14T01:36:20.999Z</time><speed>0.000</speed><sat>12</sat></trkpt>
  <trkpt lat="14.97932229" lon="102.08177061"><ele>151.906</ele><time>2025-01-14T01:36:21.999Z</time><speed>0.388</speed><sat>12</sat></trkpt>
  <trkpt lat="14.97932463" lon="102.08176757"><ele>151.632</ele><time>2025-01-14T01:36:22.999Z</time><speed>0.000</speed><sat>11</sat></trkpt>
  <trkpt lat="14.97932463" lon="102.08176757"><ele>151.985</ele><time>2025-01-14T01:36:23.999Z</time><speed>0.000</speed><sat>9</sat></trkpt>
  <trkpt lat="14.97932463" lon="102.08176757"><ele>151.923</ele><time>2025-01-14T01:36:24.999Z</time><speed>0.000</speed><sat>9</sat></trkpt>
  <trkpt lat="14.97932461" lon="102.08176082"><ele>151.918</ele><time>2025-01-14T01:36:25.999Z</time><speed>0.524</speed><sat>8</sat></trkpt>
  <trkpt lat="14.97932461" lon="102.08174122"><ele>152.036</ele><time>2025-01-14T01:36:26.999Z</time><speed>2.037</speed><sat>7</sat></trkpt>
  <trkpt lat="14.97933000" lon="102.08170104"><ele>152.161</ele><time>2025-01-14T01:36:27.999Z</time><speed>3.840</speed><sat>7</sat></trkpt>
  <trkpt lat="14.97933015" lon="102.08164834"><ele>152.223</ele><time>2025-01-14T01:36:28.999Z</time><speed>4.418</speed><sat>8</sat></trkpt>
  <trkpt lat="14.97933020" lon="102.08159806"><ele>151.291</ele><time>2025-01-14T01:36:29.999Z</time><speed>4.812</speed><sat>9</sat></trkpt>
  <trkpt lat="14.97932759" lon="102.08154421"><ele>151.479</ele><time>2025-01-14T01:36:30.999Z</time><speed>5.593</speed><sat>7</sat></trkpt>
  <trkpt lat="14.97931976" lon="102.08148436"><ele>150.637</ele><time>2025-01-14T01:36:31.999Z</time><speed>6.236</speed><sat>7</sat></trkpt>
  <trkpt lat="14.97931404" lon="102.08140925"><ele>150.317</ele><time>2025-01-14T01:36:32.999Z</time><speed>7.252</speed><sat>8</sat></trkpt>
  <trkpt lat="14.97931913" lon="102.08133013"><ele>150.638</ele><time>2025-01-14T01:36:33.999Z</time><speed>7.371</speed><sat>7</sat></trkpt>
  <trkpt lat="14.97930647" lon="102.08126704"><ele>148.927</ele><time>2025-01-14T01:36:34.999Z</time><speed>7.437</speed><sat>5</sat></trkpt>
  <trkpt lat="14.97930693" lon="102.08119544"><ele>148.547</ele><time>2025-01-14T01:36:35.999Z</time><speed>7.505</speed><sat>5</sat></trkpt>
  <trkpt lat="14.97931354" lon="102.08112123"><ele>148.582</ele><time>2025-01-14T01:36:36.999Z</time><speed>7.505</speed><sat>4</sat></trkpt>
  <trkpt lat="14.97932292" lon="102.08105620"><ele>148.384</ele><time>2025-01-14T01:36:37.999Z</time><speed>6.999</speed><sat>4</sat></trkpt>
  <trkpt lat="14.97931256" lon="102.08100937"><ele>146.255</ele><time>2025-01-14T01:36:38.999Z</time><speed>6.996</speed><sat>4</sat></trkpt>
  <trkpt lat="14.97931325" lon="102.08093738"><ele>145.875</ele><time>2025-01-14T01:36:39.999Z</time><speed>7.821</speed><sat>5</sat></trkpt>
  <trkpt lat="14.97931114" lon="102.08085785"><ele>146.387</ele><time>2025-01-14T01:36:40.999Z</time><speed>8.298</speed><sat>5</sat></trkpt>
  <trkpt lat="14.97930542" lon="102.08077843"><ele>145.058</ele><time>2025-01-14T01:36:41.999Z</time><speed>8.433</speed><sat>6</sat></trkpt>
  <trkpt lat="14.97930028" lon="102.08069688"><ele>144.831</ele><time>2025-01-14T01:36:42.999Z</time><speed>8.594</speed><sat>5</sat></trkpt>
  <trkpt lat="14.97930126" lon="102.08061187"><ele>145.671</ele><time>2025-01-14T01:36:43.999Z</time><speed>9.067</speed><sat>4</sat></trkpt>
  <trkpt lat="14.97929876" lon="102.08052697"><ele>145.308</ele><time>2025-01-14T01:36:44.999Z</time><speed>9.376</speed><sat>5</sat></trkpt>
  <trkpt lat="14.97929836" lon="102.08043458"><ele>145.409</ele><time>2025-01-14T01:36:45.999Z</time><speed>9.614</speed><sat>5</sat></trkpt>
  <trkpt lat="14.97929889" lon="102.08033886"><ele>145.529</ele><time>2025-01-14T01:36:46.999Z</time><speed>9.614</speed><sat>4</sat></trkpt>
  <trkpt lat="14.97928626" lon="102.08014952"><ele>145.122</ele><time>2025-01-14T01:36:48.999Z</time><speed>9.630</speed><sat>5</sat></trkpt>
  <trkpt lat="14.97926978" lon="102.08006502"><ele>145.037</ele><time>2025-01-14T01:36:49.999Z</time><speed>9.085</speed><sat>7</sat></trkpt>
  <trkpt lat="14.97926458" lon="102.07997164"><ele>145.180</ele><time>2025-01-14T01:36:50.999Z</time><speed>9.530</speed><sat>6</sat></trkpt>
  <trkpt lat="14.97926462" lon="102.07987391"><ele>145.901</ele><time>2025-01-14T01:36:51.999Z</time><speed>9.681</speed><sat>5</sat></trkpt>
  <trkpt lat="14.97925319" lon="102.07979439"><ele>145.552</ele><time>2025-01-14T01:36:52.999Z</time><speed>9.295</speed><sat>7</sat></trkpt>
  <trkpt lat="14.97923835" lon="102.07971250"><ele>147.061</ele><time>2025-01-14T01:36:53.999Z</time><speed>9.025</speed><sat>7</sat></trkpt>
  <trkpt lat="14.97922861" lon="102.07962651"><ele>147.985</ele><time>2025-01-14T01:36:54.999Z</time><speed>9.057</speed><sat>7</sat></trkpt>
  <trkpt lat="14.97922274" lon="102.07952792"><ele>149.607</ele><time>2025-01-14T01:36:55.999Z</time><speed>9.587</speed><sat>9</sat></trkpt>
  <trkpt lat="14.97922117" lon="102.07944108"><ele>149.560</ele><time>2025-01-14T01:36:56.999Z</time><speed>9.616</speed><sat>8</sat></trkpt>
  <trkpt lat="14.97922101" lon="102.07934307"><ele>150.141</ele><time>2025-01-14T01:36:57.999Z</time><speed>9.703</speed><sat>9</sat></trkpt>
  <trkpt lat="14.97922125" lon="102.07926123"><ele>148.838</ele><time>2025-01-14T01:36:58.999Z</time><speed>9.426</speed><sat>8</sat></trkpt>
  <trkpt lat="14.97922428" lon="102.07916518"><ele>149.522</ele><time>2025-01-14T01:36:59.999Z</time><speed>9.505</speed><sat>7</sat></trkpt>
  <trkpt lat="14.97921770" lon="102.07908700"><ele>149.548</ele><time>2025-01-14T01:37:00.999Z</time><speed>10.132</speed><sat>11</sat></trkpt>
  <trkpt lat="14.97921516" lon="102.07898650"><ele>151.134</ele><time>2025-01-14T01:37:01.999Z</time><speed>10.456</speed><sat>9</sat></trkpt>
  <trkpt lat="14.97921085" lon="102.07888342"><ele>151.539</ele><time>2025-01-14T01:37:02.999Z</time><speed>10.779</speed><sat>9</sat></trkpt>
  <trkpt lat="14.97921015" lon="102.07877399"><ele>152.185</ele><time>2025-01-14T01:37:03.999Z</time><speed>11.212</speed><sat>8</sat></trkpt>
  <trkpt lat="14.97921004" lon="102.07866020"><ele>152.644</ele><time>2025-01-14T01:37:04.999Z</time><speed>11.656</speed><sat>7</sat></trkpt>
  <trkpt lat="14.97921086" lon="102.07855098"><ele>152.936</ele><time>2025-01-14T01:37:05.999Z</time><speed>11.583</speed><sat>7</sat></trkpt>
  <trkpt lat="14.97920438" lon="102.07844235"><ele>151.971</ele><time>2025-01-14T01:37:06.999Z</time><speed>11.514</speed><sat>8</sat></trkpt>
  <trkpt lat="14.97920989" lon="102.07832659"><ele>152.133</ele><time>2025-01-14T01:37:07.999Z</time><speed>11.769</speed><sat>11</sat></trkpt>
  <trkpt lat="14.97920147" lon="102.07821805"><ele>152.290</ele><time>2025-01-14T01:37:08.999Z</time><speed>12.009</speed><sat>9</sat></trkpt>
  <trkpt lat="14.97919608" lon="102.07810501"><ele>152.489</ele><time>2025-01-14T01:37:09.999Z</time><speed>12.609</speed><sat>8</sat></trkpt>
  <trkpt lat="14.97919538" lon="102.07798281"><ele>152.321</ele><time>2025-01-14T01:37:10.999Z</time><speed>12.812</speed><sat>8</sat></trkpt>
  <trkpt lat="14.97918930" lon="102.07786798"><ele>151.771</ele><time>2025-01-14T01:37:11.999Z</time><speed>12.702</speed><sat>7</sat></trkpt>
  <trkpt lat="14.97918392" lon="102.07775265"><ele>150.982</ele><time>2025-01-14T01:37:12.999Z</time><speed>12.114</speed><sat>6</sat></trkpt>
  <trkpt lat="14.97916759" lon="102.07765254"><ele>149.941</ele><time>2025-01-14T01:37:13.999Z</time><speed>11.639</speed><sat>8</sat></trkpt>
  <trkpt lat="14.97915875" lon="102.07754800"><ele>149.983</ele><time>2025-01-14T01:37:14.999Z</time><speed>11.408</speed><sat>8</sat></trkpt>
  <trkpt lat="14.97915760" lon="102.07744268"><ele>150.915</ele><time>2025-01-14T01:37:15.999Z</time><speed>11.134</speed><sat>8</sat></trkpt>
  <trkpt lat="14.97916608" lon="102.07734057"><ele>151.703</ele><time>2025-01-14T01:37:16.999Z</time><speed>11.185</speed><sat>8</sat></trkpt>
  <trkpt lat="14.97916452" lon="102.07724124"><ele>151.656</ele><time>2025-01-14T01:37:17.999Z</time><speed>11.433</speed><sat>7</sat></trkpt>
  <trkpt lat="14.97916010" lon="102.07713669"><ele>152.204</ele><time>2025-01-14T01:37:18.999Z</time><speed>11.181</speed><sat>10</sat></trkpt>
  <trkpt lat="14.97915955" lon="102.07702787"><ele>152.909</ele><time>2025-01-14T01:37:19.999Z</time><speed>10.960</speed><sat>9</sat></trkpt>
  <trkpt lat="14.97915958" lon="102.07693248"><ele>151.972</ele><time>2025-01-14T01:37:20.999Z</time><speed>10.905</speed><sat>8</sat></trkpt>
  <trkpt lat="14.97915567" lon="102.07682976"><ele>151.481</ele><time>2025-01-14T01:37:21.999Z</time><speed>11.142</speed><sat>8</sat></trkpt>
  <trkpt lat="14.97915367" lon="102.07672310"><ele>151.320</ele><time>2025-01-14T01:37:22.999Z</time><speed>10.665</speed><sat>11</sat></trkpt>
  <trkpt lat="14.97915136" lon="102.07661987"><ele>150.862</ele><time>2025-01-14T01:37:23.999Z</time><speed>10.286</speed><sat>9</sat></trkpt>
  <trkpt lat="14.97915785" lon="102.07653708"><ele>150.197</ele><time>2025-01-14T01:37:24.999Z</time><speed>8.806</speed><sat>9</sat></trkpt>
  <trkpt lat="14.97915612" lon="102.07647227"><ele>150.279</ele><time>2025-01-14T01:37:25.999Z</time><speed>8.199</speed><sat>8</sat></trkpt>
  <trkpt lat="14.97914401" lon="102.07640618"><ele>151.034</ele><time>2025-01-14T01:37:26.999Z</time><speed>7.356</speed><sat>9</sat></trkpt>
  <trkpt lat="14.97913221" lon="102.07634078"><ele>151.497</ele><time>2025-01-14T01:37:27.999Z</time><speed>6.755</speed><sat>8</sat></trkpt>
  <trkpt lat="14.97912599" lon="102.07628603"><ele>152.474</ele><time>2025-01-14T01:37:28.999Z</time><speed>6.243</speed><sat>10</sat></trkpt>
  <trkpt lat="14.97913330" lon="102.07623237"><ele>152.477</ele><time>2025-01-14T01:37:29.999Z</time><speed>5.977</speed><sat>7</sat></trkpt>
  <trkpt lat="14.97913856" lon="102.07618292"><ele>152.378</ele><time>2025-01-14T01:37:30.999Z</time><speed>5.989</speed><sat>7</sat></trkpt>
  <trkpt lat="14.97913590" lon="102.07612425"><ele>152.543</ele><time>2025-01-14T01:37:31.999Z</time><speed>6.186</speed><sat>7</sat></trkpt>
  <trkpt lat="14.97913385" lon="102.07606689"><ele>152.393</ele><time>2025-01-14T01:37:32.999Z</time><speed>6.776</speed><sat>7</sat></trkpt>
  <trkpt lat="14.97912733" lon="102.07599845"><ele>151.607</ele><time>2025-01-14T01:37:33.999Z</time><speed>7.554</speed><sat>9</sat></trkpt>
  <trkpt lat="14.97912553" lon="102.07592752"><ele>150.883</ele><time>2025-01-14T01:37:34.999Z</time><speed>8.179</speed><sat>11</sat></trkpt>
  <trkpt lat="14.97912689" lon="102.07585191"><ele>151.157</ele><time>2025-01-14T01:37:35.999Z</time><speed>8.204</speed><sat>9</sat></trkpt>
  <trkpt lat="14.97912569" lon="102.07576600"><ele>151.200</ele><time>2025-01-14T01:37:36.999Z</time><speed>8.739</speed><sat>8</sat></trkpt>
  <trkpt lat="14.97912407" lon="102.07568199"><ele>151.146</ele><time>2025-01-14T01:37:37.999Z</time><speed>9.310</speed><sat>6</sat></trkpt>
  <trkpt lat="14.97912087" lon="102.07559352"><ele>151.195</ele><time>2025-01-14T01:37:38.999Z</time><speed>9.707</speed><sat>7</sat></trkpt>
  <trkpt lat="14.97911257" lon="102.07550218"><ele>150.804</ele><time>2025-01-14T01:37:39.999Z</time><speed>10.368</speed><sat>9</sat></trkpt>
  <trkpt lat="14.97910511" lon="102.07540610"><ele>150.416</ele><time>2025-01-14T01:37:40.999Z</time><speed>10.875</speed><sat>9</sat></trkpt>
  <trkpt lat="14.97909342" lon="102.07530130"><ele>149.884</ele><time>2025-01-14T01:37:41.999Z</time><speed>11.161</speed><sat>10</sat></trkpt>
  <trkpt lat="14.97908492" lon="102.07518581"><ele>150.124</ele><time>2025-01-14T01:37:42.999Z</time><speed>12.258</speed><sat>9</sat></trkpt>
  <trkpt lat="14.97907819" lon="102.07506077"><ele>150.314</ele><time>2025-01-14T01:37:43.999Z</time><speed>12.730</speed><sat>8</sat></trkpt>
  <trkpt lat="14.97907628" lon="102.07493315"><ele>150.422</ele><time>2025-01-14T01:37:44.999Z</time><speed>13.951</speed><sat>7</sat></trkpt>
  <trkpt lat="14.97907540" lon="102.07479832"><ele>150.284</ele><time>2025-01-14T01:37:45.999Z</time><speed>14.547</speed><sat>6</sat></trkpt>
  <trkpt lat="14.97907737" lon="102.07465605"><ele>149.902</ele><time>2025-01-14T01:37:46.999Z</time><speed>15.001</speed><sat>6</sat></trkpt>
  <trkpt lat="14.97907722" lon="102.07451408"><ele>149.886</ele><time>2025-01-14T01:37:47.999Z</time><speed>15.072</speed><sat>7</sat></trkpt>
  <trkpt lat="14.97907824" lon="102.07437238"><ele>149.631</ele><time>2025-01-14T01:37:48.999Z</time><speed>15.280</speed><sat>5</sat></trkpt>
  <trkpt lat="14.97907937" lon="102.07422858"><ele>149.756</ele><time>2025-01-14T01:37:49.999Z</time><speed>15.736</speed><sat>7</sat></trkpt>
  <trkpt lat="14.97907817" lon="102.07407451"><ele>148.864</ele><time>2025-01-14T01:37:50.999Z</time><speed>15.777</speed><sat>6</sat></trkpt>
  <trkpt lat="14.97907639" lon="102.07391912"><ele>147.843</ele><time>2025-01-14T01:37:51.999Z</time><speed>16.019</speed><sat>6</sat></trkpt>
  <trkpt lat="14.97907587" lon="102.07376297"><ele>147.240</ele><time>2025-01-14T01:37:52.999Z</time><speed>16.253</speed><sat>8</sat></trkpt>
  <trkpt lat="14.97907676" lon="102.07360932"><ele>147.292</ele><time>2025-01-14T01:37:53.999Z</time><speed>16.507</speed><sat>7</sat></trkpt>
  <trkpt lat="14.97907117" lon="102.07346369"><ele>146.727</ele><time>2025-01-14T01:37:54.999Z</time><speed>16.294</speed><sat>6</sat></trkpt>
  <trkpt lat="14.97907048" lon="102.07331697"><ele>147.300</ele><time>2025-01-14T01:37:55.999Z</time><speed>16.146</speed><sat>6</sat></trkpt>
  <trkpt lat="14.97907051" lon="102.07316360"><ele>148.123</ele><time>2025-01-14T01:37:56.999Z</time><speed>16.033</speed><sat>6</sat></trkpt>
  <trkpt lat="14.97906192" lon="102.07301207"><ele>148.647</ele><time>2025-01-14T01:37:57.999Z</time><speed>15.460</speed><sat>7</sat></trkpt>
  <trkpt lat="14.97905451" lon="102.07287520"><ele>148.916</ele><time>2025-01-14T01:37:58.999Z</time><speed>14.775</speed><sat>8</sat></trkpt>
  <trkpt lat="14.97905338" lon="102.07274167"><ele>150.387</ele><time>2025-01-14T01:37:59.999Z</time><speed>14.307</speed><sat>8</sat></trkpt>
  <trkpt lat="14.97905250" lon="102.07260985"><ele>151.016</ele><time>2025-01-14T01:38:00.999Z</time><speed>14.168</speed><sat>9</sat></trkpt>
  <trkpt lat="14.97905305" lon="102.07247345"><ele>151.574</ele><time>2025-01-14T01:38:01.999Z</time><speed>14.214</speed><sat>9</sat></trkpt>
  <trkpt lat="14.97905082" lon="102.07234756"><ele>150.934</ele><time>2025-01-14T01:38:02.999Z</time><speed>14.249</speed><sat>8</sat></trkpt>
  <trkpt lat="14.97904644" lon="102.07221346"><ele>150.899</ele><time>2025-01-14T01:38:03.999Z</time><speed>14.603</speed><sat>9</sat></trkpt>
  <trkpt lat="14.97904202" lon="102.07207569"><ele>150.883</ele><time>2025-01-14T01:38:04.999Z</time><speed>14.552</speed><sat>11</sat></trkpt>
  <trkpt lat="14.97903861" lon="102.07193909"><ele>150.965</ele><time>2025-01-14T01:38:05.999Z</time><speed>14.631</speed><sat>10</sat></trkpt>
  <trkpt lat="14.97903508" lon="102.07180080"><ele>150.592</ele><time>2025-01-14T01:38:06.999Z</time><speed>14.976</speed><sat>8</sat></trkpt>
  <trkpt lat="14.97903155" lon="102.07166548"><ele>150.598</ele><time>2025-01-14T01:38:07.999Z</time><speed>14.529</speed><sat>8</sat></trkpt>
  <trkpt lat="14.97902876" lon="102.07153046"><ele>150.570</ele><time>2025-01-14T01:38:08.999Z</time><speed>13.960</speed><sat>8</sat></trkpt>
  <trkpt lat="14.97902709" lon="102.07140907"><ele>149.938</ele><time>2025-01-14T01:38:09.999Z</time><speed>13.264</speed><sat>7</sat></trkpt>
  <trkpt lat="14.97902500" lon="102.07128723"><ele>149.235</ele><time>2025-01-14T01:38:10.999Z</time><speed>12.597</speed><sat>9</sat></trkpt>
  <trkpt lat="14.97901782" lon="102.07117455"><ele>149.339</ele><time>2025-01-14T01:38:11.999Z</time><speed>11.946</speed><sat>9</sat></trkpt>
  <trkpt lat="14.97900597" lon="102.07106978"><ele>149.484</ele><time>2025-01-14T01:38:12.999Z</time><speed>11.123</speed><sat>11</sat></trkpt>
  <trkpt lat="14.97899866" lon="102.07097227"><ele>150.046</ele><time>2025-01-14T01:38:13.999Z</time><speed>10.109</speed><sat>11</sat></trkpt>
  <trkpt lat="14.97899387" lon="102.07088387"><ele>149.819</ele><time>2025-01-14T01:38:14.999Z</time><speed>9.584</speed><sat>13</sat></trkpt>
  <trkpt lat="14.97898932" lon="102.07080073"><ele>150.699</ele><time>2025-01-14T01:38:15.999Z</time><speed>9.237</speed><sat>11</sat></trkpt>
  <trkpt lat="14.97898681" lon="102.07071728"><ele>151.292</ele><time>2025-01-14T01:38:16.999Z</time><speed>9.126</speed><sat>11</sat></trkpt>
  <trkpt lat="14.97898617" lon="102.07063291"><ele>151.453</ele><time>2025-01-14T01:38:17.999Z</time><speed>9.447</speed><sat>10</sat></trkpt>
  <trkpt lat="14.97898456" lon="102.07054532"><ele>151.687</ele><time>2025-01-14T01:38:18.999Z</time><speed>9.683</speed><sat>8</sat></trkpt>
  <trkpt lat="14.97898414" lon="102.07045965"><ele>151.324</ele><time>2025-01-14T01:38:19.999Z</time><speed>9.700</speed><sat>9</sat></trkpt>
  <trkpt lat="14.97898154" lon="102.07036606"><ele>150.638</ele><time>2025-01-14T01:38:20.999Z</time><speed>10.410</speed><sat>10</sat></trkpt>
  <trkpt lat="14.97897794" lon="102.07026685"><ele>151.075</ele><time>2025-01-14T01:38:21.999Z</time><speed>10.671</speed><sat>8</sat></trkpt>
  <trkpt lat="14.97897586" lon="102.07016429"><ele>151.743</ele><time>2025-01-14T01:38:22.999Z</time><speed>11.126</speed><sat>7</sat></trkpt>
  <trkpt lat="14.97897283" lon="102.07005375"><ele>152.153</ele><time>2025-01-14T01:38:23.999Z</time><speed>11.579</speed><sat>9</sat></trkpt>
  <trkpt lat="14.97896745" lon="102.06994170"><ele>151.661</ele><time>2025-01-14T01:38:24.999Z</time><speed>12.182</speed><sat>7</sat></trkpt>
  <trkpt lat="14.97896281" lon="102.06982812"><ele>151.749</ele><time>2025-01-14T01:38:25.999Z</time><speed>12.427</speed><sat>8</sat></trkpt>
  <trkpt lat="14.97895508" lon="102.06970965"><ele>151.515</ele><time>2025-01-14T01:38:26.999Z</time><speed>12.975</speed><sat>9</sat></trkpt>
  <trkpt lat="14.97894679" lon="102.06959559"><ele>151.452</ele><time>2025-01-14T01:38:27.999Z</time><speed>13.151</speed><sat>9</sat></trkpt>
  <trkpt lat="14.97893528" lon="102.06947479"><ele>151.479</ele><time>2025-01-14T01:38:28.999Z</time><speed>13.382</speed><sat>10</sat></trkpt>
  <trkpt lat="14.97892107" lon="102.06935352"><ele>151.300</ele><time>2025-01-14T01:38:29.999Z</time><speed>13.677</speed><sat>9</sat></trkpt>
  <trkpt lat="14.97890449" lon="102.06922916"><ele>150.850</ele><time>2025-01-14T01:38:30.999Z</time><speed>13.811</speed><sat>10</sat></trkpt>
  <trkpt lat="14.97888541" lon="102.06909690"><ele>150.893</ele><time>2025-01-14T01:38:31.999Z</time><speed>13.720</speed><sat>11</sat></trkpt>
  <trkpt lat="14.97886263" lon="102.06896540"><ele>150.954</ele><time>2025-01-14T01:38:32.999Z</time><speed>13.606</speed><sat>12</sat></trkpt>
  <trkpt lat="14.97883716" lon="102.06884141"><ele>150.525</ele><time>2025-01-14T01:38:33.999Z</time><speed>13.535</speed><sat>13</sat></trkpt>
  <trkpt lat="14.97880654" lon="102.06872043"><ele>151.013</ele><time>2025-01-14T01:38:34.999Z</time><speed>13.237</speed><sat>13</sat></trkpt>
  <trkpt lat="14.97877069" lon="102.06859804"><ele>150.913</ele><time>2025-01-14T01:38:35.999Z</time><speed>13.421</speed><sat>11</sat></trkpt>
  <trkpt lat="14.97873446" lon="102.06847836"><ele>150.993</ele><time>2025-01-14T01:38:36.999Z</time><speed>13.574</speed><sat>9</sat></trkpt>
  <trkpt lat="14.97869680" lon="102.06836465"><ele>151.246</ele><time>2025-01-14T01:38:37.999Z</time><speed>13.619</speed><sat>5</sat></trkpt>
  <trkpt lat="14.97865685" lon="102.06825276"><ele>151.427</ele><time>2025-01-14T01:38:38.999Z</time><speed>13.181</speed><sat>6</sat></trkpt>
  <trkpt lat="14.97861349" lon="102.06813807"><ele>151.773</ele><time>2025-01-14T01:38:39.999Z</time><speed>12.168</speed><sat>8</sat></trkpt>
  <trkpt lat="14.97857521" lon="102.06801597"><ele>152.622</ele><time>2025-01-14T01:38:40.999Z</time><speed>11.195</speed><sat>10</sat></trkpt>
  <trkpt lat="14.97854067" lon="102.06792223"><ele>153.254</ele><time>2025-01-14T01:38:41.999Z</time><speed>10.234</speed><sat>12</sat></trkpt>
  <trkpt lat="14.97850437" lon="102.06783825"><ele>153.562</ele><time>2025-01-14T01:38:42.999Z</time><speed>9.758</speed><sat>12</sat></trkpt>
  <trkpt lat="14.97846649" lon="102.06775249"><ele>154.539</ele><time>2025-01-14T01:38:43.999Z</time><speed>9.869</speed><sat>11</sat></trkpt>
  <trkpt lat="14.97842487" lon="102.06766418"><ele>154.590</ele><time>2025-01-14T01:38:44.999Z</time><speed>9.781</speed><sat>8</sat></trkpt>
  <trkpt lat="14.97838149" lon="102.06757356"><ele>155.079</ele><time>2025-01-14T01:38:45.999Z</time><speed>10.700</speed><sat>9</sat></trkpt>
  <trkpt lat="14.97833194" lon="102.06747815"><ele>155.473</ele><time>2025-01-14T01:38:46.999Z</time><speed>11.457</speed><sat>8</sat></trkpt>
  <trkpt lat="14.97827728" lon="102.06737818"><ele>155.286</ele><time>2025-01-14T01:38:47.999Z</time><speed>12.324</speed><sat>8</sat></trkpt>
  <trkpt lat="14.97822172" lon="102.06727834"><ele>155.425</ele><time>2025-01-14T01:38:48.999Z</time><speed>12.689</speed><sat>8</sat></trkpt>
  <trkpt lat="14.97815990" lon="102.06717532"><ele>155.591</ele><time>2025-01-14T01:38:49.999Z</time><speed>13.065</speed><sat>6</sat></trkpt>
  <trkpt lat="14.97809308" lon="102.06706443"><ele>155.693</ele><time>2025-01-14T01:38:50.999Z</time><speed>13.012</speed><sat>6</sat></trkpt>
  <trkpt lat="14.97803064" lon="102.06696702"><ele>155.935</ele><time>2025-01-14T01:38:51.999Z</time><speed>13.167</speed><sat>6</sat></trkpt>
  <trkpt lat="14.97795826" lon="102.06686339"><ele>156.494</ele><time>2025-01-14T01:38:52.999Z</time><speed>13.667</speed><sat>9</sat></trkpt>
  <trkpt lat="14.97787894" lon="102.06675450"><ele>156.994</ele><time>2025-01-14T01:38:53.999Z</time><speed>13.908</speed><sat>6</sat></trkpt>
  <trkpt lat="14.97779982" lon="102.06664636"><ele>157.400</ele><time>2025-01-14T01:38:54.999Z</time><speed>14.236</speed><sat>7</sat></trkpt>
  <trkpt lat="14.97771507" lon="102.06654229"><ele>157.572</ele><time>2025-01-14T01:38:55.999Z</time><speed>14.159</speed><sat>8</sat></trkpt>
  <trkpt lat="14.97763033" lon="102.06643939"><ele>158.118</ele><time>2025-01-14T01:38:56.999Z</time><speed>14.282</speed><sat>8</sat></trkpt>
  <trkpt lat="14.97753895" lon="102.06634463"><ele>157.789</ele><time>2025-01-14T01:38:57.999Z</time><speed>14.459</speed><sat>10</sat></trkpt>
  <trkpt lat="14.97744756" lon="102.06624185"><ele>158.234</ele><time>2025-01-14T01:38:58.999Z</time><speed>14.661</speed><sat>10</sat></trkpt>
  <trkpt lat="14.97735434" lon="102.06614319"><ele>158.033</ele><time>2025-01-14T01:38:59.999Z</time><speed>14.367</speed><sat>9</sat></trkpt>
  <trkpt lat="14.97726060" lon="102.06604588"><ele>157.627</ele><time>2025-01-14T01:39:00.999Z</time><speed>14.427</speed><sat>7</sat></trkpt>
  <trkpt lat="14.97716269" lon="102.06595251"><ele>157.489</ele><time>2025-01-14T01:39:01.999Z</time><speed>14.592</speed><sat>5</sat></trkpt>
  <trkpt lat="14.97706078" lon="102.06585450"><ele>157.559</ele><time>2025-01-14T01:39:02.999Z</time><speed>14.954</speed><sat>5</sat></trkpt>
  <trkpt lat="14.97695122" lon="102.06576951"><ele>156.953</ele><time>2025-01-14T01:39:03.999Z</time><speed>14.904</speed><sat>10</sat></trkpt>
  <trkpt lat="14.97684758" lon="102.06568753"><ele>156.902</ele><time>2025-01-14T01:39:04.999Z</time><speed>14.540</speed><sat>9</sat></trkpt>
  <trkpt lat="14.97674454" lon="102.06560962"><ele>156.882</ele><time>2025-01-14T01:39:05.999Z</time><speed>14.007</speed><sat>11</sat></trkpt>
  <trkpt lat="14.97664195" lon="102.06552887"><ele>155.866</ele><time>2025-01-14T01:39:06.999Z</time><speed>14.602</speed><sat>10</sat></trkpt>
  <trkpt lat="14.97654020" lon="102.06545439"><ele>155.406</ele><time>2025-01-14T01:39:07.999Z</time><speed>14.514</speed><sat>9</sat></trkpt>
  <trkpt lat="14.97643409" lon="102.06537993"><ele>155.219</ele><time>2025-01-14T01:39:08.999Z</time><speed>14.809</speed><sat>9</sat></trkpt>
  <trkpt lat="14.97632099" lon="102.06530079"><ele>155.893</ele><time>2025-01-14T01:39:09.999Z</time><speed>14.876</speed><sat>10</sat></trkpt>
  <trkpt lat="14.97620458" lon="102.06523171"><ele>155.145</ele><time>2025-01-14T01:39:10.999Z</time><speed>14.817</speed><sat>10</sat></trkpt>
  <trkpt lat="14.97608288" lon="102.06516647"><ele>155.931</ele><time>2025-01-14T01:39:11.999Z</time><speed>14.933</speed><sat>10</sat></trkpt>
  <trkpt lat="14.97595606" lon="102.06510825"><ele>156.923</ele><time>2025-01-14T01:39:12.999Z</time><speed>14.965</speed><sat>10</sat></trkpt>
  <trkpt lat="14.97583956" lon="102.06505568"><ele>157.587</ele><time>2025-01-14T01:39:13.999Z</time><speed>14.742</speed><sat>9</sat></trkpt>
  <trkpt lat="14.97572278" lon="102.06499976"><ele>157.880</ele><time>2025-01-14T01:39:14.999Z</time><speed>14.915</speed><sat>9</sat></trkpt>
  <trkpt lat="14.97560133" lon="102.06494141"><ele>158.091</ele><time>2025-01-14T01:39:15.999Z</time><speed>15.096</speed><sat>10</sat></trkpt>
  <trkpt lat="14.97547886" lon="102.06488710"><ele>158.419</ele><time>2025-01-14T01:39:16.999Z</time><speed>14.878</speed><sat>10</sat></trkpt>
  <trkpt lat="14.97536221" lon="102.06483567"><ele>158.772</ele><time>2025-01-14T01:39:17.999Z</time><speed>14.030</speed><sat>11</sat></trkpt>
  <trkpt lat="14.97525069" lon="102.06478917"><ele>159.089</ele><time>2025-01-14T01:39:18.999Z</time><speed>13.310</speed><sat>11</sat></trkpt>
  <trkpt lat="14.97514089" lon="102.06474521"><ele>159.580</ele><time>2025-01-14T01:39:19.999Z</time><speed>12.810</speed><sat>11</sat></trkpt>
  <trkpt lat="14.97503069" lon="102.06470360"><ele>159.942</ele><time>2025-01-14T01:39:20.999Z</time><speed>12.760</speed><sat>12</sat></trkpt>
  <trkpt lat="14.97491885" lon="102.06466543"><ele>160.011</ele><time>2025-01-14T01:39:21.999Z</time><speed>12.801</speed><sat>9</sat></trkpt>
  <trkpt lat="14.97480621" lon="102.06462808"><ele>160.056</ele><time>2025-01-14T01:39:22.999Z</time><speed>12.779</speed><sat>7</sat></trkpt>
  <trkpt lat="14.97469591" lon="102.06459697"><ele>160.059</ele><time>2025-01-14T01:39:23.999Z</time><speed>12.775</speed><sat>9</sat></trkpt>
  <trkpt lat="14.97458154" lon="102.06457332"><ele>159.874</ele><time>2025-01-14T01:39:24.999Z</time><speed>13.029</speed><sat>10</sat></trkpt>
  <trkpt lat="14.97446199" lon="102.06455120"><ele>159.952</ele><time>2025-01-14T01:39:25.999Z</time><speed>13.173</speed><sat>8</sat></trkpt>
  <trkpt lat="14.97434345" lon="102.06451590"><ele>159.642</ele><time>2025-01-14T01:39:26.999Z</time><speed>13.692</speed><sat>9</sat></trkpt>
  <trkpt lat="14.97423598" lon="102.06448370"><ele>158.933</ele><time>2025-01-14T01:39:27.999Z</time><speed>13.570</speed><sat>7</sat></trkpt>
  <trkpt lat="14.97411062" lon="102.06445830"><ele>157.944</ele><time>2025-01-14T01:39:28.999Z</time><speed>13.802</speed><sat>6</sat></trkpt>
  <trkpt lat="14.97397356" lon="102.06444554"><ele>156.920</ele><time>2025-01-14T01:39:29.999Z</time><speed>14.093</speed><sat>9</sat></trkpt>
  <trkpt lat="14.97384490" lon="102.06443257"><ele>156.535</ele><time>2025-01-14T01:39:30.999Z</time><speed>14.437</speed><sat>10</sat></trkpt>
  <trkpt lat="14.97370715" lon="102.06442764"><ele>156.372</ele><time>2025-01-14T01:39:31.999Z</time><speed>14.426</speed><sat>11</sat></trkpt>
  <trkpt lat="14.97357718" lon="102.06442276"><ele>156.181</ele><time>2025-01-14T01:39:32.999Z</time><speed>14.527</speed><sat>9</sat></trkpt>
  <trkpt lat="14.97344649" lon="102.06442607"><ele>155.744</ele><time>2025-01-14T01:39:33.999Z</time><speed>14.708</speed><sat>10</sat></trkpt>
  <trkpt lat="14.97331450" lon="102.06442557"><ele>154.963</ele><time>2025-01-14T01:39:34.999Z</time><speed>14.603</speed><sat>12</sat></trkpt>
  <trkpt lat="14.97318248" lon="102.06442594"><ele>156.479</ele><time>2025-01-14T01:39:35.999Z</time><speed>14.320</speed><sat>12</sat></trkpt>
  <trkpt lat="14.97304490" lon="102.06441336"><ele>156.262</ele><time>2025-01-14T01:39:36.999Z</time><speed>14.547</speed><sat>12</sat></trkpt>
  <trkpt lat="14.97290867" lon="102.06440645"><ele>156.074</ele><time>2025-01-14T01:39:37.999Z</time><speed>14.816</speed><sat>12</sat></trkpt>
  <trkpt lat="14.97277519" lon="102.06440809"><ele>156.445</ele><time>2025-01-14T01:39:38.999Z</time><speed>14.870</speed><sat>10</sat></trkpt>
  <trkpt lat="14.97264090" lon="102.06440699"><ele>156.665</ele><time>2025-01-14T01:39:39.999Z</time><speed>14.710</speed><sat>11</sat></trkpt>
  <trkpt lat="14.97251426" lon="102.06440754"><ele>156.809</ele><time>2025-01-14T01:39:40.999Z</time><speed>14.411</speed><sat>11</sat></trkpt>
  <trkpt lat="14.97238484" lon="102.06441154"><ele>156.863</ele><time>2025-01-14T01:39:41.999Z</time><speed>14.429</speed><sat>10</sat></trkpt>
  <trkpt lat="14.97225245" lon="102.06441541"><ele>157.092</ele><time>2025-01-14T01:39:42.999Z</time><speed>14.288</speed><sat>9</sat></trkpt>
  <trkpt lat="14.97213261" lon="102.06442086"><ele>157.230</ele><time>2025-01-14T01:39:43.999Z</time><speed>13.912</speed><sat>9</sat></trkpt>
  <trkpt lat="14.97200849" lon="102.06442472"><ele>157.240</ele><time>2025-01-14T01:39:44.999Z</time><speed>13.582</speed><sat>10</sat></trkpt>
  <trkpt lat="14.97188691" lon="102.06442792"><ele>157.341</ele><time>2025-01-14T01:39:45.999Z</time><speed>13.767</speed><sat>10</sat></trkpt>
  <trkpt lat="14.97175934" lon="102.06443000"><ele>157.897</ele><time>2025-01-14T01:39:46.999Z</time><speed>13.843</speed><sat>12</sat></trkpt>
  <trkpt lat="14.97163416" lon="102.06443421"><ele>156.885</ele><time>2025-01-14T01:39:47.999Z</time><speed>13.838</speed><sat>11</sat></trkpt>
  <trkpt lat="14.97150803" lon="102.06443880"><ele>157.486</ele><time>2025-01-14T01:39:48.999Z</time><speed>13.856</speed><sat>11</sat></trkpt>
  <trkpt lat="14.97138632" lon="102.06444347"><ele>157.619</ele><time>2025-01-14T01:39:49.999Z</time><speed>13.864</speed><sat>11</sat></trkpt>
  <trkpt lat="14.97125505" lon="102.06444559"><ele>158.015</ele><time>2025-01-14T01:39:50.999Z</time><speed>14.412</speed><sat>12</sat></trkpt>
  <trkpt lat="14.97112200" lon="102.06444986"><ele>158.123</ele><time>2025-01-14T01:39:51.999Z</time><speed>14.893</speed><sat>10</sat></trkpt>
  <trkpt lat="14.97098609" lon="102.06445450"><ele>158.041</ele><time>2025-01-14T01:39:52.999Z</time><speed>15.008</speed><sat>10</sat></trkpt>
  <trkpt lat="14.97084938" lon="102.06445790"><ele>157.543</ele><time>2025-01-14T01:39:53.999Z</time><speed>15.228</speed><sat>8</sat></trkpt>
  <trkpt lat="14.97070391" lon="102.06446417"><ele>157.264</ele><time>2025-01-14T01:39:54.999Z</time><speed>15.637</speed><sat>9</sat></trkpt>
  <trkpt lat="14.97055766" lon="102.06447033"><ele>157.146</ele><time>2025-01-14T01:39:55.999Z</time><speed>16.072</speed><sat>9</sat></trkpt>
  <trkpt lat="14.97040978" lon="102.06447338"><ele>157.573</ele><time>2025-01-14T01:39:56.999Z</time><speed>16.579</speed><sat>10</sat></trkpt>
  <trkpt lat="14.97025838" lon="102.06447696"><ele>157.957</ele><time>2025-01-14T01:39:57.999Z</time><speed>16.476</speed><sat>9</sat></trkpt>
  <trkpt lat="14.97010999" lon="102.06448184"><ele>158.550</ele><time>2025-01-14T01:39:58.999Z</time><speed>16.569</speed><sat>9</sat></trkpt>
  <trkpt lat="14.96995948" lon="102.06448971"><ele>160.018</ele><time>2025-01-14T01:39:59.999Z</time><speed>16.659</speed><sat>10</sat></trkpt>
  <trkpt lat="14.96980957" lon="102.06450011"><ele>161.270</ele><time>2025-01-14T01:40:00.999Z</time><speed>16.658</speed><sat>10</sat></trkpt>
  <trkpt lat="14.96966066" lon="102.06451306"><ele>162.034</ele><time>2025-01-14T01:40:01.999Z</time><speed>16.563</speed><sat>8</sat></trkpt>
  <trkpt lat="14.96951542" lon="102.06452307"><ele>163.361</ele><time>2025-01-14T01:40:02.999Z</time><speed>16.020</speed><sat>10</sat></trkpt>
  <trkpt lat="14.96936901" lon="102.06453197"><ele>163.789</ele><time>2025-01-14T01:40:03.999Z</time><speed>15.870</speed><sat>9</sat></trkpt>
  <trkpt lat="14.96922837" lon="102.06453739"><ele>164.858</ele><time>2025-01-14T01:40:04.999Z</time><speed>15.641</speed><sat>10</sat></trkpt>
  <trkpt lat="14.96908795" lon="102.06454470"><ele>165.709</ele><time>2025-01-14T01:40:05.999Z</time><speed>15.664</speed><sat>10</sat></trkpt>
  <trkpt lat="14.96894959" lon="102.06455001"><ele>166.021</ele><time>2025-01-14T01:40:06.999Z</time><speed>15.760</speed><sat>9</sat></trkpt>
  <trkpt lat="14.96880581" lon="102.06454956"><ele>166.277</ele><time>2025-01-14T01:40:07.999Z</time><speed>15.899</speed><sat>9</sat></trkpt>
  <trkpt lat="14.96865910" lon="102.06454796"><ele>166.308</ele><time>2025-01-14T01:40:08.999Z</time><speed>15.740</speed><sat>8</sat></trkpt>
  <trkpt lat="14.96852203" lon="102.06454603"><ele>166.620</ele><time>2025-01-14T01:40:09.999Z</time><speed>15.502</speed><sat>6</sat></trkpt>
  <trkpt lat="14.96838244" lon="102.06454179"><ele>166.779</ele><time>2025-01-14T01:40:10.999Z</time><speed>15.326</speed><sat>9</sat></trkpt>
  <trkpt lat="14.96824598" lon="102.06454700"><ele>166.412</ele><time>2025-01-14T01:40:11.999Z</time><speed>15.236</speed><sat>10</sat></trkpt>
  <trkpt lat="14.96810860" lon="102.06455299"><ele>166.840</ele><time>2025-01-14T01:40:12.999Z</time><speed>15.414</speed><sat>9</sat></trkpt>
  <trkpt lat="14.96796887" lon="102.06455914"><ele>167.552</ele><time>2025-01-14T01:40:13.999Z</time><speed>15.769</speed><sat>9</sat></trkpt>
  <trkpt lat="14.96782436" lon="102.06456589"><ele>167.984</ele><time>2025-01-14T01:40:14.999Z</time><speed>15.891</speed><sat>12</sat></trkpt>
  <trkpt lat="14.96768058" lon="102.06457063"><ele>167.964</ele><time>2025-01-14T01:40:15.999Z</time><speed>15.617</speed><sat>12</sat></trkpt>
  <trkpt lat="14.96753932" lon="102.06457457"><ele>168.126</ele><time>2025-01-14T01:40:16.999Z</time><speed>15.489</speed><sat>13</sat></trkpt>
  <trkpt lat="14.96739746" lon="102.06458094"><ele>167.989</ele><time>2025-01-14T01:40:17.999Z</time><speed>15.612</speed><sat>12</sat></trkpt>
  <trkpt lat="14.96725678" lon="102.06458773"><ele>167.423</ele><time>2025-01-14T01:40:18.999Z</time><speed>15.843</speed><sat>10</sat></trkpt>
  <trkpt lat="14.96711547" lon="102.06459619"><ele>167.461</ele><time>2025-01-14T01:40:19.999Z</time><speed>16.006</speed><sat>10</sat></trkpt>
  <trkpt lat="14.96696982" lon="102.06460351"><ele>167.679</ele><time>2025-01-14T01:40:20.999Z</time><speed>16.297</speed><sat>10</sat></trkpt>
  <trkpt lat="14.96681654" lon="102.06460850"><ele>167.189</ele><time>2025-01-14T01:40:21.999Z</time><speed>16.992</speed><sat>12</sat></trkpt>
  <trkpt lat="14.96665926" lon="102.06461281"><ele>166.671</ele><time>2025-01-14T01:40:22.999Z</time><speed>17.408</speed><sat>12</sat></trkpt>
  <trkpt lat="14.96649994" lon="102.06461525"><ele>166.201</ele><time>2025-01-14T01:40:23.999Z</time><speed>17.504</speed><sat>12</sat></trkpt>
  <trkpt lat="14.96634158" lon="102.06461786"><ele>165.926</ele><time>2025-01-14T01:40:24.999Z</time><speed>17.457</speed><sat>12</sat></trkpt>
  <trkpt lat="14.96618191" lon="102.06461986"><ele>166.155</ele><time>2025-01-14T01:40:25.999Z</time><speed>17.607</speed><sat>10</sat></trkpt>
  <trkpt lat="14.96602034" lon="102.06462062"><ele>166.475</ele><time>2025-01-14T01:40:26.999Z</time><speed>17.658</speed><sat>11</sat></trkpt>
  <trkpt lat="14.96586199" lon="102.06462680"><ele>166.828</ele><time>2025-01-14T01:40:27.999Z</time><speed>17.363</speed><sat>10</sat></trkpt>
  <trkpt lat="14.96570543" lon="102.06461916"><ele>167.207</ele><time>2025-01-14T01:40:28.999Z</time><speed>17.193</speed><sat>10</sat></trkpt>
  <trkpt lat="14.96555096" lon="102.06461455"><ele>167.346</ele><time>2025-01-14T01:40:29.999Z</time><speed>16.897</speed><sat>10</sat></trkpt>
  <trkpt lat="14.96539735" lon="102.06460345"><ele>167.482</ele><time>2025-01-14T01:40:30.999Z</time><speed>16.728</speed><sat>10</sat></trkpt>
  <trkpt lat="14.96524953" lon="102.06458607"><ele>167.813</ele><time>2025-01-14T01:40:31.999Z</time><speed>16.735</speed><sat>8</sat></trkpt>
  <trkpt lat="14.96510300" lon="102.06456845"><ele>168.244</ele><time>2025-01-14T01:40:32.999Z</time><speed>16.487</speed><sat>9</sat></trkpt>
  <trkpt lat="14.96495699" lon="102.06453971"><ele>168.598</ele><time>2025-01-14T01:40:33.999Z</time><speed>16.327</speed><sat>8</sat></trkpt>
  <trkpt lat="14.96481720" lon="102.06451533"><ele>168.516</ele><time>2025-01-14T01:40:34.999Z</time><speed>16.179</speed><sat>8</sat></trkpt>
  <trkpt lat="14.96452643" lon="102.06445399"><ele>168.650</ele><time>2025-01-14T01:40:36.999Z</time><speed>16.317</speed><sat>6</sat></trkpt>
  <trkpt lat="14.96438467" lon="102.06441874"><ele>169.176</ele><time>2025-01-14T01:40:37.999Z</time><speed>16.525</speed><sat>7</sat></trkpt>
  <trkpt lat="14.96423411" lon="102.06437146"><ele>169.929</ele><time>2025-01-14T01:40:38.999Z</time><speed>16.955</speed><sat>8</sat></trkpt>
  <trkpt lat="14.96407106" lon="102.06430848"><ele>170.018</ele><time>2025-01-14T01:40:39.999Z</time><speed>17.237</speed><sat>10</sat></trkpt>
  <trkpt lat="14.96392347" lon="102.06425244"><ele>170.023</ele><time>2025-01-14T01:40:40.999Z</time><speed>17.815</speed><sat>8</sat></trkpt>
  <trkpt lat="14.96377029" lon="102.06419062"><ele>170.030</ele><time>2025-01-14T01:40:41.999Z</time><speed>17.956</speed><sat>8</sat></trkpt>
  <trkpt lat="14.96361024" lon="102.06411730"><ele>170.297</ele><time>2025-01-14T01:40:42.999Z</time><speed>18.328</speed><sat>9</sat></trkpt>
  <trkpt lat="14.96345990" lon="102.06404498"><ele>170.835</ele><time>2025-01-14T01:40:43.999Z</time><speed>18.085</speed><sat>10</sat></trkpt>
  <trkpt lat="14.96331820" lon="102.06397481"><ele>171.122</ele><time>2025-01-14T01:40:44.999Z</time><speed>17.629</speed><sat>10</sat></trkpt>
  <trkpt lat="14.96317532" lon="102.06389938"><ele>171.143</ele><time>2025-01-14T01:40:45.999Z</time><speed>17.629</speed><sat>12</sat></trkpt>
  <trkpt lat="14.96303791" lon="102.06381662"><ele>170.863</ele><time>2025-01-14T01:40:46.999Z</time><speed>17.465</speed><sat>11</sat></trkpt>
  <trkpt lat="14.96290173" lon="102.06373304"><ele>171.256</ele><time>2025-01-14T01:40:47.999Z</time><speed>17.227</speed><sat>12</sat></trkpt>
  <trkpt lat="14.96277614" lon="102.06364904"><ele>171.605</ele><time>2025-01-14T01:40:48.999Z</time><speed>16.705</speed><sat>9</sat></trkpt>
  <trkpt lat="14.96264202" lon="102.06356140"><ele>171.982</ele><time>2025-01-14T01:40:49.999Z</time><speed>16.426</speed><sat>12</sat></trkpt>
  <trkpt lat="14.96251824" lon="102.06347698"><ele>171.819</ele><time>2025-01-14T01:40:50.999Z</time><speed>16.213</speed><sat>11</sat></trkpt>
  <trkpt lat="14.96240434" lon="102.06339243"><ele>171.314</ele><time>2025-01-14T01:40:51.999Z</time><speed>15.595</speed><sat>12</sat></trkpt>
  <trkpt lat="14.96229690" lon="102.06331306"><ele>170.965</ele><time>2025-01-14T01:40:52.999Z</time><speed>14.973</speed><sat>11</sat></trkpt>
  <trkpt lat="14.96219059" lon="102.06323274"><ele>170.637</ele><time>2025-01-14T01:40:53.999Z</time><speed>14.477</speed><sat>11</sat></trkpt>
  <trkpt lat="14.96208841" lon="102.06315353"><ele>170.828</ele><time>2025-01-14T01:40:54.999Z</time><speed>14.327</speed><sat>12</sat></trkpt>
  <trkpt lat="14.96198514" lon="102.06307041"><ele>170.493</ele><time>2025-01-14T01:40:55.999Z</time><speed>14.578</speed><sat>11</sat></trkpt>
  <trkpt lat="14.96189052" lon="102.06299209"><ele>170.215</ele><time>2025-01-14T01:40:56.999Z</time><speed>14.313</speed><sat>9</sat></trkpt>
  <trkpt lat="14.96179323" lon="102.06290776"><ele>169.948</ele><time>2025-01-14T01:40:57.999Z</time><speed>14.263</speed><sat>6</sat></trkpt>
  <trkpt lat="14.96169640" lon="102.06280883"><ele>169.805</ele><time>2025-01-14T01:40:58.999Z</time><speed>14.610</speed><sat>10</sat></trkpt>
  <trkpt lat="14.96160262" lon="102.06270035"><ele>169.586</ele><time>2025-01-14T01:40:59.999Z</time><speed>14.627</speed><sat>10</sat></trkpt>
  <trkpt lat="14.96151619" lon="102.06259950"><ele>169.627</ele><time>2025-01-14T01:41:00.999Z</time><speed>14.459</speed><sat>8</sat></trkpt>
  <trkpt lat="14.96143292" lon="102.06249890"><ele>169.651</ele><time>2025-01-14T01:41:01.999Z</time><speed>13.899</speed><sat>7</sat></trkpt>
  <trkpt lat="14.96136331" lon="102.06239361"><ele>170.280</ele><time>2025-01-14T01:41:02.999Z</time><speed>13.672</speed><sat>9</sat></trkpt>
  <trkpt lat="14.96129648" lon="102.06228405"><ele>171.293</ele><time>2025-01-14T01:41:03.999Z</time><speed>13.734</speed><sat>6</sat></trkpt>
  <trkpt lat="14.96123449" lon="102.06218480"><ele>172.057</ele><time>2025-01-14T01:41:04.999Z</time><speed>13.328</speed><sat>6</sat></trkpt>
  <trkpt lat="14.96116828" lon="102.06207655"><ele>171.338</ele><time>2025-01-14T01:41:05.999Z</time><speed>13.336</speed><sat>6</sat></trkpt>
  <trkpt lat="14.96109740" lon="102.06196627"><ele>170.041</ele><time>2025-01-14T01:41:06.999Z</time><speed>13.315</speed><sat>6</sat></trkpt>
  <trkpt lat="14.96102782" lon="102.06185888"><ele>169.439</ele><time>2025-01-14T01:41:07.999Z</time><speed>13.210</speed><sat>6</sat></trkpt>
  <trkpt lat="14.96096014" lon="102.06174458"><ele>168.819</ele><time>2025-01-14T01:41:08.999Z</time><speed>13.142</speed><sat>8</sat></trkpt>
  <trkpt lat="14.96090896" lon="102.06163959"><ele>168.388</ele><time>2025-01-14T01:41:09.999Z</time><speed>12.427</speed><sat>8</sat></trkpt>
  <trkpt lat="14.96086285" lon="102.06154403"><ele>168.932</ele><time>2025-01-14T01:41:10.999Z</time><speed>11.625</speed><sat>7</sat></trkpt>
  <trkpt lat="14.96081471" lon="102.06144869"><ele>169.002</ele><time>2025-01-14T01:41:11.999Z</time><speed>10.906</speed><sat>7</sat></trkpt>
  <trkpt lat="14.96076694" lon="102.06136048"><ele>168.429</ele><time>2025-01-14T01:41:12.999Z</time><speed>10.642</speed><sat>7</sat></trkpt>
  <trkpt lat="14.96072415" lon="102.06128229"><ele>167.660</ele><time>2025-01-14T01:41:13.999Z</time><speed>10.370</speed><sat>10</sat></trkpt>
  <trkpt lat="14.96068333" lon="102.06119169"><ele>167.639</ele><time>2025-01-14T01:41:14.999Z</time><speed>10.617</speed><sat>11</sat></trkpt>
  <trkpt lat="14.96064099" lon="102.06110052"><ele>167.902</ele><time>2025-01-14T01:41:15.999Z</time><speed>11.089</speed><sat>10</sat></trkpt>
  <trkpt lat="14.96059981" lon="102.06100777"><ele>167.573</ele><time>2025-01-14T01:41:16.999Z</time><speed>11.130</speed><sat>10</sat></trkpt>
  <trkpt lat="14.96055727" lon="102.06090716"><ele>167.462</ele><time>2025-01-14T01:41:17.999Z</time><speed>11.048</speed><sat>8</sat></trkpt>
  <trkpt lat="14.96052242" lon="102.06082073"><ele>167.361</ele><time>2025-01-14T01:41:18.999Z</time><speed>10.253</speed><sat>8</sat></trkpt>
  <trkpt lat="14.96049239" lon="102.06074077"><ele>167.392</ele><time>2025-01-14T01:41:19.999Z</time><speed>9.660</speed><sat>8</sat></trkpt>
  <trkpt lat="14.96046480" lon="102.06066823"><ele>167.520</ele><time>2025-01-14T01:41:20.999Z</time><speed>9.012</speed><sat>7</sat></trkpt>
  <trkpt lat="14.96044416" lon="102.06059351"><ele>168.685</ele><time>2025-01-14T01:41:21.999Z</time><speed>8.449</speed><sat>9</sat></trkpt>
  <trkpt lat="14.96041955" lon="102.06053628"><ele>168.135</ele><time>2025-01-14T01:41:22.999Z</time><speed>8.460</speed><sat>6</sat></trkpt>
  <trkpt lat="14.96039415" lon="102.06046593"><ele>167.865</ele><time>2025-01-14T01:41:23.999Z</time><speed>8.405</speed><sat>5</sat></trkpt>
  <trkpt lat="14.96034354" lon="102.06030649"><ele>168.031</ele><time>2025-01-14T01:41:25.999Z</time><speed>9.353</speed><sat>5</sat></trkpt>
  <trkpt lat="14.96032221" lon="102.06022191"><ele>168.540</ele><time>2025-01-14T01:41:26.999Z</time><speed>10.128</speed><sat>6</sat></trkpt>
  <trkpt lat="14.96029536" lon="102.06010988"><ele>169.170</ele><time>2025-01-14T01:41:27.999Z</time><speed>11.167</speed><sat>9</sat></trkpt>
  <trkpt lat="14.96026281" lon="102.06000221"><ele>168.848</ele><time>2025-01-14T01:41:28.999Z</time><speed>11.276</speed><sat>9</sat></trkpt>
  <trkpt lat="14.96024545" lon="102.05987899"><ele>169.492</ele><time>2025-01-14T01:41:29.999Z</time><speed>11.725</speed><sat>12</sat></trkpt>
  <trkpt lat="14.96023240" lon="102.05976168"><ele>168.410</ele><time>2025-01-14T01:41:30.999Z</time><speed>11.901</speed><sat>13</sat></trkpt>
  <trkpt lat="14.96021142" lon="102.05964435"><ele>168.395</ele><time>2025-01-14T01:41:31.999Z</time><speed>11.792</speed><sat>10</sat></trkpt>
  <trkpt lat="14.96019320" lon="102.05953580"><ele>168.306</ele><time>2025-01-14T01:41:32.999Z</time><speed>11.774</speed><sat>10</sat></trkpt>
  <trkpt lat="14.96017648" lon="102.05942380"><ele>168.166</ele><time>2025-01-14T01:41:33.999Z</time><speed>12.050</speed><sat>11</sat></trkpt>
  <trkpt lat="14.96016307" lon="102.05931690"><ele>167.946</ele><time>2025-01-14T01:41:34.999Z</time><speed>12.006</speed><sat>9</sat></trkpt>
  <trkpt lat="14.96014918" lon="102.05920972"><ele>167.284</ele><time>2025-01-14T01:41:35.999Z</time><speed>12.256</speed><sat>9</sat></trkpt>
  <trkpt lat="14.96013105" lon="102.05909560"><ele>167.048</ele><time>2025-01-14T01:41:36.999Z</time><speed>12.713</speed><sat>10</sat></trkpt>
  <trkpt lat="14.96011272" lon="102.05898236"><ele>166.534</ele><time>2025-01-14T01:41:37.999Z</time><speed>12.909</speed><sat>10</sat></trkpt>
  <trkpt lat="14.96009334" lon="102.05886421"><ele>166.343</ele><time>2025-01-14T01:41:38.999Z</time><speed>13.047</speed><sat>10</sat></trkpt>
  <trkpt lat="14.96007228" lon="102.05874879"><ele>165.900</ele><time>2025-01-14T01:41:39.999Z</time><speed>12.994</speed><sat>10</sat></trkpt>
  <trkpt lat="14.96005216" lon="102.05863426"><ele>166.447</ele><time>2025-01-14T01:41:40.999Z</time><speed>12.710</speed><sat>10</sat></trkpt>
  <trkpt lat="14.96003310" lon="102.05851792"><ele>166.400</ele><time>2025-01-14T01:41:41.999Z</time><speed>12.817</speed><sat>10</sat></trkpt>
  <trkpt lat="14.96001617" lon="102.05839749"><ele>166.742</ele><time>2025-01-14T01:41:42.999Z</time><speed>13.324</speed><sat>9</sat></trkpt>
  <trkpt lat="14.95999779" lon="102.05827604"><ele>166.373</ele><time>2025-01-14T01:41:43.999Z</time><speed>13.222</speed><sat>7</sat></trkpt>
  <trkpt lat="14.95997964" lon="102.05815582"><ele>166.222</ele><time>2025-01-14T01:41:44.999Z</time><speed>13.079</speed><sat>9</sat></trkpt>
  <trkpt lat="14.95995986" lon="102.05803769"><ele>166.170</ele><time>2025-01-14T01:41:45.999Z</time><speed>12.877</speed><sat>10</sat></trkpt>
  <trkpt lat="14.95993945" lon="102.05792759"><ele>166.458</ele><time>2025-01-14T01:41:46.999Z</time><speed>12.824</speed><sat>11</sat></trkpt>
  <trkpt lat="14.95991825" lon="102.05781512"><ele>166.072</ele><time>2025-01-14T01:41:47.999Z</time><speed>12.888</speed><sat>10</sat></trkpt>
  <trkpt lat="14.95989779" lon="102.05769966"><ele>165.987</ele><time>2025-01-14T01:41:48.999Z</time><speed>13.228</speed><sat>8</sat></trkpt>
  <trkpt lat="14.95987718" lon="102.05757650"><ele>166.062</ele><time>2025-01-14T01:41:49.999Z</time><speed>13.686</speed><sat>10</sat></trkpt>
  <trkpt lat="14.95985591" lon="102.05745000"><ele>165.921</ele><time>2025-01-14T01:41:50.999Z</time><speed>13.837</speed><sat>9</sat></trkpt>
  <trkpt lat="14.95983029" lon="102.05732961"><ele>165.717</ele><time>2025-01-14T01:41:51.999Z</time><speed>13.833</speed><sat>7</sat></trkpt>
  <trkpt lat="14.95981007" lon="102.05720126"><ele>165.750</ele><time>2025-01-14T01:41:52.999Z</time><speed>14.080</speed><sat>6</sat></trkpt>
  <trkpt lat="14.95979395" lon="102.05707393"><ele>166.262</ele><time>2025-01-14T01:41:53.999Z</time><speed>14.257</speed><sat>9</sat></trkpt>
  <trkpt lat="14.95977820" lon="102.05694638"><ele>165.734</ele><time>2025-01-14T01:41:54.999Z</time><speed>14.047</speed><sat>7</sat></trkpt>
  <trkpt lat="14.95975867" lon="102.05681371"><ele>165.507</ele><time>2025-01-14T01:41:55.999Z</time><speed>14.354</speed><sat>5</sat></trkpt>
  <trkpt lat="14.95973918" lon="102.05668009"><ele>165.106</ele><time>2025-01-14T01:41:56.999Z</time><speed>14.310</speed><sat>5</sat></trkpt>
  <trkpt lat="14.95971904" lon="102.05655084"><ele>164.618</ele><time>2025-01-14T01:41:57.999Z</time><speed>14.317</speed><sat>6</sat></trkpt>
  <trkpt lat="14.95969859" lon="102.05641591"><ele>164.528</ele><time>2025-01-14T01:41:58.999Z</time><speed>14.669</speed><sat>7</sat></trkpt>
  <trkpt lat="14.95967696" lon="102.05627837"><ele>164.612</ele><time>2025-01-14T01:41:59.999Z</time><speed>14.942</speed><sat>7</sat></trkpt>
  <trkpt lat="14.95965661" lon="102.05614294"><ele>164.752</ele><time>2025-01-14T01:42:00.999Z</time><speed>14.787</speed><sat>6</sat></trkpt>
  <trkpt lat="14.95964157" lon="102.05602221"><ele>164.448</ele><time>2025-01-14T01:42:01.999Z</time><speed>14.406</speed><sat>5</sat></trkpt>
  <trkpt lat="14.95962272" lon="102.05588939"><ele>163.802</ele><time>2025-01-14T01:42:02.999Z</time><speed>14.224</speed><sat>5</sat></trkpt>
  <trkpt lat="14.95960375" lon="102.05576402"><ele>163.102</ele><time>2025-01-14T01:42:03.999Z</time><speed>14.128</speed><sat>6</sat></trkpt>
  <trkpt lat="14.95958469" lon="102.05563334"><ele>162.977</ele><time>2025-01-14T01:42:04.999Z</time><speed>14.415</speed><sat>6</sat></trkpt>
  <trkpt lat="14.95956574" lon="102.05550760"><ele>162.949</ele><time>2025-01-14T01:42:05.999Z</time><speed>14.415</speed><sat>4</sat></trkpt>
  <trkpt lat="14.95954604" lon="102.05538242"><ele>162.985</ele><time>2025-01-14T01:42:06.999Z</time><speed>14.507</speed><sat>5</sat></trkpt>
  <trkpt lat="14.95952460" lon="102.05525007"><ele>162.563</ele><time>2025-01-14T01:42:07.999Z</time><speed>14.241</speed><sat>5</sat></trkpt>
  <trkpt lat="14.95950349" lon="102.05512350"><ele>162.377</ele><time>2025-01-14T01:42:08.999Z</time><speed>14.241</speed><sat>4</sat></trkpt>
  <trkpt lat="14.95948627" lon="102.05498626"><ele>161.711</ele><time>2025-01-14T01:42:09.999Z</time><speed>14.367</speed><sat>5</sat></trkpt>
  <trkpt lat="14.95946544" lon="102.05485057"><ele>161.161</ele><time>2025-01-14T01:42:10.999Z</time><speed>14.682</speed><sat>6</sat></trkpt>
  <trkpt lat="14.95945008" lon="102.05470801"><ele>162.556</ele><time>2025-01-14T01:42:11.999Z</time><speed>14.712</speed><sat>8</sat></trkpt>
  <trkpt lat="14.95942823" lon="102.05457520"><ele>162.727</ele><time>2025-01-14T01:42:12.999Z</time><speed>14.572</speed><sat>6</sat></trkpt>
  <trkpt lat="14.95940780" lon="102.05444711"><ele>163.026</ele><time>2025-01-14T01:42:13.999Z</time><speed>13.963</speed><sat>6</sat></trkpt>
  <trkpt lat="14.95938943" lon="102.05431741"><ele>163.140</ele><time>2025-01-14T01:42:14.999Z</time><speed>13.701</speed><sat>7</sat></trkpt>
  <trkpt lat="14.95936644" lon="102.05418663"><ele>163.383</ele><time>2025-01-14T01:42:15.999Z</time><speed>13.445</speed><sat>7</sat></trkpt>
  <trkpt lat="14.95934297" lon="102.05405321"><ele>163.290</ele><time>2025-01-14T01:42:16.999Z</time><speed>13.125</speed><sat>7</sat></trkpt>
  <trkpt lat="14.95932535" lon="102.05393960"><ele>162.785</ele><time>2025-01-14T01:42:17.999Z</time><speed>12.130</speed><sat>6</sat></trkpt>
  <trkpt lat="14.95930523" lon="102.05382636"><ele>163.495</ele><time>2025-01-14T01:42:18.999Z</time><speed>11.674</speed><sat>8</sat></trkpt>
  <trkpt lat="14.95928426" lon="102.05371454"><ele>163.740</ele><time>2025-01-14T01:42:19.999Z</time><speed>10.977</speed><sat>11</sat></trkpt>
  <trkpt lat="14.65133447" lon="101.30684391"><ele>318.758</ele><time>2025-01-14T03:22:52Z</time><speed>24.039</speed><sat>10</sat></trkpt>
  <trkpt lat="14.65120910" lon="101.30663226"><ele>323.655</ele><time>2025-01-14T03:22:53Z</time><speed>24.108</speed><sat>15</sat></trkpt>
  <trkpt lat="14.65108555" lon="101.30643172"><ele>325.600</ele><time>2025-01-14T03:22:54Z</time><speed>23.936</speed><sat>16</sat></trkpt>
  <trkpt lat="14.65093980" lon="101.30621220"><ele>336.587</ele><time>2025-01-14T03:22:55Z</time><speed>23.819</speed><sat>14</sat></trkpt>
  <trkpt lat="14.65080950" lon="101.30602546"><ele>338.807</ele><time>2025-01-14T03:22:56Z</time><speed>23.575</speed><sat>15</sat></trkpt>
  <trkpt lat="14.65067957" lon="101.30585566"><ele>339.212</ele><time>2025-01-14T03:22:57Z</time><speed>23.257</speed><sat>15</sat></trkpt>
  <trkpt lat="14.65054189" lon="101.30569438"><ele>338.056</ele><time>2025-01-14T03:22:58Z</time><speed>22.962</speed><sat>16</sat></trkpt>
  <trkpt lat="14.65041011" lon="101.30553918"><ele>339.655</ele><time>2025-01-14T03:22:59Z</time><speed>22.988</speed><sat>16</sat></trkpt>
  <trkpt lat="14.65026686" lon="101.30536428"><ele>341.978</ele><time>2025-01-14T03:23:00Z</time><speed>23.096</speed><sat>21</sat></trkpt>
  <trkpt lat="14.65013009" lon="101.30519327"><ele>345.057</ele><time>2025-01-14T03:23:01Z</time><speed>23.240</speed><sat>19</sat></trkpt>
  <trkpt lat="14.64999121" lon="101.30502647"><ele>346.229</ele><time>2025-01-14T03:23:02Z</time><speed>23.253</speed><sat>19</sat></trkpt>
  <trkpt lat="14.64986026" lon="101.30487138"><ele>347.234</ele><time>2025-01-14T03:23:03Z</time><speed>23.233</speed><sat>20</sat></trkpt>
  <trkpt lat="14.64973170" lon="101.30471686"><ele>349.167</ele><time>2025-01-14T03:23:04Z</time><speed>23.349</speed><sat>20</sat></trkpt>
  <trkpt lat="14.64960631" lon="101.30456650"><ele>350.312</ele><time>2025-01-14T03:23:05Z</time><speed>23.345</speed><sat>17</sat></trkpt>
  <trkpt lat="14.64945996" lon="101.30440375"><ele>352.461</ele><time>2025-01-14T03:23:06Z</time><speed>23.422</speed><sat>18</sat></trkpt>
  <trkpt lat="14.64932208" lon="101.30423910"><ele>353.316</ele><time>2025-01-14T03:23:07Z</time><speed>23.640</speed><sat>19</sat></trkpt>
  <trkpt lat="14.64918143" lon="101.30407933"><ele>353.810</ele><time>2025-01-14T03:23:08Z</time><speed>23.940</speed><sat>19</sat></trkpt>
  <trkpt lat="14.64903003" lon="101.30391691"><ele>353.951</ele><time>2025-01-14T03:23:09Z</time><speed>23.981</speed><sat>19</sat></trkpt>
  <trkpt lat="14.64888381" lon="101.30374339"><ele>354.294</ele><time>2025-01-14T03:23:10Z</time><speed>24.033</speed><sat>21</sat></trkpt>
  <trkpt lat="14.64873500" lon="101.30357680"><ele>354.368</ele><time>2025-01-14T03:23:11Z</time><speed>24.049</speed><sat>21</sat></trkpt>
  <trkpt lat="14.64859056" lon="101.30340884"><ele>354.969</ele><time>2025-01-14T03:23:12Z</time><speed>24.039</speed><sat>21</sat></trkpt>
  <trkpt lat="14.64845070" lon="101.30324550"><ele>355.247</ele><time>2025-01-14T03:23:13Z</time><speed>24.206</speed><sat>20</sat></trkpt>
  <trkpt lat="14.64831055" lon="101.30307524"><ele>355.683</ele><time>2025-01-14T03:23:14Z</time><speed>24.255</speed><sat>19</sat></trkpt>
  <trkpt lat="14.64816624" lon="101.30290996"><ele>355.554</ele><time>2025-01-14T03:23:15Z</time><speed>24.286</speed><sat>20</sat></trkpt>
  <trkpt lat="14.64801978" lon="101.30273045"><ele>355.868</ele><time>2025-01-14T03:23:16Z</time><speed>24.329</speed><sat>20</sat></trkpt>
  <trkpt lat="14.64787276" lon="101.30255072"><ele>356.127</ele><time>2025-01-14T03:23:17Z</time><speed>24.374</speed><sat>21</sat></trkpt>
  <trkpt lat="14.64772938" lon="101.30237912"><ele>356.397</ele><time>2025-01-14T03:23:18Z</time><speed>24.137</speed><sat>19</sat></trkpt>
  <trkpt lat="14.64758012" lon="101.30221204"><ele>355.979</ele><time>2025-01-14T03:23:19Z</time><speed>23.833</speed><sat>19</sat></trkpt>
  <trkpt lat="14.64743927" lon="101.30203827"><ele>355.788</ele><time>2025-01-14T03:23:20Z</time><speed>23.835</speed><sat>21</sat></trkpt>
  <trkpt lat="14.64730703" lon="101.30185355"><ele>355.120</ele><time>2025-01-14T03:23:21Z</time><speed>23.902</speed><sat>19</sat></trkpt>
  <trkpt lat="14.64717766" lon="101.30168135"><ele>354.851</ele><time>2025-01-14T03:23:22Z</time><speed>24.179</speed><sat>21</sat></trkpt>
  <trkpt lat="14.64706240" lon="101.30150070"><ele>354.129</ele><time>2025-01-14T03:23:23Z</time><speed>24.190</speed><sat>17</sat></trkpt>
  <trkpt lat="14.64695198" lon="101.30131322"><ele>354.127</ele><time>2025-01-14T03:23:24Z</time><speed>24.272</speed><sat>17</sat></trkpt>
  <trkpt lat="14.64684149" lon="101.30112308"><ele>353.751</ele><time>2025-01-14T03:23:25Z</time><speed>24.285</speed><sat>17</sat></trkpt>
  <trkpt lat="14.64671451" lon="101.30092929"><ele>352.879</ele><time>2025-01-14T03:23:26Z</time><speed>24.223</speed><sat>19</sat></trkpt>
  <trkpt lat="14.64659129" lon="101.30073418"><ele>352.713</ele><time>2025-01-14T03:23:27Z</time><speed>24.524</speed><sat>17</sat></trkpt>
  <trkpt lat="14.64647978" lon="101.30052546"><ele>353.395</ele><time>2025-01-14T03:23:28Z</time><speed>24.581</speed><sat>16</sat></trkpt>
  <trkpt lat="14.64637393" lon="101.30031306"><ele>354.213</ele><time>2025-01-14T03:23:29Z</time><speed>24.500</speed><sat>15</sat></trkpt>
  <trkpt lat="14.64627599" lon="101.30010161"><ele>355.281</ele><time>2025-01-14T03:23:30Z</time><speed>24.628</speed><sat>17</sat></trkpt>
  <trkpt lat="14.64618610" lon="101.29988467"><ele>357.097</ele><time>2025-01-14T03:23:31Z</time><speed>24.737</speed><sat>17</sat></trkpt>
  <trkpt lat="14.64609774" lon="101.29968463"><ele>357.527</ele><time>2025-01-14T03:23:32Z</time><speed>24.658</speed><sat>16</sat></trkpt>
  <trkpt lat="14.64600756" lon="101.29946274"><ele>358.586</ele><time>2025-01-14T03:23:33Z</time><speed>24.687</speed><sat>18</sat></trkpt>
  <trkpt lat="14.64592005" lon="101.29923804"><ele>358.757</ele><time>2025-01-14T03:23:34Z</time><speed>24.501</speed><sat>17</sat></trkpt>
  <trkpt lat="14.64584056" lon="101.29903432"><ele>359.105</ele><time>2025-01-14T03:23:35Z</time><speed>24.468</speed><sat>19</sat></trkpt>
  <trkpt lat="14.64576738" lon="101.29881828"><ele>358.803</ele><time>2025-01-14T03:23:36Z</time><speed>24.381</speed><sat>19</sat></trkpt>
  <trkpt lat="14.64571309" lon="101.29861935"><ele>356.498</ele><time>2025-01-14T03:23:37Z</time><speed>24.265</speed><sat>18</sat></trkpt>
  <trkpt lat="14.64565459" lon="101.29841638"><ele>356.286</ele><time>2025-01-14T03:23:38Z</time><speed>24.157</speed><sat>20</sat></trkpt>
  <trkpt lat="14.64560791" lon="101.29820513"><ele>357.387</ele><time>2025-01-14T03:23:39Z</time><speed>24.374</speed><sat>21</sat></trkpt>
  <trkpt lat="14.64555857" lon="101.29798488"><ele>357.913</ele><time>2025-01-14T03:23:40Z</time><speed>24.593</speed><sat>22</sat></trkpt>
  <trkpt lat="14.64551257" lon="101.29776042"><ele>357.782</ele><time>2025-01-14T03:23:41Z</time><speed>24.747</speed><sat>21</sat></trkpt>
  <trkpt lat="14.64546809" lon="101.29753126"><ele>358.143</ele><time>2025-01-14T03:23:42Z</time><speed>24.810</speed><sat>19</sat></trkpt>
  <trkpt lat="14.64541986" lon="101.29729999"><ele>358.049</ele><time>2025-01-14T03:23:43Z</time><speed>25.033</speed><sat>17</sat></trkpt>
  <trkpt lat="14.64537026" lon="101.29708014"><ele>357.675</ele><time>2025-01-14T03:23:44Z</time><speed>25.332</speed><sat>20</sat></trkpt>
  <trkpt lat="14.64533066" lon="101.29685059"><ele>357.604</ele><time>2025-01-14T03:23:45Z</time><speed>25.268</speed><sat>21</sat></trkpt>
  <trkpt lat="14.64528460" lon="101.29661665"><ele>357.640</ele><time>2025-01-14T03:23:46Z</time><speed>25.317</speed><sat>20</sat></trkpt>
  <trkpt lat="14.64523872" lon="101.29638758"><ele>357.343</ele><time>2025-01-14T03:23:47Z</time><speed>25.167</speed><sat>20</sat></trkpt>
  <trkpt lat="14.64519224" lon="101.29615847"><ele>357.460</ele><time>2025-01-14T03:23:48Z</time><speed>25.125</speed><sat>21</sat></trkpt>
  <trkpt lat="14.64514298" lon="101.29592783"><ele>357.499</ele><time>2025-01-14T03:23:49Z</time><speed>24.939</speed><sat>21</sat></trkpt>
  <trkpt lat="14.64508774" lon="101.29570695"><ele>357.739</ele><time>2025-01-14T03:23:50Z</time><speed>25.015</speed><sat>18</sat></trkpt>
  <trkpt lat="14.64503940" lon="101.29547926"><ele>357.280</ele><time>2025-01-14T03:23:51Z</time><speed>25.053</speed><sat>20</sat></trkpt>
  <trkpt lat="14.64499494" lon="101.29524874"><ele>356.750</ele><time>2025-01-14T03:23:52Z</time><speed>25.011</speed><sat>21</sat></trkpt>
  <trkpt lat="14.64494672" lon="101.29502552"><ele>356.044</ele><time>2025-01-14T03:23:53Z</time><speed>25.063</speed><sat>21</sat></trkpt>
  <trkpt lat="14.64490458" lon="101.29480009"><ele>355.414</ele><time>2025-01-14T03:23:54Z</time><speed>25.100</speed><sat>20</sat></trkpt>
  <trkpt lat="14.64486106" lon="101.29456986"><ele>355.124</ele><time>2025-01-14T03:23:55Z</time><speed>25.100</speed><sat>22</sat></trkpt>
  <trkpt lat="14.64481428" lon="101.29434693"><ele>355.182</ele><time>2025-01-14T03:23:56Z</time><speed>25.239</speed><sat>21</sat></trkpt>
  <trkpt lat="14.64476485" lon="101.29411910"><ele>355.734</ele><time>2025-01-14T03:23:57Z</time><speed>25.543</speed><sat>21</sat></trkpt>
  <trkpt lat="14.64471772" lon="101.29388401"><ele>356.321</ele><time>2025-01-14T03:23:58Z</time><speed>25.386</speed><sat>22</sat></trkpt>
  <trkpt lat="14.64467290" lon="101.29365715"><ele>356.797</ele><time>2025-01-14T03:23:59Z</time><speed>25.108</speed><sat>22</sat></trkpt>
  <trkpt lat="14.64461796" lon="101.29342750"><ele>356.368</ele><time>2025-01-14T03:24:00Z</time><speed>25.100</speed><sat>22</sat></trkpt>
  <trkpt lat="14.64456758" lon="101.29320152"><ele>356.073</ele><time>2025-01-14T03:24:01Z</time><speed>24.969</speed><sat>21</sat></trkpt>
  <trkpt lat="14.64450818" lon="101.29297323"><ele>356.720</ele><time>2025-01-14T03:24:02Z</time><speed>25.087</speed><sat>20</sat></trkpt>
  <trkpt lat="14.64445735" lon="101.29274562"><ele>356.384</ele><time>2025-01-14T03:24:03Z</time><speed>25.138</speed><sat>21</sat></trkpt>
  <trkpt lat="14.64440191" lon="101.29252005"><ele>356.528</ele><time>2025-01-14T03:24:04Z</time><speed>25.120</speed><sat>22</sat></trkpt>
  <trkpt lat="14.64434292" lon="101.29229527"><ele>356.852</ele><time>2025-01-14T03:24:05Z</time><speed>25.001</speed><sat>22</sat></trkpt>
  <trkpt lat="14.64428367" lon="101.29206995"><ele>357.048</ele><time>2025-01-14T03:24:06Z</time><speed>25.017</speed><sat>20</sat></trkpt>
  <trkpt lat="14.64423120" lon="101.29184352"><ele>357.137</ele><time>2025-01-14T03:24:07Z</time><speed>25.109</speed><sat>22</sat></trkpt>
  <trkpt lat="14.64417618" lon="101.29161306"><ele>356.857</ele><time>2025-01-14T03:24:08Z</time><speed>25.243</speed><sat>22</sat></trkpt>
  <trkpt lat="14.64411782" lon="101.29138164"><ele>356.704</ele><time>2025-01-14T03:24:09Z</time><speed>25.295</speed><sat>20</sat></trkpt>
  <trkpt lat="14.64407084" lon="101.29115655"><ele>356.465</ele><time>2025-01-14T03:24:10Z</time><speed>25.210</speed><sat>20</sat></trkpt>
  <trkpt lat="14.64401886" lon="101.29092944"><ele>356.049</ele><time>2025-01-14T03:24:11Z</time><speed>25.321</speed><sat>19</sat></trkpt>
  <trkpt lat="14.64397152" lon="101.29070331"><ele>355.814</ele><time>2025-01-14T03:24:12Z</time><speed>25.348</speed><sat>20</sat></trkpt>
  <trkpt lat="14.64392245" lon="101.29047533"><ele>355.561</ele><time>2025-01-14T03:24:13Z</time><speed>25.234</speed><sat>17</sat></trkpt>
  <trkpt lat="14.64386586" lon="101.29024483"><ele>355.230</ele><time>2025-01-14T03:24:14Z</time><speed>25.151</speed><sat>19</sat></trkpt>
  <trkpt lat="14.64381800" lon="101.29002161"><ele>355.118</ele><time>2025-01-14T03:24:15Z</time><speed>25.029</speed><sat>20</sat></trkpt>
  <trkpt lat="14.64376811" lon="101.28979780"><ele>354.965</ele><time>2025-01-14T03:24:16Z</time><speed>24.940</speed><sat>20</sat></trkpt>
  <trkpt lat="14.64370813" lon="101.28957762"><ele>354.554</ele><time>2025-01-14T03:24:17Z</time><speed>24.814</speed><sat>19</sat></trkpt>
  <trkpt lat="14.64364596" lon="101.28935135"><ele>354.143</ele><time>2025-01-14T03:24:18Z</time><speed>24.844</speed><sat>18</sat></trkpt>
  <trkpt lat="14.64358697" lon="101.28912815"><ele>354.126</ele><time>2025-01-14T03:24:19Z</time><speed>24.786</speed><sat>18</sat></trkpt>
  <trkpt lat="14.64352444" lon="101.28890599"><ele>353.775</ele><time>2025-01-14T03:24:20Z</time><speed>24.677</speed><sat>18</sat></trkpt>
  <trkpt lat="14.64347085" lon="101.28868509"><ele>353.493</ele><time>2025-01-14T03:24:21Z</time><speed>24.734</speed><sat>18</sat></trkpt>
  <trkpt lat="14.64341769" lon="101.28846210"><ele>353.366</ele><time>2025-01-14T03:24:22Z</time><speed>24.716</speed><sat>18</sat></trkpt>
  <trkpt lat="14.64336647" lon="101.28823481"><ele>352.996</ele><time>2025-01-14T03:24:23Z</time><speed>24.824</speed><sat>19</sat></trkpt>
  <trkpt lat="14.64332127" lon="101.28801533"><ele>352.923</ele><time>2025-01-14T03:24:24Z</time><speed>24.800</speed><sat>16</sat></trkpt>
  <trkpt lat="14.64326592" lon="101.28779245"><ele>352.778</ele><time>2025-01-14T03:24:25Z</time><speed>24.695</speed><sat>17</sat></trkpt>
  <trkpt lat="14.64321211" lon="101.28756585"><ele>352.672</ele><time>2025-01-14T03:24:26Z</time><speed>24.649</speed><sat>16</sat></trkpt>
  <trkpt lat="14.64315909" lon="101.28734200"><ele>352.573</ele><time>2025-01-14T03:24:27Z</time><speed>24.678</speed><sat>16</sat></trkpt>
  <trkpt lat="14.64310690" lon="101.28712054"><ele>352.485</ele><time>2025-01-14T03:24:28Z</time><speed>24.743</speed><sat>18</sat></trkpt>
  <trkpt lat="14.64305162" lon="101.28689975"><ele>352.305</ele><time>2025-01-14T03:24:29Z</time><speed>24.562</speed><sat>18</sat></trkpt>
  <trkpt lat="14.64299325" lon="101.28668062"><ele>352.518</ele><time>2025-01-14T03:24:30Z</time><speed>24.446</speed><sat>19</sat></trkpt>
  <trkpt lat="14.64294152" lon="101.28645825"><ele>352.236</ele><time>2025-01-14T03:24:31Z</time><speed>24.502</speed><sat>18</sat></trkpt>
  <trkpt lat="14.64289353" lon="101.28623700"><ele>351.963</ele><time>2025-01-14T03:24:32Z</time><speed>24.683</speed><sat>17</sat></trkpt>
  <trkpt lat="14.64284604" lon="101.28601600"><ele>351.756</ele><time>2025-01-14T03:24:33Z</time><speed>24.750</speed><sat>18</sat></trkpt>
  <trkpt lat="14.64279842" lon="101.28578911"><ele>351.427</ele><time>2025-01-14T03:24:34Z</time><speed>24.908</speed><sat>18</sat></trkpt>
  <trkpt lat="14.64275127" lon="101.28556369"><ele>351.217</ele><time>2025-01-14T03:24:35Z</time><speed>24.598</speed><sat>17</sat></trkpt>
  <trkpt lat="14.64270237" lon="101.28533889"><ele>351.083</ele><time>2025-01-14T03:24:36Z</time><speed>24.610</speed><sat>17</sat></trkpt>
  <trkpt lat="14.64265499" lon="101.28511831"><ele>351.303</ele><time>2025-01-14T03:24:37Z</time><speed>24.743</speed><sat>17</sat></trkpt>
  <trkpt lat="14.64261457" lon="101.28489546"><ele>350.786</ele><time>2025-01-14T03:24:38Z</time><speed>24.901</speed><sat>20</sat></trkpt>
  <trkpt lat="14.64257457" lon="101.28467522"><ele>350.044</ele><time>2025-01-14T03:24:39Z</time><speed>24.753</speed><sat>21</sat></trkpt>
  <trkpt lat="14.64253958" lon="101.28446055"><ele>349.440</ele><time>2025-01-14T03:24:40Z</time><speed>24.874</speed><sat>21</sat></trkpt>
  <trkpt lat="14.64250920" lon="101.28424458"><ele>349.093</ele><time>2025-01-14T03:24:41Z</time><speed>24.705</speed><sat>22</sat></trkpt>
  <trkpt lat="14.64248459" lon="101.28401026"><ele>348.317</ele><time>2025-01-14T03:24:42Z</time><speed>24.781</speed><sat>20</sat></trkpt>
  <trkpt lat="14.64246384" lon="101.28377486"><ele>348.116</ele><time>2025-01-14T03:24:43Z</time><speed>24.850</speed><sat>20</sat></trkpt>
  <trkpt lat="14.64244063" lon="101.28356011"><ele>346.170</ele><time>2025-01-14T03:24:44Z</time><speed>23.960</speed><sat>18</sat></trkpt>
  <trkpt lat="14.64241105" lon="101.28334035"><ele>346.403</ele><time>2025-01-14T03:24:45Z</time><speed>23.675</speed><sat>18</sat></trkpt>
  <trkpt lat="14.64238277" lon="101.28312811"><ele>346.830</ele><time>2025-01-14T03:24:46Z</time><speed>23.219</speed><sat>18</sat></trkpt>
  <trkpt lat="14.64234580" lon="101.28291440"><ele>346.612</ele><time>2025-01-14T03:24:47Z</time><speed>23.483</speed><sat>21</sat></trkpt>
  <trkpt lat="14.64230332" lon="101.28269858"><ele>346.962</ele><time>2025-01-14T03:24:48Z</time><speed>23.808</speed><sat>20</sat></trkpt>
  <trkpt lat="14.64225591" lon="101.28247802"><ele>346.864</ele><time>2025-01-14T03:24:49Z</time><speed>24.203</speed><sat>20</sat></trkpt>
  <trkpt lat="14.64221307" lon="101.28225969"><ele>347.105</ele><time>2025-01-14T03:24:50Z</time><speed>24.361</speed><sat>20</sat></trkpt>
  <trkpt lat="14.64217039" lon="101.28203853"><ele>346.928</ele><time>2025-01-14T03:24:51Z</time><speed>24.536</speed><sat>21</sat></trkpt>
  <trkpt lat="14.64212606" lon="101.28181418"><ele>346.402</ele><time>2025-01-14T03:24:52Z</time><speed>24.777</speed><sat>21</sat></trkpt>
  <trkpt lat="14.64208071" lon="101.28158826"><ele>345.804</ele><time>2025-01-14T03:24:53Z</time><speed>24.835</speed><sat>20</sat></trkpt>
  <trkpt lat="14.64203546" lon="101.28136230"><ele>345.248</ele><time>2025-01-14T03:24:54Z</time><speed>24.806</speed><sat>20</sat></trkpt>
  <trkpt lat="14.64199054" lon="101.28113702"><ele>344.904</ele><time>2025-01-14T03:24:55Z</time><speed>25.075</speed><sat>18</sat></trkpt>
  <trkpt lat="14.64194351" lon="101.28090689"><ele>344.674</ele><time>2025-01-14T03:24:56Z</time><speed>25.241</speed><sat>17</sat></trkpt>
  <trkpt lat="14.64189561" lon="101.28067915"><ele>345.179</ele><time>2025-01-14T03:24:57Z</time><speed>24.942</speed><sat>16</sat></trkpt>
  <trkpt lat="14.64184759" lon="101.28045116"><ele>344.937</ele><time>2025-01-14T03:24:58Z</time><speed>25.033</speed><sat>16</sat></trkpt>
  <trkpt lat="14.64180085" lon="101.28022316"><ele>344.615</ele><time>2025-01-14T03:24:59Z</time><speed>25.271</speed><sat>19</sat></trkpt>
  <trkpt lat="14.64175329" lon="101.27999222"><ele>343.980</ele><time>2025-01-14T03:25:00Z</time><speed>25.221</speed><sat>19</sat></trkpt>
  <trkpt lat="14.64170477" lon="101.27976370"><ele>343.022</ele><time>2025-01-14T03:25:01Z</time><speed>24.922</speed><sat>20</sat></trkpt>
  <trkpt lat="14.64165714" lon="101.27953913"><ele>342.702</ele><time>2025-01-14T03:25:02Z</time><speed>24.690</speed><sat>18</sat></trkpt>
  <trkpt lat="14.64160624" lon="101.27931505"><ele>341.835</ele><time>2025-01-14T03:25:03Z</time><speed>24.549</speed><sat>17</sat></trkpt>
  <trkpt lat="14.64155320" lon="101.27909153"><ele>341.144</ele><time>2025-01-14T03:25:04Z</time><speed>24.576</speed><sat>16</sat></trkpt>
  <trkpt lat="14.64150165" lon="101.27887127"><ele>339.910</ele><time>2025-01-14T03:25:05Z</time><speed>24.357</speed><sat>15</sat></trkpt>
  <trkpt lat="14.64144976" lon="101.27864918"><ele>339.575</ele><time>2025-01-14T03:25:06Z</time><speed>24.300</speed><sat>16</sat></trkpt>
  <trkpt lat="14.64139448" lon="101.27842108"><ele>339.351</ele><time>2025-01-14T03:25:07Z</time><speed>24.703</speed><sat>17</sat></trkpt>
  <trkpt lat="14.64134106" lon="101.27819303"><ele>338.714</ele><time>2025-01-14T03:25:08Z</time><speed>25.056</speed><sat>17</sat></trkpt>
  <trkpt lat="14.64128161" lon="101.27795918"><ele>338.698</ele><time>2025-01-14T03:25:09Z</time><speed>25.558</speed><sat>16</sat></trkpt>
  <trkpt lat="14.64122303" lon="101.27772995"><ele>338.235</ele><time>2025-01-14T03:25:10Z</time><speed>25.457</speed><sat>17</sat></trkpt>
  <trkpt lat="14.64116857" lon="101.27749804"><ele>337.729</ele><time>2025-01-14T03:25:11Z</time><speed>25.670</speed><sat>13</sat></trkpt>
  <trkpt lat="14.64111652" lon="101.27726800"><ele>338.115</ele><time>2025-01-14T03:25:12Z</time><speed>25.704</speed><sat>16</sat></trkpt>
  <trkpt lat="14.64106273" lon="101.27703841"><ele>338.455</ele><time>2025-01-14T03:25:13Z</time><speed>25.535</speed><sat>18</sat></trkpt>
  <trkpt lat="14.64101292" lon="101.27680864"><ele>337.717</ele><time>2025-01-14T03:25:14Z</time><speed>25.173</speed><sat>18</sat></trkpt>
  <trkpt lat="14.64096254" lon="101.27657910"><ele>337.476</ele><time>2025-01-14T03:25:15Z</time><speed>25.247</speed><sat>20</sat></trkpt>
  <trkpt lat="14.64091394" lon="101.27634918"><ele>337.398</ele><time>2025-01-14T03:25:16Z</time><speed>25.123</speed><sat>20</sat></trkpt>
  <trkpt lat="14.64086744" lon="101.27612355"><ele>337.448</ele><time>2025-01-14T03:25:17Z</time><speed>24.759</speed><sat>18</sat></trkpt>
  <trkpt lat="14.64082162" lon="101.27589947"><ele>337.049</ele><time>2025-01-14T03:25:18Z</time><speed>24.768</speed><sat>18</sat></trkpt>
  <trkpt lat="14.64077380" lon="101.27567536"><ele>336.603</ele><time>2025-01-14T03:25:19Z</time><speed>24.730</speed><sat>19</sat></trkpt>
  <trkpt lat="14.64073005" lon="101.27545142"><ele>336.624</ele><time>2025-01-14T03:25:20Z</time><speed>24.417</speed><sat>16</sat></trkpt>
  <trkpt lat="14.64068451" lon="101.27523246"><ele>335.811</ele><time>2025-01-14T03:25:21Z</time><speed>24.114</speed><sat>19</sat></trkpt>
  <trkpt lat="14.64064040" lon="101.27501281"><ele>334.957</ele><time>2025-01-14T03:25:22Z</time><speed>24.168</speed><sat>18</sat></trkpt>
  <trkpt lat="14.64059829" lon="101.27479303"><ele>333.986</ele><time>2025-01-14T03:25:23Z</time><speed>24.257</speed><sat>17</sat></trkpt>
  <trkpt lat="14.64055568" lon="101.27457282"><ele>333.290</ele><time>2025-01-14T03:25:24Z</time><speed>24.374</speed><sat>16</sat></trkpt>
  <trkpt lat="14.64051113" lon="101.27435038"><ele>332.985</ele><time>2025-01-14T03:25:25Z</time><speed>24.602</speed><sat>19</sat></trkpt>
  <trkpt lat="14.64046581" lon="101.27412645"><ele>332.871</ele><time>2025-01-14T03:25:26Z</time><speed>24.771</speed><sat>18</sat></trkpt>
  <trkpt lat="14.64042660" lon="101.27390473"><ele>332.786</ele><time>2025-01-14T03:25:27Z</time><speed>24.572</speed><sat>17</sat></trkpt>
  <trkpt lat="14.64038825" lon="101.27367725"><ele>332.499</ele><time>2025-01-14T03:25:28Z</time><speed>24.765</speed><sat>19</sat></trkpt>
  <trkpt lat="14.64034954" lon="101.27345012"><ele>331.648</ele><time>2025-01-14T03:25:29Z</time><speed>24.867</speed><sat>17</sat></trkpt>
  <trkpt lat="14.64030762" lon="101.27322313"><ele>331.068</ele><time>2025-01-14T03:25:30Z</time><speed>24.856</speed><sat>16</sat></trkpt>
  <trkpt lat="14.64026609" lon="101.27300024"><ele>330.286</ele><time>2025-01-14T03:25:31Z</time><speed>24.720</speed><sat>19</sat></trkpt>
  <trkpt lat="14.64022719" lon="101.27277660"><ele>330.099</ele><time>2025-01-14T03:25:32Z</time><speed>24.795</speed><sat>19</sat></trkpt>
  <trkpt lat="14.64018336" lon="101.27254999"><ele>329.779</ele><time>2025-01-14T03:25:33Z</time><speed>24.615</speed><sat>17</sat></trkpt>
  <trkpt lat="14.64013949" lon="101.27232161"><ele>330.218</ele><time>2025-01-14T03:25:34Z</time><speed>24.374</speed><sat>19</sat></trkpt>
  <trkpt lat="14.64009490" lon="101.27210016"><ele>330.500</ele><time>2025-01-14T03:25:35Z</time><speed>24.234</speed><sat>20</sat></trkpt>
  <trkpt lat="14.64005028" lon="101.27187684"><ele>330.461</ele><time>2025-01-14T03:25:36Z</time><speed>24.268</speed><sat>20</sat></trkpt>
  <trkpt lat="14.64000658" lon="101.27165487"><ele>330.463</ele><time>2025-01-14T03:25:37Z</time><speed>24.084</speed><sat>19</sat></trkpt>
  <trkpt lat="14.63996356" lon="101.27143706"><ele>330.458</ele><time>2025-01-14T03:25:38Z</time><speed>23.994</speed><sat>19</sat></trkpt>
  <trkpt lat="14.63992040" lon="101.27121570"><ele>330.294</ele><time>2025-01-14T03:25:39Z</time><speed>24.106</speed><sat>20</sat></trkpt>
  <trkpt lat="14.63987563" lon="101.27099596"><ele>330.997</ele><time>2025-01-14T03:25:40Z</time><speed>24.120</speed><sat>21</sat></trkpt>
  <trkpt lat="14.63982874" lon="101.27077858"><ele>331.760</ele><time>2025-01-14T03:25:41Z</time><speed>23.818</speed><sat>19</sat></trkpt>
  <trkpt lat="14.63978335" lon="101.27056438"><ele>332.554</ele><time>2025-01-14T03:25:42Z</time><speed>23.199</speed><sat>18</sat></trkpt>
  <trkpt lat="14.63973609" lon="101.27035613"><ele>333.056</ele><time>2025-01-14T03:25:43Z</time><speed>22.671</speed><sat>21</sat></trkpt>
  <trkpt lat="14.63968578" lon="101.27015294"><ele>333.077</ele><time>2025-01-14T03:25:44Z</time><speed>22.341</speed><sat>19</sat></trkpt>
  <trkpt lat="14.63963861" lon="101.26995175"><ele>332.974</ele><time>2025-01-14T03:25:45Z</time><speed>22.233</speed><sat>21</sat></trkpt>
  <trkpt lat="14.63959289" lon="101.26974719"><ele>333.193</ele><time>2025-01-14T03:25:46Z</time><speed>21.967</speed><sat>20</sat></trkpt>
  <trkpt lat="14.63954727" lon="101.26954449"><ele>333.094</ele><time>2025-01-14T03:25:47Z</time><speed>21.522</speed><sat>19</sat></trkpt>
  <trkpt lat="14.63950277" lon="101.26934680"><ele>332.915</ele><time>2025-01-14T03:25:48Z</time><speed>20.616</speed><sat>21</sat></trkpt>
  <trkpt lat="14.63945773" lon="101.26916057"><ele>332.491</ele><time>2025-01-14T03:25:49Z</time><speed>19.743</speed><sat>20</sat></trkpt>
  <trkpt lat="14.63941129" lon="101.26898312"><ele>331.820</ele><time>2025-01-14T03:25:50Z</time><speed>18.816</speed><sat>21</sat></trkpt>
  <trkpt lat="14.63936587" lon="101.26881537"><ele>331.519</ele><time>2025-01-14T03:25:51Z</time><speed>17.748</speed><sat>19</sat></trkpt>
  <trkpt lat="14.63931880" lon="101.26865553"><ele>331.203</ele><time>2025-01-14T03:25:52Z</time><speed>17.235</speed><sat>18</sat></trkpt>
  <trkpt lat="14.63927001" lon="101.26850703"><ele>330.762</ele><time>2025-01-14T03:25:53Z</time><speed>17.135</speed><sat>19</sat></trkpt>
  <trkpt lat="14.63922255" lon="101.26835814"><ele>330.842</ele><time>2025-01-14T03:25:54Z</time><speed>17.471</speed><sat>18</sat></trkpt>
  <trkpt lat="14.63917687" lon="101.26820368"><ele>330.946</ele><time>2025-01-14T03:25:55Z</time><speed>17.922</speed><sat>19</sat></trkpt>
  <trkpt lat="14.63913201" lon="101.26804581"><ele>330.827</ele><time>2025-01-14T03:25:56Z</time><speed>18.352</speed><sat>21</sat></trkpt>
  <trkpt lat="14.63908882" lon="101.26787998"><ele>331.012</ele><time>2025-01-14T03:25:57Z</time><speed>18.849</speed><sat>19</sat></trkpt>
  <trkpt lat="14.63905229" lon="101.26770818"><ele>330.862</ele><time>2025-01-14T03:25:58Z</time><speed>19.290</speed><sat>19</sat></trkpt>
  <trkpt lat="14.63901807" lon="101.26752876"><ele>330.762</ele><time>2025-01-14T03:25:59Z</time><speed>19.733</speed><sat>18</sat></trkpt>
  <trkpt lat="14.63898350" lon="101.26734723"><ele>330.428</ele><time>2025-01-14T03:26:00Z</time><speed>20.100</speed><sat>19</sat></trkpt>
  <trkpt lat="14.63895033" lon="101.26716041"><ele>330.228</ele><time>2025-01-14T03:26:01Z</time><speed>20.529</speed><sat>19</sat></trkpt>
  <trkpt lat="14.63891593" lon="101.26697305"><ele>329.870</ele><time>2025-01-14T03:26:02Z</time><speed>20.928</speed><sat>21</sat></trkpt>
  <trkpt lat="14.63887951" lon="101.26677998"><ele>329.855</ele><time>2025-01-14T03:26:03Z</time><speed>21.132</speed><sat>21</sat></trkpt>
  <trkpt lat="14.63884148" lon="101.26658464"><ele>329.704</ele><time>2025-01-14T03:26:04Z</time><speed>20.688</speed><sat>21</sat></trkpt>
  <trkpt lat="14.63880527" lon="101.26639732"><ele>329.865</ele><time>2025-01-14T03:26:05Z</time><speed>20.464</speed><sat>22</sat></trkpt>
  <trkpt lat="14.63876807" lon="101.26621028"><ele>330.038</ele><time>2025-01-14T03:26:06Z</time><speed>20.350</speed><sat>22</sat></trkpt>
  <trkpt lat="14.63873091" lon="101.26602488"><ele>329.720</ele><time>2025-01-14T03:26:07Z</time><speed>20.237</speed><sat>21</sat></trkpt>
  <trkpt lat="14.63869564" lon="101.26584176"><ele>329.377</ele><time>2025-01-14T03:26:08Z</time><speed>20.257</speed><sat>20</sat></trkpt>
  <trkpt lat="14.63865683" lon="101.26565299"><ele>328.860</ele><time>2025-01-14T03:26:09Z</time><speed>20.682</speed><sat>17</sat></trkpt>
  <trkpt lat="14.63861822" lon="101.26546082"><ele>328.058</ele><time>2025-01-14T03:26:10Z</time><speed>20.719</speed><sat>20</sat></trkpt>
  <trkpt lat="14.63858204" lon="101.26527258"><ele>327.573</ele><time>2025-01-14T03:26:11Z</time><speed>20.414</speed><sat>19</sat></trkpt>
  <trkpt lat="14.63854548" lon="101.26508431"><ele>326.811</ele><time>2025-01-14T03:26:12Z</time><speed>20.577</speed><sat>18</sat></trkpt>
  <trkpt lat="14.63850720" lon="101.26489492"><ele>326.855</ele><time>2025-01-14T03:26:13Z</time><speed>20.983</speed><sat>18</sat></trkpt>
  <trkpt lat="14.63846509" lon="101.26470285"><ele>326.970</ele><time>2025-01-14T03:26:14Z</time><speed>21.394</speed><sat>22</sat></trkpt>
  <trkpt lat="14.63842133" lon="101.26451041"><ele>326.457</ele><time>2025-01-14T03:26:15Z</time><speed>21.762</speed><sat>25</sat></trkpt>
  <trkpt lat="14.63837299" lon="101.26431106"><ele>326.429</ele><time>2025-01-14T03:26:16Z</time><speed>22.143</speed><sat>24</sat></trkpt>
  <trkpt lat="14.63832556" lon="101.26410757"><ele>326.230</ele><time>2025-01-14T03:26:17Z</time><speed>21.806</speed><sat>23</sat></trkpt>
  <trkpt lat="14.63827972" lon="101.26390810"><ele>325.815</ele><time>2025-01-14T03:26:18Z</time><speed>21.267</speed><sat>22</sat></trkpt>
  <trkpt lat="14.63823341" lon="101.26371922"><ele>325.665</ele><time>2025-01-14T03:26:19Z</time><speed>20.648</speed><sat>22</sat></trkpt>
  <trkpt lat="14.63818862" lon="101.26353114"><ele>325.345</ele><time>2025-01-14T03:26:20Z</time><speed>20.148</speed><sat>18</sat></trkpt>
  <trkpt lat="14.63814941" lon="101.26334984"><ele>324.880</ele><time>2025-01-14T03:26:21Z</time><speed>19.584</speed><sat>17</sat></trkpt>
  <trkpt lat="14.63811467" lon="101.26317506"><ele>324.180</ele><time>2025-01-14T03:26:22Z</time><speed>18.552</speed><sat>16</sat></trkpt>
  <trkpt lat="14.63808254" lon="101.26300923"><ele>323.868</ele><time>2025-01-14T03:26:23Z</time><speed>17.906</speed><sat>20</sat></trkpt>
  <trkpt lat="14.63804894" lon="101.26285290"><ele>324.838</ele><time>2025-01-14T03:26:24Z</time><speed>17.694</speed><sat>20</sat></trkpt>
  <trkpt lat="14.63801266" lon="101.26269705"><ele>325.490</ele><time>2025-01-14T03:26:25Z</time><speed>17.050</speed><sat>19</sat></trkpt>
  <trkpt lat="14.63797636" lon="101.26254678"><ele>325.984</ele><time>2025-01-14T03:26:26Z</time><speed>16.763</speed><sat>19</sat></trkpt>
  <trkpt lat="14.63794261" lon="101.26239531"><ele>326.291</ele><time>2025-01-14T03:26:27Z</time><speed>17.056</speed><sat>19</sat></trkpt>
  <trkpt lat="14.63791091" lon="101.26223517"><ele>326.001</ele><time>2025-01-14T03:26:28Z</time><speed>17.511</speed><sat>20</sat></trkpt>
  <trkpt lat="14.63787968" lon="101.26206892"><ele>326.282</ele><time>2025-01-14T03:26:29Z</time><speed>17.656</speed><sat>18</sat></trkpt>
  <trkpt lat="14.63781397" lon="101.26175438"><ele>325.610</ele><time>2025-01-14T03:26:31Z</time><speed>17.688</speed><sat>20</sat></trkpt>
  <trkpt lat="14.63778080" lon="101.26159719"><ele>325.933</ele><time>2025-01-14T03:26:32Z</time><speed>17.555</speed><sat>19</sat></trkpt>
  <trkpt lat="14.63775049" lon="101.26144769"><ele>326.477</ele><time>2025-01-14T03:26:33Z</time><speed>16.492</speed><sat>20</sat></trkpt>
  <trkpt lat="14.63771869" lon="101.26129905"><ele>326.585</ele><time>2025-01-14T03:26:34Z</time><speed>15.744</speed><sat>20</sat></trkpt>
  <trkpt lat="14.63768632" lon="101.26115104"><ele>326.493</ele><time>2025-01-14T03:26:35Z</time><speed>15.706</speed><sat>19</sat></trkpt>
  <trkpt lat="14.63765417" lon="101.26100246"><ele>326.156</ele><time>2025-01-14T03:26:36Z</time><speed>16.010</speed><sat>17</sat></trkpt>
  <trkpt lat="14.63762163" lon="101.26084925"><ele>326.024</ele><time>2025-01-14T03:26:37Z</time><speed>16.516</speed><sat>18</sat></trkpt>
  <trkpt lat="14.63759425" lon="101.26069580"><ele>325.730</ele><time>2025-01-14T03:26:38Z</time><speed>16.473</speed><sat>16</sat></trkpt>
  <trkpt lat="14.63756357" lon="101.26054793"><ele>325.721</ele><time>2025-01-14T03:26:39Z</time><speed>16.318</speed><sat>18</sat></trkpt>
  <trkpt lat="14.63753366" lon="101.26039844"><ele>325.887</ele><time>2025-01-14T03:26:40Z</time><speed>16.398</speed><sat>18</sat></trkpt>
  <trkpt lat="14.63750377" lon="101.26024971"><ele>325.329</ele><time>2025-01-14T03:26:41Z</time><speed>16.364</speed><sat>19</sat></trkpt>
  <trkpt lat="14.63747326" lon="101.26010315"><ele>324.723</ele><time>2025-01-14T03:26:42Z</time><speed>16.045</speed><sat>20</sat></trkpt>
  <trkpt lat="14.63744246" lon="101.25995609"><ele>324.998</ele><time>2025-01-14T03:26:43Z</time><speed>15.789</speed><sat>19</sat></trkpt>
  <trkpt lat="14.63741358" lon="101.25981368"><ele>324.973</ele><time>2025-01-14T03:26:44Z</time><speed>15.747</speed><sat>18</sat></trkpt>
  <trkpt lat="14.63738362" lon="101.25967226"><ele>324.882</ele><time>2025-01-14T03:26:45Z</time><speed>15.659</speed><sat>18</sat></trkpt>
  <trkpt lat="14.63735516" lon="101.25953420"><ele>324.896</ele><time>2025-01-14T03:26:46Z</time><speed>15.384</speed><sat>18</sat></trkpt>
  <trkpt lat="14.63732788" lon="101.25939738"><ele>324.935</ele><time>2025-01-14T03:26:47Z</time><speed>15.108</speed><sat>17</sat></trkpt>
  <trkpt lat="14.63730074" lon="101.25926199"><ele>324.709</ele><time>2025-01-14T03:26:48Z</time><speed>14.857</speed><sat>17</sat></trkpt>
  <trkpt lat="14.63727402" lon="101.25912840"><ele>324.553</ele><time>2025-01-14T03:26:49Z</time><speed>14.738</speed><sat>18</sat></trkpt>
  <trkpt lat="14.63724545" lon="101.25899812"><ele>324.566</ele><time>2025-01-14T03:26:50Z</time><speed>14.429</speed><sat>18</sat></trkpt>
  <trkpt lat="14.63721939" lon="101.25887016"><ele>324.636</ele><time>2025-01-14T03:26:51Z</time><speed>14.106</speed><sat>18</sat></trkpt>
  <trkpt lat="14.63719453" lon="101.25874530"><ele>324.715</ele><time>2025-01-14T03:26:52Z</time><speed>14.199</speed><sat>18</sat></trkpt>
  <trkpt lat="14.63716984" lon="101.25861920"><ele>324.317</ele><time>2025-01-14T03:26:53Z</time><speed>14.507</speed><sat>16</sat></trkpt>
  <trkpt lat="14.63714293" lon="101.25848770"><ele>324.113</ele><time>2025-01-14T03:26:54Z</time><speed>14.899</speed><sat>17</sat></trkpt>
  <trkpt lat="14.63711460" lon="101.25835344"><ele>324.211</ele><time>2025-01-14T03:26:55Z</time><speed>14.762</speed><sat>18</sat></trkpt>
  <trkpt lat="14.63708759" lon="101.25821967"><ele>324.452</ele><time>2025-01-14T03:26:56Z</time><speed>14.524</speed><sat>17</sat></trkpt>
  <trkpt lat="14.63706134" lon="101.25808759"><ele>324.505</ele><time>2025-01-14T03:26:57Z</time><speed>14.474</speed><sat>18</sat></trkpt>
  <trkpt lat="14.63703220" lon="101.25795157"><ele>324.007</ele><time>2025-01-14T03:26:58Z</time><speed>14.841</speed><sat>19</sat></trkpt>
  <trkpt lat="14.63700173" lon="101.25781750"><ele>323.621</ele><time>2025-01-14T03:26:59Z</time><speed>14.551</speed><sat>20</sat></trkpt>
  <trkpt lat="14.63697314" lon="101.25768657"><ele>323.532</ele><time>2025-01-14T03:27:00Z</time><speed>13.947</speed><sat>20</sat></trkpt>
  <trkpt lat="14.63694889" lon="101.25756558"><ele>323.583</ele><time>2025-01-14T03:27:01Z</time><speed>13.663</speed><sat>19</sat></trkpt>
  <trkpt lat="14.63692797" lon="101.25744170"><ele>323.303</ele><time>2025-01-14T03:27:02Z</time><speed>13.783</speed><sat>20</sat></trkpt>
  <trkpt lat="14.63690324" lon="101.25731488"><ele>323.225</ele><time>2025-01-14T03:27:03Z</time><speed>13.801</speed><sat>21</sat></trkpt>
  <trkpt lat="14.63687606" lon="101.25719499"><ele>323.021</ele><time>2025-01-14T03:27:04Z</time><speed>13.222</speed><sat>21</sat></trkpt>
  <trkpt lat="14.63684967" lon="101.25708216"><ele>322.775</ele><time>2025-01-14T03:27:05Z</time><speed>13.079</speed><sat>17</sat></trkpt>
  <trkpt lat="14.63682567" lon="101.25696779"><ele>322.988</ele><time>2025-01-14T03:27:06Z</time><speed>13.331</speed><sat>18</sat></trkpt>
  <trkpt lat="14.63680411" lon="101.25685224"><ele>322.675</ele><time>2025-01-14T03:27:07Z</time><speed>13.626</speed><sat>18</sat></trkpt>
  <trkpt lat="14.63678149" lon="101.25672874"><ele>322.341</ele><time>2025-01-14T03:27:08Z</time><speed>14.064</speed><sat>16</sat></trkpt>
  <trkpt lat="14.63675632" lon="101.25660298"><ele>321.857</ele><time>2025-01-14T03:27:09Z</time><speed>14.465</speed><sat>18</sat></trkpt>
  <trkpt lat="14.63672968" lon="101.25647290"><ele>321.745</ele><time>2025-01-14T03:27:10Z</time><speed>14.408</speed><sat>19</sat></trkpt>
  <trkpt lat="14.63670070" lon="101.25634079"><ele>321.908</ele><time>2025-01-14T03:27:11Z</time><speed>14.851</speed><sat>19</sat></trkpt>
  <trkpt lat="14.63667353" lon="101.25620374"><ele>321.813</ele><time>2025-01-14T03:27:12Z</time><speed>15.324</speed><sat>19</sat></trkpt>
  <trkpt lat="14.63664687" lon="101.25606232"><ele>321.477</ele><time>2025-01-14T03:27:13Z</time><speed>15.215</speed><sat>18</sat></trkpt>
  <trkpt lat="14.63662002" lon="101.25592100"><ele>321.448</ele><time>2025-01-14T03:27:14Z</time><speed>15.246</speed><sat>17</sat></trkpt>
  <trkpt lat="14.63659301" lon="101.25578104"><ele>321.355</ele><time>2025-01-14T03:27:15Z</time><speed>15.576</speed><sat>21</sat></trkpt>
  <trkpt lat="14.63656267" lon="101.25563928"><ele>321.579</ele><time>2025-01-14T03:27:16Z</time><speed>15.546</speed><sat>20</sat></trkpt>
  <trkpt lat="14.63653328" lon="101.25550146"><ele>321.773</ele><time>2025-01-14T03:27:17Z</time><speed>15.639</speed><sat>21</sat></trkpt>
  <trkpt lat="14.63650476" lon="101.25536099"><ele>321.981</ele><time>2025-01-14T03:27:18Z</time><speed>15.413</speed><sat>23</sat></trkpt>
  <trkpt lat="14.63647487" lon="101.25522246"><ele>322.247</ele><time>2025-01-14T03:27:19Z</time><speed>14.758</speed><sat>20</sat></trkpt>
  <trkpt lat="14.63644474" lon="101.25508823"><ele>322.413</ele><time>2025-01-14T03:27:20Z</time><speed>14.594</speed><sat>20</sat></trkpt>
  <trkpt lat="14.63641399" lon="101.25495601"><ele>322.264</ele><time>2025-01-14T03:27:21Z</time><speed>14.258</speed><sat>19</sat></trkpt>
  <trkpt lat="14.63638439" lon="101.25483227"><ele>322.553</ele><time>2025-01-14T03:27:22Z</time><speed>13.338</speed><sat>19</sat></trkpt>
  <trkpt lat="14.63635498" lon="101.25471530"><ele>322.704</ele><time>2025-01-14T03:27:23Z</time><speed>12.595</speed><sat>19</sat></trkpt>
  <trkpt lat="14.63632801" lon="101.25460665"><ele>322.818</ele><time>2025-01-14T03:27:24Z</time><speed>11.569</speed><sat>20</sat></trkpt>
  <trkpt lat="14.63630318" lon="101.25450295"><ele>322.962</ele><time>2025-01-14T03:27:25Z</time><speed>11.178</speed><sat>20</sat></trkpt>
  <trkpt lat="14.63627807" lon="101.25440635"><ele>323.345</ele><time>2025-01-14T03:27:26Z</time><speed>10.839</speed><sat>21</sat></trkpt>
  <trkpt lat="14.63625545" lon="101.25431355"><ele>323.216</ele><time>2025-01-14T03:27:27Z</time><speed>10.356</speed><sat>20</sat></trkpt>
  <trkpt lat="14.63623415" lon="101.25422255"><ele>323.144</ele><time>2025-01-14T03:27:28Z</time><speed>10.631</speed><sat>18</sat></trkpt>
  <trkpt lat="14.63621308" lon="101.25412681"><ele>322.954</ele><time>2025-01-14T03:27:29Z</time><speed>11.024</speed><sat>18</sat></trkpt>
  <trkpt lat="14.63619030" lon="101.25402820"><ele>322.788</ele><time>2025-01-14T03:27:30Z</time><speed>10.732</speed><sat>19</sat></trkpt>
  <trkpt lat="14.63616912" lon="101.25392997"><ele>322.792</ele><time>2025-01-14T03:27:31Z</time><speed>10.824</speed><sat>18</sat></trkpt>
  <trkpt lat="14.63614901" lon="101.25383457"><ele>322.707</ele><time>2025-01-14T03:27:32Z</time><speed>10.609</speed><sat>21</sat></trkpt>
  <trkpt lat="14.63612784" lon="101.25373940"><ele>322.406</ele><time>2025-01-14T03:27:33Z</time><speed>10.310</speed><sat>24</sat></trkpt>
  <trkpt lat="14.63610941" lon="101.25364731"><ele>322.142</ele><time>2025-01-14T03:27:34Z</time><speed>9.965</speed><sat>25</sat></trkpt>
  <trkpt lat="14.63609256" lon="101.25355901"><ele>321.544</ele><time>2025-01-14T03:27:35Z</time><speed>10.037</speed><sat>24</sat></trkpt>
  <trkpt lat="14.63607292" lon="101.25346251"><ele>321.342</ele><time>2025-01-14T03:27:36Z</time><speed>10.138</speed><sat>23</sat></trkpt>
  <trkpt lat="14.63605140" lon="101.25337154"><ele>321.281</ele><time>2025-01-14T03:27:37Z</time><speed>9.517</speed><sat>24</sat></trkpt>
  <trkpt lat="14.63603257" lon="101.25328347"><ele>321.440</ele><time>2025-01-14T03:27:38Z</time><speed>8.853</speed><sat>25</sat></trkpt>
  <trkpt lat="14.63601655" lon="101.25320672"><ele>321.707</ele><time>2025-01-14T03:27:39Z</time><speed>7.849</speed><sat>26</sat></trkpt>
  <trkpt lat="14.63600412" lon="101.25314211"><ele>321.901</ele><time>2025-01-14T03:27:40Z</time><speed>6.904</speed><sat>26</sat></trkpt>
  <trkpt lat="14.63598689" lon="101.25302797"><ele>321.620</ele><time>2025-01-14T03:27:42Z</time><speed>6.127</speed><sat>23</sat></trkpt>
  <trkpt lat="14.63597895" lon="101.25298498"><ele>321.992</ele><time>2025-01-14T03:27:43Z</time><speed>5.490</speed><sat>23</sat></trkpt>
  <trkpt lat="14.63597007" lon="101.25294365"><ele>321.579</ele><time>2025-01-14T03:27:44Z</time><speed>5.067</speed><sat>23</sat></trkpt>
  <trkpt lat="14.63596002" lon="101.25290755"><ele>321.464</ele><time>2025-01-14T03:27:45Z</time><speed>4.736</speed><sat>23</sat></trkpt>
  <trkpt lat="14.63595132" lon="101.25287393"><ele>321.260</ele><time>2025-01-14T03:27:46Z</time><speed>4.804</speed><sat>21</sat></trkpt>
  <trkpt lat="14.63594049" lon="101.25283541"><ele>320.990</ele><time>2025-01-14T03:27:47Z</time><speed>4.562</speed><sat>21</sat></trkpt>
  <trkpt lat="14.63593309" lon="101.25280077"><ele>320.943</ele><time>2025-01-14T03:27:48Z</time><speed>4.231</speed><sat>22</sat></trkpt>
  <trkpt lat="14.63592632" lon="101.25276455"><ele>320.828</ele><time>2025-01-14T03:27:49Z</time><speed>4.683</speed><sat>25</sat></trkpt>
  <trkpt lat="14.63591773" lon="101.25272377"><ele>321.035</ele><time>2025-01-14T03:27:50Z</time><speed>4.791</speed><sat>25</sat></trkpt>
  <trkpt lat="14.63591106" lon="101.25267945"><ele>320.987</ele><time>2025-01-14T03:27:51Z</time><speed>4.609</speed><sat>24</sat></trkpt>
  <trkpt lat="14.63590385" lon="101.25263954"><ele>320.521</ele><time>2025-01-14T03:27:52Z</time><speed>4.306</speed><sat>24</sat></trkpt>
  <trkpt lat="14.63589913" lon="101.25260575"><ele>319.875</ele><time>2025-01-14T03:27:53Z</time><speed>3.984</speed><sat>25</sat></trkpt>
  <trkpt lat="14.63589365" lon="101.25257188"><ele>319.907</ele><time>2025-01-14T03:27:54Z</time><speed>3.680</speed><sat>23</sat></trkpt>
  <trkpt lat="14.63588754" lon="101.25254208"><ele>319.625</ele><time>2025-01-14T03:27:55Z</time><speed>3.419</speed><sat>23</sat></trkpt>
  <trkpt lat="14.63588221" lon="101.25251314"><ele>319.606</ele><time>2025-01-14T03:27:56Z</time><speed>3.807</speed><sat>23</sat></trkpt>
  <trkpt lat="14.63587814" lon="101.25247685"><ele>320.018</ele><time>2025-01-14T03:27:57Z</time><speed>4.342</speed><sat>23</sat></trkpt>
  <trkpt lat="14.63587088" lon="101.25243967"><ele>319.916</ele><time>2025-01-14T03:27:58Z</time><speed>3.946</speed><sat>23</sat></trkpt>
  <trkpt lat="14.63586086" lon="101.25240488"><ele>319.855</ele><time>2025-01-14T03:27:59Z</time><speed>3.157</speed><sat>23</sat></trkpt>
  <trkpt lat="14.63585407" lon="101.25237738"><ele>320.533</ele><time>2025-01-14T03:28:00Z</time><speed>2.454</speed><sat>23</sat></trkpt>
  <trkpt lat="14.63584881" lon="101.25235878"><ele>320.382</ele><time>2025-01-14T03:28:01Z</time><speed>1.222</speed><sat>20</sat></trkpt>
  <trkpt lat="14.63584255" lon="101.25234794"><ele>320.401</ele><time>2025-01-14T03:28:02Z</time><speed>0.660</speed><sat>23</sat></trkpt>
  <trkpt lat="14.63584122" lon="101.25234178"><ele>320.384</ele><time>2025-01-14T03:28:03Z</time><speed>0.194</speed><sat>20</sat></trkpt>
  <trkpt lat="14.63584013" lon="101.25234009"><ele>320.783</ele><time>2025-01-14T03:28:04Z</time><speed>0.217</speed><sat>22</sat></trkpt>
  <trkpt lat="14.63583996" lon="101.25234208"><ele>321.220</ele><time>2025-01-14T03:28:05Z</time><speed>0.186</speed><sat>20</sat></trkpt>
  <trkpt lat="14.63584036" lon="101.25234323"><ele>321.479</ele><time>2025-01-14T03:28:06Z</time><speed>0.157</speed><sat>19</sat></trkpt>
  <trkpt lat="14.63584048" lon="101.25234536"><ele>321.774</ele><time>2025-01-14T03:28:07Z</time><speed>0.089</speed><sat>17</sat></trkpt>
  <trkpt lat="14.63584122" lon="101.25234718"><ele>322.078</ele><time>2025-01-14T03:28:08Z</time><speed>0.000</speed><sat>19</sat></trkpt>
  <trkpt lat="14.63584153" lon="101.25234771"><ele>322.086</ele><time>2025-01-14T03:28:09Z</time><speed>0.001</speed><sat>19</sat></trkpt>
  <trkpt lat="14.63584121" lon="101.25235054"><ele>321.949</ele><time>2025-01-14T03:28:10Z</time><speed>0.009</speed><sat>19</sat></trkpt>
  <trkpt lat="14.63583929" lon="101.25235140"><ele>321.867</ele><time>2025-01-14T03:28:11Z</time><speed>0.006</speed><sat>19</sat></trkpt>
  <trkpt lat="14.63583737" lon="101.25235266"><ele>321.794</ele><time>2025-01-14T03:28:12Z</time><speed>0.010</speed><sat>22</sat></trkpt>
  <trkpt lat="14.63583784" lon="101.25235523"><ele>321.650</ele><time>2025-01-14T03:28:13Z</time><speed>0.220</speed><sat>24</sat></trkpt>
  <trkpt lat="14.63583816" lon="101.25235080"><ele>321.466</ele><time>2025-01-14T03:28:14Z</time><speed>1.111</speed><sat>24</sat></trkpt>
  <trkpt lat="14.63583686" lon="101.25233693"><ele>321.419</ele><time>2025-01-14T03:28:15Z</time><speed>2.200</speed><sat>26</sat></trkpt>
  <trkpt lat="14.63583253" lon="101.25231403"><ele>321.585</ele><time>2025-01-14T03:28:16Z</time><speed>2.575</speed><sat>26</sat></trkpt>
  <trkpt lat="14.63582532" lon="101.25229082"><ele>321.868</ele><time>2025-01-14T03:28:17Z</time><speed>2.360</speed><sat>25</sat></trkpt>
  <trkpt lat="14.63582119" lon="101.25227144"><ele>321.996</ele><time>2025-01-14T03:28:18Z</time><speed>2.240</speed><sat>24</sat></trkpt>
  <trkpt lat="14.63582168" lon="101.25225354"><ele>321.977</ele><time>2025-01-14T03:28:19Z</time><speed>2.639</speed><sat>24</sat></trkpt>
  <trkpt lat="14.63581723" lon="101.25219720"><ele>321.247</ele><time>2025-01-14T03:28:21Z</time><speed>4.292</speed><sat>25</sat></trkpt>
  <trkpt lat="14.63580726" lon="101.25215688"><ele>321.483</ele><time>2025-01-14T03:28:22Z</time><speed>5.603</speed><sat>25</sat></trkpt>
  <trkpt lat="14.63579469" lon="101.25209984"><ele>321.725</ele><time>2025-01-14T03:28:23Z</time><speed>6.650</speed><sat>25</sat></trkpt>
  <trkpt lat="14.63578454" lon="101.25203871"><ele>321.957</ele><time>2025-01-14T03:28:24Z</time><speed>6.507</speed><sat>22</sat></trkpt>
  <trkpt lat="14.63577333" lon="101.25197902"><ele>322.087</ele><time>2025-01-14T03:28:25Z</time><speed>6.659</speed><sat>21</sat></trkpt>
  <trkpt lat="14.63576031" lon="101.25191304"><ele>322.150</ele><time>2025-01-14T03:28:26Z</time><speed>7.477</speed><sat>22</sat></trkpt>
  <trkpt lat="14.63574576" lon="101.25183503"><ele>322.061</ele><time>2025-01-14T03:28:27Z</time><speed>8.553</speed><sat>23</sat></trkpt>
  <trkpt lat="14.63572833" lon="101.25174482"><ele>322.207</ele><time>2025-01-14T03:28:28Z</time><speed>9.796</speed><sat>24</sat></trkpt>
  <trkpt lat="14.63570912" lon="101.25164342"><ele>322.098</ele><time>2025-01-14T03:28:29Z</time><speed>11.034</speed><sat>22</sat></trkpt>
  <trkpt lat="14.63568960" lon="101.25153458"><ele>321.826</ele><time>2025-01-14T03:28:30Z</time><speed>11.609</speed><sat>20</sat></trkpt>
  <trkpt lat="14.63567036" lon="101.25142674"><ele>321.544</ele><time>2025-01-14T03:28:31Z</time><speed>11.168</speed><sat>23</sat></trkpt>
  <trkpt lat="14.63564917" lon="101.25132194"><ele>321.130</ele><time>2025-01-14T03:28:32Z</time><speed>11.308</speed><sat>20</sat></trkpt>
  <trkpt lat="14.63562907" lon="101.25121181"><ele>320.951</ele><time>2025-01-14T03:28:33Z</time><speed>11.905</speed><sat>20</sat></trkpt>
  <trkpt lat="14.63561120" lon="101.25110049"><ele>321.119</ele><time>2025-01-14T03:28:34Z</time><speed>11.811</speed><sat>22</sat></trkpt>
  <trkpt lat="14.63558950" lon="101.25099204"><ele>320.976</ele><time>2025-01-14T03:28:35Z</time><speed>11.612</speed><sat>22</sat></trkpt>
  <trkpt lat="14.63557142" lon="101.25088425"><ele>320.813</ele><time>2025-01-14T03:28:36Z</time><speed>12.146</speed><sat>22</sat></trkpt>
  <trkpt lat="14.63554987" lon="101.25077007"><ele>320.645</ele><time>2025-01-14T03:28:37Z</time><speed>12.810</speed><sat>23</sat></trkpt>
  <trkpt lat="14.63552714" lon="101.25064985"><ele>320.831</ele><time>2025-01-14T03:28:38Z</time><speed>13.082</speed><sat>22</sat></trkpt>
  <trkpt lat="14.63550406" lon="101.25053195"><ele>320.795</ele><time>2025-01-14T03:28:39Z</time><speed>12.811</speed><sat>23</sat></trkpt>
  <trkpt lat="14.63547977" lon="101.25041559"><ele>321.029</ele><time>2025-01-14T03:28:40Z</time><speed>12.979</speed><sat>26</sat></trkpt>
  <trkpt lat="14.63545634" lon="101.25029898"><ele>320.983</ele><time>2025-01-14T03:28:41Z</time><speed>13.052</speed><sat>25</sat></trkpt>
  <trkpt lat="14.63543335" lon="101.25018241"><ele>321.296</ele><time>2025-01-14T03:28:42Z</time><speed>12.692</speed><sat>24</sat></trkpt>
  <trkpt lat="14.63541280" lon="101.25006968"><ele>321.659</ele><time>2025-01-14T03:28:43Z</time><speed>12.218</speed><sat>25</sat></trkpt>
  <trkpt lat="14.63539150" lon="101.24996185"><ele>321.834</ele><time>2025-01-14T03:28:44Z</time><speed>11.626</speed><sat>25</sat></trkpt>
  <trkpt lat="14.63536900" lon="101.24986160"><ele>320.899</ele><time>2025-01-14T03:28:45Z</time><speed>11.114</speed><sat>23</sat></trkpt>
  <trkpt lat="14.63534682" lon="101.24976108"><ele>320.595</ele><time>2025-01-14T03:28:46Z</time><speed>11.218</speed><sat>24</sat></trkpt>
  <trkpt lat="14.63532264" lon="101.24965643"><ele>320.450</ele><time>2025-01-14T03:28:47Z</time><speed>11.141</speed><sat>25</sat></trkpt>
  <trkpt lat="14.63530002" lon="101.24955702"><ele>320.451</ele><time>2025-01-14T03:28:48Z</time><speed>10.763</speed><sat>25</sat></trkpt>
  <trkpt lat="14.63527808" lon="101.24945913"><ele>320.540</ele><time>2025-01-14T03:28:49Z</time><speed>10.468</speed><sat>26</sat></trkpt>
  <trkpt lat="14.63525759" lon="101.24936058"><ele>320.503</ele><time>2025-01-14T03:28:50Z</time><speed>10.406</speed><sat>26</sat></trkpt>
  <trkpt lat="14.63523973" lon="101.24926789"><ele>320.033</ele><time>2025-01-14T03:28:51Z</time><speed>9.854</speed><sat>25</sat></trkpt>
  <trkpt lat="14.63522305" lon="101.24918179"><ele>319.947</ele><time>2025-01-14T03:28:52Z</time><speed>9.195</speed><sat>26</sat></trkpt>
  <trkpt lat="14.63520588" lon="101.24910342"><ele>320.109</ele><time>2025-01-14T03:28:53Z</time><speed>8.480</speed><sat>26</sat></trkpt>
  <trkpt lat="14.63519148" lon="101.24903004"><ele>320.213</ele><time>2025-01-14T03:28:54Z</time><speed>7.807</speed><sat>26</sat></trkpt>
  <trkpt lat="14.63517774" lon="101.24896170"><ele>320.107</ele><time>2025-01-14T03:28:55Z</time><speed>7.298</speed><sat>25</sat></trkpt>
  <trkpt lat="14.63516474" lon="101.24889656"><ele>320.040</ele><time>2025-01-14T03:28:56Z</time><speed>7.364</speed><sat>25</sat></trkpt>
  <trkpt lat="14.63515319" lon="101.24882981"><ele>319.926</ele><time>2025-01-14T03:28:57Z</time><speed>7.896</speed><sat>26</sat></trkpt>
  <trkpt lat="14.63513936" lon="101.24875587"><ele>320.402</ele><time>2025-01-14T03:28:58Z</time><speed>8.507</speed><sat>26</sat></trkpt>
  <trkpt lat="14.63512231" lon="101.24867821"><ele>320.774</ele><time>2025-01-14T03:28:59Z</time><speed>8.590</speed><sat>26</sat></trkpt>
  <trkpt lat="14.63510659" lon="101.24860434"><ele>320.795</ele><time>2025-01-14T03:29:00Z</time><speed>8.206</speed><sat>26</sat></trkpt>
  <trkpt lat="14.63509051" lon="101.24852906"><ele>320.500</ele><time>2025-01-14T03:29:01Z</time><speed>8.492</speed><sat>27</sat></trkpt>
  <trkpt lat="14.63507453" lon="101.24844727"><ele>320.380</ele><time>2025-01-14T03:29:02Z</time><speed>8.241</speed><sat>25</sat></trkpt>
  <trkpt lat="14.63506062" lon="101.24837549"><ele>320.079</ele><time>2025-01-14T03:29:03Z</time><speed>7.495</speed><sat>24</sat></trkpt>
  <trkpt lat="14.63504925" lon="101.24831131"><ele>319.441</ele><time>2025-01-14T03:29:04Z</time><speed>6.927</speed><sat>24</sat></trkpt>
  <trkpt lat="14.63503709" lon="101.24825388"><ele>319.215</ele><time>2025-01-14T03:29:05Z</time><speed>6.186</speed><sat>26</sat></trkpt>
  <trkpt lat="14.63502693" lon="101.24820446"><ele>318.996</ele><time>2025-01-14T03:29:06Z</time><speed>4.660</speed><sat>26</sat></trkpt>
  <trkpt lat="14.63501600" lon="101.24816511"><ele>318.777</ele><time>2025-01-14T03:29:07Z</time><speed>3.755</speed><sat>27</sat></trkpt>
  <trkpt lat="14.63500468" lon="101.24812837"><ele>318.855</ele><time>2025-01-14T03:29:08Z</time><speed>3.614</speed><sat>25</sat></trkpt>
  <trkpt lat="14.63499645" lon="101.24810149"><ele>318.832</ele><time>2025-01-14T03:29:09Z</time><speed>2.838</speed><sat>23</sat></trkpt>
  <trkpt lat="14.63498980" lon="101.24807789"><ele>318.843</ele><time>2025-01-14T03:29:10Z</time><speed>2.768</speed><sat>23</sat></trkpt>
  <trkpt lat="14.63498065" lon="101.24805460"><ele>319.167</ele><time>2025-01-14T03:29:11Z</time><speed>2.856</speed><sat>22</sat></trkpt>
  <trkpt lat="14.63497372" lon="101.24803055"><ele>319.318</ele><time>2025-01-14T03:29:12Z</time><speed>2.828</speed><sat>24</sat></trkpt>
  <trkpt lat="14.63496741" lon="101.24800462"><ele>319.408</ele><time>2025-01-14T03:29:13Z</time><speed>2.587</speed><sat>23</sat></trkpt>
  <trkpt lat="14.63496206" lon="101.24798369"><ele>319.470</ele><time>2025-01-14T03:29:14Z</time><speed>1.865</speed><sat>20</sat></trkpt>
  <trkpt lat="14.63495727" lon="101.24796839"><ele>319.445</ele><time>2025-01-14T03:29:15Z</time><speed>1.346</speed><sat>20</sat></trkpt>
  <trkpt lat="14.63495687" lon="101.24795772"><ele>319.918</ele><time>2025-01-14T03:29:16Z</time><speed>1.125</speed><sat>19</sat></trkpt>
  <trkpt lat="14.63495881" lon="101.24795197"><ele>320.303</ele><time>2025-01-14T03:29:17Z</time><speed>1.223</speed><sat>20</sat></trkpt>
  <trkpt lat="14.63495856" lon="101.24794321"><ele>320.475</ele><time>2025-01-14T03:29:18Z</time><speed>1.723</speed><sat>19</sat></trkpt>
  <trkpt lat="14.63495282" lon="101.24792387"><ele>320.352</ele><time>2025-01-14T03:29:19Z</time><speed>2.796</speed><sat>19</sat></trkpt>
  <trkpt lat="14.63494177" lon="101.24790102"><ele>320.572</ele><time>2025-01-14T03:29:20Z</time><speed>3.913</speed><sat>22</sat></trkpt>
  <trkpt lat="14.63492788" lon="101.24786783"><ele>320.884</ele><time>2025-01-14T03:29:21Z</time><speed>4.077</speed><sat>25</sat></trkpt>
  <trkpt lat="14.63491767" lon="101.24783795"><ele>321.093</ele><time>2025-01-14T03:29:22Z</time><speed>3.782</speed><sat>25</sat></trkpt>
  <trkpt lat="14.63490548" lon="101.24780975"><ele>321.770</ele><time>2025-01-14T03:29:23Z</time><speed>3.498</speed><sat>21</sat></trkpt>
  <trkpt lat="14.63489085" lon="101.24777730"><ele>321.980</ele><time>2025-01-14T03:29:24Z</time><speed>3.315</speed><sat>24</sat></trkpt>
  <trkpt lat="14.63487751" lon="101.24771796"><ele>320.943</ele><time>2025-01-14T03:29:26Z</time><speed>2.733</speed><sat>22</sat></trkpt>
  <trkpt lat="14.63487294" lon="101.24769308"><ele>321.039</ele><time>2025-01-14T03:29:27Z</time><speed>2.476</speed><sat>21</sat></trkpt>
  <trkpt lat="14.63486748" lon="101.24766817"><ele>321.143</ele><time>2025-01-14T03:29:28Z</time><speed>1.867</speed><sat>24</sat></trkpt>
  <trkpt lat="14.63486464" lon="101.24765153"><ele>321.642</ele><time>2025-01-14T03:29:29Z</time><speed>1.556</speed><sat>23</sat></trkpt>
  <trkpt lat="14.63486333" lon="101.24763617"><ele>321.783</ele><time>2025-01-14T03:29:30Z</time><speed>1.558</speed><sat>23</sat></trkpt>
  <trkpt lat="14.63485884" lon="101.24762275"><ele>321.666</ele><time>2025-01-14T03:29:31Z</time><speed>1.571</speed><sat>23</sat></trkpt>
  <trkpt lat="14.63485697" lon="101.24760823"><ele>321.695</ele><time>2025-01-14T03:29:32Z</time><speed>1.881</speed><sat>23</sat></trkpt>
  <trkpt lat="14.63485639" lon="101.24758994"><ele>322.716</ele><time>2025-01-14T03:29:33Z</time><speed>2.211</speed><sat>25</sat></trkpt>
  <trkpt lat="14.63485196" lon="101.24756817"><ele>323.390</ele><time>2025-01-14T03:29:34Z</time><speed>2.452</speed><sat>26</sat></trkpt>
  <trkpt lat="14.63484730" lon="101.24754363"><ele>323.873</ele><time>2025-01-14T03:29:35Z</time><speed>2.541</speed><sat>25</sat></trkpt>
  <trkpt lat="14.63484021" lon="101.24751525"><ele>324.596</ele><time>2025-01-14T03:29:36Z</time><speed>2.592</speed><sat>23</sat></trkpt>
  <trkpt lat="14.63483408" lon="101.24748798"><ele>324.965</ele><time>2025-01-14T03:29:37Z</time><speed>2.644</speed><sat>21</sat></trkpt>
  <trkpt lat="14.63482891" lon="101.24746692"><ele>325.279</ele><time>2025-01-14T03:29:38Z</time><speed>2.581</speed><sat>22</sat></trkpt>
  <trkpt lat="14.63482278" lon="101.24744341"><ele>325.623</ele><time>2025-01-14T03:29:39Z</time><speed>2.587</speed><sat>23</sat></trkpt>
  <trkpt lat="14.63481499" lon="101.24741905"><ele>326.188</ele><time>2025-01-14T03:29:40Z</time><speed>2.612</speed><sat>23</sat></trkpt>
  <trkpt lat="14.63480784" lon="101.24739574"><ele>326.616</ele><time>2025-01-14T03:29:41Z</time><speed>2.459</speed><sat>21</sat></trkpt>
  <trkpt lat="14.63480274" lon="101.24737442"><ele>327.124</ele><time>2025-01-14T03:29:42Z</time><speed>2.297</speed><sat>20</sat></trkpt>
  <trkpt lat="14.63479618" lon="101.24735327"><ele>327.409</ele><time>2025-01-14T03:29:43Z</time><speed>2.197</speed><sat>21</sat></trkpt>
  <trkpt lat="14.63478877" lon="101.24733129"><ele>327.868</ele><time>2025-01-14T03:29:44Z</time><speed>2.118</speed><sat>22</sat></trkpt>
  <trkpt lat="14.63478511" lon="101.24730936"><ele>328.096</ele><time>2025-01-14T03:29:45Z</time><speed>2.322</speed><sat>25</sat></trkpt>
  <trkpt lat="14.63478146" lon="101.24728648"><ele>328.003</ele><time>2025-01-14T03:29:46Z</time><speed>2.491</speed><sat>22</sat></trkpt>
  <trkpt lat="14.63478095" lon="101.24726400"><ele>327.498</ele><time>2025-01-14T03:29:47Z</time><speed>2.251</speed><sat>21</sat></trkpt>
  <trkpt lat="14.63477945" lon="101.24724097"><ele>326.834</ele><time>2025-01-14T03:29:48Z</time><speed>2.116</speed><sat>22</sat></trkpt>
  <trkpt lat="14.63477860" lon="101.24722129"><ele>326.364</ele><time>2025-01-14T03:29:49Z</time><speed>2.029</speed><sat>24</sat></trkpt>
  <trkpt lat="14.63477580" lon="101.24720109"><ele>326.135</ele><time>2025-01-14T03:29:50Z</time><speed>1.917</speed><sat>24</sat></trkpt>
  <trkpt lat="14.63477405" lon="101.24718358"><ele>325.788</ele><time>2025-01-14T03:29:51Z</time><speed>1.842</speed><sat>24</sat></trkpt>
  <trkpt lat="14.63477373" lon="101.24716710"><ele>325.722</ele><time>2025-01-14T03:29:52Z</time><speed>1.842</speed><sat>24</sat></trkpt>
  <trkpt lat="14.63477273" lon="101.24715192"><ele>325.317</ele><time>2025-01-14T03:29:53Z</time><speed>1.845</speed><sat>22</sat></trkpt>
  <trkpt lat="14.63476905" lon="101.24713344"><ele>324.905</ele><time>2025-01-14T03:29:54Z</time><speed>1.847</speed><sat>23</sat></trkpt>
  <trkpt lat="14.63476532" lon="101.24711725"><ele>324.497</ele><time>2025-01-14T03:29:55Z</time><speed>1.785</speed><sat>24</sat></trkpt>
  <trkpt lat="14.63476048" lon="101.24710020"><ele>323.916</ele><time>2025-01-14T03:29:56Z</time><speed>1.765</speed><sat>24</sat></trkpt>
  <trkpt lat="14.63475467" lon="101.24708324"><ele>323.236</ele><time>2025-01-14T03:29:57Z</time><speed>1.778</speed><sat>25</sat></trkpt>
  <trkpt lat="14.63474943" lon="101.24706765"><ele>322.574</ele><time>2025-01-14T03:29:58Z</time><speed>2.081</speed><sat>20</sat></trkpt>
  <trkpt lat="14.63474338" lon="101.24704137"><ele>322.108</ele><time>2025-01-14T03:29:59Z</time><speed>2.654</speed><sat>25</sat></trkpt>
  <trkpt lat="14.63473771" lon="101.24701328"><ele>321.926</ele><time>2025-01-14T03:30:00Z</time><speed>2.377</speed><sat>23</sat></trkpt>
  <trkpt lat="14.63473311" lon="101.24699346"><ele>321.798</ele><time>2025-01-14T03:30:01Z</time><speed>2.012</speed><sat>24</sat></trkpt>
  <trkpt lat="14.63473138" lon="101.24697331"><ele>322.217</ele><time>2025-01-14T03:30:02Z</time><speed>1.733</speed><sat>21</sat></trkpt>
  <trkpt lat="14.63473146" lon="101.24695758"><ele>322.491</ele><time>2025-01-14T03:30:03Z</time><speed>1.538</speed><sat>22</sat></trkpt>
  <trkpt lat="14.63473195" lon="101.24694352"><ele>322.379</ele><time>2025-01-14T03:30:04Z</time><speed>1.266</speed><sat>22</sat></trkpt>
  <trkpt lat="14.63473199" lon="101.24693381"><ele>322.376</ele><time>2025-01-14T03:30:05Z</time><speed>1.006</speed><sat>24</sat></trkpt>
  <trkpt lat="14.63473053" lon="101.24692475"><ele>322.032</ele><time>2025-01-14T03:30:06Z</time><speed>0.927</speed><sat>24</sat></trkpt>
  <trkpt lat="14.63472803" lon="101.24691918"><ele>322.165</ele><time>2025-01-14T03:30:07Z</time><speed>0.792</speed><sat>25</sat></trkpt>
  <trkpt lat="14.63472566" lon="101.24691412"><ele>322.264</ele><time>2025-01-14T03:30:08Z</time><speed>0.448</speed><sat>26</sat></trkpt>
  <trkpt lat="14.63472471" lon="101.24691247"><ele>322.474</ele><time>2025-01-14T03:30:09Z</time><speed>0.056</speed><sat>24</sat></trkpt>
  <trkpt lat="14.63472562" lon="101.24691518"><ele>322.818</ele><time>2025-01-14T03:30:10Z</time><speed>0.067</speed><sat>25</sat></trkpt>
  <trkpt lat="14.63472529" lon="101.24691725"><ele>323.197</ele><time>2025-01-14T03:30:11Z</time><speed>0.080</speed><sat>26</sat></trkpt>
  <trkpt lat="14.63472575" lon="101.24691809"><ele>323.470</ele><time>2025-01-14T03:30:12Z</time><speed>0.063</speed><sat>26</sat></trkpt>
  <trkpt lat="14.63472745" lon="101.24692032"><ele>323.712</ele><time>2025-01-14T03:30:13Z</time><speed>0.078</speed><sat>25</sat></trkpt>
  <trkpt lat="14.63472688" lon="101.24691933"><ele>323.846</ele><time>2025-01-14T03:30:14Z</time><speed>0.001</speed><sat>26</sat></trkpt>
  <trkpt lat="14.63472663" lon="101.24692257"><ele>323.674</ele><time>2025-01-14T03:30:15Z</time><speed>0.005</speed><sat>24</sat></trkpt>
  <trkpt lat="14.63472654" lon="101.24692247"><ele>323.582</ele><time>2025-01-14T03:30:16Z</time><speed>0.000</speed><sat>25</sat></trkpt>
  <trkpt lat="14.63472654" lon="101.24692253"><ele>323.601</ele><time>2025-01-14T03:30:17Z</time><speed>0.001</speed><sat>23</sat></trkpt>
  <trkpt lat="14.63472653" lon="101.24692254"><ele>323.542</ele><time>2025-01-14T03:30:18Z</time><speed>0.000</speed><sat>24</sat></trkpt>
  <trkpt lat="14.63472651" lon="101.24692255"><ele>323.486</ele><time>2025-01-14T03:30:19Z</time><speed>0.000</speed><sat>25</sat></trkpt>
  <trkpt lat="14.63472651" lon="101.24692257"><ele>323.410</ele><time>2025-01-14T03:30:20Z</time><speed>0.000</speed><sat>26</sat></trkpt>
  <trkpt lat="14.63472650" lon="101.24692257"><ele>323.335</ele><time>2025-01-14T03:30:21Z</time><speed>0.000</speed><sat>26</sat></trkpt>
  <trkpt lat="14.63472649" lon="101.24692259"><ele>323.244</ele><time>2025-01-14T03:30:22Z</time><speed>0.000</speed><sat>25</sat></trkpt>
  <trkpt lat="14.63472928" lon="101.24692240"><ele>323.240</ele><time>2025-01-14T03:30:23Z</time><speed>0.004</speed><sat>25</sat></trkpt>
  <trkpt lat="14.63473310" lon="101.24692256"><ele>323.004</ele><time>2025-01-14T03:30:24Z</time><speed>0.009</speed><sat>25</sat></trkpt>
  <trkpt lat="14.63473567" lon="101.24692481"><ele>322.774</ele><time>2025-01-14T03:30:25Z</time><speed>0.023</speed><sat>24</sat></trkpt>
  <trkpt lat="14.63473566" lon="101.24692623"><ele>322.511</ele><time>2025-01-14T03:30:26Z</time><speed>0.024</speed><sat>25</sat></trkpt>
  <trkpt lat="14.63473521" lon="101.24692934"><ele>322.505</ele><time>2025-01-14T03:30:27Z</time><speed>0.028</speed><sat>25</sat></trkpt>
  <trkpt lat="14.63473150" lon="101.24692962"><ele>322.555</ele><time>2025-01-14T03:30:28Z</time><speed>0.011</speed><sat>26</sat></trkpt>
  <trkpt lat="14.63472913" lon="101.24692933"><ele>322.743</ele><time>2025-01-14T03:30:29Z</time><speed>0.044</speed><sat>22</sat></trkpt>
  <trkpt lat="14.63472602" lon="101.24692788"><ele>322.780</ele><time>2025-01-14T03:30:30Z</time><speed>0.099</speed><sat>24</sat></trkpt>
  <trkpt lat="14.63472723" lon="101.24692870"><ele>322.615</ele><time>2025-01-14T03:30:31Z</time><speed>0.001</speed><sat>25</sat></trkpt>
  <trkpt lat="14.63472609" lon="101.24692859"><ele>322.641</ele><time>2025-01-14T03:30:32Z</time><speed>0.087</speed><sat>24</sat></trkpt>
  <trkpt lat="14.63472466" lon="101.24692286"><ele>322.648</ele><time>2025-01-14T03:30:33Z</time><speed>1.295</speed><sat>25</sat></trkpt>
  <trkpt lat="14.63472190" lon="101.24690336"><ele>322.670</ele><time>2025-01-14T03:30:34Z</time><speed>2.671</speed><sat>25</sat></trkpt>
  <trkpt lat="14.63471558" lon="101.24687638"><ele>322.707</ele><time>2025-01-14T03:30:35Z</time><speed>2.490</speed><sat>24</sat></trkpt>
  <trkpt lat="14.63471045" lon="101.24685302"><ele>322.601</ele><time>2025-01-14T03:30:36Z</time><speed>2.094</speed><sat>23</sat></trkpt>
  <trkpt lat="14.63470486" lon="101.24683156"><ele>322.888</ele><time>2025-01-14T03:30:37Z</time><speed>1.649</speed><sat>23</sat></trkpt>
  <trkpt lat="14.63470115" lon="101.24681412"><ele>323.250</ele><time>2025-01-14T03:30:38Z</time><speed>1.629</speed><sat>24</sat></trkpt>
  <trkpt lat="14.63469633" lon="101.24679826"><ele>323.517</ele><time>2025-01-14T03:30:39Z</time><speed>1.563</speed><sat>24</sat></trkpt>
  <trkpt lat="14.63469031" lon="101.24678125"><ele>323.817</ele><time>2025-01-14T03:30:40Z</time><speed>1.633</speed><sat>25</sat></trkpt>
  <trkpt lat="14.63468649" lon="101.24676529"><ele>324.251</ele><time>2025-01-14T03:30:41Z</time><speed>1.710</speed><sat>25</sat></trkpt>
  <trkpt lat="14.63468276" lon="101.24674931"><ele>324.391</ele><time>2025-01-14T03:30:42Z</time><speed>1.712</speed><sat>23</sat></trkpt>
  <trkpt lat="14.63467989" lon="101.24673339"><ele>324.615</ele><time>2025-01-14T03:30:43Z</time><speed>2.077</speed><sat>22</sat></trkpt>
  <trkpt lat="14.63467622" lon="101.24671588"><ele>324.794</ele><time>2025-01-14T03:30:44Z</time><speed>2.048</speed><sat>20</sat></trkpt>
  <trkpt lat="14.63467104" lon="101.24669624"><ele>324.864</ele><time>2025-01-14T03:30:45Z</time><speed>2.081</speed><sat>22</sat></trkpt>
  <trkpt lat="14.63466666" lon="101.24667864"><ele>325.004</ele><time>2025-01-14T03:30:46Z</time><speed>2.016</speed><sat>19</sat></trkpt>
  <trkpt lat="14.63466285" lon="101.24666074"><ele>324.870</ele><time>2025-01-14T03:30:47Z</time><speed>1.986</speed><sat>19</sat></trkpt>
  <trkpt lat="14.63466179" lon="101.24664446"><ele>324.670</ele><time>2025-01-14T03:30:48Z</time><speed>1.625</speed><sat>20</sat></trkpt>
  <trkpt lat="14.63466236" lon="101.24663180"><ele>324.417</ele><time>2025-01-14T03:30:49Z</time><speed>1.496</speed><sat>21</sat></trkpt>
  <trkpt lat="14.63466460" lon="101.24662050"><ele>324.099</ele><time>2025-01-14T03:30:50Z</time><speed>1.367</speed><sat>17</sat></trkpt>
  <trkpt lat="14.63466042" lon="101.24659422"><ele>323.861</ele><time>2025-01-14T03:30:52Z</time><speed>1.379</speed><sat>20</sat></trkpt>
  <trkpt lat="14.63465657" lon="101.24658286"><ele>323.459</ele><time>2025-01-14T03:30:53Z</time><speed>1.291</speed><sat>18</sat></trkpt>
  <trkpt lat="14.63465236" lon="101.24656940"><ele>323.091</ele><time>2025-01-14T03:30:54Z</time><speed>1.435</speed><sat>19</sat></trkpt>
  <trkpt lat="14.63464973" lon="101.24655643"><ele>322.819</ele><time>2025-01-14T03:30:55Z</time><speed>1.528</speed><sat>19</sat></trkpt>
  <trkpt lat="14.63464565" lon="101.24654156"><ele>322.632</ele><time>2025-01-14T03:30:56Z</time><speed>1.558</speed><sat>21</sat></trkpt>
  <trkpt lat="14.63464145" lon="101.24652494"><ele>322.824</ele><time>2025-01-14T03:30:57Z</time><speed>1.589</speed><sat>20</sat></trkpt>
  <trkpt lat="14.63463838" lon="101.24650919"><ele>322.920</ele><time>2025-01-14T03:30:58Z</time><speed>1.588</speed><sat>20</sat></trkpt>
  <trkpt lat="14.63463362" lon="101.24649515"><ele>323.173</ele><time>2025-01-14T03:30:59Z</time><speed>1.598</speed><sat>17</sat></trkpt>
  <trkpt lat="14.63463138" lon="101.24647769"><ele>323.186</ele><time>2025-01-14T03:31:00Z</time><speed>1.595</speed><sat>17</sat></trkpt>
  <trkpt lat="14.63462908" lon="101.24646227"><ele>322.964</ele><time>2025-01-14T03:31:01Z</time><speed>1.379</speed><sat>20</sat></trkpt>
  <trkpt lat="14.63462866" lon="101.24644539"><ele>322.545</ele><time>2025-01-14T03:31:02Z</time><speed>1.365</speed><sat>22</sat></trkpt>
  <trkpt lat="14.63462504" lon="101.24643378"><ele>322.364</ele><time>2025-01-14T03:31:03Z</time><speed>1.188</speed><sat>22</sat></trkpt>
  <trkpt lat="14.63462237" lon="101.24641965"><ele>322.348</ele><time>2025-01-14T03:31:04Z</time><speed>1.277</speed><sat>23</sat></trkpt>
  <trkpt lat="14.63461637" lon="101.24640471"><ele>322.365</ele><time>2025-01-14T03:31:05Z</time><speed>1.271</speed><sat>23</sat></trkpt>
  <trkpt lat="14.63461196" lon="101.24639283"><ele>322.641</ele><time>2025-01-14T03:31:06Z</time><speed>1.479</speed><sat>24</sat></trkpt>
  <trkpt lat="14.63460914" lon="101.24637786"><ele>322.256</ele><time>2025-01-14T03:31:07Z</time><speed>1.617</speed><sat>23</sat></trkpt>
  <trkpt lat="14.63460711" lon="101.24636759"><ele>322.052</ele><time>2025-01-14T03:31:08Z</time><speed>1.344</speed><sat>25</sat></trkpt>
  <trkpt lat="14.63460435" lon="101.24636119"><ele>321.920</ele><time>2025-01-14T03:31:09Z</time><speed>1.132</speed><sat>27</sat></trkpt>
  <trkpt lat="14.63460251" lon="101.24635441"><ele>321.833</ele><time>2025-01-14T03:31:10Z</time><speed>0.785</speed><sat>26</sat></trkpt>
  <trkpt lat="14.63460006" lon="101.24635038"><ele>321.871</ele><time>2025-01-14T03:31:11Z</time><speed>0.609</speed><sat>26</sat></trkpt>
  <trkpt lat="14.63459684" lon="101.24634844"><ele>321.974</ele><time>2025-01-14T03:31:12Z</time><speed>0.557</speed><sat>28</sat></trkpt>
  <trkpt lat="14.63459684" lon="101.24634773"><ele>321.972</ele><time>2025-01-14T03:31:13Z</time><speed>0.587</speed><sat>27</sat></trkpt>
  <trkpt lat="14.63459675" lon="101.24634586"><ele>321.825</ele><time>2025-01-14T03:31:14Z</time><speed>1.296</speed><sat>27</sat></trkpt>
  <trkpt lat="14.63459465" lon="101.24633366"><ele>321.930</ele><time>2025-01-14T03:31:15Z</time><speed>1.746</speed><sat>28</sat></trkpt>
  <trkpt lat="14.63459108" lon="101.24631709"><ele>322.202</ele><time>2025-01-14T03:31:16Z</time><speed>1.929</speed><sat>26</sat></trkpt>
  <trkpt lat="14.63458758" lon="101.24629721"><ele>322.121</ele><time>2025-01-14T03:31:17Z</time><speed>2.416</speed><sat>27</sat></trkpt>
  <trkpt lat="14.63458319" lon="101.24627074"><ele>322.538</ele><time>2025-01-14T03:31:18Z</time><speed>2.999</speed><sat>27</sat></trkpt>
  <trkpt lat="14.63457860" lon="101.24624273"><ele>323.123</ele><time>2025-01-14T03:31:19Z</time><speed>3.106</speed><sat>27</sat></trkpt>
  <trkpt lat="14.63457392" lon="101.24621227"><ele>323.650</ele><time>2025-01-14T03:31:20Z</time><speed>3.517</speed><sat>26</sat></trkpt>
  <trkpt lat="14.63456947" lon="101.24618368"><ele>323.691</ele><time>2025-01-14T03:31:21Z</time><speed>3.099</speed><sat>24</sat></trkpt>
  <trkpt lat="14.63456491" lon="101.24615793"><ele>323.804</ele><time>2025-01-14T03:31:22Z</time><speed>2.668</speed><sat>22</sat></trkpt>
  <trkpt lat="14.63455909" lon="101.24613488"><ele>324.104</ele><time>2025-01-14T03:31:23Z</time><speed>2.892</speed><sat>21</sat></trkpt>
  <trkpt lat="14.63455381" lon="101.24610860"><ele>324.413</ele><time>2025-01-14T03:31:24Z</time><speed>3.273</speed><sat>20</sat></trkpt>
  <trkpt lat="14.63454863" lon="101.24607696"><ele>324.617</ele><time>2025-01-14T03:31:25Z</time><speed>3.239</speed><sat>18</sat></trkpt>
  <trkpt lat="14.63454136" lon="101.24604531"><ele>324.720</ele><time>2025-01-14T03:31:26Z</time><speed>2.892</speed><sat>20</sat></trkpt>
  <trkpt lat="14.63453460" lon="101.24601840"><ele>324.284</ele><time>2025-01-14T03:31:27Z</time><speed>2.532</speed><sat>20</sat></trkpt>
  <trkpt lat="14.63453144" lon="101.24599463"><ele>324.307</ele><time>2025-01-14T03:31:28Z</time><speed>2.701</speed><sat>23</sat></trkpt>
  <trkpt lat="14.63452527" lon="101.24596626"><ele>324.439</ele><time>2025-01-14T03:31:29Z</time><speed>3.213</speed><sat>24</sat></trkpt>
  <trkpt lat="14.63451750" lon="101.24593156"><ele>324.688</ele><time>2025-01-14T03:31:30Z</time><speed>3.239</speed><sat>23</sat></trkpt>
  <trkpt lat="14.63450847" lon="101.24590155"><ele>324.957</ele><time>2025-01-14T03:31:31Z</time><speed>2.633</speed><sat>25</sat></trkpt>
  <trkpt lat="14.63450171" lon="101.24587499"><ele>324.715</ele><time>2025-01-14T03:31:32Z</time><speed>2.130</speed><sat>24</sat></trkpt>
  <trkpt lat="14.63449722" lon="101.24585672"><ele>324.507</ele><time>2025-01-14T03:31:33Z</time><speed>1.929</speed><sat>26</sat></trkpt>
  <trkpt lat="14.63449368" lon="101.24583788"><ele>324.237</ele><time>2025-01-14T03:31:34Z</time><speed>2.042</speed><sat>27</sat></trkpt>
  <trkpt lat="14.63449178" lon="101.24581869"><ele>323.432</ele><time>2025-01-14T03:31:35Z</time><speed>2.460</speed><sat>27</sat></trkpt>
  <trkpt lat="14.63448660" lon="101.24579301"><ele>323.171</ele><time>2025-01-14T03:31:36Z</time><speed>2.570</speed><sat>24</sat></trkpt>
  <trkpt lat="14.63448178" lon="101.24577064"><ele>323.098</ele><time>2025-01-14T03:31:37Z</time><speed>2.435</speed><sat>23</sat></trkpt>
  <trkpt lat="14.63447903" lon="101.24575120"><ele>322.822</ele><time>2025-01-14T03:31:38Z</time><speed>2.350</speed><sat>23</sat></trkpt>
  <trkpt lat="14.63447716" lon="101.24573203"><ele>322.295</ele><time>2025-01-14T03:31:39Z</time><speed>2.345</speed><sat>23</sat></trkpt>
  <trkpt lat="14.63447430" lon="101.24571338"><ele>321.814</ele><time>2025-01-14T03:31:40Z</time><speed>2.302</speed><sat>25</sat></trkpt>
  <trkpt lat="14.63447092" lon="101.24569165"><ele>321.766</ele><time>2025-01-14T03:31:41Z</time><speed>2.277</speed><sat>25</sat></trkpt>
  <trkpt lat="14.63446632" lon="101.24567276"><ele>321.794</ele><time>2025-01-14T03:31:42Z</time><speed>2.233</speed><sat>24</sat></trkpt>
  <trkpt lat="14.63446235" lon="101.24565401"><ele>321.638</ele><time>2025-01-14T03:31:43Z</time><speed>2.276</speed><sat>22</sat></trkpt>
  <trkpt lat="14.63445592" lon="101.24563310"><ele>321.601</ele><time>2025-01-14T03:31:44Z</time><speed>2.370</speed><sat>20</sat></trkpt>
  <trkpt lat="14.63445039" lon="101.24561260"><ele>321.476</ele><time>2025-01-14T03:31:45Z</time><speed>2.138</speed><sat>24</sat></trkpt>
  <trkpt lat="14.63444653" lon="101.24559363"><ele>321.144</ele><time>2025-01-14T03:31:46Z</time><speed>2.017</speed><sat>26</sat></trkpt>
  <trkpt lat="14.63444593" lon="101.24557956"><ele>321.270</ele><time>2025-01-14T03:31:47Z</time><speed>1.410</speed><sat>25</sat></trkpt>
  <trkpt lat="14.63444584" lon="101.24556859"><ele>321.500</ele><time>2025-01-14T03:31:48Z</time><speed>1.657</speed><sat>26</sat></trkpt>
  <trkpt lat="14.63444556" lon="101.24555802"><ele>321.700</ele><time>2025-01-14T03:31:49Z</time><speed>1.988</speed><sat>26</sat></trkpt>
  <trkpt lat="14.63444662" lon="101.24553987"><ele>321.647</ele><time>2025-01-14T03:31:50Z</time><speed>1.874</speed><sat>25</sat></trkpt>
  <trkpt lat="14.63444512" lon="101.24552173"><ele>321.812</ele><time>2025-01-14T03:31:51Z</time><speed>2.055</speed><sat>26</sat></trkpt>
  <trkpt lat="14.63444466" lon="101.24550359"><ele>321.595</ele><time>2025-01-14T03:31:52Z</time><speed>2.082</speed><sat>26</sat></trkpt>
  <trkpt lat="14.63444305" lon="101.24548455"><ele>321.578</ele><time>2025-01-14T03:31:53Z</time><speed>2.310</speed><sat>27</sat></trkpt>
  <trkpt lat="14.63444146" lon="101.24546221"><ele>321.601</ele><time>2025-01-14T03:31:54Z</time><speed>2.829</speed><sat>25</sat></trkpt>
  <trkpt lat="14.63444005" lon="101.24543549"><ele>321.233</ele><time>2025-01-14T03:31:55Z</time><speed>3.115</speed><sat>26</sat></trkpt>
  <trkpt lat="14.63443827" lon="101.24540489"><ele>321.740</ele><time>2025-01-14T03:31:56Z</time><speed>3.393</speed><sat>24</sat></trkpt>
  <trkpt lat="14.63443291" lon="101.24537302"><ele>321.681</ele><time>2025-01-14T03:31:57Z</time><speed>3.639</speed><sat>24</sat></trkpt>
  <trkpt lat="14.63442679" lon="101.24534181"><ele>321.532</ele><time>2025-01-14T03:31:58Z</time><speed>3.824</speed><sat>24</sat></trkpt>
  <trkpt lat="14.63442006" lon="101.24530962"><ele>321.360</ele><time>2025-01-14T03:31:59Z</time><speed>3.576</speed><sat>24</sat></trkpt>
  <trkpt lat="14.63441290" lon="101.24527713"><ele>321.223</ele><time>2025-01-14T03:32:00Z</time><speed>3.809</speed><sat>24</sat></trkpt>
  <trkpt lat="14.63440855" lon="101.24523817"><ele>321.031</ele><time>2025-01-14T03:32:01Z</time><speed>4.273</speed><sat>25</sat></trkpt>
  <trkpt lat="14.63440174" lon="101.24519680"><ele>320.728</ele><time>2025-01-14T03:32:02Z</time><speed>4.171</speed><sat>23</sat></trkpt>
  <trkpt lat="14.63439608" lon="101.24515692"><ele>320.554</ele><time>2025-01-14T03:32:03Z</time><speed>3.921</speed><sat>24</sat></trkpt>
  <trkpt lat="14.63439159" lon="101.24511506"><ele>320.211</ele><time>2025-01-14T03:32:04Z</time><speed>4.263</speed><sat>26</sat></trkpt>
  <trkpt lat="14.63438598" lon="101.24507453"><ele>319.619</ele><time>2025-01-14T03:32:05Z</time><speed>4.432</speed><sat>24</sat></trkpt>
  <trkpt lat="14.63438047" lon="101.24503377"><ele>318.845</ele><time>2025-01-14T03:32:06Z</time><speed>4.106</speed><sat>25</sat></trkpt>
  <trkpt lat="14.63437505" lon="101.24499887"><ele>318.416</ele><time>2025-01-14T03:32:07Z</time><speed>3.708</speed><sat>23</sat></trkpt>
  <trkpt lat="14.63437046" lon="101.24496419"><ele>318.289</ele><time>2025-01-14T03:32:08Z</time><speed>3.653</speed><sat>22</sat></trkpt>
  <trkpt lat="14.63436362" lon="101.24492653"><ele>318.350</ele><time>2025-01-14T03:32:09Z</time><speed>4.167</speed><sat>24</sat></trkpt>
  <trkpt lat="14.63435670" lon="101.24488702"><ele>318.506</ele><time>2025-01-14T03:32:10Z</time><speed>4.551</speed><sat>25</sat></trkpt>
  <trkpt lat="14.63434756" lon="101.24484588"><ele>317.914</ele><time>2025-01-14T03:32:11Z</time><speed>4.450</speed><sat>26</sat></trkpt>
  <trkpt lat="14.63434068" lon="101.24481039"><ele>317.870</ele><time>2025-01-14T03:32:12Z</time><speed>3.935</speed><sat>27</sat></trkpt>
  <trkpt lat="14.63433339" lon="101.24477573"><ele>318.015</ele><time>2025-01-14T03:32:13Z</time><speed>3.679</speed><sat>24</sat></trkpt>
  <trkpt lat="14.63432726" lon="101.24474486"><ele>318.067</ele><time>2025-01-14T03:32:14Z</time><speed>4.024</speed><sat>26</sat></trkpt>
  <trkpt lat="14.63431925" lon="101.24470586"><ele>317.726</ele><time>2025-01-14T03:32:15Z</time><speed>4.362</speed><sat>26</sat></trkpt>
  <trkpt lat="14.63430909" lon="101.24467104"><ele>317.630</ele><time>2025-01-14T03:32:16Z</time><speed>3.726</speed><sat>27</sat></trkpt>
  <trkpt lat="14.63430104" lon="101.24463837"><ele>317.258</ele><time>2025-01-14T03:32:17Z</time><speed>3.305</speed><sat>28</sat></trkpt>
  <trkpt lat="14.63429298" lon="101.24460982"><ele>317.335</ele><time>2025-01-14T03:32:18Z</time><speed>2.870</speed><sat>26</sat></trkpt>
  <trkpt lat="14.63428473" lon="101.24458540"><ele>317.009</ele><time>2025-01-14T03:32:19Z</time><speed>2.477</speed><sat>27</sat></trkpt>
  <trkpt lat="14.63427904" lon="101.24456419"><ele>316.659</ele><time>2025-01-14T03:32:20Z</time><speed>2.629</speed><sat>27</sat></trkpt>
  <trkpt lat="14.63427408" lon="101.24453690"><ele>316.364</ele><time>2025-01-14T03:32:21Z</time><speed>3.364</speed><sat>26</sat></trkpt>
  <trkpt lat="14.63426726" lon="101.24450427"><ele>315.983</ele><time>2025-01-14T03:32:22Z</time><speed>4.151</speed><sat>28</sat></trkpt>
  <trkpt lat="14.63425995" lon="101.24446430"><ele>315.689</ele><time>2025-01-14T03:32:23Z</time><speed>4.596</speed><sat>27</sat></trkpt>
  <trkpt lat="14.63424976" lon="101.24442122"><ele>315.174</ele><time>2025-01-14T03:32:24Z</time><speed>4.633</speed><sat>28</sat></trkpt>
  <trkpt lat="14.63423940" lon="101.24437897"><ele>315.060</ele><time>2025-01-14T03:32:25Z</time><speed>4.431</speed><sat>26</sat></trkpt>
  <trkpt lat="14.63422880" lon="101.24433949"><ele>315.044</ele><time>2025-01-14T03:32:26Z</time><speed>4.859</speed><sat>28</sat></trkpt>
  <trkpt lat="14.63421676" lon="101.24429381"><ele>314.956</ele><time>2025-01-14T03:32:27Z</time><speed>5.354</speed><sat>27</sat></trkpt>
  <trkpt lat="14.63420518" lon="101.24424599"><ele>315.047</ele><time>2025-01-14T03:32:28Z</time><speed>5.610</speed><sat>25</sat></trkpt>
  <trkpt lat="14.63419395" lon="101.24419495"><ele>314.978</ele><time>2025-01-14T03:32:29Z</time><speed>5.403</speed><sat>26</sat></trkpt>
  <trkpt lat="14.63418337" lon="101.24414364"><ele>315.443</ele><time>2025-01-14T03:32:30Z</time><speed>5.587</speed><sat>27</sat></trkpt>
  <trkpt lat="14.63417635" lon="101.24408779"><ele>315.731</ele><time>2025-01-14T03:32:31Z</time><speed>5.874</speed><sat>27</sat></trkpt>
  <trkpt lat="14.63416883" lon="101.24403141"><ele>316.522</ele><time>2025-01-14T03:32:32Z</time><speed>5.873</speed><sat>26</sat></trkpt>
  <trkpt lat="14.63415928" lon="101.24398053"><ele>316.751</ele><time>2025-01-14T03:32:33Z</time><speed>5.717</speed><sat>29</sat></trkpt>
  <trkpt lat="14.63414866" lon="101.24392892"><ele>316.945</ele><time>2025-01-14T03:32:34Z</time><speed>5.892</speed><sat>28</sat></trkpt>
  <trkpt lat="14.63413753" lon="101.24387306"><ele>316.928</ele><time>2025-01-14T03:32:35Z</time><speed>6.120</speed><sat>28</sat></trkpt>
  <trkpt lat="14.63412422" lon="101.24381280"><ele>317.037</ele><time>2025-01-14T03:32:36Z</time><speed>6.358</speed><sat>28</sat></trkpt>
  <trkpt lat="14.63410821" lon="101.24375323"><ele>316.910</ele><time>2025-01-14T03:32:37Z</time><speed>6.205</speed><sat>27</sat></trkpt>
  <trkpt lat="14.63409279" lon="101.24369433"><ele>316.570</ele><time>2025-01-14T03:32:38Z</time><speed>6.023</speed><sat>26</sat></trkpt>
  <trkpt lat="14.63408336" lon="101.24363925"><ele>316.644</ele><time>2025-01-14T03:32:39Z</time><speed>5.011</speed><sat>28</sat></trkpt>
  <trkpt lat="14.63407507" lon="101.24359460"><ele>316.719</ele><time>2025-01-14T03:32:40Z</time><speed>4.073</speed><sat>26</sat></trkpt>
  <trkpt lat="14.63406763" lon="101.24356064"><ele>316.684</ele><time>2025-01-14T03:32:41Z</time><speed>3.520</speed><sat>26</sat></trkpt>
  <trkpt lat="14.63406254" lon="101.24353455"><ele>317.078</ele><time>2025-01-14T03:32:42Z</time><speed>3.133</speed><sat>26</sat></trkpt>
  <trkpt lat="14.63405777" lon="101.24350915"><ele>317.556</ele><time>2025-01-14T03:32:43Z</time><speed>2.967</speed><sat>25</sat></trkpt>
  <trkpt lat="14.63405571" lon="101.24348307"><ele>317.768</ele><time>2025-01-14T03:32:44Z</time><speed>2.918</speed><sat>25</sat></trkpt>
  <trkpt lat="14.63405236" lon="101.24345293"><ele>317.358</ele><time>2025-01-14T03:32:45Z</time><speed>3.815</speed><sat>28</sat></trkpt>
  <trkpt lat="14.63404633" lon="101.24341637"><ele>317.251</ele><time>2025-01-14T03:32:46Z</time><speed>4.740</speed><sat>28</sat></trkpt>
  <trkpt lat="14.63403720" lon="101.24337373"><ele>316.940</ele><time>2025-01-14T03:32:47Z</time><speed>5.110</speed><sat>26</sat></trkpt>
  <trkpt lat="14.63402869" lon="101.24332615"><ele>316.500</ele><time>2025-01-14T03:32:48Z</time><speed>5.250</speed><sat>24</sat></trkpt>
  <trkpt lat="14.63401917" lon="101.24327567"><ele>316.277</ele><time>2025-01-14T03:32:49Z</time><speed>5.374</speed><sat>24</sat></trkpt>
  <trkpt lat="14.63401084" lon="101.24322447"><ele>316.018</ele><time>2025-01-14T03:32:50Z</time><speed>5.154</speed><sat>26</sat></trkpt>
  <trkpt lat="14.63400542" lon="101.24317595"><ele>315.580</ele><time>2025-01-14T03:32:51Z</time><speed>5.393</speed><sat>28</sat></trkpt>
  <trkpt lat="14.63399967" lon="101.24312305"><ele>315.726</ele><time>2025-01-14T03:32:52Z</time><speed>5.762</speed><sat>29</sat></trkpt>
  <trkpt lat="14.63399734" lon="101.24306839"><ele>315.739</ele><time>2025-01-14T03:32:53Z</time><speed>5.820</speed><sat>28</sat></trkpt>
  <trkpt lat="14.63399952" lon="101.24301425"><ele>315.648</ele><time>2025-01-14T03:32:54Z</time><speed>6.100</speed><sat>28</sat></trkpt>
  <trkpt lat="14.63400266" lon="101.24295814"><ele>315.871</ele><time>2025-01-14T03:32:55Z</time><speed>6.394</speed><sat>28</sat></trkpt>
  <trkpt lat="14.63400142" lon="101.24289647"><ele>316.326</ele><time>2025-01-14T03:32:56Z</time><speed>7.308</speed><sat>28</sat></trkpt>
  <trkpt lat="14.63399237" lon="101.24282774"><ele>316.241</ele><time>2025-01-14T03:32:57Z</time><speed>8.340</speed><sat>25</sat></trkpt>
  <trkpt lat="14.63397574" lon="101.24275083"><ele>316.071</ele><time>2025-01-14T03:32:58Z</time><speed>9.233</speed><sat>26</sat></trkpt>
  <trkpt lat="14.63395114" lon="101.24266671"><ele>316.118</ele><time>2025-01-14T03:32:59Z</time><speed>9.219</speed><sat>27</sat></trkpt>
  <trkpt lat="14.63392772" lon="101.24257994"><ele>316.278</ele><time>2025-01-14T03:33:00Z</time><speed>9.339</speed><sat>26</sat></trkpt>
  <trkpt lat="14.63391087" lon="101.24249606"><ele>316.762</ele><time>2025-01-14T03:33:01Z</time><speed>9.622</speed><sat>24</sat></trkpt>
  <trkpt lat="14.63389324" lon="101.24240587"><ele>316.722</ele><time>2025-01-14T03:33:02Z</time><speed>10.027</speed><sat>26</sat></trkpt>
  <trkpt lat="14.63387437" lon="101.24230968"><ele>317.072</ele><time>2025-01-14T03:33:03Z</time><speed>10.669</speed><sat>25</sat></trkpt>
  <trkpt lat="14.63385319" lon="101.24220687"><ele>317.200</ele><time>2025-01-14T03:33:04Z</time><speed>11.415</speed><sat>25</sat></trkpt>
  <trkpt lat="14.63383332" lon="101.24209332"><ele>317.693</ele><time>2025-01-14T03:33:05Z</time><speed>12.316</speed><sat>25</sat></trkpt>
  <trkpt lat="14.63381252" lon="101.24197348"><ele>317.830</ele><time>2025-01-14T03:33:06Z</time><speed>12.875</speed><sat>26</sat></trkpt>
  <trkpt lat="14.63378867" lon="101.24184996"><ele>318.143</ele><time>2025-01-14T03:33:07Z</time><speed>12.969</speed><sat>26</sat></trkpt>
  <trkpt lat="14.63376469" lon="101.24172917"><ele>318.250</ele><time>2025-01-14T03:33:08Z</time><speed>12.772</speed><sat>27</sat></trkpt>
  <trkpt lat="14.63374150" lon="101.24160935"><ele>318.071</ele><time>2025-01-14T03:33:09Z</time><speed>12.610</speed><sat>25</sat></trkpt>
  <trkpt lat="14.63371835" lon="101.24149000"><ele>317.952</ele><time>2025-01-14T03:33:10Z</time><speed>12.755</speed><sat>23</sat></trkpt>
  <trkpt lat="14.63369606" lon="101.24136598"><ele>317.641</ele><time>2025-01-14T03:33:11Z</time><speed>13.114</speed><sat>24</sat></trkpt>
  <trkpt lat="14.63367244" lon="101.24123781"><ele>316.908</ele><time>2025-01-14T03:33:12Z</time><speed>13.578</speed><sat>26</sat></trkpt>
  <trkpt lat="14.63364731" lon="101.24110815"><ele>316.469</ele><time>2025-01-14T03:33:13Z</time><speed>14.014</speed><sat>26</sat></trkpt>
  <trkpt lat="14.63362280" lon="101.24097648"><ele>316.218</ele><time>2025-01-14T03:33:14Z</time><speed>14.153</speed><sat>25</sat></trkpt>
  <trkpt lat="14.63360190" lon="101.24084614"><ele>315.720</ele><time>2025-01-14T03:33:15Z</time><speed>14.207</speed><sat>25</sat></trkpt>
  <trkpt lat="14.63357769" lon="101.24071336"><ele>315.065</ele><time>2025-01-14T03:33:16Z</time><speed>14.573</speed><sat>25</sat></trkpt>
  <trkpt lat="14.63354998" lon="101.24057809"><ele>314.506</ele><time>2025-01-14T03:33:17Z</time><speed>14.972</speed><sat>26</sat></trkpt>
  <trkpt lat="14.63352127" lon="101.24044169"><ele>314.111</ele><time>2025-01-14T03:33:18Z</time><speed>15.311</speed><sat>26</sat></trkpt>
  <trkpt lat="14.63349050" lon="101.24030084"><ele>313.593</ele><time>2025-01-14T03:33:19Z</time><speed>15.621</speed><sat>24</sat></trkpt>
  <trkpt lat="14.63346176" lon="101.24015771"><ele>313.417</ele><time>2025-01-14T03:33:20Z</time><speed>15.545</speed><sat>24</sat></trkpt>
  <trkpt lat="14.63343126" lon="101.24001573"><ele>313.378</ele><time>2025-01-14T03:33:21Z</time><speed>15.357</speed><sat>25</sat></trkpt>
  <trkpt lat="14.63340382" lon="101.23987601"><ele>313.138</ele><time>2025-01-14T03:33:22Z</time><speed>15.438</speed><sat>25</sat></trkpt>
  <trkpt lat="14.63337496" lon="101.23973277"><ele>312.904</ele><time>2025-01-14T03:33:23Z</time><speed>15.841</speed><sat>26</sat></trkpt>
  <trkpt lat="14.63334529" lon="101.23958483"><ele>312.625</ele><time>2025-01-14T03:33:24Z</time><speed>16.306</speed><sat>26</sat></trkpt>
  <trkpt lat="14.63331291" lon="101.23943609"><ele>312.615</ele><time>2025-01-14T03:33:25Z</time><speed>16.713</speed><sat>25</sat></trkpt>
  <trkpt lat="14.63328174" lon="101.23928340"><ele>312.466</ele><time>2025-01-14T03:33:26Z</time><speed>17.004</speed><sat>26</sat></trkpt>
  <trkpt lat="14.63324828" lon="101.23912859"><ele>312.054</ele><time>2025-01-14T03:33:27Z</time><speed>16.839</speed><sat>26</sat></trkpt>
  <trkpt lat="14.63321783" lon="101.23897641"><ele>311.689</ele><time>2025-01-14T03:33:28Z</time><speed>16.910</speed><sat>26</sat></trkpt>
  <trkpt lat="14.63318508" lon="101.23882343"><ele>311.183</ele><time>2025-01-14T03:33:29Z</time><speed>17.225</speed><sat>26</sat></trkpt>
  <trkpt lat="14.63315320" lon="101.23867032"><ele>310.747</ele><time>2025-01-14T03:33:30Z</time><speed>17.005</speed><sat>26</sat></trkpt>
  <trkpt lat="14.63312474" lon="101.23851950"><ele>310.573</ele><time>2025-01-14T03:33:31Z</time><speed>16.768</speed><sat>25</sat></trkpt>
  <trkpt lat="14.63309696" lon="101.23837011"><ele>310.561</ele><time>2025-01-14T03:33:32Z</time><speed>16.617</speed><sat>26</sat></trkpt>
  <trkpt lat="14.63306696" lon="101.23821932"><ele>310.812</ele><time>2025-01-14T03:33:33Z</time><speed>16.669</speed><sat>25</sat></trkpt>
  <trkpt lat="14.63303370" lon="101.23806547"><ele>310.995</ele><time>2025-01-14T03:33:34Z</time><speed>16.759</speed><sat>26</sat></trkpt>
  <trkpt lat="14.63299871" lon="101.23791153"><ele>310.974</ele><time>2025-01-14T03:33:35Z</time><speed>16.901</speed><sat>26</sat></trkpt>
  <trkpt lat="14.63296551" lon="101.23775478"><ele>310.764</ele><time>2025-01-14T03:33:36Z</time><speed>17.004</speed><sat>28</sat></trkpt>
  <trkpt lat="14.63293656" lon="101.23759864"><ele>310.138</ele><time>2025-01-14T03:33:37Z</time><speed>17.225</speed><sat>26</sat></trkpt>
  <trkpt lat="14.63290439" lon="101.23743826"><ele>309.750</ele><time>2025-01-14T03:33:38Z</time><speed>17.636</speed><sat>25</sat></trkpt>
  <trkpt lat="14.63287042" lon="101.23727614"><ele>309.722</ele><time>2025-01-14T03:33:39Z</time><speed>17.947</speed><sat>26</sat></trkpt>
  <trkpt lat="14.63283673" lon="101.23711195"><ele>309.825</ele><time>2025-01-14T03:33:40Z</time><speed>18.031</speed><sat>25</sat></trkpt>
  <trkpt lat="14.63280579" lon="101.23694390"><ele>309.935</ele><time>2025-01-14T03:33:41Z</time><speed>18.386</speed><sat>27</sat></trkpt>
  <trkpt lat="14.63277269" lon="101.23677357"><ele>309.709</ele><time>2025-01-14T03:33:42Z</time><speed>18.758</speed><sat>26</sat></trkpt>
  <trkpt lat="14.63273684" lon="101.23660036"><ele>309.010</ele><time>2025-01-14T03:33:43Z</time><speed>19.093</speed><sat>26</sat></trkpt>
  <trkpt lat="14.63270080" lon="101.23642846"><ele>308.492</ele><time>2025-01-14T03:33:44Z</time><speed>18.992</speed><sat>26</sat></trkpt>
  <trkpt lat="14.63266668" lon="101.23625606"><ele>308.405</ele><time>2025-01-14T03:33:45Z</time><speed>19.099</speed><sat>26</sat></trkpt>
  <trkpt lat="14.63263049" lon="101.23608498"><ele>308.706</ele><time>2025-01-14T03:33:46Z</time><speed>18.780</speed><sat>27</sat></trkpt>
  <trkpt lat="14.63259565" lon="101.23591559"><ele>308.534</ele><time>2025-01-14T03:33:47Z</time><speed>18.713</speed><sat>26</sat></trkpt>
  <trkpt lat="14.63255806" lon="101.23574330"><ele>308.229</ele><time>2025-01-14T03:33:48Z</time><speed>18.881</speed><sat>25</sat></trkpt>
  <trkpt lat="14.63252260" lon="101.23557217"><ele>308.208</ele><time>2025-01-14T03:33:49Z</time><speed>19.113</speed><sat>25</sat></trkpt>
  <trkpt lat="14.63248458" lon="101.23539538"><ele>308.240</ele><time>2025-01-14T03:33:50Z</time><speed>19.482</speed><sat>24</sat></trkpt>
  <trkpt lat="14.63244797" lon="101.23521522"><ele>308.320</ele><time>2025-01-14T03:33:51Z</time><speed>19.793</speed><sat>24</sat></trkpt>
  <trkpt lat="14.63241006" lon="101.23503173"><ele>308.319</ele><time>2025-01-14T03:33:52Z</time><speed>19.900</speed><sat>24</sat></trkpt>
  <trkpt lat="14.63237160" lon="101.23484984"><ele>308.028</ele><time>2025-01-14T03:33:53Z</time><speed>19.690</speed><sat>24</sat></trkpt>
  <trkpt lat="14.63233483" lon="101.23467113"><ele>308.045</ele><time>2025-01-14T03:33:54Z</time><speed>19.858</speed><sat>22</sat></trkpt>
  <trkpt lat="14.63229777" lon="101.23448832"><ele>308.751</ele><time>2025-01-14T03:33:55Z</time><speed>20.129</speed><sat>26</sat></trkpt>
  <trkpt lat="14.63225845" lon="101.23430233"><ele>309.834</ele><time>2025-01-14T03:33:56Z</time><speed>20.307</speed><sat>26</sat></trkpt>
  <trkpt lat="14.63221901" lon="101.23411767"><ele>310.917</ele><time>2025-01-14T03:33:57Z</time><speed>20.056</speed><sat>26</sat></trkpt>
  <trkpt lat="14.63218379" lon="101.23393339"><ele>311.076</ele><time>2025-01-14T03:33:58Z</time><speed>20.250</speed><sat>26</sat></trkpt>
  <trkpt lat="14.63214689" lon="101.23375057"><ele>310.738</ele><time>2025-01-14T03:33:59Z</time><speed>20.396</speed><sat>26</sat></trkpt>
  <trkpt lat="14.63210685" lon="101.23356449"><ele>310.571</ele><time>2025-01-14T03:34:00Z</time><speed>20.601</speed><sat>26</sat></trkpt>
  <trkpt lat="14.63206816" lon="101.23337761"><ele>310.136</ele><time>2025-01-14T03:34:01Z</time><speed>20.683</speed><sat>24</sat></trkpt>
  <trkpt lat="14.63203072" lon="101.23319036"><ele>309.897</ele><time>2025-01-14T03:34:02Z</time><speed>20.712</speed><sat>24</sat></trkpt>
  <trkpt lat="14.63199184" lon="101.23300191"><ele>309.607</ele><time>2025-01-14T03:34:03Z</time><speed>20.893</speed><sat>23</sat></trkpt>
  <trkpt lat="14.63195800" lon="101.23281414"><ele>308.851</ele><time>2025-01-14T03:34:04Z</time><speed>20.942</speed><sat>23</sat></trkpt>
  <trkpt lat="14.63192240" lon="101.23262466"><ele>307.982</ele><time>2025-01-14T03:34:05Z</time><speed>20.686</speed><sat>24</sat></trkpt>
  <trkpt lat="14.63188485" lon="101.23243581"><ele>307.285</ele><time>2025-01-14T03:34:06Z</time><speed>20.492</speed><sat>24</sat></trkpt>
  <trkpt lat="14.63184665" lon="101.23225124"><ele>306.804</ele><time>2025-01-14T03:34:07Z</time><speed>20.203</speed><sat>26</sat></trkpt>
  <trkpt lat="14.63180823" lon="101.23206830"><ele>307.184</ele><time>2025-01-14T03:34:08Z</time><speed>20.085</speed><sat>24</sat></trkpt>
  <trkpt lat="14.63177049" lon="101.23188664"><ele>307.647</ele><time>2025-01-14T03:34:09Z</time><speed>20.160</speed><sat>24</sat></trkpt>
  <trkpt lat="14.63173114" lon="101.23170315"><ele>307.824</ele><time>2025-01-14T03:34:10Z</time><speed>20.099</speed><sat>24</sat></trkpt>
  <trkpt lat="14.63169256" lon="101.23152258"><ele>307.612</ele><time>2025-01-14T03:34:11Z</time><speed>19.819</speed><sat>24</sat></trkpt>
  <trkpt lat="14.63165712" lon="101.23134748"><ele>307.322</ele><time>2025-01-14T03:34:12Z</time><speed>19.406</speed><sat>26</sat></trkpt>
  <trkpt lat="14.63162154" lon="101.23117164"><ele>306.688</ele><time>2025-01-14T03:34:13Z</time><speed>19.223</speed><sat>27</sat></trkpt>
  <trkpt lat="14.63158962" lon="101.23099665"><ele>305.667</ele><time>2025-01-14T03:34:14Z</time><speed>19.038</speed><sat>28</sat></trkpt>
  <trkpt lat="14.63155768" lon="101.23082101"><ele>305.174</ele><time>2025-01-14T03:34:15Z</time><speed>19.120</speed><sat>27</sat></trkpt>
  <trkpt lat="14.63153342" lon="101.23064698"><ele>304.441</ele><time>2025-01-14T03:34:16Z</time><speed>19.254</speed><sat>26</sat></trkpt>
  <trkpt lat="14.63150305" lon="101.23047219"><ele>304.066</ele><time>2025-01-14T03:34:17Z</time><speed>19.519</speed><sat>23</sat></trkpt>
  <trkpt lat="14.63146951" lon="101.23029413"><ele>304.089</ele><time>2025-01-14T03:34:18Z</time><speed>19.765</speed><sat>26</sat></trkpt>
  <trkpt lat="14.63143554" lon="101.23011515"><ele>304.462</ele><time>2025-01-14T03:34:19Z</time><speed>20.070</speed><sat>26</sat></trkpt>
  <trkpt lat="14.63139942" lon="101.22993445"><ele>304.380</ele><time>2025-01-14T03:34:20Z</time><speed>20.331</speed><sat>25</sat></trkpt>
  <trkpt lat="14.63136188" lon="101.22974921"><ele>304.082</ele><time>2025-01-14T03:34:21Z</time><speed>20.622</speed><sat>25</sat></trkpt>
  <trkpt lat="14.63132204" lon="101.22955820"><ele>303.818</ele><time>2025-01-14T03:34:22Z</time><speed>20.980</speed><sat>25</sat></trkpt>
  <trkpt lat="14.63128063" lon="101.22936213"><ele>303.365</ele><time>2025-01-14T03:34:23Z</time><speed>21.274</speed><sat>26</sat></trkpt>
  <trkpt lat="14.63123937" lon="101.22916677"><ele>302.724</ele><time>2025-01-14T03:34:24Z</time><speed>21.201</speed><sat>28</sat></trkpt>
  <trkpt lat="14.63119975" lon="101.22896989"><ele>302.408</ele><time>2025-01-14T03:34:25Z</time><speed>21.476</speed><sat>27</sat></trkpt>
  <trkpt lat="14.63115834" lon="101.22877028"><ele>301.131</ele><time>2025-01-14T03:34:26Z</time><speed>21.860</speed><sat>28</sat></trkpt>
  <trkpt lat="14.63111814" lon="101.22856747"><ele>300.069</ele><time>2025-01-14T03:34:27Z</time><speed>21.882</speed><sat>27</sat></trkpt>
  <trkpt lat="14.63108016" lon="101.22836713"><ele>299.152</ele><time>2025-01-14T03:34:28Z</time><speed>21.769</speed><sat>28</sat></trkpt>
  <trkpt lat="14.63104085" lon="101.22816770"><ele>298.618</ele><time>2025-01-14T03:34:29Z</time><speed>21.901</speed><sat>28</sat></trkpt>
  <trkpt lat="14.63099890" lon="101.22796835"><ele>297.737</ele><time>2025-01-14T03:34:30Z</time><speed>21.811</speed><sat>28</sat></trkpt>
  <trkpt lat="14.63095662" lon="101.22776882"><ele>297.421</ele><time>2025-01-14T03:34:31Z</time><speed>21.745</speed><sat>27</sat></trkpt>
  <trkpt lat="14.63091455" lon="101.22757151"><ele>296.432</ele><time>2025-01-14T03:34:32Z</time><speed>21.929</speed><sat>27</sat></trkpt>
  <trkpt lat="14.63087171" lon="101.22737454"><ele>294.867</ele><time>2025-01-14T03:34:33Z</time><speed>21.877</speed><sat>27</sat></trkpt>
  <trkpt lat="14.63083067" lon="101.22717585"><ele>293.586</ele><time>2025-01-14T03:34:34Z</time><speed>21.943</speed><sat>26</sat></trkpt>
  <trkpt lat="14.63079061" lon="101.22697767"><ele>292.752</ele><time>2025-01-14T03:34:35Z</time><speed>22.140</speed><sat>26</sat></trkpt>
  <trkpt lat="14.63074589" lon="101.22677720"><ele>292.046</ele><time>2025-01-14T03:34:36Z</time><speed>22.528</speed><sat>26</sat></trkpt>
  <trkpt lat="14.63070116" lon="101.22657510"><ele>291.299</ele><time>2025-01-14T03:34:37Z</time><speed>22.580</speed><sat>25</sat></trkpt>
  <trkpt lat="14.63065866" lon="101.22637218"><ele>290.481</ele><time>2025-01-14T03:34:38Z</time><speed>22.528</speed><sat>27</sat></trkpt>
  <trkpt lat="14.63061910" lon="101.22617032"><ele>289.455</ele><time>2025-01-14T03:34:39Z</time><speed>22.478</speed><sat>25</sat></trkpt>
  <trkpt lat="14.63058336" lon="101.22596776"><ele>288.753</ele><time>2025-01-14T03:34:40Z</time><speed>22.435</speed><sat>28</sat></trkpt>
  <trkpt lat="14.63055296" lon="101.22576461"><ele>287.670</ele><time>2025-01-14T03:34:41Z</time><speed>22.405</speed><sat>28</sat></trkpt>
  <trkpt lat="14.63052801" lon="101.22555923"><ele>286.630</ele><time>2025-01-14T03:34:42Z</time><speed>22.374</speed><sat>26</sat></trkpt>
  <trkpt lat="14.63050858" lon="101.22535509"><ele>285.391</ele><time>2025-01-14T03:34:43Z</time><speed>22.381</speed><sat>26</sat></trkpt>
  <trkpt lat="14.63049386" lon="101.22514977"><ele>284.401</ele><time>2025-01-14T03:34:44Z</time><speed>22.215</speed><sat>25</sat></trkpt>
  <trkpt lat="14.63048420" lon="101.22494129"><ele>283.294</ele><time>2025-01-14T03:34:45Z</time><speed>22.218</speed><sat>23</sat></trkpt>
  <trkpt lat="14.63048058" lon="101.22473186"><ele>282.510</ele><time>2025-01-14T03:34:46Z</time><speed>22.140</speed><sat>21</sat></trkpt>
  <trkpt lat="14.63048170" lon="101.22452345"><ele>281.451</ele><time>2025-01-14T03:34:47Z</time><speed>22.280</speed><sat>24</sat></trkpt>
  <trkpt lat="14.63048364" lon="101.22431496"><ele>280.640</ele><time>2025-01-14T03:34:48Z</time><speed>22.513</speed><sat>24</sat></trkpt>
  <trkpt lat="14.63048581" lon="101.22410319"><ele>279.523</ele><time>2025-01-14T03:34:49Z</time><speed>22.496</speed><sat>24</sat></trkpt>
  <trkpt lat="14.63049874" lon="101.22389543"><ele>278.213</ele><time>2025-01-14T03:34:50Z</time><speed>22.542</speed><sat>22</sat></trkpt>
  <trkpt lat="14.63051980" lon="101.22369064"><ele>276.765</ele><time>2025-01-14T03:34:51Z</time><speed>22.758</speed><sat>21</sat></trkpt>
  <trkpt lat="14.63054602" lon="101.22348468"><ele>275.031</ele><time>2025-01-14T03:34:52Z</time><speed>22.582</speed><sat>22</sat></trkpt>
  <trkpt lat="14.63057427" lon="101.22327901"><ele>273.738</ele><time>2025-01-14T03:34:53Z</time><speed>22.354</speed><sat>22</sat></trkpt>
  <trkpt lat="14.63060572" lon="101.22307502"><ele>272.420</ele><time>2025-01-14T03:34:54Z</time><speed>22.308</speed><sat>22</sat></trkpt>
  <trkpt lat="14.63064522" lon="101.22287045"><ele>270.843</ele><time>2025-01-14T03:34:55Z</time><speed>22.201</speed><sat>21</sat></trkpt>
  <trkpt lat="14.63069188" lon="101.22266926"><ele>269.344</ele><time>2025-01-14T03:34:56Z</time><speed>22.216</speed><sat>22</sat></trkpt>
  <trkpt lat="14.63074547" lon="101.22247009"><ele>267.796</ele><time>2025-01-14T03:34:57Z</time><speed>22.473</speed><sat>23</sat></trkpt>
  <trkpt lat="14.63080264" lon="101.22227257"><ele>266.027</ele><time>2025-01-14T03:34:58Z</time><speed>22.515</speed><sat>23</sat></trkpt>
  <trkpt lat="14.63085916" lon="101.22207292"><ele>264.185</ele><time>2025-01-14T03:34:59Z</time><speed>22.446</speed><sat>21</sat></trkpt>
  <trkpt lat="14.63091437" lon="101.22187304"><ele>262.374</ele><time>2025-01-14T03:35:00Z</time><speed>22.376</speed><sat>20</sat></trkpt>
  <trkpt lat="14.63097281" lon="101.22167448"><ele>260.713</ele><time>2025-01-14T03:35:01Z</time><speed>22.193</speed><sat>19</sat></trkpt>
  <trkpt lat="14.63102693" lon="101.22147955"><ele>259.496</ele><time>2025-01-14T03:35:02Z</time><speed>21.979</speed><sat>21</sat></trkpt>
  <trkpt lat="14.63108212" lon="101.22128548"><ele>258.116</ele><time>2025-01-14T03:35:03Z</time><speed>22.227</speed><sat>21</sat></trkpt>
  <trkpt lat="14.63113703" lon="101.22108935"><ele>256.813</ele><time>2025-01-14T03:35:04Z</time><speed>22.138</speed><sat>20</sat></trkpt>
  <trkpt lat="14.63119239" lon="101.22089300"><ele>255.509</ele><time>2025-01-14T03:35:05Z</time><speed>22.050</speed><sat>21</sat></trkpt>
  <trkpt lat="14.63124610" lon="101.22069776"><ele>254.283</ele><time>2025-01-14T03:35:06Z</time><speed>22.087</speed><sat>19</sat></trkpt>
  <trkpt lat="14.63130218" lon="101.22050024"><ele>252.939</ele><time>2025-01-14T03:35:07Z</time><speed>22.461</speed><sat>18</sat></trkpt>
  <trkpt lat="14.63135945" lon="101.22030272"><ele>251.245</ele><time>2025-01-14T03:35:08Z</time><speed>22.619</speed><sat>16</sat></trkpt>
  <trkpt lat="14.63141764" lon="101.22009504"><ele>249.169</ele><time>2025-01-14T03:35:09Z</time><speed>22.731</speed><sat>17</sat></trkpt>
  <trkpt lat="14.63147558" lon="101.21988264"><ele>247.035</ele><time>2025-01-14T03:35:10Z</time><speed>22.787</speed><sat>16</sat></trkpt>
  <trkpt lat="14.63153402" lon="101.21967213"><ele>244.894</ele><time>2025-01-14T03:35:11Z</time><speed>23.127</speed><sat>15</sat></trkpt>
  <trkpt lat="14.63159319" lon="101.21946150"><ele>242.864</ele><time>2025-01-14T03:35:12Z</time><speed>23.165</speed><sat>17</sat></trkpt>
  <trkpt lat="14.63165073" lon="101.21925323"><ele>240.816</ele><time>2025-01-14T03:35:13Z</time><speed>23.015</speed><sat>16</sat></trkpt>
  <trkpt lat="14.63170817" lon="101.21904649"><ele>239.216</ele><time>2025-01-14T03:35:14Z</time><speed>22.855</speed><sat>18</sat></trkpt>
  <trkpt lat="14.63176475" lon="101.21884351"><ele>237.605</ele><time>2025-01-14T03:35:15Z</time><speed>22.622</speed><sat>18</sat></trkpt>
  <trkpt lat="14.63182048" lon="101.21864338"><ele>235.921</ele><time>2025-01-14T03:35:16Z</time><speed>22.403</speed><sat>17</sat></trkpt>
  <trkpt lat="14.63187479" lon="101.21844761"><ele>234.160</ele><time>2025-01-14T03:35:17Z</time><speed>22.132</speed><sat>18</sat></trkpt>
  <trkpt lat="14.63192860" lon="101.21824885"><ele>232.696</ele><time>2025-01-14T03:35:18Z</time><speed>22.033</speed><sat>17</sat></trkpt>
  <trkpt lat="14.63198346" lon="101.21805556"><ele>231.308</ele><time>2025-01-14T03:35:19Z</time><speed>22.390</speed><sat>16</sat></trkpt>
  <trkpt lat="14.63203973" lon="101.21785736"><ele>229.724</ele><time>2025-01-14T03:35:20Z</time><speed>22.472</speed><sat>17</sat></trkpt>
  <trkpt lat="14.63209458" lon="101.21766828"><ele>227.944</ele><time>2025-01-14T03:35:21Z</time><speed>22.183</speed><sat>18</sat></trkpt>
  <trkpt lat="14.63215061" lon="101.21747206"><ele>226.634</ele><time>2025-01-14T03:35:22Z</time><speed>22.496</speed><sat>20</sat></trkpt>
  <trkpt lat="14.63220831" lon="101.21726837"><ele>225.895</ele><time>2025-01-14T03:35:23Z</time><speed>22.624</speed><sat>23</sat></trkpt>
  <trkpt lat="14.63226388" lon="101.21706480"><ele>225.138</ele><time>2025-01-14T03:35:24Z</time><speed>22.614</speed><sat>21</sat></trkpt>
  <trkpt lat="14.63232307" lon="101.21686321"><ele>224.478</ele><time>2025-01-14T03:35:25Z</time><speed>22.596</speed><sat>19</sat></trkpt>
  <trkpt lat="14.63237806" lon="101.21666358"><ele>223.254</ele><time>2025-01-14T03:35:26Z</time><speed>22.564</speed><sat>20</sat></trkpt>
  <trkpt lat="14.63243565" lon="101.21646458"><ele>222.086</ele><time>2025-01-14T03:35:27Z</time><speed>22.294</speed><sat>20</sat></trkpt>
  <trkpt lat="14.63249421" lon="101.21627000"><ele>221.723</ele><time>2025-01-14T03:35:28Z</time><speed>21.924</speed><sat>20</sat></trkpt>
  <trkpt lat="14.63254599" lon="101.21607660"><ele>220.950</ele><time>2025-01-14T03:35:29Z</time><speed>21.765</speed><sat>21</sat></trkpt>
  <trkpt lat="14.63259454" lon="101.21589057"><ele>219.297</ele><time>2025-01-14T03:35:30Z</time><speed>21.793</speed><sat>21</sat></trkpt>
  <trkpt lat="14.63264660" lon="101.21568892"><ele>219.463</ele><time>2025-01-14T03:35:31Z</time><speed>21.766</speed><sat>23</sat></trkpt>
  <trkpt lat="14.63269946" lon="101.21549666"><ele>219.632</ele><time>2025-01-14T03:35:32Z</time><speed>21.835</speed><sat>24</sat></trkpt>
  <trkpt lat="14.63275411" lon="101.21529464"><ele>219.348</ele><time>2025-01-14T03:35:33Z</time><speed>22.040</speed><sat>22</sat></trkpt>
  <trkpt lat="14.63280667" lon="101.21509765"><ele>219.325</ele><time>2025-01-14T03:35:34Z</time><speed>21.886</speed><sat>22</sat></trkpt>
  <trkpt lat="14.63286344" lon="101.21490836"><ele>218.764</ele><time>2025-01-14T03:35:35Z</time><speed>21.779</speed><sat>22</sat></trkpt>
  <trkpt lat="14.63291966" lon="101.21471778"><ele>217.492</ele><time>2025-01-14T03:35:36Z</time><speed>21.605</speed><sat>22</sat></trkpt>
  <trkpt lat="14.63297757" lon="101.21452766"><ele>216.687</ele><time>2025-01-14T03:35:37Z</time><speed>21.537</speed><sat>23</sat></trkpt>
  <trkpt lat="14.63303867" lon="101.21433343"><ele>216.034</ele><time>2025-01-14T03:35:38Z</time><speed>21.770</speed><sat>21</sat></trkpt>
  <trkpt lat="14.63309804" lon="101.21413246"><ele>215.215</ele><time>2025-01-14T03:35:39Z</time><speed>21.975</speed><sat>19</sat></trkpt>
  <trkpt lat="14.63315511" lon="101.21393058"><ele>214.612</ele><time>2025-01-14T03:35:40Z</time><speed>21.900</speed><sat>20</sat></trkpt>
  <trkpt lat="14.63321279" lon="101.21373040"><ele>213.883</ele><time>2025-01-14T03:35:41Z</time><speed>21.845</speed><sat>19</sat></trkpt>
  <trkpt lat="14.63326821" lon="101.21353086"><ele>212.411</ele><time>2025-01-14T03:35:42Z</time><speed>21.804</speed><sat>21</sat></trkpt>
  <trkpt lat="14.63332544" lon="101.21333870"><ele>211.020</ele><time>2025-01-14T03:35:43Z</time><speed>21.517</speed><sat>21</sat></trkpt>
  <trkpt lat="14.63338148" lon="101.21314460"><ele>209.568</ele><time>2025-01-14T03:35:44Z</time><speed>21.303</speed><sat>24</sat></trkpt>
  <trkpt lat="14.63343657" lon="101.21295170"><ele>208.186</ele><time>2025-01-14T03:35:45Z</time><speed>21.177</speed><sat>23</sat></trkpt>
  <trkpt lat="14.63349150" lon="101.21276571"><ele>207.265</ele><time>2025-01-14T03:35:46Z</time><speed>20.987</speed><sat>22</sat></trkpt>
  <trkpt lat="14.63354581" lon="101.21258220"><ele>206.199</ele><time>2025-01-14T03:35:47Z</time><speed>20.791</speed><sat>21</sat></trkpt>
  <trkpt lat="14.63359855" lon="101.21240061"><ele>205.261</ele><time>2025-01-14T03:35:48Z</time><speed>20.749</speed><sat>21</sat></trkpt>
  <trkpt lat="14.63365361" lon="101.21221936"><ele>204.238</ele><time>2025-01-14T03:35:49Z</time><speed>20.756</speed><sat>21</sat></trkpt>
  <trkpt lat="14.63370845" lon="101.21203660"><ele>203.672</ele><time>2025-01-14T03:35:50Z</time><speed>20.730</speed><sat>22</sat></trkpt>
  <trkpt lat="14.63376436" lon="101.21185170"><ele>202.896</ele><time>2025-01-14T03:35:51Z</time><speed>20.838</speed><sat>21</sat></trkpt>
  <trkpt lat="14.63382187" lon="101.21166563"><ele>202.163</ele><time>2025-01-14T03:35:52Z</time><speed>20.841</speed><sat>20</sat></trkpt>
  <trkpt lat="14.63387903" lon="101.21148143"><ele>202.030</ele><time>2025-01-14T03:35:53Z</time><speed>21.116</speed><sat>20</sat></trkpt>
  <trkpt lat="14.63393735" lon="101.21129346"><ele>202.072</ele><time>2025-01-14T03:35:54Z</time><speed>21.281</speed><sat>19</sat></trkpt>
  <trkpt lat="14.63399376" lon="101.21110321"><ele>201.735</ele><time>2025-01-14T03:35:55Z</time><speed>21.176</speed><sat>20</sat></trkpt>
  <trkpt lat="14.63404833" lon="101.21091575"><ele>201.573</ele><time>2025-01-14T03:35:56Z</time><speed>21.121</speed><sat>21</sat></trkpt>
  <trkpt lat="14.63410517" lon="101.21072449"><ele>201.262</ele><time>2025-01-14T03:35:57Z</time><speed>21.205</speed><sat>19</sat></trkpt>
  <trkpt lat="14.63416134" lon="101.21054014"><ele>201.700</ele><time>2025-01-14T03:35:58Z</time><speed>21.119</speed><sat>20</sat></trkpt>
  <trkpt lat="14.63421688" lon="101.21035714"><ele>201.596</ele><time>2025-01-14T03:35:59Z</time><speed>21.044</speed><sat>20</sat></trkpt>
  <trkpt lat="14.63427236" lon="101.21017222"><ele>201.219</ele><time>2025-01-14T03:36:00Z</time><speed>20.861</speed><sat>20</sat></trkpt>
  <trkpt lat="14.63432667" lon="101.20998752"><ele>200.827</ele><time>2025-01-14T03:36:01Z</time><speed>20.722</speed><sat>21</sat></trkpt>
  <trkpt lat="14.63437947" lon="101.20980409"><ele>200.400</ele><time>2025-01-14T03:36:02Z</time><speed>20.561</speed><sat>20</sat></trkpt>
  <trkpt lat="14.63443058" lon="101.20962212"><ele>199.848</ele><time>2025-01-14T03:36:03Z</time><speed>20.498</speed><sat>21</sat></trkpt>
  <trkpt lat="14.63448277" lon="101.20944080"><ele>199.247</ele><time>2025-01-14T03:36:04Z</time><speed>20.473</speed><sat>24</sat></trkpt>
  <trkpt lat="14.63453387" lon="101.20925484"><ele>198.806</ele><time>2025-01-14T03:36:05Z</time><speed>20.776</speed><sat>21</sat></trkpt>
  <trkpt lat="14.63458638" lon="101.20907180"><ele>197.906</ele><time>2025-01-14T03:36:06Z</time><speed>20.976</speed><sat>20</sat></trkpt>
  <trkpt lat="14.63463973" lon="101.20888723"><ele>197.089</ele><time>2025-01-14T03:36:07Z</time><speed>20.866</speed><sat>23</sat></trkpt>
  <trkpt lat="14.63469239" lon="101.20870355"><ele>196.419</ele><time>2025-01-14T03:36:08Z</time><speed>21.024</speed><sat>23</sat></trkpt>
  <trkpt lat="14.63474447" lon="101.20851926"><ele>196.393</ele><time>2025-01-14T03:36:09Z</time><speed>20.919</speed><sat>19</sat></trkpt>
  <trkpt lat="14.63479552" lon="101.20833488"><ele>196.377</ele><time>2025-01-14T03:36:10Z</time><speed>20.757</speed><sat>23</sat></trkpt>
  <trkpt lat="14.63484682" lon="101.20814834"><ele>195.960</ele><time>2025-01-14T03:36:11Z</time><speed>20.789</speed><sat>23</sat></trkpt>
  <trkpt lat="14.63489692" lon="101.20796727"><ele>195.278</ele><time>2025-01-14T03:36:12Z</time><speed>20.574</speed><sat>22</sat></trkpt>
  <trkpt lat="14.63494651" lon="101.20778803"><ele>194.658</ele><time>2025-01-14T03:36:13Z</time><speed>20.266</speed><sat>22</sat></trkpt>
  <trkpt lat="14.63499640" lon="101.20761337"><ele>194.285</ele><time>2025-01-14T03:36:14Z</time><speed>19.969</speed><sat>22</sat></trkpt>
  <trkpt lat="14.63504683" lon="101.20743899"><ele>194.150</ele><time>2025-01-14T03:36:15Z</time><speed>19.908</speed><sat>21</sat></trkpt>
  <trkpt lat="14.63509674" lon="101.20726514"><ele>193.634</ele><time>2025-01-14T03:36:16Z</time><speed>19.583</speed><sat>21</sat></trkpt>
  <trkpt lat="14.63514564" lon="101.20709343"><ele>193.382</ele><time>2025-01-14T03:36:17Z</time><speed>19.510</speed><sat>22</sat></trkpt>
  <trkpt lat="14.63519405" lon="101.20692425"><ele>192.672</ele><time>2025-01-14T03:36:18Z</time><speed>19.097</speed><sat>22</sat></trkpt>
  <trkpt lat="14.63524308" lon="101.20675811"><ele>192.579</ele><time>2025-01-14T03:36:19Z</time><speed>19.112</speed><sat>20</sat></trkpt>
  <trkpt lat="14.63529257" lon="101.20659076"><ele>192.071</ele><time>2025-01-14T03:36:20Z</time><speed>19.212</speed><sat>19</sat></trkpt>
  <trkpt lat="14.63534277" lon="101.20642247"><ele>191.436</ele><time>2025-01-14T03:36:21Z</time><speed>18.935</speed><sat>21</sat></trkpt>
  <trkpt lat="14.63539290" lon="101.20625397"><ele>191.136</ele><time>2025-01-14T03:36:22Z</time><speed>19.054</speed><sat>19</sat></trkpt>
  <trkpt lat="14.63544184" lon="101.20608409"><ele>191.641</ele><time>2025-01-14T03:36:23Z</time><speed>19.065</speed><sat>17</sat></trkpt>
  <trkpt lat="14.63548959" lon="101.20591437"><ele>191.493</ele><time>2025-01-14T03:36:24Z</time><speed>18.685</speed><sat>18</sat></trkpt>
  <trkpt lat="14.63553566" lon="101.20575006"><ele>191.281</ele><time>2025-01-14T03:36:25Z</time><speed>18.128</speed><sat>18</sat></trkpt>
  <trkpt lat="14.63557907" lon="101.20559039"><ele>191.236</ele><time>2025-01-14T03:36:26Z</time><speed>17.565</speed><sat>17</sat></trkpt>
  <trkpt lat="14.63562141" lon="101.20543382"><ele>191.588</ele><time>2025-01-14T03:36:27Z</time><speed>17.016</speed><sat>20</sat></trkpt>
  <trkpt lat="14.63566047" lon="101.20527508"><ele>191.499</ele><time>2025-01-14T03:36:28Z</time><speed>16.497</speed><sat>21</sat></trkpt>
  <trkpt lat="14.63569982" lon="101.20512395"><ele>191.668</ele><time>2025-01-14T03:36:29Z</time><speed>16.079</speed><sat>20</sat></trkpt>
  <trkpt lat="14.63573499" lon="101.20497881"><ele>191.514</ele><time>2025-01-14T03:36:30Z</time><speed>15.513</speed><sat>19</sat></trkpt>
  <trkpt lat="14.63576705" lon="101.20483810"><ele>191.509</ele><time>2025-01-14T03:36:31Z</time><speed>14.882</speed><sat>20</sat></trkpt>
  <trkpt lat="14.63579463" lon="101.20470714"><ele>191.337</ele><time>2025-01-14T03:36:32Z</time><speed>13.931</speed><sat>21</sat></trkpt>
  <trkpt lat="14.63582155" lon="101.20458182"><ele>191.979</ele><time>2025-01-14T03:36:33Z</time><speed>12.760</speed><sat>22</sat></trkpt>
  <trkpt lat="14.63584421" lon="101.20447105"><ele>192.116</ele><time>2025-01-14T03:36:34Z</time><speed>11.477</speed><sat>24</sat></trkpt>
  <trkpt lat="14.63586387" lon="101.20436599"><ele>192.652</ele><time>2025-01-14T03:36:35Z</time><speed>10.438</speed><sat>23</sat></trkpt>
  <trkpt lat="14.63588037" lon="101.20427757"><ele>192.841</ele><time>2025-01-14T03:36:36Z</time><speed>9.069</speed><sat>22</sat></trkpt>
  <trkpt lat="14.63590077" lon="101.20414923"><ele>193.933</ele><time>2025-01-14T03:36:38Z</time><speed>6.001</speed><sat>21</sat></trkpt>
  <trkpt lat="14.63590556" lon="101.20411077"><ele>194.556</ele><time>2025-01-14T03:36:39Z</time><speed>4.344</speed><sat>23</sat></trkpt>
  <trkpt lat="14.63590928" lon="101.20408311"><ele>194.395</ele><time>2025-01-14T03:36:40Z</time><speed>3.084</speed><sat>23</sat></trkpt>
  <trkpt lat="14.63591334" lon="101.20406961"><ele>194.401</ele><time>2025-01-14T03:36:41Z</time><speed>1.838</speed><sat>22</sat></trkpt>
  <trkpt lat="14.63591593" lon="101.20406246"><ele>194.622</ele><time>2025-01-14T03:36:42Z</time><speed>0.603</speed><sat>21</sat></trkpt>
  <trkpt lat="14.63591537" lon="101.20405954"><ele>196.031</ele><time>2025-01-14T03:36:43Z</time><speed>0.187</speed><sat>21</sat></trkpt>
  <trkpt lat="14.63591314" lon="101.20406041"><ele>196.815</ele><time>2025-01-14T03:36:44Z</time><speed>0.191</speed><sat>19</sat></trkpt>
  <trkpt lat="14.63591087" lon="101.20405900"><ele>197.655</ele><time>2025-01-14T03:36:45Z</time><speed>0.194</speed><sat>20</sat></trkpt>
  <trkpt lat="14.63590593" lon="101.20405991"><ele>198.223</ele><time>2025-01-14T03:36:46Z</time><speed>0.204</speed><sat>21</sat></trkpt>
  <trkpt lat="14.63590023" lon="101.20405995"><ele>198.724</ele><time>2025-01-14T03:36:47Z</time><speed>0.180</speed><sat>22</sat></trkpt>
  <trkpt lat="14.63589745" lon="101.20406016"><ele>199.092</ele><time>2025-01-14T03:36:48Z</time><speed>0.151</speed><sat>20</sat></trkpt>
  <trkpt lat="14.63589614" lon="101.20406137"><ele>199.350</ele><time>2025-01-14T03:36:49Z</time><speed>0.125</speed><sat>22</sat></trkpt>
  <trkpt lat="14.63589819" lon="101.20406067"><ele>199.599</ele><time>2025-01-14T03:36:50Z</time><speed>0.001</speed><sat>19</sat></trkpt>
  <trkpt lat="14.63589813" lon="101.20406194"><ele>199.746</ele><time>2025-01-14T03:36:51Z</time><speed>0.013</speed><sat>20</sat></trkpt>
  <trkpt lat="14.63589980" lon="101.20406285"><ele>199.749</ele><time>2025-01-14T03:36:52Z</time><speed>0.034</speed><sat>20</sat></trkpt>
  <trkpt lat="14.63590171" lon="101.20406458"><ele>199.697</ele><time>2025-01-14T03:36:53Z</time><speed>0.048</speed><sat>21</sat></trkpt>
  <trkpt lat="14.63590476" lon="101.20406573"><ele>199.414</ele><time>2025-01-14T03:36:54Z</time><speed>0.059</speed><sat>20</sat></trkpt>
  <trkpt lat="14.63590939" lon="101.20406520"><ele>199.154</ele><time>2025-01-14T03:36:55Z</time><speed>0.048</speed><sat>21</sat></trkpt>
  <trkpt lat="14.63591449" lon="101.20406075"><ele>198.858</ele><time>2025-01-14T03:36:56Z</time><speed>0.098</speed><sat>20</sat></trkpt>
  <trkpt lat="14.63591436" lon="101.20406208"><ele>199.024</ele><time>2025-01-14T03:36:57Z</time><speed>0.001</speed><sat>19</sat></trkpt>
  <trkpt lat="14.63591412" lon="101.20406204"><ele>198.888</ele><time>2025-01-14T03:36:58Z</time><speed>0.001</speed><sat>18</sat></trkpt>
  <trkpt lat="14.63591765" lon="101.20405824"><ele>198.652</ele><time>2025-01-14T03:36:59Z</time><speed>0.004</speed><sat>20</sat></trkpt>
  <trkpt lat="14.63592216" lon="101.20405474"><ele>198.396</ele><time>2025-01-14T03:37:00Z</time><speed>0.006</speed><sat>20</sat></trkpt>
  <trkpt lat="14.63592468" lon="101.20405222"><ele>198.605</ele><time>2025-01-14T03:37:01Z</time><speed>0.009</speed><sat>22</sat></trkpt>
  <trkpt lat="14.63592567" lon="101.20405351"><ele>198.207</ele><time>2025-01-14T03:37:02Z</time><speed>0.014</speed><sat>21</sat></trkpt>
  <trkpt lat="14.63592443" lon="101.20405664"><ele>198.344</ele><time>2025-01-14T03:37:03Z</time><speed>0.010</speed><sat>21</sat></trkpt>
  <trkpt lat="14.63592082" lon="101.20406032"><ele>198.397</ele><time>2025-01-14T03:37:04Z</time><speed>0.007</speed><sat>20</sat></trkpt>
  <trkpt lat="14.63591906" lon="101.20406169"><ele>197.732</ele><time>2025-01-14T03:37:05Z</time><speed>0.011</speed><sat>19</sat></trkpt>
  <trkpt lat="14.63591640" lon="101.20406581"><ele>196.946</ele><time>2025-01-14T03:37:06Z</time><speed>0.048</speed><sat>19</sat></trkpt>
  <trkpt lat="14.63591350" lon="101.20406721"><ele>196.413</ele><time>2025-01-14T03:37:07Z</time><speed>0.070</speed><sat>20</sat></trkpt>
  <trkpt lat="14.63591306" lon="101.20406876"><ele>196.409</ele><time>2025-01-14T03:37:08Z</time><speed>0.668</speed><sat>19</sat></trkpt>
  <trkpt lat="14.63591316" lon="101.20406282"><ele>196.366</ele><time>2025-01-14T03:37:09Z</time><speed>1.311</speed><sat>19</sat></trkpt>
  <trkpt lat="14.63591433" lon="101.20404817"><ele>196.734</ele><time>2025-01-14T03:37:10Z</time><speed>1.472</speed><sat>19</sat></trkpt>
  <trkpt lat="14.63591609" lon="101.20403246"><ele>196.499</ele><time>2025-01-14T03:37:11Z</time><speed>2.083</speed><sat>19</sat></trkpt>
  <trkpt lat="14.63592175" lon="101.20400939"><ele>196.172</ele><time>2025-01-14T03:37:12Z</time><speed>2.269</speed><sat>20</sat></trkpt>
  <trkpt lat="14.63593041" lon="101.20398319"><ele>196.311</ele><time>2025-01-14T03:37:13Z</time><speed>2.561</speed><sat>20</sat></trkpt>
  <trkpt lat="14.63593731" lon="101.20395489"><ele>196.475</ele><time>2025-01-14T03:37:14Z</time><speed>2.994</speed><sat>22</sat></trkpt>
  <trkpt lat="14.63594479" lon="101.20392563"><ele>196.589</ele><time>2025-01-14T03:37:15Z</time><speed>3.170</speed><sat>21</sat></trkpt>
  <trkpt lat="14.63595381" lon="101.20389358"><ele>196.489</ele><time>2025-01-14T03:37:16Z</time><speed>3.741</speed><sat>22</sat></trkpt>
  <trkpt lat="14.63596195" lon="101.20385780"><ele>196.400</ele><time>2025-01-14T03:37:17Z</time><speed>4.378</speed><sat>21</sat></trkpt>
  <trkpt lat="14.63597118" lon="101.20381316"><ele>196.088</ele><time>2025-01-14T03:37:18Z</time><speed>5.284</speed><sat>22</sat></trkpt>
  <trkpt lat="14.63598103" lon="101.20377043"><ele>195.931</ele><time>2025-01-14T03:37:19Z</time><speed>4.629</speed><sat>22</sat></trkpt>
  <trkpt lat="14.63599127" lon="101.20372517"><ele>195.857</ele><time>2025-01-14T03:37:20Z</time><speed>4.521</speed><sat>23</sat></trkpt>
  <trkpt lat="14.63600127" lon="101.20368054"><ele>196.034</ele><time>2025-01-14T03:37:21Z</time><speed>4.365</speed><sat>20</sat></trkpt>
  <trkpt lat="14.63600951" lon="101.20364215"><ele>195.794</ele><time>2025-01-14T03:37:22Z</time><speed>4.452</speed><sat>22</sat></trkpt>
  <trkpt lat="14.63601583" lon="101.20359991"><ele>196.361</ele><time>2025-01-14T03:37:23Z</time><speed>5.132</speed><sat>20</sat></trkpt>
  <trkpt lat="14.63602348" lon="101.20354862"><ele>196.823</ele><time>2025-01-14T03:37:24Z</time><speed>6.048</speed><sat>22</sat></trkpt>
  <trkpt lat="14.63603188" lon="101.20348919"><ele>197.526</ele><time>2025-01-14T03:37:25Z</time><speed>6.747</speed><sat>24</sat></trkpt>
  <trkpt lat="14.63603959" lon="101.20342280"><ele>197.413</ele><time>2025-01-14T03:37:26Z</time><speed>7.644</speed><sat>23</sat></trkpt>
  <trkpt lat="14.63604796" lon="101.20334635"><ele>197.410</ele><time>2025-01-14T03:37:27Z</time><speed>8.404</speed><sat>22</sat></trkpt>
  <trkpt lat="14.63605532" lon="101.20326267"><ele>198.332</ele><time>2025-01-14T03:37:28Z</time><speed>8.445</speed><sat>21</sat></trkpt>
  <trkpt lat="14.63606310" lon="101.20318331"><ele>198.871</ele><time>2025-01-14T03:37:29Z</time><speed>8.525</speed><sat>19</sat></trkpt>
  <trkpt lat="14.63606994" lon="101.20310026"><ele>199.244</ele><time>2025-01-14T03:37:30Z</time><speed>9.063</speed><sat>19</sat></trkpt>
  <trkpt lat="14.63607570" lon="101.20301242"><ele>199.491</ele><time>2025-01-14T03:37:31Z</time><speed>9.720</speed><sat>23</sat></trkpt>
  <trkpt lat="14.63608357" lon="101.20292495"><ele>199.358</ele><time>2025-01-14T03:37:32Z</time><speed>10.012</speed><sat>26</sat></trkpt>
  <trkpt lat="14.63608715" lon="101.20282807"><ele>199.724</ele><time>2025-01-14T03:37:33Z</time><speed>10.500</speed><sat>25</sat></trkpt>
  <trkpt lat="14.63608911" lon="101.20272826"><ele>200.088</ele><time>2025-01-14T03:37:34Z</time><speed>10.660</speed><sat>22</sat></trkpt>
  <trkpt lat="14.63609409" lon="101.20262991"><ele>199.893</ele><time>2025-01-14T03:37:35Z</time><speed>11.142</speed><sat>23</sat></trkpt>
  <trkpt lat="14.63609871" lon="101.20252429"><ele>199.591</ele><time>2025-01-14T03:37:36Z</time><speed>11.587</speed><sat>23</sat></trkpt>
  <trkpt lat="14.63610569" lon="101.20241283"><ele>199.417</ele><time>2025-01-14T03:37:37Z</time><speed>12.274</speed><sat>22</sat></trkpt>
  <trkpt lat="14.63611388" lon="101.20229641"><ele>199.563</ele><time>2025-01-14T03:37:38Z</time><speed>12.745</speed><sat>23</sat></trkpt>
  <trkpt lat="14.63611997" lon="101.20217616"><ele>199.796</ele><time>2025-01-14T03:37:39Z</time><speed>12.932</speed><sat>21</sat></trkpt>
  <trkpt lat="14.63612409" lon="101.20205227"><ele>199.805</ele><time>2025-01-14T03:37:40Z</time><speed>13.431</speed><sat>22</sat></trkpt>
  <trkpt lat="14.63612802" lon="101.20192752"><ele>199.881</ele><time>2025-01-14T03:37:41Z</time><speed>13.913</speed><sat>23</sat></trkpt>
  <trkpt lat="14.63613081" lon="101.20179668"><ele>200.151</ele><time>2025-01-14T03:37:42Z</time><speed>14.011</speed><sat>21</sat></trkpt>
  <trkpt lat="14.63613300" lon="101.20166718"><ele>199.777</ele><time>2025-01-14T03:37:43Z</time><speed>14.141</speed><sat>25</sat></trkpt>
  <trkpt lat="14.63613099" lon="101.20153313"><ele>199.662</ele><time>2025-01-14T03:37:44Z</time><speed>14.664</speed><sat>25</sat></trkpt>
  <trkpt lat="14.63612765" lon="101.20139633"><ele>199.381</ele><time>2025-01-14T03:37:45Z</time><speed>15.076</speed><sat>25</sat></trkpt>
  <trkpt lat="14.63612655" lon="101.20125690"><ele>198.727</ele><time>2025-01-14T03:37:46Z</time><speed>15.316</speed><sat>22</sat></trkpt>
  <trkpt lat="14.63612295" lon="101.20111181"><ele>198.214</ele><time>2025-01-14T03:37:47Z</time><speed>15.321</speed><sat>23</sat></trkpt>
  <trkpt lat="14.63611717" lon="101.20096939"><ele>197.601</ele><time>2025-01-14T03:37:48Z</time><speed>15.462</speed><sat>24</sat></trkpt>
  <trkpt lat="14.63610954" lon="101.20082524"><ele>197.211</ele><time>2025-01-14T03:37:49Z</time><speed>15.655</speed><sat>25</sat></trkpt>
  <trkpt lat="14.63610360" lon="101.20067766"><ele>196.862</ele><time>2025-01-14T03:37:50Z</time><speed>15.505</speed><sat>25</sat></trkpt>
  <trkpt lat="14.63609943" lon="101.20053261"><ele>196.862</ele><time>2025-01-14T03:37:51Z</time><speed>15.315</speed><sat>24</sat></trkpt>
  <trkpt lat="14.63609367" lon="101.20039289"><ele>196.808</ele><time>2025-01-14T03:37:52Z</time><speed>15.070</speed><sat>22</sat></trkpt>
  <trkpt lat="14.63608545" lon="101.20025548"><ele>196.453</ele><time>2025-01-14T03:37:53Z</time><speed>14.864</speed><sat>25</sat></trkpt>
  <trkpt lat="14.63607840" lon="101.20012114"><ele>196.275</ele><time>2025-01-14T03:37:54Z</time><speed>14.597</speed><sat>26</sat></trkpt>
  <trkpt lat="14.63607370" lon="101.19998891"><ele>196.424</ele><time>2025-01-14T03:37:55Z</time><speed>14.393</speed><sat>24</sat></trkpt>
  <trkpt lat="14.63606728" lon="101.19985410"><ele>197.021</ele><time>2025-01-14T03:37:56Z</time><speed>14.384</speed><sat>24</sat></trkpt>
  <trkpt lat="14.63606101" lon="101.19971760"><ele>197.425</ele><time>2025-01-14T03:37:57Z</time><speed>14.528</speed><sat>24</sat></trkpt>
  <trkpt lat="14.63605218" lon="101.19957965"><ele>197.606</ele><time>2025-01-14T03:37:58Z</time><speed>14.696</speed><sat>21</sat></trkpt>
  <trkpt lat="14.63604417" lon="101.19944676"><ele>197.809</ele><time>2025-01-14T03:37:59Z</time><speed>14.355</speed><sat>19</sat></trkpt>
  <trkpt lat="14.63603625" lon="101.19931616"><ele>198.125</ele><time>2025-01-14T03:38:00Z</time><speed>14.295</speed><sat>25</sat></trkpt>
  <trkpt lat="14.63602888" lon="101.19918561"><ele>198.119</ele><time>2025-01-14T03:38:01Z</time><speed>14.318</speed><sat>23</sat></trkpt>
  <trkpt lat="14.63602277" lon="101.19905429"><ele>198.257</ele><time>2025-01-14T03:38:02Z</time><speed>14.042</speed><sat>23</sat></trkpt>
  <trkpt lat="14.63601544" lon="101.19892347"><ele>198.429</ele><time>2025-01-14T03:38:03Z</time><speed>14.128</speed><sat>23</sat></trkpt>
  <trkpt lat="14.63600898" lon="101.19879124"><ele>198.567</ele><time>2025-01-14T03:38:04Z</time><speed>14.236</speed><sat>22</sat></trkpt>
  <trkpt lat="14.63600056" lon="101.19866041"><ele>198.416</ele><time>2025-01-14T03:38:05Z</time><speed>14.400</speed><sat>22</sat></trkpt>
  <trkpt lat="14.63599260" lon="101.19852751"><ele>198.111</ele><time>2025-01-14T03:38:06Z</time><speed>14.588</speed><sat>21</sat></trkpt>
  <trkpt lat="14.63598441" lon="101.19838896"><ele>197.688</ele><time>2025-01-14T03:38:07Z</time><speed>14.732</speed><sat>21</sat></trkpt>
  <trkpt lat="14.63597399" lon="101.19825087"><ele>197.448</ele><time>2025-01-14T03:38:08Z</time><speed>14.483</speed><sat>21</sat></trkpt>
  <trkpt lat="14.63596400" lon="101.19812228"><ele>198.020</ele><time>2025-01-14T03:38:09Z</time><speed>14.067</speed><sat>24</sat></trkpt>
  <trkpt lat="14.63595524" lon="101.19799532"><ele>198.823</ele><time>2025-01-14T03:38:10Z</time><speed>13.779</speed><sat>21</sat></trkpt>
  <trkpt lat="14.63594872" lon="101.19787038"><ele>199.271</ele><time>2025-01-14T03:38:11Z</time><speed>13.599</speed><sat>23</sat></trkpt>
  <trkpt lat="14.63594269" lon="101.19774365"><ele>199.614</ele><time>2025-01-14T03:38:12Z</time><speed>13.321</speed><sat>24</sat></trkpt>
  <trkpt lat="14.63593707" lon="101.19761801"><ele>200.223</ele><time>2025-01-14T03:38:13Z</time><speed>12.883</speed><sat>24</sat></trkpt>
  <trkpt lat="14.63593224" lon="101.19750054"><ele>200.994</ele><time>2025-01-14T03:38:14Z</time><speed>11.988</speed><sat>25</sat></trkpt>
  <trkpt lat="14.63592760" lon="101.19739300"><ele>201.204</ele><time>2025-01-14T03:38:15Z</time><speed>11.138</speed><sat>24</sat></trkpt>
  <trkpt lat="14.63592115" lon="101.19729255"><ele>201.639</ele><time>2025-01-14T03:38:16Z</time><speed>10.685</speed><sat>25</sat></trkpt>
  <trkpt lat="14.63591242" lon="101.19719830"><ele>202.174</ele><time>2025-01-14T03:38:17Z</time><speed>9.635</speed><sat>25</sat></trkpt>
  <trkpt lat="14.63590124" lon="101.19711377"><ele>202.548</ele><time>2025-01-14T03:38:18Z</time><speed>8.498</speed><sat>22</sat></trkpt>
  <trkpt lat="14.63588702" lon="101.19704256"><ele>202.670</ele><time>2025-01-14T03:38:19Z</time><speed>7.474</speed><sat>22</sat></trkpt>
  <trkpt lat="14.63587231" lon="101.19697941"><ele>202.836</ele><time>2025-01-14T03:38:20Z</time><speed>6.301</speed><sat>20</sat></trkpt>
  <trkpt lat="14.63585766" lon="101.19692647"><ele>202.957</ele><time>2025-01-14T03:38:21Z</time><speed>5.106</speed><sat>23</sat></trkpt>
  <trkpt lat="14.63584792" lon="101.19688377"><ele>202.961</ele><time>2025-01-14T03:38:22Z</time><speed>3.765</speed><sat>26</sat></trkpt>
  <trkpt lat="14.63584460" lon="101.19685408"><ele>203.143</ele><time>2025-01-14T03:38:23Z</time><speed>2.774</speed><sat>27</sat></trkpt>
  <trkpt lat="14.63584442" lon="101.19683129"><ele>203.783</ele><time>2025-01-14T03:38:24Z</time><speed>2.007</speed><sat>22</sat></trkpt>
  <trkpt lat="14.63584355" lon="101.19681890"><ele>204.331</ele><time>2025-01-14T03:38:25Z</time><speed>0.829</speed><sat>26</sat></trkpt>
  <trkpt lat="14.63584247" lon="101.19681782"><ele>204.635</ele><time>2025-01-14T03:38:26Z</time><speed>0.283</speed><sat>23</sat></trkpt>
  <trkpt lat="14.63584209" lon="101.19681908"><ele>204.236</ele><time>2025-01-14T03:38:27Z</time><speed>0.298</speed><sat>23</sat></trkpt>
  <trkpt lat="14.63584263" lon="101.19682197"><ele>203.814</ele><time>2025-01-14T03:38:28Z</time><speed>0.160</speed><sat>22</sat></trkpt>
  <trkpt lat="14.63584177" lon="101.19682483"><ele>204.080</ele><time>2025-01-14T03:38:29Z</time><speed>0.051</speed><sat>23</sat></trkpt>
  <trkpt lat="14.63584150" lon="101.19682709"><ele>203.862</ele><time>2025-01-14T03:38:30Z</time><speed>0.070</speed><sat>22</sat></trkpt>
  <trkpt lat="14.63584125" lon="101.19683010"><ele>202.951</ele><time>2025-01-14T03:38:31Z</time><speed>0.102</speed><sat>20</sat></trkpt>
  <trkpt lat="14.63584004" lon="101.19683065"><ele>202.662</ele><time>2025-01-14T03:38:32Z</time><speed>0.152</speed><sat>22</sat></trkpt>
  <trkpt lat="14.63584098" lon="101.19683217"><ele>202.108</ele><time>2025-01-14T03:38:33Z</time><speed>0.002</speed><sat>23</sat></trkpt>
  <trkpt lat="14.63584196" lon="101.19683454"><ele>202.254</ele><time>2025-01-14T03:38:34Z</time><speed>0.032</speed><sat>21</sat></trkpt>
  <trkpt lat="14.63584271" lon="101.19683435"><ele>202.140</ele><time>2025-01-14T03:38:35Z</time><speed>0.147</speed><sat>22</sat></trkpt>
  <trkpt lat="14.63584267" lon="101.19683293"><ele>201.711</ele><time>2025-01-14T03:38:36Z</time><speed>0.417</speed><sat>22</sat></trkpt>
  <trkpt lat="14.63584314" lon="101.19683138"><ele>201.265</ele><time>2025-01-14T03:38:37Z</time><speed>0.773</speed><sat>22</sat></trkpt>
  <trkpt lat="14.63584359" lon="101.19682658"><ele>201.246</ele><time>2025-01-14T03:38:38Z</time><speed>0.665</speed><sat>25</sat></trkpt>
  <trkpt lat="14.63584739" lon="101.19682353"><ele>201.424</ele><time>2025-01-14T03:38:39Z</time><speed>0.101</speed><sat>23</sat></trkpt>
  <trkpt lat="14.63585012" lon="101.19682529"><ele>201.389</ele><time>2025-01-14T03:38:40Z</time><speed>0.093</speed><sat>22</sat></trkpt>
  <trkpt lat="14.63585337" lon="101.19682741"><ele>201.220</ele><time>2025-01-14T03:38:41Z</time><speed>0.092</speed><sat>24</sat></trkpt>
  <trkpt lat="14.63585534" lon="101.19683095"><ele>200.283</ele><time>2025-01-14T03:38:42Z</time><speed>0.078</speed><sat>23</sat></trkpt>
  <trkpt lat="14.63585521" lon="101.19682897"><ele>199.485</ele><time>2025-01-14T03:38:43Z</time><speed>0.260</speed><sat>25</sat></trkpt>
  <trkpt lat="14.63585551" lon="101.19682561"><ele>198.770</ele><time>2025-01-14T03:38:44Z</time><speed>0.620</speed><sat>23</sat></trkpt>
  <trkpt lat="14.63585562" lon="101.19681816"><ele>198.104</ele><time>2025-01-14T03:38:45Z</time><speed>0.956</speed><sat>24</sat></trkpt>
  <trkpt lat="14.63585517" lon="101.19680808"><ele>197.972</ele><time>2025-01-14T03:38:46Z</time><speed>1.500</speed><sat>24</sat></trkpt>
  <trkpt lat="14.63585349" lon="101.19679021"><ele>197.709</ele><time>2025-01-14T03:38:47Z</time><speed>2.213</speed><sat>25</sat></trkpt>
  <trkpt lat="14.63585240" lon="101.19676750"><ele>197.807</ele><time>2025-01-14T03:38:48Z</time><speed>2.675</speed><sat>26</sat></trkpt>
  <trkpt lat="14.63585182" lon="101.19673550"><ele>197.802</ele><time>2025-01-14T03:38:49Z</time><speed>2.844</speed><sat>27</sat></trkpt>
  <trkpt lat="14.63585075" lon="101.19670597"><ele>197.766</ele><time>2025-01-14T03:38:50Z</time><speed>3.245</speed><sat>28</sat></trkpt>
  <trkpt lat="14.63585135" lon="101.19667313"><ele>198.136</ele><time>2025-01-14T03:38:51Z</time><speed>4.090</speed><sat>27</sat></trkpt>
  <trkpt lat="14.63585186" lon="101.19662938"><ele>198.739</ele><time>2025-01-14T03:38:52Z</time><speed>5.180</speed><sat>25</sat></trkpt>
  <trkpt lat="14.63585160" lon="101.19657318"><ele>199.910</ele><time>2025-01-14T03:38:53Z</time><speed>5.808</speed><sat>28</sat></trkpt>
  <trkpt lat="14.63585020" lon="101.19651515"><ele>200.805</ele><time>2025-01-14T03:38:54Z</time><speed>5.941</speed><sat>25</sat></trkpt>
  <trkpt lat="14.63585072" lon="101.19645180"><ele>201.049</ele><time>2025-01-14T03:38:55Z</time><speed>6.945</speed><sat>26</sat></trkpt>
  <trkpt lat="14.63585176" lon="101.19637708"><ele>201.325</ele><time>2025-01-14T03:38:56Z</time><speed>8.124</speed><sat>24</sat></trkpt>
  <trkpt lat="14.63585200" lon="101.19629326"><ele>201.472</ele><time>2025-01-14T03:38:57Z</time><speed>9.240</speed><sat>25</sat></trkpt>
  <trkpt lat="14.63585144" lon="101.19619728"><ele>201.399</ele><time>2025-01-14T03:38:58Z</time><speed>10.176</speed><sat>26</sat></trkpt>
  <trkpt lat="14.63585017" lon="101.19609713"><ele>201.293</ele><time>2025-01-14T03:38:59Z</time><speed>10.229</speed><sat>23</sat></trkpt>
  <trkpt lat="14.63584638" lon="101.19599883"><ele>201.413</ele><time>2025-01-14T03:39:00Z</time><speed>10.514</speed><sat>24</sat></trkpt>
  <trkpt lat="14.63584101" lon="101.19590078"><ele>201.578</ele><time>2025-01-14T03:39:01Z</time><speed>11.019</speed><sat>22</sat></trkpt>
  <trkpt lat="14.63583554" lon="101.19579935"><ele>201.572</ele><time>2025-01-14T03:39:02Z</time><speed>11.467</speed><sat>21</sat></trkpt>
  <trkpt lat="14.63582968" lon="101.19568739"><ele>201.464</ele><time>2025-01-14T03:39:03Z</time><speed>11.982</speed><sat>23</sat></trkpt>
  <trkpt lat="14.63581888" lon="101.19557521"><ele>201.856</ele><time>2025-01-14T03:39:04Z</time><speed>12.374</speed><sat>24</sat></trkpt>
  <trkpt lat="14.63580296" lon="101.19545607"><ele>202.310</ele><time>2025-01-14T03:39:05Z</time><speed>13.033</speed><sat>23</sat></trkpt>
  <trkpt lat="14.63578149" lon="101.19532923"><ele>202.449</ele><time>2025-01-14T03:39:06Z</time><speed>13.405</speed><sat>23</sat></trkpt>
  <trkpt lat="14.63575777" lon="101.19520076"><ele>202.348</ele><time>2025-01-14T03:39:07Z</time><speed>13.888</speed><sat>25</sat></trkpt>
  <trkpt lat="14.63573128" lon="101.19506845"><ele>202.284</ele><time>2025-01-14T03:39:08Z</time><speed>14.045</speed><sat>23</sat></trkpt>
  <trkpt lat="14.63570561" lon="101.19493771"><ele>202.455</ele><time>2025-01-14T03:39:09Z</time><speed>14.022</speed><sat>24</sat></trkpt>
  <trkpt lat="14.63568116" lon="101.19480842"><ele>203.136</ele><time>2025-01-14T03:39:10Z</time><speed>14.328</speed><sat>26</sat></trkpt>
  <trkpt lat="14.63565599" lon="101.19467742"><ele>203.340</ele><time>2025-01-14T03:39:11Z</time><speed>14.290</speed><sat>27</sat></trkpt>
  <trkpt lat="14.63562977" lon="101.19454778"><ele>203.257</ele><time>2025-01-14T03:39:12Z</time><speed>14.439</speed><sat>25</sat></trkpt>
  <trkpt lat="14.63560297" lon="101.19441765"><ele>203.099</ele><time>2025-01-14T03:39:13Z</time><speed>14.490</speed><sat>26</sat></trkpt>
  <trkpt lat="14.63557337" lon="101.19428693"><ele>202.960</ele><time>2025-01-14T03:39:14Z</time><speed>14.378</speed><sat>27</sat></trkpt>
  <trkpt lat="14.63554426" lon="101.19415600"><ele>202.887</ele><time>2025-01-14T03:39:15Z</time><speed>14.442</speed><sat>27</sat></trkpt>
  <trkpt lat="14.63551403" lon="101.19402337"><ele>202.821</ele><time>2025-01-14T03:39:16Z</time><speed>14.656</speed><sat>27</sat></trkpt>
  <trkpt lat="14.63548245" lon="101.19388945"><ele>202.805</ele><time>2025-01-14T03:39:17Z</time><speed>14.917</speed><sat>26</sat></trkpt>
  <trkpt lat="14.63545435" lon="101.19375418"><ele>202.825</ele><time>2025-01-14T03:39:18Z</time><speed>15.168</speed><sat>25</sat></trkpt>
  <trkpt lat="14.63542176" lon="101.19361604"><ele>202.472</ele><time>2025-01-14T03:39:19Z</time><speed>15.513</speed><sat>26</sat></trkpt>
  <trkpt lat="14.63538596" lon="101.19347398"><ele>202.706</ele><time>2025-01-14T03:39:20Z</time><speed>15.982</speed><sat>26</sat></trkpt>
  <trkpt lat="14.63534029" lon="101.19332698"><ele>202.521</ele><time>2025-01-14T03:39:21Z</time><speed>16.468</speed><sat>26</sat></trkpt>
  <trkpt lat="14.63528648" lon="101.19317935"><ele>202.456</ele><time>2025-01-14T03:39:22Z</time><speed>16.551</speed><sat>27</sat></trkpt>
  <trkpt lat="14.63522525" lon="101.19303010"><ele>203.221</ele><time>2025-01-14T03:39:23Z</time><speed>16.433</speed><sat>28</sat></trkpt>
  <trkpt lat="14.63516258" lon="101.19288602"><ele>203.973</ele><time>2025-01-14T03:39:24Z</time><speed>16.248</speed><sat>28</sat></trkpt>
  <trkpt lat="14.63509863" lon="101.19274077"><ele>204.709</ele><time>2025-01-14T03:39:25Z</time><speed>16.441</speed><sat>26</sat></trkpt>
  <trkpt lat="14.63503499" lon="101.19259701"><ele>205.261</ele><time>2025-01-14T03:39:26Z</time><speed>16.749</speed><sat>25</sat></trkpt>
  <trkpt lat="14.63497329" lon="101.19245021"><ele>206.150</ele><time>2025-01-14T03:39:27Z</time><speed>17.073</speed><sat>25</sat></trkpt>
  <trkpt lat="14.63490971" lon="101.19230422"><ele>206.744</ele><time>2025-01-14T03:39:28Z</time><speed>17.366</speed><sat>25</sat></trkpt>
  <trkpt lat="14.63484343" lon="101.19215756"><ele>207.229</ele><time>2025-01-14T03:39:29Z</time><speed>17.613</speed><sat>26</sat></trkpt>
  <trkpt lat="14.63477485" lon="101.19201069"><ele>207.713</ele><time>2025-01-14T03:39:30Z</time><speed>17.766</speed><sat>24</sat></trkpt>
  <trkpt lat="14.63470347" lon="101.19186280"><ele>208.250</ele><time>2025-01-14T03:39:31Z</time><speed>17.431</speed><sat>24</sat></trkpt>
  <trkpt lat="14.63463206" lon="101.19171918"><ele>208.565</ele><time>2025-01-14T03:39:32Z</time><speed>17.516</speed><sat>24</sat></trkpt>
  <trkpt lat="14.63455927" lon="101.19157785"><ele>209.248</ele><time>2025-01-14T03:39:33Z</time><speed>17.506</speed><sat>24</sat></trkpt>
  <trkpt lat="14.63448145" lon="101.19143354"><ele>209.923</ele><time>2025-01-14T03:39:34Z</time><speed>17.589</speed><sat>24</sat></trkpt>
  <trkpt lat="14.63440458" lon="101.19128617"><ele>210.329</ele><time>2025-01-14T03:39:35Z</time><speed>17.663</speed><sat>23</sat></trkpt>
  <trkpt lat="14.63432873" lon="101.19113863"><ele>210.792</ele><time>2025-01-14T03:39:36Z</time><speed>17.841</speed><sat>23</sat></trkpt>
  <trkpt lat="14.63425269" lon="101.19099104"><ele>210.863</ele><time>2025-01-14T03:39:37Z</time><speed>18.018</speed><sat>23</sat></trkpt>
  <trkpt lat="14.63417578" lon="101.19084337"><ele>210.775</ele><time>2025-01-14T03:39:38Z</time><speed>17.997</speed><sat>22</sat></trkpt>
  <trkpt lat="14.63409826" lon="101.19069409"><ele>211.026</ele><time>2025-01-14T03:39:39Z</time><speed>18.172</speed><sat>21</sat></trkpt>
  <trkpt lat="14.63401995" lon="101.19054352"><ele>211.395</ele><time>2025-01-14T03:39:40Z</time><speed>18.066</speed><sat>22</sat></trkpt>
  <trkpt lat="14.63394392" lon="101.19039406"><ele>211.870</ele><time>2025-01-14T03:39:41Z</time><speed>18.088</speed><sat>21</sat></trkpt>
  <trkpt lat="14.63386617" lon="101.19024350"><ele>212.101</ele><time>2025-01-14T03:39:42Z</time><speed>17.937</speed><sat>21</sat></trkpt>
  <trkpt lat="14.63379097" lon="101.19009685"><ele>212.072</ele><time>2025-01-14T03:39:43Z</time><speed>17.766</speed><sat>22</sat></trkpt>
  <trkpt lat="14.63371146" lon="101.18994910"><ele>212.062</ele><time>2025-01-14T03:39:44Z</time><speed>17.954</speed><sat>22</sat></trkpt>
  <trkpt lat="14.63363287" lon="101.18980092"><ele>212.276</ele><time>2025-01-14T03:39:45Z</time><speed>18.111</speed><sat>22</sat></trkpt>
  <trkpt lat="14.63355412" lon="101.18965100"><ele>212.266</ele><time>2025-01-14T03:39:46Z</time><speed>18.324</speed><sat>22</sat></trkpt>
  <trkpt lat="14.63347620" lon="101.18950036"><ele>212.388</ele><time>2025-01-14T03:39:47Z</time><speed>18.420</speed><sat>22</sat></trkpt>
  <trkpt lat="14.63339818" lon="101.18934871"><ele>212.804</ele><time>2025-01-14T03:39:48Z</time><speed>18.489</speed><sat>22</sat></trkpt>
  <trkpt lat="14.63331901" lon="101.18919735"><ele>213.082</ele><time>2025-01-14T03:39:49Z</time><speed>18.654</speed><sat>21</sat></trkpt>
  <trkpt lat="14.63324003" lon="101.18904539"><ele>213.407</ele><time>2025-01-14T03:39:50Z</time><speed>18.470</speed><sat>22</sat></trkpt>
  <trkpt lat="14.63316215" lon="101.18889736"><ele>213.192</ele><time>2025-01-14T03:39:51Z</time><speed>18.108</speed><sat>22</sat></trkpt>
  <trkpt lat="14.63308625" lon="101.18874961"><ele>213.417</ele><time>2025-01-14T03:39:52Z</time><speed>18.136</speed><sat>22</sat></trkpt>
  <trkpt lat="14.63300958" lon="101.18860059"><ele>213.443</ele><time>2025-01-14T03:39:53Z</time><speed>18.238</speed><sat>22</sat></trkpt>
  <trkpt lat="14.63293222" lon="101.18845208"><ele>213.430</ele><time>2025-01-14T03:39:54Z</time><speed>18.035</speed><sat>24</sat></trkpt>
  <trkpt lat="14.63285501" lon="101.18830601"><ele>213.032</ele><time>2025-01-14T03:39:55Z</time><speed>18.306</speed><sat>22</sat></trkpt>
  <trkpt lat="14.63277625" lon="101.18815577"><ele>212.095</ele><time>2025-01-14T03:39:56Z</time><speed>18.626</speed><sat>24</sat></trkpt>
  <trkpt lat="14.63269590" lon="101.18800335"><ele>211.187</ele><time>2025-01-14T03:39:57Z</time><speed>18.484</speed><sat>24</sat></trkpt>
  <trkpt lat="14.63261764" lon="101.18785255"><ele>210.413</ele><time>2025-01-14T03:39:58Z</time><speed>18.566</speed><sat>24</sat></trkpt>
  <trkpt lat="14.63253812" lon="101.18770262"><ele>209.977</ele><time>2025-01-14T03:39:59Z</time><speed>18.746</speed><sat>25</sat></trkpt>
  <trkpt lat="14.63245567" lon="101.18754655"><ele>209.420</ele><time>2025-01-14T03:40:00Z</time><speed>19.215</speed><sat>24</sat></trkpt>
  <trkpt lat="14.63237386" lon="101.18738979"><ele>209.089</ele><time>2025-01-14T03:40:01Z</time><speed>19.455</speed><sat>25</sat></trkpt>
  <trkpt lat="14.63229193" lon="101.18723284"><ele>208.930</ele><time>2025-01-14T03:40:02Z</time><speed>19.280</speed><sat>23</sat></trkpt>
  <trkpt lat="14.63220958" lon="101.18707260"><ele>208.963</ele><time>2025-01-14T03:40:03Z</time><speed>19.548</speed><sat>24</sat></trkpt>
  <trkpt lat="14.63212514" lon="101.18691039"><ele>208.878</ele><time>2025-01-14T03:40:04Z</time><speed>19.835</speed><sat>24</sat></trkpt>
  <trkpt lat="14.63203909" lon="101.18674712"><ele>208.647</ele><time>2025-01-14T03:40:05Z</time><speed>20.022</speed><sat>24</sat></trkpt>
  <trkpt lat="14.63195307" lon="101.18658200"><ele>208.632</ele><time>2025-01-14T03:40:06Z</time><speed>20.196</speed><sat>24</sat></trkpt>
  <trkpt lat="14.63186593" lon="101.18641656"><ele>208.379</ele><time>2025-01-14T03:40:07Z</time><speed>19.988</speed><sat>24</sat></trkpt>
  <trkpt lat="14.63177957" lon="101.18625223"><ele>207.855</ele><time>2025-01-14T03:40:08Z</time><speed>19.854</speed><sat>24</sat></trkpt>
  <trkpt lat="14.63169549" lon="101.18609011"><ele>207.431</ele><time>2025-01-14T03:40:09Z</time><speed>20.077</speed><sat>23</sat></trkpt>
  <trkpt lat="14.63160997" lon="101.18592492"><ele>207.024</ele><time>2025-01-14T03:40:10Z</time><speed>20.373</speed><sat>23</sat></trkpt>
  <trkpt lat="14.63152202" lon="101.18575775"><ele>206.698</ele><time>2025-01-14T03:40:11Z</time><speed>20.563</speed><sat>23</sat></trkpt>
  <trkpt lat="14.63143369" lon="101.18559049"><ele>206.248</ele><time>2025-01-14T03:40:12Z</time><speed>20.470</speed><sat>24</sat></trkpt>
  <trkpt lat="14.63134632" lon="101.18542276"><ele>205.647</ele><time>2025-01-14T03:40:13Z</time><speed>20.247</speed><sat>24</sat></trkpt>
  <trkpt lat="14.63126055" lon="101.18525457"><ele>205.156</ele><time>2025-01-14T03:40:14Z</time><speed>20.366</speed><sat>23</sat></trkpt>
  <trkpt lat="14.63117576" lon="101.18508872"><ele>204.761</ele><time>2025-01-14T03:40:15Z</time><speed>20.026</speed><sat>21</sat></trkpt>
  <trkpt lat="14.63109111" lon="101.18492385"><ele>205.160</ele><time>2025-01-14T03:40:16Z</time><speed>19.763</speed><sat>21</sat></trkpt>
  <trkpt lat="14.63100845" lon="101.18476322"><ele>205.498</ele><time>2025-01-14T03:40:17Z</time><speed>19.328</speed><sat>22</sat></trkpt>
  <trkpt lat="14.63092936" lon="101.18460616"><ele>205.877</ele><time>2025-01-14T03:40:18Z</time><speed>19.194</speed><sat>20</sat></trkpt>
  <trkpt lat="14.63085025" lon="101.18444994"><ele>206.582</ele><time>2025-01-14T03:40:19Z</time><speed>18.933</speed><sat>20</sat></trkpt>
  <trkpt lat="14.63077219" lon="101.18429660"><ele>207.994</ele><time>2025-01-14T03:40:20Z</time><speed>18.489</speed><sat>21</sat></trkpt>
  <trkpt lat="14.63069798" lon="101.18415001"><ele>209.140</ele><time>2025-01-14T03:40:21Z</time><speed>18.223</speed><sat>21</sat></trkpt>
  <trkpt lat="14.63062672" lon="101.18400050"><ele>210.011</ele><time>2025-01-14T03:40:22Z</time><speed>18.205</speed><sat>22</sat></trkpt>
  <trkpt lat="14.63055762" lon="101.18385055"><ele>210.971</ele><time>2025-01-14T03:40:23Z</time><speed>18.127</speed><sat>22</sat></trkpt>
  <trkpt lat="14.63048068" lon="101.18370292"><ele>211.944</ele><time>2025-01-14T03:40:24Z</time><speed>18.119</speed><sat>23</sat></trkpt>
  <trkpt lat="14.63040218" lon="101.18355668"><ele>212.631</ele><time>2025-01-14T03:40:25Z</time><speed>17.737</speed><sat>24</sat></trkpt>
  <trkpt lat="14.63032697" lon="101.18341140"><ele>213.290</ele><time>2025-01-14T03:40:26Z</time><speed>17.689</speed><sat>24</sat></trkpt>
  <trkpt lat="14.63025360" lon="101.18326593"><ele>213.756</ele><time>2025-01-14T03:40:27Z</time><speed>17.716</speed><sat>24</sat></trkpt>
  <trkpt lat="14.63018077" lon="101.18311501"><ele>214.525</ele><time>2025-01-14T03:40:28Z</time><speed>17.886</speed><sat>23</sat></trkpt>
  <trkpt lat="14.63011041" lon="101.18296255"><ele>215.348</ele><time>2025-01-14T03:40:29Z</time><speed>17.908</speed><sat>22</sat></trkpt>
  <trkpt lat="14.63004192" lon="101.18280965"><ele>216.086</ele><time>2025-01-14T03:40:30Z</time><speed>18.104</speed><sat>23</sat></trkpt>
  <trkpt lat="14.62997429" lon="101.18265176"><ele>216.554</ele><time>2025-01-14T03:40:31Z</time><speed>18.308</speed><sat>23</sat></trkpt>
  <trkpt lat="14.62990624" lon="101.18249338"><ele>216.754</ele><time>2025-01-14T03:40:32Z</time><speed>18.243</speed><sat>23</sat></trkpt>
  <trkpt lat="14.62984593" lon="101.18233834"><ele>216.952</ele><time>2025-01-14T03:40:33Z</time><speed>17.877</speed><sat>24</sat></trkpt>
  <trkpt lat="14.62979074" lon="101.18218542"><ele>217.295</ele><time>2025-01-14T03:40:34Z</time><speed>17.835</speed><sat>25</sat></trkpt>
  <trkpt lat="14.62973516" lon="101.18203408"><ele>217.567</ele><time>2025-01-14T03:40:35Z</time><speed>17.855</speed><sat>25</sat></trkpt>
  <trkpt lat="14.62968015" lon="101.18188223"><ele>217.719</ele><time>2025-01-14T03:40:36Z</time><speed>17.540</speed><sat>24</sat></trkpt>
  <trkpt lat="14.62962653" lon="101.18173221"><ele>217.822</ele><time>2025-01-14T03:40:37Z</time><speed>17.699</speed><sat>24</sat></trkpt>
  <trkpt lat="14.62957133" lon="101.18158019"><ele>217.873</ele><time>2025-01-14T03:40:38Z</time><speed>17.973</speed><sat>25</sat></trkpt>
  <trkpt lat="14.62952247" lon="101.18142596"><ele>217.801</ele><time>2025-01-14T03:40:39Z</time><speed>18.099</speed><sat>25</sat></trkpt>
  <trkpt lat="14.62947491" lon="101.18127200"><ele>217.869</ele><time>2025-01-14T03:40:40Z</time><speed>17.654</speed><sat>24</sat></trkpt>
  <trkpt lat="14.62942583" lon="101.18112229"><ele>218.015</ele><time>2025-01-14T03:40:41Z</time><speed>17.147</speed><sat>24</sat></trkpt>
  <trkpt lat="14.62937810" lon="101.18097190"><ele>218.031</ele><time>2025-01-14T03:40:42Z</time><speed>17.257</speed><sat>25</sat></trkpt>
  <trkpt lat="14.62932944" lon="101.18082435"><ele>218.196</ele><time>2025-01-14T03:40:43Z</time><speed>17.105</speed><sat>23</sat></trkpt>
  <trkpt lat="14.62927940" lon="101.18067567"><ele>217.951</ele><time>2025-01-14T03:40:44Z</time><speed>16.929</speed><sat>24</sat></trkpt>
  <trkpt lat="14.62923007" lon="101.18052719"><ele>217.758</ele><time>2025-01-14T03:40:45Z</time><speed>16.951</speed><sat>22</sat></trkpt>
  <trkpt lat="14.62918187" lon="101.18037861"><ele>217.235</ele><time>2025-01-14T03:40:46Z</time><speed>16.837</speed><sat>23</sat></trkpt>
  <trkpt lat="14.62913488" lon="101.18023438"><ele>216.033</ele><time>2025-01-14T03:40:47Z</time><speed>16.639</speed><sat>22</sat></trkpt>
  <trkpt lat="14.62908721" lon="101.18008948"><ele>215.023</ele><time>2025-01-14T03:40:48Z</time><speed>16.791</speed><sat>23</sat></trkpt>
  <trkpt lat="14.62903827" lon="101.17994387"><ele>214.082</ele><time>2025-01-14T03:40:49Z</time><speed>16.474</speed><sat>24</sat></trkpt>
  <trkpt lat="14.62899025" lon="101.17980142"><ele>212.990</ele><time>2025-01-14T03:40:50Z</time><speed>16.384</speed><sat>24</sat></trkpt>
  <trkpt lat="14.62894244" lon="101.17966024"><ele>212.250</ele><time>2025-01-14T03:40:51Z</time><speed>16.163</speed><sat>23</sat></trkpt>
  <trkpt lat="14.62889500" lon="101.17951750"><ele>211.882</ele><time>2025-01-14T03:40:52Z</time><speed>16.028</speed><sat>23</sat></trkpt>
  <trkpt lat="14.62884861" lon="101.17937643"><ele>211.783</ele><time>2025-01-14T03:40:53Z</time><speed>16.203</speed><sat>23</sat></trkpt>
  <trkpt lat="14.62880125" lon="101.17923409"><ele>211.465</ele><time>2025-01-14T03:40:54Z</time><speed>16.410</speed><sat>23</sat></trkpt>
  <trkpt lat="14.62875486" lon="101.17909076"><ele>211.885</ele><time>2025-01-14T03:40:55Z</time><speed>16.538</speed><sat>24</sat></trkpt>
  <trkpt lat="14.62870759" lon="101.17894618"><ele>212.113</ele><time>2025-01-14T03:40:56Z</time><speed>16.639</speed><sat>23</sat></trkpt>
  <trkpt lat="14.62866023" lon="101.17880014"><ele>212.289</ele><time>2025-01-14T03:40:57Z</time><speed>16.479</speed><sat>23</sat></trkpt>
  <trkpt lat="14.62861178" lon="101.17865347"><ele>212.359</ele><time>2025-01-14T03:40:58Z</time><speed>16.749</speed><sat>21</sat></trkpt>
  <trkpt lat="14.62856299" lon="101.17850283"><ele>212.566</ele><time>2025-01-14T03:40:59Z</time><speed>16.755</speed><sat>22</sat></trkpt>
  <trkpt lat="14.62851709" lon="101.17835648"><ele>212.706</ele><time>2025-01-14T03:41:00Z</time><speed>16.637</speed><sat>22</sat></trkpt>
  <trkpt lat="14.62847218" lon="101.17821165"><ele>212.944</ele><time>2025-01-14T03:41:01Z</time><speed>16.658</speed><sat>21</sat></trkpt>
  <trkpt lat="14.62842485" lon="101.17806514"><ele>212.732</ele><time>2025-01-14T03:41:02Z</time><speed>16.436</speed><sat>24</sat></trkpt>
  <trkpt lat="14.62837897" lon="101.17791997"><ele>212.807</ele><time>2025-01-14T03:41:03Z</time><speed>16.332</speed><sat>24</sat></trkpt>
  <trkpt lat="14.62833181" lon="101.17777522"><ele>213.110</ele><time>2025-01-14T03:41:04Z</time><speed>16.344</speed><sat>23</sat></trkpt>
  <trkpt lat="14.62828542" lon="101.17762978"><ele>213.114</ele><time>2025-01-14T03:41:05Z</time><speed>16.144</speed><sat>24</sat></trkpt>
  <trkpt lat="14.62824169" lon="101.17748706"><ele>213.254</ele><time>2025-01-14T03:41:06Z</time><speed>16.125</speed><sat>24</sat></trkpt>
  <trkpt lat="14.62819811" lon="101.17734295"><ele>213.492</ele><time>2025-01-14T03:41:07Z</time><speed>16.323</speed><sat>24</sat></trkpt>
  <trkpt lat="14.62815704" lon="101.17719478"><ele>213.805</ele><time>2025-01-14T03:41:08Z</time><speed>16.671</speed><sat>25</sat></trkpt>
  <trkpt lat="14.62811700" lon="101.17704225"><ele>214.006</ele><time>2025-01-14T03:41:09Z</time><speed>16.928</speed><sat>24</sat></trkpt>
  <trkpt lat="14.62808159" lon="101.17688903"><ele>213.929</ele><time>2025-01-14T03:41:10Z</time><speed>17.199</speed><sat>24</sat></trkpt>
  <trkpt lat="14.62805104" lon="101.17672966"><ele>213.503</ele><time>2025-01-14T03:41:11Z</time><speed>17.613</speed><sat>23</sat></trkpt>
  <trkpt lat="14.62802459" lon="101.17656856"><ele>213.630</ele><time>2025-01-14T03:41:12Z</time><speed>18.021</speed><sat>21</sat></trkpt>
  <trkpt lat="14.62800132" lon="101.17639921"><ele>214.497</ele><time>2025-01-14T03:41:13Z</time><speed>18.412</speed><sat>20</sat></trkpt>
  <trkpt lat="14.62798182" lon="101.17622617"><ele>215.252</ele><time>2025-01-14T03:41:14Z</time><speed>18.678</speed><sat>24</sat></trkpt>
  <trkpt lat="14.62796283" lon="101.17605275"><ele>215.716</ele><time>2025-01-14T03:41:15Z</time><speed>18.607</speed><sat>24</sat></trkpt>
  <trkpt lat="14.62795383" lon="101.17587929"><ele>216.673</ele><time>2025-01-14T03:41:16Z</time><speed>18.720</speed><sat>25</sat></trkpt>
  <trkpt lat="14.62795050" lon="101.17570467"><ele>217.618</ele><time>2025-01-14T03:41:17Z</time><speed>18.800</speed><sat>25</sat></trkpt>
  <trkpt lat="14.62795424" lon="101.17553178"><ele>217.747</ele><time>2025-01-14T03:41:18Z</time><speed>18.842</speed><sat>24</sat></trkpt>
  <trkpt lat="14.62796606" lon="101.17535894"><ele>218.033</ele><time>2025-01-14T03:41:19Z</time><speed>18.405</speed><sat>25</sat></trkpt>
  <trkpt lat="14.62798262" lon="101.17519375"><ele>218.138</ele><time>2025-01-14T03:41:20Z</time><speed>17.815</speed><sat>25</sat></trkpt>
  <trkpt lat="14.62800243" lon="101.17503027"><ele>218.517</ele><time>2025-01-14T03:41:21Z</time><speed>17.422</speed><sat>24</sat></trkpt>
  <trkpt lat="14.62802636" lon="101.17487115"><ele>218.783</ele><time>2025-01-14T03:41:22Z</time><speed>17.288</speed><sat>25</sat></trkpt>
  <trkpt lat="14.62805739" lon="101.17471605"><ele>218.976</ele><time>2025-01-14T03:41:23Z</time><speed>17.083</speed><sat>25</sat></trkpt>
  <trkpt lat="14.62809381" lon="101.17456471"><ele>219.022</ele><time>2025-01-14T03:41:24Z</time><speed>16.870</speed><sat>25</sat></trkpt>
  <trkpt lat="14.62813233" lon="101.17441327"><ele>219.328</ele><time>2025-01-14T03:41:25Z</time><speed>16.924</speed><sat>24</sat></trkpt>
  <trkpt lat="14.62817290" lon="101.17426298"><ele>219.434</ele><time>2025-01-14T03:41:26Z</time><speed>17.018</speed><sat>24</sat></trkpt>
  <trkpt lat="14.62821649" lon="101.17411165"><ele>219.837</ele><time>2025-01-14T03:41:27Z</time><speed>17.197</speed><sat>23</sat></trkpt>
  <trkpt lat="14.62826212" lon="101.17395770"><ele>220.387</ele><time>2025-01-14T03:41:28Z</time><speed>17.483</speed><sat>23</sat></trkpt>
  <trkpt lat="14.62830488" lon="101.17380009"><ele>220.329</ele><time>2025-01-14T03:41:29Z</time><speed>17.709</speed><sat>23</sat></trkpt>
  <trkpt lat="14.62835029" lon="101.17364462"><ele>221.007</ele><time>2025-01-14T03:41:30Z</time><speed>17.804</speed><sat>22</sat></trkpt>
  <trkpt lat="14.62840037" lon="101.17348981"><ele>221.372</ele><time>2025-01-14T03:41:31Z</time><speed>18.009</speed><sat>21</sat></trkpt>
  <trkpt lat="14.62845076" lon="101.17333112"><ele>221.903</ele><time>2025-01-14T03:41:32Z</time><speed>18.162</speed><sat>21</sat></trkpt>
  <trkpt lat="14.62850224" lon="101.17317149"><ele>222.173</ele><time>2025-01-14T03:41:33Z</time><speed>18.270</speed><sat>19</sat></trkpt>
  <trkpt lat="14.62855544" lon="101.17300486"><ele>222.618</ele><time>2025-01-14T03:41:34Z</time><speed>18.552</speed><sat>18</sat></trkpt>
  <trkpt lat="14.62860780" lon="101.17283931"><ele>223.216</ele><time>2025-01-14T03:41:35Z</time><speed>18.795</speed><sat>19</sat></trkpt>
  <trkpt lat="14.62866017" lon="101.17267274"><ele>222.956</ele><time>2025-01-14T03:41:36Z</time><speed>19.060</speed><sat>17</sat></trkpt>
  <trkpt lat="14.62871529" lon="101.17250492"><ele>222.969</ele><time>2025-01-14T03:41:37Z</time><speed>19.355</speed><sat>16</sat></trkpt>
  <trkpt lat="14.62877803" lon="101.17233060"><ele>222.128</ele><time>2025-01-14T03:41:38Z</time><speed>19.616</speed><sat>14</sat></trkpt>
  <trkpt lat="14.62884123" lon="101.17215879"><ele>222.776</ele><time>2025-01-14T03:41:39Z</time><speed>19.794</speed><sat>18</sat></trkpt>
  <trkpt lat="14.62891179" lon="101.17198944"><ele>223.305</ele><time>2025-01-14T03:41:40Z</time><speed>19.932</speed><sat>18</sat></trkpt>
  <trkpt lat="14.62899614" lon="101.17181809"><ele>223.719</ele><time>2025-01-14T03:41:41Z</time><speed>20.116</speed><sat>18</sat></trkpt>
  <trkpt lat="14.62908671" lon="101.17165293"><ele>223.917</ele><time>2025-01-14T03:41:42Z</time><speed>20.180</speed><sat>18</sat></trkpt>
  <trkpt lat="14.62918505" lon="101.17149350"><ele>224.215</ele><time>2025-01-14T03:41:43Z</time><speed>20.382</speed><sat>16</sat></trkpt>
  <trkpt lat="14.62928783" lon="101.17133309"><ele>224.533</ele><time>2025-01-14T03:41:44Z</time><speed>20.592</speed><sat>16</sat></trkpt>
  <trkpt lat="14.62939442" lon="101.17117602"><ele>224.659</ele><time>2025-01-14T03:41:45Z</time><speed>20.633</speed><sat>16</sat></trkpt>
  <trkpt lat="14.62950603" lon="101.17102141"><ele>224.361</ele><time>2025-01-14T03:41:46Z</time><speed>20.767</speed><sat>15</sat></trkpt>
  <trkpt lat="14.62962387" lon="101.17086918"><ele>223.949</ele><time>2025-01-14T03:41:47Z</time><speed>20.924</speed><sat>15</sat></trkpt>
  <trkpt lat="14.62974755" lon="101.17072163"><ele>223.470</ele><time>2025-01-14T03:41:48Z</time><speed>21.051</speed><sat>12</sat></trkpt>
  <trkpt lat="14.63001731" lon="101.17043001"><ele>225.301</ele><time>2025-01-14T03:41:50Z</time><speed>21.286</speed><sat>13</sat></trkpt>
  <trkpt lat="14.63016021" lon="101.17028905"><ele>226.782</ele><time>2025-01-14T03:41:51Z</time><speed>21.535</speed><sat>15</sat></trkpt>
  <trkpt lat="14.63030999" lon="101.17015609"><ele>227.965</ele><time>2025-01-14T03:41:52Z</time><speed>21.553</speed><sat>13</sat></trkpt>
  <trkpt lat="14.63046185" lon="101.17003303"><ele>227.916</ele><time>2025-01-14T03:41:53Z</time><speed>21.194</speed><sat>13</sat></trkpt>
  <trkpt lat="14.63061491" lon="101.16991565"><ele>228.505</ele><time>2025-01-14T03:41:54Z</time><speed>21.184</speed><sat>16</sat></trkpt>
  <trkpt lat="14.63076995" lon="101.16980481"><ele>228.900</ele><time>2025-01-14T03:41:55Z</time><speed>21.294</speed><sat>14</sat></trkpt>
  <trkpt lat="14.63093078" lon="101.16969604"><ele>228.279</ele><time>2025-01-14T03:41:56Z</time><speed>21.462</speed><sat>13</sat></trkpt>
  <trkpt lat="14.63109212" lon="101.16958963"><ele>228.157</ele><time>2025-01-14T03:41:57Z</time><speed>21.569</speed><sat>12</sat></trkpt>
  <trkpt lat="14.63125798" lon="101.16947973"><ele>228.231</ele><time>2025-01-14T03:41:58Z</time><speed>21.755</speed><sat>12</sat></trkpt>
  <trkpt lat="14.63142316" lon="101.16937106"><ele>228.259</ele><time>2025-01-14T03:41:59Z</time><speed>21.372</speed><sat>13</sat></trkpt>
  <trkpt lat="14.63158894" lon="101.16926187"><ele>228.681</ele><time>2025-01-14T03:42:00Z</time><speed>21.096</speed><sat>10</sat></trkpt>
  <trkpt lat="14.63175518" lon="101.16914869"><ele>229.206</ele><time>2025-01-14T03:42:01Z</time><speed>21.226</speed><sat>12</sat></trkpt>
  <trkpt lat="14.63191997" lon="101.16903556"><ele>230.094</ele><time>2025-01-14T03:42:02Z</time><speed>21.329</speed><sat>15</sat></trkpt>
  <trkpt lat="14.63208431" lon="101.16892319"><ele>231.226</ele><time>2025-01-14T03:42:03Z</time><speed>21.066</speed><sat>14</sat></trkpt>
  <trkpt lat="14.63224791" lon="101.16881417"><ele>231.791</ele><time>2025-01-14T03:42:04Z</time><speed>21.150</speed><sat>14</sat></trkpt>
  <trkpt lat="14.63241144" lon="101.16870413"><ele>232.242</ele><time>2025-01-14T03:42:05Z</time><speed>21.285</speed><sat>17</sat></trkpt>
  <trkpt lat="14.63257908" lon="101.16859394"><ele>232.086</ele><time>2025-01-14T03:42:06Z</time><speed>21.479</speed><sat>15</sat></trkpt>
  <trkpt lat="14.63274343" lon="101.16848494"><ele>232.291</ele><time>2025-01-14T03:42:07Z</time><speed>21.598</speed><sat>16</sat></trkpt>
  <trkpt lat="14.63291083" lon="101.16837070"><ele>232.058</ele><time>2025-01-14T03:42:08Z</time><speed>21.403</speed><sat>14</sat></trkpt>
  <trkpt lat="14.63307322" lon="101.16825646"><ele>231.365</ele><time>2025-01-14T03:42:09Z</time><speed>21.275</speed><sat>15</sat></trkpt>
  <trkpt lat="14.63323373" lon="101.16814399"><ele>231.347</ele><time>2025-01-14T03:42:10Z</time><speed>21.441</speed><sat>14</sat></trkpt>
  <trkpt lat="14.63339510" lon="101.16803076"><ele>230.107</ele><time>2025-01-14T03:42:11Z</time><speed>21.399</speed><sat>13</sat></trkpt>
  <trkpt lat="14.63355293" lon="101.16792379"><ele>229.799</ele><time>2025-01-14T03:42:12Z</time><speed>21.100</speed><sat>11</sat></trkpt>
  <trkpt lat="14.63386974" lon="101.16771007"><ele>229.679</ele><time>2025-01-14T03:42:14Z</time><speed>21.204</speed><sat>11</sat></trkpt>
  <trkpt lat="14.63402914" lon="101.16760987"><ele>229.938</ele><time>2025-01-14T03:42:15Z</time><speed>21.069</speed><sat>11</sat></trkpt>
  <trkpt lat="14.63419167" lon="101.16750336"><ele>229.951</ele><time>2025-01-14T03:42:16Z</time><speed>21.336</speed><sat>11</sat></trkpt>
  <trkpt lat="14.63435372" lon="101.16739807"><ele>230.193</ele><time>2025-01-14T03:42:17Z</time><speed>21.132</speed><sat>12</sat></trkpt>
  <trkpt lat="14.63451509" lon="101.16729324"><ele>230.534</ele><time>2025-01-14T03:42:18Z</time><speed>21.109</speed><sat>10</sat></trkpt>
  <trkpt lat="14.63467567" lon="101.16718468"><ele>230.389</ele><time>2025-01-14T03:42:19Z</time><speed>21.146</speed><sat>11</sat></trkpt>
  <trkpt lat="14.63483350" lon="101.16707798"><ele>230.619</ele><time>2025-01-14T03:42:20Z</time><speed>20.995</speed><sat>10</sat></trkpt>
  <trkpt lat="14.63499089" lon="101.16697350"><ele>230.714</ele><time>2025-01-14T03:42:21Z</time><speed>21.128</speed><sat>9</sat></trkpt>
  <trkpt lat="14.63530503" lon="101.16675085"><ele>230.998</ele><time>2025-01-14T03:42:23Z</time><speed>21.290</speed><sat>9</sat></trkpt>
  <trkpt lat="14.63545969" lon="101.16663740"><ele>231.124</ele><time>2025-01-14T03:42:24Z</time><speed>21.078</speed><sat>8</sat></trkpt>
  <trkpt lat="14.63560661" lon="101.16652389"><ele>232.087</ele><time>2025-01-14T03:42:25Z</time><speed>21.060</speed><sat>9</sat></trkpt>
  <trkpt lat="14.63575244" lon="101.16639892"><ele>231.775</ele><time>2025-01-14T03:42:26Z</time><speed>20.928</speed><sat>14</sat></trkpt>
  <trkpt lat="14.63589359" lon="101.16626965"><ele>231.177</ele><time>2025-01-14T03:42:27Z</time><speed>20.876</speed><sat>15</sat></trkpt>
  <trkpt lat="14.63603116" lon="101.16613168"><ele>230.958</ele><time>2025-01-14T03:42:28Z</time><speed>21.025</speed><sat>14</sat></trkpt>
  <trkpt lat="14.63616411" lon="101.16598843"><ele>230.948</ele><time>2025-01-14T03:42:29Z</time><speed>21.128</speed><sat>12</sat></trkpt>
  <trkpt lat="14.63629050" lon="101.16583858"><ele>229.556</ele><time>2025-01-14T03:42:30Z</time><speed>21.232</speed><sat>17</sat></trkpt>
  <trkpt lat="14.63641216" lon="101.16568300"><ele>228.877</ele><time>2025-01-14T03:42:31Z</time><speed>21.238</speed><sat>17</sat></trkpt>
  <trkpt lat="14.63652637" lon="101.16553172"><ele>228.886</ele><time>2025-01-14T03:42:32Z</time><speed>20.846</speed><sat>16</sat></trkpt>
  <trkpt lat="14.63663195" lon="101.16538118"><ele>228.683</ele><time>2025-01-14T03:42:33Z</time><speed>20.642</speed><sat>16</sat></trkpt>
  <trkpt lat="14.63673268" lon="101.16522337"><ele>228.853</ele><time>2025-01-14T03:42:34Z</time><speed>20.513</speed><sat>16</sat></trkpt>
  <trkpt lat="14.63682201" lon="101.16506046"><ele>228.940</ele><time>2025-01-14T03:42:35Z</time><speed>20.234</speed><sat>17</sat></trkpt>
  <trkpt lat="14.63690888" lon="101.16489629"><ele>228.484</ele><time>2025-01-14T03:42:36Z</time><speed>20.128</speed><sat>18</sat></trkpt>
  <trkpt lat="14.63699103" lon="101.16472830"><ele>228.604</ele><time>2025-01-14T03:42:37Z</time><speed>20.197</speed><sat>17</sat></trkpt>
  <trkpt lat="14.63706707" lon="101.16455881"><ele>228.606</ele><time>2025-01-14T03:42:38Z</time><speed>20.094</speed><sat>17</sat></trkpt>
  <trkpt lat="14.63713674" lon="101.16439040"><ele>228.232</ele><time>2025-01-14T03:42:39Z</time><speed>19.786</speed><sat>18</sat></trkpt>
  <trkpt lat="14.63725893" lon="101.16405292"><ele>229.779</ele><time>2025-01-14T03:42:41Z</time><speed>19.895</speed><sat>16</sat></trkpt>
  <trkpt lat="14.63731499" lon="101.16387931"><ele>230.593</ele><time>2025-01-14T03:42:42Z</time><speed>20.052</speed><sat>16</sat></trkpt>
  <trkpt lat="14.63736997" lon="101.16370351"><ele>231.452</ele><time>2025-01-14T03:42:43Z</time><speed>20.009</speed><sat>17</sat></trkpt>
  <trkpt lat="14.63742597" lon="101.16352729"><ele>231.802</ele><time>2025-01-14T03:42:44Z</time><speed>20.179</speed><sat>16</sat></trkpt>
  <trkpt lat="14.63748065" lon="101.16335392"><ele>232.099</ele><time>2025-01-14T03:42:45Z</time><speed>20.176</speed><sat>16</sat></trkpt>
  <trkpt lat="14.63753713" lon="101.16317767"><ele>232.053</ele><time>2025-01-14T03:42:46Z</time><speed>20.065</speed><sat>17</sat></trkpt>
  <trkpt lat="14.63759320" lon="101.16300180"><ele>231.750</ele><time>2025-01-14T03:42:47Z</time><speed>20.281</speed><sat>16</sat></trkpt>
  <trkpt lat="14.63765004" lon="101.16282319"><ele>231.237</ele><time>2025-01-14T03:42:48Z</time><speed>20.558</speed><sat>16</sat></trkpt>
  <trkpt lat="14.63771003" lon="101.16264263"><ele>230.607</ele><time>2025-01-14T03:42:49Z</time><speed>20.820</speed><sat>17</sat></trkpt>
  <trkpt lat="14.63776800" lon="101.16245908"><ele>230.082</ele><time>2025-01-14T03:42:50Z</time><speed>20.859</speed><sat>17</sat></trkpt>
  <trkpt lat="14.63782701" lon="101.16227878"><ele>229.950</ele><time>2025-01-14T03:42:51Z</time><speed>20.974</speed><sat>17</sat></trkpt>
  <trkpt lat="14.63788778" lon="101.16209561"><ele>229.811</ele><time>2025-01-14T03:42:52Z</time><speed>20.991</speed><sat>16</sat></trkpt>
  <trkpt lat="14.63794577" lon="101.16191386"><ele>229.281</ele><time>2025-01-14T03:42:53Z</time><speed>20.685</speed><sat>17</sat></trkpt>
  <trkpt lat="14.63800111" lon="101.16172938"><ele>229.368</ele><time>2025-01-14T03:42:54Z</time><speed>20.500</speed><sat>16</sat></trkpt>
  <trkpt lat="14.63805579" lon="101.16154401"><ele>229.490</ele><time>2025-01-14T03:42:55Z</time><speed>20.601</speed><sat>15</sat></trkpt>
  <trkpt lat="14.63810858" lon="101.16135944"><ele>229.030</ele><time>2025-01-14T03:42:56Z</time><speed>20.400</speed><sat>16</sat></trkpt>
  <trkpt lat="14.63815735" lon="101.16117771"><ele>228.859</ele><time>2025-01-14T03:42:57Z</time><speed>20.254</speed><sat>14</sat></trkpt>
  <trkpt lat="14.63820431" lon="101.16099543"><ele>228.971</ele><time>2025-01-14T03:42:58Z</time><speed>20.428</speed><sat>13</sat></trkpt>
  <trkpt lat="14.63824963" lon="101.16081012"><ele>229.094</ele><time>2025-01-14T03:42:59Z</time><speed>20.554</speed><sat>15</sat></trkpt>
  <trkpt lat="14.63829164" lon="101.16062261"><ele>228.782</ele><time>2025-01-14T03:43:00Z</time><speed>20.399</speed><sat>13</sat></trkpt>
  <trkpt lat="14.63833057" lon="101.16043368"><ele>228.543</ele><time>2025-01-14T03:43:01Z</time><speed>20.301</speed><sat>14</sat></trkpt>
  <trkpt lat="14.63836515" lon="101.16024896"><ele>227.759</ele><time>2025-01-14T03:43:02Z</time><speed>20.341</speed><sat>15</sat></trkpt>
  <trkpt lat="14.63843574" lon="101.15986728"><ele>226.605</ele><time>2025-01-14T03:43:04Z</time><speed>20.598</speed><sat>15</sat></trkpt>
  <trkpt lat="14.63846297" lon="101.15968131"><ele>226.276</ele><time>2025-01-14T03:43:05Z</time><speed>20.374</speed><sat>14</sat></trkpt>
  <trkpt lat="14.63848669" lon="101.15949008"><ele>225.975</ele><time>2025-01-14T03:43:06Z</time><speed>20.458</speed><sat>13</sat></trkpt>
  <trkpt lat="14.63850634" lon="101.15930195"><ele>225.772</ele><time>2025-01-14T03:43:07Z</time><speed>20.396</speed><sat>11</sat></trkpt>
  <trkpt lat="14.63852295" lon="101.15911339"><ele>225.726</ele><time>2025-01-14T03:43:08Z</time><speed>20.315</speed><sat>14</sat></trkpt>
  <trkpt lat="14.63853339" lon="101.15892639"><ele>225.275</ele><time>2025-01-14T03:43:09Z</time><speed>20.398</speed><sat>14</sat></trkpt>
  <trkpt lat="14.63853920" lon="101.15873988"><ele>225.428</ele><time>2025-01-14T03:43:10Z</time><speed>20.270</speed><sat>13</sat></trkpt>
  <trkpt lat="14.63853945" lon="101.15855185"><ele>225.446</ele><time>2025-01-14T03:43:11Z</time><speed>20.234</speed><sat>17</sat></trkpt>
  <trkpt lat="14.63854091" lon="101.15836134"><ele>225.262</ele><time>2025-01-14T03:43:12Z</time><speed>20.345</speed><sat>16</sat></trkpt>
  <trkpt lat="14.63854190" lon="101.15817170"><ele>224.892</ele><time>2025-01-14T03:43:13Z</time><speed>20.536</speed><sat>15</sat></trkpt>
  <trkpt lat="14.63854593" lon="101.15798212"><ele>224.615</ele><time>2025-01-14T03:43:14Z</time><speed>20.475</speed><sat>13</sat></trkpt>
  <trkpt lat="14.63854788" lon="101.15779102"><ele>224.788</ele><time>2025-01-14T03:43:15Z</time><speed>20.341</speed><sat>14</sat></trkpt>
  <trkpt lat="14.63854652" lon="101.15759822"><ele>225.324</ele><time>2025-01-14T03:43:16Z</time><speed>20.563</speed><sat>17</sat></trkpt>
  <trkpt lat="14.63854535" lon="101.15740454"><ele>225.547</ele><time>2025-01-14T03:43:17Z</time><speed>20.601</speed><sat>17</sat></trkpt>
  <trkpt lat="14.63854381" lon="101.15721743"><ele>225.652</ele><time>2025-01-14T03:43:18Z</time><speed>20.452</speed><sat>17</sat></trkpt>
  <trkpt lat="14.63854221" lon="101.15702923"><ele>225.716</ele><time>2025-01-14T03:43:19Z</time><speed>20.323</speed><sat>18</sat></trkpt>
  <trkpt lat="14.63854061" lon="101.15684156"><ele>225.839</ele><time>2025-01-14T03:43:20Z</time><speed>20.144</speed><sat>17</sat></trkpt>
  <trkpt lat="14.63854285" lon="101.15665544"><ele>225.423</ele><time>2025-01-14T03:43:21Z</time><speed>20.390</speed><sat>16</sat></trkpt>
  <trkpt lat="14.63854544" lon="101.15646571"><ele>225.110</ele><time>2025-01-14T03:43:22Z</time><speed>20.545</speed><sat>17</sat></trkpt>
  <trkpt lat="14.63854751" lon="101.15627239"><ele>225.739</ele><time>2025-01-14T03:43:23Z</time><speed>20.430</speed><sat>18</sat></trkpt>
  <trkpt lat="14.63855071" lon="101.15608374"><ele>225.736</ele><time>2025-01-14T03:43:24Z</time><speed>20.177</speed><sat>19</sat></trkpt>
  <trkpt lat="14.63855096" lon="101.15589754"><ele>225.704</ele><time>2025-01-14T03:43:25Z</time><speed>19.838</speed><sat>19</sat></trkpt>
  <trkpt lat="14.63854611" lon="101.15571290"><ele>225.406</ele><time>2025-01-14T03:43:26Z</time><speed>19.547</speed><sat>19</sat></trkpt>
  <trkpt lat="14.63853471" lon="101.15553120"><ele>224.602</ele><time>2025-01-14T03:43:27Z</time><speed>19.340</speed><sat>18</sat></trkpt>
  <trkpt lat="14.63851409" lon="101.15535090"><ele>223.178</ele><time>2025-01-14T03:43:28Z</time><speed>19.192</speed><sat>18</sat></trkpt>
  <trkpt lat="14.63847645" lon="101.15517647"><ele>222.066</ele><time>2025-01-14T03:43:29Z</time><speed>19.167</speed><sat>21</sat></trkpt>
  <trkpt lat="14.63842508" lon="101.15500695"><ele>221.065</ele><time>2025-01-14T03:43:30Z</time><speed>19.437</speed><sat>24</sat></trkpt>
  <trkpt lat="14.63835867" lon="101.15484116"><ele>220.185</ele><time>2025-01-14T03:43:31Z</time><speed>19.427</speed><sat>24</sat></trkpt>
  <trkpt lat="14.63828469" lon="101.15468051"><ele>219.423</ele><time>2025-01-14T03:43:32Z</time><speed>19.438</speed><sat>24</sat></trkpt>
  <trkpt lat="14.63819821" lon="101.15451788"><ele>218.607</ele><time>2025-01-14T03:43:33Z</time><speed>19.721</speed><sat>20</sat></trkpt>
  <trkpt lat="14.63810358" lon="101.15435740"><ele>218.091</ele><time>2025-01-14T03:43:34Z</time><speed>19.948</speed><sat>20</sat></trkpt>
  <trkpt lat="14.63800471" lon="101.15419800"><ele>217.425</ele><time>2025-01-14T03:43:35Z</time><speed>19.924</speed><sat>19</sat></trkpt>
  <trkpt lat="14.63790730" lon="101.15404141"><ele>216.570</ele><time>2025-01-14T03:43:36Z</time><speed>19.797</speed><sat>19</sat></trkpt>
  <trkpt lat="14.63781472" lon="101.15388343"><ele>215.225</ele><time>2025-01-14T03:43:37Z</time><speed>19.748</speed><sat>20</sat></trkpt>
  <trkpt lat="14.63772481" lon="101.15372295"><ele>213.884</ele><time>2025-01-14T03:43:38Z</time><speed>19.877</speed><sat>20</sat></trkpt>
  <trkpt lat="14.63763475" lon="101.15355657"><ele>213.210</ele><time>2025-01-14T03:43:39Z</time><speed>20.003</speed><sat>22</sat></trkpt>
  <trkpt lat="14.63755699" lon="101.15339278"><ele>212.084</ele><time>2025-01-14T03:43:40Z</time><speed>20.305</speed><sat>24</sat></trkpt>
  <trkpt lat="14.63748825" lon="101.15322128"><ele>211.238</ele><time>2025-01-14T03:43:41Z</time><speed>20.825</speed><sat>25</sat></trkpt>
  <trkpt lat="14.63742780" lon="101.15303968"><ele>211.100</ele><time>2025-01-14T03:43:42Z</time><speed>20.879</speed><sat>24</sat></trkpt>
  <trkpt lat="14.63738077" lon="101.15285343"><ele>210.855</ele><time>2025-01-14T03:43:43Z</time><speed>21.105</speed><sat>25</sat></trkpt>
  <trkpt lat="14.63734362" lon="101.15265811"><ele>210.396</ele><time>2025-01-14T03:43:44Z</time><speed>21.385</speed><sat>23</sat></trkpt>
  <trkpt lat="14.63731888" lon="101.15246323"><ele>210.341</ele><time>2025-01-14T03:43:45Z</time><speed>21.317</speed><sat>23</sat></trkpt>
  <trkpt lat="14.63730698" lon="101.15226378"><ele>210.107</ele><time>2025-01-14T03:43:46Z</time><speed>21.075</speed><sat>23</sat></trkpt>
  <trkpt lat="14.63731467" lon="101.15207082"><ele>209.155</ele><time>2025-01-14T03:43:47Z</time><speed>20.823</speed><sat>26</sat></trkpt>
  <trkpt lat="14.63733502" lon="101.15187774"><ele>208.674</ele><time>2025-01-14T03:43:48Z</time><speed>20.521</speed><sat>24</sat></trkpt>
  <trkpt lat="14.63736294" lon="101.15168710"><ele>208.035</ele><time>2025-01-14T03:43:49Z</time><speed>20.255</speed><sat>25</sat></trkpt>
  <trkpt lat="14.63739526" lon="101.15150597"><ele>206.684</ele><time>2025-01-14T03:43:50Z</time><speed>20.208</speed><sat>24</sat></trkpt>
  <trkpt lat="14.63743027" lon="101.15132441"><ele>205.870</ele><time>2025-01-14T03:43:51Z</time><speed>20.132</speed><sat>24</sat></trkpt>
  <trkpt lat="14.63746898" lon="101.15114245"><ele>205.356</ele><time>2025-01-14T03:43:52Z</time><speed>20.155</speed><sat>25</sat></trkpt>
  <trkpt lat="14.63751253" lon="101.15096127"><ele>204.513</ele><time>2025-01-14T03:43:53Z</time><speed>20.353</speed><sat>23</sat></trkpt>
  <trkpt lat="14.63755741" lon="101.15077797"><ele>202.941</ele><time>2025-01-14T03:43:54Z</time><speed>20.687</speed><sat>21</sat></trkpt>
  <trkpt lat="14.63759984" lon="101.15059119"><ele>201.613</ele><time>2025-01-14T03:43:55Z</time><speed>20.774</speed><sat>21</sat></trkpt>
  <trkpt lat="14.63764373" lon="101.15040187"><ele>200.110</ele><time>2025-01-14T03:43:56Z</time><speed>20.815</speed><sat>21</sat></trkpt>
  <trkpt lat="14.63768336" lon="101.15021412"><ele>198.424</ele><time>2025-01-14T03:43:57Z</time><speed>20.740</speed><sat>23</sat></trkpt>
  <trkpt lat="14.63772328" lon="101.15002890"><ele>197.621</ele><time>2025-01-14T03:43:58Z</time><speed>20.579</speed><sat>21</sat></trkpt>
  <trkpt lat="14.63776566" lon="101.14984398"><ele>197.028</ele><time>2025-01-14T03:43:59Z</time><speed>20.627</speed><sat>22</sat></trkpt>
  <trkpt lat="14.63780355" lon="101.14965857"><ele>196.114</ele><time>2025-01-14T03:44:00Z</time><speed>20.193</speed><sat>23</sat></trkpt>
  <trkpt lat="14.63784060" lon="101.14947606"><ele>195.130</ele><time>2025-01-14T03:44:01Z</time><speed>19.781</speed><sat>22</sat></trkpt>
  <trkpt lat="14.63787736" lon="101.14929640"><ele>194.407</ele><time>2025-01-14T03:44:02Z</time><speed>19.468</speed><sat>22</sat></trkpt>
  <trkpt lat="14.63791433" lon="101.14912117"><ele>193.755</ele><time>2025-01-14T03:44:03Z</time><speed>19.112</speed><sat>22</sat></trkpt>
  <trkpt lat="14.63794960" lon="101.14894684"><ele>192.859</ele><time>2025-01-14T03:44:04Z</time><speed>18.738</speed><sat>22</sat></trkpt>
  <trkpt lat="14.63798599" lon="101.14877406"><ele>192.004</ele><time>2025-01-14T03:44:05Z</time><speed>18.484</speed><sat>21</sat></trkpt>
  <trkpt lat="14.63802187" lon="101.14860644"><ele>190.945</ele><time>2025-01-14T03:44:06Z</time><speed>18.177</speed><sat>20</sat></trkpt>
  <trkpt lat="14.63804942" lon="101.14844011"><ele>190.107</ele><time>2025-01-14T03:44:07Z</time><speed>17.912</speed><sat>20</sat></trkpt>
  <trkpt lat="14.63806627" lon="101.14827488"><ele>189.635</ele><time>2025-01-14T03:44:08Z</time><speed>17.811</speed><sat>21</sat></trkpt>
  <trkpt lat="14.63806595" lon="101.14811267"><ele>189.228</ele><time>2025-01-14T03:44:09Z</time><speed>17.735</speed><sat>22</sat></trkpt>
  <trkpt lat="14.63805627" lon="101.14795284"><ele>188.828</ele><time>2025-01-14T03:44:10Z</time><speed>17.677</speed><sat>23</sat></trkpt>
  <trkpt lat="14.63803323" lon="101.14779211"><ele>188.207</ele><time>2025-01-14T03:44:11Z</time><speed>17.662</speed><sat>24</sat></trkpt>
  <trkpt lat="14.63799862" lon="101.14762978"><ele>186.940</ele><time>2025-01-14T03:44:12Z</time><speed>17.783</speed><sat>24</sat></trkpt>
  <trkpt lat="14.63795008" lon="101.14747212"><ele>185.030</ele><time>2025-01-14T03:44:13Z</time><speed>17.895</speed><sat>23</sat></trkpt>
  <trkpt lat="14.63788884" lon="101.14731941"><ele>184.257</ele><time>2025-01-14T03:44:14Z</time><speed>17.999</speed><sat>24</sat></trkpt>
  <trkpt lat="14.63781990" lon="101.14716848"><ele>183.058</ele><time>2025-01-14T03:44:15Z</time><speed>18.085</speed><sat>25</sat></trkpt>
  <trkpt lat="14.63773640" lon="101.14702357"><ele>181.758</ele><time>2025-01-14T03:44:16Z</time><speed>18.124</speed><sat>26</sat></trkpt>
  <trkpt lat="14.63764302" lon="101.14688459"><ele>180.622</ele><time>2025-01-14T03:44:17Z</time><speed>18.143</speed><sat>23</sat></trkpt>
  <trkpt lat="14.63754285" lon="101.14674734"><ele>179.120</ele><time>2025-01-14T03:44:18Z</time><speed>18.239</speed><sat>21</sat></trkpt>
  <trkpt lat="14.63733715" lon="101.14647436"><ele>177.478</ele><time>2025-01-14T03:44:20Z</time><speed>18.483</speed><sat>23</sat></trkpt>
  <trkpt lat="14.63723559" lon="101.14633212"><ele>176.843</ele><time>2025-01-14T03:44:21Z</time><speed>18.554</speed><sat>24</sat></trkpt>
  <trkpt lat="14.63713713" lon="101.14618629"><ele>177.370</ele><time>2025-01-14T03:44:22Z</time><speed>18.371</speed><sat>25</sat></trkpt>
  <trkpt lat="14.63704796" lon="101.14603829"><ele>176.874</ele><time>2025-01-14T03:44:23Z</time><speed>18.317</speed><sat>25</sat></trkpt>
  <trkpt lat="14.63696689" lon="101.14588422"><ele>175.952</ele><time>2025-01-14T03:44:24Z</time><speed>18.377</speed><sat>26</sat></trkpt>
  <trkpt lat="14.63689660" lon="101.14572825"><ele>175.574</ele><time>2025-01-14T03:44:25Z</time><speed>18.422</speed><sat>25</sat></trkpt>
  <trkpt lat="14.63684111" lon="101.14556659"><ele>175.069</ele><time>2025-01-14T03:44:26Z</time><speed>18.478</speed><sat>24</sat></trkpt>
  <trkpt lat="14.63680211" lon="101.14540013"><ele>174.392</ele><time>2025-01-14T03:44:27Z</time><speed>18.594</speed><sat>24</sat></trkpt>
  <trkpt lat="14.63677677" lon="101.14522749"><ele>172.918</ele><time>2025-01-14T03:44:28Z</time><speed>18.852</speed><sat>25</sat></trkpt>
  <trkpt lat="14.63676582" lon="101.14505467"><ele>172.688</ele><time>2025-01-14T03:44:29Z</time><speed>18.860</speed><sat>26</sat></trkpt>
  <trkpt lat="14.63677111" lon="101.14488184"><ele>172.248</ele><time>2025-01-14T03:44:30Z</time><speed>18.840</speed><sat>23</sat></trkpt>
  <trkpt lat="14.63679372" lon="101.14471437"><ele>171.996</ele><time>2025-01-14T03:44:31Z</time><speed>18.826</speed><sat>25</sat></trkpt>
  <trkpt lat="14.63683399" lon="101.14454549"><ele>171.552</ele><time>2025-01-14T03:44:32Z</time><speed>18.899</speed><sat>25</sat></trkpt>
  <trkpt lat="14.63689402" lon="101.14438209"><ele>170.180</ele><time>2025-01-14T03:44:33Z</time><speed>18.979</speed><sat>24</sat></trkpt>
  <trkpt lat="14.63696355" lon="101.14422227"><ele>169.158</ele><time>2025-01-14T03:44:34Z</time><speed>19.176</speed><sat>22</sat></trkpt>
  <trkpt lat="14.63704175" lon="101.14406182"><ele>168.068</ele><time>2025-01-14T03:44:35Z</time><speed>19.467</speed><sat>20</sat></trkpt>
  <trkpt lat="14.63712818" lon="101.14390006"><ele>166.720</ele><time>2025-01-14T03:44:36Z</time><speed>20.045</speed><sat>22</sat></trkpt>
  <trkpt lat="14.63722013" lon="101.14373322"><ele>165.116</ele><time>2025-01-14T03:44:37Z</time><speed>20.848</speed><sat>20</sat></trkpt>
  <trkpt lat="14.63731512" lon="101.14355315"><ele>163.425</ele><time>2025-01-14T03:44:38Z</time><speed>21.754</speed><sat>21</sat></trkpt>
  <trkpt lat="14.63740987" lon="101.14336925"><ele>162.385</ele><time>2025-01-14T03:44:39Z</time><speed>21.950</speed><sat>21</sat></trkpt>
  <trkpt lat="14.63749717" lon="101.14318368"><ele>161.505</ele><time>2025-01-14T03:44:40Z</time><speed>22.115</speed><sat>21</sat></trkpt>
  <trkpt lat="14.63758267" lon="101.14299884"><ele>160.644</ele><time>2025-01-14T03:44:41Z</time><speed>22.105</speed><sat>21</sat></trkpt>
  <trkpt lat="14.63766471" lon="101.14281442"><ele>160.322</ele><time>2025-01-14T03:44:42Z</time><speed>22.205</speed><sat>21</sat></trkpt>
  <trkpt lat="14.63774215" lon="101.14262474"><ele>159.776</ele><time>2025-01-14T03:44:43Z</time><speed>22.556</speed><sat>19</sat></trkpt>
  <trkpt lat="14.63781874" lon="101.14242937"><ele>159.365</ele><time>2025-01-14T03:44:44Z</time><speed>22.649</speed><sat>20</sat></trkpt>
  <trkpt lat="14.63789264" lon="101.14223392"><ele>158.677</ele><time>2025-01-14T03:44:45Z</time><speed>22.402</speed><sat>17</sat></trkpt>
  <trkpt lat="14.63796204" lon="101.14203718"><ele>158.195</ele><time>2025-01-14T03:44:46Z</time><speed>22.434</speed><sat>18</sat></trkpt>
  <trkpt lat="14.63802870" lon="101.14183965"><ele>157.524</ele><time>2025-01-14T03:44:47Z</time><speed>22.685</speed><sat>16</sat></trkpt>
  <trkpt lat="14.63809488" lon="101.14163607"><ele>156.863</ele><time>2025-01-14T03:44:48Z</time><speed>22.769</speed><sat>18</sat></trkpt>
  <trkpt lat="14.63815380" lon="101.14143148"><ele>156.450</ele><time>2025-01-14T03:44:49Z</time><speed>22.646</speed><sat>18</sat></trkpt>
  <trkpt lat="14.63820860" lon="101.14122615"><ele>155.463</ele><time>2025-01-14T03:44:50Z</time><speed>22.449</speed><sat>19</sat></trkpt>
  <trkpt lat="14.63826025" lon="101.14101906"><ele>154.092</ele><time>2025-01-14T03:44:51Z</time><speed>22.364</speed><sat>20</sat></trkpt>
  <trkpt lat="14.63830495" lon="101.14081360"><ele>152.794</ele><time>2025-01-14T03:44:52Z</time><speed>22.541</speed><sat>19</sat></trkpt>
  <trkpt lat="14.63834539" lon="101.14060516"><ele>152.139</ele><time>2025-01-14T03:44:53Z</time><speed>22.485</speed><sat>20</sat></trkpt>
  <trkpt lat="14.63838222" lon="101.14039830"><ele>151.981</ele><time>2025-01-14T03:44:54Z</time><speed>22.494</speed><sat>18</sat></trkpt>
  <trkpt lat="14.63841518" lon="101.14019104"><ele>152.038</ele><time>2025-01-14T03:44:55Z</time><speed>22.754</speed><sat>20</sat></trkpt>
  <trkpt lat="14.63844587" lon="101.13998086"><ele>151.931</ele><time>2025-01-14T03:44:56Z</time><speed>22.936</speed><sat>23</sat></trkpt>
  <trkpt lat="14.63847162" lon="101.13976908"><ele>151.903</ele><time>2025-01-14T03:44:57Z</time><speed>22.871</speed><sat>22</sat></trkpt>
  <trkpt lat="14.63849243" lon="101.13955579"><ele>151.294</ele><time>2025-01-14T03:44:58Z</time><speed>23.094</speed><sat>20</sat></trkpt>
  <trkpt lat="14.63851218" lon="101.13934137"><ele>150.646</ele><time>2025-01-14T03:44:59Z</time><speed>23.338</speed><sat>21</sat></trkpt>
  <trkpt lat="14.63853068" lon="101.13912409"><ele>150.247</ele><time>2025-01-14T03:45:00Z</time><speed>23.420</speed><sat>21</sat></trkpt>
  <trkpt lat="14.63855063" lon="101.13890821"><ele>149.639</ele><time>2025-01-14T03:45:01Z</time><speed>23.141</speed><sat>21</sat></trkpt>
  <trkpt lat="14.63856890" lon="101.13869626"><ele>148.838</ele><time>2025-01-14T03:45:02Z</time><speed>22.964</speed><sat>21</sat></trkpt>
  <trkpt lat="14.63858780" lon="101.13848389"><ele>147.897</ele><time>2025-01-14T03:45:03Z</time><speed>23.080</speed><sat>21</sat></trkpt>
  <trkpt lat="14.63860693" lon="101.13827003"><ele>147.130</ele><time>2025-01-14T03:45:04Z</time><speed>22.930</speed><sat>22</sat></trkpt>
  <trkpt lat="14.63862574" lon="101.13805725"><ele>146.333</ele><time>2025-01-14T03:45:05Z</time><speed>22.693</speed><sat>21</sat></trkpt>
  <trkpt lat="14.63864427" lon="101.13784736"><ele>145.603</ele><time>2025-01-14T03:45:06Z</time><speed>22.503</speed><sat>22</sat></trkpt>
  <trkpt lat="14.63866095" lon="101.13763840"><ele>145.149</ele><time>2025-01-14T03:45:07Z</time><speed>22.556</speed><sat>19</sat></trkpt>
  <trkpt lat="14.63867849" lon="101.13742800"><ele>144.987</ele><time>2025-01-14T03:45:08Z</time><speed>22.494</speed><sat>21</sat></trkpt>
  <trkpt lat="14.63869943" lon="101.13722073"><ele>144.194</ele><time>2025-01-14T03:45:09Z</time><speed>22.337</speed><sat>22</sat></trkpt>
  <trkpt lat="14.63872030" lon="101.13701571"><ele>143.331</ele><time>2025-01-14T03:45:10Z</time><speed>22.323</speed><sat>22</sat></trkpt>
  <trkpt lat="14.63873873" lon="101.13681061"><ele>142.339</ele><time>2025-01-14T03:45:11Z</time><speed>21.907</speed><sat>24</sat></trkpt>
  <trkpt lat="14.63875897" lon="101.13661210"><ele>142.060</ele><time>2025-01-14T03:45:12Z</time><speed>21.487</speed><sat>23</sat></trkpt>
  <trkpt lat="14.63877902" lon="101.13641764"><ele>141.915</ele><time>2025-01-14T03:45:13Z</time><speed>21.227</speed><sat>22</sat></trkpt>
  <trkpt lat="14.63879770" lon="101.13622332"><ele>141.951</ele><time>2025-01-14T03:45:14Z</time><speed>21.101</speed><sat>24</sat></trkpt>
  <trkpt lat="14.63881562" lon="101.13603179"><ele>141.488</ele><time>2025-01-14T03:45:15Z</time><speed>21.186</speed><sat>22</sat></trkpt>
  <trkpt lat="14.63883184" lon="101.13583903"><ele>141.144</ele><time>2025-01-14T03:45:16Z</time><speed>20.919</speed><sat>20</sat></trkpt>
  <trkpt lat="14.63884908" lon="101.13564699"><ele>140.942</ele><time>2025-01-14T03:45:17Z</time><speed>20.885</speed><sat>20</sat></trkpt>
  <trkpt lat="14.63886540" lon="101.13545177"><ele>140.348</ele><time>2025-01-14T03:45:18Z</time><speed>21.264</speed><sat>21</sat></trkpt>
  <trkpt lat="14.63887953" lon="101.13525273"><ele>140.369</ele><time>2025-01-14T03:45:19Z</time><speed>21.547</speed><sat>22</sat></trkpt>
  <trkpt lat="14.63889223" lon="101.13505348"><ele>140.313</ele><time>2025-01-14T03:45:20Z</time><speed>21.083</speed><sat>22</sat></trkpt>
  <trkpt lat="14.63890449" lon="101.13486088"><ele>140.472</ele><time>2025-01-14T03:45:21Z</time><speed>20.397</speed><sat>22</sat></trkpt>
  <trkpt lat="14.63891680" lon="101.13467406"><ele>140.510</ele><time>2025-01-14T03:45:22Z</time><speed>19.815</speed><sat>21</sat></trkpt>
  <trkpt lat="14.63893000" lon="101.13449736"><ele>140.481</ele><time>2025-01-14T03:45:23Z</time><speed>19.170</speed><sat>21</sat></trkpt>
  <trkpt lat="14.63894406" lon="101.13432290"><ele>140.252</ele><time>2025-01-14T03:45:24Z</time><speed>19.102</speed><sat>22</sat></trkpt>
  <trkpt lat="14.63895698" lon="101.13414786"><ele>140.557</ele><time>2025-01-14T03:45:25Z</time><speed>18.891</speed><sat>22</sat></trkpt>
  <trkpt lat="14.63897062" lon="101.13397434"><ele>140.908</ele><time>2025-01-14T03:45:26Z</time><speed>18.795</speed><sat>23</sat></trkpt>
  <trkpt lat="14.63898466" lon="101.13380352"><ele>140.870</ele><time>2025-01-14T03:45:27Z</time><speed>18.549</speed><sat>22</sat></trkpt>
  <trkpt lat="14.63899843" lon="101.13363279"><ele>140.783</ele><time>2025-01-14T03:45:28Z</time><speed>18.630</speed><sat>24</sat></trkpt>
  <trkpt lat="14.63900951" lon="101.13346191"><ele>140.979</ele><time>2025-01-14T03:45:29Z</time><speed>18.669</speed><sat>25</sat></trkpt>
  <trkpt lat="14.63901985" lon="101.13329163"><ele>140.927</ele><time>2025-01-14T03:45:30Z</time><speed>18.688</speed><sat>21</sat></trkpt>
  <trkpt lat="14.63902619" lon="101.13312154"><ele>141.311</ele><time>2025-01-14T03:45:31Z</time><speed>18.491</speed><sat>26</sat></trkpt>
  <trkpt lat="14.63902985" lon="101.13295008"><ele>141.207</ele><time>2025-01-14T03:45:32Z</time><speed>18.229</speed><sat>26</sat></trkpt>
  <trkpt lat="14.63903049" lon="101.13278107"><ele>141.590</ele><time>2025-01-14T03:45:33Z</time><speed>18.309</speed><sat>26</sat></trkpt>
  <trkpt lat="14.63902913" lon="101.13261195"><ele>141.949</ele><time>2025-01-14T03:45:34Z</time><speed>18.477</speed><sat>24</sat></trkpt>
  <trkpt lat="14.63902617" lon="101.13244296"><ele>142.068</ele><time>2025-01-14T03:45:35Z</time><speed>18.599</speed><sat>24</sat></trkpt>
  <trkpt lat="14.63901842" lon="101.13227000"><ele>142.406</ele><time>2025-01-14T03:45:36Z</time><speed>18.790</speed><sat>21</sat></trkpt>
  <trkpt lat="14.63900863" lon="101.13209480"><ele>142.385</ele><time>2025-01-14T03:45:37Z</time><speed>18.631</speed><sat>21</sat></trkpt>
  <trkpt lat="14.63899779" lon="101.13192218"><ele>142.072</ele><time>2025-01-14T03:45:38Z</time><speed>18.632</speed><sat>23</sat></trkpt>
  <trkpt lat="14.63898638" lon="101.13174906"><ele>141.965</ele><time>2025-01-14T03:45:39Z</time><speed>18.572</speed><sat>21</sat></trkpt>
  <trkpt lat="14.63897306" lon="101.13157375"><ele>142.154</ele><time>2025-01-14T03:45:40Z</time><speed>18.829</speed><sat>21</sat></trkpt>
  <trkpt lat="14.63895777" lon="101.13139794"><ele>142.343</ele><time>2025-01-14T03:45:41Z</time><speed>18.935</speed><sat>21</sat></trkpt>
  <trkpt lat="14.63894134" lon="101.13122004"><ele>142.458</ele><time>2025-01-14T03:45:42Z</time><speed>18.974</speed><sat>22</sat></trkpt>
  <trkpt lat="14.63892138" lon="101.13104561"><ele>142.360</ele><time>2025-01-14T03:45:43Z</time><speed>18.807</speed><sat>21</sat></trkpt>
  <trkpt lat="14.63890219" lon="101.13087912"><ele>142.643</ele><time>2025-01-14T03:45:44Z</time><speed>18.638</speed><sat>17</sat></trkpt>
  <trkpt lat="14.63887812" lon="101.13071003"><ele>142.447</ele><time>2025-01-14T03:45:45Z</time><speed>18.588</speed><sat>19</sat></trkpt>
  <trkpt lat="14.63885238" lon="101.13054140"><ele>142.124</ele><time>2025-01-14T03:45:46Z</time><speed>18.302</speed><sat>18</sat></trkpt>
  <trkpt lat="14.63882975" lon="101.13037636"><ele>141.885</ele><time>2025-01-14T03:45:47Z</time><speed>18.284</speed><sat>17</sat></trkpt>
  <trkpt lat="14.63880648" lon="101.13020964"><ele>141.468</ele><time>2025-01-14T03:45:48Z</time><speed>18.498</speed><sat>17</sat></trkpt>
  <trkpt lat="14.63878245" lon="101.13004210"><ele>141.699</ele><time>2025-01-14T03:45:49Z</time><speed>18.347</speed><sat>20</sat></trkpt>
  <trkpt lat="14.63875648" lon="101.12987433"><ele>141.942</ele><time>2025-01-14T03:45:50Z</time><speed>18.350</speed><sat>19</sat></trkpt>
  <trkpt lat="14.63872936" lon="101.12970407"><ele>142.156</ele><time>2025-01-14T03:45:51Z</time><speed>18.373</speed><sat>20</sat></trkpt>
  <trkpt lat="14.63870433" lon="101.12953733"><ele>142.117</ele><time>2025-01-14T03:45:52Z</time><speed>17.866</speed><sat>19</sat></trkpt>
  <trkpt lat="14.63867782" lon="101.12937222"><ele>141.904</ele><time>2025-01-14T03:45:53Z</time><speed>17.454</speed><sat>20</sat></trkpt>
  <trkpt lat="14.63865250" lon="101.12921285"><ele>141.557</ele><time>2025-01-14T03:45:54Z</time><speed>16.926</speed><sat>22</sat></trkpt>
  <trkpt lat="14.63863049" lon="101.12906206"><ele>141.061</ele><time>2025-01-14T03:45:55Z</time><speed>16.084</speed><sat>22</sat></trkpt>
  <trkpt lat="14.63860867" lon="101.12891506"><ele>141.025</ele><time>2025-01-14T03:45:56Z</time><speed>15.284</speed><sat>23</sat></trkpt>
  <trkpt lat="14.63858872" lon="101.12877467"><ele>141.043</ele><time>2025-01-14T03:45:57Z</time><speed>14.403</speed><sat>23</sat></trkpt>
  <trkpt lat="14.63856981" lon="101.12864378"><ele>141.165</ele><time>2025-01-14T03:45:58Z</time><speed>13.416</speed><sat>24</sat></trkpt>
  <trkpt lat="14.63855224" lon="101.12852344"><ele>140.921</ele><time>2025-01-14T03:45:59Z</time><speed>12.379</speed><sat>26</sat></trkpt>
  <trkpt lat="14.63853482" lon="101.12841738"><ele>140.447</ele><time>2025-01-14T03:46:00Z</time><speed>11.451</speed><sat>26</sat></trkpt>
  <trkpt lat="14.63851772" lon="101.12831938"><ele>140.275</ele><time>2025-01-14T03:46:01Z</time><speed>10.679</speed><sat>26</sat></trkpt>
  <trkpt lat="14.63850397" lon="101.12822760"><ele>140.505</ele><time>2025-01-14T03:46:02Z</time><speed>10.638</speed><sat>25</sat></trkpt>
  <trkpt lat="14.63849137" lon="101.12813198"><ele>140.223</ele><time>2025-01-14T03:46:03Z</time><speed>11.029</speed><sat>16</sat></trkpt>
  <trkpt lat="14.63846381" lon="101.12792426"><ele>139.535</ele><time>2025-01-14T03:46:05Z</time><speed>12.290</speed><sat>15</sat></trkpt>
  <trkpt lat="14.63845468" lon="101.12781076"><ele>138.910</ele><time>2025-01-14T03:46:06Z</time><speed>12.948</speed><sat>20</sat></trkpt>
  <trkpt lat="14.63845189" lon="101.12770174"><ele>138.214</ele><time>2025-01-14T03:46:07Z</time><speed>13.265</speed><sat>22</sat></trkpt>
  <trkpt lat="14.63844405" lon="101.12758262"><ele>137.595</ele><time>2025-01-14T03:46:08Z</time><speed>13.899</speed><sat>21</sat></trkpt>
  <trkpt lat="14.63843254" lon="101.12745453"><ele>137.052</ele><time>2025-01-14T03:46:09Z</time><speed>14.414</speed><sat>22</sat></trkpt>
  <trkpt lat="14.63841998" lon="101.12732191"><ele>136.288</ele><time>2025-01-14T03:46:10Z</time><speed>14.389</speed><sat>23</sat></trkpt>
  <trkpt lat="14.63840245" lon="101.12718925"><ele>136.023</ele><time>2025-01-14T03:46:11Z</time><speed>14.558</speed><sat>24</sat></trkpt>
  <trkpt lat="14.63838100" lon="101.12705486"><ele>135.999</ele><time>2025-01-14T03:46:12Z</time><speed>14.667</speed><sat>24</sat></trkpt>
  <trkpt lat="14.63836076" lon="101.12692109"><ele>135.777</ele><time>2025-01-14T03:46:13Z</time><speed>14.694</speed><sat>25</sat></trkpt>
  <trkpt lat="14.63834234" lon="101.12678570"><ele>134.711</ele><time>2025-01-14T03:46:14Z</time><speed>14.913</speed><sat>23</sat></trkpt>
  <trkpt lat="14.63832363" lon="101.12664605"><ele>134.158</ele><time>2025-01-14T03:46:15Z</time><speed>15.245</speed><sat>25</sat></trkpt>
  <trkpt lat="14.63830585" lon="101.12649821"><ele>133.688</ele><time>2025-01-14T03:46:16Z</time><speed>15.845</speed><sat>25</sat></trkpt>
  <trkpt lat="14.63829017" lon="101.12634984"><ele>133.331</ele><time>2025-01-14T03:46:17Z</time><speed>16.241</speed><sat>24</sat></trkpt>
  <trkpt lat="14.63827169" lon="101.12619789"><ele>133.987</ele><time>2025-01-14T03:46:18Z</time><speed>16.674</speed><sat>23</sat></trkpt>
  <trkpt lat="14.63825336" lon="101.12604093"><ele>134.468</ele><time>2025-01-14T03:46:19Z</time><speed>17.054</speed><sat>23</sat></trkpt>
  <trkpt lat="14.63823351" lon="101.12588358"><ele>134.435</ele><time>2025-01-14T03:46:20Z</time><speed>17.410</speed><sat>21</sat></trkpt>
  <trkpt lat="14.63821561" lon="101.12572182"><ele>134.333</ele><time>2025-01-14T03:46:21Z</time><speed>17.654</speed><sat>22</sat></trkpt>
  <trkpt lat="14.63819473" lon="101.12555894"><ele>134.370</ele><time>2025-01-14T03:46:22Z</time><speed>17.979</speed><sat>24</sat></trkpt>
  <trkpt lat="14.63817358" lon="101.12539260"><ele>134.351</ele><time>2025-01-14T03:46:23Z</time><speed>18.320</speed><sat>23</sat></trkpt>
  <trkpt lat="14.63815232" lon="101.12522549"><ele>134.361</ele><time>2025-01-14T03:46:24Z</time><speed>18.498</speed><sat>22</sat></trkpt>
  <trkpt lat="14.63813040" lon="101.12505458"><ele>134.559</ele><time>2025-01-14T03:46:25Z</time><speed>18.888</speed><sat>23</sat></trkpt>
  <trkpt lat="14.63810754" lon="101.12487645"><ele>134.458</ele><time>2025-01-14T03:46:26Z</time><speed>19.221</speed><sat>24</sat></trkpt>
  <trkpt lat="14.63808470" lon="101.12469611"><ele>134.564</ele><time>2025-01-14T03:46:27Z</time><speed>19.273</speed><sat>23</sat></trkpt>
  <trkpt lat="14.63806171" lon="101.12451566"><ele>134.368</ele><time>2025-01-14T03:46:28Z</time><speed>19.402</speed><sat>25</sat></trkpt>
  <trkpt lat="14.63803918" lon="101.12433679"><ele>134.320</ele><time>2025-01-14T03:46:29Z</time><speed>19.407</speed><sat>24</sat></trkpt>
  <trkpt lat="14.63801547" lon="101.12415630"><ele>134.295</ele><time>2025-01-14T03:46:30Z</time><speed>19.782</speed><sat>26</sat></trkpt>
  <trkpt lat="14.63799071" lon="101.12397207"><ele>133.782</ele><time>2025-01-14T03:46:31Z</time><speed>19.675</speed><sat>24</sat></trkpt>
  <trkpt lat="14.63796660" lon="101.12379159"><ele>133.191</ele><time>2025-01-14T03:46:32Z</time><speed>19.881</speed><sat>25</sat></trkpt>
  <trkpt lat="14.63794348" lon="101.12360618"><ele>132.563</ele><time>2025-01-14T03:46:33Z</time><speed>20.028</speed><sat>25</sat></trkpt>
  <trkpt lat="14.63792085" lon="101.12341927"><ele>131.849</ele><time>2025-01-14T03:46:34Z</time><speed>19.991</speed><sat>24</sat></trkpt>
  <trkpt lat="14.63789632" lon="101.12323253"><ele>131.485</ele><time>2025-01-14T03:46:35Z</time><speed>20.220</speed><sat>25</sat></trkpt>
  <trkpt lat="14.63787020" lon="101.12304702"><ele>131.012</ele><time>2025-01-14T03:46:36Z</time><speed>20.208</speed><sat>25</sat></trkpt>
  <trkpt lat="14.63784296" lon="101.12286236"><ele>129.866</ele><time>2025-01-14T03:46:37Z</time><speed>20.215</speed><sat>25</sat></trkpt>
  <trkpt lat="14.63781715" lon="101.12267519"><ele>128.422</ele><time>2025-01-14T03:46:38Z</time><speed>20.546</speed><sat>24</sat></trkpt>
  <trkpt lat="14.63779104" lon="101.12248574"><ele>126.835</ele><time>2025-01-14T03:46:39Z</time><speed>20.665</speed><sat>25</sat></trkpt>
  <trkpt lat="14.63776703" lon="101.12229687"><ele>125.500</ele><time>2025-01-14T03:46:40Z</time><speed>20.748</speed><sat>24</sat></trkpt>
  <trkpt lat="14.63774618" lon="101.12210286"><ele>124.441</ele><time>2025-01-14T03:46:41Z</time><speed>20.893</speed><sat>24</sat></trkpt>
  <trkpt lat="14.63772714" lon="101.12191015"><ele>124.164</ele><time>2025-01-14T03:46:42Z</time><speed>21.135</speed><sat>24</sat></trkpt>
  <trkpt lat="14.63770926" lon="101.12171265"><ele>123.449</ele><time>2025-01-14T03:46:43Z</time><speed>21.414</speed><sat>23</sat></trkpt>
  <trkpt lat="14.63768800" lon="101.12151503"><ele>122.302</ele><time>2025-01-14T03:46:44Z</time><speed>21.437</speed><sat>22</sat></trkpt>
  <trkpt lat="14.63766660" lon="101.12131874"><ele>120.877</ele><time>2025-01-14T03:46:45Z</time><speed>21.490</speed><sat>23</sat></trkpt>
  <trkpt lat="14.63764113" lon="101.12112123"><ele>119.598</ele><time>2025-01-14T03:46:46Z</time><speed>21.579</speed><sat>24</sat></trkpt>
  <trkpt lat="14.63761548" lon="101.12092314"><ele>118.377</ele><time>2025-01-14T03:46:47Z</time><speed>21.759</speed><sat>23</sat></trkpt>
  <trkpt lat="14.63759040" lon="101.12072234"><ele>117.356</ele><time>2025-01-14T03:46:48Z</time><speed>21.781</speed><sat>24</sat></trkpt>
  <trkpt lat="14.63756373" lon="101.12052113"><ele>116.400</ele><time>2025-01-14T03:46:49Z</time><speed>21.916</speed><sat>24</sat></trkpt>
  <trkpt lat="14.63753624" lon="101.12031836"><ele>115.774</ele><time>2025-01-14T03:46:50Z</time><speed>21.983</speed><sat>25</sat></trkpt>
  <trkpt lat="14.63750935" lon="101.12011426"><ele>115.413</ele><time>2025-01-14T03:46:51Z</time><speed>22.101</speed><sat>25</sat></trkpt>
  <trkpt lat="14.63748005" lon="101.11990814"><ele>114.907</ele><time>2025-01-14T03:46:52Z</time><speed>22.224</speed><sat>24</sat></trkpt>
  <trkpt lat="14.63744993" lon="101.11969959"><ele>114.464</ele><time>2025-01-14T03:46:53Z</time><speed>22.199</speed><sat>23</sat></trkpt>
  <trkpt lat="14.63742013" lon="101.11949120"><ele>113.887</ele><time>2025-01-14T03:46:54Z</time><speed>22.117</speed><sat>23</sat></trkpt>
  <trkpt lat="14.63739358" lon="101.11929116"><ele>113.495</ele><time>2025-01-14T03:46:55Z</time><speed>21.971</speed><sat>25</sat></trkpt>
  <trkpt lat="14.63736795" lon="101.11909136"><ele>112.920</ele><time>2025-01-14T03:46:56Z</time><speed>21.901</speed><sat>25</sat></trkpt>
  <trkpt lat="14.63734257" lon="101.11889393"><ele>112.410</ele><time>2025-01-14T03:46:57Z</time><speed>21.681</speed><sat>26</sat></trkpt>
  <trkpt lat="14.63731670" lon="101.11869832"><ele>111.517</ele><time>2025-01-14T03:46:58Z</time><speed>21.761</speed><sat>27</sat></trkpt>
  <trkpt lat="14.63728828" lon="101.11849970"><ele>110.820</ele><time>2025-01-14T03:46:59Z</time><speed>22.065</speed><sat>26</sat></trkpt>
  <trkpt lat="14.63725610" lon="101.11829700"><ele>110.418</ele><time>2025-01-14T03:47:00Z</time><speed>22.118</speed><sat>26</sat></trkpt>
  <trkpt lat="14.63722421" lon="101.11809428"><ele>109.718</ele><time>2025-01-14T03:47:01Z</time><speed>22.003</speed><sat>27</sat></trkpt>
  <trkpt lat="14.63718912" lon="101.11789266"><ele>108.914</ele><time>2025-01-14T03:47:02Z</time><speed>21.911</speed><sat>25</sat></trkpt>
  <trkpt lat="14.63715180" lon="101.11769097"><ele>108.361</ele><time>2025-01-14T03:47:03Z</time><speed>22.031</speed><sat>25</sat></trkpt>
  <trkpt lat="14.63711159" lon="101.11748743"><ele>107.530</ele><time>2025-01-14T03:47:04Z</time><speed>22.268</speed><sat>24</sat></trkpt>
  <trkpt lat="14.63706791" lon="101.11728459"><ele>106.561</ele><time>2025-01-14T03:47:05Z</time><speed>22.339</speed><sat>24</sat></trkpt>
  <trkpt lat="14.63702160" lon="101.11708067"><ele>105.975</ele><time>2025-01-14T03:47:06Z</time><speed>22.428</speed><sat>24</sat></trkpt>
  <trkpt lat="14.63697363" lon="101.11687717"><ele>104.977</ele><time>2025-01-14T03:47:07Z</time><speed>22.566</speed><sat>25</sat></trkpt>
  <trkpt lat="14.63692271" lon="101.11667515"><ele>103.862</ele><time>2025-01-14T03:47:08Z</time><speed>22.697</speed><sat>25</sat></trkpt>
  <trkpt lat="14.63686874" lon="101.11647373"><ele>102.519</ele><time>2025-01-14T03:47:09Z</time><speed>22.854</speed><sat>23</sat></trkpt>
  <trkpt lat="14.63681399" lon="101.11627310"><ele>101.101</ele><time>2025-01-14T03:47:10Z</time><speed>22.879</speed><sat>26</sat></trkpt>
  <trkpt lat="14.63675230" lon="101.11607010"><ele>99.240</ele><time>2025-01-14T03:47:11Z</time><speed>22.974</speed><sat>26</sat></trkpt>
  <trkpt lat="14.63668623" lon="101.11586634"><ele>97.855</ele><time>2025-01-14T03:47:12Z</time><speed>22.970</speed><sat>25</sat></trkpt>
  <trkpt lat="14.63662229" lon="101.11566853"><ele>96.535</ele><time>2025-01-14T03:47:13Z</time><speed>22.918</speed><sat>24</sat></trkpt>
  <trkpt lat="14.63655457" lon="101.11546723"><ele>95.773</ele><time>2025-01-14T03:47:14Z</time><speed>23.050</speed><sat>23</sat></trkpt>
  <trkpt lat="14.63648573" lon="101.11526519"><ele>94.959</ele><time>2025-01-14T03:47:15Z</time><speed>23.065</speed><sat>24</sat></trkpt>
  <trkpt lat="14.63641377" lon="101.11505846"><ele>94.219</ele><time>2025-01-14T03:47:16Z</time><speed>23.209</speed><sat>23</sat></trkpt>
  <trkpt lat="14.63634407" lon="101.11485197"><ele>92.681</ele><time>2025-01-14T03:47:17Z</time><speed>23.347</speed><sat>24</sat></trkpt>
  <trkpt lat="14.63627390" lon="101.11464760"><ele>91.646</ele><time>2025-01-14T03:47:18Z</time><speed>23.408</speed><sat>25</sat></trkpt>
  <trkpt lat="14.63620182" lon="101.11443979"><ele>91.468</ele><time>2025-01-14T03:47:19Z</time><speed>23.568</speed><sat>23</sat></trkpt>
  <trkpt lat="14.63612454" lon="101.11423678"><ele>90.732</ele><time>2025-01-14T03:47:20Z</time><speed>23.629</speed><sat>23</sat></trkpt>
  <trkpt lat="14.63604996" lon="101.11403374"><ele>89.925</ele><time>2025-01-14T03:47:21Z</time><speed>23.720</speed><sat>24</sat></trkpt>
  <trkpt lat="14.63597584" lon="101.11383042"><ele>89.124</ele><time>2025-01-14T03:47:22Z</time><speed>23.700</speed><sat>23</sat></trkpt>
  <trkpt lat="14.63589910" lon="101.11362726"><ele>88.461</ele><time>2025-01-14T03:47:23Z</time><speed>23.911</speed><sat>24</sat></trkpt>
  <trkpt lat="14.63581954" lon="101.11342175"><ele>87.746</ele><time>2025-01-14T03:47:24Z</time><speed>24.129</speed><sat>22</sat></trkpt>
  <trkpt lat="14.63574319" lon="101.11321406"><ele>87.697</ele><time>2025-01-14T03:47:25Z</time><speed>23.915</speed><sat>23</sat></trkpt>
  <trkpt lat="14.63566517" lon="101.11300918"><ele>87.933</ele><time>2025-01-14T03:47:26Z</time><speed>23.698</speed><sat>26</sat></trkpt>
  <trkpt lat="14.63558843" lon="101.11280515"><ele>87.862</ele><time>2025-01-14T03:47:27Z</time><speed>23.661</speed><sat>25</sat></trkpt>
  <trkpt lat="14.63551309" lon="101.11260143"><ele>87.849</ele><time>2025-01-14T03:47:28Z</time><speed>23.381</speed><sat>25</sat></trkpt>
  <trkpt lat="14.63543311" lon="101.11239969"><ele>87.550</ele><time>2025-01-14T03:47:29Z</time><speed>23.073</speed><sat>25</sat></trkpt>
  <trkpt lat="14.63535830" lon="101.11219969"><ele>86.947</ele><time>2025-01-14T03:47:30Z</time><speed>22.859</speed><sat>26</sat></trkpt>
  <trkpt lat="14.63528562" lon="101.11199799"><ele>86.389</ele><time>2025-01-14T03:47:31Z</time><speed>22.940</speed><sat>26</sat></trkpt>
  <trkpt lat="14.63521347" lon="101.11179960"><ele>85.756</ele><time>2025-01-14T03:47:32Z</time><speed>22.572</speed><sat>23</sat></trkpt>
  <trkpt lat="14.63514412" lon="101.11160332"><ele>85.249</ele><time>2025-01-14T03:47:33Z</time><speed>22.324</speed><sat>25</sat></trkpt>
  <trkpt lat="14.63507943" lon="101.11140723"><ele>84.707</ele><time>2025-01-14T03:47:34Z</time><speed>22.427</speed><sat>25</sat></trkpt>
  <trkpt lat="14.63501232" lon="101.11120620"><ele>84.427</ele><time>2025-01-14T03:47:35Z</time><speed>22.602</speed><sat>22</sat></trkpt>
  <trkpt lat="14.63494724" lon="101.11100827"><ele>83.712</ele><time>2025-01-14T03:47:36Z</time><speed>22.514</speed><sat>23</sat></trkpt>
  <trkpt lat="14.63488087" lon="101.11081475"><ele>82.724</ele><time>2025-01-14T03:47:37Z</time><speed>22.382</speed><sat>24</sat></trkpt>
  <trkpt lat="14.63481460" lon="101.11061898"><ele>82.699</ele><time>2025-01-14T03:47:38Z</time><speed>22.510</speed><sat>24</sat></trkpt>
  <trkpt lat="14.63474407" lon="101.11041895"><ele>81.755</ele><time>2025-01-14T03:47:39Z</time><speed>22.403</speed><sat>22</sat></trkpt>
  <trkpt lat="14.63467615" lon="101.11022460"><ele>81.231</ele><time>2025-01-14T03:47:40Z</time><speed>22.380</speed><sat>24</sat></trkpt>
  <trkpt lat="14.63461135" lon="101.11003034"><ele>80.412</ele><time>2025-01-14T03:47:41Z</time><speed>22.464</speed><sat>24</sat></trkpt>
  <trkpt lat="14.63454706" lon="101.10983474"><ele>79.827</ele><time>2025-01-14T03:47:42Z</time><speed>22.545</speed><sat>21</sat></trkpt>
  <trkpt lat="14.63448318" lon="101.10964111"><ele>78.818</ele><time>2025-01-14T03:47:43Z</time><speed>22.570</speed><sat>21</sat></trkpt>
  <trkpt lat="14.63441472" lon="101.10944419"><ele>79.276</ele><time>2025-01-14T03:47:44Z</time><speed>22.599</speed><sat>20</sat></trkpt>
  <trkpt lat="14.63434549" lon="101.10925131"><ele>78.558</ele><time>2025-01-14T03:47:45Z</time><speed>22.226</speed><sat>22</sat></trkpt>
  <trkpt lat="14.63427608" lon="101.10905474"><ele>78.621</ele><time>2025-01-14T03:47:46Z</time><speed>22.237</speed><sat>22</sat></trkpt>
  <trkpt lat="14.63420862" lon="101.10885793"><ele>78.997</ele><time>2025-01-14T03:47:47Z</time><speed>22.347</speed><sat>22</sat></trkpt>
  <trkpt lat="14.63413760" lon="101.10865901"><ele>79.301</ele><time>2025-01-14T03:47:48Z</time><speed>22.445</speed><sat>22</sat></trkpt>
  <trkpt lat="14.63406530" lon="101.10846181"><ele>79.407</ele><time>2025-01-14T03:47:49Z</time><speed>22.289</speed><sat>21</sat></trkpt>
  <trkpt lat="14.63399125" lon="101.10826198"><ele>79.940</ele><time>2025-01-14T03:47:50Z</time><speed>22.522</speed><sat>21</sat></trkpt>
  <trkpt lat="14.63391925" lon="101.10806445"><ele>80.189</ele><time>2025-01-14T03:47:51Z</time><speed>22.323</speed><sat>22</sat></trkpt>
  <trkpt lat="14.63384817" lon="101.10787004"><ele>80.136</ele><time>2025-01-14T03:47:52Z</time><speed>22.070</speed><sat>24</sat></trkpt>
  <trkpt lat="14.63378226" lon="101.10767729"><ele>80.296</ele><time>2025-01-14T03:47:53Z</time><speed>22.018</speed><sat>23</sat></trkpt>
  <trkpt lat="14.63371503" lon="101.10748545"><ele>80.359</ele><time>2025-01-14T03:47:54Z</time><speed>22.105</speed><sat>23</sat></trkpt>
  <trkpt lat="14.63364616" lon="101.10728990"><ele>80.354</ele><time>2025-01-14T03:47:55Z</time><speed>22.209</speed><sat>24</sat></trkpt>
  <trkpt lat="14.63356904" lon="101.10709850"><ele>80.684</ele><time>2025-01-14T03:47:56Z</time><speed>22.029</speed><sat>25</sat></trkpt>
  <trkpt lat="14.63348931" lon="101.10690967"><ele>80.446</ele><time>2025-01-14T03:47:57Z</time><speed>21.751</speed><sat>25</sat></trkpt>
  <trkpt lat="14.63340923" lon="101.10672599"><ele>80.872</ele><time>2025-01-14T03:47:58Z</time><speed>21.726</speed><sat>25</sat></trkpt>
  <trkpt lat="14.63332339" lon="101.10654415"><ele>81.253</ele><time>2025-01-14T03:47:59Z</time><speed>21.758</speed><sat>24</sat></trkpt>
  <trkpt lat="14.63322873" lon="101.10636698"><ele>82.153</ele><time>2025-01-14T03:48:00Z</time><speed>21.519</speed><sat>22</sat></trkpt>
  <trkpt lat="14.63313149" lon="101.10619577"><ele>82.573</ele><time>2025-01-14T03:48:01Z</time><speed>21.374</speed><sat>22</sat></trkpt>
  <trkpt lat="14.63303217" lon="101.10602924"><ele>82.627</ele><time>2025-01-14T03:48:02Z</time><speed>21.417</speed><sat>20</sat></trkpt>
  <trkpt lat="14.63292748" lon="101.10586387"><ele>82.663</ele><time>2025-01-14T03:48:03Z</time><speed>21.501</speed><sat>19</sat></trkpt>
  <trkpt lat="14.63281221" lon="101.10569871"><ele>82.984</ele><time>2025-01-14T03:48:04Z</time><speed>21.521</speed><sat>18</sat></trkpt>
  <trkpt lat="14.63269210" lon="101.10554060"><ele>83.106</ele><time>2025-01-14T03:48:05Z</time><speed>21.264</speed><sat>20</sat></trkpt>
  <trkpt lat="14.63256320" lon="101.10539060"><ele>83.236</ele><time>2025-01-14T03:48:06Z</time><speed>21.256</speed><sat>20</sat></trkpt>
  <trkpt lat="14.63242868" lon="101.10524780"><ele>83.142</ele><time>2025-01-14T03:48:07Z</time><speed>21.326</speed><sat>20</sat></trkpt>
  <trkpt lat="14.63228528" lon="101.10511770"><ele>82.541</ele><time>2025-01-14T03:48:08Z</time><speed>21.429</speed><sat>23</sat></trkpt>
  <trkpt lat="14.63213642" lon="101.10499234"><ele>82.010</ele><time>2025-01-14T03:48:09Z</time><speed>21.328</speed><sat>17</sat></trkpt>
  <trkpt lat="14.63183048" lon="101.10474970"><ele>81.999</ele><time>2025-01-14T03:48:11Z</time><speed>21.581</speed><sat>19</sat></trkpt>
  <trkpt lat="14.63167084" lon="101.10463304"><ele>82.623</ele><time>2025-01-14T03:48:12Z</time><speed>21.670</speed><sat>16</sat></trkpt>
  <trkpt lat="14.63151006" lon="101.10451609"><ele>82.861</ele><time>2025-01-14T03:48:13Z</time><speed>21.516</speed><sat>16</sat></trkpt>
  <trkpt lat="14.63134954" lon="101.10440075"><ele>83.016</ele><time>2025-01-14T03:48:14Z</time><speed>21.362</speed><sat>18</sat></trkpt>
  <trkpt lat="14.63119200" lon="101.10428320"><ele>83.429</ele><time>2025-01-14T03:48:15Z</time><speed>21.459</speed><sat>19</sat></trkpt>
  <trkpt lat="14.63103228" lon="101.10416787"><ele>83.552</ele><time>2025-01-14T03:48:16Z</time><speed>21.501</speed><sat>19</sat></trkpt>
  <trkpt lat="14.63087568" lon="101.10405289"><ele>83.703</ele><time>2025-01-14T03:48:17Z</time><speed>21.646</speed><sat>18</sat></trkpt>
  <trkpt lat="14.63071112" lon="101.10393428"><ele>83.402</ele><time>2025-01-14T03:48:18Z</time><speed>21.947</speed><sat>20</sat></trkpt>
  <trkpt lat="14.63054542" lon="101.10381825"><ele>82.982</ele><time>2025-01-14T03:48:19Z</time><speed>22.272</speed><sat>20</sat></trkpt>
  <trkpt lat="14.63038199" lon="101.10369967"><ele>83.043</ele><time>2025-01-14T03:48:20Z</time><speed>22.491</speed><sat>21</sat></trkpt>
  <trkpt lat="14.63021486" lon="101.10357863"><ele>82.770</ele><time>2025-01-14T03:48:21Z</time><speed>22.434</speed><sat>20</sat></trkpt>
  <trkpt lat="14.63004763" lon="101.10345806"><ele>82.398</ele><time>2025-01-14T03:48:22Z</time><speed>22.298</speed><sat>21</sat></trkpt>
  <trkpt lat="14.62988460" lon="101.10333874"><ele>82.110</ele><time>2025-01-14T03:48:23Z</time><speed>22.412</speed><sat>18</sat></trkpt>
  <trkpt lat="14.62971697" lon="101.10321812"><ele>81.689</ele><time>2025-01-14T03:48:24Z</time><speed>22.782</speed><sat>19</sat></trkpt>
  <trkpt lat="14.62954230" lon="101.10309335"><ele>81.474</ele><time>2025-01-14T03:48:25Z</time><speed>22.828</speed><sat>18</sat></trkpt>
  <trkpt lat="14.62936956" lon="101.10297329"><ele>80.901</ele><time>2025-01-14T03:48:26Z</time><speed>22.813</speed><sat>18</sat></trkpt>
  <trkpt lat="14.62919736" lon="101.10285439"><ele>80.679</ele><time>2025-01-14T03:48:27Z</time><speed>23.089</speed><sat>18</sat></trkpt>
  <trkpt lat="14.62902302" lon="101.10273565"><ele>80.480</ele><time>2025-01-14T03:48:28Z</time><speed>23.340</speed><sat>18</sat></trkpt>
  <trkpt lat="14.62884895" lon="101.10261886"><ele>80.287</ele><time>2025-01-14T03:48:29Z</time><speed>23.448</speed><sat>18</sat></trkpt>
  <trkpt lat="14.62867602" lon="101.10249635"><ele>80.188</ele><time>2025-01-14T03:48:30Z</time><speed>23.187</speed><sat>20</sat></trkpt>
  <trkpt lat="14.62850611" lon="101.10237195"><ele>80.037</ele><time>2025-01-14T03:48:31Z</time><speed>23.235</speed><sat>17</sat></trkpt>
  <trkpt lat="14.62833715" lon="101.10224929"><ele>80.024</ele><time>2025-01-14T03:48:32Z</time><speed>23.314</speed><sat>16</sat></trkpt>
  <trkpt lat="14.62816651" lon="101.10212430"><ele>80.136</ele><time>2025-01-14T03:48:33Z</time><speed>23.217</speed><sat>16</sat></trkpt>
  <trkpt lat="14.62800166" lon="101.10200093"><ele>79.900</ele><time>2025-01-14T03:48:34Z</time><speed>22.970</speed><sat>18</sat></trkpt>
  <trkpt lat="14.62783754" lon="101.10187512"><ele>80.111</ele><time>2025-01-14T03:48:35Z</time><speed>23.008</speed><sat>18</sat></trkpt>
  <trkpt lat="14.62767322" lon="101.10174805"><ele>80.503</ele><time>2025-01-14T03:48:36Z</time><speed>22.767</speed><sat>19</sat></trkpt>
  <trkpt lat="14.62750877" lon="101.10162431"><ele>80.121</ele><time>2025-01-14T03:48:37Z</time><speed>22.642</speed><sat>19</sat></trkpt>
  <trkpt lat="14.62734460" lon="101.10150584"><ele>79.829</ele><time>2025-01-14T03:48:38Z</time><speed>22.406</speed><sat>18</sat></trkpt>
  <trkpt lat="14.62718151" lon="101.10139275"><ele>79.610</ele><time>2025-01-14T03:48:39Z</time><speed>22.176</speed><sat>17</sat></trkpt>
  <trkpt lat="14.62702083" lon="101.10128356"><ele>79.304</ele><time>2025-01-14T03:48:40Z</time><speed>21.678</speed><sat>18</sat></trkpt>
  <trkpt lat="14.62686177" lon="101.10117275"><ele>79.649</ele><time>2025-01-14T03:48:41Z</time><speed>21.381</speed><sat>17</sat></trkpt>
  <trkpt lat="14.62670391" lon="101.10106173"><ele>79.907</ele><time>2025-01-14T03:48:42Z</time><speed>21.169</speed><sat>17</sat></trkpt>
  <trkpt lat="14.62654690" lon="101.10094988"><ele>80.355</ele><time>2025-01-14T03:48:43Z</time><speed>21.012</speed><sat>19</sat></trkpt>
  <trkpt lat="14.62639137" lon="101.10084025"><ele>80.754</ele><time>2025-01-14T03:48:44Z</time><speed>20.786</speed><sat>21</sat></trkpt>
  <trkpt lat="14.62624095" lon="101.10073230"><ele>80.722</ele><time>2025-01-14T03:48:45Z</time><speed>20.384</speed><sat>21</sat></trkpt>
  <trkpt lat="14.62609388" lon="101.10061484"><ele>80.467</ele><time>2025-01-14T03:48:46Z</time><speed>20.149</speed><sat>21</sat></trkpt>
  <trkpt lat="14.62595648" lon="101.10049130"><ele>79.991</ele><time>2025-01-14T03:48:47Z</time><speed>19.930</speed><sat>16</sat></trkpt>
  <trkpt lat="14.62582469" lon="101.10036780"><ele>79.286</ele><time>2025-01-14T03:48:48Z</time><speed>20.082</speed><sat>18</sat></trkpt>
  <trkpt lat="14.62569353" lon="101.10023267"><ele>79.305</ele><time>2025-01-14T03:48:49Z</time><speed>20.409</speed><sat>18</sat></trkpt>
  <trkpt lat="14.62556563" lon="101.10008802"><ele>79.071</ele><time>2025-01-14T03:48:50Z</time><speed>20.857</speed><sat>19</sat></trkpt>
  <trkpt lat="14.62544072" lon="101.09993877"><ele>78.867</ele><time>2025-01-14T03:48:51Z</time><speed>21.201</speed><sat>20</sat></trkpt>
  <trkpt lat="14.62531288" lon="101.09978358"><ele>78.625</ele><time>2025-01-14T03:48:52Z</time><speed>21.487</speed><sat>20</sat></trkpt>
  <trkpt lat="14.62518749" lon="101.09962689"><ele>78.629</ele><time>2025-01-14T03:48:53Z</time><speed>21.953</speed><sat>19</sat></trkpt>
  <trkpt lat="14.62506197" lon="101.09946340"><ele>78.337</ele><time>2025-01-14T03:48:54Z</time><speed>22.141</speed><sat>21</sat></trkpt>
  <trkpt lat="14.62494071" lon="101.09929673"><ele>78.119</ele><time>2025-01-14T03:48:55Z</time><speed>21.982</speed><sat>22</sat></trkpt>
  <trkpt lat="14.62482080" lon="101.09912958"><ele>77.962</ele><time>2025-01-14T03:48:56Z</time><speed>22.235</speed><sat>21</sat></trkpt>
  <trkpt lat="14.62470313" lon="101.09895986"><ele>77.319</ele><time>2025-01-14T03:48:57Z</time><speed>22.187</speed><sat>21</sat></trkpt>
  <trkpt lat="14.62459398" lon="101.09878727"><ele>75.876</ele><time>2025-01-14T03:48:58Z</time><speed>21.968</speed><sat>23</sat></trkpt>
  <trkpt lat="14.62448930" lon="101.09861067"><ele>76.125</ele><time>2025-01-14T03:48:59Z</time><speed>21.940</speed><sat>23</sat></trkpt>
  <trkpt lat="14.62438765" lon="101.09843823"><ele>76.135</ele><time>2025-01-14T03:49:00Z</time><speed>21.939</speed><sat>23</sat></trkpt>
  <trkpt lat="14.62429189" lon="101.09826069"><ele>75.705</ele><time>2025-01-14T03:49:01Z</time><speed>22.025</speed><sat>23</sat></trkpt>
  <trkpt lat="14.62420142" lon="101.09808227"><ele>75.599</ele><time>2025-01-14T03:49:02Z</time><speed>21.898</speed><sat>23</sat></trkpt>
  <trkpt lat="14.62411956" lon="101.09790200"><ele>74.937</ele><time>2025-01-14T03:49:03Z</time><speed>21.803</speed><sat>24</sat></trkpt>
  <trkpt lat="14.62404155" lon="101.09771458"><ele>74.472</ele><time>2025-01-14T03:49:04Z</time><speed>21.939</speed><sat>24</sat></trkpt>
  <trkpt lat="14.62396359" lon="101.09752204"><ele>74.281</ele><time>2025-01-14T03:49:05Z</time><speed>22.296</speed><sat>23</sat></trkpt>
  <trkpt lat="14.62389005" lon="101.09732401"><ele>74.214</ele><time>2025-01-14T03:49:06Z</time><speed>22.597</speed><sat>24</sat></trkpt>
  <trkpt lat="14.62382179" lon="101.09712834"><ele>73.852</ele><time>2025-01-14T03:49:07Z</time><speed>22.287</speed><sat>24</sat></trkpt>
  <trkpt lat="14.62375737" lon="101.09693354"><ele>73.618</ele><time>2025-01-14T03:49:08Z</time><speed>22.167</speed><sat>24</sat></trkpt>
  <trkpt lat="14.62369105" lon="101.09673812"><ele>73.124</ele><time>2025-01-14T03:49:09Z</time><speed>22.345</speed><sat>23</sat></trkpt>
  <trkpt lat="14.62362844" lon="101.09653979"><ele>72.511</ele><time>2025-01-14T03:49:10Z</time><speed>22.327</speed><sat>22</sat></trkpt>
  <trkpt lat="14.62356436" lon="101.09634179"><ele>72.169</ele><time>2025-01-14T03:49:11Z</time><speed>22.217</speed><sat>23</sat></trkpt>
  <trkpt lat="14.62350003" lon="101.09614704"><ele>72.164</ele><time>2025-01-14T03:49:12Z</time><speed>22.333</speed><sat>22</sat></trkpt>
  <trkpt lat="14.62343500" lon="101.09594974"><ele>71.964</ele><time>2025-01-14T03:49:13Z</time><speed>22.500</speed><sat>22</sat></trkpt>
  <trkpt lat="14.62337006" lon="101.09574986"><ele>71.730</ele><time>2025-01-14T03:49:14Z</time><speed>22.641</speed><sat>23</sat></trkpt>
  <trkpt lat="14.62330466" lon="101.09555063"><ele>71.494</ele><time>2025-01-14T03:49:15Z</time><speed>22.818</speed><sat>23</sat></trkpt>
  <trkpt lat="14.62323924" lon="101.09534998"><ele>71.036</ele><time>2025-01-14T03:49:16Z</time><speed>22.927</speed><sat>23</sat></trkpt>
  <trkpt lat="14.62317169" lon="101.09514811"><ele>70.745</ele><time>2025-01-14T03:49:17Z</time><speed>22.669</speed><sat>23</sat></trkpt>
  <trkpt lat="14.62310437" lon="101.09494703"><ele>70.447</ele><time>2025-01-14T03:49:18Z</time><speed>22.689</speed><sat>24</sat></trkpt>
  <trkpt lat="14.62303788" lon="101.09474646"><ele>70.149</ele><time>2025-01-14T03:49:19Z</time><speed>22.837</speed><sat>24</sat></trkpt>
  <trkpt lat="14.62297062" lon="101.09454376"><ele>69.825</ele><time>2025-01-14T03:49:20Z</time><speed>23.069</speed><sat>25</sat></trkpt>
  <trkpt lat="14.62290233" lon="101.09433858"><ele>69.437</ele><time>2025-01-14T03:49:21Z</time><speed>23.297</speed><sat>25</sat></trkpt>
  <trkpt lat="14.62283439" lon="101.09413287"><ele>68.898</ele><time>2025-01-14T03:49:22Z</time><speed>23.338</speed><sat>24</sat></trkpt>
  <trkpt lat="14.62276628" lon="101.09392789"><ele>68.681</ele><time>2025-01-14T03:49:23Z</time><speed>23.185</speed><sat>23</sat></trkpt>
  <trkpt lat="14.62269952" lon="101.09372334"><ele>68.548</ele><time>2025-01-14T03:49:24Z</time><speed>23.088</speed><sat>23</sat></trkpt>
  <trkpt lat="14.62263347" lon="101.09352370"><ele>68.314</ele><time>2025-01-14T03:49:25Z</time><speed>22.709</speed><sat>22</sat></trkpt>
  <trkpt lat="14.62256882" lon="101.09332509"><ele>68.399</ele><time>2025-01-14T03:49:26Z</time><speed>22.643</speed><sat>20</sat></trkpt>
  <trkpt lat="14.62250341" lon="101.09312502"><ele>68.470</ele><time>2025-01-14T03:49:27Z</time><speed>22.786</speed><sat>22</sat></trkpt>
  <trkpt lat="14.62243900" lon="101.09292556"><ele>68.188</ele><time>2025-01-14T03:49:28Z</time><speed>22.950</speed><sat>24</sat></trkpt>
  <trkpt lat="14.62237074" lon="101.09272444"><ele>68.039</ele><time>2025-01-14T03:49:29Z</time><speed>23.146</speed><sat>24</sat></trkpt>
  <trkpt lat="14.62230022" lon="101.09252392"><ele>67.619</ele><time>2025-01-14T03:49:30Z</time><speed>23.318</speed><sat>23</sat></trkpt>
  <trkpt lat="14.62222542" lon="101.09231936"><ele>67.303</ele><time>2025-01-14T03:49:31Z</time><speed>23.472</speed><sat>23</sat></trkpt>
  <trkpt lat="14.62214954" lon="101.09211446"><ele>66.772</ele><time>2025-01-14T03:49:32Z</time><speed>23.181</speed><sat>23</sat></trkpt>
  <trkpt lat="14.62207154" lon="101.09191470"><ele>66.379</ele><time>2025-01-14T03:49:33Z</time><speed>23.065</speed><sat>21</sat></trkpt>
  <trkpt lat="14.62199034" lon="101.09172123"><ele>66.413</ele><time>2025-01-14T03:49:34Z</time><speed>22.933</speed><sat>23</sat></trkpt>
  <trkpt lat="14.62190724" lon="101.09152827"><ele>66.519</ele><time>2025-01-14T03:49:35Z</time><speed>22.933</speed><sat>22</sat></trkpt>
  <trkpt lat="14.62182166" lon="101.09133757"><ele>66.775</ele><time>2025-01-14T03:49:36Z</time><speed>22.762</speed><sat>22</sat></trkpt>
  <trkpt lat="14.62173441" lon="101.09114560"><ele>66.646</ele><time>2025-01-14T03:49:37Z</time><speed>22.857</speed><sat>22</sat></trkpt>
  <trkpt lat="14.62164798" lon="101.09095489"><ele>66.626</ele><time>2025-01-14T03:49:38Z</time><speed>22.947</speed><sat>22</sat></trkpt>
  <trkpt lat="14.62155856" lon="101.09076369"><ele>66.871</ele><time>2025-01-14T03:49:39Z</time><speed>22.681</speed><sat>23</sat></trkpt>
  <trkpt lat="14.62146657" lon="101.09057309"><ele>67.496</ele><time>2025-01-14T03:49:40Z</time><speed>22.654</speed><sat>22</sat></trkpt>
  <trkpt lat="14.62137081" lon="101.09038662"><ele>68.093</ele><time>2025-01-14T03:49:41Z</time><speed>22.792</speed><sat>24</sat></trkpt>
  <trkpt lat="14.62127498" lon="101.09019949"><ele>68.337</ele><time>2025-01-14T03:49:42Z</time><speed>22.549</speed><sat>22</sat></trkpt>
  <trkpt lat="14.62117653" lon="101.09001509"><ele>68.432</ele><time>2025-01-14T03:49:43Z</time><speed>22.711</speed><sat>22</sat></trkpt>
  <trkpt lat="14.62107551" lon="101.08982934"><ele>68.491</ele><time>2025-01-14T03:49:44Z</time><speed>22.979</speed><sat>21</sat></trkpt>
  <trkpt lat="14.62097008" lon="101.08964091"><ele>68.371</ele><time>2025-01-14T03:49:45Z</time><speed>22.793</speed><sat>20</sat></trkpt>
  <trkpt lat="14.62086464" lon="101.08945565"><ele>68.162</ele><time>2025-01-14T03:49:46Z</time><speed>22.730</speed><sat>19</sat></trkpt>
  <trkpt lat="14.62075734" lon="101.08927318"><ele>68.050</ele><time>2025-01-14T03:49:47Z</time><speed>22.886</speed><sat>20</sat></trkpt>
  <trkpt lat="14.62064732" lon="101.08909494"><ele>67.981</ele><time>2025-01-14T03:49:48Z</time><speed>22.527</speed><sat>18</sat></trkpt>
  <trkpt lat="14.62053837" lon="101.08892280"><ele>68.150</ele><time>2025-01-14T03:49:49Z</time><speed>21.984</speed><sat>19</sat></trkpt>
  <trkpt lat="14.62043237" lon="101.08875904"><ele>67.966</ele><time>2025-01-14T03:49:50Z</time><speed>21.292</speed><sat>20</sat></trkpt>
  <trkpt lat="14.62032623" lon="101.08860108"><ele>67.516</ele><time>2025-01-14T03:49:51Z</time><speed>20.761</speed><sat>20</sat></trkpt>
  <trkpt lat="14.62021964" lon="101.08845165"><ele>67.163</ele><time>2025-01-14T03:49:52Z</time><speed>20.620</speed><sat>20</sat></trkpt>
  <trkpt lat="14.62010483" lon="101.08829851"><ele>66.798</ele><time>2025-01-14T03:49:53Z</time><speed>20.654</speed><sat>19</sat></trkpt>
  <trkpt lat="14.61998762" lon="101.08814534"><ele>66.573</ele><time>2025-01-14T03:49:54Z</time><speed>20.417</speed><sat>19</sat></trkpt>
  <trkpt lat="14.61987037" lon="101.08799807"><ele>65.827</ele><time>2025-01-14T03:49:55Z</time><speed>20.050</speed><sat>20</sat></trkpt>
  <trkpt lat="14.61975791" lon="101.08785680"><ele>65.934</ele><time>2025-01-14T03:49:56Z</time><speed>19.796</speed><sat>20</sat></trkpt>
  <trkpt lat="14.61964799" lon="101.08771787"><ele>65.837</ele><time>2025-01-14T03:49:57Z</time><speed>19.356</speed><sat>20</sat></trkpt>
  <trkpt lat="14.61953865" lon="101.08758076"><ele>65.800</ele><time>2025-01-14T03:49:58Z</time><speed>18.796</speed><sat>22</sat></trkpt>
  <trkpt lat="14.61943171" lon="101.08745018"><ele>65.579</ele><time>2025-01-14T03:49:59Z</time><speed>18.562</speed><sat>22</sat></trkpt>
  <trkpt lat="14.61932374" lon="101.08732094"><ele>64.969</ele><time>2025-01-14T03:50:00Z</time><speed>18.249</speed><sat>22</sat></trkpt>
  <trkpt lat="14.61921739" lon="101.08719844"><ele>64.341</ele><time>2025-01-14T03:50:00.999Z</time><speed>17.658</speed><sat>23</sat></trkpt>
  <trkpt lat="14.61911214" lon="101.08708129"><ele>63.662</ele><time>2025-01-14T03:50:01.999Z</time><speed>16.931</speed><sat>24</sat></trkpt>
  <trkpt lat="14.61901123" lon="101.08697161"><ele>63.577</ele><time>2025-01-14T03:50:02.999Z</time><speed>15.745</speed><sat>26</sat></trkpt>
  <trkpt lat="14.61891534" lon="101.08686954"><ele>63.539</ele><time>2025-01-14T03:50:03.999Z</time><speed>14.265</speed><sat>22</sat></trkpt>
  <trkpt lat="14.61882447" lon="101.08678450"><ele>63.741</ele><time>2025-01-14T03:50:04.999Z</time><speed>12.369</speed><sat>24</sat></trkpt>
  <trkpt lat="14.61873963" lon="101.08671258"><ele>64.164</ele><time>2025-01-14T03:50:05.999Z</time><speed>10.584</speed><sat>24</sat></trkpt>
  <trkpt lat="14.61867076" lon="101.08665788"><ele>64.056</ele><time>2025-01-14T03:50:06.999Z</time><speed>8.546</speed><sat>26</sat></trkpt>
  <trkpt lat="14.61861845" lon="101.08661556"><ele>63.835</ele><time>2025-01-14T03:50:07.999Z</time><speed>6.448</speed><sat>24</sat></trkpt>
  <trkpt lat="14.61858142" lon="101.08658750"><ele>63.341</ele><time>2025-01-14T03:50:08.999Z</time><speed>4.565</speed><sat>24</sat></trkpt>
  <trkpt lat="14.61855855" lon="101.08656718"><ele>62.755</ele><time>2025-01-14T03:50:09.999Z</time><speed>3.005</speed><sat>23</sat></trkpt>
  <trkpt lat="14.61854574" lon="101.08655213"><ele>62.066</ele><time>2025-01-14T03:50:10.999Z</time><speed>1.495</speed><sat>21</sat></trkpt>
  <trkpt lat="14.61854136" lon="101.08655001"><ele>60.905</ele><time>2025-01-14T03:50:12.999Z</time><speed>0.154</speed><sat>12</sat></trkpt>
  <trkpt lat="14.61853799" lon="101.08655078"><ele>60.293</ele><time>2025-01-14T03:50:13.999Z</time><speed>0.117</speed><sat>10</sat></trkpt>
  <trkpt lat="14.61853351" lon="101.08655098"><ele>60.019</ele><time>2025-01-14T03:50:14.999Z</time><speed>0.107</speed><sat>12</sat></trkpt>
  <trkpt lat="14.61853064" lon="101.08655232"><ele>59.593</ele><time>2025-01-14T03:50:15.999Z</time><speed>0.097</speed><sat>12</sat></trkpt>
  <trkpt lat="14.61852836" lon="101.08655700"><ele>59.158</ele><time>2025-01-14T03:50:16.999Z</time><speed>0.097</speed><sat>11</sat></trkpt>
  <trkpt lat="14.61852871" lon="101.08656770"><ele>58.634</ele><time>2025-01-14T03:50:17.999Z</time><speed>0.154</speed><sat>12</sat></trkpt>
  <trkpt lat="14.61852873" lon="101.08657309"><ele>58.272</ele><time>2025-01-14T03:50:18.999Z</time><speed>0.173</speed><sat>10</sat></trkpt>
  <trkpt lat="14.61852814" lon="101.08658287"><ele>57.772</ele><time>2025-01-14T03:50:19.999Z</time><speed>0.203</speed><sat>11</sat></trkpt>
  <trkpt lat="14.61852870" lon="101.08659021"><ele>57.444</ele><time>2025-01-14T03:50:20.999Z</time><speed>0.136</speed><sat>10</sat></trkpt>
  <trkpt lat="14.61852645" lon="101.08659513"><ele>57.587</ele><time>2025-01-14T03:50:21.999Z</time><speed>0.395</speed><sat>8</sat></trkpt>
  <trkpt lat="14.61852424" lon="101.08659020"><ele>57.595</ele><time>2025-01-14T03:50:22.999Z</time><speed>1.084</speed><sat>10</sat></trkpt>
  <trkpt lat="14.61850615" lon="101.08655476"><ele>58.036</ele><time>2025-01-14T03:50:24.999Z</time><speed>3.067</speed><sat>14</sat></trkpt>
  <trkpt lat="14.61849440" lon="101.08652661"><ele>58.335</ele><time>2025-01-14T03:50:25.999Z</time><speed>4.035</speed><sat>19</sat></trkpt>
  <trkpt lat="14.61846792" lon="101.08649586"><ele>58.487</ele><time>2025-01-14T03:50:26.999Z</time><speed>5.095</speed><sat>20</sat></trkpt>
  <trkpt lat="14.61843372" lon="101.08645208"><ele>58.080</ele><time>2025-01-14T03:50:27.999Z</time><speed>5.348</speed><sat>18</sat></trkpt>
  <trkpt lat="14.61839928" lon="101.08640631"><ele>57.990</ele><time>2025-01-14T03:50:28.999Z</time><speed>5.787</speed><sat>18</sat></trkpt>
  <trkpt lat="14.61836487" lon="101.08635833"><ele>58.116</ele><time>2025-01-14T03:50:29.999Z</time><speed>6.882</speed><sat>18</sat></trkpt>
  <trkpt lat="14.61832744" lon="101.08630313"><ele>58.027</ele><time>2025-01-14T03:50:30.999Z</time><speed>7.850</speed><sat>20</sat></trkpt>
  <trkpt lat="14.61828505" lon="101.08624843"><ele>58.128</ele><time>2025-01-14T03:50:31.999Z</time><speed>8.781</speed><sat>20</sat></trkpt>
  <trkpt lat="14.61823180" lon="101.08618642"><ele>58.388</ele><time>2025-01-14T03:50:32.999Z</time><speed>9.753</speed><sat>20</sat></trkpt>
  <trkpt lat="14.61817256" lon="101.08612015"><ele>58.619</ele><time>2025-01-14T03:50:33.999Z</time><speed>10.638</speed><sat>20</sat></trkpt>
  <trkpt lat="14.61810775" lon="101.08605130"><ele>58.311</ele><time>2025-01-14T03:50:34.999Z</time><speed>10.728</speed><sat>20</sat></trkpt>
  <trkpt lat="14.61803988" lon="101.08597797"><ele>57.888</ele><time>2025-01-14T03:50:35.999Z</time><speed>10.760</speed><sat>19</sat></trkpt>
  <trkpt lat="14.61797139" lon="101.08589785"><ele>57.868</ele><time>2025-01-14T03:50:36.999Z</time><speed>11.210</speed><sat>18</sat></trkpt>
  <trkpt lat="14.61790263" lon="101.08582159"><ele>57.993</ele><time>2025-01-14T03:50:37.999Z</time><speed>11.828</speed><sat>14</sat></trkpt>
  <trkpt lat="14.61783147" lon="101.08574005"><ele>57.780</ele><time>2025-01-14T03:50:38.999Z</time><speed>12.306</speed><sat>14</sat></trkpt>
  <trkpt lat="14.61775586" lon="101.08565259"><ele>57.377</ele><time>2025-01-14T03:50:39.999Z</time><speed>13.064</speed><sat>13</sat></trkpt>
  <trkpt lat="14.61767329" lon="101.08556007"><ele>57.270</ele><time>2025-01-14T03:50:40.999Z</time><speed>13.781</speed><sat>12</sat></trkpt>
  <trkpt lat="14.61758930" lon="101.08546183"><ele>57.041</ele><time>2025-01-14T03:50:41.999Z</time><speed>13.776</speed><sat>12</sat></trkpt>
  <trkpt lat="14.61742067" lon="101.08526370"><ele>57.378</ele><time>2025-01-14T03:50:43.999Z</time><speed>13.500</speed><sat>14</sat></trkpt>
  <trkpt lat="14.61733774" lon="101.08516786"><ele>58.017</ele><time>2025-01-14T03:50:44.999Z</time><speed>13.840</speed><sat>16</sat></trkpt>
  <trkpt lat="14.61725117" lon="101.08506870"><ele>58.032</ele><time>2025-01-14T03:50:45.999Z</time><speed>14.360</speed><sat>16</sat></trkpt>
  <trkpt lat="14.61716350" lon="101.08496846"><ele>57.148</ele><time>2025-01-14T03:50:46.999Z</time><speed>14.783</speed><sat>14</sat></trkpt>
  <trkpt lat="14.61707367" lon="101.08487166"><ele>57.101</ele><time>2025-01-14T03:50:47.999Z</time><speed>14.527</speed><sat>17</sat></trkpt>
  <trkpt lat="14.61697983" lon="101.08477160"><ele>56.729</ele><time>2025-01-14T03:50:48.999Z</time><speed>14.255</speed><sat>18</sat></trkpt>
  <trkpt lat="14.61688562" lon="101.08466796"><ele>56.632</ele><time>2025-01-14T03:50:49.999Z</time><speed>14.069</speed><sat>20</sat></trkpt>
  <trkpt lat="14.61679867" lon="101.08457146"><ele>57.010</ele><time>2025-01-14T03:50:50.999Z</time><speed>13.762</speed><sat>18</sat></trkpt>
  <trkpt lat="14.61671533" lon="101.08447825"><ele>57.542</ele><time>2025-01-14T03:50:51.999Z</time><speed>13.414</speed><sat>18</sat></trkpt>
  <trkpt lat="14.61663527" lon="101.08438801"><ele>57.694</ele><time>2025-01-14T03:50:52.999Z</time><speed>13.300</speed><sat>18</sat></trkpt>
  <trkpt lat="14.61655507" lon="101.08429439"><ele>57.919</ele><time>2025-01-14T03:50:53.999Z</time><speed>13.654</speed><sat>18</sat></trkpt>
  <trkpt lat="14.61646976" lon="101.08419772"><ele>57.682</ele><time>2025-01-14T03:50:54.999Z</time><speed>14.149</speed><sat>18</sat></trkpt>
  <trkpt lat="14.61638029" lon="101.08409657"><ele>57.799</ele><time>2025-01-14T03:50:55.999Z</time><speed>14.722</speed><sat>17</sat></trkpt>
  <trkpt lat="14.61628878" lon="101.08399336"><ele>58.526</ele><time>2025-01-14T03:50:56.999Z</time><speed>14.839</speed><sat>18</sat></trkpt>
  <trkpt lat="14.61619554" lon="101.08389117"><ele>58.945</ele><time>2025-01-14T03:50:57.999Z</time><speed>14.806</speed><sat>19</sat></trkpt>
  <trkpt lat="14.61610422" lon="101.08378954"><ele>59.056</ele><time>2025-01-14T03:50:58.999Z</time><speed>14.804</speed><sat>19</sat></trkpt>
  <trkpt lat="14.61601332" lon="101.08368805"><ele>59.648</ele><time>2025-01-14T03:50:59.999Z</time><speed>15.078</speed><sat>19</sat></trkpt>
  <trkpt lat="14.61592252" lon="101.08358419"><ele>60.196</ele><time>2025-01-14T03:51:00.999Z</time><speed>15.289</speed><sat>19</sat></trkpt>
  <trkpt lat="14.61582936" lon="101.08347725"><ele>60.838</ele><time>2025-01-14T03:51:01.999Z</time><speed>15.563</speed><sat>21</sat></trkpt>
  <trkpt lat="14.61573251" lon="101.08337005"><ele>60.963</ele><time>2025-01-14T03:51:02.999Z</time><speed>15.644</speed><sat>19</sat></trkpt>
  <trkpt lat="14.61563421" lon="101.08326184"><ele>61.014</ele><time>2025-01-14T03:51:03.999Z</time><speed>16.038</speed><sat>19</sat></trkpt>
  <trkpt lat="14.61553502" lon="101.08314870"><ele>61.213</ele><time>2025-01-14T03:51:04.999Z</time><speed>16.394</speed><sat>19</sat></trkpt>
  <trkpt lat="14.61543558" lon="101.08303579"><ele>61.525</ele><time>2025-01-14T03:51:05.999Z</time><speed>16.226</speed><sat>17</sat></trkpt>
  <trkpt lat="14.61533785" lon="101.08292108"><ele>61.360</ele><time>2025-01-14T03:51:06.999Z</time><speed>16.471</speed><sat>16</sat></trkpt>
  <trkpt lat="14.61523793" lon="101.08280197"><ele>60.706</ele><time>2025-01-14T03:51:07.999Z</time><speed>16.458</speed><sat>16</sat></trkpt>
  <trkpt lat="14.61514068" lon="101.08268247"><ele>60.699</ele><time>2025-01-14T03:51:08.999Z</time><speed>16.315</speed><sat>15</sat></trkpt>
  <trkpt lat="14.61504605" lon="101.08256454"><ele>60.593</ele><time>2025-01-14T03:51:09.999Z</time><speed>16.080</speed><sat>16</sat></trkpt>
  <trkpt lat="14.61495300" lon="101.08244800"><ele>60.472</ele><time>2025-01-14T03:51:10.999Z</time><speed>15.936</speed><sat>14</sat></trkpt>
  <trkpt lat="14.61486088" lon="101.08233148"><ele>60.746</ele><time>2025-01-14T03:51:11.999Z</time><speed>15.941</speed><sat>13</sat></trkpt>
  <trkpt lat="14.61477176" lon="101.08221152"><ele>61.006</ele><time>2025-01-14T03:51:12.999Z</time><speed>16.096</speed><sat>13</sat></trkpt>
  <trkpt lat="14.61468195" lon="101.08208589"><ele>61.319</ele><time>2025-01-14T03:51:13.999Z</time><speed>16.370</speed><sat>14</sat></trkpt>
  <trkpt lat="14.61459091" lon="101.08196051"><ele>61.654</ele><time>2025-01-14T03:51:14.999Z</time><speed>16.673</speed><sat>19</sat></trkpt>
  <trkpt lat="14.61449827" lon="101.08183416"><ele>61.809</ele><time>2025-01-14T03:51:15.999Z</time><speed>17.050</speed><sat>20</sat></trkpt>
  <trkpt lat="14.61440927" lon="101.08170359"><ele>61.313</ele><time>2025-01-14T03:51:16.999Z</time><speed>17.437</speed><sat>21</sat></trkpt>
  <trkpt lat="14.61431852" lon="101.08156628"><ele>60.459</ele><time>2025-01-14T03:51:17.999Z</time><speed>17.932</speed><sat>19</sat></trkpt>
  <trkpt lat="14.61422727" lon="101.08143211"><ele>60.533</ele><time>2025-01-14T03:51:18.999Z</time><speed>17.815</speed><sat>14</sat></trkpt>
  <trkpt lat="14.61413516" lon="101.08129613"><ele>60.200</ele><time>2025-01-14T03:51:19.999Z</time><speed>18.011</speed><sat>12</sat></trkpt>
  <trkpt lat="14.61404372" lon="101.08115777"><ele>60.222</ele><time>2025-01-14T03:51:20.999Z</time><speed>18.051</speed><sat>13</sat></trkpt>
  <trkpt lat="14.61395429" lon="101.08102058"><ele>60.201</ele><time>2025-01-14T03:51:21.999Z</time><speed>17.898</speed><sat>13</sat></trkpt>
  <trkpt lat="14.61386569" lon="101.08088351"><ele>60.194</ele><time>2025-01-14T03:51:22.999Z</time><speed>17.974</speed><sat>13</sat></trkpt>
  <trkpt lat="14.61377434" lon="101.08074570"><ele>60.382</ele><time>2025-01-14T03:51:23.999Z</time><speed>17.860</speed><sat>14</sat></trkpt>
  <trkpt lat="14.61368275" lon="101.08060961"><ele>61.090</ele><time>2025-01-14T03:51:24.999Z</time><speed>17.648</speed><sat>14</sat></trkpt>
  <trkpt lat="14.61359582" lon="101.08047534"><ele>62.067</ele><time>2025-01-14T03:51:25.999Z</time><speed>17.825</speed><sat>15</sat></trkpt>
  <trkpt lat="14.61351278" lon="101.08033514"><ele>62.186</ele><time>2025-01-14T03:51:26.999Z</time><speed>17.771</speed><sat>15</sat></trkpt>
  <trkpt lat="14.61343081" lon="101.08020265"><ele>61.990</ele><time>2025-01-14T03:51:27.999Z</time><speed>17.919</speed><sat>16</sat></trkpt>
  <trkpt lat="14.61335823" lon="101.08005937"><ele>61.699</ele><time>2025-01-14T03:51:28.999Z</time><speed>18.116</speed><sat>19</sat></trkpt>
  <trkpt lat="14.61328324" lon="101.07991200"><ele>61.243</ele><time>2025-01-14T03:51:29.999Z</time><speed>18.029</speed><sat>18</sat></trkpt>
  <trkpt lat="14.61320802" lon="101.07976611"><ele>60.816</ele><time>2025-01-14T03:51:30.999Z</time><speed>17.783</speed><sat>17</sat></trkpt>
  <trkpt lat="14.61313670" lon="101.07962481"><ele>60.628</ele><time>2025-01-14T03:51:31.999Z</time><speed>17.382</speed><sat>20</sat></trkpt>
  <trkpt lat="14.61306665" lon="101.07948414"><ele>60.733</ele><time>2025-01-14T03:51:32.999Z</time><speed>17.023</speed><sat>22</sat></trkpt>
  <trkpt lat="14.61299831" lon="101.07934867"><ele>60.311</ele><time>2025-01-14T03:51:33.999Z</time><speed>16.759</speed><sat>20</sat></trkpt>
  <trkpt lat="14.61293502" lon="101.07921134"><ele>60.219</ele><time>2025-01-14T03:51:34.999Z</time><speed>16.861</speed><sat>22</sat></trkpt>
  <trkpt lat="14.61286963" lon="101.07907158"><ele>59.713</ele><time>2025-01-14T03:51:35.999Z</time><speed>16.973</speed><sat>23</sat></trkpt>
  <trkpt lat="14.61280444" lon="101.07892820"><ele>59.524</ele><time>2025-01-14T03:51:36.999Z</time><speed>17.362</speed><sat>21</sat></trkpt>
  <trkpt lat="14.61273752" lon="101.07878445"><ele>59.624</ele><time>2025-01-14T03:51:37.999Z</time><speed>17.367</speed><sat>21</sat></trkpt>
  <trkpt lat="14.61266962" lon="101.07863967"><ele>58.852</ele><time>2025-01-14T03:51:38.999Z</time><speed>17.260</speed><sat>21</sat></trkpt>
  <trkpt lat="14.61260272" lon="101.07849342"><ele>58.160</ele><time>2025-01-14T03:51:39.999Z</time><speed>17.196</speed><sat>23</sat></trkpt>
  <trkpt lat="14.61253761" lon="101.07834623"><ele>57.473</ele><time>2025-01-14T03:51:40.999Z</time><speed>17.511</speed><sat>22</sat></trkpt>
  <trkpt lat="14.61247252" lon="101.07819523"><ele>57.230</ele><time>2025-01-14T03:51:41.999Z</time><speed>17.921</speed><sat>21</sat></trkpt>
  <trkpt lat="14.61240716" lon="101.07804266"><ele>56.845</ele><time>2025-01-14T03:51:42.999Z</time><speed>17.957</speed><sat>21</sat></trkpt>
  <trkpt lat="14.61234130" lon="101.07789236"><ele>56.310</ele><time>2025-01-14T03:51:43.999Z</time><speed>17.504</speed><sat>20</sat></trkpt>
  <trkpt lat="14.61227629" lon="101.07774364"><ele>56.069</ele><time>2025-01-14T03:51:44.999Z</time><speed>17.499</speed><sat>20</sat></trkpt>
  <trkpt lat="14.61221185" lon="101.07759436"><ele>55.954</ele><time>2025-01-14T03:51:45.999Z</time><speed>17.505</speed><sat>22</sat></trkpt>
  <trkpt lat="14.61214817" lon="101.07744689"><ele>55.663</ele><time>2025-01-14T03:51:46.999Z</time><speed>17.465</speed><sat>21</sat></trkpt>
  <trkpt lat="14.61208543" lon="101.07729629"><ele>54.958</ele><time>2025-01-14T03:51:47.999Z</time><speed>17.887</speed><sat>21</sat></trkpt>
  <trkpt lat="14.61202144" lon="101.07714416"><ele>54.222</ele><time>2025-01-14T03:51:48.999Z</time><speed>18.207</speed><sat>20</sat></trkpt>
  <trkpt lat="14.61195346" lon="101.07698620"><ele>53.450</ele><time>2025-01-14T03:51:49.999Z</time><speed>18.586</speed><sat>22</sat></trkpt>
  <trkpt lat="14.61188130" lon="101.07682857"><ele>52.867</ele><time>2025-01-14T03:51:50.999Z</time><speed>19.013</speed><sat>22</sat></trkpt>
  <trkpt lat="14.61180518" lon="101.07666550"><ele>52.580</ele><time>2025-01-14T03:51:51.999Z</time><speed>19.357</speed><sat>20</sat></trkpt>
  <trkpt lat="14.61172800" lon="101.07649897"><ele>52.605</ele><time>2025-01-14T03:51:52.999Z</time><speed>19.145</speed><sat>20</sat></trkpt>
  <trkpt lat="14.61165216" lon="101.07633689"><ele>52.340</ele><time>2025-01-14T03:51:53.999Z</time><speed>19.066</speed><sat>20</sat></trkpt>
  <trkpt lat="14.61157989" lon="101.07617539"><ele>52.087</ele><time>2025-01-14T03:51:54.999Z</time><speed>19.151</speed><sat>20</sat></trkpt>
  <trkpt lat="14.61150884" lon="101.07601447"><ele>51.994</ele><time>2025-01-14T03:51:55.999Z</time><speed>19.082</speed><sat>21</sat></trkpt>
  <trkpt lat="14.61143903" lon="101.07585426"><ele>51.816</ele><time>2025-01-14T03:51:56.999Z</time><speed>18.656</speed><sat>22</sat></trkpt>
  <trkpt lat="14.61137013" lon="101.07569757"><ele>51.759</ele><time>2025-01-14T03:51:57.999Z</time><speed>18.269</speed><sat>21</sat></trkpt>
  <trkpt lat="14.61130154" lon="101.07554479"><ele>51.474</ele><time>2025-01-14T03:51:58.999Z</time><speed>18.229</speed><sat>21</sat></trkpt>
  <trkpt lat="14.61123446" lon="101.07538927"><ele>51.589</ele><time>2025-01-14T03:51:59.999Z</time><speed>18.529</speed><sat>21</sat></trkpt>
  <trkpt lat="14.61116670" lon="101.07523126"><ele>51.753</ele><time>2025-01-14T03:52:00.999Z</time><speed>18.936</speed><sat>20</sat></trkpt>
  <trkpt lat="14.61109943" lon="101.07507015"><ele>51.402</ele><time>2025-01-14T03:52:01.999Z</time><speed>18.832</speed><sat>21</sat></trkpt>
  <trkpt lat="14.61102760" lon="101.07491124"><ele>51.043</ele><time>2025-01-14T03:52:02.999Z</time><speed>18.577</speed><sat>21</sat></trkpt>
  <trkpt lat="14.61095940" lon="101.07475439"><ele>51.042</ele><time>2025-01-14T03:52:03.999Z</time><speed>18.736</speed><sat>22</sat></trkpt>
  <trkpt lat="14.61089108" lon="101.07459678"><ele>50.710</ele><time>2025-01-14T03:52:04.999Z</time><speed>18.858</speed><sat>21</sat></trkpt>
  <trkpt lat="14.61082030" lon="101.07443662"><ele>50.643</ele><time>2025-01-14T03:52:05.999Z</time><speed>19.060</speed><sat>20</sat></trkpt>
  <trkpt lat="14.61074968" lon="101.07427396"><ele>50.940</ele><time>2025-01-14T03:52:06.999Z</time><speed>19.295</speed><sat>20</sat></trkpt>
  <trkpt lat="14.61068170" lon="101.07411112"><ele>50.747</ele><time>2025-01-14T03:52:07.999Z</time><speed>19.168</speed><sat>21</sat></trkpt>
  <trkpt lat="14.61061324" lon="101.07395009"><ele>50.809</ele><time>2025-01-14T03:52:08.999Z</time><speed>18.886</speed><sat>21</sat></trkpt>
  <trkpt lat="14.61054527" lon="101.07379087"><ele>51.002</ele><time>2025-01-14T03:52:09.999Z</time><speed>19.043</speed><sat>20</sat></trkpt>
  <trkpt lat="14.61047682" lon="101.07362756"><ele>51.180</ele><time>2025-01-14T03:52:10.999Z</time><speed>18.939</speed><sat>20</sat></trkpt>
  <trkpt lat="14.61040795" lon="101.07346701"><ele>51.382</ele><time>2025-01-14T03:52:11.999Z</time><speed>18.393</speed><sat>22</sat></trkpt>
  <trkpt lat="14.61034389" lon="101.07331484"><ele>51.467</ele><time>2025-01-14T03:52:12.999Z</time><speed>17.849</speed><sat>23</sat></trkpt>
  <trkpt lat="14.61028015" lon="101.07316801"><ele>51.477</ele><time>2025-01-14T03:52:13.999Z</time><speed>17.208</speed><sat>24</sat></trkpt>
  <trkpt lat="14.61022026" lon="101.07302379"><ele>51.189</ele><time>2025-01-14T03:52:14.999Z</time><speed>16.778</speed><sat>24</sat></trkpt>
  <trkpt lat="14.61016227" lon="101.07288046"><ele>50.523</ele><time>2025-01-14T03:52:15.999Z</time><speed>16.805</speed><sat>23</sat></trkpt>
  <trkpt lat="14.61010048" lon="101.07273394"><ele>49.842</ele><time>2025-01-14T03:52:16.999Z</time><speed>17.162</speed><sat>21</sat></trkpt>
  <trkpt lat="14.61003615" lon="101.07258387"><ele>49.250</ele><time>2025-01-14T03:52:17.999Z</time><speed>17.725</speed><sat>21</sat></trkpt>
  <trkpt lat="14.60997055" lon="101.07243098"><ele>48.721</ele><time>2025-01-14T03:52:18.999Z</time><speed>18.228</speed><sat>20</sat></trkpt>
  <trkpt lat="14.60990406" lon="101.07227360"><ele>48.403</ele><time>2025-01-14T03:52:19.999Z</time><speed>18.406</speed><sat>23</sat></trkpt>
  <trkpt lat="14.60983748" lon="101.07211879"><ele>47.832</ele><time>2025-01-14T03:52:20.999Z</time><speed>18.009</speed><sat>22</sat></trkpt>
  <trkpt lat="14.60977211" lon="101.07196772"><ele>47.564</ele><time>2025-01-14T03:52:21.999Z</time><speed>17.361</speed><sat>22</sat></trkpt>
  <trkpt lat="14.60971026" lon="101.07182087"><ele>47.276</ele><time>2025-01-14T03:52:22.999Z</time><speed>16.661</speed><sat>23</sat></trkpt>
  <trkpt lat="14.60965102" lon="101.07167979"><ele>47.055</ele><time>2025-01-14T03:52:23.999Z</time><speed>15.978</speed><sat>23</sat></trkpt>
  <trkpt lat="14.60959352" lon="101.07154737"><ele>47.085</ele><time>2025-01-14T03:52:24.999Z</time><speed>15.465</speed><sat>23</sat></trkpt>
  <trkpt lat="14.60953766" lon="101.07141500"><ele>47.198</ele><time>2025-01-14T03:52:25.999Z</time><speed>15.435</speed><sat>24</sat></trkpt>
  <trkpt lat="14.60947905" lon="101.07128540"><ele>47.157</ele><time>2025-01-14T03:52:26.999Z</time><speed>15.306</speed><sat>24</sat></trkpt>
  <trkpt lat="14.60942399" lon="101.07115552"><ele>47.347</ele><time>2025-01-14T03:52:27.999Z</time><speed>15.517</speed><sat>24</sat></trkpt>
  <trkpt lat="14.60936817" lon="101.07102153"><ele>47.169</ele><time>2025-01-14T03:52:28.999Z</time><speed>15.899</speed><sat>24</sat></trkpt>
  <trkpt lat="14.60931077" lon="101.07088762"><ele>47.039</ele><time>2025-01-14T03:52:29.999Z</time><speed>15.704</speed><sat>22</sat></trkpt>
  <trkpt lat="14.60925474" lon="101.07075470"><ele>46.735</ele><time>2025-01-14T03:52:30.999Z</time><speed>15.591</speed><sat>24</sat></trkpt>
  <trkpt lat="14.60920030" lon="101.07062446"><ele>46.448</ele><time>2025-01-14T03:52:31.999Z</time><speed>15.876</speed><sat>22</sat></trkpt>
  <trkpt lat="14.60913993" lon="101.07049205"><ele>46.045</ele><time>2025-01-14T03:52:32.999Z</time><speed>16.422</speed><sat>22</sat></trkpt>
  <trkpt lat="14.60907696" lon="101.07035711"><ele>45.390</ele><time>2025-01-14T03:52:33.999Z</time><speed>16.884</speed><sat>22</sat></trkpt>
  <trkpt lat="14.60901334" lon="101.07021452"><ele>44.777</ele><time>2025-01-14T03:52:34.999Z</time><speed>17.560</speed><sat>22</sat></trkpt>
  <trkpt lat="14.60894705" lon="101.07006674"><ele>43.975</ele><time>2025-01-14T03:52:35.999Z</time><speed>17.952</speed><sat>21</sat></trkpt>
  <trkpt lat="14.60887937" lon="101.06991340"><ele>43.433</ele><time>2025-01-14T03:52:36.999Z</time><speed>18.080</speed><sat>22</sat></trkpt>
  <trkpt lat="14.60880889" lon="101.06975712"><ele>42.014</ele><time>2025-01-14T03:52:37.999Z</time><speed>18.753</speed><sat>22</sat></trkpt>
  <trkpt lat="14.60873568" lon="101.06959689"><ele>40.913</ele><time>2025-01-14T03:52:38.999Z</time><speed>19.195</speed><sat>21</sat></trkpt>
  <trkpt lat="14.60866171" lon="101.06943385"><ele>40.045</ele><time>2025-01-14T03:52:39.999Z</time><speed>19.214</speed><sat>21</sat></trkpt>
  <trkpt lat="14.60858643" lon="101.06927174"><ele>39.757</ele><time>2025-01-14T03:52:40.999Z</time><speed>19.709</speed><sat>22</sat></trkpt>
  <trkpt lat="14.60851240" lon="101.06910473"><ele>39.226</ele><time>2025-01-14T03:52:41.999Z</time><speed>20.121</speed><sat>22</sat></trkpt>
  <trkpt lat="14.60844020" lon="101.06893568"><ele>38.481</ele><time>2025-01-14T03:52:42.999Z</time><speed>20.088</speed><sat>22</sat></trkpt>
  <trkpt lat="14.60836843" lon="101.06876478"><ele>38.219</ele><time>2025-01-14T03:52:43.999Z</time><speed>19.783</speed><sat>22</sat></trkpt>
  <trkpt lat="14.60829741" lon="101.06859990"><ele>37.532</ele><time>2025-01-14T03:52:44.999Z</time><speed>19.444</speed><sat>22</sat></trkpt>
  <trkpt lat="14.60822643" lon="101.06843255"><ele>37.122</ele><time>2025-01-14T03:52:45.999Z</time><speed>19.147</speed><sat>23</sat></trkpt>
  <trkpt lat="14.60815501" lon="101.06826806"><ele>36.934</ele><time>2025-01-14T03:52:46.999Z</time><speed>19.188</speed><sat>23</sat></trkpt>
  <trkpt lat="14.60808358" lon="101.06810437"><ele>35.844</ele><time>2025-01-14T03:52:47.999Z</time><speed>19.602</speed><sat>24</sat></trkpt>
  <trkpt lat="14.60801090" lon="101.06793602"><ele>34.561</ele><time>2025-01-14T03:52:48.999Z</time><speed>19.684</speed><sat>23</sat></trkpt>
  <trkpt lat="14.60793884" lon="101.06776873"><ele>33.507</ele><time>2025-01-14T03:52:49.999Z</time><speed>19.717</speed><sat>23</sat></trkpt>
  <trkpt lat="14.60786601" lon="101.06760024"><ele>32.601</ele><time>2025-01-14T03:52:50.999Z</time><speed>19.941</speed><sat>22</sat></trkpt>
  <trkpt lat="14.60779335" lon="101.06742927"><ele>31.761</ele><time>2025-01-14T03:52:51.999Z</time><speed>20.321</speed><sat>21</sat></trkpt>
  <trkpt lat="14.60772196" lon="101.06725558"><ele>30.869</ele><time>2025-01-14T03:52:52.999Z</time><speed>20.815</speed><sat>23</sat></trkpt>
  <trkpt lat="14.60764887" lon="101.06707884"><ele>30.374</ele><time>2025-01-14T03:52:53.999Z</time><speed>21.395</speed><sat>22</sat></trkpt>
  <trkpt lat="14.60757415" lon="101.06689552"><ele>30.079</ele><time>2025-01-14T03:52:54.999Z</time><speed>22.030</speed><sat>24</sat></trkpt>
  <trkpt lat="14.60749077" lon="101.06670360"><ele>29.039</ele><time>2025-01-14T03:52:55.999Z</time><speed>22.768</speed><sat>24</sat></trkpt>
  <trkpt lat="14.60740872" lon="101.06650732"><ele>27.833</ele><time>2025-01-14T03:52:56.999Z</time><speed>23.349</speed><sat>23</sat></trkpt>
  <trkpt lat="14.60732399" lon="101.06630595"><ele>26.693</ele><time>2025-01-14T03:52:57.999Z</time><speed>23.789</speed><sat>24</sat></trkpt>
  <trkpt lat="14.60723568" lon="101.06609919"><ele>25.289</ele><time>2025-01-14T03:52:58.999Z</time><speed>23.826</speed><sat>22</sat></trkpt>
  <trkpt lat="14.60714761" lon="101.06589486"><ele>24.066</ele><time>2025-01-14T03:52:59.999Z</time><speed>24.114</speed><sat>23</sat></trkpt>
  <trkpt lat="14.60706267" lon="101.06569133"><ele>23.381</ele><time>2025-01-14T03:53:00.999Z</time><speed>23.883</speed><sat>23</sat></trkpt>
  <trkpt lat="14.60697906" lon="101.06548818"><ele>22.776</ele><time>2025-01-14T03:53:01.999Z</time><speed>23.557</speed><sat>23</sat></trkpt>
  <trkpt lat="14.60689500" lon="101.06529055"><ele>21.412</ele><time>2025-01-14T03:53:02.999Z</time><speed>23.201</speed><sat>24</sat></trkpt>
  <trkpt lat="14.60681193" lon="101.06509294"><ele>20.715</ele><time>2025-01-14T03:53:03.999Z</time><speed>22.733</speed><sat>24</sat></trkpt>
  <trkpt lat="14.60673067" lon="101.06489998"><ele>19.802</ele><time>2025-01-14T03:53:04.999Z</time><speed>22.149</speed><sat>23</sat></trkpt>
  <trkpt lat="14.60665101" lon="101.06471249"><ele>18.825</ele><time>2025-01-14T03:53:05.999Z</time><speed>21.383</speed><sat>23</sat></trkpt>
  <trkpt lat="14.60657275" lon="101.06453118"><ele>18.155</ele><time>2025-01-14T03:53:06.999Z</time><speed>20.594</speed><sat>24</sat></trkpt>
  <trkpt lat="14.60649885" lon="101.06435596"><ele>18.014</ele><time>2025-01-14T03:53:07.999Z</time><speed>20.068</speed><sat>24</sat></trkpt>
  <trkpt lat="14.60642700" lon="101.06418653"><ele>17.787</ele><time>2025-01-14T03:53:08.999Z</time><speed>19.540</speed><sat>24</sat></trkpt>
  <trkpt lat="14.60635500" lon="101.06402034"><ele>17.331</ele><time>2025-01-14T03:53:09.999Z</time><speed>19.516</speed><sat>24</sat></trkpt>
  <trkpt lat="14.60628343" lon="101.06385448"><ele>17.159</ele><time>2025-01-14T03:53:10.999Z</time><speed>19.092</speed><sat>24</sat></trkpt>
  <trkpt lat="14.60621622" lon="101.06369937"><ele>16.864</ele><time>2025-01-14T03:53:11.999Z</time><speed>18.127</speed><sat>24</sat></trkpt>
  <trkpt lat="14.60615209" lon="101.06355189"><ele>16.457</ele><time>2025-01-14T03:53:12.999Z</time><speed>17.450</speed><sat>25</sat></trkpt>
  <trkpt lat="14.60608990" lon="101.06340947"><ele>15.916</ele><time>2025-01-14T03:53:13.999Z</time><speed>17.144</speed><sat>23</sat></trkpt>
  <trkpt lat="14.60603050" lon="101.06326626"><ele>15.386</ele><time>2025-01-14T03:53:14.999Z</time><speed>17.159</speed><sat>24</sat></trkpt>
  <trkpt lat="14.60597037" lon="101.06312221"><ele>15.082</ele><time>2025-01-14T03:53:15.999Z</time><speed>17.564</speed><sat>24</sat></trkpt>
  <trkpt lat="14.60590838" lon="101.06297445"><ele>14.941</ele><time>2025-01-14T03:53:16.999Z</time><speed>17.589</speed><sat>22</sat></trkpt>
  <trkpt lat="14.60584612" lon="101.06282873"><ele>14.655</ele><time>2025-01-14T03:53:17.999Z</time><speed>17.249</speed><sat>23</sat></trkpt>
  <trkpt lat="14.60578516" lon="101.06268658"><ele>14.352</ele><time>2025-01-14T03:53:18.999Z</time><speed>17.072</speed><sat>22</sat></trkpt>
  <trkpt lat="14.60572396" lon="101.06254542"><ele>13.903</ele><time>2025-01-14T03:53:19.999Z</time><speed>16.815</speed><sat>23</sat></trkpt>
  <trkpt lat="14.60566376" lon="101.06240416"><ele>13.691</ele><time>2025-01-14T03:53:20.999Z</time><speed>16.416</speed><sat>23</sat></trkpt>
  <trkpt lat="14.60560489" lon="101.06227014"><ele>13.312</ele><time>2025-01-14T03:53:21.999Z</time><speed>15.911</speed><sat>20</sat></trkpt>
  <trkpt lat="14.60555054" lon="101.06214272"><ele>12.958</ele><time>2025-01-14T03:53:22.999Z</time><speed>15.403</speed><sat>20</sat></trkpt>
  <trkpt lat="14.60549960" lon="101.06201783"><ele>13.202</ele><time>2025-01-14T03:53:23.999Z</time><speed>15.471</speed><sat>23</sat></trkpt>
  <trkpt lat="14.60544876" lon="101.06189305"><ele>13.359</ele><time>2025-01-14T03:53:24.999Z</time><speed>15.222</speed><sat>26</sat></trkpt>
  <trkpt lat="14.60539597" lon="101.06176814"><ele>13.014</ele><time>2025-01-14T03:53:25.999Z</time><speed>15.046</speed><sat>25</sat></trkpt>
  <trkpt lat="14.60534275" lon="101.06163943"><ele>13.080</ele><time>2025-01-14T03:53:26.999Z</time><speed>14.936</speed><sat>24</sat></trkpt>
  <trkpt lat="14.60529054" lon="101.06151034"><ele>13.718</ele><time>2025-01-14T03:53:27.999Z</time><speed>15.350</speed><sat>25</sat></trkpt>
  <trkpt lat="14.60523806" lon="101.06137887"><ele>14.156</ele><time>2025-01-14T03:53:28.999Z</time><speed>15.816</speed><sat>24</sat></trkpt>
  <trkpt lat="14.60518456" lon="101.06124173"><ele>14.608</ele><time>2025-01-14T03:53:29.999Z</time><speed>16.397</speed><sat>23</sat></trkpt>
  <trkpt lat="14.60512947" lon="101.06109749"><ele>14.841</ele><time>2025-01-14T03:53:30.999Z</time><speed>16.953</speed><sat>22</sat></trkpt>
  <trkpt lat="14.60507400" lon="101.06094687"><ele>14.756</ele><time>2025-01-14T03:53:31.999Z</time><speed>17.506</speed><sat>23</sat></trkpt>
  <trkpt lat="14.60501687" lon="101.06079387"><ele>14.510</ele><time>2025-01-14T03:53:32.999Z</time><speed>17.947</speed><sat>24</sat></trkpt>
  <trkpt lat="14.60495751" lon="101.06063502"><ele>14.645</ele><time>2025-01-14T03:53:33.999Z</time><speed>18.373</speed><sat>22</sat></trkpt>
  <trkpt lat="14.60489141" lon="101.06047286"><ele>14.780</ele><time>2025-01-14T03:53:34.999Z</time><speed>18.949</speed><sat>22</sat></trkpt>
  <trkpt lat="14.60482050" lon="101.06030566"><ele>14.669</ele><time>2025-01-14T03:53:35.999Z</time><speed>19.440</speed><sat>24</sat></trkpt>
  <trkpt lat="14.60475055" lon="101.06013697"><ele>14.451</ele><time>2025-01-14T03:53:36.999Z</time><speed>19.846</speed><sat>23</sat></trkpt>
  <trkpt lat="14.60467849" lon="101.05996483"><ele>14.351</ele><time>2025-01-14T03:53:37.999Z</time><speed>20.226</speed><sat>23</sat></trkpt>
  <trkpt lat="14.60460265" lon="101.05978883"><ele>13.952</ele><time>2025-01-14T03:53:38.999Z</time><speed>20.691</speed><sat>24</sat></trkpt>
  <trkpt lat="14.60452630" lon="101.05961138"><ele>13.541</ele><time>2025-01-14T03:53:39.999Z</time><speed>21.137</speed><sat>22</sat></trkpt>
  <trkpt lat="14.60444656" lon="101.05943025"><ele>13.327</ele><time>2025-01-14T03:53:40.999Z</time><speed>21.537</speed><sat>22</sat></trkpt>
  <trkpt lat="14.60436587" lon="101.05924338"><ele>13.004</ele><time>2025-01-14T03:53:41.999Z</time><speed>22.009</speed><sat>23</sat></trkpt>
  <trkpt lat="14.60428536" lon="101.05905266"><ele>12.905</ele><time>2025-01-14T03:53:42.999Z</time><speed>22.434</speed><sat>24</sat></trkpt>
  <trkpt lat="14.60420535" lon="101.05886069"><ele>13.079</ele><time>2025-01-14T03:53:43.999Z</time><speed>22.205</speed><sat>24</sat></trkpt>
  <trkpt lat="14.60412553" lon="101.05866893"><ele>13.560</ele><time>2025-01-14T03:53:44.999Z</time><speed>22.327</speed><sat>24</sat></trkpt>
  <trkpt lat="14.60404365" lon="101.05847577"><ele>14.073</ele><time>2025-01-14T03:53:45.999Z</time><speed>22.214</speed><sat>22</sat></trkpt>
  <trkpt lat="14.60396096" lon="101.05828282"><ele>14.392</ele><time>2025-01-14T03:53:46.999Z</time><speed>22.388</speed><sat>23</sat></trkpt>
  <trkpt lat="14.60387770" lon="101.05808767"><ele>14.557</ele><time>2025-01-14T03:53:47.999Z</time><speed>22.445</speed><sat>22</sat></trkpt>
  <trkpt lat="14.60379640" lon="101.05789411"><ele>14.854</ele><time>2025-01-14T03:53:48.999Z</time><speed>22.489</speed><sat>21</sat></trkpt>
  <trkpt lat="14.60371183" lon="101.05770018"><ele>14.981</ele><time>2025-01-14T03:53:49.999Z</time><speed>22.708</speed><sat>23</sat></trkpt>
  <trkpt lat="14.60362917" lon="101.05750910"><ele>14.383</ele><time>2025-01-14T03:53:50.999Z</time><speed>22.602</speed><sat>20</sat></trkpt>
  <trkpt lat="14.60354245" lon="101.05731253"><ele>13.503</ele><time>2025-01-14T03:53:51.999Z</time><speed>22.772</speed><sat>22</sat></trkpt>
  <trkpt lat="14.60345888" lon="101.05712207"><ele>13.459</ele><time>2025-01-14T03:53:52.999Z</time><speed>22.507</speed><sat>20</sat></trkpt>
  <trkpt lat="14.60337144" lon="101.05693232"><ele>13.705</ele><time>2025-01-14T03:53:53.999Z</time><speed>22.677</speed><sat>19</sat></trkpt>
  <trkpt lat="14.60328345" lon="101.05674229"><ele>13.175</ele><time>2025-01-14T03:53:54.999Z</time><speed>22.806</speed><sat>18</sat></trkpt>
  <trkpt lat="14.60319743" lon="101.05654632"><ele>12.785</ele><time>2025-01-14T03:53:55.999Z</time><speed>23.013</speed><sat>21</sat></trkpt>
  <trkpt lat="14.60310946" lon="101.05634975"><ele>12.068</ele><time>2025-01-14T03:53:56.999Z</time><speed>23.106</speed><sat>23</sat></trkpt>
  <trkpt lat="14.60302466" lon="101.05615795"><ele>11.525</ele><time>2025-01-14T03:53:57.999Z</time><speed>22.727</speed><sat>23</sat></trkpt>
  <trkpt lat="14.60294134" lon="101.05596681"><ele>11.441</ele><time>2025-01-14T03:53:58.999Z</time><speed>22.666</speed><sat>23</sat></trkpt>
  <trkpt lat="14.60285605" lon="101.05577377"><ele>11.198</ele><time>2025-01-14T03:53:59.999Z</time><speed>22.779</speed><sat>23</sat></trkpt>
  <trkpt lat="14.60277094" lon="101.05558081"><ele>11.075</ele><time>2025-01-14T03:54:00.999Z</time><speed>22.579</speed><sat>24</sat></trkpt>
  <trkpt lat="14.60268721" lon="101.05538940"><ele>10.722</ele><time>2025-01-14T03:54:01.999Z</time><speed>22.630</speed><sat>24</sat></trkpt>
  <trkpt lat="14.60260561" lon="101.05519965"><ele>10.041</ele><time>2025-01-14T03:54:02.999Z</time><speed>22.323</speed><sat>24</sat></trkpt>
  <trkpt lat="14.60252620" lon="101.05501326"><ele>9.715</ele><time>2025-01-14T03:54:03.999Z</time><speed>22.001</speed><sat>25</sat></trkpt>
  <trkpt lat="14.60244552" lon="101.05482660"><ele>9.764</ele><time>2025-01-14T03:54:04.999Z</time><speed>21.977</speed><sat>24</sat></trkpt>
  <trkpt lat="14.60236467" lon="101.05464033"><ele>9.766</ele><time>2025-01-14T03:54:05.999Z</time><speed>22.047</speed><sat>23</sat></trkpt>
  <trkpt lat="14.60228177" lon="101.05445382"><ele>9.569</ele><time>2025-01-14T03:54:06.999Z</time><speed>21.818</speed><sat>23</sat></trkpt>
  <trkpt lat="14.60220202" lon="101.05427094"><ele>8.677</ele><time>2025-01-14T03:54:07.999Z</time><speed>21.551</speed><sat>24</sat></trkpt>
  <trkpt lat="14.60212252" lon="101.05408809"><ele>8.196</ele><time>2025-01-14T03:54:08.999Z</time><speed>21.467</speed><sat>22</sat></trkpt>
  <trkpt lat="14.60204473" lon="101.05390951"><ele>7.964</ele><time>2025-01-14T03:54:09.999Z</time><speed>21.223</speed><sat>22</sat></trkpt>
  <trkpt lat="14.60196787" lon="101.05372897"><ele>7.977</ele><time>2025-01-14T03:54:10.999Z</time><speed>21.107</speed><sat>22</sat></trkpt>
  <trkpt lat="14.60189290" lon="101.05354936"><ele>7.874</ele><time>2025-01-14T03:54:11.999Z</time><speed>20.846</speed><sat>24</sat></trkpt>
  <trkpt lat="14.60181895" lon="101.05337046"><ele>7.964</ele><time>2025-01-14T03:54:12.999Z</time><speed>20.952</speed><sat>24</sat></trkpt>
  <trkpt lat="14.60174430" lon="101.05318819"><ele>8.116</ele><time>2025-01-14T03:54:13.999Z</time><speed>21.264</speed><sat>24</sat></trkpt>
  <trkpt lat="14.60166981" lon="101.05300439"><ele>8.361</ele><time>2025-01-14T03:54:14.999Z</time><speed>21.599</speed><sat>25</sat></trkpt>
  <trkpt lat="14.60159490" lon="101.05281944"><ele>8.452</ele><time>2025-01-14T03:54:15.999Z</time><speed>21.916</speed><sat>24</sat></trkpt>
  <trkpt lat="14.60151755" lon="101.05263447"><ele>8.783</ele><time>2025-01-14T03:54:16.999Z</time><speed>22.231</speed><sat>24</sat></trkpt>
  <trkpt lat="14.60143521" lon="101.05244596"><ele>8.819</ele><time>2025-01-14T03:54:17.999Z</time><speed>22.460</speed><sat>24</sat></trkpt>
  <trkpt lat="14.60135080" lon="101.05225344"><ele>8.591</ele><time>2025-01-14T03:54:18.999Z</time><speed>22.782</speed><sat>24</sat></trkpt>
  <trkpt lat="14.60126559" lon="101.05205778"><ele>8.218</ele><time>2025-01-14T03:54:19.999Z</time><speed>23.164</speed><sat>23</sat></trkpt>
  <trkpt lat="14.60117977" lon="101.05185898"><ele>7.801</ele><time>2025-01-14T03:54:20.999Z</time><speed>23.476</speed><sat>24</sat></trkpt>
  <trkpt lat="14.60109244" lon="101.05165675"><ele>7.782</ele><time>2025-01-14T03:54:21.999Z</time><speed>23.799</speed><sat>22</sat></trkpt>
  <trkpt lat="14.60100625" lon="101.05145501"><ele>7.658</ele><time>2025-01-14T03:54:22.999Z</time><speed>23.735</speed><sat>23</sat></trkpt>
  <trkpt lat="14.60091925" lon="101.05125464"><ele>7.826</ele><time>2025-01-14T03:54:23.999Z</time><speed>23.866</speed><sat>24</sat></trkpt>
  <trkpt lat="14.60083032" lon="101.05105170"><ele>7.887</ele><time>2025-01-14T03:54:24.999Z</time><speed>23.830</speed><sat>25</sat></trkpt>
  <trkpt lat="14.60074301" lon="101.05085128"><ele>7.469</ele><time>2025-01-14T03:54:25.999Z</time><speed>23.638</speed><sat>24</sat></trkpt>
  <trkpt lat="14.60065398" lon="101.05064969"><ele>6.845</ele><time>2025-01-14T03:54:26.999Z</time><speed>23.767</speed><sat>23</sat></trkpt>
  <trkpt lat="14.60056629" lon="101.05044629"><ele>6.387</ele><time>2025-01-14T03:54:27.999Z</time><speed>23.871</speed><sat>23</sat></trkpt>
  <trkpt lat="14.60048049" lon="101.05024344"><ele>6.000</ele><time>2025-01-14T03:54:28.999Z</time><speed>23.570</speed><sat>21</sat></trkpt>
  <trkpt lat="14.60039352" lon="101.05004224"><ele>5.741</ele><time>2025-01-14T03:54:29.999Z</time><speed>23.685</speed><sat>24</sat></trkpt>
  <trkpt lat="14.60030511" lon="101.04983894"><ele>5.704</ele><time>2025-01-14T03:54:30.999Z</time><speed>23.879</speed><sat>24</sat></trkpt>
  <trkpt lat="14.60021829" lon="101.04963521"><ele>5.528</ele><time>2025-01-14T03:54:31.999Z</time><speed>24.034</speed><sat>24</sat></trkpt>
  <trkpt lat="14.60013025" lon="101.04943014"><ele>5.068</ele><time>2025-01-14T03:54:32.999Z</time><speed>24.240</speed><sat>24</sat></trkpt>
  <trkpt lat="14.60004263" lon="101.04922297"><ele>4.578</ele><time>2025-01-14T03:54:33.999Z</time><speed>24.458</speed><sat>24</sat></trkpt>
  <trkpt lat="14.59995425" lon="101.04901392"><ele>4.169</ele><time>2025-01-14T03:54:34.999Z</time><speed>24.617</speed><sat>22</sat></trkpt>
  <trkpt lat="14.59986512" lon="101.04880470"><ele>3.792</ele><time>2025-01-14T03:54:35.999Z</time><speed>24.494</speed><sat>22</sat></trkpt>
  <trkpt lat="14.59977756" lon="101.04859753"><ele>3.614</ele><time>2025-01-14T03:54:36.999Z</time><speed>24.437</speed><sat>21</sat></trkpt>
  <trkpt lat="14.59968994" lon="101.04838813"><ele>3.656</ele><time>2025-01-14T03:54:37.999Z</time><speed>24.621</speed><sat>21</sat></trkpt>
  <trkpt lat="14.59960103" lon="101.04817737"><ele>3.339</ele><time>2025-01-14T03:54:38.999Z</time><speed>24.820</speed><sat>23</sat></trkpt>
  <trkpt lat="14.59951037" lon="101.04796587"><ele>3.318</ele><time>2025-01-14T03:54:39.999Z</time><speed>24.947</speed><sat>24</sat></trkpt>
  <trkpt lat="14.59941793" lon="101.04775382"><ele>3.656</ele><time>2025-01-14T03:54:40.999Z</time><speed>24.924</speed><sat>24</sat></trkpt>
  <trkpt lat="14.59932650" lon="101.04754524"><ele>3.532</ele><time>2025-01-14T03:54:41.999Z</time><speed>24.566</speed><sat>25</sat></trkpt>
  <trkpt lat="14.59923553" lon="101.04733559"><ele>3.568</ele><time>2025-01-14T03:54:42.999Z</time><speed>24.627</speed><sat>25</sat></trkpt>
  <trkpt lat="14.59914066" lon="101.04712403"><ele>3.588</ele><time>2025-01-14T03:54:43.999Z</time><speed>24.748</speed><sat>25</sat></trkpt>
  <trkpt lat="14.59904873" lon="101.04691508"><ele>3.737</ele><time>2025-01-14T03:54:44.999Z</time><speed>24.377</speed><sat>25</sat></trkpt>
  <trkpt lat="14.59895799" lon="101.04670937"><ele>4.174</ele><time>2025-01-14T03:54:45.999Z</time><speed>24.302</speed><sat>25</sat></trkpt>
  <trkpt lat="14.59886648" lon="101.04650465"><ele>4.635</ele><time>2025-01-14T03:54:46.999Z</time><speed>24.107</speed><sat>25</sat></trkpt>
  <trkpt lat="14.59877576" lon="101.04630166"><ele>4.708</ele><time>2025-01-14T03:54:47.999Z</time><speed>23.779</speed><sat>25</sat></trkpt>
  <trkpt lat="14.59868660" lon="101.04610189"><ele>4.132</ele><time>2025-01-14T03:54:48.999Z</time><speed>23.685</speed><sat>25</sat></trkpt>
  <trkpt lat="14.59859890" lon="101.04590138"><ele>3.549</ele><time>2025-01-14T03:54:49.999Z</time><speed>23.544</speed><sat>24</sat></trkpt>
  <trkpt lat="14.59851171" lon="101.04570130"><ele>3.763</ele><time>2025-01-14T03:54:50.999Z</time><speed>23.244</speed><sat>23</sat></trkpt>
  <trkpt lat="14.59842419" lon="101.04550503"><ele>3.351</ele><time>2025-01-14T03:54:51.999Z</time><speed>23.199</speed><sat>24</sat></trkpt>
  <trkpt lat="14.59833539" lon="101.04530727"><ele>3.077</ele><time>2025-01-14T03:54:52.999Z</time><speed>23.318</speed><sat>23</sat></trkpt>
  <trkpt lat="14.59824922" lon="101.04511484"><ele>2.480</ele><time>2025-01-14T03:54:53.999Z</time><speed>23.253</speed><sat>24</sat></trkpt>
  <trkpt lat="14.59816362" lon="101.04492274"><ele>2.271</ele><time>2025-01-14T03:54:54.999Z</time><speed>22.954</speed><sat>24</sat></trkpt>
  <trkpt lat="14.59807704" lon="101.04472833"><ele>1.930</ele><time>2025-01-14T03:54:55.999Z</time><speed>23.002</speed><sat>22</sat></trkpt>
  <trkpt lat="14.59799001" lon="101.04453378"><ele>1.582</ele><time>2025-01-14T03:54:56.999Z</time><speed>22.746</speed><sat>23</sat></trkpt>
  <trkpt lat="14.59790525" lon="101.04433859"><ele>1.210</ele><time>2025-01-14T03:54:57.999Z</time><speed>22.769</speed><sat>22</sat></trkpt>
  <trkpt lat="14.59782046" lon="101.04414175"><ele>1.241</ele><time>2025-01-14T03:54:58.999Z</time><speed>22.703</speed><sat>23</sat></trkpt>
  <trkpt lat="14.59773619" lon="101.04394648"><ele>1.240</ele><time>2025-01-14T03:54:59.999Z</time><speed>22.878</speed><sat>22</sat></trkpt>
  <trkpt lat="14.59765142" lon="101.04375069"><ele>1.479</ele><time>2025-01-14T03:55:00.999Z</time><speed>23.070</speed><sat>25</sat></trkpt>
  <trkpt lat="14.59756714" lon="101.04355456"><ele>1.950</ele><time>2025-01-14T03:55:01.999Z</time><speed>23.100</speed><sat>25</sat></trkpt>
  <trkpt lat="14.59748052" lon="101.04336312"><ele>1.299</ele><time>2025-01-14T03:55:02.999Z</time><speed>22.873</speed><sat>23</sat></trkpt>
  <trkpt lat="14.59739557" lon="101.04317058"><ele>0.973</ele><time>2025-01-14T03:55:03.999Z</time><speed>22.937</speed><sat>24</sat></trkpt>
  <trkpt lat="14.59731193" lon="101.04297761"><ele>1.317</ele><time>2025-01-14T03:55:04.999Z</time><speed>23.030</speed><sat>24</sat></trkpt>
  <trkpt lat="14.59722652" lon="101.04278383"><ele>1.594</ele><time>2025-01-14T03:55:05.999Z</time><speed>23.214</speed><sat>23</sat></trkpt>
  <trkpt lat="14.59713978" lon="101.04258949"><ele>1.816</ele><time>2025-01-14T03:55:06.999Z</time><speed>23.384</speed><sat>23</sat></trkpt>
  <trkpt lat="14.59704933" lon="101.04239426"><ele>1.898</ele><time>2025-01-14T03:55:07.999Z</time><speed>23.547</speed><sat>24</sat></trkpt>
  <trkpt lat="14.59695696" lon="101.04219883"><ele>2.229</ele><time>2025-01-14T03:55:08.999Z</time><speed>23.672</speed><sat>23</sat></trkpt>
  <trkpt lat="14.59686145" lon="101.04200446"><ele>2.862</ele><time>2025-01-14T03:55:09.999Z</time><speed>23.444</speed><sat>23</sat></trkpt>
  <trkpt lat="14.59676706" lon="101.04181121"><ele>3.677</ele><time>2025-01-14T03:55:10.999Z</time><speed>23.080</speed><sat>23</sat></trkpt>
  <trkpt lat="14.59667333" lon="101.04162064"><ele>4.243</ele><time>2025-01-14T03:55:11.999Z</time><speed>22.807</speed><sat>22</sat></trkpt>
  <trkpt lat="14.59658223" lon="101.04143157"><ele>4.704</ele><time>2025-01-14T03:55:12.999Z</time><speed>22.695</speed><sat>24</sat></trkpt>
  <trkpt lat="14.59649230" lon="101.04124528"><ele>5.051</ele><time>2025-01-14T03:55:13.999Z</time><speed>22.396</speed><sat>23</sat></trkpt>
  <trkpt lat="14.59640429" lon="101.04106104"><ele>5.485</ele><time>2025-01-14T03:55:14.999Z</time><speed>22.157</speed><sat>22</sat></trkpt>
  <trkpt lat="14.59631499" lon="101.04087505"><ele>5.830</ele><time>2025-01-14T03:55:15.999Z</time><speed>22.288</speed><sat>22</sat></trkpt>
  <trkpt lat="14.59622411" lon="101.04068840"><ele>6.117</ele><time>2025-01-14T03:55:16.999Z</time><speed>22.534</speed><sat>23</sat></trkpt>
  <trkpt lat="14.59613515" lon="101.04050108"><ele>6.495</ele><time>2025-01-14T03:55:17.999Z</time><speed>22.684</speed><sat>21</sat></trkpt>
  <trkpt lat="14.59604456" lon="101.04031013"><ele>6.591</ele><time>2025-01-14T03:55:18.999Z</time><speed>22.903</speed><sat>23</sat></trkpt>
  <trkpt lat="14.59595429" lon="101.04011688"><ele>6.745</ele><time>2025-01-14T03:55:19.999Z</time><speed>23.094</speed><sat>23</sat></trkpt>
  <trkpt lat="14.59586344" lon="101.03992373"><ele>6.660</ele><time>2025-01-14T03:55:20.999Z</time><speed>22.801</speed><sat>23</sat></trkpt>
  <trkpt lat="14.59577568" lon="101.03973257"><ele>6.458</ele><time>2025-01-14T03:55:21.999Z</time><speed>22.690</speed><sat>22</sat></trkpt>
  <trkpt lat="14.59569021" lon="101.03954063"><ele>6.438</ele><time>2025-01-14T03:55:22.999Z</time><speed>22.777</speed><sat>23</sat></trkpt>
  <trkpt lat="14.59560258" lon="101.03934737"><ele>6.217</ele><time>2025-01-14T03:55:23.999Z</time><speed>22.881</speed><sat>23</sat></trkpt>
  <trkpt lat="14.59551609" lon="101.03915528"><ele>5.873</ele><time>2025-01-14T03:55:24.999Z</time><speed>22.368</speed><sat>23</sat></trkpt>
  <trkpt lat="14.59543326" lon="101.03896848"><ele>5.656</ele><time>2025-01-14T03:55:25.999Z</time><speed>21.830</speed><sat>22</sat></trkpt>
  <trkpt lat="14.59535377" lon="101.03878200"><ele>5.341</ele><time>2025-01-14T03:55:26.999Z</time><speed>21.883</speed><sat>22</sat></trkpt>
  <trkpt lat="14.59527577" lon="101.03859793"><ele>4.861</ele><time>2025-01-14T03:55:27.999Z</time><speed>21.727</speed><sat>23</sat></trkpt>
  <trkpt lat="14.59519584" lon="101.03841230"><ele>4.169</ele><time>2025-01-14T03:55:28.999Z</time><speed>21.775</speed><sat>23</sat></trkpt>
  <trkpt lat="14.59511534" lon="101.03822544"><ele>3.179</ele><time>2025-01-14T03:55:29.999Z</time><speed>22.001</speed><sat>23</sat></trkpt>
  <trkpt lat="14.59503613" lon="101.03803809"><ele>2.355</ele><time>2025-01-14T03:55:30.999Z</time><speed>21.942</speed><sat>22</sat></trkpt>
  <trkpt lat="14.59495890" lon="101.03785257"><ele>1.834</ele><time>2025-01-14T03:55:31.999Z</time><speed>21.741</speed><sat>23</sat></trkpt>
  <trkpt lat="14.59488224" lon="101.03766650"><ele>1.188</ele><time>2025-01-14T03:55:32.999Z</time><speed>21.855</speed><sat>23</sat></trkpt>
  <trkpt lat="14.59480696" lon="101.03747973"><ele>0.694</ele><time>2025-01-14T03:55:33.999Z</time><speed>21.571</speed><sat>21</sat></trkpt>
  <trkpt lat="14.59473261" lon="101.03729375"><ele>0.647</ele><time>2025-01-14T03:55:34.999Z</time><speed>21.587</speed><sat>23</sat></trkpt>
  <trkpt lat="14.59465970" lon="101.03710838"><ele>0.464</ele><time>2025-01-14T03:55:35.999Z</time><speed>21.130</speed><sat>24</sat></trkpt>
  <trkpt lat="14.59458672" lon="101.03692754"><ele>-0.166</ele><time>2025-01-14T03:55:36.999Z</time><speed>20.888</speed><sat>23</sat></trkpt>
  <trkpt lat="14.59451554" lon="101.03674922"><ele>-0.714</ele><time>2025-01-14T03:55:37.999Z</time><speed>20.759</speed><sat>22</sat></trkpt>
  <trkpt lat="14.59444583" lon="101.03657040"><ele>-1.232</ele><time>2025-01-14T03:55:38.999Z</time><speed>21.021</speed><sat>22</sat></trkpt>
  <trkpt lat="14.59437411" lon="101.03638989"><ele>-1.973</ele><time>2025-01-14T03:55:39.999Z</time><speed>21.347</speed><sat>24</sat></trkpt>
  <trkpt lat="14.59430114" lon="101.03620536"><ele>-2.719</ele><time>2025-01-14T03:55:40.999Z</time><speed>21.627</speed><sat>21</sat></trkpt>
  <trkpt lat="14.59422671" lon="101.03602085"><ele>-3.347</ele><time>2025-01-14T03:55:41.999Z</time><speed>21.418</speed><sat>21</sat></trkpt>
  <trkpt lat="14.59415282" lon="101.03583722"><ele>-3.892</ele><time>2025-01-14T03:55:42.999Z</time><speed>21.609</speed><sat>21</sat></trkpt>
  <trkpt lat="14.59408102" lon="101.03565197"><ele>-4.580</ele><time>2025-01-14T03:55:43.999Z</time><speed>21.599</speed><sat>21</sat></trkpt>
  <trkpt lat="14.59400999" lon="101.03546911"><ele>-5.089</ele><time>2025-01-14T03:55:44.999Z</time><speed>21.246</speed><sat>22</sat></trkpt>
  <trkpt lat="14.59393875" lon="101.03528706"><ele>-5.492</ele><time>2025-01-14T03:55:45.999Z</time><speed>21.342</speed><sat>21</sat></trkpt>
  <trkpt lat="14.59386915" lon="101.03510463"><ele>-5.528</ele><time>2025-01-14T03:55:46.999Z</time><speed>21.521</speed><sat>19</sat></trkpt>
  <trkpt lat="14.59379866" lon="101.03492140"><ele>-5.570</ele><time>2025-01-14T03:55:47.999Z</time><speed>21.055</speed><sat>21</sat></trkpt>
  <trkpt lat="14.59372904" lon="101.03474658"><ele>-5.061</ele><time>2025-01-14T03:55:48.999Z</time><speed>20.337</speed><sat>21</sat></trkpt>
  <trkpt lat="14.59365760" lon="101.03457537"><ele>-4.337</ele><time>2025-01-14T03:55:49.999Z</time><speed>19.749</speed><sat>24</sat></trkpt>
  <trkpt lat="14.59358529" lon="101.03441138"><ele>-3.864</ele><time>2025-01-14T03:55:50.999Z</time><speed>19.504</speed><sat>23</sat></trkpt>
  <trkpt lat="14.59351198" lon="101.03424641"><ele>-3.606</ele><time>2025-01-14T03:55:51.999Z</time><speed>19.671</speed><sat>24</sat></trkpt>
  <trkpt lat="14.59343870" lon="101.03408002"><ele>-3.536</ele><time>2025-01-14T03:55:52.999Z</time><speed>19.620</speed><sat>24</sat></trkpt>
  <trkpt lat="14.59336575" lon="101.03391324"><ele>-3.308</ele><time>2025-01-14T03:55:53.999Z</time><speed>19.639</speed><sat>24</sat></trkpt>
  <trkpt lat="14.59329452" lon="101.03374453"><ele>-2.916</ele><time>2025-01-14T03:55:54.999Z</time><speed>19.907</speed><sat>23</sat></trkpt>
  <trkpt lat="14.59322329" lon="101.03357436"><ele>-2.364</ele><time>2025-01-14T03:55:55.999Z</time><speed>19.843</speed><sat>24</sat></trkpt>
  <trkpt lat="14.59315294" lon="101.03340615"><ele>-1.439</ele><time>2025-01-14T03:55:56.999Z</time><speed>19.748</speed><sat>24</sat></trkpt>
  <trkpt lat="14.59308216" lon="101.03324038"><ele>-0.933</ele><time>2025-01-14T03:55:57.999Z</time><speed>19.505</speed><sat>24</sat></trkpt>
  <trkpt lat="14.59301093" lon="101.03307494"><ele>-0.497</ele><time>2025-01-14T03:55:58.999Z</time><speed>19.645</speed><sat>24</sat></trkpt>
  <trkpt lat="14.59293795" lon="101.03290714"><ele>-0.436</ele><time>2025-01-14T03:55:59.999Z</time><speed>19.984</speed><sat>24</sat></trkpt>
  <trkpt lat="14.59286424" lon="101.03273424"><ele>-0.164</ele><time>2025-01-14T03:56:00.999Z</time><speed>20.477</speed><sat>23</sat></trkpt>
  <trkpt lat="14.59279032" lon="101.03256081"><ele>-0.314</ele><time>2025-01-14T03:56:01.999Z</time><speed>20.349</speed><sat>22</sat></trkpt>
  <trkpt lat="14.59271645" lon="101.03238858"><ele>-0.047</ele><time>2025-01-14T03:56:02.999Z</time><speed>20.189</speed><sat>24</sat></trkpt>
  <trkpt lat="14.59264234" lon="101.03221984"><ele>-0.085</ele><time>2025-01-14T03:56:03.999Z</time><speed>20.319</speed><sat>23</sat></trkpt>
  <trkpt lat="14.59256783" lon="101.03204889"><ele>-0.038</ele><time>2025-01-14T03:56:04.999Z</time><speed>20.075</speed><sat>24</sat></trkpt>
  <trkpt lat="14.59249506" lon="101.03187932"><ele>-0.379</ele><time>2025-01-14T03:56:05.999Z</time><speed>19.990</speed><sat>23</sat></trkpt>
  <trkpt lat="14.59242115" lon="101.03170840"><ele>-0.181</ele><time>2025-01-14T03:56:06.999Z</time><speed>20.278</speed><sat>23</sat></trkpt>
  <trkpt lat="14.59234853" lon="101.03153352"><ele>0.022</ele><time>2025-01-14T03:56:07.999Z</time><speed>20.674</speed><sat>22</sat></trkpt>
  <trkpt lat="14.59227554" lon="101.03135311"><ele>0.141</ele><time>2025-01-14T03:56:08.999Z</time><speed>21.150</speed><sat>24</sat></trkpt>
  <trkpt lat="14.59220084" lon="101.03116605"><ele>0.228</ele><time>2025-01-14T03:56:09.999Z</time><speed>21.619</speed><sat>23</sat></trkpt>
  <trkpt lat="14.59212517" lon="101.03098147"><ele>-0.074</ele><time>2025-01-14T03:56:10.999Z</time><speed>21.974</speed><sat>20</sat></trkpt>
  <trkpt lat="14.59204860" lon="101.03079365"><ele>-0.018</ele><time>2025-01-14T03:56:11.999Z</time><speed>22.289</speed><sat>21</sat></trkpt>
  <trkpt lat="14.59196898" lon="101.03059985"><ele>0.504</ele><time>2025-01-14T03:56:12.999Z</time><speed>22.658</speed><sat>23</sat></trkpt>
  <trkpt lat="14.59188560" lon="101.03040764"><ele>1.170</ele><time>2025-01-14T03:56:13.999Z</time><speed>22.733</speed><sat>22</sat></trkpt>
  <trkpt lat="14.59180300" lon="101.03021447"><ele>1.000</ele><time>2025-01-14T03:56:14.999Z</time><speed>22.398</speed><sat>21</sat></trkpt>
  <trkpt lat="14.59171988" lon="101.03002298"><ele>1.429</ele><time>2025-01-14T03:56:15.999Z</time><speed>22.490</speed><sat>21</sat></trkpt>
  <trkpt lat="14.59163847" lon="101.02983213"><ele>1.863</ele><time>2025-01-14T03:56:16.999Z</time><speed>22.515</speed><sat>22</sat></trkpt>
  <trkpt lat="14.59155448" lon="101.02964174"><ele>2.016</ele><time>2025-01-14T03:56:17.999Z</time><speed>22.637</speed><sat>20</sat></trkpt>
  <trkpt lat="14.59146971" lon="101.02944861"><ele>1.531</ele><time>2025-01-14T03:56:18.999Z</time><speed>22.876</speed><sat>22</sat></trkpt>
  <trkpt lat="14.59138365" lon="101.02925464"><ele>0.826</ele><time>2025-01-14T03:56:19.999Z</time><speed>22.897</speed><sat>21</sat></trkpt>
  <trkpt lat="14.59129828" lon="101.02906302"><ele>0.456</ele><time>2025-01-14T03:56:20.999Z</time><speed>22.948</speed><sat>21</sat></trkpt>
  <trkpt lat="14.59121295" lon="101.02886807"><ele>-0.340</ele><time>2025-01-14T03:56:21.999Z</time><speed>23.264</speed><sat>21</sat></trkpt>
  <trkpt lat="14.59112695" lon="101.02866806"><ele>-1.220</ele><time>2025-01-14T03:56:22.999Z</time><speed>23.531</speed><sat>21</sat></trkpt>
  <trkpt lat="14.59104093" lon="101.02846667"><ele>-1.830</ele><time>2025-01-14T03:56:23.999Z</time><speed>23.317</speed><sat>21</sat></trkpt>
  <trkpt lat="14.59095592" lon="101.02826587"><ele>-1.947</ele><time>2025-01-14T03:56:24.999Z</time><speed>23.244</speed><sat>21</sat></trkpt>
  <trkpt lat="14.59086894" lon="101.02806639"><ele>-2.193</ele><time>2025-01-14T03:56:25.999Z</time><speed>23.467</speed><sat>21</sat></trkpt>
  <trkpt lat="14.59078113" lon="101.02786336"><ele>-2.124</ele><time>2025-01-14T03:56:26.999Z</time><speed>23.764</speed><sat>22</sat></trkpt>
  <trkpt lat="14.59069408" lon="101.02765948"><ele>-2.386</ele><time>2025-01-14T03:56:27.999Z</time><speed>23.959</speed><sat>22</sat></trkpt>
  <trkpt lat="14.59060512" lon="101.02745568"><ele>-3.076</ele><time>2025-01-14T03:56:28.999Z</time><speed>24.008</speed><sat>20</sat></trkpt>
  <trkpt lat="14.59051623" lon="101.02725305"><ele>-3.537</ele><time>2025-01-14T03:56:29.999Z</time><speed>23.746</speed><sat>20</sat></trkpt>
  <trkpt lat="14.59042788" lon="101.02705221"><ele>-3.683</ele><time>2025-01-14T03:56:30.999Z</time><speed>23.853</speed><sat>20</sat></trkpt>
  <trkpt lat="14.59033889" lon="101.02685162"><ele>-3.942</ele><time>2025-01-14T03:56:31.999Z</time><speed>23.993</speed><sat>20</sat></trkpt>
  <trkpt lat="14.59025064" lon="101.02664950"><ele>-3.558</ele><time>2025-01-14T03:56:32.999Z</time><speed>23.974</speed><sat>22</sat></trkpt>
  <trkpt lat="14.59016283" lon="101.02644970"><ele>-3.422</ele><time>2025-01-14T03:56:33.999Z</time><speed>23.595</speed><sat>23</sat></trkpt>
  <trkpt lat="14.59007672" lon="101.02625261"><ele>-3.592</ele><time>2025-01-14T03:56:34.999Z</time><speed>23.594</speed><sat>24</sat></trkpt>
  <trkpt lat="14.58998782" lon="101.02605453"><ele>-3.984</ele><time>2025-01-14T03:56:35.999Z</time><speed>23.790</speed><sat>25</sat></trkpt>
  <trkpt lat="14.58990114" lon="101.02585145"><ele>-3.763</ele><time>2025-01-14T03:56:36.999Z</time><speed>23.884</speed><sat>25</sat></trkpt>
  <trkpt lat="14.58981532" lon="101.02564732"><ele>-3.686</ele><time>2025-01-14T03:56:37.999Z</time><speed>23.706</speed><sat>25</sat></trkpt>
  <trkpt lat="14.58972970" lon="101.02544600"><ele>-3.432</ele><time>2025-01-14T03:56:38.999Z</time><speed>23.708</speed><sat>25</sat></trkpt>
  <trkpt lat="14.58964182" lon="101.02524420"><ele>-3.107</ele><time>2025-01-14T03:56:39.999Z</time><speed>23.821</speed><sat>24</sat></trkpt>
  <trkpt lat="14.58955454" lon="101.02504264"><ele>-2.324</ele><time>2025-01-14T03:56:40.999Z</time><speed>23.868</speed><sat>23</sat></trkpt>
  <trkpt lat="14.58946481" lon="101.02484102"><ele>-1.589</ele><time>2025-01-14T03:56:41.999Z</time><speed>23.702</speed><sat>24</sat></trkpt>
  <trkpt lat="14.58937724" lon="101.02464235"><ele>-1.041</ele><time>2025-01-14T03:56:42.999Z</time><speed>23.772</speed><sat>24</sat></trkpt>
  <trkpt lat="14.58928932" lon="101.02444061"><ele>-0.791</ele><time>2025-01-14T03:56:43.999Z</time><speed>23.851</speed><sat>25</sat></trkpt>
  <trkpt lat="14.58920123" lon="101.02423861"><ele>-0.598</ele><time>2025-01-14T03:56:44.999Z</time><speed>23.959</speed><sat>22</sat></trkpt>
  <trkpt lat="14.58911208" lon="101.02403684"><ele>-0.103</ele><time>2025-01-14T03:56:45.999Z</time><speed>24.061</speed><sat>22</sat></trkpt>
  <trkpt lat="14.58902039" lon="101.02383304"><ele>0.325</ele><time>2025-01-14T03:56:46.999Z</time><speed>24.106</speed><sat>22</sat></trkpt>
  <trkpt lat="14.58892679" lon="101.02362904"><ele>0.462</ele><time>2025-01-14T03:56:47.999Z</time><speed>24.060</speed><sat>22</sat></trkpt>
  <trkpt lat="14.58883189" lon="101.02342825"><ele>0.595</ele><time>2025-01-14T03:56:48.999Z</time><speed>23.715</speed><sat>19</sat></trkpt>
  <trkpt lat="14.58873793" lon="101.02323101"><ele>1.107</ele><time>2025-01-14T03:56:49.999Z</time><speed>23.486</speed><sat>21</sat></trkpt>
  <trkpt lat="14.58864500" lon="101.02303394"><ele>1.121</ele><time>2025-01-14T03:56:50.999Z</time><speed>23.439</speed><sat>20</sat></trkpt>
  <trkpt lat="14.58855205" lon="101.02283701"><ele>0.732</ele><time>2025-01-14T03:56:51.999Z</time><speed>23.449</speed><sat>21</sat></trkpt>
  <trkpt lat="14.58846115" lon="101.02263957"><ele>0.317</ele><time>2025-01-14T03:56:52.999Z</time><speed>23.138</speed><sat>20</sat></trkpt>
  <trkpt lat="14.58837679" lon="101.02244611"><ele>0.567</ele><time>2025-01-14T03:56:53.999Z</time><speed>22.979</speed><sat>21</sat></trkpt>
  <trkpt lat="14.58829285" lon="101.02225115"><ele>1.199</ele><time>2025-01-14T03:56:54.999Z</time><speed>23.110</speed><sat>21</sat></trkpt>
  <trkpt lat="14.58820906" lon="101.02205580"><ele>1.824</ele><time>2025-01-14T03:56:55.999Z</time><speed>23.033</speed><sat>21</sat></trkpt>
  <trkpt lat="14.58812388" lon="101.02186161"><ele>1.893</ele><time>2025-01-14T03:56:56.999Z</time><speed>22.843</speed><sat>20</sat></trkpt>
  <trkpt lat="14.58803891" lon="101.02166907"><ele>1.702</ele><time>2025-01-14T03:56:57.999Z</time><speed>22.587</speed><sat>20</sat></trkpt>
  <trkpt lat="14.58795618" lon="101.02147936"><ele>1.679</ele><time>2025-01-14T03:56:58.999Z</time><speed>22.446</speed><sat>20</sat></trkpt>
  <trkpt lat="14.58787441" lon="101.02129010"><ele>1.385</ele><time>2025-01-14T03:56:59.999Z</time><speed>21.979</speed><sat>22</sat></trkpt>
  <trkpt lat="14.58779335" lon="101.02110542"><ele>1.260</ele><time>2025-01-14T03:57:00.999Z</time><speed>21.881</speed><sat>23</sat></trkpt>
  <trkpt lat="14.58771275" lon="101.02092336"><ele>0.703</ele><time>2025-01-14T03:57:01.999Z</time><speed>21.773</speed><sat>22</sat></trkpt>
  <trkpt lat="14.58763230" lon="101.02073872"><ele>0.289</ele><time>2025-01-14T03:57:02.999Z</time><speed>21.804</speed><sat>22</sat></trkpt>
  <trkpt lat="14.58755142" lon="101.02055364"><ele>-0.056</ele><time>2025-01-14T03:57:03.999Z</time><speed>22.029</speed><sat>22</sat></trkpt>
  <trkpt lat="14.58747224" lon="101.02036600"><ele>-0.427</ele><time>2025-01-14T03:57:04.999Z</time><speed>22.234</speed><sat>22</sat></trkpt>
  <trkpt lat="14.58739381" lon="101.02017677"><ele>-0.810</ele><time>2025-01-14T03:57:05.999Z</time><speed>22.358</speed><sat>22</sat></trkpt>
  <trkpt lat="14.58731475" lon="101.01998653"><ele>-1.325</ele><time>2025-01-14T03:57:06.999Z</time><speed>22.086</speed><sat>22</sat></trkpt>
  <trkpt lat="14.58723454" lon="101.01979819"><ele>-1.757</ele><time>2025-01-14T03:57:07.999Z</time><speed>21.888</speed><sat>21</sat></trkpt>
  <trkpt lat="14.58715549" lon="101.01961298"><ele>-2.244</ele><time>2025-01-14T03:57:08.999Z</time><speed>21.901</speed><sat>22</sat></trkpt>
  <trkpt lat="14.58707710" lon="101.01943002"><ele>-2.408</ele><time>2025-01-14T03:57:09.999Z</time><speed>21.670</speed><sat>22</sat></trkpt>
  <trkpt lat="14.58699943" lon="101.01924752"><ele>-2.903</ele><time>2025-01-14T03:57:10.999Z</time><speed>21.659</speed><sat>21</sat></trkpt>
  <trkpt lat="14.58692171" lon="101.01906470"><ele>-2.945</ele><time>2025-01-14T03:57:11.999Z</time><speed>21.735</speed><sat>22</sat></trkpt>
  <trkpt lat="14.58684228" lon="101.01888029"><ele>-2.999</ele><time>2025-01-14T03:57:12.999Z</time><speed>21.840</speed><sat>21</sat></trkpt>
  <trkpt lat="14.58676307" lon="101.01869563"><ele>-3.235</ele><time>2025-01-14T03:57:13.999Z</time><speed>21.626</speed><sat>20</sat></trkpt>
  <trkpt lat="14.58668457" lon="101.01851467"><ele>-3.340</ele><time>2025-01-14T03:57:14.999Z</time><speed>21.314</speed><sat>21</sat></trkpt>
  <trkpt lat="14.58660583" lon="101.01833391"><ele>-3.237</ele><time>2025-01-14T03:57:15.999Z</time><speed>21.187</speed><sat>22</sat></trkpt>
  <trkpt lat="14.58652814" lon="101.01815511"><ele>-3.449</ele><time>2025-01-14T03:57:16.999Z</time><speed>21.183</speed><sat>22</sat></trkpt>
  <trkpt lat="14.58645067" lon="101.01797638"><ele>-3.261</ele><time>2025-01-14T03:57:17.999Z</time><speed>21.231</speed><sat>22</sat></trkpt>
  <trkpt lat="14.58637283" lon="101.01779482"><ele>-3.233</ele><time>2025-01-14T03:57:18.999Z</time><speed>20.942</speed><sat>20</sat></trkpt>
  <trkpt lat="14.58629621" lon="101.01761892"><ele>-2.877</ele><time>2025-01-14T03:57:19.999Z</time><speed>20.627</speed><sat>21</sat></trkpt>
  <trkpt lat="14.58621960" lon="101.01744366"><ele>-2.556</ele><time>2025-01-14T03:57:20.999Z</time><speed>20.555</speed><sat>21</sat></trkpt>
  <trkpt lat="14.58614439" lon="101.01727043"><ele>-2.549</ele><time>2025-01-14T03:57:21.999Z</time><speed>20.622</speed><sat>19</sat></trkpt>
  <trkpt lat="14.58606741" lon="101.01709379"><ele>-2.479</ele><time>2025-01-14T03:57:22.999Z</time><speed>20.703</speed><sat>19</sat></trkpt>
  <trkpt lat="14.58599281" lon="101.01692044"><ele>-2.436</ele><time>2025-01-14T03:57:23.999Z</time><speed>20.513</speed><sat>19</sat></trkpt>
  <trkpt lat="14.58591787" lon="101.01674756"><ele>-2.298</ele><time>2025-01-14T03:57:24.999Z</time><speed>20.645</speed><sat>20</sat></trkpt>
  <trkpt lat="14.58584142" lon="101.01657221"><ele>-2.248</ele><time>2025-01-14T03:57:25.999Z</time><speed>20.835</speed><sat>20</sat></trkpt>
  <trkpt lat="14.58576345" lon="101.01639619"><ele>-2.199</ele><time>2025-01-14T03:57:26.999Z</time><speed>21.021</speed><sat>19</sat></trkpt>
  <trkpt lat="14.58568414" lon="101.01621800"><ele>-2.146</ele><time>2025-01-14T03:57:27.999Z</time><speed>21.028</speed><sat>19</sat></trkpt>
  <trkpt lat="14.58560816" lon="101.01604354"><ele>-1.934</ele><time>2025-01-14T03:57:28.999Z</time><speed>20.821</speed><sat>18</sat></trkpt>
  <trkpt lat="14.58553223" lon="101.01586914"><ele>-1.552</ele><time>2025-01-14T03:57:29.999Z</time><speed>20.891</speed><sat>19</sat></trkpt>
  <trkpt lat="14.58545559" lon="101.01569158"><ele>-1.400</ele><time>2025-01-14T03:57:30.999Z</time><speed>21.005</speed><sat>19</sat></trkpt>
  <trkpt lat="14.58537787" lon="101.01551396"><ele>-1.597</ele><time>2025-01-14T03:57:31.999Z</time><speed>20.976</speed><sat>20</sat></trkpt>
  <trkpt lat="14.58530203" lon="101.01533816"><ele>-1.616</ele><time>2025-01-14T03:57:32.999Z</time><speed>20.748</speed><sat>21</sat></trkpt>
  <trkpt lat="14.58522888" lon="101.01516417"><ele>-1.997</ele><time>2025-01-14T03:57:33.999Z</time><speed>20.688</speed><sat>20</sat></trkpt>
  <trkpt lat="14.58515348" lon="101.01499005"><ele>-2.226</ele><time>2025-01-14T03:57:34.999Z</time><speed>20.710</speed><sat>21</sat></trkpt>
  <trkpt lat="14.58507714" lon="101.01481647"><ele>-2.492</ele><time>2025-01-14T03:57:35.999Z</time><speed>20.616</speed><sat>19</sat></trkpt>
  <trkpt lat="14.58500113" lon="101.01464310"><ele>-2.498</ele><time>2025-01-14T03:57:36.999Z</time><speed>20.633</speed><sat>19</sat></trkpt>
  <trkpt lat="14.58492472" lon="101.01446569"><ele>-2.537</ele><time>2025-01-14T03:57:37.999Z</time><speed>20.801</speed><sat>19</sat></trkpt>
  <trkpt lat="14.58484647" lon="101.01428880"><ele>-3.036</ele><time>2025-01-14T03:57:38.999Z</time><speed>20.936</speed><sat>19</sat></trkpt>
  <trkpt lat="14.58476726" lon="101.01411202"><ele>-3.278</ele><time>2025-01-14T03:57:39.999Z</time><speed>20.774</speed><sat>21</sat></trkpt>
  <trkpt lat="14.58468928" lon="101.01393602"><ele>-3.608</ele><time>2025-01-14T03:57:40.999Z</time><speed>20.573</speed><sat>18</sat></trkpt>
  <trkpt lat="14.58461152" lon="101.01376114"><ele>-3.855</ele><time>2025-01-14T03:57:41.999Z</time><speed>20.639</speed><sat>19</sat></trkpt>
  <trkpt lat="14.58453329" lon="101.01359033"><ele>-4.180</ele><time>2025-01-14T03:57:42.999Z</time><speed>20.307</speed><sat>20</sat></trkpt>
  <trkpt lat="14.58445616" lon="101.01342455"><ele>-4.051</ele><time>2025-01-14T03:57:43.999Z</time><speed>20.228</speed><sat>18</sat></trkpt>
  <trkpt lat="14.58437813" lon="101.01325760"><ele>-3.973</ele><time>2025-01-14T03:57:44.999Z</time><speed>20.259</speed><sat>19</sat></trkpt>
  <trkpt lat="14.58429821" lon="101.01308602"><ele>-3.810</ele><time>2025-01-14T03:57:45.999Z</time><speed>20.088</speed><sat>18</sat></trkpt>
  <trkpt lat="14.58422188" lon="101.01291861"><ele>-3.663</ele><time>2025-01-14T03:57:46.999Z</time><speed>20.021</speed><sat>18</sat></trkpt>
  <trkpt lat="14.58414734" lon="101.01275015"><ele>-3.123</ele><time>2025-01-14T03:57:47.999Z</time><speed>20.084</speed><sat>19</sat></trkpt>
  <trkpt lat="14.58407243" lon="101.01257999"><ele>-3.586</ele><time>2025-01-14T03:57:48.999Z</time><speed>19.917</speed><sat>20</sat></trkpt>
  <trkpt lat="14.58399749" lon="101.01240990"><ele>-3.891</ele><time>2025-01-14T03:57:49.999Z</time><speed>19.992</speed><sat>19</sat></trkpt>
  <trkpt lat="14.58392416" lon="101.01223970"><ele>-4.183</ele><time>2025-01-14T03:57:50.999Z</time><speed>20.150</speed><sat>21</sat></trkpt>
  <trkpt lat="14.58384940" lon="101.01206712"><ele>-4.294</ele><time>2025-01-14T03:57:51.999Z</time><speed>20.228</speed><sat>20</sat></trkpt>
  <trkpt lat="14.58377433" lon="101.01189502"><ele>-4.584</ele><time>2025-01-14T03:57:52.999Z</time><speed>19.957</speed><sat>20</sat></trkpt>
  <trkpt lat="14.58369947" lon="101.01172467"><ele>-4.854</ele><time>2025-01-14T03:57:53.999Z</time><speed>19.895</speed><sat>20</sat></trkpt>
  <trkpt lat="14.58362453" lon="101.01155539"><ele>-5.307</ele><time>2025-01-14T03:57:54.999Z</time><speed>20.081</speed><sat>20</sat></trkpt>
  <trkpt lat="14.58355178" lon="101.01138360"><ele>-5.965</ele><time>2025-01-14T03:57:55.999Z</time><speed>20.100</speed><sat>22</sat></trkpt>
  <trkpt lat="14.58347679" lon="101.01121063"><ele>-6.235</ele><time>2025-01-14T03:57:56.999Z</time><speed>19.856</speed><sat>21</sat></trkpt>
  <trkpt lat="14.58340188" lon="101.01104180"><ele>-6.450</ele><time>2025-01-14T03:57:57.999Z</time><speed>19.700</speed><sat>20</sat></trkpt>
  <trkpt lat="14.58332924" lon="101.01087254"><ele>-6.213</ele><time>2025-01-14T03:57:58.999Z</time><speed>19.846</speed><sat>19</sat></trkpt>
  <trkpt lat="14.58325687" lon="101.01070291"><ele>-6.256</ele><time>2025-01-14T03:57:59.999Z</time><speed>20.080</speed><sat>20</sat></trkpt>
  <trkpt lat="14.58318269" lon="101.01053215"><ele>-6.154</ele><time>2025-01-14T03:58:00.999Z</time><speed>20.243</speed><sat>20</sat></trkpt>
  <trkpt lat="14.58310780" lon="101.01036096"><ele>-5.942</ele><time>2025-01-14T03:58:01.999Z</time><speed>20.269</speed><sat>20</sat></trkpt>
  <trkpt lat="14.58303507" lon="101.01019496"><ele>-6.237</ele><time>2025-01-14T03:58:02.999Z</time><speed>19.945</speed><sat>20</sat></trkpt>
  <trkpt lat="14.58296216" lon="101.01002667"><ele>-6.429</ele><time>2025-01-14T03:58:03.999Z</time><speed>19.906</speed><sat>19</sat></trkpt>
  <trkpt lat="14.58289220" lon="101.00985900"><ele>-6.367</ele><time>2025-01-14T03:58:04.999Z</time><speed>19.509</speed><sat>18</sat></trkpt>
  <trkpt lat="14.58282356" lon="101.00969388"><ele>-6.272</ele><time>2025-01-14T03:58:05.999Z</time><speed>19.206</speed><sat>18</sat></trkpt>
  <trkpt lat="14.58275425" lon="101.00952982"><ele>-5.962</ele><time>2025-01-14T03:58:06.999Z</time><speed>19.163</speed><sat>20</sat></trkpt>
  <trkpt lat="14.58268317" lon="101.00936449"><ele>-5.944</ele><time>2025-01-14T03:58:07.999Z</time><speed>18.845</speed><sat>20</sat></trkpt>
  <trkpt lat="14.58261266" lon="101.00920622"><ele>-6.079</ele><time>2025-01-14T03:58:08.999Z</time><speed>18.615</speed><sat>19</sat></trkpt>
  <trkpt lat="14.58254421" lon="101.00905124"><ele>-6.020</ele><time>2025-01-14T03:58:09.999Z</time><speed>18.632</speed><sat>19</sat></trkpt>
  <trkpt lat="14.58247483" lon="101.00889600"><ele>-5.764</ele><time>2025-01-14T03:58:10.999Z</time><speed>18.799</speed><sat>19</sat></trkpt>
  <trkpt lat="14.58240462" lon="101.00874160"><ele>-5.585</ele><time>2025-01-14T03:58:11.999Z</time><speed>18.464</speed><sat>19</sat></trkpt>
  <trkpt lat="14.58233541" lon="101.00859195"><ele>-5.645</ele><time>2025-01-14T03:58:12.999Z</time><speed>17.877</speed><sat>19</sat></trkpt>
  <trkpt lat="14.58226673" lon="101.00844632"><ele>-5.033</ele><time>2025-01-14T03:58:13.999Z</time><speed>17.222</speed><sat>20</sat></trkpt>
  <trkpt lat="14.58219952" lon="101.00830479"><ele>-4.569</ele><time>2025-01-14T03:58:14.999Z</time><speed>16.991</speed><sat>20</sat></trkpt>
  <trkpt lat="14.58213357" lon="101.00816308"><ele>-4.255</ele><time>2025-01-14T03:58:15.999Z</time><speed>16.868</speed><sat>18</sat></trkpt>
  <trkpt lat="14.58206922" lon="101.00802164"><ele>-3.791</ele><time>2025-01-14T03:58:16.999Z</time><speed>17.047</speed><sat>20</sat></trkpt>
  <trkpt lat="14.58200166" lon="101.00788091"><ele>-3.388</ele><time>2025-01-14T03:58:17.999Z</time><speed>17.308</speed><sat>20</sat></trkpt>
  <trkpt lat="14.58192977" lon="101.00773525"><ele>-2.856</ele><time>2025-01-14T03:58:18.999Z</time><speed>17.335</speed><sat>18</sat></trkpt>
  <trkpt lat="14.58186009" lon="101.00759119"><ele>-2.753</ele><time>2025-01-14T03:58:19.999Z</time><speed>16.662</speed><sat>18</sat></trkpt>
  <trkpt lat="14.58179364" lon="101.00745146"><ele>-2.430</ele><time>2025-01-14T03:58:20.999Z</time><speed>16.155</speed><sat>18</sat></trkpt>
  <trkpt lat="14.58172854" lon="101.00731407"><ele>-1.326</ele><time>2025-01-14T03:58:21.999Z</time><speed>15.829</speed><sat>19</sat></trkpt>
  <trkpt lat="14.58166367" lon="101.00717965"><ele>-0.738</ele><time>2025-01-14T03:58:22.999Z</time><speed>15.432</speed><sat>19</sat></trkpt>
  <trkpt lat="14.58160430" lon="101.00705670"><ele>-1.048</ele><time>2025-01-14T03:58:23.999Z</time><speed>15.168</speed><sat>19</sat></trkpt>
  <trkpt lat="14.58154805" lon="101.00693127"><ele>-0.956</ele><time>2025-01-14T03:58:24.999Z</time><speed>15.343</speed><sat>19</sat></trkpt>
  <trkpt lat="14.58148958" lon="101.00680388"><ele>-1.308</ele><time>2025-01-14T03:58:25.999Z</time><speed>15.647</speed><sat>21</sat></trkpt>
  <trkpt lat="14.58142731" lon="101.00667153"><ele>-1.516</ele><time>2025-01-14T03:58:26.999Z</time><speed>16.058</speed><sat>19</sat></trkpt>
  <trkpt lat="14.58136217" lon="101.00653528"><ele>-1.875</ele><time>2025-01-14T03:58:27.999Z</time><speed>16.374</speed><sat>19</sat></trkpt>
  <trkpt lat="14.58129611" lon="101.00639501"><ele>-2.198</ele><time>2025-01-14T03:58:28.999Z</time><speed>16.801</speed><sat>20</sat></trkpt>
  <trkpt lat="14.58122793" lon="101.00624974"><ele>-2.287</ele><time>2025-01-14T03:58:29.999Z</time><speed>17.363</speed><sat>20</sat></trkpt>
  <trkpt lat="14.58115872" lon="101.00609979"><ele>-2.255</ele><time>2025-01-14T03:58:30.999Z</time><speed>17.899</speed><sat>20</sat></trkpt>
  <trkpt lat="14.58108955" lon="101.00594650"><ele>-1.890</ele><time>2025-01-14T03:58:31.999Z</time><speed>18.269</speed><sat>21</sat></trkpt>
  <trkpt lat="14.58102065" lon="101.00578925"><ele>-1.506</ele><time>2025-01-14T03:58:32.999Z</time><speed>18.585</speed><sat>19</sat></trkpt>
  <trkpt lat="14.58095376" lon="101.00563102"><ele>-1.029</ele><time>2025-01-14T03:58:33.999Z</time><speed>18.435</speed><sat>21</sat></trkpt>
  <trkpt lat="14.58088714" lon="101.00547416"><ele>-0.658</ele><time>2025-01-14T03:58:34.999Z</time><speed>18.649</speed><sat>22</sat></trkpt>
  <trkpt lat="14.58081997" lon="101.00531581"><ele>-0.674</ele><time>2025-01-14T03:58:35.999Z</time><speed>18.822</speed><sat>23</sat></trkpt>
  <trkpt lat="14.58075070" lon="101.00515466"><ele>-0.979</ele><time>2025-01-14T03:58:36.999Z</time><speed>18.863</speed><sat>20</sat></trkpt>
  <trkpt lat="14.58068037" lon="101.00499369"><ele>-1.513</ele><time>2025-01-14T03:58:37.999Z</time><speed>18.888</speed><sat>22</sat></trkpt>
  <trkpt lat="14.58060884" lon="101.00482947"><ele>-1.925</ele><time>2025-01-14T03:58:38.999Z</time><speed>18.945</speed><sat>23</sat></trkpt>
  <trkpt lat="14.58053697" lon="101.00467149"><ele>-2.102</ele><time>2025-01-14T03:58:39.999Z</time><speed>18.894</speed><sat>22</sat></trkpt>
  <trkpt lat="14.58046705" lon="101.00451176"><ele>-2.634</ele><time>2025-01-14T03:58:40.999Z</time><speed>19.087</speed><sat>22</sat></trkpt>
  <trkpt lat="14.58039804" lon="101.00435068"><ele>-2.858</ele><time>2025-01-14T03:58:41.999Z</time><speed>18.915</speed><sat>23</sat></trkpt>
  <trkpt lat="14.58032923" lon="101.00418875"><ele>-3.040</ele><time>2025-01-14T03:58:42.999Z</time><speed>19.031</speed><sat>24</sat></trkpt>
  <trkpt lat="14.58025840" lon="101.00402625"><ele>-3.365</ele><time>2025-01-14T03:58:43.999Z</time><speed>18.862</speed><sat>24</sat></trkpt>
  <trkpt lat="14.58018933" lon="101.00386765"><ele>-3.689</ele><time>2025-01-14T03:58:44.999Z</time><speed>18.966</speed><sat>21</sat></trkpt>
  <trkpt lat="14.58011845" lon="101.00370755"><ele>-4.148</ele><time>2025-01-14T03:58:45.999Z</time><speed>19.037</speed><sat>22</sat></trkpt>
  <trkpt lat="14.58004765" lon="101.00354644"><ele>-4.470</ele><time>2025-01-14T03:58:46.999Z</time><speed>19.244</speed><sat>21</sat></trkpt>
  <trkpt lat="14.57997452" lon="101.00338275"><ele>-4.643</ele><time>2025-01-14T03:58:47.999Z</time><speed>19.454</speed><sat>21</sat></trkpt>
  <trkpt lat="14.57982926" lon="101.00304735"><ele>-5.118</ele><time>2025-01-14T03:58:49.999Z</time><speed>19.959</speed><sat>22</sat></trkpt>
  <trkpt lat="14.57975492" lon="101.00287940"><ele>-5.353</ele><time>2025-01-14T03:58:50.999Z</time><speed>20.236</speed><sat>20</sat></trkpt>
  <trkpt lat="14.57968055" lon="101.00270781"><ele>-5.538</ele><time>2025-01-14T03:58:51.999Z</time><speed>20.224</speed><sat>23</sat></trkpt>
  <trkpt lat="14.57960704" lon="101.00253487"><ele>-5.572</ele><time>2025-01-14T03:58:52.999Z</time><speed>19.912</speed><sat>22</sat></trkpt>
  <trkpt lat="14.57953253" lon="101.00236342"><ele>-5.478</ele><time>2025-01-14T03:58:53.999Z</time><speed>20.061</speed><sat>21</sat></trkpt>
  <trkpt lat="14.57945893" lon="101.00219089"><ele>-5.733</ele><time>2025-01-14T03:58:54.999Z</time><speed>20.260</speed><sat>21</sat></trkpt>
  <trkpt lat="14.57938492" lon="101.00201913"><ele>-5.796</ele><time>2025-01-14T03:58:55.999Z</time><speed>20.050</speed><sat>21</sat></trkpt>
  <trkpt lat="14.57931030" lon="101.00184735"><ele>-5.716</ele><time>2025-01-14T03:58:56.999Z</time><speed>20.246</speed><sat>20</sat></trkpt>
  <trkpt lat="14.57923387" lon="101.00167263"><ele>-5.665</ele><time>2025-01-14T03:58:57.999Z</time><speed>20.622</speed><sat>20</sat></trkpt>
  <trkpt lat="14.57915781" lon="101.00149822"><ele>-5.590</ele><time>2025-01-14T03:58:58.999Z</time><speed>20.855</speed><sat>20</sat></trkpt>
  <trkpt lat="14.57908199" lon="101.00132170"><ele>-5.508</ele><time>2025-01-14T03:58:59.999Z</time><speed>20.801</speed><sat>21</sat></trkpt>
  <trkpt lat="14.57900645" lon="101.00114683"><ele>-5.885</ele><time>2025-01-14T03:59:00.999Z</time><speed>20.435</speed><sat>19</sat></trkpt>
  <trkpt lat="14.57893142" lon="101.00097107"><ele>-6.078</ele><time>2025-01-14T03:59:01.999Z</time><speed>20.470</speed><sat>20</sat></trkpt>
  <trkpt lat="14.57885634" lon="101.00079802"><ele>-6.289</ele><time>2025-01-14T03:59:02.999Z</time><speed>20.268</speed><sat>19</sat></trkpt>
  <trkpt lat="14.57878041" lon="101.00062843"><ele>-6.203</ele><time>2025-01-14T03:59:03.999Z</time><speed>19.938</speed><sat>20</sat></trkpt>
  <trkpt lat="14.57870733" lon="101.00046362"><ele>-5.956</ele><time>2025-01-14T03:59:04.999Z</time><speed>19.331</speed><sat>20</sat></trkpt>
  <trkpt lat="14.57863692" lon="101.00030235"><ele>-5.838</ele><time>2025-01-14T03:59:05.999Z</time><speed>18.772</speed><sat>19</sat></trkpt>
  <trkpt lat="14.57856869" lon="101.00014150"><ele>-5.903</ele><time>2025-01-14T03:59:06.999Z</time><speed>18.441</speed><sat>19</sat></trkpt>
  <trkpt lat="14.57850102" lon="100.99998438"><ele>-5.692</ele><time>2025-01-14T03:59:07.999Z</time><speed>18.346</speed><sat>20</sat></trkpt>
  <trkpt lat="14.57843417" lon="100.99982841"><ele>-5.544</ele><time>2025-01-14T03:59:08.999Z</time><speed>18.215</speed><sat>21</sat></trkpt>
  <trkpt lat="14.57836840" lon="100.99967724"><ele>-6.062</ele><time>2025-01-14T03:59:09.999Z</time><speed>17.960</speed><sat>22</sat></trkpt>
  <trkpt lat="14.57830299" lon="100.99952585"><ele>-6.431</ele><time>2025-01-14T03:59:10.999Z</time><speed>17.801</speed><sat>22</sat></trkpt>
  <trkpt lat="14.57823924" lon="100.99937646"><ele>-6.977</ele><time>2025-01-14T03:59:11.999Z</time><speed>17.613</speed><sat>21</sat></trkpt>
  <trkpt lat="14.57817420" lon="100.99922940"><ele>-7.143</ele><time>2025-01-14T03:59:12.999Z</time><speed>17.314</speed><sat>20</sat></trkpt>
  <trkpt lat="14.57811039" lon="100.99908576"><ele>-6.793</ele><time>2025-01-14T03:59:13.999Z</time><speed>17.380</speed><sat>20</sat></trkpt>
  <trkpt lat="14.57805050" lon="100.99894342"><ele>-6.485</ele><time>2025-01-14T03:59:14.999Z</time><speed>17.696</speed><sat>21</sat></trkpt>
  <trkpt lat="14.57798535" lon="100.99879334"><ele>-6.108</ele><time>2025-01-14T03:59:15.999Z</time><speed>18.035</speed><sat>21</sat></trkpt>
  <trkpt lat="14.57791964" lon="100.99864054"><ele>-6.259</ele><time>2025-01-14T03:59:16.999Z</time><speed>18.007</speed><sat>21</sat></trkpt>
  <trkpt lat="14.57785506" lon="100.99848976"><ele>-6.320</ele><time>2025-01-14T03:59:17.999Z</time><speed>18.024</speed><sat>22</sat></trkpt>
  <trkpt lat="14.57778941" lon="100.99833874"><ele>-6.203</ele><time>2025-01-14T03:59:18.999Z</time><speed>17.782</speed><sat>22</sat></trkpt>
  <trkpt lat="14.57772623" lon="100.99818847"><ele>-6.449</ele><time>2025-01-14T03:59:19.999Z</time><speed>17.559</speed><sat>25</sat></trkpt>
  <trkpt lat="14.57766735" lon="100.99804163"><ele>-6.665</ele><time>2025-01-14T03:59:20.999Z</time><speed>17.276</speed><sat>25</sat></trkpt>
  <trkpt lat="14.57761116" lon="100.99789304"><ele>-7.145</ele><time>2025-01-14T03:59:21.999Z</time><speed>17.347</speed><sat>24</sat></trkpt>
  <trkpt lat="14.57755280" lon="100.99774730"><ele>-7.865</ele><time>2025-01-14T03:59:22.999Z</time><speed>17.265</speed><sat>23</sat></trkpt>
  <trkpt lat="14.57749558" lon="100.99760287"><ele>-8.561</ele><time>2025-01-14T03:59:23.999Z</time><speed>16.943</speed><sat>25</sat></trkpt>
  <trkpt lat="14.57743683" lon="100.99745713"><ele>-8.745</ele><time>2025-01-14T03:59:24.999Z</time><speed>17.022</speed><sat>23</sat></trkpt>
  <trkpt lat="14.57737863" lon="100.99731118"><ele>-9.277</ele><time>2025-01-14T03:59:25.999Z</time><speed>17.124</speed><sat>22</sat></trkpt>
  <trkpt lat="14.57731855" lon="100.99716399"><ele>-10.023</ele><time>2025-01-14T03:59:26.999Z</time><speed>17.242</speed><sat>22</sat></trkpt>
  <trkpt lat="14.57726059" lon="100.99701968"><ele>-10.629</ele><time>2025-01-14T03:59:27.999Z</time><speed>16.955</speed><sat>23</sat></trkpt>
  <trkpt lat="14.57720470" lon="100.99687896"><ele>-10.828</ele><time>2025-01-14T03:59:28.999Z</time><speed>16.814</speed><sat>25</sat></trkpt>
  <trkpt lat="14.57714690" lon="100.99673878"><ele>-11.213</ele><time>2025-01-14T03:59:29.999Z</time><speed>16.530</speed><sat>24</sat></trkpt>
  <trkpt lat="14.57708780" lon="100.99659989"><ele>-11.810</ele><time>2025-01-14T03:59:30.999Z</time><speed>16.616</speed><sat>23</sat></trkpt>
  <trkpt lat="14.57702952" lon="100.99646110"><ele>-12.143</ele><time>2025-01-14T03:59:31.999Z</time><speed>16.255</speed><sat>23</sat></trkpt>
  <trkpt lat="14.57697330" lon="100.99632773"><ele>-12.801</ele><time>2025-01-14T03:59:32.999Z</time><speed>16.087</speed><sat>20</sat></trkpt>
  <trkpt lat="14.57691531" lon="100.99619055"><ele>-12.956</ele><time>2025-01-14T03:59:33.999Z</time><speed>16.220</speed><sat>22</sat></trkpt>
  <trkpt lat="14.57685662" lon="100.99605079"><ele>-12.931</ele><time>2025-01-14T03:59:34.999Z</time><speed>16.319</speed><sat>24</sat></trkpt>
  <trkpt lat="14.57679873" lon="100.99591428"><ele>-13.148</ele><time>2025-01-14T03:59:35.999Z</time><speed>16.071</speed><sat>22</sat></trkpt>
  <trkpt lat="14.57674187" lon="100.99578019"><ele>-13.532</ele><time>2025-01-14T03:59:36.999Z</time><speed>16.010</speed><sat>22</sat></trkpt>
  <trkpt lat="14.57668548" lon="100.99565013"><ele>-13.645</ele><time>2025-01-14T03:59:37.999Z</time><speed>15.843</speed><sat>21</sat></trkpt>
  <trkpt lat="14.57662795" lon="100.99551362"><ele>-13.670</ele><time>2025-01-14T03:59:38.999Z</time><speed>16.020</speed><sat>22</sat></trkpt>
  <trkpt lat="14.57657226" lon="100.99537816"><ele>-13.691</ele><time>2025-01-14T03:59:39.999Z</time><speed>16.148</speed><sat>22</sat></trkpt>
  <trkpt lat="14.57651673" lon="100.99524234"><ele>-13.905</ele><time>2025-01-14T03:59:40.999Z</time><speed>16.061</speed><sat>22</sat></trkpt>
  <trkpt lat="14.57645776" lon="100.99510542"><ele>-14.002</ele><time>2025-01-14T03:59:41.999Z</time><speed>16.295</speed><sat>21</sat></trkpt>
  <trkpt lat="14.57639755" lon="100.99496529"><ele>-14.310</ele><time>2025-01-14T03:59:42.999Z</time><speed>16.252</speed><sat>20</sat></trkpt>
  <trkpt lat="14.57633742" lon="100.99482643"><ele>-14.478</ele><time>2025-01-14T03:59:43.999Z</time><speed>16.126</speed><sat>21</sat></trkpt>
  <trkpt lat="14.57627871" lon="100.99468960"><ele>-14.336</ele><time>2025-01-14T03:59:44.999Z</time><speed>16.129</speed><sat>24</sat></trkpt>
  <trkpt lat="14.57621888" lon="100.99455260"><ele>-14.118</ele><time>2025-01-14T03:59:45.999Z</time><speed>16.247</speed><sat>24</sat></trkpt>
  <trkpt lat="14.57616126" lon="100.99441253"><ele>-13.737</ele><time>2025-01-14T03:59:46.999Z</time><speed>16.431</speed><sat>24</sat></trkpt>
  <trkpt lat="14.57610452" lon="100.99427114"><ele>-13.760</ele><time>2025-01-14T03:59:47.999Z</time><speed>16.739</speed><sat>23</sat></trkpt>
  <trkpt lat="14.57604731" lon="100.99412778"><ele>-14.185</ele><time>2025-01-14T03:59:48.999Z</time><speed>17.074</speed><sat>22</sat></trkpt>
  <trkpt lat="14.57598956" lon="100.99397986"><ele>-14.907</ele><time>2025-01-14T03:59:49.999Z</time><speed>17.328</speed><sat>21</sat></trkpt>
  <trkpt lat="14.57592929" lon="100.99383141"><ele>-15.481</ele><time>2025-01-14T03:59:50.999Z</time><speed>17.585</speed><sat>22</sat></trkpt>
  <trkpt lat="14.57586573" lon="100.99368041"><ele>-15.551</ele><time>2025-01-14T03:59:51.999Z</time><speed>17.877</speed><sat>22</sat></trkpt>
  <trkpt lat="14.57579971" lon="100.99352675"><ele>-15.903</ele><time>2025-01-14T03:59:52.999Z</time><speed>17.959</speed><sat>22</sat></trkpt>
  <trkpt lat="14.57573162" lon="100.99337247"><ele>-15.617</ele><time>2025-01-14T03:59:53.999Z</time><speed>18.113</speed><sat>22</sat></trkpt>
  <trkpt lat="14.57566229" lon="100.99321716"><ele>-15.475</ele><time>2025-01-14T03:59:54.999Z</time><speed>18.400</speed><sat>23</sat></trkpt>
  <trkpt lat="14.57559283" lon="100.99305990"><ele>-15.185</ele><time>2025-01-14T03:59:55.999Z</time><speed>18.698</speed><sat>22</sat></trkpt>
  <trkpt lat="14.57552333" lon="100.99290075"><ele>-14.858</ele><time>2025-01-14T03:59:56.999Z</time><speed>18.825</speed><sat>23</sat></trkpt>
  <trkpt lat="14.57545302" lon="100.99273913"><ele>-14.151</ele><time>2025-01-14T03:59:57.999Z</time><speed>19.030</speed><sat>22</sat></trkpt>
  <trkpt lat="14.57538389" lon="100.99257375"><ele>-13.673</ele><time>2025-01-14T03:59:58.999Z</time><speed>19.271</speed><sat>24</sat></trkpt>
  <trkpt lat="14.57531349" lon="100.99240580"><ele>-13.178</ele><time>2025-01-14T03:59:59.999Z</time><speed>19.551</speed><sat>23</sat></trkpt>
  <trkpt lat="14.57524254" lon="100.99223644"><ele>-12.822</ele><time>2025-01-14T04:00:00.999Z</time><speed>19.790</speed><sat>24</sat></trkpt>
  <trkpt lat="14.57517061" lon="100.99206794"><ele>-12.900</ele><time>2025-01-14T04:00:01.999Z</time><speed>19.847</speed><sat>22</sat></trkpt>
  <trkpt lat="14.57509896" lon="100.99189704"><ele>-12.723</ele><time>2025-01-14T04:00:02.999Z</time><speed>20.002</speed><sat>23</sat></trkpt>
  <trkpt lat="14.57502642" lon="100.99172766"><ele>-12.465</ele><time>2025-01-14T04:00:03.999Z</time><speed>19.827</speed><sat>24</sat></trkpt>
  <trkpt lat="14.57495740" lon="100.99155876"><ele>-12.052</ele><time>2025-01-14T04:00:04.999Z</time><speed>19.856</speed><sat>23</sat></trkpt>
  <trkpt lat="14.57488725" lon="100.99139238"><ele>-11.942</ele><time>2025-01-14T04:00:05.999Z</time><speed>19.641</speed><sat>23</sat></trkpt>
  <trkpt lat="14.57481700" lon="100.99122660"><ele>-11.643</ele><time>2025-01-14T04:00:06.999Z</time><speed>19.417</speed><sat>24</sat></trkpt>
  <trkpt lat="14.57474661" lon="100.99106120"><ele>-10.813</ele><time>2025-01-14T04:00:07.999Z</time><speed>19.496</speed><sat>25</sat></trkpt>
  <trkpt lat="14.57467692" lon="100.99089131"><ele>-10.166</ele><time>2025-01-14T04:00:08.999Z</time><speed>19.775</speed><sat>23</sat></trkpt>
  <trkpt lat="14.57460533" lon="100.99072133"><ele>-9.766</ele><time>2025-01-14T04:00:09.999Z</time><speed>19.604</speed><sat>21</sat></trkpt>
  <trkpt lat="14.57453213" lon="100.99055128"><ele>-9.191</ele><time>2025-01-14T04:00:10.999Z</time><speed>19.581</speed><sat>23</sat></trkpt>
  <trkpt lat="14.57445983" lon="100.99038171"><ele>-8.862</ele><time>2025-01-14T04:00:11.999Z</time><speed>19.801</speed><sat>23</sat></trkpt>
  <trkpt lat="14.57438518" lon="100.99021074"><ele>-8.371</ele><time>2025-01-14T04:00:12.999Z</time><speed>19.993</speed><sat>23</sat></trkpt>
  <trkpt lat="14.57431211" lon="100.99004063"><ele>-8.454</ele><time>2025-01-14T04:00:13.999Z</time><speed>20.113</speed><sat>21</sat></trkpt>
  <trkpt lat="14.57423834" lon="100.98986984"><ele>-8.222</ele><time>2025-01-14T04:00:14.999Z</time><speed>20.168</speed><sat>21</sat></trkpt>
  <trkpt lat="14.57416377" lon="100.98969954"><ele>-7.962</ele><time>2025-01-14T04:00:15.999Z</time><speed>19.894</speed><sat>21</sat></trkpt>
  <trkpt lat="14.57408989" lon="100.98952908"><ele>-7.956</ele><time>2025-01-14T04:00:16.999Z</time><speed>19.961</speed><sat>21</sat></trkpt>
  <trkpt lat="14.57401505" lon="100.98936000"><ele>-7.694</ele><time>2025-01-14T04:00:17.999Z</time><speed>20.003</speed><sat>21</sat></trkpt>
  <trkpt lat="14.57394022" lon="100.98919078"><ele>-7.028</ele><time>2025-01-14T04:00:18.999Z</time><speed>19.754</speed><sat>20</sat></trkpt>
  <trkpt lat="14.57386525" lon="100.98902320"><ele>-6.612</ele><time>2025-01-14T04:00:19.999Z</time><speed>19.728</speed><sat>22</sat></trkpt>
  <trkpt lat="14.57379017" lon="100.98885581"><ele>-6.432</ele><time>2025-01-14T04:00:20.999Z</time><speed>19.748</speed><sat>21</sat></trkpt>
  <trkpt lat="14.57371531" lon="100.98868727"><ele>-6.256</ele><time>2025-01-14T04:00:21.999Z</time><speed>19.810</speed><sat>20</sat></trkpt>
  <trkpt lat="14.57364153" lon="100.98852009"><ele>-6.319</ele><time>2025-01-14T04:00:22.999Z</time><speed>19.731</speed><sat>23</sat></trkpt>
  <trkpt lat="14.57357103" lon="100.98835383"><ele>-6.398</ele><time>2025-01-14T04:00:23.999Z</time><speed>19.693</speed><sat>20</sat></trkpt>
  <trkpt lat="14.57349997" lon="100.98818958"><ele>-6.387</ele><time>2025-01-14T04:00:24.999Z</time><speed>19.684</speed><sat>22</sat></trkpt>
  <trkpt lat="14.57342931" lon="100.98802487"><ele>-6.548</ele><time>2025-01-14T04:00:25.999Z</time><speed>19.500</speed><sat>21</sat></trkpt>
  <trkpt lat="14.57335986" lon="100.98786038"><ele>-6.320</ele><time>2025-01-14T04:00:26.999Z</time><speed>19.372</speed><sat>22</sat></trkpt>
  <trkpt lat="14.57329000" lon="100.98769901"><ele>-6.226</ele><time>2025-01-14T04:00:27.999Z</time><speed>19.097</speed><sat>23</sat></trkpt>
  <trkpt lat="14.57321987" lon="100.98753737"><ele>-5.786</ele><time>2025-01-14T04:00:28.999Z</time><speed>18.898</speed><sat>23</sat></trkpt>
  <trkpt lat="14.57314950" lon="100.98737742"><ele>-5.308</ele><time>2025-01-14T04:00:29.999Z</time><speed>18.661</speed><sat>23</sat></trkpt>
  <trkpt lat="14.57308130" lon="100.98721771"><ele>-4.668</ele><time>2025-01-14T04:00:30.999Z</time><speed>18.419</speed><sat>22</sat></trkpt>
  <trkpt lat="14.57301462" lon="100.98705970"><ele>-4.023</ele><time>2025-01-14T04:00:31.999Z</time><speed>18.266</speed><sat>22</sat></trkpt>
  <trkpt lat="14.57294906" lon="100.98690406"><ele>-3.758</ele><time>2025-01-14T04:00:32.999Z</time><speed>18.207</speed><sat>20</sat></trkpt>
  <trkpt lat="14.57288435" lon="100.98675013"><ele>-3.649</ele><time>2025-01-14T04:00:33.999Z</time><speed>18.199</speed><sat>21</sat></trkpt>
  <trkpt lat="14.57281619" lon="100.98659270"><ele>-2.699</ele><time>2025-01-14T04:00:34.999Z</time><speed>18.265</speed><sat>22</sat></trkpt>
  <trkpt lat="14.57274803" lon="100.98643586"><ele>-2.389</ele><time>2025-01-14T04:00:35.999Z</time><speed>18.421</speed><sat>22</sat></trkpt>
  <trkpt lat="14.57268031" lon="100.98627802"><ele>-2.476</ele><time>2025-01-14T04:00:36.999Z</time><speed>18.550</speed><sat>21</sat></trkpt>
  <trkpt lat="14.57261106" lon="100.98611830"><ele>-2.520</ele><time>2025-01-14T04:00:37.999Z</time><speed>18.699</speed><sat>22</sat></trkpt>
  <trkpt lat="14.57254117" lon="100.98595874"><ele>-2.364</ele><time>2025-01-14T04:00:38.999Z</time><speed>18.867</speed><sat>22</sat></trkpt>
  <trkpt lat="14.57247014" lon="100.98579741"><ele>-2.347</ele><time>2025-01-14T04:00:39.999Z</time><speed>19.001</speed><sat>22</sat></trkpt>
  <trkpt lat="14.57239828" lon="100.98563434"><ele>-2.572</ele><time>2025-01-14T04:00:40.999Z</time><speed>19.079</speed><sat>22</sat></trkpt>
  <trkpt lat="14.57232769" lon="100.98547067"><ele>-2.666</ele><time>2025-01-14T04:00:41.999Z</time><speed>19.240</speed><sat>22</sat></trkpt>
  <trkpt lat="14.57225692" lon="100.98530725"><ele>-2.528</ele><time>2025-01-14T04:00:42.999Z</time><speed>19.320</speed><sat>22</sat></trkpt>
  <trkpt lat="14.57218609" lon="100.98514436"><ele>-2.631</ele><time>2025-01-14T04:00:43.999Z</time><speed>19.433</speed><sat>22</sat></trkpt>
  <trkpt lat="14.57211551" lon="100.98497889"><ele>-2.971</ele><time>2025-01-14T04:00:44.999Z</time><speed>19.590</speed><sat>22</sat></trkpt>
  <trkpt lat="14.57204338" lon="100.98481311"><ele>-3.242</ele><time>2025-01-14T04:00:45.999Z</time><speed>19.681</speed><sat>22</sat></trkpt>
  <trkpt lat="14.57197050" lon="100.98464617"><ele>-3.715</ele><time>2025-01-14T04:00:46.999Z</time><speed>19.750</speed><sat>21</sat></trkpt>
  <trkpt lat="14.57189795" lon="100.98447809"><ele>-3.812</ele><time>2025-01-14T04:00:47.999Z</time><speed>19.638</speed><sat>22</sat></trkpt>
  <trkpt lat="14.57182109" lon="100.98431333"><ele>-3.515</ele><time>2025-01-14T04:00:48.999Z</time><speed>19.724</speed><sat>22</sat></trkpt>
  <trkpt lat="14.57173717" lon="100.98414879"><ele>-3.383</ele><time>2025-01-14T04:00:49.999Z</time><speed>19.830</speed><sat>22</sat></trkpt>
  <trkpt lat="14.57165084" lon="100.98398452"><ele>-3.565</ele><time>2025-01-14T04:00:50.999Z</time><speed>19.991</speed><sat>22</sat></trkpt>
  <trkpt lat="14.57156134" lon="100.98382099"><ele>-3.976</ele><time>2025-01-14T04:00:51.999Z</time><speed>20.166</speed><sat>22</sat></trkpt>
  <trkpt lat="14.57146870" lon="100.98365905"><ele>-4.545</ele><time>2025-01-14T04:00:52.999Z</time><speed>20.355</speed><sat>20</sat></trkpt>
  <trkpt lat="14.57137372" lon="100.98349716"><ele>-5.027</ele><time>2025-01-14T04:00:53.999Z</time><speed>20.401</speed><sat>20</sat></trkpt>
  <trkpt lat="14.57127616" lon="100.98333399"><ele>-4.838</ele><time>2025-01-14T04:00:54.999Z</time><speed>20.530</speed><sat>20</sat></trkpt>
  <trkpt lat="14.57117266" lon="100.98317205"><ele>-4.783</ele><time>2025-01-14T04:00:55.999Z</time><speed>20.767</speed><sat>21</sat></trkpt>
  <trkpt lat="14.57106642" lon="100.98301257"><ele>-5.214</ele><time>2025-01-14T04:00:56.999Z</time><speed>20.915</speed><sat>21</sat></trkpt>
  <trkpt lat="14.57095789" lon="100.98285308"><ele>-5.831</ele><time>2025-01-14T04:00:57.999Z</time><speed>21.033</speed><sat>20</sat></trkpt>
  <trkpt lat="14.57084500" lon="100.98269541"><ele>-6.187</ele><time>2025-01-14T04:00:58.999Z</time><speed>20.918</speed><sat>20</sat></trkpt>
  <trkpt lat="14.57073165" lon="100.98253969"><ele>-5.895</ele><time>2025-01-14T04:00:59.999Z</time><speed>20.780</speed><sat>20</sat></trkpt>
  <trkpt lat="14.57061301" lon="100.98238372"><ele>-5.441</ele><time>2025-01-14T04:01:00.999Z</time><speed>20.892</speed><sat>20</sat></trkpt>
  <trkpt lat="14.57048764" lon="100.98222922"><ele>-5.478</ele><time>2025-01-14T04:01:01.999Z</time><speed>21.076</speed><sat>18</sat></trkpt>
  <trkpt lat="14.57036191" lon="100.98207689"><ele>-5.376</ele><time>2025-01-14T04:01:02.999Z</time><speed>21.156</speed><sat>19</sat></trkpt>
  <trkpt lat="14.57023529" lon="100.98192894"><ele>-4.839</ele><time>2025-01-14T04:01:03.999Z</time><speed>21.037</speed><sat>19</sat></trkpt>
  <trkpt lat="14.57010859" lon="100.98178600"><ele>-4.314</ele><time>2025-01-14T04:01:04.999Z</time><speed>20.958</speed><sat>17</sat></trkpt>
  <trkpt lat="14.56997959" lon="100.98164880"><ele>-3.881</ele><time>2025-01-14T04:01:05.999Z</time><speed>20.700</speed><sat>19</sat></trkpt>
  <trkpt lat="14.56984930" lon="100.98151723"><ele>-3.857</ele><time>2025-01-14T04:01:06.999Z</time><speed>20.640</speed><sat>23</sat></trkpt>
  <trkpt lat="14.56971426" lon="100.98138592"><ele>-3.681</ele><time>2025-01-14T04:01:07.999Z</time><speed>20.722</speed><sat>24</sat></trkpt>
  <trkpt lat="14.56957882" lon="100.98125257"><ele>-3.665</ele><time>2025-01-14T04:01:08.999Z</time><speed>20.613</speed><sat>23</sat></trkpt>
  <trkpt lat="14.56944196" lon="100.98112309"><ele>-3.640</ele><time>2025-01-14T04:01:09.999Z</time><speed>20.564</speed><sat>22</sat></trkpt>
  <trkpt lat="14.56930460" lon="100.98099716"><ele>-3.641</ele><time>2025-01-14T04:01:10.999Z</time><speed>20.581</speed><sat>23</sat></trkpt>
  <trkpt lat="14.56916741" lon="100.98087052"><ele>-3.568</ele><time>2025-01-14T04:01:11.999Z</time><speed>20.536</speed><sat>22</sat></trkpt>
  <trkpt lat="14.56903011" lon="100.98074447"><ele>-3.717</ele><time>2025-01-14T04:01:12.999Z</time><speed>20.488</speed><sat>21</sat></trkpt>
  <trkpt lat="14.56889189" lon="100.98061955"><ele>-3.860</ele><time>2025-01-14T04:01:13.999Z</time><speed>20.501</speed><sat>21</sat></trkpt>
  <trkpt lat="14.56875440" lon="100.98049363"><ele>-3.912</ele><time>2025-01-14T04:01:14.999Z</time><speed>20.335</speed><sat>19</sat></trkpt>
  <trkpt lat="14.56861693" lon="100.98036847"><ele>-3.534</ele><time>2025-01-14T04:01:15.999Z</time><speed>20.319</speed><sat>18</sat></trkpt>
  <trkpt lat="14.56848044" lon="100.98024262"><ele>-3.459</ele><time>2025-01-14T04:01:16.999Z</time><speed>20.245</speed><sat>17</sat></trkpt>
  <trkpt lat="14.56834384" lon="100.98011688"><ele>-3.052</ele><time>2025-01-14T04:01:17.999Z</time><speed>20.001</speed><sat>16</sat></trkpt>
  <trkpt lat="14.56820755" lon="100.97999079"><ele>-2.611</ele><time>2025-01-14T04:01:18.999Z</time><speed>19.986</speed><sat>18</sat></trkpt>
  <trkpt lat="14.56807253" lon="100.97986649"><ele>-2.261</ele><time>2025-01-14T04:01:19.999Z</time><speed>19.873</speed><sat>16</sat></trkpt>
  <trkpt lat="14.56793991" lon="100.97974577"><ele>-2.283</ele><time>2025-01-14T04:01:20.999Z</time><speed>19.824</speed><sat>17</sat></trkpt>
  <trkpt lat="14.56780621" lon="100.97962331"><ele>-2.267</ele><time>2025-01-14T04:01:21.999Z</time><speed>19.806</speed><sat>15</sat></trkpt>
  <trkpt lat="14.56767167" lon="100.97950010"><ele>-2.099</ele><time>2025-01-14T04:01:22.999Z</time><speed>19.936</speed><sat>18</sat></trkpt>
  <trkpt lat="14.56753595" lon="100.97937584"><ele>-2.053</ele><time>2025-01-14T04:01:23.999Z</time><speed>20.001</speed><sat>19</sat></trkpt>
  <trkpt lat="14.56740508" lon="100.97925769"><ele>-2.645</ele><time>2025-01-14T04:01:24.999Z</time><speed>19.720</speed><sat>19</sat></trkpt>
  <trkpt lat="14.56727245" lon="100.97913815"><ele>-3.286</ele><time>2025-01-14T04:01:25.999Z</time><speed>19.682</speed><sat>17</sat></trkpt>
  <trkpt lat="14.56713985" lon="100.97901816"><ele>-4.030</ele><time>2025-01-14T04:01:26.999Z</time><speed>19.679</speed><sat>18</sat></trkpt>
  <trkpt lat="14.56700774" lon="100.97889776"><ele>-4.239</ele><time>2025-01-14T04:01:27.999Z</time><speed>19.721</speed><sat>20</sat></trkpt>
  <trkpt lat="14.56687579" lon="100.97877755"><ele>-4.603</ele><time>2025-01-14T04:01:28.999Z</time><speed>19.779</speed><sat>18</sat></trkpt>
  <trkpt lat="14.56674216" lon="100.97865777"><ele>-4.658</ele><time>2025-01-14T04:01:29.999Z</time><speed>19.915</speed><sat>15</sat></trkpt>
  <trkpt lat="14.56660478" lon="100.97853778"><ele>-4.899</ele><time>2025-01-14T04:01:30.999Z</time><speed>20.021</speed><sat>18</sat></trkpt>
  <trkpt lat="14.56646702" lon="100.97841880"><ele>-4.452</ele><time>2025-01-14T04:01:31.999Z</time><speed>20.015</speed><sat>16</sat></trkpt>
  <trkpt lat="14.56632928" lon="100.97830075"><ele>-4.116</ele><time>2025-01-14T04:01:32.999Z</time><speed>20.025</speed><sat>17</sat></trkpt>
  <trkpt lat="14.56619280" lon="100.97817816"><ele>-3.778</ele><time>2025-01-14T04:01:33.999Z</time><speed>20.099</speed><sat>18</sat></trkpt>
  <trkpt lat="14.56605879" lon="100.97805700"><ele>-3.789</ele><time>2025-01-14T04:01:34.999Z</time><speed>20.126</speed><sat>19</sat></trkpt>
  <trkpt lat="14.56592113" lon="100.97793445"><ele>-3.990</ele><time>2025-01-14T04:01:35.999Z</time><speed>20.009</speed><sat>20</sat></trkpt>
  <trkpt lat="14.56578509" lon="100.97781226"><ele>-4.198</ele><time>2025-01-14T04:01:36.999Z</time><speed>19.852</speed><sat>18</sat></trkpt>
  <trkpt lat="14.56565044" lon="100.97769283"><ele>-4.603</ele><time>2025-01-14T04:01:37.999Z</time><speed>19.849</speed><sat>19</sat></trkpt>
  <trkpt lat="14.56551328" lon="100.97757024"><ele>-4.595</ele><time>2025-01-14T04:01:38.999Z</time><speed>19.778</speed><sat>17</sat></trkpt>
  <trkpt lat="14.56537694" lon="100.97744666"><ele>-4.721</ele><time>2025-01-14T04:01:39.999Z</time><speed>19.834</speed><sat>17</sat></trkpt>
  <trkpt lat="14.56523939" lon="100.97732298"><ele>-5.042</ele><time>2025-01-14T04:01:40.999Z</time><speed>19.949</speed><sat>19</sat></trkpt>
  <trkpt lat="14.56510176" lon="100.97719922"><ele>-5.193</ele><time>2025-01-14T04:01:41.999Z</time><speed>20.051</speed><sat>17</sat></trkpt>
  <trkpt lat="14.56496937" lon="100.97708073"><ele>-4.891</ele><time>2025-01-14T04:01:42.999Z</time><speed>19.797</speed><sat>19</sat></trkpt>
  <trkpt lat="14.56483824" lon="100.97696368"><ele>-4.273</ele><time>2025-01-14T04:01:43.999Z</time><speed>19.653</speed><sat>20</sat></trkpt>
  <trkpt lat="14.56470643" lon="100.97684593"><ele>-3.576</ele><time>2025-01-14T04:01:44.999Z</time><speed>19.623</speed><sat>20</sat></trkpt>
  <trkpt lat="14.56457625" lon="100.97672733"><ele>-2.867</ele><time>2025-01-14T04:01:45.999Z</time><speed>19.353</speed><sat>20</sat></trkpt>
  <trkpt lat="14.56444436" lon="100.97660751"><ele>-2.523</ele><time>2025-01-14T04:01:46.999Z</time><speed>19.202</speed><sat>19</sat></trkpt>
  <trkpt lat="14.56431547" lon="100.97648894"><ele>-2.572</ele><time>2025-01-14T04:01:47.999Z</time><speed>19.154</speed><sat>19</sat></trkpt>
  <trkpt lat="14.56418648" lon="100.97636879"><ele>-2.600</ele><time>2025-01-14T04:01:48.999Z</time><speed>19.163</speed><sat>21</sat></trkpt>
  <trkpt lat="14.56405497" lon="100.97624679"><ele>-2.870</ele><time>2025-01-14T04:01:49.999Z</time><speed>19.258</speed><sat>20</sat></trkpt>
  <trkpt lat="14.56392299" lon="100.97612520"><ele>-2.827</ele><time>2025-01-14T04:01:50.999Z</time><speed>19.311</speed><sat>18</sat></trkpt>
  <trkpt lat="14.56379106" lon="100.97600464"><ele>-2.624</ele><time>2025-01-14T04:01:51.999Z</time><speed>19.326</speed><sat>19</sat></trkpt>
  <trkpt lat="14.56365814" lon="100.97588516"><ele>-2.260</ele><time>2025-01-14T04:01:52.999Z</time><speed>19.444</speed><sat>20</sat></trkpt>
  <trkpt lat="14.56352536" lon="100.97576458"><ele>-1.937</ele><time>2025-01-14T04:01:53.999Z</time><speed>19.558</speed><sat>20</sat></trkpt>
  <trkpt lat="14.56339327" lon="100.97564414"><ele>-1.771</ele><time>2025-01-14T04:01:54.999Z</time><speed>19.599</speed><sat>21</sat></trkpt>
  <trkpt lat="14.56325818" lon="100.97552259"><ele>-1.430</ele><time>2025-01-14T04:01:55.999Z</time><speed>19.644</speed><sat>21</sat></trkpt>
  <trkpt lat="14.56312354" lon="100.97540312"><ele>-1.594</ele><time>2025-01-14T04:01:56.999Z</time><speed>19.664</speed><sat>19</sat></trkpt>
  <trkpt lat="14.56299036" lon="100.97528271"><ele>-1.564</ele><time>2025-01-14T04:01:57.999Z</time><speed>19.754</speed><sat>19</sat></trkpt>
  <trkpt lat="14.56285893" lon="100.97516377"><ele>-1.773</ele><time>2025-01-14T04:01:58.999Z</time><speed>19.748</speed><sat>18</sat></trkpt>
  <trkpt lat="14.56272402" lon="100.97504345"><ele>-1.936</ele><time>2025-01-14T04:01:59.999Z</time><speed>19.616</speed><sat>19</sat></trkpt>
  <trkpt lat="14.56259322" lon="100.97492349"><ele>-1.805</ele><time>2025-01-14T04:02:00.999Z</time><speed>19.581</speed><sat>19</sat></trkpt>
  <trkpt lat="14.56246293" lon="100.97480294"><ele>-1.884</ele><time>2025-01-14T04:02:01.999Z</time><speed>19.623</speed><sat>17</sat></trkpt>
  <trkpt lat="14.56232992" lon="100.97467973"><ele>-2.120</ele><time>2025-01-14T04:02:02.999Z</time><speed>19.712</speed><sat>21</sat></trkpt>
  <trkpt lat="14.56219519" lon="100.97455616"><ele>-2.136</ele><time>2025-01-14T04:02:03.999Z</time><speed>19.835</speed><sat>21</sat></trkpt>
  <trkpt lat="14.56205916" lon="100.97443348"><ele>-2.186</ele><time>2025-01-14T04:02:04.999Z</time><speed>19.936</speed><sat>21</sat></trkpt>
  <trkpt lat="14.56192462" lon="100.97431191"><ele>-2.457</ele><time>2025-01-14T04:02:05.999Z</time><speed>20.012</speed><sat>21</sat></trkpt>
  <trkpt lat="14.56178898" lon="100.97419035"><ele>-2.838</ele><time>2025-01-14T04:02:06.999Z</time><speed>19.926</speed><sat>20</sat></trkpt>
  <trkpt lat="14.56165427" lon="100.97406806"><ele>-3.091</ele><time>2025-01-14T04:02:07.999Z</time><speed>19.948</speed><sat>21</sat></trkpt>
  <trkpt lat="14.56151971" lon="100.97394459"><ele>-3.225</ele><time>2025-01-14T04:02:08.999Z</time><speed>19.984</speed><sat>21</sat></trkpt>
  <trkpt lat="14.56138346" lon="100.97382139"><ele>-3.191</ele><time>2025-01-14T04:02:09.999Z</time><speed>19.890</speed><sat>19</sat></trkpt>
  <trkpt lat="14.56124775" lon="100.97369959"><ele>-3.213</ele><time>2025-01-14T04:02:10.999Z</time><speed>19.812</speed><sat>20</sat></trkpt>
  <trkpt lat="14.56111454" lon="100.97357800"><ele>-3.324</ele><time>2025-01-14T04:02:11.999Z</time><speed>19.738</speed><sat>19</sat></trkpt>
  <trkpt lat="14.56098237" lon="100.97345515"><ele>-3.089</ele><time>2025-01-14T04:02:12.999Z</time><speed>19.741</speed><sat>19</sat></trkpt>
  <trkpt lat="14.56084831" lon="100.97333213"><ele>-3.167</ele><time>2025-01-14T04:02:13.999Z</time><speed>19.812</speed><sat>18</sat></trkpt>
  <trkpt lat="14.56071547" lon="100.97320797"><ele>-3.268</ele><time>2025-01-14T04:02:14.999Z</time><speed>19.770</speed><sat>15</sat></trkpt>
  <trkpt lat="14.56058655" lon="100.97308879"><ele>-3.493</ele><time>2025-01-14T04:02:15.999Z</time><speed>19.646</speed><sat>17</sat></trkpt>
  <trkpt lat="14.56045238" lon="100.97296767"><ele>-3.335</ele><time>2025-01-14T04:02:16.999Z</time><speed>19.682</speed><sat>16</sat></trkpt>
  <trkpt lat="14.56031800" lon="100.97284720"><ele>-3.108</ele><time>2025-01-14T04:02:17.999Z</time><speed>19.653</speed><sat>16</sat></trkpt>
  <trkpt lat="14.56018756" lon="100.97273026"><ele>-3.140</ele><time>2025-01-14T04:02:18.999Z</time><speed>19.498</speed><sat>16</sat></trkpt>
  <trkpt lat="14.56005709" lon="100.97261329"><ele>-3.258</ele><time>2025-01-14T04:02:19.999Z</time><speed>19.476</speed><sat>18</sat></trkpt>
  <trkpt lat="14.55992806" lon="100.97249317"><ele>-3.363</ele><time>2025-01-14T04:02:20.999Z</time><speed>19.479</speed><sat>18</sat></trkpt>
  <trkpt lat="14.55979691" lon="100.97237611"><ele>-3.206</ele><time>2025-01-14T04:02:21.999Z</time><speed>19.430</speed><sat>15</sat></trkpt>
  <trkpt lat="14.55966216" lon="100.97225835"><ele>-2.919</ele><time>2025-01-14T04:02:22.999Z</time><speed>19.522</speed><sat>18</sat></trkpt>
  <trkpt lat="14.55952692" lon="100.97214205"><ele>-2.970</ele><time>2025-01-14T04:02:23.999Z</time><speed>19.651</speed><sat>16</sat></trkpt>
  <trkpt lat="14.55939219" lon="100.97202505"><ele>-3.406</ele><time>2025-01-14T04:02:24.999Z</time><speed>19.683</speed><sat>16</sat></trkpt>
  <trkpt lat="14.55925558" lon="100.97190132"><ele>-3.545</ele><time>2025-01-14T04:02:25.999Z</time><speed>19.685</speed><sat>19</sat></trkpt>
  <trkpt lat="14.55912076" lon="100.97178009"><ele>-3.690</ele><time>2025-01-14T04:02:26.999Z</time><speed>19.777</speed><sat>19</sat></trkpt>
  <trkpt lat="14.55898945" lon="100.97166099"><ele>-4.278</ele><time>2025-01-14T04:02:27.999Z</time><speed>19.805</speed><sat>20</sat></trkpt>
  <trkpt lat="14.55885555" lon="100.97154034"><ele>-4.446</ele><time>2025-01-14T04:02:28.999Z</time><speed>19.768</speed><sat>18</sat></trkpt>
  <trkpt lat="14.55872038" lon="100.97141963"><ele>-4.387</ele><time>2025-01-14T04:02:29.999Z</time><speed>19.910</speed><sat>17</sat></trkpt>
  <trkpt lat="14.55858531" lon="100.97129932"><ele>-4.522</ele><time>2025-01-14T04:02:30.999Z</time><speed>19.968</speed><sat>16</sat></trkpt>
  <trkpt lat="14.55845011" lon="100.97117772"><ele>-4.451</ele><time>2025-01-14T04:02:31.999Z</time><speed>20.034</speed><sat>17</sat></trkpt>
  <trkpt lat="14.55831462" lon="100.97105574"><ele>-4.444</ele><time>2025-01-14T04:02:32.999Z</time><speed>20.114</speed><sat>17</sat></trkpt>
  <trkpt lat="14.55817704" lon="100.97093177"><ele>-4.324</ele><time>2025-01-14T04:02:33.999Z</time><speed>20.160</speed><sat>14</sat></trkpt>
  <trkpt lat="14.55804187" lon="100.97080947"><ele>-4.356</ele><time>2025-01-14T04:02:34.999Z</time><speed>20.038</speed><sat>16</sat></trkpt>
  <trkpt lat="14.55790571" lon="100.97068748"><ele>-4.324</ele><time>2025-01-14T04:02:35.999Z</time><speed>20.052</speed><sat>16</sat></trkpt>
  <trkpt lat="14.55777033" lon="100.97056596"><ele>-4.099</ele><time>2025-01-14T04:02:36.999Z</time><speed>20.163</speed><sat>21</sat></trkpt>
  <trkpt lat="14.55763542" lon="100.97044574"><ele>-4.149</ele><time>2025-01-14T04:02:37.999Z</time><speed>20.164</speed><sat>20</sat></trkpt>
  <trkpt lat="14.55749434" lon="100.97032376"><ele>-4.268</ele><time>2025-01-14T04:02:38.999Z</time><speed>20.171</speed><sat>21</sat></trkpt>
  <trkpt lat="14.55735552" lon="100.97020315"><ele>-4.321</ele><time>2025-01-14T04:02:39.999Z</time><speed>20.164</speed><sat>21</sat></trkpt>
  <trkpt lat="14.55721846" lon="100.97008207"><ele>-4.297</ele><time>2025-01-14T04:02:40.999Z</time><speed>20.147</speed><sat>21</sat></trkpt>
  <trkpt lat="14.55708097" lon="100.96996022"><ele>-4.145</ele><time>2025-01-14T04:02:41.999Z</time><speed>19.949</speed><sat>21</sat></trkpt>
  <trkpt lat="14.55694491" lon="100.96983680"><ele>-4.025</ele><time>2025-01-14T04:02:42.999Z</time><speed>20.038</speed><sat>22</sat></trkpt>
  <trkpt lat="14.55680900" lon="100.96971288"><ele>-4.155</ele><time>2025-01-14T04:02:43.999Z</time><speed>20.073</speed><sat>22</sat></trkpt>
  <trkpt lat="14.55667291" lon="100.96958833"><ele>-4.308</ele><time>2025-01-14T04:02:44.999Z</time><speed>19.806</speed><sat>20</sat></trkpt>
  <trkpt lat="14.55653959" lon="100.96946498"><ele>-4.057</ele><time>2025-01-14T04:02:45.999Z</time><speed>19.756</speed><sat>19</sat></trkpt>
  <trkpt lat="14.55640515" lon="100.96934261"><ele>-3.971</ele><time>2025-01-14T04:02:46.999Z</time><speed>19.767</speed><sat>19</sat></trkpt>
  <trkpt lat="14.55627164" lon="100.96921989"><ele>-3.842</ele><time>2025-01-14T04:02:47.999Z</time><speed>19.625</speed><sat>19</sat></trkpt>
  <trkpt lat="14.55614332" lon="100.96909982"><ele>-3.728</ele><time>2025-01-14T04:02:48.999Z</time><speed>19.156</speed><sat>17</sat></trkpt>
  <trkpt lat="14.55601467" lon="100.96898232"><ele>-4.073</ele><time>2025-01-14T04:02:49.999Z</time><speed>19.043</speed><sat>18</sat></trkpt>
  <trkpt lat="14.55588503" lon="100.96886526"><ele>-3.908</ele><time>2025-01-14T04:02:50.999Z</time><speed>19.087</speed><sat>18</sat></trkpt>
  <trkpt lat="14.55575697" lon="100.96874910"><ele>-3.632</ele><time>2025-01-14T04:02:51.999Z</time><speed>19.102</speed><sat>18</sat></trkpt>
  <trkpt lat="14.55563090" lon="100.96863310"><ele>-3.401</ele><time>2025-01-14T04:02:52.999Z</time><speed>18.960</speed><sat>18</sat></trkpt>
  <trkpt lat="14.55550327" lon="100.96851695"><ele>-3.194</ele><time>2025-01-14T04:02:53.999Z</time><speed>18.971</speed><sat>18</sat></trkpt>
  <trkpt lat="14.55537593" lon="100.96840069"><ele>-3.141</ele><time>2025-01-14T04:02:54.999Z</time><speed>19.003</speed><sat>18</sat></trkpt>
  <trkpt lat="14.55524643" lon="100.96828389"><ele>-3.098</ele><time>2025-01-14T04:02:55.999Z</time><speed>18.960</speed><sat>17</sat></trkpt>
  <trkpt lat="14.55511910" lon="100.96816741"><ele>-2.852</ele><time>2025-01-14T04:02:56.999Z</time><speed>18.966</speed><sat>18</sat></trkpt>
  <trkpt lat="14.55499160" lon="100.96805118"><ele>-2.921</ele><time>2025-01-14T04:02:57.999Z</time><speed>18.977</speed><sat>18</sat></trkpt>
  <trkpt lat="14.55486391" lon="100.96793420"><ele>-3.038</ele><time>2025-01-14T04:02:58.999Z</time><speed>19.019</speed><sat>18</sat></trkpt>
  <trkpt lat="14.55473556" lon="100.96781659"><ele>-2.970</ele><time>2025-01-14T04:02:59.999Z</time><speed>19.085</speed><sat>17</sat></trkpt>
  <trkpt lat="14.55460610" lon="100.96769683"><ele>-2.985</ele><time>2025-01-14T04:03:00.999Z</time><speed>19.174</speed><sat>15</sat></trkpt>
  <trkpt lat="14.55447747" lon="100.96757641"><ele>-2.850</ele><time>2025-01-14T04:03:01.999Z</time><speed>19.290</speed><sat>16</sat></trkpt>
  <trkpt lat="14.55434977" lon="100.96745525"><ele>-2.595</ele><time>2025-01-14T04:03:02.999Z</time><speed>19.368</speed><sat>17</sat></trkpt>
  <trkpt lat="14.55422152" lon="100.96733461"><ele>-2.446</ele><time>2025-01-14T04:03:03.999Z</time><speed>19.369</speed><sat>17</sat></trkpt>
  <trkpt lat="14.55409444" lon="100.96721366"><ele>-2.344</ele><time>2025-01-14T04:03:04.999Z</time><speed>19.395</speed><sat>16</sat></trkpt>
  <trkpt lat="14.55396513" lon="100.96709324"><ele>-3.044</ele><time>2025-01-14T04:03:05.999Z</time><speed>19.460</speed><sat>17</sat></trkpt>
  <trkpt lat="14.55383376" lon="100.96697388"><ele>-3.444</ele><time>2025-01-14T04:03:06.999Z</time><speed>19.561</speed><sat>16</sat></trkpt>
  <trkpt lat="14.55370089" lon="100.96685476"><ele>-4.049</ele><time>2025-01-14T04:03:07.999Z</time><speed>19.556</speed><sat>18</sat></trkpt>
  <trkpt lat="14.55356852" lon="100.96673610"><ele>-4.752</ele><time>2025-01-14T04:03:08.999Z</time><speed>19.563</speed><sat>20</sat></trkpt>
  <trkpt lat="14.55343633" lon="100.96661944"><ele>-5.571</ele><time>2025-01-14T04:03:09.999Z</time><speed>19.606</speed><sat>17</sat></trkpt>
  <trkpt lat="14.55330193" lon="100.96649923"><ele>-5.658</ele><time>2025-01-14T04:03:10.999Z</time><speed>19.646</speed><sat>18</sat></trkpt>
  <trkpt lat="14.55316903" lon="100.96637901"><ele>-4.975</ele><time>2025-01-14T04:03:11.999Z</time><speed>19.524</speed><sat>17</sat></trkpt>
  <trkpt lat="14.55303707" lon="100.96625870"><ele>-4.751</ele><time>2025-01-14T04:03:12.999Z</time><speed>19.616</speed><sat>18</sat></trkpt>
  <trkpt lat="14.55290538" lon="100.96613767"><ele>-4.681</ele><time>2025-01-14T04:03:13.999Z</time><speed>19.678</speed><sat>16</sat></trkpt>
  <trkpt lat="14.55277323" lon="100.96601678"><ele>-4.589</ele><time>2025-01-14T04:03:14.999Z</time><speed>19.669</speed><sat>17</sat></trkpt>
  <trkpt lat="14.55264178" lon="100.96589706"><ele>-5.101</ele><time>2025-01-14T04:03:15.999Z</time><speed>19.606</speed><sat>19</sat></trkpt>
  <trkpt lat="14.55250835" lon="100.96577654"><ele>-4.890</ele><time>2025-01-14T04:03:16.999Z</time><speed>19.646</speed><sat>18</sat></trkpt>
  <trkpt lat="14.55237581" lon="100.96565441"><ele>-4.853</ele><time>2025-01-14T04:03:17.999Z</time><speed>19.686</speed><sat>17</sat></trkpt>
  <trkpt lat="14.55224144" lon="100.96553182"><ele>-4.239</ele><time>2025-01-14T04:03:18.999Z</time><speed>19.766</speed><sat>18</sat></trkpt>
  <trkpt lat="14.55210631" lon="100.96541119"><ele>-4.295</ele><time>2025-01-14T04:03:19.999Z</time><speed>19.615</speed><sat>17</sat></trkpt>
  <trkpt lat="14.55197194" lon="100.96529081"><ele>-4.268</ele><time>2025-01-14T04:03:20.999Z</time><speed>19.672</speed><sat>19</sat></trkpt>
  <trkpt lat="14.55184340" lon="100.96517221"><ele>-4.333</ele><time>2025-01-14T04:03:21.999Z</time><speed>19.430</speed><sat>16</sat></trkpt>
  <trkpt lat="14.55171294" lon="100.96505597"><ele>-4.545</ele><time>2025-01-14T04:03:22.999Z</time><speed>19.082</speed><sat>18</sat></trkpt>
  <trkpt lat="14.55158215" lon="100.96494065"><ele>-4.450</ele><time>2025-01-14T04:03:23.999Z</time><speed>19.104</speed><sat>19</sat></trkpt>
  <trkpt lat="14.55145283" lon="100.96482453"><ele>-4.190</ele><time>2025-01-14T04:03:24.999Z</time><speed>19.094</speed><sat>18</sat></trkpt>
  <trkpt lat="14.55132183" lon="100.96470559"><ele>-4.445</ele><time>2025-01-14T04:03:25.999Z</time><speed>19.191</speed><sat>16</sat></trkpt>
  <trkpt lat="14.55118955" lon="100.96458537"><ele>-4.561</ele><time>2025-01-14T04:03:26.999Z</time><speed>19.375</speed><sat>16</sat></trkpt>
  <trkpt lat="14.55105732" lon="100.96446472"><ele>-4.607</ele><time>2025-01-14T04:03:27.999Z</time><speed>19.569</speed><sat>17</sat></trkpt>
  <trkpt lat="14.55092544" lon="100.96434379"><ele>-4.718</ele><time>2025-01-14T04:03:28.999Z</time><speed>19.708</speed><sat>18</sat></trkpt>
  <trkpt lat="14.55079151" lon="100.96422038"><ele>-4.625</ele><time>2025-01-14T04:03:29.999Z</time><speed>19.848</speed><sat>16</sat></trkpt>
  <trkpt lat="14.55065523" lon="100.96409484"><ele>-4.632</ele><time>2025-01-14T04:03:30.999Z</time><speed>20.076</speed><sat>17</sat></trkpt>
  <trkpt lat="14.55051801" lon="100.96397001"><ele>-4.497</ele><time>2025-01-14T04:03:31.999Z</time><speed>20.223</speed><sat>17</sat></trkpt>
  <trkpt lat="14.55038156" lon="100.96384568"><ele>-4.489</ele><time>2025-01-14T04:03:32.999Z</time><speed>20.290</speed><sat>19</sat></trkpt>
  <trkpt lat="14.55024403" lon="100.96372306"><ele>-4.391</ele><time>2025-01-14T04:03:33.999Z</time><speed>20.346</speed><sat>17</sat></trkpt>
  <trkpt lat="14.55010722" lon="100.96359967"><ele>-4.384</ele><time>2025-01-14T04:03:34.999Z</time><speed>20.237</speed><sat>20</sat></trkpt>
  <trkpt lat="14.54997092" lon="100.96347565"><ele>-4.412</ele><time>2025-01-14T04:03:35.999Z</time><speed>20.225</speed><sat>20</sat></trkpt>
  <trkpt lat="14.54983206" lon="100.96335341"><ele>-4.454</ele><time>2025-01-14T04:03:36.999Z</time><speed>20.222</speed><sat>19</sat></trkpt>
  <trkpt lat="14.54969314" lon="100.96323107"><ele>-4.370</ele><time>2025-01-14T04:03:37.999Z</time><speed>20.060</speed><sat>19</sat></trkpt>
  <trkpt lat="14.54955852" lon="100.96310836"><ele>-4.616</ele><time>2025-01-14T04:03:38.999Z</time><speed>20.034</speed><sat>19</sat></trkpt>
  <trkpt lat="14.54942185" lon="100.96298504"><ele>-4.652</ele><time>2025-01-14T04:03:39.999Z</time><speed>20.024</speed><sat>20</sat></trkpt>
  <trkpt lat="14.54928635" lon="100.96286342"><ele>-4.810</ele><time>2025-01-14T04:03:40.999Z</time><speed>20.012</speed><sat>21</sat></trkpt>
  <trkpt lat="14.54914891" lon="100.96273983"><ele>-4.931</ele><time>2025-01-14T04:03:41.999Z</time><speed>19.794</speed><sat>21</sat></trkpt>
  <trkpt lat="14.54901457" lon="100.96261652"><ele>-4.673</ele><time>2025-01-14T04:03:42.999Z</time><speed>19.841</speed><sat>21</sat></trkpt>
  <trkpt lat="14.54888420" lon="100.96249631"><ele>-4.284</ele><time>2025-01-14T04:03:43.999Z</time><speed>19.934</speed><sat>19</sat></trkpt>
  <trkpt lat="14.54875228" lon="100.96237591"><ele>-4.153</ele><time>2025-01-14T04:03:44.999Z</time><speed>19.954</speed><sat>19</sat></trkpt>
  <trkpt lat="14.54861804" lon="100.96225507"><ele>-3.784</ele><time>2025-01-14T04:03:45.999Z</time><speed>19.687</speed><sat>19</sat></trkpt>
  <trkpt lat="14.54848309" lon="100.96213443"><ele>-3.526</ele><time>2025-01-14T04:03:46.999Z</time><speed>19.763</speed><sat>18</sat></trkpt>
  <trkpt lat="14.54834960" lon="100.96201337"><ele>-3.370</ele><time>2025-01-14T04:03:47.999Z</time><speed>19.905</speed><sat>16</sat></trkpt>
  <trkpt lat="14.54821439" lon="100.96189000"><ele>-3.249</ele><time>2025-01-14T04:03:48.999Z</time><speed>20.103</speed><sat>16</sat></trkpt>
  <trkpt lat="14.54807904" lon="100.96176700"><ele>-3.070</ele><time>2025-01-14T04:03:49.999Z</time><speed>20.185</speed><sat>16</sat></trkpt>
  <trkpt lat="14.54794329" lon="100.96164481"><ele>-2.927</ele><time>2025-01-14T04:03:50.999Z</time><speed>20.040</speed><sat>16</sat></trkpt>
  <trkpt lat="14.54780519" lon="100.96152168"><ele>-2.726</ele><time>2025-01-14T04:03:51.999Z</time><speed>19.946</speed><sat>16</sat></trkpt>
  <trkpt lat="14.54766897" lon="100.96139653"><ele>-2.347</ele><time>2025-01-14T04:03:52.999Z</time><speed>19.927</speed><sat>16</sat></trkpt>
  <trkpt lat="14.54753349" lon="100.96127122"><ele>-2.152</ele><time>2025-01-14T04:03:53.999Z</time><speed>20.000</speed><sat>17</sat></trkpt>
  <trkpt lat="14.54739807" lon="100.96114737"><ele>-1.947</ele><time>2025-01-14T04:03:54.999Z</time><speed>20.093</speed><sat>17</sat></trkpt>
  <trkpt lat="14.54726122" lon="100.96101823"><ele>-1.699</ele><time>2025-01-14T04:03:55.999Z</time><speed>20.103</speed><sat>18</sat></trkpt>
  <trkpt lat="14.54712602" lon="100.96088722"><ele>-1.684</ele><time>2025-01-14T04:03:56.999Z</time><speed>20.165</speed><sat>17</sat></trkpt>
  <trkpt lat="14.54699202" lon="100.96075445"><ele>-1.710</ele><time>2025-01-14T04:03:57.999Z</time><speed>20.268</speed><sat>19</sat></trkpt>
  <trkpt lat="14.54685996" lon="100.96061541"><ele>-1.588</ele><time>2025-01-14T04:03:58.999Z</time><speed>20.468</speed><sat>18</sat></trkpt>
  <trkpt lat="14.54673059" lon="100.96047618"><ele>-1.743</ele><time>2025-01-14T04:03:59.999Z</time><speed>20.660</speed><sat>17</sat></trkpt>
  <trkpt lat="14.54660395" lon="100.96034089"><ele>-1.791</ele><time>2025-01-14T04:04:00.999Z</time><speed>20.792</speed><sat>19</sat></trkpt>
  <trkpt lat="14.54647917" lon="100.96020262"><ele>-1.698</ele><time>2025-01-14T04:04:01.999Z</time><speed>20.885</speed><sat>18</sat></trkpt>
  <trkpt lat="14.54635423" lon="100.96006157"><ele>-1.039</ele><time>2025-01-14T04:04:02.999Z</time><speed>20.917</speed><sat>18</sat></trkpt>
  <trkpt lat="14.54623019" lon="100.95991821"><ele>-0.329</ele><time>2025-01-14T04:04:03.999Z</time><speed>20.657</speed><sat>18</sat></trkpt>
  <trkpt lat="14.54610435" lon="100.95977411"><ele>0.126</ele><time>2025-01-14T04:04:04.999Z</time><speed>20.621</speed><sat>19</sat></trkpt>
  <trkpt lat="14.54597901" lon="100.95963012"><ele>0.706</ele><time>2025-01-14T04:04:05.999Z</time><speed>20.619</speed><sat>17</sat></trkpt>
  <trkpt lat="14.54585230" lon="100.95948693"><ele>1.121</ele><time>2025-01-14T04:04:06.999Z</time><speed>20.714</speed><sat>17</sat></trkpt>
  <trkpt lat="14.54572666" lon="100.95934529"><ele>1.233</ele><time>2025-01-14T04:04:07.999Z</time><speed>20.709</speed><sat>17</sat></trkpt>
  <trkpt lat="14.54560071" lon="100.95920336"><ele>1.382</ele><time>2025-01-14T04:04:08.999Z</time><speed>20.739</speed><sat>18</sat></trkpt>
  <trkpt lat="14.54547750" lon="100.95906156"><ele>1.341</ele><time>2025-01-14T04:04:09.999Z</time><speed>20.711</speed><sat>17</sat></trkpt>
  <trkpt lat="14.54535844" lon="100.95892150"><ele>1.144</ele><time>2025-01-14T04:04:10.999Z</time><speed>20.728</speed><sat>18</sat></trkpt>
  <trkpt lat="14.54523839" lon="100.95878200"><ele>1.074</ele><time>2025-01-14T04:04:11.999Z</time><speed>20.726</speed><sat>18</sat></trkpt>
  <trkpt lat="14.54511331" lon="100.95864047"><ele>1.301</ele><time>2025-01-14T04:04:12.999Z</time><speed>20.712</speed><sat>19</sat></trkpt>
  <trkpt lat="14.54498793" lon="100.95849618"><ele>1.799</ele><time>2025-01-14T04:04:13.999Z</time><speed>20.503</speed><sat>18</sat></trkpt>
  <trkpt lat="14.54486483" lon="100.95835476"><ele>2.548</ele><time>2025-01-14T04:04:14.999Z</time><speed>20.545</speed><sat>17</sat></trkpt>
  <trkpt lat="14.54474109" lon="100.95821305"><ele>2.829</ele><time>2025-01-14T04:04:15.999Z</time><speed>20.582</speed><sat>17</sat></trkpt>
  <trkpt lat="14.54461500" lon="100.95806789"><ele>3.012</ele><time>2025-01-14T04:04:16.999Z</time><speed>20.484</speed><sat>17</sat></trkpt>
  <trkpt lat="14.54449156" lon="100.95792673"><ele>3.140</ele><time>2025-01-14T04:04:17.999Z</time><speed>20.197</speed><sat>19</sat></trkpt>
  <trkpt lat="14.54437079" lon="100.95778982"><ele>3.149</ele><time>2025-01-14T04:04:18.999Z</time><speed>20.127</speed><sat>17</sat></trkpt>
  <trkpt lat="14.54425134" lon="100.95765046"><ele>3.591</ele><time>2025-01-14T04:04:19.999Z</time><speed>20.158</speed><sat>17</sat></trkpt>
  <trkpt lat="14.54413204" lon="100.95751075"><ele>3.882</ele><time>2025-01-14T04:04:20.999Z</time><speed>20.196</speed><sat>19</sat></trkpt>
  <trkpt lat="14.54401358" lon="100.95737122"><ele>3.945</ele><time>2025-01-14T04:04:21.999Z</time><speed>20.016</speed><sat>18</sat></trkpt>
  <trkpt lat="14.54389354" lon="100.95723200"><ele>4.091</ele><time>2025-01-14T04:04:22.999Z</time><speed>20.138</speed><sat>17</sat></trkpt>
  <trkpt lat="14.54377019" lon="100.95709153"><ele>3.919</ele><time>2025-01-14T04:04:23.999Z</time><speed>20.218</speed><sat>17</sat></trkpt>
  <trkpt lat="14.54364735" lon="100.95694853"><ele>3.998</ele><time>2025-01-14T04:04:24.999Z</time><speed>20.373</speed><sat>18</sat></trkpt>
  <trkpt lat="14.54352362" lon="100.95680569"><ele>3.830</ele><time>2025-01-14T04:04:25.999Z</time><speed>20.598</speed><sat>18</sat></trkpt>
  <trkpt lat="14.54339957" lon="100.95666200"><ele>3.637</ele><time>2025-01-14T04:04:26.999Z</time><speed>20.746</speed><sat>19</sat></trkpt>
  <trkpt lat="14.54327767" lon="100.95651876"><ele>3.857</ele><time>2025-01-14T04:04:27.999Z</time><speed>20.807</speed><sat>19</sat></trkpt>
  <trkpt lat="14.54315522" lon="100.95637767"><ele>3.906</ele><time>2025-01-14T04:04:28.999Z</time><speed>20.844</speed><sat>20</sat></trkpt>
  <trkpt lat="14.54303033" lon="100.95623678"><ele>3.807</ele><time>2025-01-14T04:04:29.999Z</time><speed>20.816</speed><sat>19</sat></trkpt>
  <trkpt lat="14.54290629" lon="100.95609642"><ele>3.880</ele><time>2025-01-14T04:04:30.999Z</time><speed>20.438</speed><sat>20</sat></trkpt>
  <trkpt lat="14.54278461" lon="100.95595635"><ele>3.909</ele><time>2025-01-14T04:04:31.999Z</time><speed>20.362</speed><sat>19</sat></trkpt>
  <trkpt lat="14.54266406" lon="100.95581300"><ele>4.279</ele><time>2025-01-14T04:04:32.999Z</time><speed>20.448</speed><sat>20</sat></trkpt>
  <trkpt lat="14.54254175" lon="100.95566974"><ele>5.163</ele><time>2025-01-14T04:04:33.999Z</time><speed>20.619</speed><sat>20</sat></trkpt>
  <trkpt lat="14.54241760" lon="100.95552778"><ele>5.507</ele><time>2025-01-14T04:04:34.999Z</time><speed>20.762</speed><sat>18</sat></trkpt>
  <trkpt lat="14.54229165" lon="100.95538412"><ele>6.162</ele><time>2025-01-14T04:04:35.999Z</time><speed>20.885</speed><sat>18</sat></trkpt>
  <trkpt lat="14.54216381" lon="100.95523973"><ele>6.740</ele><time>2025-01-14T04:04:36.999Z</time><speed>21.018</speed><sat>18</sat></trkpt>
  <trkpt lat="14.54203398" lon="100.95509418"><ele>6.799</ele><time>2025-01-14T04:04:37.999Z</time><speed>21.181</speed><sat>19</sat></trkpt>
  <trkpt lat="14.54190227" lon="100.95494808"><ele>6.617</ele><time>2025-01-14T04:04:38.999Z</time><speed>21.270</speed><sat>20</sat></trkpt>
  <trkpt lat="14.54177194" lon="100.95480285"><ele>6.067</ele><time>2025-01-14T04:04:39.999Z</time><speed>21.075</speed><sat>21</sat></trkpt>
  <trkpt lat="14.54164254" lon="100.95465933"><ele>5.216</ele><time>2025-01-14T04:04:40.999Z</time><speed>20.947</speed><sat>18</sat></trkpt>
  <trkpt lat="14.54151408" lon="100.95451749"><ele>5.128</ele><time>2025-01-14T04:04:41.999Z</time><speed>20.781</speed><sat>12</sat></trkpt>
  <trkpt lat="14.54126097" lon="100.95422956"><ele>5.335</ele><time>2025-01-14T04:04:43.999Z</time><speed>20.625</speed><sat>14</sat></trkpt>
  <trkpt lat="14.54113250" lon="100.95408451"><ele>5.413</ele><time>2025-01-14T04:04:44.999Z</time><speed>20.802</speed><sat>17</sat></trkpt>
  <trkpt lat="14.54100935" lon="100.95394096"><ele>4.994</ele><time>2025-01-14T04:04:45.999Z</time><speed>20.803</speed><sat>18</sat></trkpt>
  <trkpt lat="14.54088876" lon="100.95379438"><ele>5.282</ele><time>2025-01-14T04:04:46.999Z</time><speed>20.520</speed><sat>16</sat></trkpt>
  <trkpt lat="14.54076920" lon="100.95365280"><ele>6.265</ele><time>2025-01-14T04:04:47.999Z</time><speed>20.488</speed><sat>15</sat></trkpt>
  <trkpt lat="14.54064664" lon="100.95351226"><ele>6.699</ele><time>2025-01-14T04:04:48.999Z</time><speed>20.434</speed><sat>16</sat></trkpt>
  <trkpt lat="14.54052381" lon="100.95337188"><ele>6.405</ele><time>2025-01-14T04:04:49.999Z</time><speed>20.203</speed><sat>17</sat></trkpt>
  <trkpt lat="14.54040211" lon="100.95323423"><ele>6.408</ele><time>2025-01-14T04:04:50.999Z</time><speed>20.144</speed><sat>16</sat></trkpt>
  <trkpt lat="14.54028200" lon="100.95309630"><ele>6.623</ele><time>2025-01-14T04:04:51.999Z</time><speed>20.129</speed><sat>15</sat></trkpt>
  <trkpt lat="14.54016388" lon="100.95295708"><ele>7.007</ele><time>2025-01-14T04:04:52.999Z</time><speed>20.018</speed><sat>14</sat></trkpt>
  <trkpt lat="14.53993022" lon="100.95268480"><ele>7.576</ele><time>2025-01-14T04:04:54.999Z</time><speed>19.664</speed><sat>15</sat></trkpt>
  <trkpt lat="14.53980917" lon="100.95254552"><ele>8.006</ele><time>2025-01-14T04:04:55.999Z</time><speed>19.765</speed><sat>15</sat></trkpt>
  <trkpt lat="14.53968797" lon="100.95240427"><ele>8.028</ele><time>2025-01-14T04:04:56.999Z</time><speed>19.739</speed><sat>16</sat></trkpt>
  <trkpt lat="14.53956879" lon="100.95226518"><ele>8.372</ele><time>2025-01-14T04:04:57.999Z</time><speed>19.753</speed><sat>17</sat></trkpt>
  <trkpt lat="14.53944713" lon="100.95212613"><ele>8.979</ele><time>2025-01-14T04:04:58.999Z</time><speed>19.801</speed><sat>19</sat></trkpt>
  <trkpt lat="14.53932430" lon="100.95198534"><ele>9.154</ele><time>2025-01-14T04:04:59.999Z</time><speed>19.907</speed><sat>19</sat></trkpt>
  <trkpt lat="14.53920048" lon="100.95184697"><ele>9.043</ele><time>2025-01-14T04:05:00.999Z</time><speed>19.925</speed><sat>19</sat></trkpt>
  <trkpt lat="14.53907936" lon="100.95171160"><ele>8.676</ele><time>2025-01-14T04:05:01.999Z</time><speed>19.746</speed><sat>19</sat></trkpt>
  <trkpt lat="14.53895843" lon="100.95157755"><ele>8.489</ele><time>2025-01-14T04:05:02.999Z</time><speed>19.816</speed><sat>17</sat></trkpt>
  <trkpt lat="14.53883755" lon="100.95143922"><ele>8.120</ele><time>2025-01-14T04:05:03.999Z</time><speed>19.978</speed><sat>16</sat></trkpt>
  <trkpt lat="14.53871919" lon="100.95130236"><ele>7.950</ele><time>2025-01-14T04:05:04.999Z</time><speed>20.049</speed><sat>18</sat></trkpt>
  <trkpt lat="14.53859578" lon="100.95116114"><ele>7.447</ele><time>2025-01-14T04:05:05.999Z</time><speed>20.177</speed><sat>17</sat></trkpt>
  <trkpt lat="14.53847206" lon="100.95101958"><ele>7.185</ele><time>2025-01-14T04:05:06.999Z</time><speed>20.075</speed><sat>14</sat></trkpt>
  <trkpt lat="14.53835330" lon="100.95088365"><ele>6.707</ele><time>2025-01-14T04:05:07.999Z</time><speed>19.887</speed><sat>16</sat></trkpt>
  <trkpt lat="14.53822840" lon="100.95074128"><ele>6.220</ele><time>2025-01-14T04:05:08.999Z</time><speed>20.149</speed><sat>17</sat></trkpt>
  <trkpt lat="14.53810384" lon="100.95059897"><ele>5.670</ele><time>2025-01-14T04:05:09.999Z</time><speed>20.178</speed><sat>16</sat></trkpt>
  <trkpt lat="14.53797989" lon="100.95045618"><ele>5.010</ele><time>2025-01-14T04:05:10.999Z</time><speed>20.332</speed><sat>17</sat></trkpt>
  <trkpt lat="14.53785562" lon="100.95031232"><ele>4.408</ele><time>2025-01-14T04:05:11.999Z</time><speed>20.521</speed><sat>17</sat></trkpt>
  <trkpt lat="14.53773285" lon="100.95016799"><ele>3.902</ele><time>2025-01-14T04:05:12.999Z</time><speed>20.600</speed><sat>16</sat></trkpt>
  <trkpt lat="14.53761001" lon="100.95002469"><ele>3.262</ele><time>2025-01-14T04:05:13.999Z</time><speed>20.522</speed><sat>17</sat></trkpt>
  <trkpt lat="14.53748520" lon="100.94988104"><ele>2.815</ele><time>2025-01-14T04:05:14.999Z</time><speed>20.696</speed><sat>17</sat></trkpt>
  <trkpt lat="14.53735820" lon="100.94973717"><ele>2.452</ele><time>2025-01-14T04:05:15.999Z</time><speed>20.573</speed><sat>18</sat></trkpt>
  <trkpt lat="14.53723381" lon="100.94959556"><ele>2.006</ele><time>2025-01-14T04:05:16.999Z</time><speed>20.485</speed><sat>16</sat></trkpt>
  <trkpt lat="14.53711098" lon="100.94945288"><ele>1.813</ele><time>2025-01-14T04:05:17.999Z</time><speed>20.501</speed><sat>19</sat></trkpt>
  <trkpt lat="14.53698894" lon="100.94931276"><ele>1.375</ele><time>2025-01-14T04:05:18.999Z</time><speed>20.406</speed><sat>18</sat></trkpt>
  <trkpt lat="14.53686774" lon="100.94917177"><ele>1.113</ele><time>2025-01-14T04:05:19.999Z</time><speed>20.417</speed><sat>19</sat></trkpt>
  <trkpt lat="14.53674647" lon="100.94903286"><ele>1.083</ele><time>2025-01-14T04:05:20.999Z</time><speed>20.406</speed><sat>18</sat></trkpt>
  <trkpt lat="14.53662430" lon="100.94889255"><ele>1.040</ele><time>2025-01-14T04:05:21.999Z</time><speed>20.137</speed><sat>18</sat></trkpt>
  <trkpt lat="14.53650480" lon="100.94875346"><ele>0.678</ele><time>2025-01-14T04:05:22.999Z</time><speed>20.077</speed><sat>19</sat></trkpt>
  <trkpt lat="14.53638505" lon="100.94861788"><ele>0.819</ele><time>2025-01-14T04:05:23.999Z</time><speed>20.017</speed><sat>19</sat></trkpt>
  <trkpt lat="14.53626500" lon="100.94847939"><ele>0.732</ele><time>2025-01-14T04:05:24.999Z</time><speed>19.956</speed><sat>19</sat></trkpt>
  <trkpt lat="14.53614433" lon="100.94834125"><ele>0.728</ele><time>2025-01-14T04:05:25.999Z</time><speed>19.945</speed><sat>18</sat></trkpt>
  <trkpt lat="14.53602256" lon="100.94820384"><ele>0.970</ele><time>2025-01-14T04:05:26.999Z</time><speed>19.930</speed><sat>18</sat></trkpt>
  <trkpt lat="14.53590421" lon="100.94807068"><ele>0.502</ele><time>2025-01-14T04:05:27.999Z</time><speed>19.972</speed><sat>19</sat></trkpt>
  <trkpt lat="14.53578684" lon="100.94793676"><ele>0.249</ele><time>2025-01-14T04:05:28.999Z</time><speed>19.951</speed><sat>19</sat></trkpt>
  <trkpt lat="14.53566609" lon="100.94779922"><ele>0.077</ele><time>2025-01-14T04:05:29.999Z</time><speed>20.078</speed><sat>19</sat></trkpt>
  <trkpt lat="14.53554500" lon="100.94766238"><ele>0.350</ele><time>2025-01-14T04:05:30.999Z</time><speed>20.103</speed><sat>18</sat></trkpt>
  <trkpt lat="14.53542454" lon="100.94752424"><ele>0.762</ele><time>2025-01-14T04:05:31.999Z</time><speed>20.190</speed><sat>17</sat></trkpt>
  <trkpt lat="14.53530648" lon="100.94738528"><ele>0.887</ele><time>2025-01-14T04:05:32.999Z</time><speed>20.253</speed><sat>17</sat></trkpt>
  <trkpt lat="14.53519014" lon="100.94724746"><ele>1.284</ele><time>2025-01-14T04:05:33.999Z</time><speed>20.274</speed><sat>20</sat></trkpt>
  <trkpt lat="14.53507372" lon="100.94710273"><ele>1.294</ele><time>2025-01-14T04:05:34.999Z</time><speed>20.382</speed><sat>20</sat></trkpt>
  <trkpt lat="14.53496269" lon="100.94695553"><ele>1.125</ele><time>2025-01-14T04:05:35.999Z</time><speed>20.367</speed><sat>20</sat></trkpt>
  <trkpt lat="14.53486060" lon="100.94681269"><ele>1.203</ele><time>2025-01-14T04:05:36.999Z</time><speed>20.358</speed><sat>19</sat></trkpt>
  <trkpt lat="14.53476365" lon="100.94666295"><ele>1.093</ele><time>2025-01-14T04:05:37.999Z</time><speed>20.466</speed><sat>22</sat></trkpt>
  <trkpt lat="14.53466637" lon="100.94650576"><ele>0.940</ele><time>2025-01-14T04:05:38.999Z</time><speed>20.613</speed><sat>21</sat></trkpt>
  <trkpt lat="14.53456843" lon="100.94634554"><ele>-0.323</ele><time>2025-01-14T04:05:39.999Z</time><speed>20.721</speed><sat>21</sat></trkpt>
  <trkpt lat="14.53446748" lon="100.94618438"><ele>-1.180</ele><time>2025-01-14T04:05:40.999Z</time><speed>20.837</speed><sat>20</sat></trkpt>
  <trkpt lat="14.53436551" lon="100.94602320"><ele>-1.944</ele><time>2025-01-14T04:05:41.999Z</time><speed>20.918</speed><sat>21</sat></trkpt>
  <trkpt lat="14.53426502" lon="100.94586337"><ele>-2.773</ele><time>2025-01-14T04:05:42.999Z</time><speed>20.677</speed><sat>21</sat></trkpt>
  <trkpt lat="14.53416438" lon="100.94570302"><ele>-3.612</ele><time>2025-01-14T04:05:43.999Z</time><speed>20.531</speed><sat>21</sat></trkpt>
  <trkpt lat="14.53406309" lon="100.94554287"><ele>-4.099</ele><time>2025-01-14T04:05:44.999Z</time><speed>20.469</speed><sat>20</sat></trkpt>
  <trkpt lat="14.53396301" lon="100.94538063"><ele>-4.788</ele><time>2025-01-14T04:05:45.999Z</time><speed>20.576</speed><sat>21</sat></trkpt>
  <trkpt lat="14.53386388" lon="100.94522146"><ele>-5.116</ele><time>2025-01-14T04:05:46.999Z</time><speed>20.635</speed><sat>20</sat></trkpt>
  <trkpt lat="14.53376251" lon="100.94506088"><ele>-5.437</ele><time>2025-01-14T04:05:47.999Z</time><speed>20.652</speed><sat>17</sat></trkpt>
  <trkpt lat="14.53366047" lon="100.94489628"><ele>-5.417</ele><time>2025-01-14T04:05:48.999Z</time><speed>20.846</speed><sat>16</sat></trkpt>
  <trkpt lat="14.53355792" lon="100.94473401"><ele>-5.879</ele><time>2025-01-14T04:05:49.999Z</time><speed>20.972</speed><sat>17</sat></trkpt>
  <trkpt lat="14.53345384" lon="100.94456844"><ele>-6.520</ele><time>2025-01-14T04:05:50.999Z</time><speed>21.081</speed><sat>17</sat></trkpt>
  <trkpt lat="14.53334961" lon="100.94440271"><ele>-7.241</ele><time>2025-01-14T04:05:51.999Z</time><speed>21.252</speed><sat>17</sat></trkpt>
  <trkpt lat="14.53324338" lon="100.94423468"><ele>-7.774</ele><time>2025-01-14T04:05:52.999Z</time><speed>21.440</speed><sat>19</sat></trkpt>
  <trkpt lat="14.53313759" lon="100.94406938"><ele>-8.393</ele><time>2025-01-14T04:05:53.999Z</time><speed>21.451</speed><sat>19</sat></trkpt>
  <trkpt lat="14.53303129" lon="100.94390084"><ele>-8.770</ele><time>2025-01-14T04:05:54.999Z</time><speed>21.361</speed><sat>16</sat></trkpt>
  <trkpt lat="14.53292891" lon="100.94373608"><ele>-9.158</ele><time>2025-01-14T04:05:55.999Z</time><speed>21.126</speed><sat>17</sat></trkpt>
  <trkpt lat="14.53271984" lon="100.94341009"><ele>-10.201</ele><time>2025-01-14T04:05:57.999Z</time><speed>21.230</speed><sat>17</sat></trkpt>
  <trkpt lat="14.53261478" lon="100.94324690"><ele>-10.366</ele><time>2025-01-14T04:05:58.999Z</time><speed>21.196</speed><sat>18</sat></trkpt>
  <trkpt lat="14.53251417" lon="100.94308743"><ele>-11.143</ele><time>2025-01-14T04:05:59.999Z</time><speed>20.771</speed><sat>17</sat></trkpt>
  <trkpt lat="14.53241400" lon="100.94292784"><ele>-11.308</ele><time>2025-01-14T04:06:00.999Z</time><speed>20.748</speed><sat>18</sat></trkpt>
  <trkpt lat="14.53231211" lon="100.94276537"><ele>-11.201</ele><time>2025-01-14T04:06:01.999Z</time><speed>20.588</speed><sat>18</sat></trkpt>
  <trkpt lat="14.53221354" lon="100.94260708"><ele>-11.621</ele><time>2025-01-14T04:06:02.999Z</time><speed>20.322</speed><sat>19</sat></trkpt>
  <trkpt lat="14.53211504" lon="100.94244955"><ele>-11.939</ele><time>2025-01-14T04:06:03.999Z</time><speed>20.348</speed><sat>18</sat></trkpt>
  <trkpt lat="14.53201577" lon="100.94228978"><ele>-12.196</ele><time>2025-01-14T04:06:04.999Z</time><speed>20.464</speed><sat>19</sat></trkpt>
  <trkpt lat="14.53191851" lon="100.94213139"><ele>-11.306</ele><time>2025-01-14T04:06:05.999Z</time><speed>20.097</speed><sat>19</sat></trkpt>
  <trkpt lat="14.53182100" lon="100.94197854"><ele>-10.965</ele><time>2025-01-14T04:06:06.999Z</time><speed>19.882</speed><sat>18</sat></trkpt>
  <trkpt lat="14.53172319" lon="100.94182185"><ele>-10.634</ele><time>2025-01-14T04:06:07.999Z</time><speed>19.840</speed><sat>16</sat></trkpt>
  <trkpt lat="14.53162467" lon="100.94166457"><ele>-10.433</ele><time>2025-01-14T04:06:08.999Z</time><speed>19.908</speed><sat>18</sat></trkpt>
  <trkpt lat="14.53152628" lon="100.94151044"><ele>-10.512</ele><time>2025-01-14T04:06:09.999Z</time><speed>19.990</speed><sat>18</sat></trkpt>
  <trkpt lat="14.53142680" lon="100.94135534"><ele>-10.452</ele><time>2025-01-14T04:06:10.999Z</time><speed>20.076</speed><sat>16</sat></trkpt>
  <trkpt lat="14.53132911" lon="100.94120024"><ele>-10.426</ele><time>2025-01-14T04:06:11.999Z</time><speed>20.079</speed><sat>15</sat></trkpt>
  <trkpt lat="14.53123204" lon="100.94104619"><ele>-10.386</ele><time>2025-01-14T04:06:12.999Z</time><speed>20.082</speed><sat>16</sat></trkpt>
  <trkpt lat="14.53113468" lon="100.94089028"><ele>-11.159</ele><time>2025-01-14T04:06:13.999Z</time><speed>19.831</speed><sat>16</sat></trkpt>
  <trkpt lat="14.53103992" lon="100.94073936"><ele>-11.542</ele><time>2025-01-14T04:06:14.999Z</time><speed>19.751</speed><sat>18</sat></trkpt>
  <trkpt lat="14.53094417" lon="100.94058581"><ele>-11.517</ele><time>2025-01-14T04:06:15.999Z</time><speed>19.822</speed><sat>18</sat></trkpt>
  <trkpt lat="14.53084718" lon="100.94043095"><ele>-11.344</ele><time>2025-01-14T04:06:16.999Z</time><speed>19.909</speed><sat>18</sat></trkpt>
  <trkpt lat="14.53074885" lon="100.94027393"><ele>-11.484</ele><time>2025-01-14T04:06:17.999Z</time><speed>19.747</speed><sat>17</sat></trkpt>
  <trkpt lat="14.53065118" lon="100.94011667"><ele>-11.598</ele><time>2025-01-14T04:06:18.999Z</time><speed>19.744</speed><sat>16</sat></trkpt>
  <trkpt lat="14.53055456" lon="100.93996089"><ele>-11.607</ele><time>2025-01-14T04:06:19.999Z</time><speed>19.799</speed><sat>16</sat></trkpt>
  <trkpt lat="14.53045825" lon="100.93980782"><ele>-11.883</ele><time>2025-01-14T04:06:20.999Z</time><speed>19.644</speed><sat>18</sat></trkpt>
  <trkpt lat="14.53036109" lon="100.93965375"><ele>-11.631</ele><time>2025-01-14T04:06:21.999Z</time><speed>19.633</speed><sat>19</sat></trkpt>
  <trkpt lat="14.53026367" lon="100.93949809"><ele>-11.959</ele><time>2025-01-14T04:06:22.999Z</time><speed>19.686</speed><sat>18</sat></trkpt>
  <trkpt lat="14.53016661" lon="100.93934385"><ele>-12.004</ele><time>2025-01-14T04:06:23.999Z</time><speed>19.591</speed><sat>18</sat></trkpt>
  <trkpt lat="14.53007087" lon="100.93919199"><ele>-11.628</ele><time>2025-01-14T04:06:24.999Z</time><speed>19.622</speed><sat>16</sat></trkpt>
  <trkpt lat="14.52997223" lon="100.93903828"><ele>-11.314</ele><time>2025-01-14T04:06:25.999Z</time><speed>19.787</speed><sat>17</sat></trkpt>
  <trkpt lat="14.52986967" lon="100.93888387"><ele>-10.961</ele><time>2025-01-14T04:06:26.999Z</time><speed>20.006</speed><sat>15</sat></trkpt>
  <trkpt lat="14.52976498" lon="100.93873071"><ele>-10.604</ele><time>2025-01-14T04:06:27.999Z</time><speed>20.127</speed><sat>15</sat></trkpt>
  <trkpt lat="14.52965876" lon="100.93857805"><ele>-9.959</ele><time>2025-01-14T04:06:28.999Z</time><speed>20.216</speed><sat>19</sat></trkpt>
  <trkpt lat="14.52954825" lon="100.93842792"><ele>-9.663</ele><time>2025-01-14T04:06:29.999Z</time><speed>20.292</speed><sat>18</sat></trkpt>
  <trkpt lat="14.52943648" lon="100.93828401"><ele>-9.816</ele><time>2025-01-14T04:06:30.999Z</time><speed>20.366</speed><sat>19</sat></trkpt>
  <trkpt lat="14.52932008" lon="100.93813634"><ele>-9.650</ele><time>2025-01-14T04:06:31.999Z</time><speed>20.467</speed><sat>17</sat></trkpt>
  <trkpt lat="14.52920264" lon="100.93798768"><ele>-9.291</ele><time>2025-01-14T04:06:32.999Z</time><speed>20.570</speed><sat>18</sat></trkpt>
  <trkpt lat="14.52908199" lon="100.93783914"><ele>-8.925</ele><time>2025-01-14T04:06:33.999Z</time><speed>20.739</speed><sat>17</sat></trkpt>
  <trkpt lat="14.52895894" lon="100.93769286"><ele>-8.962</ele><time>2025-01-14T04:06:34.999Z</time><speed>20.691</speed><sat>16</sat></trkpt>
  <trkpt lat="14.52883389" lon="100.93754675"><ele>-8.079</ele><time>2025-01-14T04:06:35.999Z</time><speed>20.793</speed><sat>17</sat></trkpt>
  <trkpt lat="14.52870494" lon="100.93740496"><ele>-6.731</ele><time>2025-01-14T04:06:36.999Z</time><speed>20.874</speed><sat>16</sat></trkpt>
  <trkpt lat="14.52857107" lon="100.93726427"><ele>-5.544</ele><time>2025-01-14T04:06:37.999Z</time><speed>20.788</speed><sat>15</sat></trkpt>
  <trkpt lat="14.52843600" lon="100.93712873"><ele>-4.808</ele><time>2025-01-14T04:06:38.999Z</time><speed>20.507</speed><sat>17</sat></trkpt>
  <trkpt lat="14.52830416" lon="100.93699683"><ele>-4.435</ele><time>2025-01-14T04:06:39.999Z</time><speed>20.343</speed><sat>16</sat></trkpt>
  <trkpt lat="14.52816961" lon="100.93686850"><ele>-4.566</ele><time>2025-01-14T04:06:40.999Z</time><speed>20.386</speed><sat>16</sat></trkpt>
  <trkpt lat="14.52803506" lon="100.93674279"><ele>-4.572</ele><time>2025-01-14T04:06:41.999Z</time><speed>20.411</speed><sat>16</sat></trkpt>
  <trkpt lat="14.52790274" lon="100.93661752"><ele>-4.343</ele><time>2025-01-14T04:06:42.999Z</time><speed>20.433</speed><sat>15</sat></trkpt>
  <trkpt lat="14.52776866" lon="100.93649182"><ele>-3.936</ele><time>2025-01-14T04:06:43.999Z</time><speed>20.423</speed><sat>16</sat></trkpt>
  <trkpt lat="14.52763630" lon="100.93636445"><ele>-3.741</ele><time>2025-01-14T04:06:44.999Z</time><speed>20.184</speed><sat>16</sat></trkpt>
  <trkpt lat="14.52750442" lon="100.93623749"><ele>-3.676</ele><time>2025-01-14T04:06:45.999Z</time><speed>20.192</speed><sat>16</sat></trkpt>
  <trkpt lat="14.52737317" lon="100.93610711"><ele>-3.337</ele><time>2025-01-14T04:06:46.999Z</time><speed>20.292</speed><sat>16</sat></trkpt>
  <trkpt lat="14.52724222" lon="100.93597845"><ele>-3.381</ele><time>2025-01-14T04:06:47.999Z</time><speed>20.113</speed><sat>16</sat></trkpt>
  <trkpt lat="14.52711250" lon="100.93585088"><ele>-3.830</ele><time>2025-01-14T04:06:48.999Z</time><speed>19.993</speed><sat>16</sat></trkpt>
  <trkpt lat="14.52698251" lon="100.93572276"><ele>-4.220</ele><time>2025-01-14T04:06:49.999Z</time><speed>20.254</speed><sat>17</sat></trkpt>
  <trkpt lat="14.52685034" lon="100.93559286"><ele>-4.463</ele><time>2025-01-14T04:06:50.999Z</time><speed>20.420</speed><sat>17</sat></trkpt>
  <trkpt lat="14.52671735" lon="100.93546174"><ele>-4.425</ele><time>2025-01-14T04:06:51.999Z</time><speed>20.227</speed><sat>18</sat></trkpt>
  <trkpt lat="14.52658309" lon="100.93533155"><ele>-4.454</ele><time>2025-01-14T04:06:52.999Z</time><speed>20.265</speed><sat>18</sat></trkpt>
  <trkpt lat="14.52645141" lon="100.93520423"><ele>-4.353</ele><time>2025-01-14T04:06:53.999Z</time><speed>20.325</speed><sat>19</sat></trkpt>
  <trkpt lat="14.52631658" lon="100.93507447"><ele>-4.467</ele><time>2025-01-14T04:06:54.999Z</time><speed>20.445</speed><sat>19</sat></trkpt>
  <trkpt lat="14.52618272" lon="100.93494565"><ele>-4.519</ele><time>2025-01-14T04:06:55.999Z</time><speed>20.546</speed><sat>19</sat></trkpt>
  <trkpt lat="14.52604680" lon="100.93481591"><ele>-4.642</ele><time>2025-01-14T04:06:56.999Z</time><speed>20.335</speed><sat>19</sat></trkpt>
  <trkpt lat="14.52591342" lon="100.93468877"><ele>-4.772</ele><time>2025-01-14T04:06:57.999Z</time><speed>20.314</speed><sat>19</sat></trkpt>
  <trkpt lat="14.52577984" lon="100.93456003"><ele>-5.121</ele><time>2025-01-14T04:06:58.999Z</time><speed>20.411</speed><sat>19</sat></trkpt>
  <trkpt lat="14.52564385" lon="100.93442488"><ele>-5.295</ele><time>2025-01-14T04:06:59.999Z</time><speed>20.533</speed><sat>19</sat></trkpt>
  <trkpt lat="14.52551199" lon="100.93429371"><ele>-5.541</ele><time>2025-01-14T04:07:00.999Z</time><speed>20.204</speed><sat>19</sat></trkpt>
  <trkpt lat="14.52537949" lon="100.93416428"><ele>-5.871</ele><time>2025-01-14T04:07:01.999Z</time><speed>20.135</speed><sat>19</sat></trkpt>
  <trkpt lat="14.52524851" lon="100.93403535"><ele>-5.899</ele><time>2025-01-14T04:07:02.999Z</time><speed>20.277</speed><sat>19</sat></trkpt>
  <trkpt lat="14.52511752" lon="100.93390535"><ele>-5.843</ele><time>2025-01-14T04:07:03.999Z</time><speed>20.124</speed><sat>18</sat></trkpt>
  <trkpt lat="14.52498991" lon="100.93377851"><ele>-5.624</ele><time>2025-01-14T04:07:04.999Z</time><speed>20.099</speed><sat>18</sat></trkpt>
  <trkpt lat="14.52485593" lon="100.93365030"><ele>-5.737</ele><time>2025-01-14T04:07:05.999Z</time><speed>20.174</speed><sat>18</sat></trkpt>
  <trkpt lat="14.52472453" lon="100.93352160"><ele>-5.739</ele><time>2025-01-14T04:07:06.999Z</time><speed>20.019</speed><sat>18</sat></trkpt>
  <trkpt lat="14.52459727" lon="100.93339655"><ele>-5.657</ele><time>2025-01-14T04:07:07.999Z</time><speed>19.684</speed><sat>19</sat></trkpt>
  <trkpt lat="14.52447088" lon="100.93327204"><ele>-5.526</ele><time>2025-01-14T04:07:08.999Z</time><speed>19.695</speed><sat>19</sat></trkpt>
  <trkpt lat="14.52434213" lon="100.93314477"><ele>-5.299</ele><time>2025-01-14T04:07:09.999Z</time><speed>19.693</speed><sat>18</sat></trkpt>
  <trkpt lat="14.52421354" lon="100.93301948"><ele>-5.121</ele><time>2025-01-14T04:07:10.999Z</time><speed>19.667</speed><sat>19</sat></trkpt>
  <trkpt lat="14.52408607" lon="100.93289403"><ele>-5.093</ele><time>2025-01-14T04:07:11.999Z</time><speed>19.837</speed><sat>19</sat></trkpt>
  <trkpt lat="14.52395689" lon="100.93276657"><ele>-4.495</ele><time>2025-01-14T04:07:12.999Z</time><speed>19.966</speed><sat>18</sat></trkpt>
  <trkpt lat="14.52382762" lon="100.93264186"><ele>-4.286</ele><time>2025-01-14T04:07:13.999Z</time><speed>19.914</speed><sat>17</sat></trkpt>
  <trkpt lat="14.52369718" lon="100.93251673"><ele>-4.572</ele><time>2025-01-14T04:07:14.999Z</time><speed>19.677</speed><sat>17</sat></trkpt>
  <trkpt lat="14.52356941" lon="100.93239313"><ele>-5.115</ele><time>2025-01-14T04:07:15.999Z</time><speed>19.752</speed><sat>18</sat></trkpt>
  <trkpt lat="14.52344179" lon="100.93227143"><ele>-5.422</ele><time>2025-01-14T04:07:16.999Z</time><speed>19.491</speed><sat>18</sat></trkpt>
  <trkpt lat="14.52331658" lon="100.93214744"><ele>-4.829</ele><time>2025-01-14T04:07:17.999Z</time><speed>19.189</speed><sat>19</sat></trkpt>
  <trkpt lat="14.52319221" lon="100.93202521"><ele>-4.356</ele><time>2025-01-14T04:07:18.999Z</time><speed>19.254</speed><sat>20</sat></trkpt>
  <trkpt lat="14.52306920" lon="100.93190272"><ele>-4.390</ele><time>2025-01-14T04:07:19.999Z</time><speed>19.400</speed><sat>20</sat></trkpt>
  <trkpt lat="14.52294445" lon="100.93177826"><ele>-4.414</ele><time>2025-01-14T04:07:20.999Z</time><speed>19.227</speed><sat>19</sat></trkpt>
  <trkpt lat="14.52282125" lon="100.93165323"><ele>-4.323</ele><time>2025-01-14T04:07:21.999Z</time><speed>19.343</speed><sat>20</sat></trkpt>
  <trkpt lat="14.52269779" lon="100.93152726"><ele>-3.863</ele><time>2025-01-14T04:07:22.999Z</time><speed>19.513</speed><sat>20</sat></trkpt>
  <trkpt lat="14.52257686" lon="100.93139984"><ele>-3.981</ele><time>2025-01-14T04:07:23.999Z</time><speed>19.354</speed><sat>20</sat></trkpt>
  <trkpt lat="14.52245992" lon="100.93127444"><ele>-3.695</ele><time>2025-01-14T04:07:24.999Z</time><speed>19.421</speed><sat>19</sat></trkpt>
  <trkpt lat="14.52234303" lon="100.93113870"><ele>-3.437</ele><time>2025-01-14T04:07:25.999Z</time><speed>19.565</speed><sat>19</sat></trkpt>
  <trkpt lat="14.52223082" lon="100.93099969"><ele>-3.577</ele><time>2025-01-14T04:07:26.999Z</time><speed>19.554</speed><sat>19</sat></trkpt>
  <trkpt lat="14.52212026" lon="100.93085729"><ele>-3.924</ele><time>2025-01-14T04:07:27.999Z</time><speed>19.699</speed><sat>19</sat></trkpt>
  <trkpt lat="14.52200888" lon="100.93071236"><ele>-4.252</ele><time>2025-01-14T04:07:28.999Z</time><speed>19.899</speed><sat>21</sat></trkpt>
  <trkpt lat="14.52190053" lon="100.93056448"><ele>-4.256</ele><time>2025-01-14T04:07:29.999Z</time><speed>19.966</speed><sat>19</sat></trkpt>
  <trkpt lat="14.52179993" lon="100.93041228"><ele>-4.173</ele><time>2025-01-14T04:07:30.999Z</time><speed>19.699</speed><sat>23</sat></trkpt>
  <trkpt lat="14.52170272" lon="100.93025647"><ele>-4.103</ele><time>2025-01-14T04:07:31.999Z</time><speed>19.834</speed><sat>23</sat></trkpt>
  <trkpt lat="14.52161528" lon="100.93009788"><ele>-4.656</ele><time>2025-01-14T04:07:32.999Z</time><speed>19.984</speed><sat>24</sat></trkpt>
  <trkpt lat="14.52152455" lon="100.92993691"><ele>-5.197</ele><time>2025-01-14T04:07:33.999Z</time><speed>20.145</speed><sat>22</sat></trkpt>
  <trkpt lat="14.52143922" lon="100.92977436"><ele>-5.816</ele><time>2025-01-14T04:07:34.999Z</time><speed>19.851</speed><sat>23</sat></trkpt>
  <trkpt lat="14.52136147" lon="100.92961127"><ele>-5.788</ele><time>2025-01-14T04:07:35.999Z</time><speed>19.569</speed><sat>22</sat></trkpt>
  <trkpt lat="14.52128827" lon="100.92944686"><ele>-5.821</ele><time>2025-01-14T04:07:36.999Z</time><speed>19.404</speed><sat>22</sat></trkpt>
  <trkpt lat="14.52122194" lon="100.92928175"><ele>-5.947</ele><time>2025-01-14T04:07:37.999Z</time><speed>18.953</speed><sat>23</sat></trkpt>
  <trkpt lat="14.52115867" lon="100.92912082"><ele>-6.098</ele><time>2025-01-14T04:07:38.999Z</time><speed>18.667</speed><sat>21</sat></trkpt>
  <trkpt lat="14.52109939" lon="100.92896136"><ele>-6.373</ele><time>2025-01-14T04:07:39.999Z</time><speed>18.540</speed><sat>23</sat></trkpt>
  <trkpt lat="14.52104809" lon="100.92880021"><ele>-6.881</ele><time>2025-01-14T04:07:40.999Z</time><speed>18.515</speed><sat>25</sat></trkpt>
  <trkpt lat="14.52100234" lon="100.92863366"><ele>-6.780</ele><time>2025-01-14T04:07:41.999Z</time><speed>18.461</speed><sat>24</sat></trkpt>
  <trkpt lat="14.52096267" lon="100.92846798"><ele>-6.369</ele><time>2025-01-14T04:07:42.999Z</time><speed>18.445</speed><sat>24</sat></trkpt>
  <trkpt lat="14.52092644" lon="100.92830155"><ele>-6.146</ele><time>2025-01-14T04:07:43.999Z</time><speed>18.453</speed><sat>24</sat></trkpt>
  <trkpt lat="14.52089236" lon="100.92813258"><ele>-5.747</ele><time>2025-01-14T04:07:44.999Z</time><speed>18.569</speed><sat>24</sat></trkpt>
  <trkpt lat="14.52086560" lon="100.92796030"><ele>-5.002</ele><time>2025-01-14T04:07:45.999Z</time><speed>18.675</speed><sat>22</sat></trkpt>
  <trkpt lat="14.52084142" lon="100.92778810"><ele>-4.778</ele><time>2025-01-14T04:07:46.999Z</time><speed>18.755</speed><sat>21</sat></trkpt>
  <trkpt lat="14.52082054" lon="100.92761434"><ele>-4.166</ele><time>2025-01-14T04:07:47.999Z</time><speed>18.782</speed><sat>21</sat></trkpt>
  <trkpt lat="14.52080466" lon="100.92743912"><ele>-4.055</ele><time>2025-01-14T04:07:48.999Z</time><speed>18.931</speed><sat>20</sat></trkpt>
  <trkpt lat="14.52078988" lon="100.92725847"><ele>-3.559</ele><time>2025-01-14T04:07:49.999Z</time><speed>19.179</speed><sat>22</sat></trkpt>
  <trkpt lat="14.52077441" lon="100.92707878"><ele>-2.752</ele><time>2025-01-14T04:07:50.999Z</time><speed>19.407</speed><sat>22</sat></trkpt>
  <trkpt lat="14.52075978" lon="100.92689735"><ele>-2.088</ele><time>2025-01-14T04:07:51.999Z</time><speed>19.581</speed><sat>23</sat></trkpt>
  <trkpt lat="14.52074715" lon="100.92671515"><ele>-1.499</ele><time>2025-01-14T04:07:52.999Z</time><speed>19.691</speed><sat>22</sat></trkpt>
  <trkpt lat="14.52073563" lon="100.92653334"><ele>-0.830</ele><time>2025-01-14T04:07:53.999Z</time><speed>19.652</speed><sat>23</sat></trkpt>
  <trkpt lat="14.52072275" lon="100.92635093"><ele>0.010</ele><time>2025-01-14T04:07:54.999Z</time><speed>19.785</speed><sat>22</sat></trkpt>
  <trkpt lat="14.52070837" lon="100.92616862"><ele>0.841</ele><time>2025-01-14T04:07:55.999Z</time><speed>19.853</speed><sat>20</sat></trkpt>
  <trkpt lat="14.52069420" lon="100.92598493"><ele>1.581</ele><time>2025-01-14T04:07:56.999Z</time><speed>19.642</speed><sat>21</sat></trkpt>
  <trkpt lat="14.52067934" lon="100.92580546"><ele>2.083</ele><time>2025-01-14T04:07:57.999Z</time><speed>19.401</speed><sat>22</sat></trkpt>
  <trkpt lat="14.52066732" lon="100.92562571"><ele>2.571</ele><time>2025-01-14T04:07:58.999Z</time><speed>19.480</speed><sat>23</sat></trkpt>
  <trkpt lat="14.52065635" lon="100.92544161"><ele>2.560</ele><time>2025-01-14T04:07:59.999Z</time><speed>19.702</speed><sat>22</sat></trkpt>
  <trkpt lat="14.52064359" lon="100.92525531"><ele>2.437</ele><time>2025-01-14T04:08:00.999Z</time><speed>19.933</speed><sat>23</sat></trkpt>
  <trkpt lat="14.52062985" lon="100.92506792"><ele>2.335</ele><time>2025-01-14T04:08:01.999Z</time><speed>19.940</speed><sat>23</sat></trkpt>
  <trkpt lat="14.52061836" lon="100.92488426"><ele>2.357</ele><time>2025-01-14T04:08:02.999Z</time><speed>19.984</speed><sat>24</sat></trkpt>
  <trkpt lat="14.52060506" lon="100.92469890"><ele>1.888</ele><time>2025-01-14T04:08:03.999Z</time><speed>19.958</speed><sat>22</sat></trkpt>
  <trkpt lat="14.52059259" lon="100.92451238"><ele>1.154</ele><time>2025-01-14T04:08:04.999Z</time><speed>20.034</speed><sat>23</sat></trkpt>
  <trkpt lat="14.52058048" lon="100.92432654"><ele>0.649</ele><time>2025-01-14T04:08:05.999Z</time><speed>20.363</speed><sat>25</sat></trkpt>
  <trkpt lat="14.52056970" lon="100.92413349"><ele>-0.444</ele><time>2025-01-14T04:08:06.999Z</time><speed>20.782</speed><sat>23</sat></trkpt>
  <trkpt lat="14.52055671" lon="100.92393818"><ele>-1.181</ele><time>2025-01-14T04:08:07.999Z</time><speed>20.945</speed><sat>24</sat></trkpt>
  <trkpt lat="14.52054185" lon="100.92374508"><ele>-1.538</ele><time>2025-01-14T04:08:08.999Z</time><speed>20.632</speed><sat>25</sat></trkpt>
  <trkpt lat="14.52053018" lon="100.92355448"><ele>-2.345</ele><time>2025-01-14T04:08:09.999Z</time><speed>20.381</speed><sat>24</sat></trkpt>
  <trkpt lat="14.52051977" lon="100.92336480"><ele>-3.141</ele><time>2025-01-14T04:08:10.999Z</time><speed>20.233</speed><sat>22</sat></trkpt>
  <trkpt lat="14.52050873" lon="100.92317996"><ele>-4.034</ele><time>2025-01-14T04:08:11.999Z</time><speed>19.955</speed><sat>25</sat></trkpt>
  <trkpt lat="14.52049704" lon="100.92299334"><ele>-4.557</ele><time>2025-01-14T04:08:12.999Z</time><speed>19.944</speed><sat>24</sat></trkpt>
  <trkpt lat="14.52048600" lon="100.92280886"><ele>-4.919</ele><time>2025-01-14T04:08:13.999Z</time><speed>19.581</speed><sat>22</sat></trkpt>
  <trkpt lat="14.52047471" lon="100.92262931"><ele>-5.463</ele><time>2025-01-14T04:08:14.999Z</time><speed>19.163</speed><sat>23</sat></trkpt>
  <trkpt lat="14.52046380" lon="100.92245260"><ele>-6.061</ele><time>2025-01-14T04:08:15.999Z</time><speed>18.836</speed><sat>24</sat></trkpt>
  <trkpt lat="14.52045457" lon="100.92227809"><ele>-6.770</ele><time>2025-01-14T04:08:16.999Z</time><speed>18.784</speed><sat>24</sat></trkpt>
  <trkpt lat="14.52044441" lon="100.92210462"><ele>-6.968</ele><time>2025-01-14T04:08:17.999Z</time><speed>18.687</speed><sat>23</sat></trkpt>
  <trkpt lat="14.52043065" lon="100.92192933"><ele>-7.603</ele><time>2025-01-14T04:08:18.999Z</time><speed>18.697</speed><sat>25</sat></trkpt>
  <trkpt lat="14.52041765" lon="100.92175570"><ele>-8.521</ele><time>2025-01-14T04:08:19.999Z</time><speed>18.423</speed><sat>25</sat></trkpt>
  <trkpt lat="14.52040416" lon="100.92158271"><ele>-9.256</ele><time>2025-01-14T04:08:20.999Z</time><speed>18.569</speed><sat>24</sat></trkpt>
  <trkpt lat="14.52039183" lon="100.92140817"><ele>-10.084</ele><time>2025-01-14T04:08:21.999Z</time><speed>18.417</speed><sat>25</sat></trkpt>
  <trkpt lat="14.52037748" lon="100.92123974"><ele>-10.542</ele><time>2025-01-14T04:08:22.999Z</time><speed>18.157</speed><sat>25</sat></trkpt>
  <trkpt lat="14.52036580" lon="100.92107324"><ele>-11.046</ele><time>2025-01-14T04:08:23.999Z</time><speed>17.678</speed><sat>24</sat></trkpt>
  <trkpt lat="14.52035504" lon="100.92091348"><ele>-11.536</ele><time>2025-01-14T04:08:24.999Z</time><speed>16.999</speed><sat>24</sat></trkpt>
  <trkpt lat="14.52034351" lon="100.92075635"><ele>-12.031</ele><time>2025-01-14T04:08:25.999Z</time><speed>16.648</speed><sat>23</sat></trkpt>
  <trkpt lat="14.52033110" lon="100.92060069"><ele>-12.405</ele><time>2025-01-14T04:08:26.999Z</time><speed>16.822</speed><sat>23</sat></trkpt>
  <trkpt lat="14.52031831" lon="100.92044180"><ele>-12.801</ele><time>2025-01-14T04:08:27.999Z</time><speed>16.873</speed><sat>24</sat></trkpt>
  <trkpt lat="14.52030603" lon="100.92028311"><ele>-12.923</ele><time>2025-01-14T04:08:28.999Z</time><speed>16.906</speed><sat>22</sat></trkpt>
  <trkpt lat="14.52029396" lon="100.92012477"><ele>-12.370</ele><time>2025-01-14T04:08:29.999Z</time><speed>16.855</speed><sat>21</sat></trkpt>
  <trkpt lat="14.52027992" lon="100.91996858"><ele>-11.889</ele><time>2025-01-14T04:08:30.999Z</time><speed>16.564</speed><sat>22</sat></trkpt>
  <trkpt lat="14.52026571" lon="100.91981751"><ele>-11.208</ele><time>2025-01-14T04:08:31.999Z</time><speed>16.373</speed><sat>22</sat></trkpt>
  <trkpt lat="14.52025074" lon="100.91966871"><ele>-10.217</ele><time>2025-01-14T04:08:32.999Z</time><speed>16.498</speed><sat>23</sat></trkpt>
  <trkpt lat="14.52023719" lon="100.91951920"><ele>-9.613</ele><time>2025-01-14T04:08:33.999Z</time><speed>16.169</speed><sat>24</sat></trkpt>
  <trkpt lat="14.52022683" lon="100.91937325"><ele>-9.495</ele><time>2025-01-14T04:08:34.999Z</time><speed>15.765</speed><sat>24</sat></trkpt>
  <trkpt lat="14.52021513" lon="100.91923058"><ele>-9.046</ele><time>2025-01-14T04:08:35.999Z</time><speed>15.394</speed><sat>23</sat></trkpt>
  <trkpt lat="14.52020507" lon="100.91909194"><ele>-7.863</ele><time>2025-01-14T04:08:36.999Z</time><speed>15.113</speed><sat>24</sat></trkpt>
  <trkpt lat="14.52019448" lon="100.91895489"><ele>-7.250</ele><time>2025-01-14T04:08:37.999Z</time><speed>15.015</speed><sat>24</sat></trkpt>
  <trkpt lat="14.52018219" lon="100.91881899"><ele>-6.666</ele><time>2025-01-14T04:08:38.999Z</time><speed>14.880</speed><sat>23</sat></trkpt>
  <trkpt lat="14.52016903" lon="100.91868317"><ele>-6.350</ele><time>2025-01-14T04:08:39.999Z</time><speed>14.745</speed><sat>24</sat></trkpt>
  <trkpt lat="14.52015638" lon="100.91854852"><ele>-6.187</ele><time>2025-01-14T04:08:40.999Z</time><speed>14.573</speed><sat>24</sat></trkpt>
  <trkpt lat="14.52014467" lon="100.91841469"><ele>-6.327</ele><time>2025-01-14T04:08:41.999Z</time><speed>14.761</speed><sat>23</sat></trkpt>
  <trkpt lat="14.52013577" lon="100.91827980"><ele>-5.966</ele><time>2025-01-14T04:08:42.999Z</time><speed>14.804</speed><sat>22</sat></trkpt>
  <trkpt lat="14.52012621" lon="100.91814355"><ele>-6.043</ele><time>2025-01-14T04:08:43.999Z</time><speed>14.676</speed><sat>21</sat></trkpt>
  <trkpt lat="14.52011563" lon="100.91800768"><ele>-6.245</ele><time>2025-01-14T04:08:44.999Z</time><speed>14.589</speed><sat>22</sat></trkpt>
  <trkpt lat="14.52010649" lon="100.91787585"><ele>-6.308</ele><time>2025-01-14T04:08:45.999Z</time><speed>14.590</speed><sat>23</sat></trkpt>
  <trkpt lat="14.52009882" lon="100.91774463"><ele>-6.549</ele><time>2025-01-14T04:08:46.999Z</time><speed>14.435</speed><sat>22</sat></trkpt>
  <trkpt lat="14.52009315" lon="100.91761291"><ele>-6.661</ele><time>2025-01-14T04:08:47.999Z</time><speed>14.733</speed><sat>22</sat></trkpt>
  <trkpt lat="14.52008541" lon="100.91747781"><ele>-6.956</ele><time>2025-01-14T04:08:48.999Z</time><speed>14.784</speed><sat>22</sat></trkpt>
  <trkpt lat="14.52007728" lon="100.91734470"><ele>-7.154</ele><time>2025-01-14T04:08:49.999Z</time><speed>14.474</speed><sat>21</sat></trkpt>
  <trkpt lat="14.52006849" lon="100.91721346"><ele>-7.110</ele><time>2025-01-14T04:08:50.999Z</time><speed>14.172</speed><sat>21</sat></trkpt>
  <trkpt lat="14.52005956" lon="100.91708564"><ele>-6.928</ele><time>2025-01-14T04:08:51.999Z</time><speed>14.073</speed><sat>20</sat></trkpt>
  <trkpt lat="14.52004898" lon="100.91695761"><ele>-7.177</ele><time>2025-01-14T04:08:52.999Z</time><speed>14.083</speed><sat>18</sat></trkpt>
  <trkpt lat="14.52004169" lon="100.91682939"><ele>-7.121</ele><time>2025-01-14T04:08:53.999Z</time><speed>14.256</speed><sat>19</sat></trkpt>
  <trkpt lat="14.52003087" lon="100.91669690"><ele>-7.384</ele><time>2025-01-14T04:08:54.999Z</time><speed>14.013</speed><sat>17</sat></trkpt>
  <trkpt lat="14.52002270" lon="100.91656903"><ele>-7.286</ele><time>2025-01-14T04:08:55.999Z</time><speed>13.444</speed><sat>16</sat></trkpt>
  <trkpt lat="14.52001568" lon="100.91644890"><ele>-7.249</ele><time>2025-01-14T04:08:56.999Z</time><speed>12.433</speed><sat>16</sat></trkpt>
  <trkpt lat="14.52000775" lon="100.91633479"><ele>-7.404</ele><time>2025-01-14T04:08:57.999Z</time><speed>11.865</speed><sat>15</sat></trkpt>
  <trkpt lat="14.51999922" lon="100.91622708"><ele>-7.083</ele><time>2025-01-14T04:08:58.999Z</time><speed>10.932</speed><sat>15</sat></trkpt>
  <trkpt lat="14.51999038" lon="100.91612647"><ele>-6.708</ele><time>2025-01-14T04:08:59.999Z</time><speed>10.513</speed><sat>15</sat></trkpt>
  <trkpt lat="14.51998174" lon="100.91603080"><ele>-6.420</ele><time>2025-01-14T04:09:00.999Z</time><speed>10.246</speed><sat>15</sat></trkpt>
  <trkpt lat="14.51997187" lon="100.91593756"><ele>-6.506</ele><time>2025-01-14T04:09:01.999Z</time><speed>9.921</speed><sat>14</sat></trkpt>
  <trkpt lat="14.51996455" lon="100.91585028"><ele>-6.252</ele><time>2025-01-14T04:09:02.999Z</time><speed>9.601</speed><sat>14</sat></trkpt>
  <trkpt lat="14.51995705" lon="100.91576278"><ele>-6.288</ele><time>2025-01-14T04:09:03.999Z</time><speed>9.303</speed><sat>15</sat></trkpt>
  <trkpt lat="14.51994840" lon="100.91568198"><ele>-6.354</ele><time>2025-01-14T04:09:04.999Z</time><speed>8.962</speed><sat>15</sat></trkpt>
  <trkpt lat="14.51994080" lon="100.91560208"><ele>-6.176</ele><time>2025-01-14T04:09:05.999Z</time><speed>8.920</speed><sat>15</sat></trkpt>
  <trkpt lat="14.51993130" lon="100.91552077"><ele>-6.324</ele><time>2025-01-14T04:09:06.999Z</time><speed>9.350</speed><sat>15</sat></trkpt>
  <trkpt lat="14.51992295" lon="100.91543350"><ele>-6.063</ele><time>2025-01-14T04:09:07.999Z</time><speed>9.487</speed><sat>15</sat></trkpt>
  <trkpt lat="14.51991315" lon="100.91534905"><ele>-6.048</ele><time>2025-01-14T04:09:08.999Z</time><speed>9.268</speed><sat>15</sat></trkpt>
  <trkpt lat="14.51990578" lon="100.91526699"><ele>-6.166</ele><time>2025-01-14T04:09:09.999Z</time><speed>8.449</speed><sat>15</sat></trkpt>
  <trkpt lat="14.51989978" lon="100.91519561"><ele>-6.106</ele><time>2025-01-14T04:09:10.999Z</time><speed>7.280</speed><sat>14</sat></trkpt>
  <trkpt lat="14.51989799" lon="100.91513440"><ele>-5.795</ele><time>2025-01-14T04:09:11.999Z</time><speed>6.093</speed><sat>15</sat></trkpt>
  <trkpt lat="14.51989843" lon="100.91508207"><ele>-5.732</ele><time>2025-01-14T04:09:12.999Z</time><speed>5.233</speed><sat>15</sat></trkpt>
  <trkpt lat="14.51990420" lon="100.91503393"><ele>-5.788</ele><time>2025-01-14T04:09:13.999Z</time><speed>5.116</speed><sat>11</sat></trkpt>
  <trkpt lat="14.51992384" lon="100.91498641"><ele>-5.860</ele><time>2025-01-14T04:09:14.999Z</time><speed>4.845</speed><sat>10</sat></trkpt>
  <trkpt lat="14.52001036" lon="100.91491605"><ele>-5.870</ele><time>2025-01-14T04:09:16.999Z</time><speed>5.665</speed><sat>10</sat></trkpt>
  <trkpt lat="14.52006761" lon="100.91489864"><ele>-5.437</ele><time>2025-01-14T04:09:17.999Z</time><speed>5.702</speed><sat>12</sat></trkpt>
  <trkpt lat="14.52011945" lon="100.91489920"><ele>-5.593</ele><time>2025-01-14T04:09:18.999Z</time><speed>5.290</speed><sat>10</sat></trkpt>
  <trkpt lat="14.52017030" lon="100.91491422"><ele>-5.447</ele><time>2025-01-14T04:09:19.999Z</time><speed>4.937</speed><sat>11</sat></trkpt>
  <trkpt lat="14.52022362" lon="100.91494589"><ele>-5.037</ele><time>2025-01-14T04:09:20.999Z</time><speed>4.879</speed><sat>16</sat></trkpt>
  <trkpt lat="14.52026722" lon="100.91497411"><ele>-6.124</ele><time>2025-01-14T04:09:21.999Z</time><speed>5.297</speed><sat>19</sat></trkpt>
  <trkpt lat="14.52029169" lon="100.91502589"><ele>-5.953</ele><time>2025-01-14T04:09:22.999Z</time><speed>5.931</speed><sat>20</sat></trkpt>
  <trkpt lat="14.52030559" lon="100.91508366"><ele>-5.537</ele><time>2025-01-14T04:09:23.999Z</time><speed>6.617</speed><sat>21</sat></trkpt>
  <trkpt lat="14.52031128" lon="100.91515392"><ele>-6.083</ele><time>2025-01-14T04:09:24.999Z</time><speed>7.450</speed><sat>18</sat></trkpt>
  <trkpt lat="14.52031816" lon="100.91523666"><ele>-6.898</ele><time>2025-01-14T04:09:25.999Z</time><speed>8.599</speed><sat>18</sat></trkpt>
  <trkpt lat="14.52032717" lon="100.91532257"><ele>-7.519</ele><time>2025-01-14T04:09:26.999Z</time><speed>9.498</speed><sat>19</sat></trkpt>
  <trkpt lat="14.52033633" lon="100.91541648"><ele>-8.413</ele><time>2025-01-14T04:09:27.999Z</time><speed>10.230</speed><sat>18</sat></trkpt>
  <trkpt lat="14.52034569" lon="100.91551368"><ele>-9.054</ele><time>2025-01-14T04:09:28.999Z</time><speed>10.033</speed><sat>20</sat></trkpt>
  <trkpt lat="14.52035353" lon="100.91560816"><ele>-9.369</ele><time>2025-01-14T04:09:29.999Z</time><speed>9.874</speed><sat>17</sat></trkpt>
  <trkpt lat="14.52036141" lon="100.91569916"><ele>-9.568</ele><time>2025-01-14T04:09:30.999Z</time><speed>9.869</speed><sat>16</sat></trkpt>
  <trkpt lat="14.52036856" lon="100.91579442"><ele>-9.330</ele><time>2025-01-14T04:09:31.999Z</time><speed>9.662</speed><sat>19</sat></trkpt>
  <trkpt lat="14.52037996" lon="100.91588789"><ele>-9.469</ele><time>2025-01-14T04:09:32.999Z</time><speed>9.916</speed><sat>18</sat></trkpt>
  <trkpt lat="14.52040203" lon="100.91608819"><ele>-9.255</ele><time>2025-01-14T04:09:34.999Z</time><speed>11.051</speed><sat>16</sat></trkpt>
  <trkpt lat="14.52041449" lon="100.91619562"><ele>-8.876</ele><time>2025-01-14T04:09:35.999Z</time><speed>10.809</speed><sat>19</sat></trkpt>
  <trkpt lat="14.52042148" lon="100.91630141"><ele>-9.059</ele><time>2025-01-14T04:09:36.999Z</time><speed>10.464</speed><sat>20</sat></trkpt>
  <trkpt lat="14.52042843" lon="100.91640390"><ele>-9.524</ele><time>2025-01-14T04:09:37.999Z</time><speed>10.166</speed><sat>20</sat></trkpt>
  <trkpt lat="14.52043359" lon="100.91650136"><ele>-10.070</ele><time>2025-01-14T04:09:38.999Z</time><speed>9.794</speed><sat>21</sat></trkpt>
  <trkpt lat="14.52043979" lon="100.91659061"><ele>-11.251</ele><time>2025-01-14T04:09:39.999Z</time><speed>9.293</speed><sat>21</sat></trkpt>
  <trkpt lat="14.52044301" lon="100.91667783"><ele>-12.271</ele><time>2025-01-14T04:09:40.999Z</time><speed>9.022</speed><sat>22</sat></trkpt>
  <trkpt lat="14.52044523" lon="100.91676318"><ele>-12.505</ele><time>2025-01-14T04:09:41.999Z</time><speed>9.109</speed><sat>21</sat></trkpt>
  <trkpt lat="14.52044919" lon="100.91684968"><ele>-12.652</ele><time>2025-01-14T04:09:42.999Z</time><speed>9.300</speed><sat>20</sat></trkpt>
  <trkpt lat="14.52045319" lon="100.91693895"><ele>-12.762</ele><time>2025-01-14T04:09:43.999Z</time><speed>9.174</speed><sat>21</sat></trkpt>
  <trkpt lat="14.52045505" lon="100.91702474"><ele>-13.397</ele><time>2025-01-14T04:09:44.999Z</time><speed>8.780</speed><sat>20</sat></trkpt>
  <trkpt lat="14.52045720" lon="100.91710759"><ele>-13.872</ele><time>2025-01-14T04:09:45.999Z</time><speed>8.907</speed><sat>21</sat></trkpt>
  <trkpt lat="14.52046223" lon="100.91719114"><ele>-14.154</ele><time>2025-01-14T04:09:46.999Z</time><speed>9.135</speed><sat>20</sat></trkpt>
  <trkpt lat="14.52046737" lon="100.91728344"><ele>-14.031</ele><time>2025-01-14T04:09:47.999Z</time><speed>9.711</speed><sat>22</sat></trkpt>
  <trkpt lat="14.52047135" lon="100.91737991"><ele>-13.852</ele><time>2025-01-14T04:09:48.999Z</time><speed>10.297</speed><sat>22</sat></trkpt>
  <trkpt lat="14.52047925" lon="100.91747840"><ele>-14.470</ele><time>2025-01-14T04:09:49.999Z</time><speed>11.003</speed><sat>21</sat></trkpt>
  <trkpt lat="14.52048862" lon="100.91758024"><ele>-13.822</ele><time>2025-01-14T04:09:50.999Z</time><speed>11.619</speed><sat>21</sat></trkpt>
  <trkpt lat="14.52050001" lon="100.91768944"><ele>-12.662</ele><time>2025-01-14T04:09:51.999Z</time><speed>12.174</speed><sat>21</sat></trkpt>
  <trkpt lat="14.52050534" lon="100.91779377"><ele>-9.664</ele><time>2025-01-14T04:09:52.999Z</time><speed>11.886</speed><sat>21</sat></trkpt>
  <trkpt lat="14.52051075" lon="100.91791497"><ele>-9.395</ele><time>2025-01-14T04:09:53.999Z</time><speed>12.126</speed><sat>22</sat></trkpt>
  <trkpt lat="14.52051347" lon="100.91803975"><ele>-10.509</ele><time>2025-01-14T04:09:54.999Z</time><speed>12.237</speed><sat>21</sat></trkpt>
  <trkpt lat="14.52050997" lon="100.91814954"><ele>-12.582</ele><time>2025-01-14T04:09:55.999Z</time><speed>11.951</speed><sat>22</sat></trkpt>
  <trkpt lat="14.52051094" lon="100.91826574"><ele>-12.603</ele><time>2025-01-14T04:09:56.999Z</time><speed>12.200</speed><sat>20</sat></trkpt>
  <trkpt lat="14.52051097" lon="100.91838192"><ele>-12.441</ele><time>2025-01-14T04:09:57.999Z</time><speed>12.529</speed><sat>21</sat></trkpt>
  <trkpt lat="14.52051126" lon="100.91850145"><ele>-12.170</ele><time>2025-01-14T04:09:58.999Z</time><speed>12.864</speed><sat>18</sat></trkpt>
  <trkpt lat="14.52051865" lon="100.91875285"><ele>-12.051</ele><time>2025-01-14T04:10:00.999Z</time><speed>13.515</speed><sat>13</sat></trkpt>
  <trkpt lat="14.52052343" lon="100.91888308"><ele>-11.936</ele><time>2025-01-14T04:10:01.999Z</time><speed>13.837</speed><sat>14</sat></trkpt>
  <trkpt lat="14.52052804" lon="100.91901631"><ele>-12.126</ele><time>2025-01-14T04:10:02.999Z</time><speed>14.134</speed><sat>10</sat></trkpt>
  <trkpt lat="14.52053525" lon="100.91914736"><ele>-12.329</ele><time>2025-01-14T04:10:03.999Z</time><speed>14.285</speed><sat>11</sat></trkpt>
  <trkpt lat="14.52054464" lon="100.91928006"><ele>-12.234</ele><time>2025-01-14T04:10:04.999Z</time><speed>14.168</speed><sat>13</sat></trkpt>
  <trkpt lat="14.52055507" lon="100.91941503"><ele>-11.871</ele><time>2025-01-14T04:10:05.999Z</time><speed>14.409</speed><sat>14</sat></trkpt>
  <trkpt lat="14.52056815" lon="100.91955699"><ele>-12.022</ele><time>2025-01-14T04:10:06.999Z</time><speed>14.672</speed><sat>16</sat></trkpt>
  <trkpt lat="14.52057842" lon="100.91969874"><ele>-12.296</ele><time>2025-01-14T04:10:07.999Z</time><speed>14.890</speed><sat>15</sat></trkpt>
  <trkpt lat="14.52059476" lon="100.91984114"><ele>-12.191</ele><time>2025-01-14T04:10:08.999Z</time><speed>14.938</speed><sat>16</sat></trkpt>
  <trkpt lat="14.52061243" lon="100.91998615"><ele>-11.978</ele><time>2025-01-14T04:10:09.999Z</time><speed>15.044</speed><sat>16</sat></trkpt>
  <trkpt lat="14.52062676" lon="100.92012564"><ele>-11.946</ele><time>2025-01-14T04:10:10.999Z</time><speed>15.273</speed><sat>14</sat></trkpt>
  <trkpt lat="14.52063810" lon="100.92026642"><ele>-12.034</ele><time>2025-01-14T04:10:11.999Z</time><speed>15.430</speed><sat>16</sat></trkpt>
  <trkpt lat="14.52064716" lon="100.92041204"><ele>-12.078</ele><time>2025-01-14T04:10:12.999Z</time><speed>15.569</speed><sat>16</sat></trkpt>
  <trkpt lat="14.52065597" lon="100.92055810"><ele>-12.267</ele><time>2025-01-14T04:10:13.999Z</time><speed>15.738</speed><sat>15</sat></trkpt>
  <trkpt lat="14.52065998" lon="100.92070565"><ele>-11.698</ele><time>2025-01-14T04:10:14.999Z</time><speed>15.654</speed><sat>16</sat></trkpt>
  <trkpt lat="14.52066349" lon="100.92084977"><ele>-11.068</ele><time>2025-01-14T04:10:15.999Z</time><speed>15.622</speed><sat>16</sat></trkpt>
  <trkpt lat="14.52066786" lon="100.92099580"><ele>-10.765</ele><time>2025-01-14T04:10:16.999Z</time><speed>15.791</speed><sat>17</sat></trkpt>
  <trkpt lat="14.52067425" lon="100.92114232"><ele>-10.713</ele><time>2025-01-14T04:10:17.999Z</time><speed>15.877</speed><sat>15</sat></trkpt>
  <trkpt lat="14.52067834" lon="100.92128722"><ele>-10.953</ele><time>2025-01-14T04:10:18.999Z</time><speed>15.565</speed><sat>16</sat></trkpt>
  <trkpt lat="14.52068345" lon="100.92142960"><ele>-10.787</ele><time>2025-01-14T04:10:19.999Z</time><speed>15.443</speed><sat>17</sat></trkpt>
  <trkpt lat="14.52069117" lon="100.92157593"><ele>-10.842</ele><time>2025-01-14T04:10:20.999Z</time><speed>15.213</speed><sat>16</sat></trkpt>
  <trkpt lat="14.52070058" lon="100.92171583"><ele>-10.969</ele><time>2025-01-14T04:10:21.999Z</time><speed>14.827</speed><sat>18</sat></trkpt>
  <trkpt lat="14.52070792" lon="100.92185082"><ele>-11.215</ele><time>2025-01-14T04:10:22.999Z</time><speed>14.776</speed><sat>17</sat></trkpt>
  <trkpt lat="14.52071963" lon="100.92199023"><ele>-11.673</ele><time>2025-01-14T04:10:23.999Z</time><speed>14.832</speed><sat>16</sat></trkpt>
  <trkpt lat="14.52072864" lon="100.92213035"><ele>-11.321</ele><time>2025-01-14T04:10:24.999Z</time><speed>14.631</speed><sat>15</sat></trkpt>
  <trkpt lat="14.52073779" lon="100.92226760"><ele>-11.215</ele><time>2025-01-14T04:10:25.999Z</time><speed>14.525</speed><sat>14</sat></trkpt>
  <trkpt lat="14.52074707" lon="100.92240306"><ele>-10.998</ele><time>2025-01-14T04:10:26.999Z</time><speed>14.269</speed><sat>14</sat></trkpt>
  <trkpt lat="14.52075533" lon="100.92253665"><ele>-11.088</ele><time>2025-01-14T04:10:27.999Z</time><speed>14.377</speed><sat>16</sat></trkpt>
  <trkpt lat="14.52076503" lon="100.92267017"><ele>-11.401</ele><time>2025-01-14T04:10:28.999Z</time><speed>14.202</speed><sat>15</sat></trkpt>
  <trkpt lat="14.52077469" lon="100.92280390"><ele>-11.425</ele><time>2025-01-14T04:10:29.999Z</time><speed>13.988</speed><sat>16</sat></trkpt>
  <trkpt lat="14.52078437" lon="100.92293586"><ele>-11.330</ele><time>2025-01-14T04:10:30.999Z</time><speed>14.091</speed><sat>16</sat></trkpt>
  <trkpt lat="14.52079244" lon="100.92306589"><ele>-11.658</ele><time>2025-01-14T04:10:31.999Z</time><speed>14.184</speed><sat>15</sat></trkpt>
  <trkpt lat="14.52079938" lon="100.92319492"><ele>-11.696</ele><time>2025-01-14T04:10:32.999Z</time><speed>13.983</speed><sat>14</sat></trkpt>
  <trkpt lat="14.52080295" lon="100.92332115"><ele>-11.887</ele><time>2025-01-14T04:10:33.999Z</time><speed>13.913</speed><sat>15</sat></trkpt>
  <trkpt lat="14.52080926" lon="100.92344708"><ele>-12.118</ele><time>2025-01-14T04:10:34.999Z</time><speed>14.034</speed><sat>15</sat></trkpt>
  <trkpt lat="14.52081816" lon="100.92357316"><ele>-12.520</ele><time>2025-01-14T04:10:35.999Z</time><speed>14.160</speed><sat>17</sat></trkpt>
  <trkpt lat="14.52082788" lon="100.92370412"><ele>-12.903</ele><time>2025-01-14T04:10:36.999Z</time><speed>14.325</speed><sat>16</sat></trkpt>
  <trkpt lat="14.52083661" lon="100.92383723"><ele>-12.862</ele><time>2025-01-14T04:10:37.999Z</time><speed>14.543</speed><sat>19</sat></trkpt>
  <trkpt lat="14.52084416" lon="100.92397155"><ele>-12.479</ele><time>2025-01-14T04:10:38.999Z</time><speed>14.788</speed><sat>17</sat></trkpt>
  <trkpt lat="14.52085382" lon="100.92410848"><ele>-11.900</ele><time>2025-01-14T04:10:39.999Z</time><speed>14.953</speed><sat>15</sat></trkpt>
  <trkpt lat="14.52086064" lon="100.92424399"><ele>-12.433</ele><time>2025-01-14T04:10:40.999Z</time><speed>14.808</speed><sat>15</sat></trkpt>
  <trkpt lat="14.52087002" lon="100.92438282"><ele>-12.814</ele><time>2025-01-14T04:10:41.999Z</time><speed>15.032</speed><sat>16</sat></trkpt>
  <trkpt lat="14.52087811" lon="100.92452214"><ele>-12.902</ele><time>2025-01-14T04:10:42.999Z</time><speed>15.186</speed><sat>16</sat></trkpt>
  <trkpt lat="14.52088572" lon="100.92466195"><ele>-13.289</ele><time>2025-01-14T04:10:43.999Z</time><speed>15.250</speed><sat>17</sat></trkpt>
  <trkpt lat="14.52089599" lon="100.92480330"><ele>-13.745</ele><time>2025-01-14T04:10:44.999Z</time><speed>14.851</speed><sat>19</sat></trkpt>
  <trkpt lat="14.52090398" lon="100.92494168"><ele>-13.963</ele><time>2025-01-14T04:10:45.999Z</time><speed>14.768</speed><sat>19</sat></trkpt>
  <trkpt lat="14.52091277" lon="100.92508014"><ele>-13.734</ele><time>2025-01-14T04:10:46.999Z</time><speed>14.871</speed><sat>19</sat></trkpt>
  <trkpt lat="14.52091999" lon="100.92522070"><ele>-13.562</ele><time>2025-01-14T04:10:47.999Z</time><speed>14.978</speed><sat>20</sat></trkpt>
  <trkpt lat="14.52092750" lon="100.92536257"><ele>-13.338</ele><time>2025-01-14T04:10:48.999Z</time><speed>15.094</speed><sat>19</sat></trkpt>
  <trkpt lat="14.52093511" lon="100.92550349"><ele>-13.223</ele><time>2025-01-14T04:10:49.999Z</time><speed>14.933</speed><sat>18</sat></trkpt>
  <trkpt lat="14.52094535" lon="100.92564657"><ele>-13.222</ele><time>2025-01-14T04:10:50.999Z</time><speed>15.139</speed><sat>18</sat></trkpt>
  <trkpt lat="14.52095363" lon="100.92579203"><ele>-12.576</ele><time>2025-01-14T04:10:51.999Z</time><speed>15.309</speed><sat>20</sat></trkpt>
  <trkpt lat="14.52096349" lon="100.92593467"><ele>-11.884</ele><time>2025-01-14T04:10:52.999Z</time><speed>15.291</speed><sat>22</sat></trkpt>
  <trkpt lat="14.52097197" lon="100.92607818"><ele>-11.537</ele><time>2025-01-14T04:10:53.999Z</time><speed>15.342</speed><sat>16</sat></trkpt>
  <trkpt lat="14.52097893" lon="100.92622351"><ele>-11.555</ele><time>2025-01-14T04:10:54.999Z</time><speed>15.545</speed><sat>15</sat></trkpt>
  <trkpt lat="14.52098687" lon="100.92637266"><ele>-11.711</ele><time>2025-01-14T04:10:55.999Z</time><speed>15.862</speed><sat>20</sat></trkpt>
  <trkpt lat="14.52099647" lon="100.92652376"><ele>-11.798</ele><time>2025-01-14T04:10:56.999Z</time><speed>15.783</speed><sat>19</sat></trkpt>
  <trkpt lat="14.52100684" lon="100.92667466"><ele>-12.589</ele><time>2025-01-14T04:10:57.999Z</time><speed>15.999</speed><sat>19</sat></trkpt>
  <trkpt lat="14.52101457" lon="100.92682062"><ele>-12.340</ele><time>2025-01-14T04:10:58.999Z</time><speed>15.886</speed><sat>21</sat></trkpt>
  <trkpt lat="14.52102769" lon="100.92696644"><ele>-12.583</ele><time>2025-01-14T04:10:59.999Z</time><speed>15.812</speed><sat>20</sat></trkpt>
  <trkpt lat="14.52104154" lon="100.92711340"><ele>-12.393</ele><time>2025-01-14T04:11:00.999Z</time><speed>15.728</speed><sat>16</sat></trkpt>
  <trkpt lat="14.52105317" lon="100.92726440"><ele>-12.571</ele><time>2025-01-14T04:11:01.999Z</time><speed>16.059</speed><sat>17</sat></trkpt>
  <trkpt lat="14.52106771" lon="100.92741471"><ele>-12.637</ele><time>2025-01-14T04:11:02.999Z</time><speed>16.377</speed><sat>17</sat></trkpt>
  <trkpt lat="14.52108376" lon="100.92756679"><ele>-12.816</ele><time>2025-01-14T04:11:03.999Z</time><speed>16.245</speed><sat>19</sat></trkpt>
  <trkpt lat="14.52110569" lon="100.92771370"><ele>-12.969</ele><time>2025-01-14T04:11:04.999Z</time><speed>16.433</speed><sat>20</sat></trkpt>
  <trkpt lat="14.52113022" lon="100.92786239"><ele>-13.105</ele><time>2025-01-14T04:11:05.999Z</time><speed>16.743</speed><sat>20</sat></trkpt>
  <trkpt lat="14.52116089" lon="100.92801737"><ele>-12.861</ele><time>2025-01-14T04:11:06.999Z</time><speed>17.146</speed><sat>20</sat></trkpt>
  <trkpt lat="14.52119519" lon="100.92817631"><ele>-12.452</ele><time>2025-01-14T04:11:07.999Z</time><speed>17.452</speed><sat>19</sat></trkpt>
  <trkpt lat="14.52123535" lon="100.92833424"><ele>-12.413</ele><time>2025-01-14T04:11:08.999Z</time><speed>17.762</speed><sat>20</sat></trkpt>
  <trkpt lat="14.52127951" lon="100.92849167"><ele>-11.922</ele><time>2025-01-14T04:11:09.999Z</time><speed>17.791</speed><sat>17</sat></trkpt>
  <trkpt lat="14.52132525" lon="100.92864995"><ele>-11.380</ele><time>2025-01-14T04:11:10.999Z</time><speed>17.996</speed><sat>18</sat></trkpt>
  <trkpt lat="14.52137570" lon="100.92880942"><ele>-10.865</ele><time>2025-01-14T04:11:11.999Z</time><speed>17.876</speed><sat>15</sat></trkpt>
  <trkpt lat="14.52142877" lon="100.92896620"><ele>-10.497</ele><time>2025-01-14T04:11:12.999Z</time><speed>17.769</speed><sat>18</sat></trkpt>
  <trkpt lat="14.52148678" lon="100.92912134"><ele>-10.602</ele><time>2025-01-14T04:11:13.999Z</time><speed>17.726</speed><sat>20</sat></trkpt>
  <trkpt lat="14.52155237" lon="100.92927410"><ele>-11.509</ele><time>2025-01-14T04:11:14.999Z</time><speed>17.840</speed><sat>19</sat></trkpt>
  <trkpt lat="14.52162018" lon="100.92942470"><ele>-12.710</ele><time>2025-01-14T04:11:15.999Z</time><speed>18.126</speed><sat>21</sat></trkpt>
  <trkpt lat="14.52169020" lon="100.92957544"><ele>-12.317</ele><time>2025-01-14T04:11:16.999Z</time><speed>18.276</speed><sat>22</sat></trkpt>
  <trkpt lat="14.52176459" lon="100.92972896"><ele>-11.868</ele><time>2025-01-14T04:11:17.999Z</time><speed>18.290</speed><sat>22</sat></trkpt>
  <trkpt lat="14.52184117" lon="100.92987868"><ele>-12.225</ele><time>2025-01-14T04:11:18.999Z</time><speed>18.154</speed><sat>20</sat></trkpt>
  <trkpt lat="14.52192267" lon="100.93002708"><ele>-12.839</ele><time>2025-01-14T04:11:19.999Z</time><speed>18.046</speed><sat>17</sat></trkpt>
  <trkpt lat="14.52200680" lon="100.93017055"><ele>-12.461</ele><time>2025-01-14T04:11:20.999Z</time><speed>17.730</speed><sat>19</sat></trkpt>
  <trkpt lat="14.52209464" lon="100.93030983"><ele>-12.154</ele><time>2025-01-14T04:11:21.999Z</time><speed>17.808</speed><sat>21</sat></trkpt>
  <trkpt lat="14.52218590" lon="100.93044888"><ele>-11.950</ele><time>2025-01-14T04:11:22.999Z</time><speed>17.551</speed><sat>21</sat></trkpt>
  <trkpt lat="14.52227607" lon="100.93057913"><ele>-12.143</ele><time>2025-01-14T04:11:23.999Z</time><speed>17.560</speed><sat>18</sat></trkpt>
  <trkpt lat="14.52236829" lon="100.93070721"><ele>-12.098</ele><time>2025-01-14T04:11:24.999Z</time><speed>17.312</speed><sat>20</sat></trkpt>
  <trkpt lat="14.52246600" lon="100.93083116"><ele>-12.056</ele><time>2025-01-14T04:11:25.999Z</time><speed>17.334</speed><sat>22</sat></trkpt>
  <trkpt lat="14.52256914" lon="100.93095358"><ele>-11.811</ele><time>2025-01-14T04:11:26.999Z</time><speed>17.142</speed><sat>21</sat></trkpt>
  <trkpt lat="14.52267676" lon="100.93107473"><ele>-11.463</ele><time>2025-01-14T04:11:27.999Z</time><speed>17.065</speed><sat>22</sat></trkpt>
  <trkpt lat="14.52278413" lon="100.93119413"><ele>-11.282</ele><time>2025-01-14T04:11:28.999Z</time><speed>16.877</speed><sat>21</sat></trkpt>
  <trkpt lat="14.52288891" lon="100.93130932"><ele>-11.042</ele><time>2025-01-14T04:11:29.999Z</time><speed>16.327</speed><sat>21</sat></trkpt>
  <trkpt lat="14.52299328" lon="100.93141760"><ele>-10.458</ele><time>2025-01-14T04:11:30.999Z</time><speed>15.855</speed><sat>21</sat></trkpt>
  <trkpt lat="14.52309384" lon="100.93152445"><ele>-9.804</ele><time>2025-01-14T04:11:31.999Z</time><speed>15.492</speed><sat>19</sat></trkpt>
  <trkpt lat="14.52319836" lon="100.93162984"><ele>-9.156</ele><time>2025-01-14T04:11:32.999Z</time><speed>15.086</speed><sat>19</sat></trkpt>
  <trkpt lat="14.52329524" lon="100.93172676"><ele>-8.450</ele><time>2025-01-14T04:11:33.999Z</time><speed>14.877</speed><sat>21</sat></trkpt>
  <trkpt lat="14.52339347" lon="100.93182430"><ele>-7.805</ele><time>2025-01-14T04:11:34.999Z</time><speed>15.178</speed><sat>19</sat></trkpt>
  <trkpt lat="14.52349171" lon="100.93192079"><ele>-7.356</ele><time>2025-01-14T04:11:35.999Z</time><speed>15.063</speed><sat>20</sat></trkpt>
  <trkpt lat="14.52358940" lon="100.93201396"><ele>-6.913</ele><time>2025-01-14T04:11:36.999Z</time><speed>14.577</speed><sat>18</sat></trkpt>
  <trkpt lat="14.52368460" lon="100.93210537"><ele>-6.630</ele><time>2025-01-14T04:11:37.999Z</time><speed>14.004</speed><sat>19</sat></trkpt>
  <trkpt lat="14.52377504" lon="100.93219136"><ele>-7.018</ele><time>2025-01-14T04:11:38.999Z</time><speed>13.423</speed><sat>21</sat></trkpt>
  <trkpt lat="14.52386297" lon="100.93227184"><ele>-7.213</ele><time>2025-01-14T04:11:39.999Z</time><speed>12.798</speed><sat>22</sat></trkpt>
  <trkpt lat="14.52394347" lon="100.93234661"><ele>-7.167</ele><time>2025-01-14T04:11:40.999Z</time><speed>12.075</speed><sat>21</sat></trkpt>
  <trkpt lat="14.52401707" lon="100.93241720"><ele>-6.478</ele><time>2025-01-14T04:11:41.999Z</time><speed>10.917</speed><sat>20</sat></trkpt>
  <trkpt lat="14.52408372" lon="100.93247848"><ele>-6.001</ele><time>2025-01-14T04:11:42.999Z</time><speed>9.437</speed><sat>19</sat></trkpt>
  <trkpt lat="14.52414000" lon="100.93252805"><ele>-6.538</ele><time>2025-01-14T04:11:43.999Z</time><speed>7.868</speed><sat>21</sat></trkpt>
  <trkpt lat="14.52418620" lon="100.93256755"><ele>-6.123</ele><time>2025-01-14T04:11:44.999Z</time><speed>6.564</speed><sat>20</sat></trkpt>
  <trkpt lat="14.52422815" lon="100.93258911"><ele>-6.817</ele><time>2025-01-14T04:11:45.999Z</time><speed>5.479</speed><sat>20</sat></trkpt>
  <trkpt lat="14.52426554" lon="100.93259648"><ele>-6.850</ele><time>2025-01-14T04:11:46.999Z</time><speed>4.652</speed><sat>22</sat></trkpt>
  <trkpt lat="14.52429979" lon="100.93258669"><ele>-7.406</ele><time>2025-01-14T04:11:47.999Z</time><speed>3.855</speed><sat>22</sat></trkpt>
  <trkpt lat="14.52434949" lon="100.93255157"><ele>-6.521</ele><time>2025-01-14T04:11:49.999Z</time><speed>2.956</speed><sat>21</sat></trkpt>
  <trkpt lat="14.52435757" lon="100.93252623"><ele>-5.990</ele><time>2025-01-14T04:11:50.999Z</time><speed>3.025</speed><sat>19</sat></trkpt>
  <trkpt lat="14.52436211" lon="100.93249355"><ele>-5.911</ele><time>2025-01-14T04:11:51.999Z</time><speed>3.595</speed><sat>18</sat></trkpt>
  <trkpt lat="14.52435345" lon="100.93244370"><ele>-4.598</ele><time>2025-01-14T04:11:52.999Z</time><speed>4.654</speed><sat>20</sat></trkpt>
  <trkpt lat="14.52434381" lon="100.93238892"><ele>-4.532</ele><time>2025-01-14T04:11:53.999Z</time><speed>5.631</speed><sat>22</sat></trkpt>
  <trkpt lat="14.52433310" lon="100.93232873"><ele>-4.477</ele><time>2025-01-14T04:11:54.999Z</time><speed>6.578</speed><sat>20</sat></trkpt>
  <trkpt lat="14.52432303" lon="100.93226211"><ele>-4.712</ele><time>2025-01-14T04:11:55.999Z</time><speed>7.563</speed><sat>18</sat></trkpt>
  <trkpt lat="14.52431686" lon="100.93218611"><ele>-4.478</ele><time>2025-01-14T04:11:56.999Z</time><speed>8.191</speed><sat>23</sat></trkpt>
  <trkpt lat="14.52430914" lon="100.93210756"><ele>-4.238</ele><time>2025-01-14T04:11:57.999Z</time><speed>8.157</speed><sat>21</sat></trkpt>
  <trkpt lat="14.52430279" lon="100.93202862"><ele>-4.493</ele><time>2025-01-14T04:11:58.999Z</time><speed>8.143</speed><sat>21</sat></trkpt>
  <trkpt lat="14.52429144" lon="100.93194245"><ele>-5.887</ele><time>2025-01-14T04:11:59.999Z</time><speed>8.744</speed><sat>23</sat></trkpt>
  <trkpt lat="14.52427967" lon="100.93185710"><ele>-6.073</ele><time>2025-01-14T04:12:00.999Z</time><speed>9.394</speed><sat>23</sat></trkpt>
  <trkpt lat="14.52427088" lon="100.93176667"><ele>-6.047</ele><time>2025-01-14T04:12:01.999Z</time><speed>10.060</speed><sat>22</sat></trkpt>
  <trkpt lat="14.52426151" lon="100.93167014"><ele>-5.883</ele><time>2025-01-14T04:12:02.999Z</time><speed>10.228</speed><sat>21</sat></trkpt>
  <trkpt lat="14.52425212" lon="100.93157327"><ele>-5.909</ele><time>2025-01-14T04:12:03.999Z</time><speed>10.336</speed><sat>18</sat></trkpt>
  <trkpt lat="14.52424380" lon="100.93147558"><ele>-6.181</ele><time>2025-01-14T04:12:04.999Z</time><speed>10.940</speed><sat>21</sat></trkpt>
  <trkpt lat="14.52423426" lon="100.93137161"><ele>-6.253</ele><time>2025-01-14T04:12:05.999Z</time><speed>11.466</speed><sat>19</sat></trkpt>
  <trkpt lat="14.52422530" lon="100.93126628"><ele>-6.171</ele><time>2025-01-14T04:12:06.999Z</time><speed>11.368</speed><sat>16</sat></trkpt>
  <trkpt lat="14.52421089" lon="100.93105095"><ele>-6.171</ele><time>2025-01-14T04:12:08.999Z</time><speed>11.456</speed><sat>19</sat></trkpt>
  <trkpt lat="14.52420449" lon="100.93093755"><ele>-6.629</ele><time>2025-01-14T04:12:09.999Z</time><speed>11.557</speed><sat>18</sat></trkpt>
  <trkpt lat="14.52419625" lon="100.93082800"><ele>-6.819</ele><time>2025-01-14T04:12:10.999Z</time><speed>11.620</speed><sat>15</sat></trkpt>
  <trkpt lat="14.52418590" lon="100.93071944"><ele>-6.815</ele><time>2025-01-14T04:12:11.999Z</time><speed>11.771</speed><sat>18</sat></trkpt>
  <trkpt lat="14.52417376" lon="100.93060722"><ele>-6.994</ele><time>2025-01-14T04:12:12.999Z</time><speed>11.526</speed><sat>20</sat></trkpt>
  <trkpt lat="14.52416360" lon="100.93049718"><ele>-6.825</ele><time>2025-01-14T04:12:13.999Z</time><speed>11.749</speed><sat>22</sat></trkpt>
  <trkpt lat="14.52415329" lon="100.93038475"><ele>-6.811</ele><time>2025-01-14T04:12:14.999Z</time><speed>11.832</speed><sat>20</sat></trkpt>
  <trkpt lat="14.52414503" lon="100.93027179"><ele>-6.576</ele><time>2025-01-14T04:12:15.999Z</time><speed>12.274</speed><sat>20</sat></trkpt>
  <trkpt lat="14.52413910" lon="100.93015491"><ele>-6.142</ele><time>2025-01-14T04:12:16.999Z</time><speed>12.579</speed><sat>18</sat></trkpt>
  <trkpt lat="14.52412995" lon="100.93003976"><ele>-5.586</ele><time>2025-01-14T04:12:17.999Z</time><speed>12.228</speed><sat>17</sat></trkpt>
  <trkpt lat="14.52412289" lon="100.92992199"><ele>-5.297</ele><time>2025-01-14T04:12:18.999Z</time><speed>12.462</speed><sat>20</sat></trkpt>
  <trkpt lat="14.52411741" lon="100.92980295"><ele>-4.898</ele><time>2025-01-14T04:12:19.999Z</time><speed>12.472</speed><sat>22</sat></trkpt>
  <trkpt lat="14.52410983" lon="100.92968613"><ele>-4.398</ele><time>2025-01-14T04:12:20.999Z</time><speed>12.262</speed><sat>22</sat></trkpt>
  <trkpt lat="14.52410097" lon="100.92957245"><ele>-4.228</ele><time>2025-01-14T04:12:21.999Z</time><speed>12.273</speed><sat>20</sat></trkpt>
  <trkpt lat="14.52408764" lon="100.92945817"><ele>-3.757</ele><time>2025-01-14T04:12:22.999Z</time><speed>12.044</speed><sat>20</sat></trkpt>
  <trkpt lat="14.52407296" lon="100.92934918"><ele>-3.795</ele><time>2025-01-14T04:12:23.999Z</time><speed>11.939</speed><sat>22</sat></trkpt>
  <trkpt lat="14.52406242" lon="100.92923949"><ele>-3.720</ele><time>2025-01-14T04:12:24.999Z</time><speed>12.054</speed><sat>22</sat></trkpt>
  <trkpt lat="14.52405335" lon="100.92912647"><ele>-3.474</ele><time>2025-01-14T04:12:25.999Z</time><speed>12.283</speed><sat>18</sat></trkpt>
  <trkpt lat="14.52404594" lon="100.92901171"><ele>-3.308</ele><time>2025-01-14T04:12:26.999Z</time><speed>12.676</speed><sat>18</sat></trkpt>
  <trkpt lat="14.52403642" lon="100.92889468"><ele>-2.823</ele><time>2025-01-14T04:12:27.999Z</time><speed>12.930</speed><sat>19</sat></trkpt>
  <trkpt lat="14.52402709" lon="100.92877952"><ele>-2.405</ele><time>2025-01-14T04:12:28.999Z</time><speed>12.416</speed><sat>18</sat></trkpt>
  <trkpt lat="14.52401453" lon="100.92866743"><ele>-1.784</ele><time>2025-01-14T04:12:29.999Z</time><speed>11.975</speed><sat>20</sat></trkpt>
  <trkpt lat="14.52400523" lon="100.92855563"><ele>-1.311</ele><time>2025-01-14T04:12:30.999Z</time><speed>11.996</speed><sat>19</sat></trkpt>
  <trkpt lat="14.52399366" lon="100.92844539"><ele>-1.018</ele><time>2025-01-14T04:12:31.999Z</time><speed>11.974</speed><sat>16</sat></trkpt>
  <trkpt lat="14.52398174" lon="100.92833735"><ele>-0.423</ele><time>2025-01-14T04:12:32.999Z</time><speed>11.476</speed><sat>20</sat></trkpt>
  <trkpt lat="14.52397281" lon="100.92823332"><ele>0.184</ele><time>2025-01-14T04:12:33.999Z</time><speed>11.297</speed><sat>17</sat></trkpt>
  <trkpt lat="14.52396724" lon="100.92812607"><ele>0.845</ele><time>2025-01-14T04:12:34.999Z</time><speed>11.423</speed><sat>18</sat></trkpt>
  <trkpt lat="14.52395603" lon="100.92802079"><ele>1.259</ele><time>2025-01-14T04:12:35.999Z</time><speed>11.575</speed><sat>16</sat></trkpt>
  <trkpt lat="14.52394542" lon="100.92791616"><ele>1.946</ele><time>2025-01-14T04:12:36.999Z</time><speed>11.420</speed><sat>18</sat></trkpt>
  <trkpt lat="14.52393828" lon="100.92781280"><ele>2.241</ele><time>2025-01-14T04:12:37.999Z</time><speed>11.046</speed><sat>17</sat></trkpt>
  <trkpt lat="14.52393156" lon="100.92771419"><ele>2.604</ele><time>2025-01-14T04:12:38.999Z</time><speed>11.049</speed><sat>17</sat></trkpt>
  <trkpt lat="14.52392240" lon="100.92761326"><ele>2.958</ele><time>2025-01-14T04:12:39.999Z</time><speed>11.129</speed><sat>17</sat></trkpt>
  <trkpt lat="14.52391420" lon="100.92751040"><ele>3.576</ele><time>2025-01-14T04:12:40.999Z</time><speed>11.172</speed><sat>15</sat></trkpt>
  <trkpt lat="14.52390712" lon="100.92741009"><ele>3.739</ele><time>2025-01-14T04:12:41.999Z</time><speed>10.855</speed><sat>19</sat></trkpt>
  <trkpt lat="14.52389676" lon="100.92731155"><ele>4.378</ele><time>2025-01-14T04:12:42.999Z</time><speed>10.887</speed><sat>16</sat></trkpt>
  <trkpt lat="14.52388915" lon="100.92720997"><ele>4.754</ele><time>2025-01-14T04:12:43.999Z</time><speed>11.016</speed><sat>19</sat></trkpt>
  <trkpt lat="14.52388143" lon="100.92710675"><ele>4.835</ele><time>2025-01-14T04:12:44.999Z</time><speed>11.154</speed><sat>18</sat></trkpt>
  <trkpt lat="14.52387201" lon="100.92700285"><ele>4.676</ele><time>2025-01-14T04:12:45.999Z</time><speed>11.478</speed><sat>17</sat></trkpt>
  <trkpt lat="14.52385903" lon="100.92689705"><ele>4.455</ele><time>2025-01-14T04:12:46.999Z</time><speed>11.569</speed><sat>19</sat></trkpt>
  <trkpt lat="14.52384560" lon="100.92678924"><ele>3.730</ele><time>2025-01-14T04:12:47.999Z</time><speed>11.174</speed><sat>19</sat></trkpt>
  <trkpt lat="14.52383286" lon="100.92668125"><ele>4.165</ele><time>2025-01-14T04:12:48.999Z</time><speed>11.311</speed><sat>18</sat></trkpt>
  <trkpt lat="14.52382064" lon="100.92657617"><ele>3.959</ele><time>2025-01-14T04:12:49.999Z</time><speed>11.265</speed><sat>18</sat></trkpt>
  <trkpt lat="14.52381084" lon="100.92647164"><ele>4.159</ele><time>2025-01-14T04:12:50.999Z</time><speed>10.939</speed><sat>20</sat></trkpt>
  <trkpt lat="14.52380381" lon="100.92636961"><ele>4.379</ele><time>2025-01-14T04:12:51.999Z</time><speed>10.676</speed><sat>19</sat></trkpt>
  <trkpt lat="14.52379659" lon="100.92626724"><ele>4.338</ele><time>2025-01-14T04:12:52.999Z</time><speed>10.417</speed><sat>17</sat></trkpt>
  <trkpt lat="14.52379131" lon="100.92617123"><ele>4.031</ele><time>2025-01-14T04:12:53.999Z</time><speed>9.928</speed><sat>21</sat></trkpt>
  <trkpt lat="14.52378576" lon="100.92607992"><ele>3.287</ele><time>2025-01-14T04:12:54.999Z</time><speed>9.251</speed><sat>21</sat></trkpt>
  <trkpt lat="14.52377991" lon="100.92599624"><ele>2.537</ele><time>2025-01-14T04:12:55.999Z</time><speed>8.536</speed><sat>19</sat></trkpt>
  <trkpt lat="14.52377429" lon="100.92592349"><ele>2.429</ele><time>2025-01-14T04:12:56.999Z</time><speed>7.754</speed><sat>18</sat></trkpt>
  <trkpt lat="14.52376743" lon="100.92585464"><ele>2.482</ele><time>2025-01-14T04:12:57.999Z</time><speed>7.513</speed><sat>19</sat></trkpt>
  <trkpt lat="14.52375812" lon="100.92578799"><ele>2.651</ele><time>2025-01-14T04:12:58.999Z</time><speed>7.392</speed><sat>16</sat></trkpt>
  <trkpt lat="14.52375149" lon="100.92571917"><ele>2.310</ele><time>2025-01-14T04:12:59.999Z</time><speed>7.752</speed><sat>16</sat></trkpt>
  <trkpt lat="14.52374634" lon="100.92564665"><ele>2.049</ele><time>2025-01-14T04:13:00.999Z</time><speed>7.770</speed><sat>18</sat></trkpt>
  <trkpt lat="14.52373489" lon="100.92548962"><ele>2.601</ele><time>2025-01-14T04:13:02.999Z</time><speed>9.004</speed><sat>16</sat></trkpt>
  <trkpt lat="14.52372905" lon="100.92540713"><ele>2.850</ele><time>2025-01-14T04:13:03.999Z</time><speed>9.486</speed><sat>16</sat></trkpt>
  <trkpt lat="14.52371929" lon="100.92531989"><ele>3.095</ele><time>2025-01-14T04:13:04.999Z</time><speed>9.394</speed><sat>17</sat></trkpt>
  <trkpt lat="14.52371686" lon="100.92523164"><ele>3.258</ele><time>2025-01-14T04:13:05.999Z</time><speed>9.383</speed><sat>15</sat></trkpt>
  <trkpt lat="14.52371195" lon="100.92514244"><ele>3.687</ele><time>2025-01-14T04:13:06.999Z</time><speed>9.735</speed><sat>14</sat></trkpt>
  <trkpt lat="14.52370674" lon="100.92504801"><ele>3.893</ele><time>2025-01-14T04:13:07.999Z</time><speed>9.910</speed><sat>15</sat></trkpt>
  <trkpt lat="14.52369960" lon="100.92495662"><ele>3.949</ele><time>2025-01-14T04:13:08.999Z</time><speed>9.638</speed><sat>17</sat></trkpt>
  <trkpt lat="14.52369278" lon="100.92486663"><ele>3.557</ele><time>2025-01-14T04:13:09.999Z</time><speed>9.422</speed><sat>17</sat></trkpt>
  <trkpt lat="14.52368683" lon="100.92478067"><ele>3.597</ele><time>2025-01-14T04:13:10.999Z</time><speed>9.151</speed><sat>13</sat></trkpt>
  <trkpt lat="14.52367981" lon="100.92469718"><ele>3.545</ele><time>2025-01-14T04:13:11.999Z</time><speed>8.813</speed><sat>14</sat></trkpt>
  <trkpt lat="14.52367339" lon="100.92461911"><ele>3.100</ele><time>2025-01-14T04:13:12.999Z</time><speed>8.261</speed><sat>16</sat></trkpt>
  <trkpt lat="14.52366611" lon="100.92453903"><ele>2.399</ele><time>2025-01-14T04:13:13.999Z</time><speed>8.005</speed><sat>16</sat></trkpt>
  <trkpt lat="14.52365921" lon="100.92446460"><ele>2.457</ele><time>2025-01-14T04:13:14.999Z</time><speed>8.076</speed><sat>19</sat></trkpt>
  <trkpt lat="14.52365111" lon="100.92438513"><ele>2.495</ele><time>2025-01-14T04:13:15.999Z</time><speed>8.708</speed><sat>18</sat></trkpt>
  <trkpt lat="14.52364606" lon="100.92430169"><ele>2.601</ele><time>2025-01-14T04:13:16.999Z</time><speed>9.291</speed><sat>18</sat></trkpt>
  <trkpt lat="14.52363736" lon="100.92421156"><ele>2.785</ele><time>2025-01-14T04:13:17.999Z</time><speed>9.579</speed><sat>18</sat></trkpt>
  <trkpt lat="14.52363193" lon="100.92412546"><ele>2.748</ele><time>2025-01-14T04:13:18.999Z</time><speed>9.356</speed><sat>17</sat></trkpt>
  <trkpt lat="14.52362321" lon="100.92403855"><ele>2.667</ele><time>2025-01-14T04:13:19.999Z</time><speed>9.155</speed><sat>16</sat></trkpt>
  <trkpt lat="14.52361556" lon="100.92395381"><ele>2.379</ele><time>2025-01-14T04:13:20.999Z</time><speed>9.017</speed><sat>17</sat></trkpt>
  <trkpt lat="14.52361024" lon="100.92387185"><ele>2.512</ele><time>2025-01-14T04:13:21.999Z</time><speed>9.403</speed><sat>17</sat></trkpt>
  <trkpt lat="14.52360341" lon="100.92378579"><ele>2.346</ele><time>2025-01-14T04:13:22.999Z</time><speed>9.818</speed><sat>16</sat></trkpt>
  <trkpt lat="14.52359472" lon="100.92369627"><ele>2.218</ele><time>2025-01-14T04:13:23.999Z</time><speed>9.797</speed><sat>13</sat></trkpt>
  <trkpt lat="14.52358627" lon="100.92360745"><ele>1.539</ele><time>2025-01-14T04:13:24.999Z</time><speed>9.706</speed><sat>16</sat></trkpt>
  <trkpt lat="14.52357637" lon="100.92351630"><ele>0.601</ele><time>2025-01-14T04:13:25.999Z</time><speed>9.710</speed><sat>17</sat></trkpt>
  <trkpt lat="14.52356759" lon="100.92342539"><ele>0.626</ele><time>2025-01-14T04:13:26.999Z</time><speed>9.544</speed><sat>17</sat></trkpt>
  <trkpt lat="14.52355822" lon="100.92333584"><ele>0.584</ele><time>2025-01-14T04:13:27.999Z</time><speed>9.595</speed><sat>18</sat></trkpt>
  <trkpt lat="14.52353885" lon="100.92315933"><ele>0.794</ele><time>2025-01-14T04:13:29.999Z</time><speed>9.506</speed><sat>16</sat></trkpt>
  <trkpt lat="14.52352913" lon="100.92307485"><ele>0.810</ele><time>2025-01-14T04:13:30.999Z</time><speed>8.962</speed><sat>14</sat></trkpt>
  <trkpt lat="14.52352097" lon="100.92299666"><ele>0.730</ele><time>2025-01-14T04:13:31.999Z</time><speed>8.306</speed><sat>14</sat></trkpt>
  <trkpt lat="14.52351406" lon="100.92292343"><ele>1.297</ele><time>2025-01-14T04:13:32.999Z</time><speed>7.586</speed><sat>13</sat></trkpt>
  <trkpt lat="14.52350454" lon="100.92285678"><ele>1.493</ele><time>2025-01-14T04:13:33.999Z</time><speed>6.863</speed><sat>15</sat></trkpt>
  <trkpt lat="14.52349681" lon="100.92279667"><ele>1.437</ele><time>2025-01-14T04:13:34.999Z</time><speed>6.520</speed><sat>12</sat></trkpt>
  <trkpt lat="14.52349019" lon="100.92274127"><ele>1.111</ele><time>2025-01-14T04:13:35.999Z</time><speed>6.214</speed><sat>17</sat></trkpt>
  <trkpt lat="14.52348970" lon="100.92268513"><ele>0.228</ele><time>2025-01-14T04:13:36.999Z</time><speed>6.750</speed><sat>16</sat></trkpt>
  <trkpt lat="14.52348589" lon="100.92261889"><ele>-0.182</ele><time>2025-01-14T04:13:37.999Z</time><speed>7.506</speed><sat>16</sat></trkpt>
  <trkpt lat="14.52347965" lon="100.92254315"><ele>-0.168</ele><time>2025-01-14T04:13:38.999Z</time><speed>8.129</speed><sat>17</sat></trkpt>
  <trkpt lat="14.52347185" lon="100.92246603"><ele>-0.488</ele><time>2025-01-14T04:13:39.999Z</time><speed>7.964</speed><sat>19</sat></trkpt>
  <trkpt lat="14.52345935" lon="100.92231796"><ele>-1.825</ele><time>2025-01-14T04:13:41.999Z</time><speed>8.172</speed><sat>16</sat></trkpt>
  <trkpt lat="14.52345384" lon="100.92223798"><ele>-2.121</ele><time>2025-01-14T04:13:42.999Z</time><speed>8.484</speed><sat>17</sat></trkpt>
  <trkpt lat="14.52344538" lon="100.92216021"><ele>-2.823</ele><time>2025-01-14T04:13:43.999Z</time><speed>8.187</speed><sat>18</sat></trkpt>
  <trkpt lat="14.52343654" lon="100.92208106"><ele>-3.029</ele><time>2025-01-14T04:13:44.999Z</time><speed>8.420</speed><sat>18</sat></trkpt>
  <trkpt lat="14.52343000" lon="100.92199970"><ele>-2.978</ele><time>2025-01-14T04:13:45.999Z</time><speed>8.801</speed><sat>20</sat></trkpt>
  <trkpt lat="14.52342314" lon="100.92191579"><ele>-3.272</ele><time>2025-01-14T04:13:46.999Z</time><speed>9.073</speed><sat>20</sat></trkpt>
  <trkpt lat="14.52341828" lon="100.92183393"><ele>-3.694</ele><time>2025-01-14T04:13:47.999Z</time><speed>8.791</speed><sat>18</sat></trkpt>
  <trkpt lat="14.52341279" lon="100.92175555"><ele>-3.526</ele><time>2025-01-14T04:13:48.999Z</time><speed>8.691</speed><sat>18</sat></trkpt>
  <trkpt lat="14.52340772" lon="100.92167864"><ele>-3.311</ele><time>2025-01-14T04:13:49.999Z</time><speed>8.289</speed><sat>16</sat></trkpt>
  <trkpt lat="14.52340128" lon="100.92160489"><ele>-3.258</ele><time>2025-01-14T04:13:50.999Z</time><speed>7.960</speed><sat>20</sat></trkpt>
  <trkpt lat="14.52339441" lon="100.92153154"><ele>-3.272</ele><time>2025-01-14T04:13:51.999Z</time><speed>7.933</speed><sat>14</sat></trkpt>
  <trkpt lat="14.52338943" lon="100.92145728"><ele>-2.932</ele><time>2025-01-14T04:13:52.999Z</time><speed>8.446</speed><sat>19</sat></trkpt>
  <trkpt lat="14.52338274" lon="100.92137767"><ele>-2.765</ele><time>2025-01-14T04:13:53.999Z</time><speed>8.600</speed><sat>17</sat></trkpt>
  <trkpt lat="14.52337546" lon="100.92129599"><ele>-2.766</ele><time>2025-01-14T04:13:54.999Z</time><speed>8.431</speed><sat>19</sat></trkpt>
  <trkpt lat="14.52336744" lon="100.92121755"><ele>-2.789</ele><time>2025-01-14T04:13:55.999Z</time><speed>8.119</speed><sat>19</sat></trkpt>
  <trkpt lat="14.52335725" lon="100.92114585"><ele>-2.944</ele><time>2025-01-14T04:13:56.999Z</time><speed>7.948</speed><sat>21</sat></trkpt>
  <trkpt lat="14.52333364" lon="100.92099175"><ele>-3.157</ele><time>2025-01-14T04:13:58.999Z</time><speed>8.805</speed><sat>18</sat></trkpt>
  <trkpt lat="14.52332540" lon="100.92090919"><ele>-2.966</ele><time>2025-01-14T04:13:59.999Z</time><speed>8.594</speed><sat>18</sat></trkpt>
  <trkpt lat="14.52331855" lon="100.92083053"><ele>-2.751</ele><time>2025-01-14T04:14:00.999Z</time><speed>8.677</speed><sat>17</sat></trkpt>
  <trkpt lat="14.52331269" lon="100.92074598"><ele>-2.349</ele><time>2025-01-14T04:14:01.999Z</time><speed>8.384</speed><sat>17</sat></trkpt>
  <trkpt lat="14.52330893" lon="100.92067011"><ele>-1.855</ele><time>2025-01-14T04:14:02.999Z</time><speed>7.477</speed><sat>17</sat></trkpt>
  <trkpt lat="14.52330709" lon="100.92060448"><ele>-1.904</ele><time>2025-01-14T04:14:03.999Z</time><speed>6.756</speed><sat>18</sat></trkpt>
  <trkpt lat="14.52330504" lon="100.92053942"><ele>-1.884</ele><time>2025-01-14T04:14:04.999Z</time><speed>6.547</speed><sat>16</sat></trkpt>
  <trkpt lat="14.52330273" lon="100.92047691"><ele>-1.785</ele><time>2025-01-14T04:14:05.999Z</time><speed>6.762</speed><sat>16</sat></trkpt>
  <trkpt lat="14.52330110" lon="100.92041262"><ele>-1.902</ele><time>2025-01-14T04:14:06.999Z</time><speed>7.393</speed><sat>14</sat></trkpt>
  <trkpt lat="14.52329692" lon="100.92033759"><ele>-1.888</ele><time>2025-01-14T04:14:07.999Z</time><speed>7.676</speed><sat>16</sat></trkpt>
  <trkpt lat="14.52329152" lon="100.92026589"><ele>-1.644</ele><time>2025-01-14T04:14:08.999Z</time><speed>7.397</speed><sat>13</sat></trkpt>
  <trkpt lat="14.52328707" lon="100.92019678"><ele>-1.621</ele><time>2025-01-14T04:14:09.999Z</time><speed>7.363</speed><sat>16</sat></trkpt>
  <trkpt lat="14.52328267" lon="100.92012953"><ele>-1.537</ele><time>2025-01-14T04:14:10.999Z</time><speed>7.659</speed><sat>16</sat></trkpt>
  <trkpt lat="14.52327478" lon="100.92006612"><ele>-1.976</ele><time>2025-01-14T04:14:11.999Z</time><speed>7.955</speed><sat>16</sat></trkpt>
  <trkpt lat="14.52326743" lon="100.91999126"><ele>-1.527</ele><time>2025-01-14T04:14:12.999Z</time><speed>7.935</speed><sat>16</sat></trkpt>
  <trkpt lat="14.52326021" lon="100.91991612"><ele>-1.413</ele><time>2025-01-14T04:14:13.999Z</time><speed>8.063</speed><sat>16</sat></trkpt>
  <trkpt lat="14.52325114" lon="100.91984085"><ele>-1.660</ele><time>2025-01-14T04:14:14.999Z</time><speed>8.263</speed><sat>18</sat></trkpt>
  <trkpt lat="14.52324447" lon="100.91976431"><ele>-1.425</ele><time>2025-01-14T04:14:15.999Z</time><speed>7.780</speed><sat>16</sat></trkpt>
  <trkpt lat="14.52323981" lon="100.91969206"><ele>-1.367</ele><time>2025-01-14T04:14:16.999Z</time><speed>6.794</speed><sat>19</sat></trkpt>
  <trkpt lat="14.52323579" lon="100.91962582"><ele>-1.278</ele><time>2025-01-14T04:14:17.999Z</time><speed>6.210</speed><sat>18</sat></trkpt>
  <trkpt lat="14.52323103" lon="100.91956534"><ele>-1.193</ele><time>2025-01-14T04:14:18.999Z</time><speed>5.840</speed><sat>15</sat></trkpt>
  <trkpt lat="14.52322425" lon="100.91951162"><ele>-1.314</ele><time>2025-01-14T04:14:19.999Z</time><speed>5.430</speed><sat>17</sat></trkpt>
  <trkpt lat="14.52321758" lon="100.91946339"><ele>-1.319</ele><time>2025-01-14T04:14:20.999Z</time><speed>4.973</speed><sat>17</sat></trkpt>
  <trkpt lat="14.52321190" lon="100.91941981"><ele>-1.500</ele><time>2025-01-14T04:14:21.999Z</time><speed>5.111</speed><sat>15</sat></trkpt>
  <trkpt lat="14.52320716" lon="100.91937422"><ele>-1.915</ele><time>2025-01-14T04:14:22.999Z</time><speed>4.996</speed><sat>16</sat></trkpt>
  <trkpt lat="14.52320505" lon="100.91934276"><ele>-2.461</ele><time>2025-01-14T04:14:23.999Z</time><speed>4.059</speed><sat>18</sat></trkpt>
  <trkpt lat="14.52320353" lon="100.91931350"><ele>-2.520</ele><time>2025-01-14T04:14:24.999Z</time><speed>3.324</speed><sat>18</sat></trkpt>
  <trkpt lat="14.52320486" lon="100.91928599"><ele>-3.006</ele><time>2025-01-14T04:14:25.999Z</time><speed>3.075</speed><sat>17</sat></trkpt>
  <trkpt lat="14.52320610" lon="100.91926126"><ele>-3.408</ele><time>2025-01-14T04:14:26.999Z</time><speed>2.154</speed><sat>18</sat></trkpt>
  <trkpt lat="14.52320390" lon="100.91924657"><ele>-3.811</ele><time>2025-01-14T04:14:27.999Z</time><speed>0.889</speed><sat>17</sat></trkpt>
  <trkpt lat="14.52320263" lon="100.91923808"><ele>-3.662</ele><time>2025-01-14T04:14:28.999Z</time><speed>0.704</speed><sat>15</sat></trkpt>
  <trkpt lat="14.52320494" lon="100.91922991"><ele>-3.644</ele><time>2025-01-14T04:14:29.999Z</time><speed>0.918</speed><sat>18</sat></trkpt>
  <trkpt lat="14.52320943" lon="100.91921681"><ele>-4.243</ele><time>2025-01-14T04:14:30.999Z</time><speed>1.976</speed><sat>19</sat></trkpt>
  <trkpt lat="14.52321300" lon="100.91919306"><ele>-4.466</ele><time>2025-01-14T04:14:31.999Z</time><speed>2.049</speed><sat>18</sat></trkpt>
  <trkpt lat="14.52321761" lon="100.91917353"><ele>-4.488</ele><time>2025-01-14T04:14:32.999Z</time><speed>1.115</speed><sat>17</sat></trkpt>
  <trkpt lat="14.52322186" lon="100.91916837"><ele>-4.689</ele><time>2025-01-14T04:14:33.999Z</time><speed>0.074</speed><sat>15</sat></trkpt>
  <trkpt lat="14.52322338" lon="100.91917426"><ele>-4.247</ele><time>2025-01-14T04:14:34.999Z</time><speed>0.101</speed><sat>18</sat></trkpt>
  <trkpt lat="14.52322368" lon="100.91917510"><ele>-3.995</ele><time>2025-01-14T04:14:35.999Z</time><speed>0.754</speed><sat>17</sat></trkpt>
  <trkpt lat="14.52322839" lon="100.91916775"><ele>-3.740</ele><time>2025-01-14T04:14:36.999Z</time><speed>1.874</speed><sat>17</sat></trkpt>
  <trkpt lat="14.52323439" lon="100.91915100"><ele>-4.454</ele><time>2025-01-14T04:14:37.999Z</time><speed>2.770</speed><sat>18</sat></trkpt>
  <trkpt lat="14.52324555" lon="100.91912750"><ele>-5.339</ele><time>2025-01-14T04:14:38.999Z</time><speed>2.884</speed><sat>18</sat></trkpt>
  <trkpt lat="14.52326848" lon="100.91911068"><ele>-5.576</ele><time>2025-01-14T04:14:39.999Z</time><speed>2.923</speed><sat>15</sat></trkpt>
  <trkpt lat="14.52329934" lon="100.91909539"><ele>-5.951</ele><time>2025-01-14T04:14:40.999Z</time><speed>3.118</speed><sat>16</sat></trkpt>
  <trkpt lat="14.52333424" lon="100.91908629"><ele>-6.153</ele><time>2025-01-14T04:14:41.999Z</time><speed>3.179</speed><sat>18</sat></trkpt>
  <trkpt lat="14.52336798" lon="100.91908034"><ele>-6.116</ele><time>2025-01-14T04:14:42.999Z</time><speed>3.209</speed><sat>19</sat></trkpt>
  <trkpt lat="14.52339755" lon="100.91907352"><ele>-5.890</ele><time>2025-01-14T04:14:43.999Z</time><speed>3.248</speed><sat>16</sat></trkpt>
  <trkpt lat="14.52342701" lon="100.91906712"><ele>-5.302</ele><time>2025-01-14T04:14:44.999Z</time><speed>3.035</speed><sat>17</sat></trkpt>
  <trkpt lat="14.52345163" lon="100.91906023"><ele>-5.167</ele><time>2025-01-14T04:14:45.999Z</time><speed>2.868</speed><sat>16</sat></trkpt>
  <trkpt lat="14.52347660" lon="100.91905572"><ele>-5.279</ele><time>2025-01-14T04:14:46.999Z</time><speed>3.061</speed><sat>15</sat></trkpt>
  <trkpt lat="14.52350800" lon="100.91904840"><ele>-5.599</ele><time>2025-01-14T04:14:47.999Z</time><speed>3.059</speed><sat>17</sat></trkpt>
  <trkpt lat="14.52353811" lon="100.91904073"><ele>-5.933</ele><time>2025-01-14T04:14:48.999Z</time><speed>2.722</speed><sat>15</sat></trkpt>
  <trkpt lat="14.52356416" lon="100.91902971"><ele>-6.114</ele><time>2025-01-14T04:14:49.999Z</time><speed>2.366</speed><sat>11</sat></trkpt>
  <trkpt lat="14.52359004" lon="100.91901811"><ele>-6.303</ele><time>2025-01-14T04:14:50.999Z</time><speed>2.400</speed><sat>12</sat></trkpt>
  <trkpt lat="14.52361750" lon="100.91901040"><ele>-6.490</ele><time>2025-01-14T04:14:51.999Z</time><speed>2.230</speed><sat>15</sat></trkpt>
  <trkpt lat="14.52364526" lon="100.91899529"><ele>-6.431</ele><time>2025-01-14T04:14:52.999Z</time><speed>2.020</speed><sat>17</sat></trkpt>
  <trkpt lat="14.52366832" lon="100.91898202"><ele>-6.837</ele><time>2025-01-14T04:14:53.999Z</time><speed>2.186</speed><sat>15</sat></trkpt>
  <trkpt lat="14.52368708" lon="100.91896247"><ele>-7.223</ele><time>2025-01-14T04:14:54.999Z</time><speed>2.218</speed><sat>16</sat></trkpt>
  <trkpt lat="14.52370561" lon="100.91894057"><ele>-7.523</ele><time>2025-01-14T04:14:55.999Z</time><speed>2.128</speed><sat>15</sat></trkpt>
  <trkpt lat="14.52372648" lon="100.91891798"><ele>-7.856</ele><time>2025-01-14T04:14:56.999Z</time><speed>1.451</speed><sat>15</sat></trkpt>
  <trkpt lat="14.52373877" lon="100.91890158"><ele>-8.222</ele><time>2025-01-14T04:14:57.999Z</time><speed>0.661</speed><sat>14</sat></trkpt>
  <trkpt lat="14.52374916" lon="100.91888781"><ele>-8.103</ele><time>2025-01-14T04:14:58.999Z</time><speed>0.304</speed><sat>16</sat></trkpt>
  <trkpt lat="14.52375463" lon="100.91888190"><ele>-8.435</ele><time>2025-01-14T04:14:59.999Z</time><speed>0.425</speed><sat>12</sat></trkpt>
  <trkpt lat="14.52375807" lon="100.91887613"><ele>-8.596</ele><time>2025-01-14T04:15:00.999Z</time><speed>0.448</speed><sat>14</sat></trkpt>
  <trkpt lat="14.52376106" lon="100.91887154"><ele>-9.110</ele><time>2025-01-14T04:15:01.999Z</time><speed>0.510</speed><sat>14</sat></trkpt>
  <trkpt lat="14.52376565" lon="100.91886594"><ele>-9.775</ele><time>2025-01-14T04:15:02.999Z</time><speed>0.652</speed><sat>12</sat></trkpt>
  <trkpt lat="14.52376839" lon="100.91886197"><ele>-9.768</ele><time>2025-01-14T04:15:03.999Z</time><speed>0.639</speed><sat>10</sat></trkpt>
  <trkpt lat="14.52377009" lon="100.91885843"><ele>-9.493</ele><time>2025-01-14T04:15:04.999Z</time><speed>0.653</speed><sat>8</sat></trkpt>
  <trkpt lat="14.52377159" lon="100.91885538"><ele>-9.357</ele><time>2025-01-14T04:15:05.999Z</time><speed>0.658</speed><sat>10</sat></trkpt>
  <trkpt lat="14.52377165" lon="100.91885519"><ele>-9.165</ele><time>2025-01-14T04:15:06.999Z</time><speed>0.585</speed><sat>10</sat></trkpt>
  <trkpt lat="14.52377082" lon="100.91885682"><ele>-9.181</ele><time>2025-01-14T04:15:07.999Z</time><speed>0.458</speed><sat>10</sat></trkpt>
  <trkpt lat="14.52377118" lon="100.91885606"><ele>-9.122</ele><time>2025-01-14T04:15:08.999Z</time><speed>0.422</speed><sat>8</sat></trkpt>
  <trkpt lat="14.52377258" lon="100.91885325"><ele>-9.131</ele><time>2025-01-14T04:15:09.999Z</time><speed>0.414</speed><sat>7</sat></trkpt>
  <trkpt lat="14.52377393" lon="100.91885051"><ele>-9.215</ele><time>2025-01-14T04:15:10.999Z</time><speed>0.385</speed><sat>7</sat></trkpt>
  <trkpt lat="14.52377382" lon="100.91885071"><ele>-9.184</ele><time>2025-01-14T04:15:11.999Z</time><speed>0.294</speed><sat>7</sat></trkpt>
  <trkpt lat="14.52377200" lon="100.91885440"><ele>-9.348</ele><time>2025-01-14T04:15:12.999Z</time><speed>0.150</speed><sat>6</sat></trkpt>
  <trkpt lat="14.52377295" lon="100.91885321"><ele>-9.540</ele><time>2025-01-14T04:15:13.999Z</time><speed>0.139</speed><sat>5</sat></trkpt>
  <trkpt lat="14.52377460" lon="100.91885049"><ele>-9.625</ele><time>2025-01-14T04:15:14.999Z</time><speed>0.182</speed><sat>4</sat></trkpt>
  <trkpt lat="14.52377552" lon="100.91884968"><ele>-9.461</ele><time>2025-01-14T04:15:15.999Z</time><speed>0.190</speed><sat>3</sat></trkpt>
  <trkpt lat="14.52377633" lon="100.91884843"><ele>-9.593</ele><time>2025-01-14T04:15:16.999Z</time><speed>0.212</speed><sat>2</sat></trkpt>
  <trkpt lat="14.52377698" lon="100.91884763"><ele>-10.105</ele><time>2025-01-14T04:15:17.999Z</time><speed>0.211</speed><sat>3</sat></trkpt>
  <trkpt lat="14.52377710" lon="100.91884742"><ele>-9.861</ele><time>2025-01-14T04:15:18.999Z</time><speed>0.254</speed><sat>2</sat></trkpt>
  <trkpt lat="14.52377897" lon="100.91884377"><ele>-9.845</ele><time>2025-01-14T04:15:19.999Z</time><speed>0.303</speed><sat>2</sat></trkpt>
  <trkpt lat="14.52378112" lon="100.91883946"><ele>-9.867</ele><time>2025-01-14T04:15:20.999Z</time><speed>0.358</speed><sat>3</sat></trkpt>
  <trkpt lat="14.52378383" lon="100.91883404"><ele>-9.814</ele><time>2025-01-14T04:15:21.999Z</time><speed>0.425</speed><sat>3</sat></trkpt>
  <trkpt lat="14.52378529" lon="100.91883108"><ele>-9.716</ele><time>2025-01-14T04:15:22.999Z</time><speed>0.437</speed><sat>2</sat></trkpt>
  <trkpt lat="14.52379031" lon="100.91882088"><ele>-9.579</ele><time>2025-01-14T04:15:23.999Z</time><speed>0.587</speed><sat>2</sat></trkpt>
  <trkpt lat="14.52379854" lon="100.91880403"><ele>-9.117</ele><time>2025-01-14T04:15:24.999Z</time><speed>0.824</speed><sat>3</sat></trkpt>
  <trkpt lat="14.52379733" lon="100.91880629"><ele>-9.645</ele><time>2025-01-14T04:15:25.999Z</time><speed>0.732</speed><sat>3</sat></trkpt>
  <trkpt lat="14.52379855" lon="100.91880613"><ele>-10.129</ele><time>2025-01-14T04:15:26.999Z</time><speed>0.617</speed><sat>6</sat></trkpt>
  <trkpt lat="14.52379764" lon="100.91880884"><ele>-9.957</ele><time>2025-01-14T04:15:27.999Z</time><speed>0.529</speed><sat>8</sat></trkpt>
  <trkpt lat="14.52379944" lon="100.91880230"><ele>-9.958</ele><time>2025-01-14T04:15:28.999Z</time><speed>0.690</speed><sat>11</sat></trkpt>
  <trkpt lat="14.52379868" lon="100.91880589"><ele>-9.667</ele><time>2025-01-14T04:15:29.999Z</time><speed>0.547</speed><sat>11</sat></trkpt>
  <trkpt lat="14.52379825" lon="100.91880971"><ele>-8.599</ele><time>2025-01-14T04:15:30.999Z</time><speed>0.355</speed><sat>12</sat></trkpt>
  <trkpt lat="14.52379753" lon="100.91881408"><ele>-7.424</ele><time>2025-01-14T04:15:31.999Z</time><speed>0.285</speed><sat>13</sat></trkpt>
  <trkpt lat="14.52379689" lon="100.91881780"><ele>-6.567</ele><time>2025-01-14T04:15:32.999Z</time><speed>0.216</speed><sat>13</sat></trkpt>
  <trkpt lat="14.52379622" lon="100.91882187"><ele>-5.799</ele><time>2025-01-14T04:15:33.999Z</time><speed>0.189</speed><sat>16</sat></trkpt>
  <trkpt lat="14.52379595" lon="100.91882109"><ele>-5.365</ele><time>2025-01-14T04:15:34.999Z</time><speed>0.224</speed><sat>12</sat></trkpt>
  <trkpt lat="14.52375106" lon="100.91884234"><ele>-5.940</ele><time>2025-01-14T04:15:35.999Z</time><speed>0.000</speed><sat>14</sat></trkpt>
  <trkpt lat="14.52375106" lon="100.91884234"><ele>-6.194</ele><time>2025-01-14T04:15:36.999Z</time><speed>0.000</speed><sat>14</sat></trkpt>
  <trkpt lat="14.52375106" lon="100.91884234"><ele>-6.744</ele><time>2025-01-14T04:15:37.999Z</time><speed>0.000</speed><sat>17</sat></trkpt>
  <trkpt lat="14.52375106" lon="100.91884234"><ele>-8.927</ele><time>2025-01-14T04:15:38.999Z</time><speed>0.000</speed><sat>19</sat></trkpt>
  <trkpt lat="14.52375106" lon="100.91884234"><ele>-10.605</ele><time>2025-01-14T04:15:39.999Z</time><speed>0.000</speed><sat>21</sat></trkpt>
  <trkpt lat="14.52375106" lon="100.91884234"><ele>-11.428</ele><time>2025-01-14T04:15:40.999Z</time><speed>0.000</speed><sat>20</sat></trkpt>
  <trkpt lat="14.52375106" lon="100.91884234"><ele>-12.663</ele><time>2025-01-14T04:15:41.999Z</time><speed>0.000</speed><sat>22</sat></trkpt>
  <trkpt lat="14.52375106" lon="100.91884234"><ele>-12.364</ele><time>2025-01-14T04:15:42.999Z</time><speed>0.000</speed><sat>22</sat></trkpt>
  <trkpt lat="14.52375106" lon="100.91884234"><ele>-13.402</ele><time>2025-01-14T04:15:43.999Z</time><speed>0.000</speed><sat>22</sat></trkpt>
  <trkpt lat="14.52375106" lon="100.91884234"><ele>-14.173</ele><time>2025-01-14T04:15:44.999Z</time><speed>0.000</speed><sat>23</sat></trkpt>
  <trkpt lat="14.52375106" lon="100.91884234"><ele>-13.872</ele><time>2025-01-14T04:15:45.999Z</time><speed>0.000</speed><sat>21</sat></trkpt>
  <trkpt lat="14.52375106" lon="100.91884234"><ele>-12.906</ele><time>2025-01-14T04:15:46.999Z</time><speed>0.000</speed><sat>25</sat></trkpt>
  <trkpt lat="14.52375106" lon="100.91884234"><ele>-12.839</ele><time>2025-01-14T04:15:47.999Z</time><speed>0.000</speed><sat>24</sat></trkpt>
  <trkpt lat="14.52375106" lon="100.91884234"><ele>-12.758</ele><time>2025-01-14T04:15:48.999Z</time><speed>0.000</speed><sat>22</sat></trkpt>
  <trkpt lat="14.52375106" lon="100.91884234"><ele>-12.160</ele><time>2025-01-14T04:15:49.999Z</time><speed>0.000</speed><sat>25</sat></trkpt>
  <trkpt lat="14.52375106" lon="100.91884234"><ele>-12.131</ele><time>2025-01-14T04:15:50.999Z</time><speed>0.000</speed><sat>22</sat></trkpt>
  <trkpt lat="14.52375106" lon="100.91884234"><ele>-12.179</ele><time>2025-01-14T04:15:51.999Z</time><speed>0.000</speed><sat>23</sat></trkpt>
  <trkpt lat="14.52375106" lon="100.91884234"><ele>-11.965</ele><time>2025-01-14T04:15:52.999Z</time><speed>0.000</speed><sat>24</sat></trkpt>
  <trkpt lat="14.52375106" lon="100.91884234"><ele>-12.762</ele><time>2025-01-14T04:15:53.999Z</time><speed>0.000</speed><sat>24</sat></trkpt>
  <trkpt lat="14.52375106" lon="100.91884234"><ele>-12.591</ele><time>2025-01-14T04:15:54.999Z</time><speed>0.000</speed><sat>26</sat></trkpt>
  <trkpt lat="14.52375106" lon="100.91884234"><ele>-12.344</ele><time>2025-01-14T04:15:55.999Z</time><speed>0.000</speed><sat>26</sat></trkpt>
  <trkpt lat="14.52375106" lon="100.91884234"><ele>-12.098</ele><time>2025-01-14T04:15:56.999Z</time><speed>0.000</speed><sat>25</sat></trkpt>
  <trkpt lat="14.52375106" lon="100.91884234"><ele>-11.921</ele><time>2025-01-14T04:15:57.999Z</time><speed>0.000</speed><sat>24</sat></trkpt>
  <trkpt lat="14.52375106" lon="100.91884234"><ele>-11.873</ele><time>2025-01-14T04:15:58.999Z</time><speed>0.000</speed><sat>22</sat></trkpt>
  <trkpt lat="14.52375106" lon="100.91884234"><ele>-10.890</ele><time>2025-01-14T04:15:59.999Z</time><speed>0.000</speed><sat>26</sat></trkpt>
  <trkpt lat="14.52375106" lon="100.91884234"><ele>-11.259</ele><time>2025-01-14T04:16:00.999Z</time><speed>0.000</speed><sat>26</sat></trkpt>
  <trkpt lat="14.52375106" lon="100.91884234"><ele>-11.457</ele><time>2025-01-14T04:16:01.999Z</time><speed>0.000</speed><sat>25</sat></trkpt>
  <trkpt lat="14.52375106" lon="100.91884234"><ele>-11.404</ele><time>2025-01-14T04:16:02.999Z</time><speed>0.000</speed><sat>23</sat></trkpt>
  <trkpt lat="14.52375106" lon="100.91884234"><ele>-10.456</ele><time>2025-01-14T04:16:03.999Z</time><speed>0.000</speed><sat>25</sat></trkpt>
  <trkpt lat="14.52375106" lon="100.91884234"><ele>-10.389</ele><time>2025-01-14T04:16:04.999Z</time><speed>0.000</speed><sat>25</sat></trkpt>
  <trkpt lat="14.52375106" lon="100.91884234"><ele>-11.084</ele><time>2025-01-14T04:16:05.999Z</time><speed>0.000</speed><sat>25</sat></trkpt>
  <trkpt lat="14.52375106" lon="100.91884234"><ele>-11.306</ele><time>2025-01-14T04:16:06.999Z</time><speed>0.000</speed><sat>26</sat></trkpt>
  <trkpt lat="14.52375106" lon="100.91884234"><ele>-11.857</ele><time>2025-01-14T04:16:07.999Z</time><speed>0.000</speed><sat>26</sat></trkpt>
  <trkpt lat="14.52375106" lon="100.91884234"><ele>-12.502</ele><time>2025-01-14T04:16:08.999Z</time><speed>0.000</speed><sat>26</sat></trkpt>
  <trkpt lat="14.52375106" lon="100.91884234"><ele>-12.626</ele><time>2025-01-14T04:16:09.999Z</time><speed>0.000</speed><sat>25</sat></trkpt>
  <trkpt lat="14.52375106" lon="100.91884234"><ele>-12.619</ele><time>2025-01-14T04:16:10.999Z</time><speed>0.000</speed><sat>25</sat></trkpt>
  <trkpt lat="14.52375106" lon="100.91884234"><ele>-12.811</ele><time>2025-01-14T04:16:11.999Z</time><speed>0.000</speed><sat>25</sat></trkpt>
  <trkpt lat="14.52375106" lon="100.91884234"><ele>-12.612</ele><time>2025-01-14T04:16:12.999Z</time><speed>0.000</speed><sat>25</sat></trkpt>
  <trkpt lat="14.52375816" lon="100.91887811"><ele>-12.377</ele><time>2025-01-14T04:16:13.999Z</time><speed>0.422</speed><sat>25</sat></trkpt>
  <trkpt lat="14.52376497" lon="100.91886891"><ele>-12.345</ele><time>2025-01-14T04:16:14.999Z</time><speed>0.506</speed><sat>25</sat></trkpt>
  <trkpt lat="14.52376942" lon="100.91886288"><ele>-12.105</ele><time>2025-01-14T04:16:15.999Z</time><speed>0.513</speed><sat>23</sat></trkpt>
  <trkpt lat="14.52377096" lon="100.91885809"><ele>-11.991</ele><time>2025-01-14T04:16:16.999Z</time><speed>0.729</speed><sat>21</sat></trkpt>
  <trkpt lat="14.52377098" lon="100.91885408"><ele>-11.985</ele><time>2025-01-14T04:16:17.999Z</time><speed>0.876</speed><sat>19</sat></trkpt>
  <trkpt lat="14.52376457" lon="100.91886989"><ele>-12.134</ele><time>2025-01-14T04:16:18.999Z</time><speed>0.540</speed><sat>21</sat></trkpt>
  <trkpt lat="14.52375664" lon="100.91888260"><ele>-12.614</ele><time>2025-01-14T04:16:19.999Z</time><speed>0.000</speed><sat>19</sat></trkpt>
  <trkpt lat="14.52375664" lon="100.91888260"><ele>-13.148</ele><time>2025-01-14T04:16:20.999Z</time><speed>0.000</speed><sat>18</sat></trkpt>
  <trkpt lat="14.52375202" lon="100.91889261"><ele>-13.561</ele><time>2025-01-14T04:16:21.999Z</time><speed>0.326</speed><sat>18</sat></trkpt>
  <trkpt lat="14.52375215" lon="100.91888923"><ele>-13.864</ele><time>2025-01-14T04:16:22.999Z</time><speed>0.000</speed><sat>19</sat></trkpt>
  <trkpt lat="14.52375823" lon="100.91888723"><ele>-14.296</ele><time>2025-01-14T04:16:23.999Z</time><speed>0.716</speed><sat>21</sat></trkpt>
  <trkpt lat="14.52376419" lon="100.91888510"><ele>-14.792</ele><time>2025-01-14T04:16:24.999Z</time><speed>0.838</speed><sat>20</sat></trkpt>
  <trkpt lat="14.52377251" lon="100.91887737"><ele>-15.135</ele><time>2025-01-14T04:16:25.999Z</time><speed>0.617</speed><sat>21</sat></trkpt>
  <trkpt lat="14.52377910" lon="100.91887638"><ele>-15.448</ele><time>2025-01-14T04:16:26.999Z</time><speed>0.477</speed><sat>18</sat></trkpt>
  <trkpt lat="14.52378401" lon="100.91887916"><ele>-16.264</ele><time>2025-01-14T04:16:27.999Z</time><speed>0.456</speed><sat>17</sat></trkpt>
  <trkpt lat="14.52381148" lon="100.91886638"><ele>-17.353</ele><time>2025-01-14T04:16:28.999Z</time><speed>0.568</speed><sat>20</sat></trkpt>
  <trkpt lat="14.52384793" lon="100.91887302"><ele>-18.638</ele><time>2025-01-14T04:16:29.999Z</time><speed>0.627</speed><sat>20</sat></trkpt>
  <trkpt lat="14.52388706" lon="100.91887838"><ele>-20.070</ele><time>2025-01-14T04:16:30.999Z</time><speed>0.620</speed><sat>20</sat></trkpt>
  <trkpt lat="14.52390915" lon="100.91887239"><ele>-21.128</ele><time>2025-01-14T04:16:31.999Z</time><speed>0.789</speed><sat>20</sat></trkpt>
  <trkpt lat="14.52393371" lon="100.91887019"><ele>-22.749</ele><time>2025-01-14T04:16:32.999Z</time><speed>0.544</speed><sat>20</sat></trkpt>
  <trkpt lat="14.52394543" lon="100.91886709"><ele>-23.743</ele><time>2025-01-14T04:16:33.999Z</time><speed>0.000</speed><sat>20</sat></trkpt>
  <trkpt lat="14.52394543" lon="100.91886709"><ele>-24.212</ele><time>2025-01-14T04:16:34.999Z</time><speed>0.000</speed><sat>20</sat></trkpt>
  <trkpt lat="14.52394543" lon="100.91886709"><ele>-24.965</ele><time>2025-01-14T04:16:35.999Z</time><speed>0.000</speed><sat>21</sat></trkpt>
  <trkpt lat="14.52394543" lon="100.91886709"><ele>-25.316</ele><time>2025-01-14T04:16:36.999Z</time><speed>0.000</speed><sat>20</sat></trkpt>
  <trkpt lat="14.52394543" lon="100.91886709"><ele>-25.472</ele><time>2025-01-14T04:16:37.999Z</time><speed>0.000</speed><sat>19</sat></trkpt>
  <trkpt lat="14.52394543" lon="100.91886709"><ele>-25.458</ele><time>2025-01-14T04:16:38.999Z</time><speed>0.000</speed><sat>19</sat></trkpt>
  <trkpt lat="14.52394543" lon="100.91886709"><ele>-25.539</ele><time>2025-01-14T04:16:39.999Z</time><speed>0.000</speed><sat>22</sat></trkpt>
  <trkpt lat="14.52394543" lon="100.91886709"><ele>-25.647</ele><time>2025-01-14T04:16:40.999Z</time><speed>0.000</speed><sat>20</sat></trkpt>
  <trkpt lat="14.52394543" lon="100.91886709"><ele>-25.699</ele><time>2025-01-14T04:16:41.999Z</time><speed>0.000</speed><sat>19</sat></trkpt>
  <trkpt lat="14.52394543" lon="100.91886709"><ele>-26.262</ele><time>2025-01-14T04:16:42.999Z</time><speed>0.000</speed><sat>20</sat></trkpt>
  <trkpt lat="14.52394543" lon="100.91886709"><ele>-26.539</ele><time>2025-01-14T04:16:43.999Z</time><speed>0.000</speed><sat>20</sat></trkpt>
  <trkpt lat="14.52394543" lon="100.91886709"><ele>-26.984</ele><time>2025-01-14T04:16:44.999Z</time><speed>0.000</speed><sat>20</sat></trkpt>
  <trkpt lat="14.52394543" lon="100.91886709"><ele>-27.091</ele><time>2025-01-14T04:16:45.999Z</time><speed>0.000</speed><sat>17</sat></trkpt>
  <trkpt lat="14.52394543" lon="100.91886709"><ele>-27.036</ele><time>2025-01-14T04:16:46.999Z</time><speed>0.000</speed><sat>20</sat></trkpt>
  <trkpt lat="14.52394543" lon="100.91886709"><ele>-27.110</ele><time>2025-01-14T04:16:47.999Z</time><speed>0.000</speed><sat>20</sat></trkpt>
  <trkpt lat="14.52394543" lon="100.91886709"><ele>-27.015</ele><time>2025-01-14T04:16:48.999Z</time><speed>0.000</speed><sat>20</sat></trkpt>
  <trkpt lat="14.52394543" lon="100.91886709"><ele>-26.910</ele><time>2025-01-14T04:16:49.999Z</time><speed>0.000</speed><sat>18</sat></trkpt>
  <trkpt lat="14.52394543" lon="100.91886709"><ele>-26.867</ele><time>2025-01-14T04:16:50.999Z</time><speed>0.000</speed><sat>18</sat></trkpt>
  <trkpt lat="14.52394543" lon="100.91886709"><ele>-26.941</ele><time>2025-01-14T04:16:51.999Z</time><speed>0.000</speed><sat>18</sat></trkpt>
  <trkpt lat="14.52394543" lon="100.91886709"><ele>-26.917</ele><time>2025-01-14T04:16:52.999Z</time><speed>0.000</speed><sat>18</sat></trkpt>
  <trkpt lat="14.52394543" lon="100.91886709"><ele>-26.950</ele><time>2025-01-14T04:16:53.999Z</time><speed>0.000</speed><sat>19</sat></trkpt>
  <trkpt lat="14.52394543" lon="100.91886709"><ele>-26.980</ele><time>2025-01-14T04:16:54.999Z</time><speed>0.000</speed><sat>16</sat></trkpt>
  <trkpt lat="14.52394543" lon="100.91886709"><ele>-26.621</ele><time>2025-01-14T04:16:55.999Z</time><speed>0.000</speed><sat>15</sat></trkpt>
  <trkpt lat="14.52394543" lon="100.91886709"><ele>-26.801</ele><time>2025-01-14T04:16:56.999Z</time><speed>0.000</speed><sat>15</sat></trkpt>
  <trkpt lat="14.52394543" lon="100.91886709"><ele>-26.691</ele><time>2025-01-14T04:16:57.999Z</time><speed>0.000</speed><sat>13</sat></trkpt>
  <trkpt lat="14.52394543" lon="100.91886709"><ele>-26.473</ele><time>2025-01-14T04:16:58.999Z</time><speed>0.000</speed><sat>12</sat></trkpt>
  <trkpt lat="14.52394543" lon="100.91886709"><ele>-26.295</ele><time>2025-01-14T04:16:59.999Z</time><speed>0.000</speed><sat>14</sat></trkpt>
  <trkpt lat="14.52394543" lon="100.91886709"><ele>-26.246</ele><time>2025-01-14T04:17:00.999Z</time><speed>0.000</speed><sat>17</sat></trkpt>
  <trkpt lat="14.52394543" lon="100.91886709"><ele>-26.389</ele><time>2025-01-14T04:17:01.999Z</time><speed>0.000</speed><sat>14</sat></trkpt>
  <trkpt lat="14.52394543" lon="100.91886709"><ele>-26.389</ele><time>2025-01-14T04:17:02.999Z</time><speed>0.000</speed><sat>13</sat></trkpt>
  <trkpt lat="14.52394543" lon="100.91886709"><ele>-26.298</ele><time>2025-01-14T04:17:03.999Z</time><speed>0.000</speed><sat>11</sat></trkpt>
  <trkpt lat="14.52394543" lon="100.91886709"><ele>-26.285</ele><time>2025-01-14T04:17:04.999Z</time><speed>0.000</speed><sat>12</sat></trkpt>
  <trkpt lat="14.52394543" lon="100.91886709"><ele>-26.853</ele><time>2025-01-14T04:17:05.999Z</time><speed>0.000</speed><sat>11</sat></trkpt>
  <trkpt lat="14.52394543" lon="100.91886709"><ele>-27.308</ele><time>2025-01-14T04:17:06.999Z</time><speed>0.000</speed><sat>12</sat></trkpt>
  <trkpt lat="14.52394543" lon="100.91886709"><ele>-27.629</ele><time>2025-01-14T04:17:07.999Z</time><speed>0.000</speed><sat>13</sat></trkpt>
  <trkpt lat="14.52394543" lon="100.91886709"><ele>-27.638</ele><time>2025-01-14T04:17:08.999Z</time><speed>0.000</speed><sat>15</sat></trkpt>
  <trkpt lat="14.52394543" lon="100.91886709"><ele>-27.801</ele><time>2025-01-14T04:17:09.999Z</time><speed>0.000</speed><sat>18</sat></trkpt>
  <trkpt lat="14.52394543" lon="100.91886709"><ele>-28.257</ele><time>2025-01-14T04:17:10.999Z</time><speed>0.000</speed><sat>18</sat></trkpt>
  <trkpt lat="14.52394543" lon="100.91886709"><ele>-28.631</ele><time>2025-01-14T04:17:11.999Z</time><speed>0.000</speed><sat>15</sat></trkpt>
  <trkpt lat="14.52394543" lon="100.91886709"><ele>-29.038</ele><time>2025-01-14T04:17:12.999Z</time><speed>0.000</speed><sat>15</sat></trkpt>
  <trkpt lat="14.52394543" lon="100.91886709"><ele>-29.570</ele><time>2025-01-14T04:17:13.999Z</time><speed>0.000</speed><sat>15</sat></trkpt>
  <trkpt lat="14.52394543" lon="100.91886709"><ele>-29.720</ele><time>2025-01-14T04:17:14.999Z</time><speed>0.000</speed><sat>12</sat></trkpt>
  <trkpt lat="14.52397828" lon="100.91881810"><ele>-30.161</ele><time>2025-01-14T04:17:15.999Z</time><speed>0.000</speed><sat>15</sat></trkpt>
  <trkpt lat="14.52397828" lon="100.91881810"><ele>-30.245</ele><time>2025-01-14T04:17:16.999Z</time><speed>0.000</speed><sat>15</sat></trkpt>
  <trkpt lat="14.52397828" lon="100.91881810"><ele>-30.682</ele><time>2025-01-14T04:17:17.999Z</time><speed>0.000</speed><sat>13</sat></trkpt>
  <trkpt lat="14.52397828" lon="100.91881810"><ele>-31.009</ele><time>2025-01-14T04:17:18.999Z</time><speed>0.000</speed><sat>13</sat></trkpt>
  <trkpt lat="14.52397828" lon="100.91881810"><ele>-31.006</ele><time>2025-01-14T04:17:19.999Z</time><speed>0.000</speed><sat>14</sat></trkpt>
  <trkpt lat="14.52397828" lon="100.91881810"><ele>-30.834</ele><time>2025-01-14T04:17:20.999Z</time><speed>0.000</speed><sat>14</sat></trkpt>
  <trkpt lat="14.52397828" lon="100.91881810"><ele>-30.626</ele><time>2025-01-14T04:17:21.999Z</time><speed>0.000</speed><sat>12</sat></trkpt>
  <trkpt lat="14.52397828" lon="100.91881810"><ele>-30.671</ele><time>2025-01-14T04:17:22.999Z</time><speed>0.000</speed><sat>15</sat></trkpt>
  <trkpt lat="14.52398321" lon="100.91877824"><ele>-30.615</ele><time>2025-01-14T04:17:23.999Z</time><speed>0.335</speed><sat>15</sat></trkpt>
  <trkpt lat="14.52397481" lon="100.91877592"><ele>-29.970</ele><time>2025-01-14T04:17:24.999Z</time><speed>0.320</speed><sat>13</sat></trkpt>
  <trkpt lat="14.52396462" lon="100.91877934"><ele>-29.384</ele><time>2025-01-14T04:17:25.999Z</time><speed>0.350</speed><sat>13</sat></trkpt>
  <trkpt lat="14.52396138" lon="100.91877791"><ele>-28.851</ele><time>2025-01-14T04:17:26.999Z</time><speed>0.000</speed><sat>13</sat></trkpt>
  <trkpt lat="14.52396138" lon="100.91877791"><ele>-28.653</ele><time>2025-01-14T04:17:27.999Z</time><speed>0.000</speed><sat>16</sat></trkpt>
  <trkpt lat="14.52396138" lon="100.91877791"><ele>-28.522</ele><time>2025-01-14T04:17:28.999Z</time><speed>0.000</speed><sat>14</sat></trkpt>
  <trkpt lat="14.52396138" lon="100.91877791"><ele>-28.434</ele><time>2025-01-14T04:17:29.999Z</time><speed>0.000</speed><sat>16</sat></trkpt>
  <trkpt lat="14.52396138" lon="100.91877791"><ele>-28.597</ele><time>2025-01-14T04:17:30.999Z</time><speed>0.000</speed><sat>16</sat></trkpt>
  <trkpt lat="14.52396138" lon="100.91877791"><ele>-28.719</ele><time>2025-01-14T04:17:31.999Z</time><speed>0.000</speed><sat>15</sat></trkpt>
  <trkpt lat="14.52396138" lon="100.91877791"><ele>-28.797</ele><time>2025-01-14T04:17:32.999Z</time><speed>0.000</speed><sat>15</sat></trkpt>
  <trkpt lat="14.52396138" lon="100.91877791"><ele>-28.991</ele><time>2025-01-14T04:17:33.999Z</time><speed>0.000</speed><sat>18</sat></trkpt>
  <trkpt lat="14.52396138" lon="100.91877791"><ele>-29.003</ele><time>2025-01-14T04:17:34.999Z</time><speed>0.000</speed><sat>17</sat></trkpt>
  <trkpt lat="14.52396138" lon="100.91877791"><ele>-28.969</ele><time>2025-01-14T04:17:35.999Z</time><speed>0.000</speed><sat>17</sat></trkpt>
  <trkpt lat="14.52396138" lon="100.91877791"><ele>-29.440</ele><time>2025-01-14T04:17:36.999Z</time><speed>0.000</speed><sat>18</sat></trkpt>
  <trkpt lat="14.52396138" lon="100.91877791"><ele>-29.396</ele><time>2025-01-14T04:17:37.999Z</time><speed>0.000</speed><sat>21</sat></trkpt>
  <trkpt lat="14.52396138" lon="100.91877791"><ele>-29.684</ele><time>2025-01-14T04:17:38.999Z</time><speed>0.000</speed><sat>19</sat></trkpt>
  <trkpt lat="14.52396138" lon="100.91877791"><ele>-29.870</ele><time>2025-01-14T04:17:39.999Z</time><speed>0.000</speed><sat>18</sat></trkpt>
  <trkpt lat="14.52396138" lon="100.91877791"><ele>-29.861</ele><time>2025-01-14T04:17:40.999Z</time><speed>0.000</speed><sat>18</sat></trkpt>
  <trkpt lat="14.52396138" lon="100.91877791"><ele>-29.458</ele><time>2025-01-14T04:17:41.999Z</time><speed>0.000</speed><sat>18</sat></trkpt>
  <trkpt lat="14.52396138" lon="100.91877791"><ele>-29.234</ele><time>2025-01-14T04:17:42.999Z</time><speed>0.000</speed><sat>20</sat></trkpt>
  <trkpt lat="14.52396138" lon="100.91877791"><ele>-29.031</ele><time>2025-01-14T04:17:43.999Z</time><speed>0.000</speed><sat>18</sat></trkpt>
  <trkpt lat="14.52396138" lon="100.91877791"><ele>-28.743</ele><time>2025-01-14T04:17:44.999Z</time><speed>0.000</speed><sat>19</sat></trkpt>
  <trkpt lat="14.52396138" lon="100.91877791"><ele>-28.537</ele><time>2025-01-14T04:17:45.999Z</time><speed>0.000</speed><sat>17</sat></trkpt>
  <trkpt lat="14.52396138" lon="100.91877791"><ele>-28.338</ele><time>2025-01-14T04:17:46.999Z</time><speed>0.000</speed><sat>16</sat></trkpt>
  <trkpt lat="14.52396138" lon="100.91877791"><ele>-28.002</ele><time>2025-01-14T04:17:47.999Z</time><speed>0.000</speed><sat>16</sat></trkpt>
  <trkpt lat="14.52396138" lon="100.91877791"><ele>-27.836</ele><time>2025-01-14T04:17:48.999Z</time><speed>0.000</speed><sat>15</sat></trkpt>
  <trkpt lat="14.52396138" lon="100.91877791"><ele>-27.675</ele><time>2025-01-14T04:17:49.999Z</time><speed>0.000</speed><sat>14</sat></trkpt>
  <trkpt lat="14.52396138" lon="100.91877791"><ele>-27.833</ele><time>2025-01-14T04:17:50.999Z</time><speed>0.000</speed><sat>16</sat></trkpt>
  <trkpt lat="14.52396138" lon="100.91877791"><ele>-28.081</ele><time>2025-01-14T04:17:51.999Z</time><speed>0.000</speed><sat>16</sat></trkpt>
  <trkpt lat="14.52396138" lon="100.91877791"><ele>-28.245</ele><time>2025-01-14T04:17:52.999Z</time><speed>0.000</speed><sat>17</sat></trkpt>
  <trkpt lat="14.52396138" lon="100.91877791"><ele>-28.546</ele><time>2025-01-14T04:17:53.999Z</time><speed>0.000</speed><sat>18</sat></trkpt>
  <trkpt lat="14.52396138" lon="100.91877791"><ele>-28.816</ele><time>2025-01-14T04:17:54.999Z</time><speed>0.000</speed><sat>18</sat></trkpt>
  <trkpt lat="14.52396138" lon="100.91877791"><ele>-29.033</ele><time>2025-01-14T04:17:55.999Z</time><speed>0.000</speed><sat>17</sat></trkpt>
  <trkpt lat="14.52396138" lon="100.91877791"><ele>-29.567</ele><time>2025-01-14T04:17:56.999Z</time><speed>0.000</speed><sat>19</sat></trkpt>
  <trkpt lat="14.52396138" lon="100.91877791"><ele>-29.818</ele><time>2025-01-14T04:17:57.999Z</time><speed>0.000</speed><sat>18</sat></trkpt>
  <trkpt lat="14.52396138" lon="100.91877791"><ele>-29.912</ele><time>2025-01-14T04:17:58.999Z</time><speed>0.000</speed><sat>16</sat></trkpt>
  <trkpt lat="14.52396138" lon="100.91877791"><ele>-29.950</ele><time>2025-01-14T04:17:59.999Z</time><speed>0.000</speed><sat>15</sat></trkpt>
  <trkpt lat="14.52396138" lon="100.91877791"><ele>-30.124</ele><time>2025-01-14T04:18:00.999Z</time><speed>0.000</speed><sat>13</sat></trkpt>
  <trkpt lat="14.52396138" lon="100.91877791"><ele>-30.204</ele><time>2025-01-14T04:18:01.999Z</time><speed>0.000</speed><sat>13</sat></trkpt>
  <trkpt lat="14.52396138" lon="100.91877791"><ele>-30.268</ele><time>2025-01-14T04:18:02.999Z</time><speed>0.000</speed><sat>13</sat></trkpt>
  <trkpt lat="14.52396138" lon="100.91877791"><ele>-30.169</ele><time>2025-01-14T04:18:03.999Z</time><speed>0.000</speed><sat>16</sat></trkpt>
  <trkpt lat="14.52396138" lon="100.91877791"><ele>-30.225</ele><time>2025-01-14T04:18:04.999Z</time><speed>0.000</speed><sat>17</sat></trkpt>
  <trkpt lat="14.52396138" lon="100.91877791"><ele>-30.233</ele><time>2025-01-14T04:18:05.999Z</time><speed>0.000</speed><sat>19</sat></trkpt>
  <trkpt lat="14.52396138" lon="100.91877791"><ele>-30.228</ele><time>2025-01-14T04:18:06.999Z</time><speed>0.000</speed><sat>19</sat></trkpt>
  <trkpt lat="14.52396138" lon="100.91877791"><ele>-30.363</ele><time>2025-01-14T04:18:07.999Z</time><speed>0.000</speed><sat>17</sat></trkpt>
  <trkpt lat="14.52396138" lon="100.91877791"><ele>-30.568</ele><time>2025-01-14T04:18:08.999Z</time><speed>0.000</speed><sat>16</sat></trkpt>
  <trkpt lat="14.52396138" lon="100.91877791"><ele>-30.805</ele><time>2025-01-14T04:18:09.999Z</time><speed>0.000</speed><sat>17</sat></trkpt>
  <trkpt lat="14.52396138" lon="100.91877791"><ele>-30.739</ele><time>2025-01-14T04:18:10.999Z</time><speed>0.000</speed><sat>17</sat></trkpt>
  <trkpt lat="14.52396138" lon="100.91877791"><ele>-30.475</ele><time>2025-01-14T04:18:11.999Z</time><speed>0.000</speed><sat>18</sat></trkpt>
  <trkpt lat="14.52396138" lon="100.91877791"><ele>-30.398</ele><time>2025-01-14T04:18:12.999Z</time><speed>0.000</speed><sat>18</sat></trkpt>
  <trkpt lat="14.52396138" lon="100.91877791"><ele>-30.295</ele><time>2025-01-14T04:18:13.999Z</time><speed>0.000</speed><sat>18</sat></trkpt>
  <trkpt lat="14.52396138" lon="100.91877791"><ele>-30.144</ele><time>2025-01-14T04:18:14.999Z</time><speed>0.000</speed><sat>20</sat></trkpt>
  <trkpt lat="14.52396138" lon="100.91877791"><ele>-29.871</ele><time>2025-01-14T04:18:15.999Z</time><speed>0.000</speed><sat>20</sat></trkpt>
  <trkpt lat="14.52396138" lon="100.91877791"><ele>-29.642</ele><time>2025-01-14T04:18:16.999Z</time><speed>0.000</speed><sat>18</sat></trkpt>
  <trkpt lat="14.52396138" lon="100.91877791"><ele>-29.460</ele><time>2025-01-14T04:18:17.999Z</time><speed>0.000</speed><sat>20</sat></trkpt>
  <trkpt lat="14.52396138" lon="100.91877791"><ele>-29.265</ele><time>2025-01-14T04:18:18.999Z</time><speed>0.000</speed><sat>20</sat></trkpt>
  <trkpt lat="14.52396138" lon="100.91877791"><ele>-28.900</ele><time>2025-01-14T04:18:19.999Z</time><speed>0.000</speed><sat>22</sat></trkpt>
  <trkpt lat="14.52396138" lon="100.91877791"><ele>-28.615</ele><time>2025-01-14T04:18:20.999Z</time><speed>0.000</speed><sat>22</sat></trkpt>
  <trkpt lat="14.52396138" lon="100.91877791"><ele>-28.370</ele><time>2025-01-14T04:18:21.999Z</time><speed>0.000</speed><sat>20</sat></trkpt>
  <trkpt lat="14.52396138" lon="100.91877791"><ele>-28.085</ele><time>2025-01-14T04:18:22.999Z</time><speed>0.000</speed><sat>21</sat></trkpt>
  <trkpt lat="14.52396138" lon="100.91877791"><ele>-27.969</ele><time>2025-01-14T04:18:23.999Z</time><speed>0.000</speed><sat>20</sat></trkpt>
  <trkpt lat="14.52396138" lon="100.91877791"><ele>-27.840</ele><time>2025-01-14T04:18:24.999Z</time><speed>0.000</speed><sat>21</sat></trkpt>
  <trkpt lat="14.52396138" lon="100.91877791"><ele>-27.653</ele><time>2025-01-14T04:18:25.999Z</time><speed>0.000</speed><sat>20</sat></trkpt>
  <trkpt lat="14.52396138" lon="100.91877791"><ele>-27.575</ele><time>2025-01-14T04:18:26.999Z</time><speed>0.000</speed><sat>20</sat></trkpt>
  <trkpt lat="14.52396138" lon="100.91877791"><ele>-27.776</ele><time>2025-01-14T04:18:27.999Z</time><speed>0.000</speed><sat>20</sat></trkpt>
  <trkpt lat="14.52396138" lon="100.91877791"><ele>-27.830</ele><time>2025-01-14T04:18:28.999Z</time><speed>0.000</speed><sat>19</sat></trkpt>
  <trkpt lat="14.52396138" lon="100.91877791"><ele>-27.796</ele><time>2025-01-14T04:18:29.999Z</time><speed>0.000</speed><sat>17</sat></trkpt>
  <trkpt lat="14.52396138" lon="100.91877791"><ele>-27.888</ele><time>2025-01-14T04:18:30.999Z</time><speed>0.000</speed><sat>19</sat></trkpt>
  <trkpt lat="14.52396138" lon="100.91877791"><ele>-28.128</ele><time>2025-01-14T04:18:31.999Z</time><speed>0.000</speed><sat>20</sat></trkpt>
  <trkpt lat="14.52396138" lon="100.91877791"><ele>-27.905</ele><time>2025-01-14T04:18:32.999Z</time><speed>0.000</speed><sat>20</sat></trkpt>
  <trkpt lat="14.52396138" lon="100.91877791"><ele>-28.146</ele><time>2025-01-14T04:18:33.999Z</time><speed>0.000</speed><sat>19</sat></trkpt>
  <trkpt lat="14.52393425" lon="100.91873906"><ele>-28.924</ele><time>2025-01-14T04:18:34.999Z</time><speed>0.000</speed><sat>19</sat></trkpt>
  <trkpt lat="14.52393425" lon="100.91873906"><ele>-29.764</ele><time>2025-01-14T04:18:35.999Z</time><speed>0.000</speed><sat>17</sat></trkpt>
  <trkpt lat="14.52393425" lon="100.91873906"><ele>-30.627</ele><time>2025-01-14T04:18:36.999Z</time><speed>0.000</speed><sat>21</sat></trkpt>
  <trkpt lat="14.52393425" lon="100.91873906"><ele>-31.162</ele><time>2025-01-14T04:18:37.999Z</time><speed>0.000</speed><sat>20</sat></trkpt>
  <trkpt lat="14.52393425" lon="100.91873906"><ele>-31.608</ele><time>2025-01-14T04:18:38.999Z</time><speed>0.000</speed><sat>19</sat></trkpt>
  <trkpt lat="14.52393425" lon="100.91873906"><ele>-31.679</ele><time>2025-01-14T04:18:39.999Z</time><speed>0.000</speed><sat>20</sat></trkpt>
  <trkpt lat="14.52393425" lon="100.91873906"><ele>-31.898</ele><time>2025-01-14T04:18:40.999Z</time><speed>0.000</speed><sat>18</sat></trkpt>
  <trkpt lat="14.52393425" lon="100.91873906"><ele>-32.090</ele><time>2025-01-14T04:18:41.999Z</time><speed>0.000</speed><sat>18</sat></trkpt>
  <trkpt lat="14.52393425" lon="100.91873906"><ele>-32.613</ele><time>2025-01-14T04:18:42.999Z</time><speed>0.000</speed><sat>18</sat></trkpt>
  <trkpt lat="14.52393425" lon="100.91873906"><ele>-32.513</ele><time>2025-01-14T04:18:43.999Z</time><speed>0.000</speed><sat>18</sat></trkpt>
  <trkpt lat="14.52393425" lon="100.91873906"><ele>-32.287</ele><time>2025-01-14T04:18:44.999Z</time><speed>0.000</speed><sat>17</sat></trkpt>
  <trkpt lat="14.52393425" lon="100.91873906"><ele>-32.405</ele><time>2025-01-14T04:18:45.999Z</time><speed>0.000</speed><sat>15</sat></trkpt>
  <trkpt lat="14.52393425" lon="100.91873906"><ele>-32.560</ele><time>2025-01-14T04:18:46.999Z</time><speed>0.000</speed><sat>14</sat></trkpt>
  <trkpt lat="14.52393425" lon="100.91873906"><ele>-32.573</ele><time>2025-01-14T04:18:47.999Z</time><speed>0.000</speed><sat>13</sat></trkpt>
  <trkpt lat="14.52388575" lon="100.91869739"><ele>-33.473</ele><time>2025-01-14T04:18:48.999Z</time><speed>0.000</speed><sat>13</sat></trkpt>
  <trkpt lat="14.52388575" lon="100.91869739"><ele>-33.832</ele><time>2025-01-14T04:18:49.999Z</time><speed>0.000</speed><sat>12</sat></trkpt>
  <trkpt lat="14.52388575" lon="100.91869739"><ele>-34.345</ele><time>2025-01-14T04:18:50.999Z</time><speed>0.000</speed><sat>14</sat></trkpt>
  <trkpt lat="14.52388575" lon="100.91869739"><ele>-34.899</ele><time>2025-01-14T04:18:51.999Z</time><speed>0.000</speed><sat>14</sat></trkpt>
  <trkpt lat="14.52388575" lon="100.91869739"><ele>-35.206</ele><time>2025-01-14T04:18:52.999Z</time><speed>0.000</speed><sat>13</sat></trkpt>
  <trkpt lat="14.52388575" lon="100.91869739"><ele>-35.478</ele><time>2025-01-14T04:18:53.999Z</time><speed>0.000</speed><sat>15</sat></trkpt>
  <trkpt lat="14.52388575" lon="100.91869739"><ele>-35.606</ele><time>2025-01-14T04:18:54.999Z</time><speed>0.000</speed><sat>14</sat></trkpt>
  <trkpt lat="14.52388575" lon="100.91869739"><ele>-35.941</ele><time>2025-01-14T04:18:55.999Z</time><speed>0.000</speed><sat>13</sat></trkpt>
  <trkpt lat="14.52388575" lon="100.91869739"><ele>-36.096</ele><time>2025-01-14T04:18:56.999Z</time><speed>0.000</speed><sat>14</sat></trkpt>
  <trkpt lat="14.52388575" lon="100.91869739"><ele>-36.048</ele><time>2025-01-14T04:18:57.999Z</time><speed>0.000</speed><sat>13</sat></trkpt>
  <trkpt lat="14.52384152" lon="100.91868754"><ele>-36.215</ele><time>2025-01-14T04:18:58.999Z</time><speed>0.000</speed><sat>14</sat></trkpt>
  <trkpt lat="14.52384152" lon="100.91868754"><ele>-35.909</ele><time>2025-01-14T04:18:59.999Z</time><speed>0.000</speed><sat>14</sat></trkpt>
  <trkpt lat="14.52384152" lon="100.91868754"><ele>-35.815</ele><time>2025-01-14T04:19:00.999Z</time><speed>0.000</speed><sat>12</sat></trkpt>
  <trkpt lat="14.52384152" lon="100.91868754"><ele>-35.785</ele><time>2025-01-14T04:19:01.999Z</time><speed>0.000</speed><sat>14</sat></trkpt>
  <trkpt lat="14.52384152" lon="100.91868754"><ele>-35.683</ele><time>2025-01-14T04:19:02.999Z</time><speed>0.000</speed><sat>14</sat></trkpt>
  <trkpt lat="14.52384152" lon="100.91868754"><ele>-35.390</ele><time>2025-01-14T04:19:03.999Z</time><speed>0.000</speed><sat>14</sat></trkpt>
  <trkpt lat="14.52382764" lon="100.91866857"><ele>-35.117</ele><time>2025-01-14T04:19:04.999Z</time><speed>0.311</speed><sat>14</sat></trkpt>
  <trkpt lat="14.52382669" lon="100.91865617"><ele>-34.931</ele><time>2025-01-14T04:19:05.999Z</time><speed>0.000</speed><sat>15</sat></trkpt>
  <trkpt lat="14.52382565" lon="100.91863754"><ele>-34.774</ele><time>2025-01-14T04:19:06.999Z</time><speed>0.547</speed><sat>15</sat></trkpt>
  <trkpt lat="14.52382350" lon="100.91864216"><ele>-34.892</ele><time>2025-01-14T04:19:07.999Z</time><speed>0.000</speed><sat>12</sat></trkpt>
  <trkpt lat="14.52382350" lon="100.91864216"><ele>-34.979</ele><time>2025-01-14T04:19:08.999Z</time><speed>0.000</speed><sat>12</sat></trkpt>
  <trkpt lat="14.52382350" lon="100.91864216"><ele>-35.105</ele><time>2025-01-14T04:19:09.999Z</time><speed>0.000</speed><sat>12</sat></trkpt>
  <trkpt lat="14.52382350" lon="100.91864216"><ele>-35.119</ele><time>2025-01-14T04:19:10.999Z</time><speed>0.000</speed><sat>15</sat></trkpt>
  <trkpt lat="14.52382350" lon="100.91864216"><ele>-34.772</ele><time>2025-01-14T04:19:11.999Z</time><speed>0.000</speed><sat>16</sat></trkpt>
  <trkpt lat="14.52382350" lon="100.91864216"><ele>-34.184</ele><time>2025-01-14T04:19:12.999Z</time><speed>0.000</speed><sat>16</sat></trkpt>
  <trkpt lat="14.52382350" lon="100.91864216"><ele>-33.660</ele><time>2025-01-14T04:19:13.999Z</time><speed>0.000</speed><sat>18</sat></trkpt>
  <trkpt lat="14.52382350" lon="100.91864216"><ele>-33.257</ele><time>2025-01-14T04:19:14.999Z</time><speed>0.000</speed><sat>16</sat></trkpt>
  <trkpt lat="14.52382350" lon="100.91864216"><ele>-33.154</ele><time>2025-01-14T04:19:15.999Z</time><speed>0.000</speed><sat>15</sat></trkpt>
  <trkpt lat="14.52382350" lon="100.91864216"><ele>-32.976</ele><time>2025-01-14T04:19:16.999Z</time><speed>0.000</speed><sat>17</sat></trkpt>
  <trkpt lat="14.52382350" lon="100.91864216"><ele>-32.855</ele><time>2025-01-14T04:19:17.999Z</time><speed>0.000</speed><sat>15</sat></trkpt>
  <trkpt lat="14.52382350" lon="100.91864216"><ele>-32.518</ele><time>2025-01-14T04:19:18.999Z</time><speed>0.000</speed><sat>16</sat></trkpt>
  <trkpt lat="14.52378133" lon="100.91861907"><ele>-32.345</ele><time>2025-01-14T04:19:19.999Z</time><speed>0.000</speed><sat>17</sat></trkpt>
  <trkpt lat="14.52378133" lon="100.91861907"><ele>-32.155</ele><time>2025-01-14T04:19:20.999Z</time><speed>0.000</speed><sat>16</sat></trkpt>
  <trkpt lat="14.52378133" lon="100.91861907"><ele>-31.704</ele><time>2025-01-14T04:19:21.999Z</time><speed>0.000</speed><sat>17</sat></trkpt>
  <trkpt lat="14.52378133" lon="100.91861907"><ele>-31.656</ele><time>2025-01-14T04:19:22.999Z</time><speed>0.000</speed><sat>17</sat></trkpt>
  <trkpt lat="14.52378133" lon="100.91861907"><ele>-29.634</ele><time>2025-01-14T04:19:23.999Z</time><speed>0.000</speed><sat>19</sat></trkpt>
  <trkpt lat="14.52378133" lon="100.91861907"><ele>-28.253</ele><time>2025-01-14T04:19:24.999Z</time><speed>0.000</speed><sat>18</sat></trkpt>
  <trkpt lat="14.52378133" lon="100.91861907"><ele>-27.564</ele><time>2025-01-14T04:19:25.999Z</time><speed>0.000</speed><sat>19</sat></trkpt>
  <trkpt lat="14.52374037" lon="100.91860325"><ele>-26.835</ele><time>2025-01-14T04:19:26.999Z</time><speed>0.283</speed><sat>17</sat></trkpt>
  <trkpt lat="14.52371524" lon="100.91859735"><ele>-26.594</ele><time>2025-01-14T04:19:27.999Z</time><speed>0.356</speed><sat>18</sat></trkpt>
  <trkpt lat="14.52369682" lon="100.91859380"><ele>-26.355</ele><time>2025-01-14T04:19:28.999Z</time><speed>0.383</speed><sat>18</sat></trkpt>
  <trkpt lat="14.52369041" lon="100.91859082"><ele>-26.142</ele><time>2025-01-14T04:19:29.999Z</time><speed>0.000</speed><sat>19</sat></trkpt>
  <trkpt lat="14.52367641" lon="100.91859059"><ele>-26.033</ele><time>2025-01-14T04:19:30.999Z</time><speed>0.393</speed><sat>19</sat></trkpt>
  <trkpt lat="14.52366605" lon="100.91859056"><ele>-25.503</ele><time>2025-01-14T04:19:31.999Z</time><speed>0.518</speed><sat>19</sat></trkpt>
  <trkpt lat="14.52365918" lon="100.91858613"><ele>-25.192</ele><time>2025-01-14T04:19:32.999Z</time><speed>0.517</speed><sat>17</sat></trkpt>
  <trkpt lat="14.52364829" lon="100.91858110"><ele>-24.688</ele><time>2025-01-14T04:19:33.999Z</time><speed>0.643</speed><sat>19</sat></trkpt>
  <trkpt lat="14.52363526" lon="100.91857698"><ele>-24.318</ele><time>2025-01-14T04:19:34.999Z</time><speed>0.570</speed><sat>19</sat></trkpt>
  <trkpt lat="14.52362800" lon="100.91856916"><ele>-24.230</ele><time>2025-01-14T04:19:35.999Z</time><speed>0.000</speed><sat>18</sat></trkpt>
  <trkpt lat="14.52362800" lon="100.91856916"><ele>-24.045</ele><time>2025-01-14T04:19:36.999Z</time><speed>0.000</speed><sat>18</sat></trkpt>
  <trkpt lat="14.52361139" lon="100.91856860"><ele>-23.177</ele><time>2025-01-14T04:19:37.999Z</time><speed>0.298</speed><sat>20</sat></trkpt>
  <trkpt lat="14.52360572" lon="100.91857020"><ele>-22.205</ele><time>2025-01-14T04:19:38.999Z</time><speed>0.000</speed><sat>21</sat></trkpt>
  <trkpt lat="14.52359858" lon="100.91856416"><ele>-22.148</ele><time>2025-01-14T04:19:39.999Z</time><speed>0.426</speed><sat>20</sat></trkpt>
  <trkpt lat="14.52357466" lon="100.91857833"><ele>-21.263</ele><time>2025-01-14T04:19:40.999Z</time><speed>0.479</speed><sat>22</sat></trkpt>
  <trkpt lat="14.52355979" lon="100.91858372"><ele>-20.585</ele><time>2025-01-14T04:19:41.999Z</time><speed>0.481</speed><sat>21</sat></trkpt>
  <trkpt lat="14.52354436" lon="100.91858721"><ele>-19.701</ele><time>2025-01-14T04:19:42.999Z</time><speed>0.288</speed><sat>24</sat></trkpt>
  <trkpt lat="14.52353624" lon="100.91858716"><ele>-19.825</ele><time>2025-01-14T04:19:43.999Z</time><speed>0.000</speed><sat>24</sat></trkpt>
  <trkpt lat="14.52353624" lon="100.91858716"><ele>-20.042</ele><time>2025-01-14T04:19:44.999Z</time><speed>0.000</speed><sat>25</sat></trkpt>
  <trkpt lat="14.52352494" lon="100.91857422"><ele>-19.279</ele><time>2025-01-14T04:19:45.999Z</time><speed>0.698</speed><sat>24</sat></trkpt>
  <trkpt lat="14.52351647" lon="100.91857051"><ele>-18.660</ele><time>2025-01-14T04:19:46.999Z</time><speed>0.000</speed><sat>24</sat></trkpt>
  <trkpt lat="14.52350799" lon="100.91856461"><ele>-18.262</ele><time>2025-01-14T04:19:47.999Z</time><speed>0.332</speed><sat>24</sat></trkpt>
  <trkpt lat="14.52349738" lon="100.91855569"><ele>-17.974</ele><time>2025-01-14T04:19:48.999Z</time><speed>0.679</speed><sat>25</sat></trkpt>
  <trkpt lat="14.52348705" lon="100.91854511"><ele>-17.598</ele><time>2025-01-14T04:19:49.999Z</time><speed>0.520</speed><sat>23</sat></trkpt>
  <trkpt lat="14.52348358" lon="100.91853330"><ele>-18.512</ele><time>2025-01-14T04:19:50.999Z</time><speed>0.000</speed><sat>21</sat></trkpt>
  <trkpt lat="14.52348358" lon="100.91853330"><ele>-18.527</ele><time>2025-01-14T04:19:51.999Z</time><speed>0.000</speed><sat>25</sat></trkpt>
  <trkpt lat="14.52346205" lon="100.91853775"><ele>-19.035</ele><time>2025-01-14T04:19:52.999Z</time><speed>0.502</speed><sat>24</sat></trkpt>
  <trkpt lat="14.52344693" lon="100.91854033"><ele>-18.928</ele><time>2025-01-14T04:19:53.999Z</time><speed>0.534</speed><sat>25</sat></trkpt>
  <trkpt lat="14.52343133" lon="100.91854499"><ele>-18.519</ele><time>2025-01-14T04:19:54.999Z</time><speed>0.576</speed><sat>24</sat></trkpt>
  <trkpt lat="14.52341480" lon="100.91854239"><ele>-17.978</ele><time>2025-01-14T04:19:55.999Z</time><speed>0.619</speed><sat>23</sat></trkpt>
  <trkpt lat="14.52339796" lon="100.91854435"><ele>-17.695</ele><time>2025-01-14T04:19:56.999Z</time><speed>0.651</speed><sat>25</sat></trkpt>
  <trkpt lat="14.52338646" lon="100.91853842"><ele>-16.716</ele><time>2025-01-14T04:19:57.999Z</time><speed>0.843</speed><sat>25</sat></trkpt>
  <trkpt lat="14.52336425" lon="100.91853806"><ele>-16.093</ele><time>2025-01-14T04:19:58.999Z</time><speed>0.981</speed><sat>25</sat></trkpt>
  <trkpt lat="14.52335075" lon="100.91853428"><ele>-15.543</ele><time>2025-01-14T04:19:59.999Z</time><speed>0.826</speed><sat>26</sat></trkpt>
  <trkpt lat="14.52333941" lon="100.91853215"><ele>-15.031</ele><time>2025-01-14T04:20:00.999Z</time><speed>0.925</speed><sat>26</sat></trkpt>
  <trkpt lat="14.52332680" lon="100.91853097"><ele>-14.463</ele><time>2025-01-14T04:20:01.999Z</time><speed>0.872</speed><sat>26</sat></trkpt>
  <trkpt lat="14.52331459" lon="100.91853348"><ele>-14.189</ele><time>2025-01-14T04:20:02.999Z</time><speed>0.674</speed><sat>26</sat></trkpt>
  <trkpt lat="14.52330533" lon="100.91853665"><ele>-13.944</ele><time>2025-01-14T04:20:03.999Z</time><speed>0.571</speed><sat>25</sat></trkpt>
  <trkpt lat="14.52329076" lon="100.91854500"><ele>-13.655</ele><time>2025-01-14T04:20:04.999Z</time><speed>0.417</speed><sat>25</sat></trkpt>
  <trkpt lat="14.52328569" lon="100.91854352"><ele>-13.760</ele><time>2025-01-14T04:20:05.999Z</time><speed>0.000</speed><sat>25</sat></trkpt>
  <trkpt lat="14.52328947" lon="100.91854218"><ele>-13.285</ele><time>2025-01-14T04:20:06.999Z</time><speed>0.396</speed><sat>26</sat></trkpt>
  <trkpt lat="14.52329496" lon="100.91854112"><ele>-12.789</ele><time>2025-01-14T04:20:07.999Z</time><speed>0.561</speed><sat>24</sat></trkpt>
  <trkpt lat="14.52329586" lon="100.91854361"><ele>-13.740</ele><time>2025-01-14T04:20:08.999Z</time><speed>0.000</speed><sat>21</sat></trkpt>
  <trkpt lat="14.52328789" lon="100.91854025"><ele>-13.297</ele><time>2025-01-14T04:20:09.999Z</time><speed>0.361</speed><sat>20</sat></trkpt>
  <trkpt lat="14.52328335" lon="100.91854126"><ele>-13.724</ele><time>2025-01-14T04:20:10.999Z</time><speed>0.000</speed><sat>23</sat></trkpt>
  <trkpt lat="14.52328335" lon="100.91854126"><ele>-14.170</ele><time>2025-01-14T04:20:11.999Z</time><speed>0.000</speed><sat>24</sat></trkpt>
  <trkpt lat="14.52328335" lon="100.91854126"><ele>-14.538</ele><time>2025-01-14T04:20:12.999Z</time><speed>0.000</speed><sat>22</sat></trkpt>
  <trkpt lat="14.52328335" lon="100.91854126"><ele>-14.930</ele><time>2025-01-14T04:20:13.999Z</time><speed>0.000</speed><sat>21</sat></trkpt>
  <trkpt lat="14.52328335" lon="100.91854126"><ele>-15.378</ele><time>2025-01-14T04:20:14.999Z</time><speed>0.000</speed><sat>17</sat></trkpt>
  <trkpt lat="14.52328335" lon="100.91854126"><ele>-15.473</ele><time>2025-01-14T04:20:15.999Z</time><speed>0.000</speed><sat>20</sat></trkpt>
  <trkpt lat="14.52328335" lon="100.91854126"><ele>-15.661</ele><time>2025-01-14T04:20:16.999Z</time><speed>0.000</speed><sat>22</sat></trkpt>
  <trkpt lat="14.52328335" lon="100.91854126"><ele>-15.890</ele><time>2025-01-14T04:20:17.999Z</time><speed>0.000</speed><sat>22</sat></trkpt>
  <trkpt lat="14.52328335" lon="100.91854126"><ele>-15.896</ele><time>2025-01-14T04:20:18.999Z</time><speed>0.000</speed><sat>23</sat></trkpt>
  <trkpt lat="14.52327513" lon="100.91854059"><ele>-15.865</ele><time>2025-01-14T04:20:19.999Z</time><speed>0.679</speed><sat>25</sat></trkpt>
  <trkpt lat="14.52328341" lon="100.91852397"><ele>-16.009</ele><time>2025-01-14T04:20:20.999Z</time><speed>0.867</speed><sat>23</sat></trkpt>
  <trkpt lat="14.52329675" lon="100.91849800"><ele>-16.009</ele><time>2025-01-14T04:20:21.999Z</time><speed>0.984</speed><sat>23</sat></trkpt>
  <trkpt lat="14.52330394" lon="100.91848717"><ele>-16.146</ele><time>2025-01-14T04:20:22.999Z</time><speed>0.925</speed><sat>24</sat></trkpt>
  <trkpt lat="14.52331886" lon="100.91847092"><ele>-16.528</ele><time>2025-01-14T04:20:23.999Z</time><speed>0.533</speed><sat>25</sat></trkpt>
  <trkpt lat="14.52332990" lon="100.91845418"><ele>-15.586</ele><time>2025-01-14T04:20:24.999Z</time><speed>1.149</speed><sat>25</sat></trkpt>
  <trkpt lat="14.52334297" lon="100.91843732"><ele>-15.382</ele><time>2025-01-14T04:20:25.999Z</time><speed>1.097</speed><sat>25</sat></trkpt>
  <trkpt lat="14.52335154" lon="100.91842304"><ele>-14.992</ele><time>2025-01-14T04:20:26.999Z</time><speed>0.785</speed><sat>25</sat></trkpt>
  <trkpt lat="14.52336241" lon="100.91841463"><ele>-14.778</ele><time>2025-01-14T04:20:27.999Z</time><speed>0.489</speed><sat>25</sat></trkpt>
  <trkpt lat="14.52335742" lon="100.91841177"><ele>-14.481</ele><time>2025-01-14T04:20:28.999Z</time><speed>0.432</speed><sat>24</sat></trkpt>
  <trkpt lat="14.52335819" lon="100.91840366"><ele>-14.421</ele><time>2025-01-14T04:20:29.999Z</time><speed>0.000</speed><sat>24</sat></trkpt>
  <trkpt lat="14.52335819" lon="100.91840366"><ele>-14.350</ele><time>2025-01-14T04:20:30.999Z</time><speed>0.000</speed><sat>23</sat></trkpt>
  <trkpt lat="14.52335819" lon="100.91840366"><ele>-14.093</ele><time>2025-01-14T04:20:31.999Z</time><speed>0.000</speed><sat>24</sat></trkpt>
  <trkpt lat="14.52335819" lon="100.91840366"><ele>-13.412</ele><time>2025-01-14T04:20:32.999Z</time><speed>0.000</speed><sat>25</sat></trkpt>
  <trkpt lat="14.52335819" lon="100.91840366"><ele>-12.069</ele><time>2025-01-14T04:20:33.999Z</time><speed>0.000</speed><sat>24</sat></trkpt>
  <trkpt lat="14.52335819" lon="100.91840366"><ele>-12.008</ele><time>2025-01-14T04:20:34.999Z</time><speed>0.000</speed><sat>24</sat></trkpt>
  <trkpt lat="14.52335819" lon="100.91840366"><ele>-12.023</ele><time>2025-01-14T04:20:35.999Z</time><speed>0.000</speed><sat>24</sat></trkpt>
  <trkpt lat="14.52335819" lon="100.91840366"><ele>-11.797</ele><time>2025-01-14T04:20:36.999Z</time><speed>0.000</speed><sat>22</sat></trkpt>
  <trkpt lat="14.52335819" lon="100.91840366"><ele>-11.667</ele><time>2025-01-14T04:20:37.999Z</time><speed>0.000</speed><sat>22</sat></trkpt>
  <trkpt lat="14.52335819" lon="100.91840366"><ele>-11.949</ele><time>2025-01-14T04:20:38.999Z</time><speed>0.000</speed><sat>22</sat></trkpt>
  <trkpt lat="14.52335819" lon="100.91840366"><ele>-12.025</ele><time>2025-01-14T04:20:39.999Z</time><speed>0.000</speed><sat>21</sat></trkpt>
  <trkpt lat="14.52335819" lon="100.91840366"><ele>-12.330</ele><time>2025-01-14T04:20:40.999Z</time><speed>0.000</speed><sat>22</sat></trkpt>
  <trkpt lat="14.52335257" lon="100.91841934"><ele>-12.579</ele><time>2025-01-14T04:20:41.999Z</time><speed>0.412</speed><sat>22</sat></trkpt>
  <trkpt lat="14.52333713" lon="100.91843228"><ele>-12.969</ele><time>2025-01-14T04:20:42.999Z</time><speed>0.605</speed><sat>24</sat></trkpt>
  <trkpt lat="14.52332314" lon="100.91844225"><ele>-13.141</ele><time>2025-01-14T04:20:43.999Z</time><speed>0.444</speed><sat>23</sat></trkpt>
  <trkpt lat="14.52330185" lon="100.91845601"><ele>-13.103</ele><time>2025-01-14T04:20:44.999Z</time><speed>1.055</speed><sat>23</sat></trkpt>
  <trkpt lat="14.52328017" lon="100.91846176"><ele>-12.804</ele><time>2025-01-14T04:20:45.999Z</time><speed>0.927</speed><sat>24</sat></trkpt>
  <trkpt lat="14.52326644" lon="100.91846315"><ele>-12.762</ele><time>2025-01-14T04:20:46.999Z</time><speed>0.600</speed><sat>23</sat></trkpt>
  <trkpt lat="14.52325558" lon="100.91845775"><ele>-12.948</ele><time>2025-01-14T04:20:47.999Z</time><speed>0.533</speed><sat>24</sat></trkpt>
  <trkpt lat="14.52324327" lon="100.91845595"><ele>-12.230</ele><time>2025-01-14T04:20:48.999Z</time><speed>0.563</speed><sat>23</sat></trkpt>
  <trkpt lat="14.52323463" lon="100.91845287"><ele>-11.687</ele><time>2025-01-14T04:20:49.999Z</time><speed>0.879</speed><sat>25</sat></trkpt>
  <trkpt lat="14.52322853" lon="100.91844274"><ele>-11.420</ele><time>2025-01-14T04:20:50.999Z</time><speed>0.744</speed><sat>24</sat></trkpt>
  <trkpt lat="14.52323335" lon="100.91842415"><ele>-12.043</ele><time>2025-01-14T04:20:51.999Z</time><speed>1.245</speed><sat>22</sat></trkpt>
  <trkpt lat="14.52323213" lon="100.91840922"><ele>-11.892</ele><time>2025-01-14T04:20:52.999Z</time><speed>0.657</speed><sat>25</sat></trkpt>
  <trkpt lat="14.52323585" lon="100.91839371"><ele>-11.039</ele><time>2025-01-14T04:20:53.999Z</time><speed>0.510</speed><sat>24</sat></trkpt>
  <trkpt lat="14.52323961" lon="100.91839172"><ele>-10.965</ele><time>2025-01-14T04:20:54.999Z</time><speed>0.000</speed><sat>23</sat></trkpt>
  <trkpt lat="14.52324503" lon="100.91838978"><ele>-11.376</ele><time>2025-01-14T04:20:55.999Z</time><speed>0.596</speed><sat>25</sat></trkpt>
  <trkpt lat="14.52325678" lon="100.91838291"><ele>-11.690</ele><time>2025-01-14T04:20:56.999Z</time><speed>0.674</speed><sat>25</sat></trkpt>
  <trkpt lat="14.52326902" lon="100.91837483"><ele>-11.639</ele><time>2025-01-14T04:20:57.999Z</time><speed>0.874</speed><sat>25</sat></trkpt>
  <trkpt lat="14.52328446" lon="100.91836364"><ele>-11.561</ele><time>2025-01-14T04:20:58.999Z</time><speed>0.763</speed><sat>25</sat></trkpt>
  <trkpt lat="14.52329909" lon="100.91835348"><ele>-11.892</ele><time>2025-01-14T04:20:59.999Z</time><speed>0.667</speed><sat>24</sat></trkpt>
  <trkpt lat="14.52331165" lon="100.91834462"><ele>-11.918</ele><time>2025-01-14T04:21:00.999Z</time><speed>0.537</speed><sat>25</sat></trkpt>
  <trkpt lat="14.52332402" lon="100.91833114"><ele>-12.269</ele><time>2025-01-14T04:21:01.999Z</time><speed>0.494</speed><sat>24</sat></trkpt>
  <trkpt lat="14.52333398" lon="100.91832181"><ele>-12.323</ele><time>2025-01-14T04:21:02.999Z</time><speed>0.466</speed><sat>23</sat></trkpt>
  <trkpt lat="14.52335213" lon="100.91832489"><ele>-12.244</ele><time>2025-01-14T04:21:03.999Z</time><speed>0.629</speed><sat>25</sat></trkpt>
  <trkpt lat="14.52336886" lon="100.91832773"><ele>-12.368</ele><time>2025-01-14T04:21:04.999Z</time><speed>0.621</speed><sat>25</sat></trkpt>
  <trkpt lat="14.52338121" lon="100.91832776"><ele>-12.389</ele><time>2025-01-14T04:21:05.999Z</time><speed>0.489</speed><sat>24</sat></trkpt>
  <trkpt lat="14.52338911" lon="100.91832820"><ele>-12.325</ele><time>2025-01-14T04:21:06.999Z</time><speed>0.418</speed><sat>25</sat></trkpt>
  <trkpt lat="14.52340049" lon="100.91832622"><ele>-12.582</ele><time>2025-01-14T04:21:07.999Z</time><speed>0.546</speed><sat>26</sat></trkpt>
  <trkpt lat="14.52340859" lon="100.91832664"><ele>-11.373</ele><time>2025-01-14T04:21:08.999Z</time><speed>0.000</speed><sat>25</sat></trkpt>
  <trkpt lat="14.52342102" lon="100.91832729"><ele>-11.101</ele><time>2025-01-14T04:21:09.999Z</time><speed>0.568</speed><sat>25</sat></trkpt>
  <trkpt lat="14.52343696" lon="100.91832105"><ele>-10.832</ele><time>2025-01-14T04:21:10.999Z</time><speed>0.697</speed><sat>25</sat></trkpt>
  <trkpt lat="14.52345486" lon="100.91831411"><ele>-10.810</ele><time>2025-01-14T04:21:11.999Z</time><speed>0.990</speed><sat>26</sat></trkpt>
  <trkpt lat="14.52347468" lon="100.91831021"><ele>-10.872</ele><time>2025-01-14T04:21:12.999Z</time><speed>0.919</speed><sat>26</sat></trkpt>
  <trkpt lat="14.52349213" lon="100.91830840"><ele>-10.918</ele><time>2025-01-14T04:21:13.999Z</time><speed>0.992</speed><sat>26</sat></trkpt>
  <trkpt lat="14.52350803" lon="100.91830238"><ele>-10.763</ele><time>2025-01-14T04:21:14.999Z</time><speed>0.789</speed><sat>26</sat></trkpt>
  <trkpt lat="14.52352330" lon="100.91830249"><ele>-10.654</ele><time>2025-01-14T04:21:15.999Z</time><speed>0.721</speed><sat>24</sat></trkpt>
  <trkpt lat="14.52353310" lon="100.91830331"><ele>-10.475</ele><time>2025-01-14T04:21:16.999Z</time><speed>0.681</speed><sat>22</sat></trkpt>
  <trkpt lat="14.52354834" lon="100.91830455"><ele>-10.431</ele><time>2025-01-14T04:21:17.999Z</time><speed>0.628</speed><sat>25</sat></trkpt>
  <trkpt lat="14.52356099" lon="100.91830802"><ele>-10.286</ele><time>2025-01-14T04:21:18.999Z</time><speed>0.824</speed><sat>23</sat></trkpt>
  <trkpt lat="14.52358214" lon="100.91831282"><ele>-10.295</ele><time>2025-01-14T04:21:19.999Z</time><speed>0.721</speed><sat>23</sat></trkpt>
  <trkpt lat="14.52359768" lon="100.91830218"><ele>-10.433</ele><time>2025-01-14T04:21:20.999Z</time><speed>0.636</speed><sat>24</sat></trkpt>
  <trkpt lat="14.52361011" lon="100.91830278"><ele>-10.798</ele><time>2025-01-14T04:21:21.999Z</time><speed>0.730</speed><sat>24</sat></trkpt>
  <trkpt lat="14.52362479" lon="100.91830278"><ele>-10.488</ele><time>2025-01-14T04:21:22.999Z</time><speed>0.622</speed><sat>24</sat></trkpt>
  <trkpt lat="14.52363729" lon="100.91828912"><ele>-10.275</ele><time>2025-01-14T04:21:23.999Z</time><speed>0.810</speed><sat>24</sat></trkpt>
  <trkpt lat="14.52365133" lon="100.91828918"><ele>-9.982</ele><time>2025-01-14T04:21:24.999Z</time><speed>0.849</speed><sat>24</sat></trkpt>
  <trkpt lat="14.52366634" lon="100.91829623"><ele>-9.494</ele><time>2025-01-14T04:21:25.999Z</time><speed>0.974</speed><sat>24</sat></trkpt>
  <trkpt lat="14.52368114" lon="100.91829889"><ele>-9.229</ele><time>2025-01-14T04:21:26.999Z</time><speed>1.032</speed><sat>23</sat></trkpt>
  <trkpt lat="14.52369614" lon="100.91830307"><ele>-7.893</ele><time>2025-01-14T04:21:27.999Z</time><speed>0.793</speed><sat>24</sat></trkpt>
  <trkpt lat="14.52370955" lon="100.91829939"><ele>-7.257</ele><time>2025-01-14T04:21:28.999Z</time><speed>0.725</speed><sat>24</sat></trkpt>
  <trkpt lat="14.52372352" lon="100.91829584"><ele>-6.785</ele><time>2025-01-14T04:21:29.999Z</time><speed>0.904</speed><sat>23</sat></trkpt>
  <trkpt lat="14.52373014" lon="100.91828921"><ele>-6.133</ele><time>2025-01-14T04:21:30.999Z</time><speed>0.838</speed><sat>24</sat></trkpt>
  <trkpt lat="14.52372965" lon="100.91828382"><ele>-5.724</ele><time>2025-01-14T04:21:31.999Z</time><speed>0.709</speed><sat>22</sat></trkpt>
  <trkpt lat="14.52373008" lon="100.91827941"><ele>-6.175</ele><time>2025-01-14T04:21:32.999Z</time><speed>0.559</speed><sat>22</sat></trkpt>
  <trkpt lat="14.52373082" lon="100.91827263"><ele>-6.105</ele><time>2025-01-14T04:21:33.999Z</time><speed>0.430</speed><sat>21</sat></trkpt>
  <trkpt lat="14.52372559" lon="100.91826923"><ele>-6.061</ele><time>2025-01-14T04:21:34.999Z</time><speed>0.381</speed><sat>21</sat></trkpt>
  <trkpt lat="14.52372459" lon="100.91826534"><ele>-6.163</ele><time>2025-01-14T04:21:35.999Z</time><speed>0.396</speed><sat>24</sat></trkpt>
  <trkpt lat="14.52372857" lon="100.91826052"><ele>-6.257</ele><time>2025-01-14T04:21:36.999Z</time><speed>0.286</speed><sat>22</sat></trkpt>
  <trkpt lat="14.52373948" lon="100.91825662"><ele>-6.566</ele><time>2025-01-14T04:21:37.999Z</time><speed>0.641</speed><sat>24</sat></trkpt>
  <trkpt lat="14.52375333" lon="100.91825481"><ele>-7.203</ele><time>2025-01-14T04:21:38.999Z</time><speed>0.648</speed><sat>24</sat></trkpt>
  <trkpt lat="14.52376420" lon="100.91825545"><ele>-7.492</ele><time>2025-01-14T04:21:39.999Z</time><speed>0.601</speed><sat>22</sat></trkpt>
  <trkpt lat="14.52377420" lon="100.91826063"><ele>-7.604</ele><time>2025-01-14T04:21:40.999Z</time><speed>0.776</speed><sat>24</sat></trkpt>
  <trkpt lat="14.52379293" lon="100.91826606"><ele>-8.357</ele><time>2025-01-14T04:21:41.999Z</time><speed>0.599</speed><sat>23</sat></trkpt>
  <trkpt lat="14.52380526" lon="100.91826863"><ele>-8.451</ele><time>2025-01-14T04:21:42.999Z</time><speed>1.119</speed><sat>22</sat></trkpt>
  <trkpt lat="14.52381748" lon="100.91826618"><ele>-8.856</ele><time>2025-01-14T04:21:43.999Z</time><speed>0.574</speed><sat>22</sat></trkpt>
  <trkpt lat="14.52381053" lon="100.91826444"><ele>-9.056</ele><time>2025-01-14T04:21:44.999Z</time><speed>0.345</speed><sat>23</sat></trkpt>
  <trkpt lat="14.52380902" lon="100.91826470"><ele>-9.261</ele><time>2025-01-14T04:21:45.999Z</time><speed>0.000</speed><sat>22</sat></trkpt>
  <trkpt lat="14.52380782" lon="100.91826802"><ele>-8.762</ele><time>2025-01-14T04:21:46.999Z</time><speed>0.302</speed><sat>21</sat></trkpt>
  <trkpt lat="14.52380920" lon="100.91826857"><ele>-9.547</ele><time>2025-01-14T04:21:47.999Z</time><speed>0.000</speed><sat>19</sat></trkpt>
  <trkpt lat="14.52381084" lon="100.91826898"><ele>-9.634</ele><time>2025-01-14T04:21:48.999Z</time><speed>0.398</speed><sat>21</sat></trkpt>
  <trkpt lat="14.52381498" lon="100.91826674"><ele>-9.779</ele><time>2025-01-14T04:21:49.999Z</time><speed>0.480</speed><sat>24</sat></trkpt>
  <trkpt lat="14.52381551" lon="100.91826306"><ele>-9.786</ele><time>2025-01-14T04:21:50.999Z</time><speed>0.627</speed><sat>21</sat></trkpt>
  <trkpt lat="14.52381674" lon="100.91825983"><ele>-9.741</ele><time>2025-01-14T04:21:51.999Z</time><speed>0.668</speed><sat>20</sat></trkpt>
  <trkpt lat="14.52381440" lon="100.91826021"><ele>-9.907</ele><time>2025-01-14T04:21:52.999Z</time><speed>0.000</speed><sat>19</sat></trkpt>
  <trkpt lat="14.52381440" lon="100.91826021"><ele>-10.406</ele><time>2025-01-14T04:21:54.999Z</time><speed>0.000</speed><sat>16</sat></trkpt>
  <trkpt lat="14.52381040" lon="100.91825606"><ele>-10.288</ele><time>2025-01-14T04:21:55.999Z</time><speed>0.493</speed><sat>15</sat></trkpt>
  <trkpt lat="14.52381303" lon="100.91825012"><ele>-9.931</ele><time>2025-01-14T04:21:56.999Z</time><speed>0.511</speed><sat>15</sat></trkpt>
  <trkpt lat="14.52381560" lon="100.91824394"><ele>-9.562</ele><time>2025-01-14T04:21:57.999Z</time><speed>0.568</speed><sat>12</sat></trkpt>
  <trkpt lat="14.52381287" lon="100.91824058"><ele>-9.321</ele><time>2025-01-14T04:21:58.999Z</time><speed>0.481</speed><sat>10</sat></trkpt>
  <trkpt lat="14.52381023" lon="100.91823799"><ele>-9.706</ele><time>2025-01-14T04:21:59.999Z</time><speed>0.000</speed><sat>10</sat></trkpt>
  <trkpt lat="14.52381023" lon="100.91823799"><ele>-9.597</ele><time>2025-01-14T04:22:00.999Z</time><speed>0.000</speed><sat>8</sat></trkpt>
  <trkpt lat="14.52381023" lon="100.91823799"><ele>-9.516</ele><time>2025-01-14T04:22:01.999Z</time><speed>0.000</speed><sat>8</sat></trkpt>
  <trkpt lat="14.52381023" lon="100.91823799"><ele>-9.245</ele><time>2025-01-14T04:22:02.999Z</time><speed>0.000</speed><sat>7</sat></trkpt>
  <trkpt lat="14.52381023" lon="100.91823799"><ele>-8.989</ele><time>2025-01-14T04:22:03.999Z</time><speed>0.000</speed><sat>7</sat></trkpt>
  <trkpt lat="14.52381023" lon="100.91823799"><ele>-10.250</ele><time>2025-01-14T04:22:04.999Z</time><speed>0.000</speed><sat>7</sat></trkpt>
  <trkpt lat="14.52381023" lon="100.91823799"><ele>-10.210</ele><time>2025-01-14T04:22:05.999Z</time><speed>0.000</speed><sat>5</sat></trkpt>
  <trkpt lat="14.52381023" lon="100.91823799"><ele>-10.236</ele><time>2025-01-14T04:22:06.999Z</time><speed>0.000</speed><sat>5</sat></trkpt>
  <trkpt lat="14.52381023" lon="100.91823799"><ele>-10.133</ele><time>2025-01-14T04:22:07.999Z</time><speed>0.000</speed><sat>5</sat></trkpt>
  <trkpt lat="14.52381023" lon="100.91823799"><ele>-9.921</ele><time>2025-01-14T04:22:08.999Z</time><speed>0.000</speed><sat>5</sat></trkpt>
  <trkpt lat="14.52381023" lon="100.91823799"><ele>-9.761</ele><time>2025-01-14T04:22:09.999Z</time><speed>0.000</speed><sat>4</sat></trkpt>
  <trkpt lat="14.52378898" lon="100.91820864"><ele>-9.692</ele><time>2025-01-14T04:22:10.999Z</time><speed>0.601</speed><sat>5</sat></trkpt>
  <trkpt lat="14.52377848" lon="100.91821463"><ele>-9.869</ele><time>2025-01-14T04:22:11.999Z</time><speed>0.776</speed><sat>6</sat></trkpt>
  <trkpt lat="14.52377240" lon="100.91821198"><ele>-10.028</ele><time>2025-01-14T04:22:12.999Z</time><speed>0.897</speed><sat>6</sat></trkpt>
  <trkpt lat="14.52377222" lon="100.91820642"><ele>-10.307</ele><time>2025-01-14T04:22:13.999Z</time><speed>1.105</speed><sat>6</sat></trkpt>
  <trkpt lat="14.52377333" lon="100.91820064"><ele>-10.483</ele><time>2025-01-14T04:22:14.999Z</time><speed>1.099</speed><sat>6</sat></trkpt>
  <trkpt lat="14.52378886" lon="100.91819899"><ele>-10.418</ele><time>2025-01-14T04:22:15.999Z</time><speed>0.897</speed><sat>6</sat></trkpt>
  <trkpt lat="14.52379043" lon="100.91819707"><ele>-10.357</ele><time>2025-01-14T04:22:16.999Z</time><speed>0.736</speed><sat>7</sat></trkpt>
  <trkpt lat="14.52379151" lon="100.91819319"><ele>-9.265</ele><time>2025-01-14T04:22:17.999Z</time><speed>0.710</speed><sat>7</sat></trkpt>
  <trkpt lat="14.52379433" lon="100.91819512"><ele>-8.637</ele><time>2025-01-14T04:22:18.999Z</time><speed>0.629</speed><sat>10</sat></trkpt>
  <trkpt lat="14.52380283" lon="100.91820528"><ele>-8.515</ele><time>2025-01-14T04:22:19.999Z</time><speed>0.632</speed><sat>9</sat></trkpt>
  <trkpt lat="14.52380551" lon="100.91821291"><ele>-7.741</ele><time>2025-01-14T04:22:20.999Z</time><speed>0.516</speed><sat>8</sat></trkpt>
  <trkpt lat="14.52380659" lon="100.91821055"><ele>-6.248</ele><time>2025-01-14T04:22:21.999Z</time><speed>0.000</speed><sat>8</sat></trkpt>
  <trkpt lat="14.52380659" lon="100.91821055"><ele>-6.050</ele><time>2025-01-14T04:22:22.999Z</time><speed>0.000</speed><sat>7</sat></trkpt>
  <trkpt lat="14.52380659" lon="100.91821055"><ele>-5.988</ele><time>2025-01-14T04:22:23.999Z</time><speed>0.000</speed><sat>8</sat></trkpt>
  <trkpt lat="14.52380659" lon="100.91821055"><ele>-6.648</ele><time>2025-01-14T04:22:24.999Z</time><speed>0.000</speed><sat>8</sat></trkpt>
  <trkpt lat="14.52380659" lon="100.91821055"><ele>-7.894</ele><time>2025-01-14T04:22:25.999Z</time><speed>0.000</speed><sat>7</sat></trkpt>
  <trkpt lat="14.52380659" lon="100.91821055"><ele>-8.785</ele><time>2025-01-14T04:22:26.999Z</time><speed>0.000</speed><sat>6</sat></trkpt>
  <trkpt lat="14.52380659" lon="100.91821055"><ele>-9.157</ele><time>2025-01-14T04:22:27.999Z</time><speed>0.000</speed><sat>8</sat></trkpt>
  <trkpt lat="14.52380659" lon="100.91821055"><ele>-9.533</ele><time>2025-01-14T04:22:28.999Z</time><speed>0.000</speed><sat>9</sat></trkpt>
  <trkpt lat="14.52380659" lon="100.91821055"><ele>-9.660</ele><time>2025-01-14T04:22:29.999Z</time><speed>0.000</speed><sat>8</sat></trkpt>
  <trkpt lat="14.52380659" lon="100.91821055"><ele>-10.368</ele><time>2025-01-14T04:22:30.999Z</time><speed>0.000</speed><sat>9</sat></trkpt>
  <trkpt lat="14.52380659" lon="100.91821055"><ele>-9.816</ele><time>2025-01-14T04:22:31.999Z</time><speed>0.000</speed><sat>11</sat></trkpt>
  <trkpt lat="14.52380659" lon="100.91821055"><ele>-9.925</ele><time>2025-01-14T04:22:32.999Z</time><speed>0.000</speed><sat>12</sat></trkpt>
  <trkpt lat="14.52380659" lon="100.91821055"><ele>-10.226</ele><time>2025-01-14T04:22:33.999Z</time><speed>0.000</speed><sat>10</sat></trkpt>
  <trkpt lat="14.52380659" lon="100.91821055"><ele>-9.931</ele><time>2025-01-14T04:22:34.999Z</time><speed>0.000</speed><sat>14</sat></trkpt>
  <trkpt lat="14.52380659" lon="100.91821055"><ele>-9.679</ele><time>2025-01-14T04:22:35.999Z</time><speed>0.000</speed><sat>11</sat></trkpt>
  <trkpt lat="14.52380659" lon="100.91821055"><ele>-9.494</ele><time>2025-01-14T04:22:36.999Z</time><speed>0.000</speed><sat>12</sat></trkpt>
  <trkpt lat="14.52380659" lon="100.91821055"><ele>-9.313</ele><time>2025-01-14T04:22:37.999Z</time><speed>0.000</speed><sat>7</sat></trkpt>
  <trkpt lat="14.52380659" lon="100.91821055"><ele>-9.183</ele><time>2025-01-14T04:22:38.999Z</time><speed>0.000</speed><sat>6</sat></trkpt>
  <trkpt lat="14.52380659" lon="100.91821055"><ele>-8.969</ele><time>2025-01-14T04:22:39.999Z</time><speed>0.000</speed><sat>6</sat></trkpt>
  <trkpt lat="14.52380659" lon="100.91821055"><ele>-8.873</ele><time>2025-01-14T04:22:40.999Z</time><speed>0.000</speed><sat>4</sat></trkpt>
  <trkpt lat="14.52380659" lon="100.91821055"><ele>-8.228</ele><time>2025-01-14T04:22:42.999Z</time><speed>0.000</speed><sat>5</sat></trkpt>
  <trkpt lat="14.52380659" lon="100.91821055"><ele>-7.512</ele><time>2025-01-14T04:22:44.999Z</time><speed>0.000</speed><sat>5</sat></trkpt>
  <trkpt lat="14.52380659" lon="100.91821055"><ele>-7.139</ele><time>2025-01-14T04:22:45.999Z</time><speed>0.000</speed><sat>5</sat></trkpt>
  <trkpt lat="14.52380659" lon="100.91821055"><ele>-6.615</ele><time>2025-01-14T04:22:47.999Z</time><speed>0.000</speed><sat>5</sat></trkpt>
  <trkpt lat="14.52380659" lon="100.91821055"><ele>-6.426</ele><time>2025-01-14T04:22:48.999Z</time><speed>0.000</speed><sat>5</sat></trkpt>
  <trkpt lat="14.52380659" lon="100.91821055"><ele>-6.435</ele><time>2025-01-14T04:22:49.999Z</time><speed>0.000</speed><sat>4</sat></trkpt>
  <trkpt lat="14.52380659" lon="100.91821055"><ele>-6.367</ele><time>2025-01-14T04:22:50.999Z</time><speed>0.000</speed><sat>4</sat></trkpt>
  <trkpt lat="14.52380659" lon="100.91821055"><ele>-6.553</ele><time>2025-01-14T04:22:52.999Z</time><speed>0.000</speed><sat>4</sat></trkpt>
  <trkpt lat="14.52379572" lon="100.91832894"><ele>-11.181</ele><time>2025-01-14T04:25:09.999Z</time><speed>0.000</speed><sat>12</sat></trkpt>
  <trkpt lat="14.52379572" lon="100.91832894"><ele>-11.428</ele><time>2025-01-14T04:25:10.999Z</time><speed>0.000</speed><sat>10</sat></trkpt>
  <trkpt lat="14.52379572" lon="100.91832894"><ele>-11.315</ele><time>2025-01-14T04:25:11.999Z</time><speed>0.000</speed><sat>11</sat></trkpt>
  <trkpt lat="14.52379572" lon="100.91832894"><ele>-13.197</ele><time>2025-01-14T04:25:12.999Z</time><speed>0.000</speed><sat>7</sat></trkpt>
  <trkpt lat="14.52379572" lon="100.91832894"><ele>-12.757</ele><time>2025-01-14T04:25:13.999Z</time><speed>0.000</speed><sat>6</sat></trkpt>
  <trkpt lat="14.52379572" lon="100.91832894"><ele>-12.531</ele><time>2025-01-14T04:25:14.999Z</time><speed>0.000</speed><sat>6</sat></trkpt>
  <trkpt lat="14.52379572" lon="100.91832894"><ele>-12.511</ele><time>2025-01-14T04:25:15.999Z</time><speed>0.000</speed><sat>7</sat></trkpt>
  <trkpt lat="14.52379572" lon="100.91832894"><ele>-12.146</ele><time>2025-01-14T04:25:16.999Z</time><speed>0.000</speed><sat>5</sat></trkpt>
  <trkpt lat="14.52379572" lon="100.91832894"><ele>-12.234</ele><time>2025-01-14T04:25:17.999Z</time><speed>0.000</speed><sat>7</sat></trkpt>
  <trkpt lat="14.52379572" lon="100.91832894"><ele>-11.749</ele><time>2025-01-14T04:25:18.999Z</time><speed>0.000</speed><sat>5</sat></trkpt>
  <trkpt lat="14.52379572" lon="100.91832894"><ele>-11.323</ele><time>2025-01-14T04:25:19.999Z</time><speed>0.000</speed><sat>7</sat></trkpt>
  <trkpt lat="14.52379572" lon="100.91832894"><ele>-10.860</ele><time>2025-01-14T04:25:20.999Z</time><speed>0.000</speed><sat>5</sat></trkpt>
  <trkpt lat="14.52379572" lon="100.91832894"><ele>-10.662</ele><time>2025-01-14T04:25:21.999Z</time><speed>0.000</speed><sat>5</sat></trkpt>
  <trkpt lat="14.52379572" lon="100.91832894"><ele>-10.765</ele><time>2025-01-14T04:25:22.999Z</time><speed>0.000</speed><sat>7</sat></trkpt>
  <trkpt lat="14.52379572" lon="100.91832894"><ele>-10.630</ele><time>2025-01-14T04:25:23.999Z</time><speed>0.000</speed><sat>5</sat></trkpt>
  <trkpt lat="14.52379572" lon="100.91832894"><ele>-10.217</ele><time>2025-01-14T04:25:24.999Z</time><speed>0.000</speed><sat>8</sat></trkpt>
  <trkpt lat="14.52379572" lon="100.91832894"><ele>-9.823</ele><time>2025-01-14T04:25:25.999Z</time><speed>0.000</speed><sat>9</sat></trkpt>
  <trkpt lat="14.52379572" lon="100.91832894"><ele>-9.518</ele><time>2025-01-14T04:25:26.999Z</time><speed>0.000</speed><sat>11</sat></trkpt>
  <trkpt lat="14.52379572" lon="100.91832894"><ele>-9.016</ele><time>2025-01-14T04:25:27.999Z</time><speed>0.000</speed><sat>13</sat></trkpt>
  <trkpt lat="14.52379572" lon="100.91832894"><ele>-8.993</ele><time>2025-01-14T04:25:28.999Z</time><speed>0.000</speed><sat>17</sat></trkpt>
  <trkpt lat="14.52379572" lon="100.91832894"><ele>-9.288</ele><time>2025-01-14T04:25:29.999Z</time><speed>0.000</speed><sat>18</sat></trkpt>
  <trkpt lat="14.52379572" lon="100.91832894"><ele>-8.747</ele><time>2025-01-14T04:25:30.999Z</time><speed>0.000</speed><sat>19</sat></trkpt>
  <trkpt lat="14.52379572" lon="100.91832894"><ele>-8.078</ele><time>2025-01-14T04:25:31.999Z</time><speed>0.000</speed><sat>19</sat></trkpt>
  <trkpt lat="14.52379572" lon="100.91832894"><ele>-7.781</ele><time>2025-01-14T04:25:32.999Z</time><speed>0.000</speed><sat>21</sat></trkpt>
  <trkpt lat="14.52379572" lon="100.91832894"><ele>-8.415</ele><time>2025-01-14T04:25:33.999Z</time><speed>0.000</speed><sat>23</sat></trkpt>
  <trkpt lat="14.52379572" lon="100.91832894"><ele>-9.660</ele><time>2025-01-14T04:25:34.999Z</time><speed>0.000</speed><sat>26</sat></trkpt>
  <trkpt lat="14.52379572" lon="100.91832894"><ele>-8.632</ele><time>2025-01-14T04:25:35.999Z</time><speed>0.000</speed><sat>27</sat></trkpt>
  <trkpt lat="14.52379572" lon="100.91832894"><ele>-9.241</ele><time>2025-01-14T04:25:36.999Z</time><speed>0.000</speed><sat>27</sat></trkpt>
  <trkpt lat="14.52378098" lon="100.91831225"><ele>-10.054</ele><time>2025-01-14T04:25:37.999Z</time><speed>0.956</speed><sat>24</sat></trkpt>
  <trkpt lat="14.52375932" lon="100.91830546"><ele>-10.696</ele><time>2025-01-14T04:25:38.999Z</time><speed>1.141</speed><sat>23</sat></trkpt>
  <trkpt lat="14.52373932" lon="100.91830639"><ele>-10.670</ele><time>2025-01-14T04:25:39.999Z</time><speed>0.991</speed><sat>26</sat></trkpt>
  <trkpt lat="14.52371957" lon="100.91830912"><ele>-10.922</ele><time>2025-01-14T04:25:40.999Z</time><speed>0.868</speed><sat>27</sat></trkpt>
  <trkpt lat="14.52370765" lon="100.91830904"><ele>-10.164</ele><time>2025-01-14T04:25:41.999Z</time><speed>0.799</speed><sat>26</sat></trkpt>
  <trkpt lat="14.52370111" lon="100.91830813"><ele>-10.082</ele><time>2025-01-14T04:25:42.999Z</time><speed>1.003</speed><sat>25</sat></trkpt>
  <trkpt lat="14.52368721" lon="100.91830834"><ele>-10.320</ele><time>2025-01-14T04:25:43.999Z</time><speed>1.146</speed><sat>21</sat></trkpt>
  <trkpt lat="14.52367175" lon="100.91830856"><ele>-10.306</ele><time>2025-01-14T04:25:44.999Z</time><speed>0.496</speed><sat>25</sat></trkpt>
  <trkpt lat="14.52366096" lon="100.91830578"><ele>-10.724</ele><time>2025-01-14T04:25:45.999Z</time><speed>0.599</speed><sat>25</sat></trkpt>
  <trkpt lat="14.52364964" lon="100.91830490"><ele>-10.735</ele><time>2025-01-14T04:25:46.999Z</time><speed>0.746</speed><sat>25</sat></trkpt>
  <trkpt lat="14.52363665" lon="100.91830785"><ele>-10.522</ele><time>2025-01-14T04:25:47.999Z</time><speed>0.731</speed><sat>27</sat></trkpt>
  <trkpt lat="14.52362372" lon="100.91830929"><ele>-10.970</ele><time>2025-01-14T04:25:48.999Z</time><speed>0.522</speed><sat>27</sat></trkpt>
  <trkpt lat="14.52361881" lon="100.91830785"><ele>-10.885</ele><time>2025-01-14T04:25:49.999Z</time><speed>0.436</speed><sat>26</sat></trkpt>
  <trkpt lat="14.52360840" lon="100.91831013"><ele>-10.725</ele><time>2025-01-14T04:25:50.999Z</time><speed>0.670</speed><sat>26</sat></trkpt>
  <trkpt lat="14.52359678" lon="100.91830944"><ele>-10.776</ele><time>2025-01-14T04:25:51.999Z</time><speed>0.611</speed><sat>24</sat></trkpt>
  <trkpt lat="14.52358669" lon="100.91830896"><ele>-11.091</ele><time>2025-01-14T04:25:52.999Z</time><speed>0.597</speed><sat>25</sat></trkpt>
  <trkpt lat="14.52357541" lon="100.91831094"><ele>-11.022</ele><time>2025-01-14T04:25:53.999Z</time><speed>0.775</speed><sat>27</sat></trkpt>
  <trkpt lat="14.52356072" lon="100.91831471"><ele>-11.249</ele><time>2025-01-14T04:25:54.999Z</time><speed>0.972</speed><sat>26</sat></trkpt>
  <trkpt lat="14.52355116" lon="100.91831335"><ele>-11.263</ele><time>2025-01-14T04:25:55.999Z</time><speed>0.830</speed><sat>26</sat></trkpt>
  <trkpt lat="14.52354660" lon="100.91831458"><ele>-11.304</ele><time>2025-01-14T04:25:56.999Z</time><speed>0.722</speed><sat>22</sat></trkpt>
  <trkpt lat="14.52354288" lon="100.91831839"><ele>-10.908</ele><time>2025-01-14T04:25:57.999Z</time><speed>0.664</speed><sat>27</sat></trkpt>
  <trkpt lat="14.52353259" lon="100.91832007"><ele>-10.913</ele><time>2025-01-14T04:25:58.999Z</time><speed>0.668</speed><sat>24</sat></trkpt>
  <trkpt lat="14.52351751" lon="100.91832387"><ele>-11.193</ele><time>2025-01-14T04:25:59.999Z</time><speed>0.622</speed><sat>24</sat></trkpt>
  <trkpt lat="14.52351261" lon="100.91832388"><ele>-11.519</ele><time>2025-01-14T04:26:00.999Z</time><speed>0.702</speed><sat>24</sat></trkpt>
  <trkpt lat="14.52348952" lon="100.91832847"><ele>-10.339</ele><time>2025-01-14T04:26:01.999Z</time><speed>1.222</speed><sat>23</sat></trkpt>
  <trkpt lat="14.52347469" lon="100.91832924"><ele>-10.182</ele><time>2025-01-14T04:26:02.999Z</time><speed>0.948</speed><sat>25</sat></trkpt>
  <trkpt lat="14.52346290" lon="100.91833055"><ele>-10.222</ele><time>2025-01-14T04:26:03.999Z</time><speed>0.995</speed><sat>23</sat></trkpt>
  <trkpt lat="14.52345131" lon="100.91833062"><ele>-10.103</ele><time>2025-01-14T04:26:04.999Z</time><speed>0.982</speed><sat>23</sat></trkpt>
  <trkpt lat="14.52343761" lon="100.91832855"><ele>-10.190</ele><time>2025-01-14T04:26:05.999Z</time><speed>1.025</speed><sat>25</sat></trkpt>
  <trkpt lat="14.52342431" lon="100.91833025"><ele>-10.133</ele><time>2025-01-14T04:26:06.999Z</time><speed>1.003</speed><sat>25</sat></trkpt>
  <trkpt lat="14.52341242" lon="100.91833092"><ele>-9.679</ele><time>2025-01-14T04:26:07.999Z</time><speed>0.878</speed><sat>25</sat></trkpt>
  <trkpt lat="14.52340422" lon="100.91833345"><ele>-9.988</ele><time>2025-01-14T04:26:08.999Z</time><speed>0.921</speed><sat>27</sat></trkpt>
  <trkpt lat="14.52339616" lon="100.91833690"><ele>-10.180</ele><time>2025-01-14T04:26:09.999Z</time><speed>0.901</speed><sat>25</sat></trkpt>
  <trkpt lat="14.52338930" lon="100.91833782"><ele>-9.860</ele><time>2025-01-14T04:26:10.999Z</time><speed>0.962</speed><sat>25</sat></trkpt>
  <trkpt lat="14.52337735" lon="100.91833938"><ele>-9.030</ele><time>2025-01-14T04:26:11.999Z</time><speed>0.934</speed><sat>23</sat></trkpt>
  <trkpt lat="14.52336843" lon="100.91833836"><ele>-8.813</ele><time>2025-01-14T04:26:12.999Z</time><speed>0.466</speed><sat>25</sat></trkpt>
  <trkpt lat="14.52335988" lon="100.91833911"><ele>-8.876</ele><time>2025-01-14T04:26:13.999Z</time><speed>0.503</speed><sat>26</sat></trkpt>
  <trkpt lat="14.52334489" lon="100.91833766"><ele>-9.138</ele><time>2025-01-14T04:26:14.999Z</time><speed>0.826</speed><sat>25</sat></trkpt>
  <trkpt lat="14.52333076" lon="100.91833815"><ele>-9.657</ele><time>2025-01-14T04:26:15.999Z</time><speed>0.853</speed><sat>23</sat></trkpt>
  <trkpt lat="14.52331363" lon="100.91834142"><ele>-9.862</ele><time>2025-01-14T04:26:16.999Z</time><speed>0.433</speed><sat>25</sat></trkpt>
  <trkpt lat="14.52330643" lon="100.91834482"><ele>-9.817</ele><time>2025-01-14T04:26:17.999Z</time><speed>0.439</speed><sat>23</sat></trkpt>
  <trkpt lat="14.52329870" lon="100.91834762"><ele>-9.273</ele><time>2025-01-14T04:26:18.999Z</time><speed>0.774</speed><sat>24</sat></trkpt>
  <trkpt lat="14.52328637" lon="100.91835178"><ele>-8.532</ele><time>2025-01-14T04:26:19.999Z</time><speed>0.783</speed><sat>26</sat></trkpt>
  <trkpt lat="14.52327483" lon="100.91835593"><ele>-7.824</ele><time>2025-01-14T04:26:20.999Z</time><speed>0.827</speed><sat>26</sat></trkpt>
  <trkpt lat="14.52326019" lon="100.91836106"><ele>-8.141</ele><time>2025-01-14T04:26:21.999Z</time><speed>0.936</speed><sat>26</sat></trkpt>
  <trkpt lat="14.52324799" lon="100.91836568"><ele>-7.845</ele><time>2025-01-14T04:26:22.999Z</time><speed>0.890</speed><sat>24</sat></trkpt>
  <trkpt lat="14.52323635" lon="100.91836755"><ele>-7.652</ele><time>2025-01-14T04:26:23.999Z</time><speed>0.824</speed><sat>24</sat></trkpt>
  <trkpt lat="14.52321797" lon="100.91836443"><ele>-7.964</ele><time>2025-01-14T04:26:24.999Z</time><speed>0.812</speed><sat>23</sat></trkpt>
  <trkpt lat="14.52320409" lon="100.91835572"><ele>-8.388</ele><time>2025-01-14T04:26:25.999Z</time><speed>0.909</speed><sat>23</sat></trkpt>
  <trkpt lat="14.52318854" lon="100.91834217"><ele>-8.589</ele><time>2025-01-14T04:26:26.999Z</time><speed>0.634</speed><sat>23</sat></trkpt>
  <trkpt lat="14.52317611" lon="100.91833484"><ele>-9.018</ele><time>2025-01-14T04:26:27.999Z</time><speed>0.558</speed><sat>23</sat></trkpt>
  <trkpt lat="14.52316617" lon="100.91833178"><ele>-8.790</ele><time>2025-01-14T04:26:28.999Z</time><speed>0.818</speed><sat>21</sat></trkpt>
  <trkpt lat="14.52313863" lon="100.91833017"><ele>-7.004</ele><time>2025-01-14T04:26:29.999Z</time><speed>1.556</speed><sat>22</sat></trkpt>
  <trkpt lat="14.52312074" lon="100.91832819"><ele>-7.187</ele><time>2025-01-14T04:26:30.999Z</time><speed>0.887</speed><sat>22</sat></trkpt>
  <trkpt lat="14.52311259" lon="100.91832999"><ele>-7.477</ele><time>2025-01-14T04:26:31.999Z</time><speed>0.504</speed><sat>23</sat></trkpt>
  <trkpt lat="14.52310465" lon="100.91833111"><ele>-7.303</ele><time>2025-01-14T04:26:32.999Z</time><speed>0.517</speed><sat>22</sat></trkpt>
  <trkpt lat="14.52310016" lon="100.91832965"><ele>-6.605</ele><time>2025-01-14T04:26:33.999Z</time><speed>0.565</speed><sat>22</sat></trkpt>
  <trkpt lat="14.52308845" lon="100.91833067"><ele>-3.931</ele><time>2025-01-14T04:26:34.999Z</time><speed>1.189</speed><sat>24</sat></trkpt>
  <trkpt lat="14.52308180" lon="100.91833238"><ele>-3.681</ele><time>2025-01-14T04:26:35.999Z</time><speed>0.388</speed><sat>26</sat></trkpt>
  <trkpt lat="14.52307952" lon="100.91833071"><ele>-3.443</ele><time>2025-01-14T04:26:36.999Z</time><speed>0.387</speed><sat>26</sat></trkpt>
  <trkpt lat="14.52307318" lon="100.91832673"><ele>-3.267</ele><time>2025-01-14T04:26:37.999Z</time><speed>0.362</speed><sat>26</sat></trkpt>
  <trkpt lat="14.52307062" lon="100.91832436"><ele>-5.124</ele><time>2025-01-14T04:26:38.999Z</time><speed>0.000</speed><sat>26</sat></trkpt>
  <trkpt lat="14.52307062" lon="100.91832436"><ele>-4.983</ele><time>2025-01-14T04:26:39.999Z</time><speed>0.000</speed><sat>24</sat></trkpt>
  <trkpt lat="14.52307062" lon="100.91832436"><ele>-4.929</ele><time>2025-01-14T04:26:40.999Z</time><speed>0.000</speed><sat>25</sat></trkpt>
  <trkpt lat="14.52307062" lon="100.91832436"><ele>-4.752</ele><time>2025-01-14T04:26:41.999Z</time><speed>0.000</speed><sat>26</sat></trkpt>
  <trkpt lat="14.52307062" lon="100.91832436"><ele>-4.703</ele><time>2025-01-14T04:26:42.999Z</time><speed>0.000</speed><sat>24</sat></trkpt>
  <trkpt lat="14.52307062" lon="100.91832436"><ele>-4.607</ele><time>2025-01-14T04:26:43.999Z</time><speed>0.000</speed><sat>25</sat></trkpt>
  <trkpt lat="14.52307062" lon="100.91832436"><ele>-4.557</ele><time>2025-01-14T04:26:44.999Z</time><speed>0.000</speed><sat>24</sat></trkpt>
  <trkpt lat="14.52307062" lon="100.91832436"><ele>-4.663</ele><time>2025-01-14T04:26:45.999Z</time><speed>0.000</speed><sat>21</sat></trkpt>
  <trkpt lat="14.52307563" lon="100.91832487"><ele>-5.146</ele><time>2025-01-14T04:26:46.999Z</time><speed>0.461</speed><sat>22</sat></trkpt>
  <trkpt lat="14.52308761" lon="100.91832319"><ele>-5.343</ele><time>2025-01-14T04:26:47.999Z</time><speed>0.469</speed><sat>20</sat></trkpt>
  <trkpt lat="14.52309121" lon="100.91831774"><ele>-5.513</ele><time>2025-01-14T04:26:48.999Z</time><speed>0.594</speed><sat>18</sat></trkpt>
  <trkpt lat="14.52309136" lon="100.91831213"><ele>-5.559</ele><time>2025-01-14T04:26:49.999Z</time><speed>0.796</speed><sat>17</sat></trkpt>
  <trkpt lat="14.52308557" lon="100.91830565"><ele>-5.922</ele><time>2025-01-14T04:26:50.999Z</time><speed>0.811</speed><sat>14</sat></trkpt>
  <trkpt lat="14.52307807" lon="100.91829688"><ele>-6.120</ele><time>2025-01-14T04:26:51.999Z</time><speed>1.051</speed><sat>11</sat></trkpt>
 </trkseg>
</trk>

</gpx>
 