<?xml version="1.0" encoding="UTF-8"?>
<!-- Created with BasicAirData GPS Logger for Android - ver. 3.2.3 -->
<!-- Track 52 = 6088 TrackPoints + 0 Placemarks -->

<!-- Track Statistics (based on Total Time | Time in Movement): -->
<!--  Distance = 64.6 km -->
<!--  Duration = 02:00:19 | 01:39:13 -->
<!--  Altitude Gap = 23 m -->
<!--  Max Speed = 87 km/h -->
<!--  Avg Speed = 32.2 | 39.1 km/h -->
<!--  Direction = W -->
<!--  Activity = car -->
<!--  Altitudes = Raw -->

<gpx version="1.0"
     creator="BasicAirData GPS Logger 3.2.3"
     xmlns="http://www.topografix.com/GPX/1/0"
     xmlns:xsi="http://www.w3.org/2001/XMLSchema-instance"
     xsi:schemaLocation="http://www.topografix.com/GPX/1/0 http://www.topografix.com/GPX/1/0/gpx.xsd">
<name>GPS Logger 20250119-092033</name>
<time>2025-01-20T08:40:14Z</time>
<keywords>car</keywords>
<bounds minlat="13.73971444" minlon="100.05808696" maxlat="13.82576326" maxlon="100.54507307" />

<trk>
 <name>Track 20250119-092033</name>
 <trkseg>
  <trkpt lat="13.73981582" lon="100.51657394"><ele>-37.330</ele><time>2025-01-19T02:20:33.219Z</time><speed>0.000</speed><sat>19</sat></trkpt>
  <trkpt lat="13.73980201" lon="100.51658047"><ele>-31.625</ele><time>2025-01-19T02:20:34.219Z</time><speed>0.000</speed><sat>22</sat></trkpt>
  <trkpt lat="13.73979867" lon="100.51660020"><ele>-25.241</ele><time>2025-01-19T02:20:35.999Z</time><speed>0.000</speed><sat>24</sat></trkpt>
  <trkpt lat="13.73979811" lon="100.51660820"><ele>-23.215</ele><time>2025-01-19T02:20:36.999Z</time><speed>0.000</speed><sat>26</sat></trkpt>
  <trkpt lat="13.73979603" lon="100.51661160"><ele>-22.075</ele><time>2025-01-19T02:20:37.999Z</time><speed>0.000</speed><sat>27</sat></trkpt>
  <trkpt lat="13.73979394" lon="100.51661339"><ele>-21.626</ele><time>2025-01-19T02:20:38.999Z</time><speed>0.000</speed><sat>25</sat></trkpt>
  <trkpt lat="13.73979274" lon="100.51661650"><ele>-21.610</ele><time>2025-01-19T02:20:39.999Z</time><speed>0.000</speed><sat>23</sat></trkpt>
  <trkpt lat="13.73978997" lon="100.51661764"><ele>-21.605</ele><time>2025-01-19T02:20:40.999Z</time><speed>0.000</speed><sat>23</sat></trkpt>
  <trkpt lat="13.73978655" lon="100.51661525"><ele>-21.866</ele><time>2025-01-19T02:20:41.999Z</time><speed>0.000</speed><sat>23</sat></trkpt>
  <trkpt lat="13.73978729" lon="100.51661024"><ele>-22.706</ele><time>2025-01-19T02:20:42.999Z</time><speed>0.000</speed><sat>25</sat></trkpt>
  <trkpt lat="13.73978259" lon="100.51661529"><ele>-22.422</ele><time>2025-01-19T02:20:43.999Z</time><speed>0.000</speed><sat>23</sat></trkpt>
  <trkpt lat="13.73978205" lon="100.51661582"><ele>-21.947</ele><time>2025-01-19T02:20:44.999Z</time><speed>0.000</speed><sat>23</sat></trkpt>
  <trkpt lat="13.73977949" lon="100.51661726"><ele>-21.623</ele><time>2025-01-19T02:20:45.999Z</time><speed>0.000</speed><sat>24</sat></trkpt>
  <trkpt lat="13.73977899" lon="100.51661889"><ele>-21.220</ele><time>2025-01-19T02:20:46.999Z</time><speed>0.000</speed><sat>26</sat></trkpt>
  <trkpt lat="13.73977749" lon="100.51661794"><ele>-21.158</ele><time>2025-01-19T02:20:47.999Z</time><speed>0.000</speed><sat>24</sat></trkpt>
  <trkpt lat="13.73977972" lon="100.51661793"><ele>-21.188</ele><time>2025-01-19T02:20:48.999Z</time><speed>0.000</speed><sat>22</sat></trkpt>
  <trkpt lat="13.73978283" lon="100.51661964"><ele>-21.829</ele><time>2025-01-19T02:20:49.999Z</time><speed>0.000</speed><sat>25</sat></trkpt>
  <trkpt lat="13.73977903" lon="100.51662192"><ele>-22.483</ele><time>2025-01-19T02:20:50.999Z</time><speed>0.000</speed><sat>27</sat></trkpt>
  <trkpt lat="13.73978277" lon="100.51661971"><ele>-22.552</ele><time>2025-01-19T02:20:51.999Z</time><speed>0.000</speed><sat>23</sat></trkpt>
  <trkpt lat="13.73978390" lon="100.51661709"><ele>-22.330</ele><time>2025-01-19T02:20:52.999Z</time><speed>0.000</speed><sat>23</sat></trkpt>
  <trkpt lat="13.73978720" lon="100.51661596"><ele>-22.112</ele><time>2025-01-19T02:20:53.999Z</time><speed>0.000</speed><sat>22</sat></trkpt>
  <trkpt lat="13.73978656" lon="100.51661392"><ele>-21.992</ele><time>2025-01-19T02:20:54.999Z</time><speed>0.000</speed><sat>23</sat></trkpt>
  <trkpt lat="13.73978294" lon="100.51661115"><ele>-22.180</ele><time>2025-01-19T02:20:55.999Z</time><speed>0.000</speed><sat>24</sat></trkpt>
  <trkpt lat="13.73978233" lon="100.51660946"><ele>-22.203</ele><time>2025-01-19T02:20:56.999Z</time><speed>0.000</speed><sat>22</sat></trkpt>
  <trkpt lat="13.73978323" lon="100.51660781"><ele>-22.161</ele><time>2025-01-19T02:20:57.999Z</time><speed>0.000</speed><sat>22</sat></trkpt>
  <trkpt lat="13.73977935" lon="100.51660496"><ele>-22.367</ele><time>2025-01-19T02:20:58.999Z</time><speed>0.000</speed><sat>23</sat></trkpt>
  <trkpt lat="13.73977890" lon="100.51659987"><ele>-21.867</ele><time>2025-01-19T02:20:59.999Z</time><speed>0.000</speed><sat>20</sat></trkpt>
  <trkpt lat="13.73978004" lon="100.51659593"><ele>-21.556</ele><time>2025-01-19T02:21:00.999Z</time><speed>0.000</speed><sat>18</sat></trkpt>
  <trkpt lat="13.73977925" lon="100.51659347"><ele>-21.280</ele><time>2025-01-19T02:21:01.999Z</time><speed>0.000</speed><sat>18</sat></trkpt>
  <trkpt lat="13.73977870" lon="100.51659443"><ele>-20.952</ele><time>2025-01-19T02:21:02.999Z</time><speed>0.000</speed><sat>18</sat></trkpt>
  <trkpt lat="13.73977422" lon="100.51659583"><ele>-20.963</ele><time>2025-01-19T02:21:03.999Z</time><speed>0.000</speed><sat>14</sat></trkpt>
  <trkpt lat="13.73976786" lon="100.51660285"><ele>-21.137</ele><time>2025-01-19T02:21:04.999Z</time><speed>0.000</speed><sat>16</sat></trkpt>
  <trkpt lat="13.73975949" lon="100.51660651"><ele>-21.084</ele><time>2025-01-19T02:21:05.999Z</time><speed>0.000</speed><sat>14</sat></trkpt>
  <trkpt lat="13.73975251" lon="100.51660915"><ele>-20.998</ele><time>2025-01-19T02:21:06.999Z</time><speed>0.000</speed><sat>14</sat></trkpt>
  <trkpt lat="13.73975213" lon="100.51660499"><ele>-20.885</ele><time>2025-01-19T02:21:07.999Z</time><speed>0.000</speed><sat>10</sat></trkpt>
  <trkpt lat="13.73974936" lon="100.51660031"><ele>-20.760</ele><time>2025-01-19T02:21:08.999Z</time><speed>0.000</speed><sat>14</sat></trkpt>
  <trkpt lat="13.73974246" lon="100.51659820"><ele>-20.537</ele><time>2025-01-19T02:21:09.999Z</time><speed>0.000</speed><sat>11</sat></trkpt>
  <trkpt lat="13.73973705" lon="100.51659641"><ele>-20.372</ele><time>2025-01-19T02:21:10.999Z</time><speed>0.000</speed><sat>10</sat></trkpt>
  <trkpt lat="13.73973424" lon="100.51659516"><ele>-20.107</ele><time>2025-01-19T02:21:11.999Z</time><speed>0.000</speed><sat>7</sat></trkpt>
  <trkpt lat="13.73972829" lon="100.51659675"><ele>-20.061</ele><time>2025-01-19T02:21:12.999Z</time><speed>0.000</speed><sat>9</sat></trkpt>
  <trkpt lat="13.73972063" lon="100.51660131"><ele>-19.551</ele><time>2025-01-19T02:21:13.999Z</time><speed>0.000</speed><sat>10</sat></trkpt>
  <trkpt lat="13.73971685" lon="100.51660715"><ele>-19.300</ele><time>2025-01-19T02:21:14.999Z</time><speed>0.000</speed><sat>8</sat></trkpt>
  <trkpt lat="13.73971444" lon="100.51661176"><ele>-19.070</ele><time>2025-01-19T02:21:15.999Z</time><speed>0.000</speed><sat>6</sat></trkpt>
  <trkpt lat="13.73971776" lon="100.51661459"><ele>-18.876</ele><time>2025-01-19T02:21:16.999Z</time><speed>0.000</speed><sat>7</sat></trkpt>
  <trkpt lat="13.73972434" lon="100.51661538"><ele>-18.730</ele><time>2025-01-19T02:21:17.999Z</time><speed>0.000</speed><sat>7</sat></trkpt>
  <trkpt lat="13.73973358" lon="100.51661044"><ele>-18.730</ele><time>2025-01-19T02:21:18.999Z</time><speed>0.000</speed><sat>8</sat></trkpt>
  <trkpt lat="13.73974378" lon="100.51660129"><ele>-18.758</ele><time>2025-01-19T02:21:19.999Z</time><speed>0.000</speed><sat>8</sat></trkpt>
  <trkpt lat="13.73974656" lon="100.51657676"><ele>-18.511</ele><time>2025-01-19T02:21:20.999Z</time><speed>0.000</speed><sat>8</sat></trkpt>
  <trkpt lat="13.73974452" lon="100.51656873"><ele>-18.286</ele><time>2025-01-19T02:21:21.999Z</time><speed>0.000</speed><sat>7</sat></trkpt>
  <trkpt lat="13.73974856" lon="100.51656107"><ele>-18.334</ele><time>2025-01-19T02:21:22.999Z</time><speed>0.000</speed><sat>7</sat></trkpt>
  <trkpt lat="13.73974774" lon="100.51655633"><ele>-18.371</ele><time>2025-01-19T02:21:23.999Z</time><speed>0.000</speed><sat>7</sat></trkpt>
  <trkpt lat="13.73974156" lon="100.51655325"><ele>-18.246</ele><time>2025-01-19T02:21:24.999Z</time><speed>0.000</speed><sat>7</sat></trkpt>
  <trkpt lat="13.73974042" lon="100.51653795"><ele>-18.301</ele><time>2025-01-19T02:21:25.999Z</time><speed>0.000</speed><sat>6</sat></trkpt>
  <trkpt lat="13.73973154" lon="100.51653134"><ele>-18.142</ele><time>2025-01-19T02:21:26.999Z</time><speed>0.000</speed><sat>7</sat></trkpt>
  <trkpt lat="13.73973355" lon="100.51652970"><ele>-18.310</ele><time>2025-01-19T02:21:27.999Z</time><speed>0.000</speed><sat>6</sat></trkpt>
  <trkpt lat="13.73973204" lon="100.51652648"><ele>-18.231</ele><time>2025-01-19T02:21:28.999Z</time><speed>0.000</speed><sat>5</sat></trkpt>
  <trkpt lat="13.73973625" lon="100.51652328"><ele>-18.213</ele><time>2025-01-19T02:21:29.999Z</time><speed>0.000</speed><sat>5</sat></trkpt>
  <trkpt lat="13.73973271" lon="100.51652247"><ele>-17.979</ele><time>2025-01-19T02:21:30.999Z</time><speed>0.000</speed><sat>4</sat></trkpt>
  <trkpt lat="13.73972829" lon="100.51652467"><ele>-17.856</ele><time>2025-01-19T02:21:31.999Z</time><speed>0.000</speed><sat>3</sat></trkpt>
  <trkpt lat="13.73972501" lon="100.51652390"><ele>-17.746</ele><time>2025-01-19T02:21:32.999Z</time><speed>0.000</speed><sat>3</sat></trkpt>
  <trkpt lat="13.73973006" lon="100.51651836"><ele>-17.774</ele><time>2025-01-19T02:21:33.999Z</time><speed>0.000</speed><sat>3</sat></trkpt>
  <trkpt lat="13.73972742" lon="100.51651478"><ele>-17.669</ele><time>2025-01-19T02:21:34.999Z</time><speed>0.000</speed><sat>4</sat></trkpt>
  <trkpt lat="13.73973705" lon="100.51651003"><ele>-17.775</ele><time>2025-01-19T02:21:35.999Z</time><speed>0.000</speed><sat>4</sat></trkpt>
  <trkpt lat="13.73974648" lon="100.51650477"><ele>-17.908</ele><time>2025-01-19T02:21:36.999Z</time><speed>0.000</speed><sat>5</sat></trkpt>
  <trkpt lat="13.73973284" lon="100.51649986"><ele>-17.917</ele><time>2025-01-19T02:21:37.999Z</time><speed>0.000</speed><sat>3</sat></trkpt>
  <trkpt lat="13.73976468" lon="100.51649417"><ele>-17.766</ele><time>2025-01-19T02:21:38.999Z</time><speed>0.000</speed><sat>6</sat></trkpt>
  <trkpt lat="13.73977814" lon="100.51649343"><ele>-17.715</ele><time>2025-01-19T02:21:39.999Z</time><speed>0.000</speed><sat>6</sat></trkpt>
  <trkpt lat="13.73978898" lon="100.51648786"><ele>-17.678</ele><time>2025-01-19T02:21:40.999Z</time><speed>0.000</speed><sat>7</sat></trkpt>
  <trkpt lat="13.73978795" lon="100.51648219"><ele>-17.647</ele><time>2025-01-19T02:21:41.999Z</time><speed>0.000</speed><sat>4</sat></trkpt>
  <trkpt lat="13.73978659" lon="100.51647687"><ele>-17.622</ele><time>2025-01-19T02:21:42.999Z</time><speed>0.000</speed><sat>4</sat></trkpt>
  <trkpt lat="13.73978032" lon="100.51647042"><ele>-17.662</ele><time>2025-01-19T02:21:43.999Z</time><speed>0.000</speed><sat>5</sat></trkpt>
  <trkpt lat="13.73976932" lon="100.51645738"><ele>-17.751</ele><time>2025-01-19T02:21:44.999Z</time><speed>0.000</speed><sat>5</sat></trkpt>
  <trkpt lat="13.73975581" lon="100.51645855"><ele>-17.602</ele><time>2025-01-19T02:21:45.999Z</time><speed>0.000</speed><sat>5</sat></trkpt>
  <trkpt lat="13.73975759" lon="100.51646162"><ele>-17.393</ele><time>2025-01-19T02:21:46.999Z</time><speed>0.000</speed><sat>5</sat></trkpt>
  <trkpt lat="13.73975097" lon="100.51646679"><ele>-17.222</ele><time>2025-01-19T02:21:47.999Z</time><speed>0.000</speed><sat>5</sat></trkpt>
  <trkpt lat="13.73976438" lon="100.51647419"><ele>-17.110</ele><time>2025-01-19T02:21:48.999Z</time><speed>0.000</speed><sat>5</sat></trkpt>
  <trkpt lat="13.73976638" lon="100.51648403"><ele>-17.118</ele><time>2025-01-19T02:21:49.999Z</time><speed>0.000</speed><sat>5</sat></trkpt>
  <trkpt lat="13.73977681" lon="100.51649254"><ele>-17.160</ele><time>2025-01-19T02:21:50.999Z</time><speed>0.000</speed><sat>4</sat></trkpt>
  <trkpt lat="13.73978638" lon="100.51650204"><ele>-17.246</ele><time>2025-01-19T02:21:51.999Z</time><speed>0.000</speed><sat>4</sat></trkpt>
  <trkpt lat="13.73980708" lon="100.51650984"><ele>-17.256</ele><time>2025-01-19T02:21:52.999Z</time><speed>0.000</speed><sat>3</sat></trkpt>
  <trkpt lat="13.73981240" lon="100.51651711"><ele>-17.248</ele><time>2025-01-19T02:21:53.999Z</time><speed>0.000</speed><sat>4</sat></trkpt>
  <trkpt lat="13.73980317" lon="100.51650967"><ele>-17.154</ele><time>2025-01-19T02:21:54.999Z</time><speed>0.000</speed><sat>4</sat></trkpt>
  <trkpt lat="13.73979536" lon="100.51650426"><ele>-17.073</ele><time>2025-01-19T02:21:55.999Z</time><speed>0.000</speed><sat>4</sat></trkpt>
  <trkpt lat="13.73981770" lon="100.51651063"><ele>-17.075</ele><time>2025-01-19T02:21:56.999Z</time><speed>0.000</speed><sat>4</sat></trkpt>
  <trkpt lat="13.73986126" lon="100.51652746"><ele>-17.096</ele><time>2025-01-19T02:21:57.999Z</time><speed>0.000</speed><sat>4</sat></trkpt>
  <trkpt lat="13.73988524" lon="100.51652833"><ele>-17.119</ele><time>2025-01-19T02:21:58.999Z</time><speed>0.000</speed><sat>4</sat></trkpt>
  <trkpt lat="13.73990389" lon="100.51652472"><ele>-17.141</ele><time>2025-01-19T02:21:59.999Z</time><speed>0.000</speed><sat>4</sat></trkpt>
  <trkpt lat="13.73990707" lon="100.51651556"><ele>-17.142</ele><time>2025-01-19T02:22:00.999Z</time><speed>0.000</speed><sat>3</sat></trkpt>
  <trkpt lat="13.73992091" lon="100.51651095"><ele>-17.159</ele><time>2025-01-19T02:22:01.999Z</time><speed>0.000</speed><sat>4</sat></trkpt>
  <trkpt lat="13.73992949" lon="100.51650640"><ele>-17.159</ele><time>2025-01-19T02:22:02.999Z</time><speed>0.000</speed><sat>4</sat></trkpt>
  <trkpt lat="13.73994543" lon="100.51650605"><ele>-17.171</ele><time>2025-01-19T02:22:03.999Z</time><speed>0.000</speed><sat>4</sat></trkpt>
  <trkpt lat="13.73996079" lon="100.51650308"><ele>-17.169</ele><time>2025-01-19T02:22:04.999Z</time><speed>0.000</speed><sat>4</sat></trkpt>
  <trkpt lat="13.73998103" lon="100.51650214"><ele>-17.125</ele><time>2025-01-19T02:22:05.999Z</time><speed>0.000</speed><sat>4</sat></trkpt>
  <trkpt lat="13.74000681" lon="100.51649766"><ele>-17.082</ele><time>2025-01-19T02:22:06.999Z</time><speed>0.000</speed><sat>4</sat></trkpt>
  <trkpt lat="13.74003840" lon="100.51650132"><ele>-17.060</ele><time>2025-01-19T02:22:07.999Z</time><speed>0.000</speed><sat>4</sat></trkpt>
  <trkpt lat="13.74008561" lon="100.51652318"><ele>-17.063</ele><time>2025-01-19T02:22:08.999Z</time><speed>0.000</speed><sat>4</sat></trkpt>
  <trkpt lat="13.74009288" lon="100.51653287"><ele>-17.102</ele><time>2025-01-19T02:22:09.999Z</time><speed>0.000</speed><sat>4</sat></trkpt>
  <trkpt lat="13.74010128" lon="100.51653852"><ele>-17.123</ele><time>2025-01-19T02:22:10.999Z</time><speed>0.000</speed><sat>4</sat></trkpt>
  <trkpt lat="13.74009938" lon="100.51652548"><ele>-17.087</ele><time>2025-01-19T02:22:11.999Z</time><speed>0.000</speed><sat>4</sat></trkpt>
  <trkpt lat="13.74011334" lon="100.51652734"><ele>-17.066</ele><time>2025-01-19T02:22:12.999Z</time><speed>0.000</speed><sat>4</sat></trkpt>
  <trkpt lat="13.74012039" lon="100.51653376"><ele>-17.082</ele><time>2025-01-19T02:22:13.999Z</time><speed>0.000</speed><sat>4</sat></trkpt>
  <trkpt lat="13.74012284" lon="100.51652595"><ele>-17.073</ele><time>2025-01-19T02:22:14.999Z</time><speed>0.000</speed><sat>4</sat></trkpt>
  <trkpt lat="13.74014569" lon="100.51654023"><ele>-17.063</ele><time>2025-01-19T02:22:15.999Z</time><speed>0.000</speed><sat>4</sat></trkpt>
  <trkpt lat="13.74014729" lon="100.51653973"><ele>-17.061</ele><time>2025-01-19T02:22:16.999Z</time><speed>0.000</speed><sat>4</sat></trkpt>
  <trkpt lat="13.74014772" lon="100.51653905"><ele>-17.066</ele><time>2025-01-19T02:22:17.999Z</time><speed>0.000</speed><sat>4</sat></trkpt>
  <trkpt lat="13.74018969" lon="100.51653815"><ele>-17.031</ele><time>2025-01-19T02:22:18.999Z</time><speed>0.000</speed><sat>5</sat></trkpt>
  <trkpt lat="13.74020918" lon="100.51655457"><ele>-16.997</ele><time>2025-01-19T02:22:19.999Z</time><speed>0.000</speed><sat>5</sat></trkpt>
  <trkpt lat="13.74022323" lon="100.51656699"><ele>-16.981</ele><time>2025-01-19T02:22:20.999Z</time><speed>0.000</speed><sat>5</sat></trkpt>
  <trkpt lat="13.74025652" lon="100.51657017"><ele>-16.949</ele><time>2025-01-19T02:22:21.999Z</time><speed>0.000</speed><sat>5</sat></trkpt>
  <trkpt lat="13.74028767" lon="100.51658091"><ele>-16.904</ele><time>2025-01-19T02:22:22.999Z</time><speed>0.000</speed><sat>4</sat></trkpt>
  <trkpt lat="13.74032668" lon="100.51658749"><ele>-16.934</ele><time>2025-01-19T02:22:23.999Z</time><speed>0.000</speed><sat>5</sat></trkpt>
  <trkpt lat="13.74036155" lon="100.51659775"><ele>-17.008</ele><time>2025-01-19T02:22:24.999Z</time><speed>0.000</speed><sat>4</sat></trkpt>
  <trkpt lat="13.74039222" lon="100.51661400"><ele>-17.013</ele><time>2025-01-19T02:22:25.999Z</time><speed>0.000</speed><sat>5</sat></trkpt>
  <trkpt lat="13.74042195" lon="100.51663509"><ele>-17.094</ele><time>2025-01-19T02:22:26.999Z</time><speed>0.000</speed><sat>5</sat></trkpt>
  <trkpt lat="13.74045165" lon="100.51664608"><ele>-17.068</ele><time>2025-01-19T02:22:27.999Z</time><speed>0.000</speed><sat>4</sat></trkpt>
  <trkpt lat="13.74049024" lon="100.51666427"><ele>-17.051</ele><time>2025-01-19T02:22:28.999Z</time><speed>0.000</speed><sat>5</sat></trkpt>
  <trkpt lat="13.74052274" lon="100.51667724"><ele>-17.061</ele><time>2025-01-19T02:22:29.999Z</time><speed>0.000</speed><sat>4</sat></trkpt>
  <trkpt lat="13.74057296" lon="100.51670231"><ele>-17.017</ele><time>2025-01-19T02:22:30.999Z</time><speed>0.000</speed><sat>5</sat></trkpt>
  <trkpt lat="13.74061055" lon="100.51671726"><ele>-17.020</ele><time>2025-01-19T02:22:31.999Z</time><speed>0.000</speed><sat>4</sat></trkpt>
  <trkpt lat="13.74068367" lon="100.51675175"><ele>-17.131</ele><time>2025-01-19T02:22:32.999Z</time><speed>2.656</speed><sat>6</sat></trkpt>
  <trkpt lat="13.74074234" lon="100.51677770"><ele>-17.025</ele><time>2025-01-19T02:22:33.999Z</time><speed>2.820</speed><sat>8</sat></trkpt>
  <trkpt lat="13.74081352" lon="100.51680150"><ele>-17.370</ele><time>2025-01-19T02:22:34.999Z</time><speed>2.936</speed><sat>9</sat></trkpt>
  <trkpt lat="13.74087717" lon="100.51682774"><ele>-17.782</ele><time>2025-01-19T02:22:35.999Z</time><speed>3.024</speed><sat>7</sat></trkpt>
  <trkpt lat="13.74093055" lon="100.51683570"><ele>-18.176</ele><time>2025-01-19T02:22:36.999Z</time><speed>4.156</speed><sat>9</sat></trkpt>
  <trkpt lat="13.74097253" lon="100.51683989"><ele>-18.517</ele><time>2025-01-19T02:22:37.999Z</time><speed>4.228</speed><sat>11</sat></trkpt>
  <trkpt lat="13.74102232" lon="100.51684856"><ele>-18.444</ele><time>2025-01-19T02:22:38.999Z</time><speed>4.502</speed><sat>11</sat></trkpt>
  <trkpt lat="13.74106507" lon="100.51686043"><ele>-18.263</ele><time>2025-01-19T02:22:39.999Z</time><speed>4.518</speed><sat>10</sat></trkpt>
  <trkpt lat="13.74110145" lon="100.51686171"><ele>-18.345</ele><time>2025-01-19T02:22:40.999Z</time><speed>4.367</speed><sat>12</sat></trkpt>
  <trkpt lat="13.74114408" lon="100.51686308"><ele>-18.489</ele><time>2025-01-19T02:22:41.999Z</time><speed>4.384</speed><sat>11</sat></trkpt>
  <trkpt lat="13.74119557" lon="100.51686722"><ele>-18.518</ele><time>2025-01-19T02:22:42.999Z</time><speed>4.546</speed><sat>13</sat></trkpt>
  <trkpt lat="13.74123574" lon="100.51687330"><ele>-18.469</ele><time>2025-01-19T02:22:43.999Z</time><speed>4.498</speed><sat>12</sat></trkpt>
  <trkpt lat="13.74126990" lon="100.51687846"><ele>-18.323</ele><time>2025-01-19T02:22:44.999Z</time><speed>4.377</speed><sat>12</sat></trkpt>
  <trkpt lat="13.74130226" lon="100.51688246"><ele>-18.169</ele><time>2025-01-19T02:22:45.999Z</time><speed>4.260</speed><sat>14</sat></trkpt>
  <trkpt lat="13.74133098" lon="100.51688098"><ele>-17.873</ele><time>2025-01-19T02:22:46.999Z</time><speed>3.487</speed><sat>13</sat></trkpt>
  <trkpt lat="13.74136515" lon="100.51688166"><ele>-17.732</ele><time>2025-01-19T02:22:47.999Z</time><speed>3.264</speed><sat>12</sat></trkpt>
  <trkpt lat="13.74139866" lon="100.51688184"><ele>-18.102</ele><time>2025-01-19T02:22:48.999Z</time><speed>3.198</speed><sat>13</sat></trkpt>
  <trkpt lat="13.74143061" lon="100.51688385"><ele>-18.006</ele><time>2025-01-19T02:22:49.999Z</time><speed>3.191</speed><sat>11</sat></trkpt>
  <trkpt lat="13.74145708" lon="100.51687595"><ele>-19.189</ele><time>2025-01-19T02:22:50.999Z</time><speed>3.084</speed><sat>9</sat></trkpt>
  <trkpt lat="13.74148585" lon="100.51687784"><ele>-18.864</ele><time>2025-01-19T02:22:51.999Z</time><speed>3.098</speed><sat>10</sat></trkpt>
  <trkpt lat="13.74151376" lon="100.51688109"><ele>-18.755</ele><time>2025-01-19T02:22:52.999Z</time><speed>3.084</speed><sat>11</sat></trkpt>
  <trkpt lat="13.74154340" lon="100.51688561"><ele>-18.547</ele><time>2025-01-19T02:22:53.999Z</time><speed>3.167</speed><sat>12</sat></trkpt>
  <trkpt lat="13.74157224" lon="100.51689153"><ele>-18.341</ele><time>2025-01-19T02:22:54.999Z</time><speed>3.158</speed><sat>14</sat></trkpt>
  <trkpt lat="13.74160328" lon="100.51690021"><ele>-18.109</ele><time>2025-01-19T02:22:55.999Z</time><speed>3.125</speed><sat>13</sat></trkpt>
  <trkpt lat="13.74163235" lon="100.51690437"><ele>-17.809</ele><time>2025-01-19T02:22:56.999Z</time><speed>3.090</speed><sat>11</sat></trkpt>
  <trkpt lat="13.74166400" lon="100.51690729"><ele>-17.603</ele><time>2025-01-19T02:22:57.999Z</time><speed>3.125</speed><sat>12</sat></trkpt>
  <trkpt lat="13.74169733" lon="100.51690978"><ele>-17.336</ele><time>2025-01-19T02:22:58.999Z</time><speed>3.174</speed><sat>11</sat></trkpt>
  <trkpt lat="13.74172891" lon="100.51690885"><ele>-17.233</ele><time>2025-01-19T02:22:59.999Z</time><speed>3.161</speed><sat>10</sat></trkpt>
  <trkpt lat="13.74176082" lon="100.51690926"><ele>-17.065</ele><time>2025-01-19T02:23:00.999Z</time><speed>3.096</speed><sat>11</sat></trkpt>
  <trkpt lat="13.74179081" lon="100.51691332"><ele>-17.038</ele><time>2025-01-19T02:23:01.999Z</time><speed>3.047</speed><sat>12</sat></trkpt>
  <trkpt lat="13.74181710" lon="100.51691853"><ele>-16.842</ele><time>2025-01-19T02:23:02.999Z</time><speed>2.915</speed><sat>12</sat></trkpt>
  <trkpt lat="13.74184002" lon="100.51691934"><ele>-16.796</ele><time>2025-01-19T02:23:03.999Z</time><speed>2.672</speed><sat>12</sat></trkpt>
  <trkpt lat="13.74186184" lon="100.51692192"><ele>-16.737</ele><time>2025-01-19T02:23:04.999Z</time><speed>2.473</speed><sat>8</sat></trkpt>
  <trkpt lat="13.74188424" lon="100.51692397"><ele>-16.987</ele><time>2025-01-19T02:23:05.999Z</time><speed>2.262</speed><sat>11</sat></trkpt>
  <trkpt lat="13.74190823" lon="100.51692466"><ele>-17.129</ele><time>2025-01-19T02:23:06.999Z</time><speed>2.062</speed><sat>10</sat></trkpt>
  <trkpt lat="13.74192751" lon="100.51692773"><ele>-17.302</ele><time>2025-01-19T02:23:07.999Z</time><speed>1.744</speed><sat>11</sat></trkpt>
  <trkpt lat="13.74194550" lon="100.51692514"><ele>-17.403</ele><time>2025-01-19T02:23:08.999Z</time><speed>1.507</speed><sat>11</sat></trkpt>
  <trkpt lat="13.74196302" lon="100.51692559"><ele>-17.417</ele><time>2025-01-19T02:23:09.999Z</time><speed>1.384</speed><sat>12</sat></trkpt>
  <trkpt lat="13.74197954" lon="100.51692692"><ele>-17.316</ele><time>2025-01-19T02:23:10.999Z</time><speed>1.361</speed><sat>11</sat></trkpt>
  <trkpt lat="13.74199446" lon="100.51692840"><ele>-17.380</ele><time>2025-01-19T02:23:11.999Z</time><speed>1.234</speed><sat>10</sat></trkpt>
  <trkpt lat="13.74200846" lon="100.51693071"><ele>-17.343</ele><time>2025-01-19T02:23:12.999Z</time><speed>1.159</speed><sat>9</sat></trkpt>
  <trkpt lat="13.74201854" lon="100.51693250"><ele>-17.296</ele><time>2025-01-19T02:23:13.999Z</time><speed>0.994</speed><sat>11</sat></trkpt>
  <trkpt lat="13.74202412" lon="100.51693382"><ele>-17.180</ele><time>2025-01-19T02:23:14.999Z</time><speed>0.770</speed><sat>12</sat></trkpt>
  <trkpt lat="13.74203033" lon="100.51693435"><ele>-17.119</ele><time>2025-01-19T02:23:15.999Z</time><speed>0.651</speed><sat>11</sat></trkpt>
  <trkpt lat="13.74203776" lon="100.51693802"><ele>-17.093</ele><time>2025-01-19T02:23:16.999Z</time><speed>0.567</speed><sat>11</sat></trkpt>
  <trkpt lat="13.74204197" lon="100.51693946"><ele>-17.095</ele><time>2025-01-19T02:23:17.999Z</time><speed>0.477</speed><sat>9</sat></trkpt>
  <trkpt lat="13.74205085" lon="100.51694376"><ele>-17.088</ele><time>2025-01-19T02:23:18.999Z</time><speed>0.472</speed><sat>9</sat></trkpt>
  <trkpt lat="13.74205988" lon="100.51694547"><ele>-17.091</ele><time>2025-01-19T02:23:19.999Z</time><speed>0.578</speed><sat>10</sat></trkpt>
  <trkpt lat="13.74206940" lon="100.51694438"><ele>-17.210</ele><time>2025-01-19T02:23:20.999Z</time><speed>0.677</speed><sat>11</sat></trkpt>
  <trkpt lat="13.74207166" lon="100.51694670"><ele>-17.124</ele><time>2025-01-19T02:23:21.999Z</time><speed>0.594</speed><sat>10</sat></trkpt>
  <trkpt lat="13.74207071" lon="100.51694473"><ele>-17.096</ele><time>2025-01-19T02:23:22.999Z</time><speed>0.380</speed><sat>12</sat></trkpt>
  <trkpt lat="13.74207520" lon="100.51694524"><ele>-17.117</ele><time>2025-01-19T02:23:23.999Z</time><speed>0.388</speed><sat>13</sat></trkpt>
  <trkpt lat="13.74207389" lon="100.51694709"><ele>-17.030</ele><time>2025-01-19T02:23:24.999Z</time><speed>0.366</speed><sat>15</sat></trkpt>
  <trkpt lat="13.74207274" lon="100.51695055"><ele>-16.899</ele><time>2025-01-19T02:23:25.999Z</time><speed>0.360</speed><sat>15</sat></trkpt>
  <trkpt lat="13.74207533" lon="100.51695071"><ele>-16.828</ele><time>2025-01-19T02:23:26.999Z</time><speed>0.413</speed><sat>13</sat></trkpt>
  <trkpt lat="13.74208139" lon="100.51695426"><ele>-16.717</ele><time>2025-01-19T02:23:27.999Z</time><speed>0.499</speed><sat>13</sat></trkpt>
  <trkpt lat="13.74208831" lon="100.51695568"><ele>-16.622</ele><time>2025-01-19T02:23:28.999Z</time><speed>0.567</speed><sat>12</sat></trkpt>
  <trkpt lat="13.74209807" lon="100.51695693"><ele>-16.666</ele><time>2025-01-19T02:23:29.999Z</time><speed>0.666</speed><sat>12</sat></trkpt>
  <trkpt lat="13.74210853" lon="100.51695816"><ele>-16.782</ele><time>2025-01-19T02:23:30.999Z</time><speed>0.770</speed><sat>13</sat></trkpt>
  <trkpt lat="13.74209394" lon="100.51694936"><ele>-17.602</ele><time>2025-01-19T02:23:31.999Z</time><speed>0.000</speed><sat>12</sat></trkpt>
  <trkpt lat="13.74210811" lon="100.51694579"><ele>-17.657</ele><time>2025-01-19T02:23:32.999Z</time><speed>0.589</speed><sat>11</sat></trkpt>
  <trkpt lat="13.74211983" lon="100.51694689"><ele>-17.656</ele><time>2025-01-19T02:23:33.999Z</time><speed>0.720</speed><sat>11</sat></trkpt>
  <trkpt lat="13.74212656" lon="100.51695327"><ele>-17.532</ele><time>2025-01-19T02:23:34.999Z</time><speed>0.251</speed><sat>8</sat></trkpt>
  <trkpt lat="13.74215436" lon="100.51695319"><ele>-17.704</ele><time>2025-01-19T02:23:35.999Z</time><speed>1.153</speed><sat>7</sat></trkpt>
  <trkpt lat="13.74216833" lon="100.51695650"><ele>-17.574</ele><time>2025-01-19T02:23:36.999Z</time><speed>0.923</speed><sat>8</sat></trkpt>
  <trkpt lat="13.74217648" lon="100.51695567"><ele>-17.526</ele><time>2025-01-19T02:23:37.999Z</time><speed>0.830</speed><sat>6</sat></trkpt>
  <trkpt lat="13.74220208" lon="100.51695942"><ele>-16.928</ele><time>2025-01-19T02:23:38.999Z</time><speed>1.321</speed><sat>6</sat></trkpt>
  <trkpt lat="13.74222085" lon="100.51696557"><ele>-16.775</ele><time>2025-01-19T02:23:39.999Z</time><speed>1.605</speed><sat>6</sat></trkpt>
  <trkpt lat="13.74224462" lon="100.51696628"><ele>-16.632</ele><time>2025-01-19T02:23:40.999Z</time><speed>1.635</speed><sat>7</sat></trkpt>
  <trkpt lat="13.74226011" lon="100.51696741"><ele>-16.724</ele><time>2025-01-19T02:23:41.999Z</time><speed>1.345</speed><sat>5</sat></trkpt>
  <trkpt lat="13.74227494" lon="100.51697048"><ele>-16.839</ele><time>2025-01-19T02:23:42.999Z</time><speed>1.383</speed><sat>7</sat></trkpt>
  <trkpt lat="13.74229627" lon="100.51697643"><ele>-16.820</ele><time>2025-01-19T02:23:43.999Z</time><speed>1.621</speed><sat>5</sat></trkpt>
  <trkpt lat="13.74231403" lon="100.51698111"><ele>-16.746</ele><time>2025-01-19T02:23:44.999Z</time><speed>1.545</speed><sat>4</sat></trkpt>
  <trkpt lat="13.74233278" lon="100.51698605"><ele>-16.830</ele><time>2025-01-19T02:23:45.999Z</time><speed>1.592</speed><sat>5</sat></trkpt>
  <trkpt lat="13.74235819" lon="100.51698843"><ele>-17.022</ele><time>2025-01-19T02:23:46.999Z</time><speed>1.985</speed><sat>5</sat></trkpt>
  <trkpt lat="13.74238558" lon="100.51699188"><ele>-17.099</ele><time>2025-01-19T02:23:47.999Z</time><speed>2.346</speed><sat>5</sat></trkpt>
  <trkpt lat="13.74240823" lon="100.51699388"><ele>-17.215</ele><time>2025-01-19T02:23:48.999Z</time><speed>2.386</speed><sat>5</sat></trkpt>
  <trkpt lat="13.74246251" lon="100.51699965"><ele>-17.074</ele><time>2025-01-19T02:23:50.999Z</time><speed>2.620</speed><sat>6</sat></trkpt>
  <trkpt lat="13.74249226" lon="100.51700342"><ele>-17.195</ele><time>2025-01-19T02:23:51.999Z</time><speed>2.377</speed><sat>7</sat></trkpt>
  <trkpt lat="13.74253059" lon="100.51701105"><ele>-17.418</ele><time>2025-01-19T02:23:52.999Z</time><speed>2.231</speed><sat>8</sat></trkpt>
  <trkpt lat="13.74256409" lon="100.51701878"><ele>-17.492</ele><time>2025-01-19T02:23:53.999Z</time><speed>2.118</speed><sat>8</sat></trkpt>
  <trkpt lat="13.74259087" lon="100.51702566"><ele>-17.595</ele><time>2025-01-19T02:23:54.999Z</time><speed>2.331</speed><sat>9</sat></trkpt>
  <trkpt lat="13.74262213" lon="100.51703296"><ele>-18.117</ele><time>2025-01-19T02:23:55.999Z</time><speed>2.408</speed><sat>7</sat></trkpt>
  <trkpt lat="13.74265278" lon="100.51703615"><ele>-18.301</ele><time>2025-01-19T02:23:56.999Z</time><speed>2.555</speed><sat>7</sat></trkpt>
  <trkpt lat="13.74267092" lon="100.51703773"><ele>-17.961</ele><time>2025-01-19T02:23:57.999Z</time><speed>2.400</speed><sat>8</sat></trkpt>
  <trkpt lat="13.74269913" lon="100.51704331"><ele>-17.800</ele><time>2025-01-19T02:23:58.999Z</time><speed>2.718</speed><sat>8</sat></trkpt>
  <trkpt lat="13.74271901" lon="100.51704464"><ele>-17.485</ele><time>2025-01-19T02:23:59.999Z</time><speed>2.963</speed><sat>8</sat></trkpt>
  <trkpt lat="13.74273787" lon="100.51704435"><ele>-17.201</ele><time>2025-01-19T02:24:00.999Z</time><speed>2.676</speed><sat>9</sat></trkpt>
  <trkpt lat="13.74276706" lon="100.51704821"><ele>-16.915</ele><time>2025-01-19T02:24:01.999Z</time><speed>2.811</speed><sat>9</sat></trkpt>
  <trkpt lat="13.74280364" lon="100.51705580"><ele>-16.546</ele><time>2025-01-19T02:24:02.999Z</time><speed>2.922</speed><sat>7</sat></trkpt>
  <trkpt lat="13.74283579" lon="100.51706192"><ele>-16.426</ele><time>2025-01-19T02:24:03.999Z</time><speed>2.916</speed><sat>7</sat></trkpt>
  <trkpt lat="13.74286500" lon="100.51706905"><ele>-16.361</ele><time>2025-01-19T02:24:04.999Z</time><speed>2.947</speed><sat>6</sat></trkpt>
  <trkpt lat="13.74289505" lon="100.51707474"><ele>-16.302</ele><time>2025-01-19T02:24:05.999Z</time><speed>2.952</speed><sat>6</sat></trkpt>
  <trkpt lat="13.74292128" lon="100.51707585"><ele>-16.277</ele><time>2025-01-19T02:24:06.999Z</time><speed>2.840</speed><sat>7</sat></trkpt>
  <trkpt lat="13.74295071" lon="100.51707736"><ele>-16.260</ele><time>2025-01-19T02:24:07.999Z</time><speed>2.679</speed><sat>6</sat></trkpt>
  <trkpt lat="13.74297938" lon="100.51707810"><ele>-16.274</ele><time>2025-01-19T02:24:08.999Z</time><speed>2.798</speed><sat>6</sat></trkpt>
  <trkpt lat="13.74300715" lon="100.51707995"><ele>-16.264</ele><time>2025-01-19T02:24:09.999Z</time><speed>2.736</speed><sat>5</sat></trkpt>
  <trkpt lat="13.74303527" lon="100.51708158"><ele>-16.411</ele><time>2025-01-19T02:24:10.999Z</time><speed>2.834</speed><sat>6</sat></trkpt>
  <trkpt lat="13.74305723" lon="100.51708108"><ele>-16.456</ele><time>2025-01-19T02:24:11.999Z</time><speed>2.891</speed><sat>6</sat></trkpt>
  <trkpt lat="13.74309676" lon="100.51707566"><ele>-16.683</ele><time>2025-01-19T02:24:12.999Z</time><speed>2.843</speed><sat>7</sat></trkpt>
  <trkpt lat="13.74312994" lon="100.51707513"><ele>-16.917</ele><time>2025-01-19T02:24:13.999Z</time><speed>2.594</speed><sat>8</sat></trkpt>
  <trkpt lat="13.74316960" lon="100.51707721"><ele>-17.126</ele><time>2025-01-19T02:24:14.999Z</time><speed>2.608</speed><sat>8</sat></trkpt>
  <trkpt lat="13.74320141" lon="100.51708121"><ele>-17.149</ele><time>2025-01-19T02:24:15.999Z</time><speed>2.557</speed><sat>7</sat></trkpt>
  <trkpt lat="13.74322316" lon="100.51708649"><ele>-17.085</ele><time>2025-01-19T02:24:16.999Z</time><speed>2.374</speed><sat>7</sat></trkpt>
  <trkpt lat="13.74324727" lon="100.51709213"><ele>-17.086</ele><time>2025-01-19T02:24:17.999Z</time><speed>2.278</speed><sat>6</sat></trkpt>
  <trkpt lat="13.74327215" lon="100.51709625"><ele>-17.058</ele><time>2025-01-19T02:24:18.999Z</time><speed>2.337</speed><sat>6</sat></trkpt>
  <trkpt lat="13.74329678" lon="100.51709964"><ele>-16.796</ele><time>2025-01-19T02:24:19.999Z</time><speed>2.260</speed><sat>6</sat></trkpt>
  <trkpt lat="13.74331710" lon="100.51710151"><ele>-16.674</ele><time>2025-01-19T02:24:20.999Z</time><speed>2.133</speed><sat>6</sat></trkpt>
  <trkpt lat="13.74333704" lon="100.51710511"><ele>-16.583</ele><time>2025-01-19T02:24:21.999Z</time><speed>2.258</speed><sat>7</sat></trkpt>
  <trkpt lat="13.74335633" lon="100.51711226"><ele>-16.198</ele><time>2025-01-19T02:24:22.999Z</time><speed>2.621</speed><sat>8</sat></trkpt>
  <trkpt lat="13.74338337" lon="100.51711528"><ele>-16.687</ele><time>2025-01-19T02:24:23.999Z</time><speed>2.765</speed><sat>8</sat></trkpt>
  <trkpt lat="13.74341443" lon="100.51712297"><ele>-16.524</ele><time>2025-01-19T02:24:24.999Z</time><speed>2.949</speed><sat>8</sat></trkpt>
  <trkpt lat="13.74343452" lon="100.51713012"><ele>-16.419</ele><time>2025-01-19T02:24:25.999Z</time><speed>2.823</speed><sat>7</sat></trkpt>
  <trkpt lat="13.74345557" lon="100.51712343"><ele>-16.444</ele><time>2025-01-19T02:24:26.999Z</time><speed>2.858</speed><sat>8</sat></trkpt>
  <trkpt lat="13.74348884" lon="100.51712350"><ele>-16.488</ele><time>2025-01-19T02:24:27.999Z</time><speed>2.813</speed><sat>8</sat></trkpt>
  <trkpt lat="13.74352120" lon="100.51713259"><ele>-16.601</ele><time>2025-01-19T02:24:28.999Z</time><speed>2.868</speed><sat>8</sat></trkpt>
  <trkpt lat="13.74354503" lon="100.51713789"><ele>-16.833</ele><time>2025-01-19T02:24:29.999Z</time><speed>2.753</speed><sat>6</sat></trkpt>
  <trkpt lat="13.74357510" lon="100.51714143"><ele>-16.672</ele><time>2025-01-19T02:24:30.999Z</time><speed>2.740</speed><sat>6</sat></trkpt>
  <trkpt lat="13.74360791" lon="100.51714376"><ele>-16.592</ele><time>2025-01-19T02:24:31.999Z</time><speed>2.627</speed><sat>5</sat></trkpt>
  <trkpt lat="13.74363210" lon="100.51714741"><ele>-16.689</ele><time>2025-01-19T02:24:32.999Z</time><speed>2.651</speed><sat>5</sat></trkpt>
  <trkpt lat="13.74365532" lon="100.51715434"><ele>-16.819</ele><time>2025-01-19T02:24:33.999Z</time><speed>2.669</speed><sat>5</sat></trkpt>
  <trkpt lat="13.74367466" lon="100.51716019"><ele>-17.150</ele><time>2025-01-19T02:24:34.999Z</time><speed>2.650</speed><sat>4</sat></trkpt>
  <trkpt lat="13.74369773" lon="100.51717113"><ele>-17.091</ele><time>2025-01-19T02:24:35.999Z</time><speed>2.934</speed><sat>5</sat></trkpt>
  <trkpt lat="13.74372392" lon="100.51718260"><ele>-17.050</ele><time>2025-01-19T02:24:36.999Z</time><speed>3.221</speed><sat>5</sat></trkpt>
  <trkpt lat="13.74374575" lon="100.51719588"><ele>-17.054</ele><time>2025-01-19T02:24:37.999Z</time><speed>3.582</speed><sat>6</sat></trkpt>
  <trkpt lat="13.74376769" lon="100.51720643"><ele>-17.411</ele><time>2025-01-19T02:24:38.999Z</time><speed>3.420</speed><sat>7</sat></trkpt>
  <trkpt lat="13.74379297" lon="100.51721683"><ele>-17.366</ele><time>2025-01-19T02:24:39.999Z</time><speed>3.337</speed><sat>7</sat></trkpt>
  <trkpt lat="13.74382115" lon="100.51722466"><ele>-17.194</ele><time>2025-01-19T02:24:40.999Z</time><speed>3.380</speed><sat>8</sat></trkpt>
  <trkpt lat="13.74385375" lon="100.51723685"><ele>-16.938</ele><time>2025-01-19T02:24:41.999Z</time><speed>3.593</speed><sat>7</sat></trkpt>
  <trkpt lat="13.74388552" lon="100.51724544"><ele>-16.889</ele><time>2025-01-19T02:24:42.999Z</time><speed>3.433</speed><sat>7</sat></trkpt>
  <trkpt lat="13.74392036" lon="100.51725850"><ele>-16.939</ele><time>2025-01-19T02:24:43.999Z</time><speed>3.445</speed><sat>6</sat></trkpt>
  <trkpt lat="13.74394285" lon="100.51726481"><ele>-17.090</ele><time>2025-01-19T02:24:44.999Z</time><speed>3.221</speed><sat>8</sat></trkpt>
  <trkpt lat="13.74396205" lon="100.51727050"><ele>-17.247</ele><time>2025-01-19T02:24:45.999Z</time><speed>3.044</speed><sat>8</sat></trkpt>
  <trkpt lat="13.74398384" lon="100.51727489"><ele>-17.441</ele><time>2025-01-19T02:24:46.999Z</time><speed>3.022</speed><sat>7</sat></trkpt>
  <trkpt lat="13.74400979" lon="100.51728347"><ele>-17.648</ele><time>2025-01-19T02:24:47.999Z</time><speed>3.206</speed><sat>7</sat></trkpt>
  <trkpt lat="13.74403695" lon="100.51729134"><ele>-17.635</ele><time>2025-01-19T02:24:48.999Z</time><speed>3.116</speed><sat>7</sat></trkpt>
  <trkpt lat="13.74406699" lon="100.51729749"><ele>-17.499</ele><time>2025-01-19T02:24:49.999Z</time><speed>2.991</speed><sat>7</sat></trkpt>
  <trkpt lat="13.74411121" lon="100.51730599"><ele>-16.914</ele><time>2025-01-19T02:24:50.999Z</time><speed>2.895</speed><sat>7</sat></trkpt>
  <trkpt lat="13.74414476" lon="100.51730518"><ele>-16.779</ele><time>2025-01-19T02:24:51.999Z</time><speed>2.870</speed><sat>4</sat></trkpt>
  <trkpt lat="13.74417609" lon="100.51730580"><ele>-16.763</ele><time>2025-01-19T02:24:52.999Z</time><speed>2.897</speed><sat>4</sat></trkpt>
  <trkpt lat="13.74421055" lon="100.51731069"><ele>-16.814</ele><time>2025-01-19T02:24:53.999Z</time><speed>2.955</speed><sat>4</sat></trkpt>
  <trkpt lat="13.74426318" lon="100.51731283"><ele>-16.895</ele><time>2025-01-19T02:24:55.999Z</time><speed>3.279</speed><sat>4</sat></trkpt>
  <trkpt lat="13.74429005" lon="100.51731358"><ele>-17.028</ele><time>2025-01-19T02:24:56.999Z</time><speed>3.419</speed><sat>5</sat></trkpt>
  <trkpt lat="13.74433251" lon="100.51731168"><ele>-17.117</ele><time>2025-01-19T02:24:57.999Z</time><speed>3.639</speed><sat>5</sat></trkpt>
  <trkpt lat="13.74437545" lon="100.51730809"><ele>-17.325</ele><time>2025-01-19T02:24:58.999Z</time><speed>3.616</speed><sat>6</sat></trkpt>
  <trkpt lat="13.74441534" lon="100.51729288"><ele>-17.195</ele><time>2025-01-19T02:24:59.999Z</time><speed>3.742</speed><sat>6</sat></trkpt>
  <trkpt lat="13.74445546" lon="100.51728612"><ele>-17.018</ele><time>2025-01-19T02:25:00.999Z</time><speed>3.588</speed><sat>6</sat></trkpt>
  <trkpt lat="13.74448699" lon="100.51728759"><ele>-16.973</ele><time>2025-01-19T02:25:01.999Z</time><speed>3.290</speed><sat>5</sat></trkpt>
  <trkpt lat="13.74450951" lon="100.51728578"><ele>-16.941</ele><time>2025-01-19T02:25:02.999Z</time><speed>3.128</speed><sat>5</sat></trkpt>
  <trkpt lat="13.74453169" lon="100.51728493"><ele>-16.973</ele><time>2025-01-19T02:25:03.999Z</time><speed>3.028</speed><sat>5</sat></trkpt>
  <trkpt lat="13.74455077" lon="100.51728305"><ele>-16.933</ele><time>2025-01-19T02:25:04.999Z</time><speed>2.855</speed><sat>4</sat></trkpt>
  <trkpt lat="13.74457088" lon="100.51728149"><ele>-16.867</ele><time>2025-01-19T02:25:05.999Z</time><speed>2.855</speed><sat>4</sat></trkpt>
  <trkpt lat="13.74459742" lon="100.51728209"><ele>-16.922</ele><time>2025-01-19T02:25:06.999Z</time><speed>3.152</speed><sat>4</sat></trkpt>
  <trkpt lat="13.74463555" lon="100.51728743"><ele>-16.803</ele><time>2025-01-19T02:25:07.999Z</time><speed>3.203</speed><sat>4</sat></trkpt>
  <trkpt lat="13.74466051" lon="100.51728944"><ele>-16.853</ele><time>2025-01-19T02:25:08.999Z</time><speed>3.274</speed><sat>4</sat></trkpt>
  <trkpt lat="13.74470884" lon="100.51728892"><ele>-16.934</ele><time>2025-01-19T02:25:10.999Z</time><speed>3.113</speed><sat>4</sat></trkpt>
  <trkpt lat="13.74475077" lon="100.51729327"><ele>-16.675</ele><time>2025-01-19T02:25:11.999Z</time><speed>3.105</speed><sat>4</sat></trkpt>
  <trkpt lat="13.74479653" lon="100.51729692"><ele>-16.599</ele><time>2025-01-19T02:25:12.999Z</time><speed>3.126</speed><sat>4</sat></trkpt>
  <trkpt lat="13.74484022" lon="100.51729391"><ele>-16.345</ele><time>2025-01-19T02:25:13.999Z</time><speed>3.203</speed><sat>5</sat></trkpt>
  <trkpt lat="13.74488293" lon="100.51728971"><ele>-16.814</ele><time>2025-01-19T02:25:14.999Z</time><speed>3.382</speed><sat>7</sat></trkpt>
  <trkpt lat="13.74491061" lon="100.51728839"><ele>-16.583</ele><time>2025-01-19T02:25:15.999Z</time><speed>3.365</speed><sat>7</sat></trkpt>
  <trkpt lat="13.74492705" lon="100.51728448"><ele>-16.428</ele><time>2025-01-19T02:25:16.999Z</time><speed>3.426</speed><sat>6</sat></trkpt>
  <trkpt lat="13.74496496" lon="100.51728715"><ele>-16.246</ele><time>2025-01-19T02:25:17.999Z</time><speed>3.801</speed><sat>6</sat></trkpt>
  <trkpt lat="13.74500264" lon="100.51729136"><ele>-16.206</ele><time>2025-01-19T02:25:18.999Z</time><speed>3.499</speed><sat>7</sat></trkpt>
  <trkpt lat="13.74505182" lon="100.51729790"><ele>-16.337</ele><time>2025-01-19T02:25:19.999Z</time><speed>3.787</speed><sat>7</sat></trkpt>
  <trkpt lat="13.74508855" lon="100.51730411"><ele>-16.578</ele><time>2025-01-19T02:25:20.999Z</time><speed>4.029</speed><sat>7</sat></trkpt>
  <trkpt lat="13.74512596" lon="100.51731037"><ele>-16.773</ele><time>2025-01-19T02:25:21.999Z</time><speed>4.026</speed><sat>7</sat></trkpt>
  <trkpt lat="13.74516705" lon="100.51731609"><ele>-16.662</ele><time>2025-01-19T02:25:22.999Z</time><speed>4.053</speed><sat>8</sat></trkpt>
  <trkpt lat="13.74520703" lon="100.51731668"><ele>-16.785</ele><time>2025-01-19T02:25:23.999Z</time><speed>4.035</speed><sat>7</sat></trkpt>
  <trkpt lat="13.74524472" lon="100.51731839"><ele>-17.128</ele><time>2025-01-19T02:25:24.999Z</time><speed>3.970</speed><sat>6</sat></trkpt>
  <trkpt lat="13.74527430" lon="100.51732582"><ele>-17.162</ele><time>2025-01-19T02:25:25.999Z</time><speed>3.791</speed><sat>8</sat></trkpt>
  <trkpt lat="13.74531028" lon="100.51733349"><ele>-17.099</ele><time>2025-01-19T02:25:26.999Z</time><speed>3.941</speed><sat>11</sat></trkpt>
  <trkpt lat="13.74534687" lon="100.51734164"><ele>-17.158</ele><time>2025-01-19T02:25:27.999Z</time><speed>3.933</speed><sat>7</sat></trkpt>
  <trkpt lat="13.74538894" lon="100.51734819"><ele>-17.083</ele><time>2025-01-19T02:25:28.999Z</time><speed>3.993</speed><sat>6</sat></trkpt>
  <trkpt lat="13.74543076" lon="100.51735371"><ele>-17.060</ele><time>2025-01-19T02:25:29.999Z</time><speed>3.870</speed><sat>6</sat></trkpt>
  <trkpt lat="13.74547032" lon="100.51736099"><ele>-16.941</ele><time>2025-01-19T02:25:30.999Z</time><speed>3.699</speed><sat>4</sat></trkpt>
  <trkpt lat="13.74550406" lon="100.51736528"><ele>-16.739</ele><time>2025-01-19T02:25:31.999Z</time><speed>3.542</speed><sat>4</sat></trkpt>
  <trkpt lat="13.74553394" lon="100.51737070"><ele>-16.625</ele><time>2025-01-19T02:25:32.999Z</time><speed>3.414</speed><sat>4</sat></trkpt>
  <trkpt lat="13.74556630" lon="100.51737584"><ele>-16.508</ele><time>2025-01-19T02:25:33.999Z</time><speed>3.414</speed><sat>4</sat></trkpt>
  <trkpt lat="13.74559941" lon="100.51738208"><ele>-16.513</ele><time>2025-01-19T02:25:34.999Z</time><speed>3.556</speed><sat>4</sat></trkpt>
  <trkpt lat="13.74564443" lon="100.51738151"><ele>-16.955</ele><time>2025-01-19T02:25:36.999Z</time><speed>0.000</speed><sat>4</sat></trkpt>
  <trkpt lat="13.74564443" lon="100.51738151"><ele>-17.152</ele><time>2025-01-19T02:25:37.999Z</time><speed>0.000</speed><sat>4</sat></trkpt>
  <trkpt lat="13.74564443" lon="100.51738151"><ele>-16.851</ele><time>2025-01-19T02:25:38.999Z</time><speed>0.000</speed><sat>4</sat></trkpt>
  <trkpt lat="13.74564443" lon="100.51738151"><ele>-16.818</ele><time>2025-01-19T02:25:39.999Z</time><speed>0.000</speed><sat>4</sat></trkpt>
  <trkpt lat="13.74564443" lon="100.51738151"><ele>-16.928</ele><time>2025-01-19T02:25:40.999Z</time><speed>0.000</speed><sat>4</sat></trkpt>
  <trkpt lat="13.74564443" lon="100.51738151"><ele>-16.907</ele><time>2025-01-19T02:25:41.999Z</time><speed>0.000</speed><sat>4</sat></trkpt>
  <trkpt lat="13.74564443" lon="100.51738151"><ele>-16.726</ele><time>2025-01-19T02:25:42.999Z</time><speed>0.000</speed><sat>4</sat></trkpt>
  <trkpt lat="13.74575086" lon="100.51740013"><ele>-16.536</ele><time>2025-01-19T02:25:43.999Z</time><speed>0.000</speed><sat>4</sat></trkpt>
  <trkpt lat="13.74575086" lon="100.51740013"><ele>-16.462</ele><time>2025-01-19T02:25:44.999Z</time><speed>0.000</speed><sat>4</sat></trkpt>
  <trkpt lat="13.74575086" lon="100.51740013"><ele>-16.615</ele><time>2025-01-19T02:25:45.999Z</time><speed>0.000</speed><sat>4</sat></trkpt>
  <trkpt lat="13.74585208" lon="100.51743682"><ele>-16.749</ele><time>2025-01-19T02:25:46.999Z</time><speed>0.000</speed><sat>4</sat></trkpt>
  <trkpt lat="13.74585208" lon="100.51743682"><ele>-16.868</ele><time>2025-01-19T02:25:47.999Z</time><speed>0.000</speed><sat>4</sat></trkpt>
  <trkpt lat="13.74585208" lon="100.51743682"><ele>-16.917</ele><time>2025-01-19T02:25:48.999Z</time><speed>0.000</speed><sat>4</sat></trkpt>
  <trkpt lat="13.74585208" lon="100.51743682"><ele>-16.960</ele><time>2025-01-19T02:25:49.999Z</time><speed>0.000</speed><sat>4</sat></trkpt>
  <trkpt lat="13.74595314" lon="100.51746383"><ele>-16.948</ele><time>2025-01-19T02:25:50.999Z</time><speed>0.000</speed><sat>4</sat></trkpt>
  <trkpt lat="13.74601774" lon="100.51747432"><ele>-17.260</ele><time>2025-01-19T02:25:51.999Z</time><speed>2.249</speed><sat>4</sat></trkpt>
  <trkpt lat="13.74605525" lon="100.51747296"><ele>-17.560</ele><time>2025-01-19T02:25:52.999Z</time><speed>2.745</speed><sat>4</sat></trkpt>
  <trkpt lat="13.74609729" lon="100.51747673"><ele>-17.320</ele><time>2025-01-19T02:25:53.999Z</time><speed>2.745</speed><sat>4</sat></trkpt>
  <trkpt lat="13.74615614" lon="100.51747366"><ele>-16.892</ele><time>2025-01-19T02:25:54.999Z</time><speed>3.126</speed><sat>4</sat></trkpt>
  <trkpt lat="13.74619387" lon="100.51747716"><ele>-16.997</ele><time>2025-01-19T02:25:55.999Z</time><speed>2.939</speed><sat>5</sat></trkpt>
  <trkpt lat="13.74623992" lon="100.51748214"><ele>-17.148</ele><time>2025-01-19T02:25:56.999Z</time><speed>2.939</speed><sat>6</sat></trkpt>
  <trkpt lat="13.74628777" lon="100.51748859"><ele>-17.219</ele><time>2025-01-19T02:25:57.999Z</time><speed>3.358</speed><sat>5</sat></trkpt>
  <trkpt lat="13.74633401" lon="100.51749728"><ele>-17.220</ele><time>2025-01-19T02:25:58.999Z</time><speed>3.685</speed><sat>5</sat></trkpt>
  <trkpt lat="13.74639898" lon="100.51750317"><ele>-17.813</ele><time>2025-01-19T02:25:59.999Z</time><speed>3.850</speed><sat>6</sat></trkpt>
  <trkpt lat="13.74643577" lon="100.51749481"><ele>-18.423</ele><time>2025-01-19T02:26:00.999Z</time><speed>3.756</speed><sat>7</sat></trkpt>
  <trkpt lat="13.74648808" lon="100.51749586"><ele>-18.404</ele><time>2025-01-19T02:26:01.999Z</time><speed>3.781</speed><sat>7</sat></trkpt>
  <trkpt lat="13.74653373" lon="100.51750192"><ele>-18.366</ele><time>2025-01-19T02:26:02.999Z</time><speed>3.788</speed><sat>6</sat></trkpt>
  <trkpt lat="13.74657031" lon="100.51750612"><ele>-18.334</ele><time>2025-01-19T02:26:03.999Z</time><speed>3.807</speed><sat>6</sat></trkpt>
  <trkpt lat="13.74660875" lon="100.51751141"><ele>-18.327</ele><time>2025-01-19T02:26:04.999Z</time><speed>3.989</speed><sat>6</sat></trkpt>
  <trkpt lat="13.74665003" lon="100.51751721"><ele>-18.302</ele><time>2025-01-19T02:26:05.999Z</time><speed>4.019</speed><sat>6</sat></trkpt>
  <trkpt lat="13.74668981" lon="100.51752623"><ele>-18.387</ele><time>2025-01-19T02:26:06.999Z</time><speed>3.973</speed><sat>7</sat></trkpt>
  <trkpt lat="13.74672844" lon="100.51753544"><ele>-18.235</ele><time>2025-01-19T02:26:07.999Z</time><speed>4.222</speed><sat>7</sat></trkpt>
  <trkpt lat="13.74676882" lon="100.51754271"><ele>-18.045</ele><time>2025-01-19T02:26:08.999Z</time><speed>4.416</speed><sat>7</sat></trkpt>
  <trkpt lat="13.74681345" lon="100.51754387"><ele>-17.898</ele><time>2025-01-19T02:26:09.999Z</time><speed>4.517</speed><sat>7</sat></trkpt>
  <trkpt lat="13.74686611" lon="100.51754559"><ele>-17.736</ele><time>2025-01-19T02:26:10.999Z</time><speed>4.507</speed><sat>7</sat></trkpt>
  <trkpt lat="13.74690457" lon="100.51755171"><ele>-17.679</ele><time>2025-01-19T02:26:11.999Z</time><speed>4.291</speed><sat>8</sat></trkpt>
  <trkpt lat="13.74695217" lon="100.51756073"><ele>-17.662</ele><time>2025-01-19T02:26:12.999Z</time><speed>4.312</speed><sat>6</sat></trkpt>
  <trkpt lat="13.74698347" lon="100.51756712"><ele>-17.963</ele><time>2025-01-19T02:26:13.999Z</time><speed>4.472</speed><sat>7</sat></trkpt>
  <trkpt lat="13.74702450" lon="100.51757088"><ele>-18.087</ele><time>2025-01-19T02:26:14.999Z</time><speed>4.322</speed><sat>7</sat></trkpt>
  <trkpt lat="13.74705935" lon="100.51757787"><ele>-17.919</ele><time>2025-01-19T02:26:15.999Z</time><speed>4.269</speed><sat>7</sat></trkpt>
  <trkpt lat="13.74709528" lon="100.51758597"><ele>-17.796</ele><time>2025-01-19T02:26:16.999Z</time><speed>4.492</speed><sat>7</sat></trkpt>
  <trkpt lat="13.74713626" lon="100.51759493"><ele>-17.867</ele><time>2025-01-19T02:26:17.999Z</time><speed>4.642</speed><sat>7</sat></trkpt>
  <trkpt lat="13.74716437" lon="100.51759803"><ele>-17.926</ele><time>2025-01-19T02:26:18.999Z</time><speed>4.443</speed><sat>8</sat></trkpt>
  <trkpt lat="13.74718745" lon="100.51760222"><ele>-17.703</ele><time>2025-01-19T02:26:19.999Z</time><speed>4.634</speed><sat>6</sat></trkpt>
  <trkpt lat="13.74723060" lon="100.51761205"><ele>-17.537</ele><time>2025-01-19T02:26:20.999Z</time><speed>4.305</speed><sat>6</sat></trkpt>
  <trkpt lat="13.74727778" lon="100.51761959"><ele>-17.496</ele><time>2025-01-19T02:26:21.999Z</time><speed>3.996</speed><sat>7</sat></trkpt>
  <trkpt lat="13.74731887" lon="100.51762555"><ele>-17.359</ele><time>2025-01-19T02:26:22.999Z</time><speed>3.859</speed><sat>7</sat></trkpt>
  <trkpt lat="13.74735782" lon="100.51763015"><ele>-17.137</ele><time>2025-01-19T02:26:23.999Z</time><speed>3.859</speed><sat>5</sat></trkpt>
  <trkpt lat="13.74739288" lon="100.51763583"><ele>-17.093</ele><time>2025-01-19T02:26:24.999Z</time><speed>4.059</speed><sat>5</sat></trkpt>
  <trkpt lat="13.74743191" lon="100.51763863"><ele>-17.043</ele><time>2025-01-19T02:26:25.999Z</time><speed>4.178</speed><sat>5</sat></trkpt>
  <trkpt lat="13.74746677" lon="100.51764557"><ele>-17.108</ele><time>2025-01-19T02:26:26.999Z</time><speed>4.028</speed><sat>5</sat></trkpt>
  <trkpt lat="13.74750127" lon="100.51764794"><ele>-17.251</ele><time>2025-01-19T02:26:27.999Z</time><speed>3.890</speed><sat>5</sat></trkpt>
  <trkpt lat="13.74753676" lon="100.51765282"><ele>-17.348</ele><time>2025-01-19T02:26:28.999Z</time><speed>4.077</speed><sat>5</sat></trkpt>
  <trkpt lat="13.74757164" lon="100.51765738"><ele>-17.294</ele><time>2025-01-19T02:26:29.999Z</time><speed>3.979</speed><sat>5</sat></trkpt>
  <trkpt lat="13.74760719" lon="100.51766254"><ele>-17.080</ele><time>2025-01-19T02:26:30.999Z</time><speed>3.769</speed><sat>4</sat></trkpt>
  <trkpt lat="13.74764002" lon="100.51766429"><ele>-17.106</ele><time>2025-01-19T02:26:31.999Z</time><speed>3.726</speed><sat>6</sat></trkpt>
  <trkpt lat="13.74767484" lon="100.51766417"><ele>-17.116</ele><time>2025-01-19T02:26:32.999Z</time><speed>3.767</speed><sat>6</sat></trkpt>
  <trkpt lat="13.74770419" lon="100.51766144"><ele>-16.865</ele><time>2025-01-19T02:26:33.999Z</time><speed>3.672</speed><sat>6</sat></trkpt>
  <trkpt lat="13.74771551" lon="100.51766063"><ele>-17.051</ele><time>2025-01-19T02:26:34.999Z</time><speed>3.077</speed><sat>8</sat></trkpt>
  <trkpt lat="13.74773031" lon="100.51765883"><ele>-17.520</ele><time>2025-01-19T02:26:35.999Z</time><speed>2.599</speed><sat>7</sat></trkpt>
  <trkpt lat="13.74773923" lon="100.51766459"><ele>-17.930</ele><time>2025-01-19T02:26:36.999Z</time><speed>2.271</speed><sat>8</sat></trkpt>
  <trkpt lat="13.74776028" lon="100.51766346"><ele>-18.071</ele><time>2025-01-19T02:26:37.999Z</time><speed>1.855</speed><sat>8</sat></trkpt>
  <trkpt lat="13.74776155" lon="100.51766213"><ele>-17.741</ele><time>2025-01-19T02:26:38.999Z</time><speed>1.559</speed><sat>8</sat></trkpt>
  <trkpt lat="13.74777464" lon="100.51766096"><ele>-17.760</ele><time>2025-01-19T02:26:39.999Z</time><speed>1.572</speed><sat>6</sat></trkpt>
  <trkpt lat="13.74779475" lon="100.51766501"><ele>-17.741</ele><time>2025-01-19T02:26:40.999Z</time><speed>1.583</speed><sat>8</sat></trkpt>
  <trkpt lat="13.74781220" lon="100.51766834"><ele>-17.581</ele><time>2025-01-19T02:26:41.999Z</time><speed>1.570</speed><sat>8</sat></trkpt>
  <trkpt lat="13.74782908" lon="100.51767025"><ele>-17.453</ele><time>2025-01-19T02:26:42.999Z</time><speed>1.605</speed><sat>8</sat></trkpt>
  <trkpt lat="13.74784876" lon="100.51766945"><ele>-17.414</ele><time>2025-01-19T02:26:43.999Z</time><speed>1.839</speed><sat>9</sat></trkpt>
  <trkpt lat="13.74786431" lon="100.51766612"><ele>-17.608</ele><time>2025-01-19T02:26:44.999Z</time><speed>1.781</speed><sat>9</sat></trkpt>
  <trkpt lat="13.74787794" lon="100.51766317"><ele>-17.635</ele><time>2025-01-19T02:26:45.999Z</time><speed>1.847</speed><sat>7</sat></trkpt>
  <trkpt lat="13.74788586" lon="100.51766156"><ele>-17.414</ele><time>2025-01-19T02:26:46.999Z</time><speed>1.531</speed><sat>9</sat></trkpt>
  <trkpt lat="13.74790192" lon="100.51766363"><ele>-17.436</ele><time>2025-01-19T02:26:47.999Z</time><speed>1.705</speed><sat>8</sat></trkpt>
  <trkpt lat="13.74791179" lon="100.51766312"><ele>-17.407</ele><time>2025-01-19T02:26:48.999Z</time><speed>1.628</speed><sat>9</sat></trkpt>
  <trkpt lat="13.74792060" lon="100.51766992"><ele>-17.110</ele><time>2025-01-19T02:26:49.999Z</time><speed>1.762</speed><sat>10</sat></trkpt>
  <trkpt lat="13.74793129" lon="100.51766734"><ele>-17.172</ele><time>2025-01-19T02:26:50.999Z</time><speed>1.696</speed><sat>11</sat></trkpt>
  <trkpt lat="13.74794802" lon="100.51766592"><ele>-17.125</ele><time>2025-01-19T02:26:51.999Z</time><speed>1.713</speed><sat>10</sat></trkpt>
  <trkpt lat="13.74796657" lon="100.51768014"><ele>-16.906</ele><time>2025-01-19T02:26:52.999Z</time><speed>1.775</speed><sat>11</sat></trkpt>
  <trkpt lat="13.74799691" lon="100.51769000"><ele>-17.183</ele><time>2025-01-19T02:26:53.999Z</time><speed>1.926</speed><sat>12</sat></trkpt>
  <trkpt lat="13.74803327" lon="100.51769793"><ele>-17.237</ele><time>2025-01-19T02:26:54.999Z</time><speed>1.879</speed><sat>11</sat></trkpt>
  <trkpt lat="13.74806640" lon="100.51770861"><ele>-17.106</ele><time>2025-01-19T02:26:55.999Z</time><speed>2.031</speed><sat>13</sat></trkpt>
  <trkpt lat="13.74811246" lon="100.51771947"><ele>-17.198</ele><time>2025-01-19T02:26:56.999Z</time><speed>2.408</speed><sat>12</sat></trkpt>
  <trkpt lat="13.74815351" lon="100.51772404"><ele>-17.314</ele><time>2025-01-19T02:26:57.999Z</time><speed>2.804</speed><sat>11</sat></trkpt>
  <trkpt lat="13.74819305" lon="100.51773106"><ele>-17.357</ele><time>2025-01-19T02:26:58.999Z</time><speed>3.167</speed><sat>11</sat></trkpt>
  <trkpt lat="13.74822642" lon="100.51773728"><ele>-17.366</ele><time>2025-01-19T02:26:59.999Z</time><speed>3.637</speed><sat>12</sat></trkpt>
  <trkpt lat="13.74826257" lon="100.51774227"><ele>-17.271</ele><time>2025-01-19T02:27:00.999Z</time><speed>3.960</speed><sat>12</sat></trkpt>
  <trkpt lat="13.74830272" lon="100.51775138"><ele>-17.439</ele><time>2025-01-19T02:27:01.999Z</time><speed>4.557</speed><sat>12</sat></trkpt>
  <trkpt lat="13.74836253" lon="100.51776703"><ele>-17.782</ele><time>2025-01-19T02:27:02.999Z</time><speed>4.844</speed><sat>12</sat></trkpt>
  <trkpt lat="13.74840716" lon="100.51777873"><ele>-17.648</ele><time>2025-01-19T02:27:03.999Z</time><speed>4.643</speed><sat>8</sat></trkpt>
  <trkpt lat="13.74844934" lon="100.51778941"><ele>-17.610</ele><time>2025-01-19T02:27:04.999Z</time><speed>4.468</speed><sat>5</sat></trkpt>
  <trkpt lat="13.74849116" lon="100.51779994"><ele>-17.603</ele><time>2025-01-19T02:27:05.999Z</time><speed>4.385</speed><sat>5</sat></trkpt>
  <trkpt lat="13.74853217" lon="100.51781149"><ele>-17.596</ele><time>2025-01-19T02:27:06.999Z</time><speed>4.385</speed><sat>4</sat></trkpt>
  <trkpt lat="13.74857433" lon="100.51781911"><ele>-17.330</ele><time>2025-01-19T02:27:07.999Z</time><speed>4.663</speed><sat>5</sat></trkpt>
  <trkpt lat="13.74871015" lon="100.51784775"><ele>-17.291</ele><time>2025-01-19T02:27:12.999Z</time><speed>0.000</speed><sat>7</sat></trkpt>
  <trkpt lat="13.74876593" lon="100.51786360"><ele>-18.045</ele><time>2025-01-19T02:27:13.999Z</time><speed>0.000</speed><sat>6</sat></trkpt>
  <trkpt lat="13.74887096" lon="100.51791446"><ele>-18.730</ele><time>2025-01-19T02:27:14.999Z</time><speed>0.000</speed><sat>7</sat></trkpt>
  <trkpt lat="13.74887096" lon="100.51791446"><ele>-18.315</ele><time>2025-01-19T02:27:15.999Z</time><speed>0.000</speed><sat>8</sat></trkpt>
  <trkpt lat="13.74904454" lon="100.51796934"><ele>-18.394</ele><time>2025-01-19T02:27:16.999Z</time><speed>0.000</speed><sat>9</sat></trkpt>
  <trkpt lat="13.74915167" lon="100.51800140"><ele>-18.525</ele><time>2025-01-19T02:27:17.999Z</time><speed>5.061</speed><sat>7</sat></trkpt>
  <trkpt lat="13.74922790" lon="100.51802079"><ele>-18.403</ele><time>2025-01-19T02:27:18.999Z</time><speed>5.061</speed><sat>6</sat></trkpt>
  <trkpt lat="13.74930315" lon="100.51802801"><ele>-17.734</ele><time>2025-01-19T02:27:19.999Z</time><speed>5.794</speed><sat>9</sat></trkpt>
  <trkpt lat="13.74936986" lon="100.51803922"><ele>-17.202</ele><time>2025-01-19T02:27:20.999Z</time><speed>5.858</speed><sat>9</sat></trkpt>
  <trkpt lat="13.74943171" lon="100.51805556"><ele>-17.497</ele><time>2025-01-19T02:27:21.999Z</time><speed>6.061</speed><sat>9</sat></trkpt>
  <trkpt lat="13.74949711" lon="100.51806729"><ele>-17.275</ele><time>2025-01-19T02:27:22.999Z</time><speed>6.108</speed><sat>10</sat></trkpt>
  <trkpt lat="13.74955844" lon="100.51807739"><ele>-17.282</ele><time>2025-01-19T02:27:23.999Z</time><speed>6.330</speed><sat>6</sat></trkpt>
  <trkpt lat="13.74962292" lon="100.51808278"><ele>-16.979</ele><time>2025-01-19T02:27:24.999Z</time><speed>6.569</speed><sat>6</sat></trkpt>
  <trkpt lat="13.74970418" lon="100.51808510"><ele>-17.007</ele><time>2025-01-19T02:27:25.999Z</time><speed>6.936</speed><sat>8</sat></trkpt>
  <trkpt lat="13.74977840" lon="100.51809529"><ele>-17.146</ele><time>2025-01-19T02:27:26.999Z</time><speed>7.108</speed><sat>9</sat></trkpt>
  <trkpt lat="13.74985487" lon="100.51809369"><ele>-17.194</ele><time>2025-01-19T02:27:27.999Z</time><speed>7.222</speed><sat>10</sat></trkpt>
  <trkpt lat="13.74993569" lon="100.51809259"><ele>-17.404</ele><time>2025-01-19T02:27:28.999Z</time><speed>7.532</speed><sat>10</sat></trkpt>
  <trkpt lat="13.75002626" lon="100.51807049"><ele>-17.342</ele><time>2025-01-19T02:27:29.999Z</time><speed>7.536</speed><sat>13</sat></trkpt>
  <trkpt lat="13.75011533" lon="100.51805682"><ele>-17.168</ele><time>2025-01-19T02:27:30.999Z</time><speed>7.603</speed><sat>10</sat></trkpt>
  <trkpt lat="13.75020089" lon="100.51806826"><ele>-17.244</ele><time>2025-01-19T02:27:31.999Z</time><speed>7.572</speed><sat>12</sat></trkpt>
  <trkpt lat="13.75030319" lon="100.51809939"><ele>-17.624</ele><time>2025-01-19T02:27:32.999Z</time><speed>7.611</speed><sat>14</sat></trkpt>
  <trkpt lat="13.75037717" lon="100.51812565"><ele>-18.080</ele><time>2025-01-19T02:27:33.999Z</time><speed>7.573</speed><sat>11</sat></trkpt>
  <trkpt lat="13.75045242" lon="100.51815011"><ele>-18.533</ele><time>2025-01-19T02:27:34.999Z</time><speed>7.342</speed><sat>13</sat></trkpt>
  <trkpt lat="13.75053362" lon="100.51816474"><ele>-18.103</ele><time>2025-01-19T02:27:35.999Z</time><speed>7.247</speed><sat>13</sat></trkpt>
  <trkpt lat="13.75061003" lon="100.51817663"><ele>-17.718</ele><time>2025-01-19T02:27:36.999Z</time><speed>6.986</speed><sat>14</sat></trkpt>
  <trkpt lat="13.75068181" lon="100.51819537"><ele>-17.895</ele><time>2025-01-19T02:27:37.999Z</time><speed>6.828</speed><sat>13</sat></trkpt>
  <trkpt lat="13.75075284" lon="100.51821348"><ele>-17.957</ele><time>2025-01-19T02:27:38.999Z</time><speed>7.101</speed><sat>15</sat></trkpt>
  <trkpt lat="13.75083458" lon="100.51824092"><ele>-17.959</ele><time>2025-01-19T02:27:39.999Z</time><speed>7.082</speed><sat>14</sat></trkpt>
  <trkpt lat="13.75090805" lon="100.51826685"><ele>-17.778</ele><time>2025-01-19T02:27:40.999Z</time><speed>7.204</speed><sat>17</sat></trkpt>
  <trkpt lat="13.75097481" lon="100.51829029"><ele>-17.678</ele><time>2025-01-19T02:27:41.999Z</time><speed>7.181</speed><sat>17</sat></trkpt>
  <trkpt lat="13.75103814" lon="100.51831778"><ele>-17.498</ele><time>2025-01-19T02:27:42.999Z</time><speed>7.134</speed><sat>15</sat></trkpt>
  <trkpt lat="13.75109440" lon="100.51834300"><ele>-17.002</ele><time>2025-01-19T02:27:43.999Z</time><speed>7.222</speed><sat>15</sat></trkpt>
  <trkpt lat="13.75116652" lon="100.51836482"><ele>-17.365</ele><time>2025-01-19T02:27:44.999Z</time><speed>7.295</speed><sat>17</sat></trkpt>
  <trkpt lat="13.75123338" lon="100.51839108"><ele>-17.243</ele><time>2025-01-19T02:27:45.999Z</time><speed>7.153</speed><sat>17</sat></trkpt>
  <trkpt lat="13.75130025" lon="100.51841835"><ele>-17.074</ele><time>2025-01-19T02:27:46.999Z</time><speed>7.117</speed><sat>15</sat></trkpt>
  <trkpt lat="13.75136379" lon="100.51844551"><ele>-16.854</ele><time>2025-01-19T02:27:47.999Z</time><speed>7.110</speed><sat>18</sat></trkpt>
  <trkpt lat="13.75143206" lon="100.51846958"><ele>-16.685</ele><time>2025-01-19T02:27:48.999Z</time><speed>6.936</speed><sat>18</sat></trkpt>
  <trkpt lat="13.75149220" lon="100.51849385"><ele>-16.692</ele><time>2025-01-19T02:27:49.999Z</time><speed>7.154</speed><sat>19</sat></trkpt>
  <trkpt lat="13.75155330" lon="100.51851927"><ele>-16.668</ele><time>2025-01-19T02:27:50.999Z</time><speed>7.178</speed><sat>16</sat></trkpt>
  <trkpt lat="13.75161650" lon="100.51854817"><ele>-16.973</ele><time>2025-01-19T02:27:51.999Z</time><speed>7.164</speed><sat>16</sat></trkpt>
  <trkpt lat="13.75167885" lon="100.51857654"><ele>-16.954</ele><time>2025-01-19T02:27:52.999Z</time><speed>7.287</speed><sat>17</sat></trkpt>
  <trkpt lat="13.75174486" lon="100.51860861"><ele>-16.765</ele><time>2025-01-19T02:27:53.999Z</time><speed>7.171</speed><sat>17</sat></trkpt>
  <trkpt lat="13.75180970" lon="100.51864384"><ele>-16.754</ele><time>2025-01-19T02:27:54.999Z</time><speed>7.034</speed><sat>18</sat></trkpt>
  <trkpt lat="13.75186596" lon="100.51867367"><ele>-16.875</ele><time>2025-01-19T02:27:55.999Z</time><speed>6.933</speed><sat>18</sat></trkpt>
  <trkpt lat="13.75191996" lon="100.51869880"><ele>-16.755</ele><time>2025-01-19T02:27:56.999Z</time><speed>6.782</speed><sat>16</sat></trkpt>
  <trkpt lat="13.75196991" lon="100.51872049"><ele>-16.835</ele><time>2025-01-19T02:27:57.999Z</time><speed>6.659</speed><sat>17</sat></trkpt>
  <trkpt lat="13.75202654" lon="100.51874577"><ele>-16.879</ele><time>2025-01-19T02:27:58.999Z</time><speed>6.537</speed><sat>16</sat></trkpt>
  <trkpt lat="13.75208440" lon="100.51876834"><ele>-16.974</ele><time>2025-01-19T02:27:59.999Z</time><speed>6.493</speed><sat>15</sat></trkpt>
  <trkpt lat="13.75214543" lon="100.51879224"><ele>-16.918</ele><time>2025-01-19T02:28:00.999Z</time><speed>6.453</speed><sat>17</sat></trkpt>
  <trkpt lat="13.75219956" lon="100.51881447"><ele>-16.801</ele><time>2025-01-19T02:28:01.999Z</time><speed>6.496</speed><sat>17</sat></trkpt>
  <trkpt lat="13.75226008" lon="100.51883955"><ele>-16.825</ele><time>2025-01-19T02:28:02.999Z</time><speed>6.544</speed><sat>17</sat></trkpt>
  <trkpt lat="13.75231789" lon="100.51886296"><ele>-16.886</ele><time>2025-01-19T02:28:03.999Z</time><speed>6.547</speed><sat>18</sat></trkpt>
  <trkpt lat="13.75237146" lon="100.51887965"><ele>-16.822</ele><time>2025-01-19T02:28:04.999Z</time><speed>6.361</speed><sat>18</sat></trkpt>
  <trkpt lat="13.75243090" lon="100.51890470"><ele>-16.733</ele><time>2025-01-19T02:28:05.999Z</time><speed>6.460</speed><sat>15</sat></trkpt>
  <trkpt lat="13.75248541" lon="100.51892689"><ele>-16.490</ele><time>2025-01-19T02:28:06.999Z</time><speed>6.307</speed><sat>11</sat></trkpt>
  <trkpt lat="13.75254408" lon="100.51895510"><ele>-16.796</ele><time>2025-01-19T02:28:07.999Z</time><speed>6.275</speed><sat>12</sat></trkpt>
  <trkpt lat="13.75260958" lon="100.51898385"><ele>-17.007</ele><time>2025-01-19T02:28:08.999Z</time><speed>6.174</speed><sat>14</sat></trkpt>
  <trkpt lat="13.75267566" lon="100.51901740"><ele>-16.802</ele><time>2025-01-19T02:28:09.999Z</time><speed>6.406</speed><sat>15</sat></trkpt>
  <trkpt lat="13.75274986" lon="100.51905357"><ele>-16.536</ele><time>2025-01-19T02:28:10.999Z</time><speed>6.511</speed><sat>14</sat></trkpt>
  <trkpt lat="13.75281180" lon="100.51908251"><ele>-16.337</ele><time>2025-01-19T02:28:11.999Z</time><speed>6.571</speed><sat>17</sat></trkpt>
  <trkpt lat="13.75287775" lon="100.51910935"><ele>-16.514</ele><time>2025-01-19T02:28:12.999Z</time><speed>6.661</speed><sat>19</sat></trkpt>
  <trkpt lat="13.75294932" lon="100.51913741"><ele>-16.560</ele><time>2025-01-19T02:28:13.999Z</time><speed>6.633</speed><sat>18</sat></trkpt>
  <trkpt lat="13.75301364" lon="100.51916386"><ele>-16.801</ele><time>2025-01-19T02:28:14.999Z</time><speed>6.588</speed><sat>18</sat></trkpt>
  <trkpt lat="13.75306737" lon="100.51918597"><ele>-16.519</ele><time>2025-01-19T02:28:15.999Z</time><speed>6.455</speed><sat>15</sat></trkpt>
  <trkpt lat="13.75312817" lon="100.51921011"><ele>-16.535</ele><time>2025-01-19T02:28:16.999Z</time><speed>6.528</speed><sat>16</sat></trkpt>
  <trkpt lat="13.75318971" lon="100.51923569"><ele>-16.683</ele><time>2025-01-19T02:28:17.999Z</time><speed>6.321</speed><sat>15</sat></trkpt>
  <trkpt lat="13.75324810" lon="100.51925700"><ele>-16.794</ele><time>2025-01-19T02:28:18.999Z</time><speed>6.384</speed><sat>13</sat></trkpt>
  <trkpt lat="13.75330864" lon="100.51928158"><ele>-16.763</ele><time>2025-01-19T02:28:19.999Z</time><speed>6.526</speed><sat>13</sat></trkpt>
  <trkpt lat="13.75336910" lon="100.51930633"><ele>-16.586</ele><time>2025-01-19T02:28:20.999Z</time><speed>6.610</speed><sat>14</sat></trkpt>
  <trkpt lat="13.75342342" lon="100.51933096"><ele>-16.382</ele><time>2025-01-19T02:28:21.999Z</time><speed>6.647</speed><sat>12</sat></trkpt>
  <trkpt lat="13.75348655" lon="100.51935611"><ele>-16.375</ele><time>2025-01-19T02:28:22.999Z</time><speed>6.637</speed><sat>14</sat></trkpt>
  <trkpt lat="13.75354718" lon="100.51938399"><ele>-16.422</ele><time>2025-01-19T02:28:23.999Z</time><speed>6.713</speed><sat>13</sat></trkpt>
  <trkpt lat="13.75360138" lon="100.51940843"><ele>-16.467</ele><time>2025-01-19T02:28:24.999Z</time><speed>6.628</speed><sat>13</sat></trkpt>
  <trkpt lat="13.75365470" lon="100.51943338"><ele>-16.549</ele><time>2025-01-19T02:28:25.999Z</time><speed>6.693</speed><sat>12</sat></trkpt>
  <trkpt lat="13.75372574" lon="100.51945431"><ele>-17.535</ele><time>2025-01-19T02:28:26.999Z</time><speed>6.871</speed><sat>16</sat></trkpt>
  <trkpt lat="13.75379143" lon="100.51948426"><ele>-17.324</ele><time>2025-01-19T02:28:27.999Z</time><speed>6.909</speed><sat>16</sat></trkpt>
  <trkpt lat="13.75386308" lon="100.51950872"><ele>-17.576</ele><time>2025-01-19T02:28:28.999Z</time><speed>7.041</speed><sat>17</sat></trkpt>
  <trkpt lat="13.75392746" lon="100.51953072"><ele>-17.822</ele><time>2025-01-19T02:28:29.999Z</time><speed>7.174</speed><sat>15</sat></trkpt>
  <trkpt lat="13.75398917" lon="100.51955559"><ele>-17.307</ele><time>2025-01-19T02:28:30.999Z</time><speed>7.225</speed><sat>16</sat></trkpt>
  <trkpt lat="13.75404971" lon="100.51958036"><ele>-17.279</ele><time>2025-01-19T02:28:31.999Z</time><speed>7.354</speed><sat>18</sat></trkpt>
  <trkpt lat="13.75410856" lon="100.51960451"><ele>-17.166</ele><time>2025-01-19T02:28:32.999Z</time><speed>7.265</speed><sat>16</sat></trkpt>
  <trkpt lat="13.75417483" lon="100.51962745"><ele>-16.856</ele><time>2025-01-19T02:28:33.999Z</time><speed>7.076</speed><sat>15</sat></trkpt>
  <trkpt lat="13.75424264" lon="100.51965267"><ele>-16.784</ele><time>2025-01-19T02:28:34.999Z</time><speed>7.157</speed><sat>16</sat></trkpt>
  <trkpt lat="13.75430465" lon="100.51967786"><ele>-16.774</ele><time>2025-01-19T02:28:35.999Z</time><speed>7.219</speed><sat>16</sat></trkpt>
  <trkpt lat="13.75436449" lon="100.51970466"><ele>-17.020</ele><time>2025-01-19T02:28:36.999Z</time><speed>7.293</speed><sat>15</sat></trkpt>
  <trkpt lat="13.75442857" lon="100.51973204"><ele>-16.912</ele><time>2025-01-19T02:28:37.999Z</time><speed>7.206</speed><sat>14</sat></trkpt>
  <trkpt lat="13.75449097" lon="100.51975865"><ele>-16.993</ele><time>2025-01-19T02:28:38.999Z</time><speed>7.153</speed><sat>10</sat></trkpt>
  <trkpt lat="13.75455526" lon="100.51978736"><ele>-17.493</ele><time>2025-01-19T02:28:39.999Z</time><speed>7.242</speed><sat>12</sat></trkpt>
  <trkpt lat="13.75462336" lon="100.51981879"><ele>-18.335</ele><time>2025-01-19T02:28:40.999Z</time><speed>7.391</speed><sat>14</sat></trkpt>
  <trkpt lat="13.75469379" lon="100.51985102"><ele>-18.926</ele><time>2025-01-19T02:28:41.999Z</time><speed>7.584</speed><sat>13</sat></trkpt>
  <trkpt lat="13.75477041" lon="100.51988388"><ele>-19.421</ele><time>2025-01-19T02:28:42.999Z</time><speed>7.704</speed><sat>16</sat></trkpt>
  <trkpt lat="13.75484724" lon="100.51992051"><ele>-19.068</ele><time>2025-01-19T02:28:43.999Z</time><speed>7.725</speed><sat>16</sat></trkpt>
  <trkpt lat="13.75492047" lon="100.51995519"><ele>-19.111</ele><time>2025-01-19T02:28:44.999Z</time><speed>7.797</speed><sat>16</sat></trkpt>
  <trkpt lat="13.75498599" lon="100.51998411"><ele>-19.201</ele><time>2025-01-19T02:28:45.999Z</time><speed>7.777</speed><sat>14</sat></trkpt>
  <trkpt lat="13.75505680" lon="100.52001362"><ele>-19.023</ele><time>2025-01-19T02:28:46.999Z</time><speed>8.030</speed><sat>15</sat></trkpt>
  <trkpt lat="13.75512703" lon="100.52003748"><ele>-18.709</ele><time>2025-01-19T02:28:47.999Z</time><speed>7.893</speed><sat>16</sat></trkpt>
  <trkpt lat="13.75519724" lon="100.52006303"><ele>-18.742</ele><time>2025-01-19T02:28:48.999Z</time><speed>8.033</speed><sat>16</sat></trkpt>
  <trkpt lat="13.75526843" lon="100.52009044"><ele>-18.898</ele><time>2025-01-19T02:28:49.999Z</time><speed>8.194</speed><sat>14</sat></trkpt>
  <trkpt lat="13.75533841" lon="100.52011525"><ele>-19.228</ele><time>2025-01-19T02:28:50.999Z</time><speed>8.060</speed><sat>14</sat></trkpt>
  <trkpt lat="13.75541224" lon="100.52014427"><ele>-19.581</ele><time>2025-01-19T02:28:51.999Z</time><speed>8.018</speed><sat>13</sat></trkpt>
  <trkpt lat="13.75549108" lon="100.52017516"><ele>-19.610</ele><time>2025-01-19T02:28:52.999Z</time><speed>8.106</speed><sat>13</sat></trkpt>
  <trkpt lat="13.75556433" lon="100.52020853"><ele>-19.808</ele><time>2025-01-19T02:28:53.999Z</time><speed>8.141</speed><sat>14</sat></trkpt>
  <trkpt lat="13.75563826" lon="100.52024228"><ele>-19.745</ele><time>2025-01-19T02:28:54.999Z</time><speed>8.275</speed><sat>15</sat></trkpt>
  <trkpt lat="13.75570983" lon="100.52027486"><ele>-19.608</ele><time>2025-01-19T02:28:55.999Z</time><speed>8.408</speed><sat>14</sat></trkpt>
  <trkpt lat="13.75578734" lon="100.52031112"><ele>-19.311</ele><time>2025-01-19T02:28:56.999Z</time><speed>8.563</speed><sat>14</sat></trkpt>
  <trkpt lat="13.75585834" lon="100.52034382"><ele>-19.028</ele><time>2025-01-19T02:28:57.999Z</time><speed>8.473</speed><sat>12</sat></trkpt>
  <trkpt lat="13.75592600" lon="100.52037327"><ele>-18.698</ele><time>2025-01-19T02:28:58.999Z</time><speed>8.274</speed><sat>10</sat></trkpt>
  <trkpt lat="13.75599700" lon="100.52039896"><ele>-17.982</ele><time>2025-01-19T02:28:59.999Z</time><speed>8.345</speed><sat>13</sat></trkpt>
  <trkpt lat="13.75606755" lon="100.52042679"><ele>-17.508</ele><time>2025-01-19T02:29:00.999Z</time><speed>8.240</speed><sat>9</sat></trkpt>
  <trkpt lat="13.75614370" lon="100.52045878"><ele>-17.290</ele><time>2025-01-19T02:29:01.999Z</time><speed>8.400</speed><sat>10</sat></trkpt>
  <trkpt lat="13.75623364" lon="100.52049664"><ele>-17.238</ele><time>2025-01-19T02:29:02.999Z</time><speed>8.743</speed><sat>10</sat></trkpt>
  <trkpt lat="13.75631892" lon="100.52052969"><ele>-17.237</ele><time>2025-01-19T02:29:03.999Z</time><speed>9.139</speed><sat>11</sat></trkpt>
  <trkpt lat="13.75640772" lon="100.52055935"><ele>-17.439</ele><time>2025-01-19T02:29:04.999Z</time><speed>9.177</speed><sat>9</sat></trkpt>
  <trkpt lat="13.75648404" lon="100.52058796"><ele>-17.507</ele><time>2025-01-19T02:29:05.999Z</time><speed>9.238</speed><sat>10</sat></trkpt>
  <trkpt lat="13.75659022" lon="100.52062150"><ele>-17.668</ele><time>2025-01-19T02:29:06.999Z</time><speed>9.215</speed><sat>11</sat></trkpt>
  <trkpt lat="13.75667206" lon="100.52065137"><ele>-17.747</ele><time>2025-01-19T02:29:07.999Z</time><speed>9.455</speed><sat>12</sat></trkpt>
  <trkpt lat="13.75675847" lon="100.52068526"><ele>-17.634</ele><time>2025-01-19T02:29:08.999Z</time><speed>9.566</speed><sat>12</sat></trkpt>
  <trkpt lat="13.75684107" lon="100.52072079"><ele>-17.501</ele><time>2025-01-19T02:29:09.999Z</time><speed>9.718</speed><sat>11</sat></trkpt>
  <trkpt lat="13.75692632" lon="100.52075512"><ele>-17.732</ele><time>2025-01-19T02:29:10.999Z</time><speed>9.763</speed><sat>11</sat></trkpt>
  <trkpt lat="13.75700464" lon="100.52078232"><ele>-17.734</ele><time>2025-01-19T02:29:11.999Z</time><speed>9.705</speed><sat>12</sat></trkpt>
  <trkpt lat="13.75708644" lon="100.52080799"><ele>-17.911</ele><time>2025-01-19T02:29:12.999Z</time><speed>9.951</speed><sat>10</sat></trkpt>
  <trkpt lat="13.75717255" lon="100.52083781"><ele>-17.883</ele><time>2025-01-19T02:29:13.999Z</time><speed>9.978</speed><sat>9</sat></trkpt>
  <trkpt lat="13.75725531" lon="100.52086713"><ele>-18.019</ele><time>2025-01-19T02:29:14.999Z</time><speed>10.155</speed><sat>7</sat></trkpt>
  <trkpt lat="13.75734906" lon="100.52090324"><ele>-18.187</ele><time>2025-01-19T02:29:15.999Z</time><speed>10.069</speed><sat>6</sat></trkpt>
  <trkpt lat="13.75743723" lon="100.52093750"><ele>-18.189</ele><time>2025-01-19T02:29:16.999Z</time><speed>10.248</speed><sat>7</sat></trkpt>
  <trkpt lat="13.75752146" lon="100.52097235"><ele>-17.908</ele><time>2025-01-19T02:29:17.999Z</time><speed>10.181</speed><sat>5</sat></trkpt>
  <trkpt lat="13.75760633" lon="100.52100638"><ele>-17.697</ele><time>2025-01-19T02:29:18.999Z</time><speed>10.181</speed><sat>4</sat></trkpt>
  <trkpt lat="13.75769128" lon="100.52104360"><ele>-17.526</ele><time>2025-01-19T02:29:19.999Z</time><speed>10.247</speed><sat>4</sat></trkpt>
  <trkpt lat="13.75778048" lon="100.52107956"><ele>-17.378</ele><time>2025-01-19T02:29:20.999Z</time><speed>10.311</speed><sat>4</sat></trkpt>
  <trkpt lat="13.75786611" lon="100.52111777"><ele>-17.315</ele><time>2025-01-19T02:29:21.999Z</time><speed>10.236</speed><sat>4</sat></trkpt>
  <trkpt lat="13.75811684" lon="100.52123423"><ele>-17.209</ele><time>2025-01-19T02:29:24.999Z</time><speed>9.864</speed><sat>5</sat></trkpt>
  <trkpt lat="13.75819974" lon="100.52126493"><ele>-17.195</ele><time>2025-01-19T02:29:25.999Z</time><speed>9.657</speed><sat>6</sat></trkpt>
  <trkpt lat="13.75828257" lon="100.52129418"><ele>-17.158</ele><time>2025-01-19T02:29:26.999Z</time><speed>9.563</speed><sat>5</sat></trkpt>
  <trkpt lat="13.75837505" lon="100.52132460"><ele>-17.383</ele><time>2025-01-19T02:29:27.999Z</time><speed>9.647</speed><sat>7</sat></trkpt>
  <trkpt lat="13.75844011" lon="100.52135842"><ele>-16.897</ele><time>2025-01-19T02:29:28.999Z</time><speed>9.617</speed><sat>8</sat></trkpt>
  <trkpt lat="13.75852201" lon="100.52138906"><ele>-16.817</ele><time>2025-01-19T02:29:29.999Z</time><speed>9.459</speed><sat>7</sat></trkpt>
  <trkpt lat="13.75860532" lon="100.52141622"><ele>-16.847</ele><time>2025-01-19T02:29:30.999Z</time><speed>8.892</speed><sat>6</sat></trkpt>
  <trkpt lat="13.75868369" lon="100.52144540"><ele>-17.104</ele><time>2025-01-19T02:29:31.999Z</time><speed>8.693</speed><sat>7</sat></trkpt>
  <trkpt lat="13.75884688" lon="100.52150725"><ele>-17.259</ele><time>2025-01-19T02:29:33.999Z</time><speed>9.439</speed><sat>6</sat></trkpt>
  <trkpt lat="13.75893113" lon="100.52153197"><ele>-17.457</ele><time>2025-01-19T02:29:34.999Z</time><speed>9.393</speed><sat>7</sat></trkpt>
  <trkpt lat="13.75900450" lon="100.52155622"><ele>-17.269</ele><time>2025-01-19T02:29:35.999Z</time><speed>9.240</speed><sat>5</sat></trkpt>
  <trkpt lat="13.75907228" lon="100.52157896"><ele>-17.290</ele><time>2025-01-19T02:29:36.999Z</time><speed>9.046</speed><sat>5</sat></trkpt>
  <trkpt lat="13.75913704" lon="100.52160183"><ele>-17.490</ele><time>2025-01-19T02:29:37.999Z</time><speed>8.647</speed><sat>5</sat></trkpt>
  <trkpt lat="13.75920186" lon="100.52163003"><ele>-17.398</ele><time>2025-01-19T02:29:38.999Z</time><speed>8.647</speed><sat>4</sat></trkpt>
  <trkpt lat="13.75927540" lon="100.52166318"><ele>-17.608</ele><time>2025-01-19T02:29:39.999Z</time><speed>8.324</speed><sat>5</sat></trkpt>
  <trkpt lat="13.75934242" lon="100.52170061"><ele>-17.572</ele><time>2025-01-19T02:29:40.999Z</time><speed>8.088</speed><sat>5</sat></trkpt>
  <trkpt lat="13.75939944" lon="100.52172446"><ele>-17.580</ele><time>2025-01-19T02:29:41.999Z</time><speed>7.536</speed><sat>7</sat></trkpt>
  <trkpt lat="13.75947716" lon="100.52177790"><ele>-17.490</ele><time>2025-01-19T02:29:42.999Z</time><speed>7.329</speed><sat>6</sat></trkpt>
  <trkpt lat="13.75954382" lon="100.52181096"><ele>-17.587</ele><time>2025-01-19T02:29:43.999Z</time><speed>6.974</speed><sat>8</sat></trkpt>
  <trkpt lat="13.75959580" lon="100.52183145"><ele>-17.535</ele><time>2025-01-19T02:29:44.999Z</time><speed>6.756</speed><sat>7</sat></trkpt>
  <trkpt lat="13.75963954" lon="100.52184664"><ele>-17.541</ele><time>2025-01-19T02:29:45.999Z</time><speed>6.746</speed><sat>8</sat></trkpt>
  <trkpt lat="13.75968459" lon="100.52186440"><ele>-17.347</ele><time>2025-01-19T02:29:46.999Z</time><speed>6.372</speed><sat>7</sat></trkpt>
  <trkpt lat="13.75973106" lon="100.52188173"><ele>-17.224</ele><time>2025-01-19T02:29:47.999Z</time><speed>6.177</speed><sat>7</sat></trkpt>
  <trkpt lat="13.75977406" lon="100.52189803"><ele>-17.172</ele><time>2025-01-19T02:29:48.999Z</time><speed>5.973</speed><sat>5</sat></trkpt>
  <trkpt lat="13.75981954" lon="100.52191700"><ele>-17.052</ele><time>2025-01-19T02:29:49.999Z</time><speed>5.973</speed><sat>4</sat></trkpt>
  <trkpt lat="13.75986497" lon="100.52193545"><ele>-16.980</ele><time>2025-01-19T02:29:50.999Z</time><speed>5.463</speed><sat>4</sat></trkpt>
  <trkpt lat="13.75990366" lon="100.52195371"><ele>-16.834</ele><time>2025-01-19T02:29:51.999Z</time><speed>5.119</speed><sat>4</sat></trkpt>
  <trkpt lat="13.75993896" lon="100.52197189"><ele>-16.862</ele><time>2025-01-19T02:29:52.999Z</time><speed>4.797</speed><sat>5</sat></trkpt>
  <trkpt lat="13.75997955" lon="100.52198778"><ele>-17.113</ele><time>2025-01-19T02:29:53.999Z</time><speed>4.797</speed><sat>4</sat></trkpt>
  <trkpt lat="13.76001193" lon="100.52199887"><ele>-17.434</ele><time>2025-01-19T02:29:54.999Z</time><speed>4.170</speed><sat>5</sat></trkpt>
  <trkpt lat="13.76004429" lon="100.52201057"><ele>-17.397</ele><time>2025-01-19T02:29:55.999Z</time><speed>3.815</speed><sat>8</sat></trkpt>
  <trkpt lat="13.76007225" lon="100.52202144"><ele>-17.526</ele><time>2025-01-19T02:29:56.999Z</time><speed>3.736</speed><sat>8</sat></trkpt>
  <trkpt lat="13.76010294" lon="100.52203561"><ele>-17.563</ele><time>2025-01-19T02:29:57.999Z</time><speed>3.784</speed><sat>8</sat></trkpt>
  <trkpt lat="13.76012832" lon="100.52205052"><ele>-17.500</ele><time>2025-01-19T02:29:58.999Z</time><speed>3.662</speed><sat>9</sat></trkpt>
  <trkpt lat="13.76014760" lon="100.52206650"><ele>-17.488</ele><time>2025-01-19T02:29:59.999Z</time><speed>3.491</speed><sat>7</sat></trkpt>
  <trkpt lat="13.76016498" lon="100.52207947"><ele>-17.444</ele><time>2025-01-19T02:30:00.999Z</time><speed>3.232</speed><sat>7</sat></trkpt>
  <trkpt lat="13.76018114" lon="100.52209036"><ele>-17.563</ele><time>2025-01-19T02:30:01.999Z</time><speed>3.015</speed><sat>8</sat></trkpt>
  <trkpt lat="13.76020572" lon="100.52210223"><ele>-17.448</ele><time>2025-01-19T02:30:02.999Z</time><speed>2.565</speed><sat>7</sat></trkpt>
  <trkpt lat="13.76021384" lon="100.52210283"><ele>-17.229</ele><time>2025-01-19T02:30:03.999Z</time><speed>2.052</speed><sat>8</sat></trkpt>
  <trkpt lat="13.76020549" lon="100.52209194"><ele>-17.410</ele><time>2025-01-19T02:30:04.999Z</time><speed>1.794</speed><sat>10</sat></trkpt>
  <trkpt lat="13.76020944" lon="100.52208814"><ele>-17.554</ele><time>2025-01-19T02:30:05.999Z</time><speed>1.756</speed><sat>11</sat></trkpt>
  <trkpt lat="13.76022268" lon="100.52209114"><ele>-18.028</ele><time>2025-01-19T02:30:06.999Z</time><speed>1.885</speed><sat>11</sat></trkpt>
  <trkpt lat="13.76023881" lon="100.52210005"><ele>-17.802</ele><time>2025-01-19T02:30:07.999Z</time><speed>1.880</speed><sat>11</sat></trkpt>
  <trkpt lat="13.76025918" lon="100.52211266"><ele>-17.840</ele><time>2025-01-19T02:30:08.999Z</time><speed>1.914</speed><sat>11</sat></trkpt>
  <trkpt lat="13.76028286" lon="100.52212326"><ele>-18.141</ele><time>2025-01-19T02:30:09.999Z</time><speed>2.328</speed><sat>11</sat></trkpt>
  <trkpt lat="13.76030326" lon="100.52213105"><ele>-18.341</ele><time>2025-01-19T02:30:10.999Z</time><speed>2.467</speed><sat>10</sat></trkpt>
  <trkpt lat="13.76033209" lon="100.52213540"><ele>-18.375</ele><time>2025-01-19T02:30:11.999Z</time><speed>2.710</speed><sat>10</sat></trkpt>
  <trkpt lat="13.76035457" lon="100.52214194"><ele>-18.166</ele><time>2025-01-19T02:30:12.999Z</time><speed>2.623</speed><sat>11</sat></trkpt>
  <trkpt lat="13.76037701" lon="100.52215087"><ele>-18.038</ele><time>2025-01-19T02:30:13.999Z</time><speed>2.686</speed><sat>11</sat></trkpt>
  <trkpt lat="13.76040289" lon="100.52216379"><ele>-18.126</ele><time>2025-01-19T02:30:14.999Z</time><speed>2.667</speed><sat>10</sat></trkpt>
  <trkpt lat="13.76044327" lon="100.52217702"><ele>-18.246</ele><time>2025-01-19T02:30:15.999Z</time><speed>2.870</speed><sat>10</sat></trkpt>
  <trkpt lat="13.76048181" lon="100.52219120"><ele>-18.143</ele><time>2025-01-19T02:30:16.999Z</time><speed>3.147</speed><sat>12</sat></trkpt>
  <trkpt lat="13.76052461" lon="100.52220624"><ele>-18.141</ele><time>2025-01-19T02:30:17.999Z</time><speed>3.435</speed><sat>11</sat></trkpt>
  <trkpt lat="13.76057325" lon="100.52221971"><ele>-18.558</ele><time>2025-01-19T02:30:18.999Z</time><speed>4.083</speed><sat>10</sat></trkpt>
  <trkpt lat="13.76062519" lon="100.52223297"><ele>-18.401</ele><time>2025-01-19T02:30:19.999Z</time><speed>4.606</speed><sat>11</sat></trkpt>
  <trkpt lat="13.76069123" lon="100.52225000"><ele>-18.449</ele><time>2025-01-19T02:30:20.999Z</time><speed>5.543</speed><sat>11</sat></trkpt>
  <trkpt lat="13.76074212" lon="100.52226772"><ele>-18.432</ele><time>2025-01-19T02:30:21.999Z</time><speed>5.703</speed><sat>12</sat></trkpt>
  <trkpt lat="13.76079563" lon="100.52229043"><ele>-18.414</ele><time>2025-01-19T02:30:22.999Z</time><speed>5.802</speed><sat>13</sat></trkpt>
  <trkpt lat="13.76084417" lon="100.52231040"><ele>-18.277</ele><time>2025-01-19T02:30:23.999Z</time><speed>5.774</speed><sat>15</sat></trkpt>
  <trkpt lat="13.76089794" lon="100.52232536"><ele>-18.382</ele><time>2025-01-19T02:30:24.999Z</time><speed>5.893</speed><sat>15</sat></trkpt>
  <trkpt lat="13.76095154" lon="100.52234529"><ele>-18.266</ele><time>2025-01-19T02:30:25.999Z</time><speed>6.080</speed><sat>15</sat></trkpt>
  <trkpt lat="13.76101375" lon="100.52236542"><ele>-18.273</ele><time>2025-01-19T02:30:26.999Z</time><speed>6.005</speed><sat>15</sat></trkpt>
  <trkpt lat="13.76107527" lon="100.52238617"><ele>-17.775</ele><time>2025-01-19T02:30:27.999Z</time><speed>6.565</speed><sat>15</sat></trkpt>
  <trkpt lat="13.76114516" lon="100.52240429"><ele>-17.580</ele><time>2025-01-19T02:30:28.999Z</time><speed>6.922</speed><sat>15</sat></trkpt>
  <trkpt lat="13.76121431" lon="100.52242663"><ele>-17.444</ele><time>2025-01-19T02:30:29.999Z</time><speed>6.958</speed><sat>14</sat></trkpt>
  <trkpt lat="13.76129097" lon="100.52244433"><ele>-16.915</ele><time>2025-01-19T02:30:30.999Z</time><speed>7.696</speed><sat>16</sat></trkpt>
  <trkpt lat="13.76136724" lon="100.52245766"><ele>-16.527</ele><time>2025-01-19T02:30:31.999Z</time><speed>7.796</speed><sat>15</sat></trkpt>
  <trkpt lat="13.76143885" lon="100.52247848"><ele>-15.815</ele><time>2025-01-19T02:30:32.999Z</time><speed>8.060</speed><sat>15</sat></trkpt>
  <trkpt lat="13.76151263" lon="100.52250487"><ele>-15.285</ele><time>2025-01-19T02:30:33.999Z</time><speed>8.145</speed><sat>14</sat></trkpt>
  <trkpt lat="13.76159435" lon="100.52252874"><ele>-15.105</ele><time>2025-01-19T02:30:34.999Z</time><speed>8.293</speed><sat>14</sat></trkpt>
  <trkpt lat="13.76167632" lon="100.52255446"><ele>-15.121</ele><time>2025-01-19T02:30:35.999Z</time><speed>8.554</speed><sat>13</sat></trkpt>
  <trkpt lat="13.76176142" lon="100.52258486"><ele>-15.253</ele><time>2025-01-19T02:30:36.999Z</time><speed>8.950</speed><sat>14</sat></trkpt>
  <trkpt lat="13.76184871" lon="100.52261951"><ele>-15.119</ele><time>2025-01-19T02:30:37.999Z</time><speed>9.118</speed><sat>13</sat></trkpt>
  <trkpt lat="13.76192652" lon="100.52266021"><ele>-15.822</ele><time>2025-01-19T02:30:38.999Z</time><speed>9.127</speed><sat>14</sat></trkpt>
  <trkpt lat="13.76200835" lon="100.52269855"><ele>-16.387</ele><time>2025-01-19T02:30:39.999Z</time><speed>9.309</speed><sat>15</sat></trkpt>
  <trkpt lat="13.76209840" lon="100.52273397"><ele>-16.584</ele><time>2025-01-19T02:30:40.999Z</time><speed>9.638</speed><sat>14</sat></trkpt>
  <trkpt lat="13.76219184" lon="100.52277131"><ele>-16.543</ele><time>2025-01-19T02:30:41.999Z</time><speed>9.918</speed><sat>13</sat></trkpt>
  <trkpt lat="13.76228356" lon="100.52280684"><ele>-16.630</ele><time>2025-01-19T02:30:42.999Z</time><speed>9.990</speed><sat>13</sat></trkpt>
  <trkpt lat="13.76236686" lon="100.52284719"><ele>-16.758</ele><time>2025-01-19T02:30:43.999Z</time><speed>10.029</speed><sat>14</sat></trkpt>
  <trkpt lat="13.76244584" lon="100.52288419"><ele>-16.472</ele><time>2025-01-19T02:30:44.999Z</time><speed>9.904</speed><sat>12</sat></trkpt>
  <trkpt lat="13.76252894" lon="100.52292340"><ele>-16.240</ele><time>2025-01-19T02:30:45.999Z</time><speed>9.945</speed><sat>12</sat></trkpt>
  <trkpt lat="13.76260943" lon="100.52295837"><ele>-16.207</ele><time>2025-01-19T02:30:46.999Z</time><speed>9.634</speed><sat>14</sat></trkpt>
  <trkpt lat="13.76268920" lon="100.52299447"><ele>-16.364</ele><time>2025-01-19T02:30:47.999Z</time><speed>9.685</speed><sat>13</sat></trkpt>
  <trkpt lat="13.76276937" lon="100.52303404"><ele>-16.760</ele><time>2025-01-19T02:30:48.999Z</time><speed>9.651</speed><sat>11</sat></trkpt>
  <trkpt lat="13.76286149" lon="100.52307516"><ele>-16.875</ele><time>2025-01-19T02:30:49.999Z</time><speed>9.931</speed><sat>12</sat></trkpt>
  <trkpt lat="13.76295924" lon="100.52312797"><ele>-16.538</ele><time>2025-01-19T02:30:50.999Z</time><speed>10.341</speed><sat>11</sat></trkpt>
  <trkpt lat="13.76306182" lon="100.52317490"><ele>-16.577</ele><time>2025-01-19T02:30:51.999Z</time><speed>10.522</speed><sat>11</sat></trkpt>
  <trkpt lat="13.76315545" lon="100.52321771"><ele>-16.209</ele><time>2025-01-19T02:30:52.999Z</time><speed>10.536</speed><sat>11</sat></trkpt>
  <trkpt lat="13.76325122" lon="100.52325509"><ele>-16.598</ele><time>2025-01-19T02:30:53.999Z</time><speed>10.582</speed><sat>11</sat></trkpt>
  <trkpt lat="13.76334631" lon="100.52329665"><ele>-16.673</ele><time>2025-01-19T02:30:54.999Z</time><speed>10.414</speed><sat>12</sat></trkpt>
  <trkpt lat="13.76344611" lon="100.52333254"><ele>-17.016</ele><time>2025-01-19T02:30:55.999Z</time><speed>10.382</speed><sat>11</sat></trkpt>
  <trkpt lat="13.76354673" lon="100.52336848"><ele>-17.512</ele><time>2025-01-19T02:30:56.999Z</time><speed>10.579</speed><sat>11</sat></trkpt>
  <trkpt lat="13.76364063" lon="100.52340846"><ele>-17.886</ele><time>2025-01-19T02:30:57.999Z</time><speed>10.663</speed><sat>9</sat></trkpt>
  <trkpt lat="13.76373069" lon="100.52344858"><ele>-17.936</ele><time>2025-01-19T02:30:58.999Z</time><speed>10.365</speed><sat>9</sat></trkpt>
  <trkpt lat="13.76382473" lon="100.52348740"><ele>-17.880</ele><time>2025-01-19T02:30:59.999Z</time><speed>10.108</speed><sat>10</sat></trkpt>
  <trkpt lat="13.76391000" lon="100.52351907"><ele>-17.669</ele><time>2025-01-19T02:31:00.999Z</time><speed>10.022</speed><sat>8</sat></trkpt>
  <trkpt lat="13.76399542" lon="100.52355382"><ele>-17.546</ele><time>2025-01-19T02:31:01.999Z</time><speed>9.944</speed><sat>9</sat></trkpt>
  <trkpt lat="13.76408509" lon="100.52359339"><ele>-17.544</ele><time>2025-01-19T02:31:02.999Z</time><speed>9.859</speed><sat>7</sat></trkpt>
  <trkpt lat="13.76417199" lon="100.52363065"><ele>-17.563</ele><time>2025-01-19T02:31:03.999Z</time><speed>9.581</speed><sat>8</sat></trkpt>
  <trkpt lat="13.76425878" lon="100.52366748"><ele>-17.374</ele><time>2025-01-19T02:31:04.999Z</time><speed>9.599</speed><sat>8</sat></trkpt>
  <trkpt lat="13.76435241" lon="100.52371254"><ele>-17.529</ele><time>2025-01-19T02:31:05.999Z</time><speed>9.708</speed><sat>7</sat></trkpt>
  <trkpt lat="13.76443281" lon="100.52375437"><ele>-16.975</ele><time>2025-01-19T02:31:06.999Z</time><speed>9.035</speed><sat>9</sat></trkpt>
  <trkpt lat="13.76450478" lon="100.52379257"><ele>-16.921</ele><time>2025-01-19T02:31:07.999Z</time><speed>8.826</speed><sat>9</sat></trkpt>
  <trkpt lat="13.76458949" lon="100.52382287"><ele>-16.841</ele><time>2025-01-19T02:31:08.999Z</time><speed>8.740</speed><sat>10</sat></trkpt>
  <trkpt lat="13.76466769" lon="100.52387175"><ele>-17.508</ele><time>2025-01-19T02:31:09.999Z</time><speed>9.112</speed><sat>11</sat></trkpt>
  <trkpt lat="13.76476261" lon="100.52390439"><ele>-18.110</ele><time>2025-01-19T02:31:10.999Z</time><speed>9.013</speed><sat>11</sat></trkpt>
  <trkpt lat="13.76483518" lon="100.52394270"><ele>-18.194</ele><time>2025-01-19T02:31:11.999Z</time><speed>8.940</speed><sat>10</sat></trkpt>
  <trkpt lat="13.76490424" lon="100.52397636"><ele>-17.812</ele><time>2025-01-19T02:31:12.999Z</time><speed>8.782</speed><sat>8</sat></trkpt>
  <trkpt lat="13.76498723" lon="100.52401416"><ele>-17.944</ele><time>2025-01-19T02:31:13.999Z</time><speed>8.758</speed><sat>9</sat></trkpt>
  <trkpt lat="13.76507755" lon="100.52405687"><ele>-18.010</ele><time>2025-01-19T02:31:14.999Z</time><speed>8.910</speed><sat>11</sat></trkpt>
  <trkpt lat="13.76516169" lon="100.52409410"><ele>-17.941</ele><time>2025-01-19T02:31:15.999Z</time><speed>8.745</speed><sat>12</sat></trkpt>
  <trkpt lat="13.76524305" lon="100.52412899"><ele>-17.960</ele><time>2025-01-19T02:31:16.999Z</time><speed>8.795</speed><sat>12</sat></trkpt>
  <trkpt lat="13.76531896" lon="100.52416029"><ele>-17.716</ele><time>2025-01-19T02:31:17.999Z</time><speed>8.749</speed><sat>12</sat></trkpt>
  <trkpt lat="13.76539518" lon="100.52419417"><ele>-17.601</ele><time>2025-01-19T02:31:18.999Z</time><speed>8.788</speed><sat>10</sat></trkpt>
  <trkpt lat="13.76547238" lon="100.52422487"><ele>-17.335</ele><time>2025-01-19T02:31:19.999Z</time><speed>8.679</speed><sat>11</sat></trkpt>
  <trkpt lat="13.76555251" lon="100.52425372"><ele>-17.552</ele><time>2025-01-19T02:31:20.999Z</time><speed>8.772</speed><sat>11</sat></trkpt>
  <trkpt lat="13.76562567" lon="100.52427926"><ele>-17.205</ele><time>2025-01-19T02:31:21.999Z</time><speed>8.860</speed><sat>10</sat></trkpt>
  <trkpt lat="13.76570251" lon="100.52430864"><ele>-17.196</ele><time>2025-01-19T02:31:22.999Z</time><speed>8.730</speed><sat>10</sat></trkpt>
  <trkpt lat="13.76577007" lon="100.52433526"><ele>-17.398</ele><time>2025-01-19T02:31:23.999Z</time><speed>8.456</speed><sat>9</sat></trkpt>
  <trkpt lat="13.76583620" lon="100.52436162"><ele>-17.164</ele><time>2025-01-19T02:31:24.999Z</time><speed>8.050</speed><sat>10</sat></trkpt>
  <trkpt lat="13.76590397" lon="100.52438472"><ele>-17.299</ele><time>2025-01-19T02:31:25.999Z</time><speed>7.971</speed><sat>11</sat></trkpt>
  <trkpt lat="13.76597404" lon="100.52441027"><ele>-17.301</ele><time>2025-01-19T02:31:26.999Z</time><speed>7.814</speed><sat>11</sat></trkpt>
  <trkpt lat="13.76603986" lon="100.52443471"><ele>-17.432</ele><time>2025-01-19T02:31:27.999Z</time><speed>7.552</speed><sat>10</sat></trkpt>
  <trkpt lat="13.76611109" lon="100.52445588"><ele>-17.602</ele><time>2025-01-19T02:31:28.999Z</time><speed>7.326</speed><sat>9</sat></trkpt>
  <trkpt lat="13.76617823" lon="100.52447763"><ele>-17.143</ele><time>2025-01-19T02:31:29.999Z</time><speed>7.224</speed><sat>10</sat></trkpt>
  <trkpt lat="13.76623712" lon="100.52450171"><ele>-16.789</ele><time>2025-01-19T02:31:30.999Z</time><speed>7.177</speed><sat>11</sat></trkpt>
  <trkpt lat="13.76630300" lon="100.52452735"><ele>-17.202</ele><time>2025-01-19T02:31:31.999Z</time><speed>7.186</speed><sat>11</sat></trkpt>
  <trkpt lat="13.76635094" lon="100.52454407"><ele>-17.259</ele><time>2025-01-19T02:31:32.999Z</time><speed>7.085</speed><sat>11</sat></trkpt>
  <trkpt lat="13.76640539" lon="100.52456425"><ele>-17.454</ele><time>2025-01-19T02:31:33.999Z</time><speed>6.953</speed><sat>9</sat></trkpt>
  <trkpt lat="13.76646263" lon="100.52458529"><ele>-17.649</ele><time>2025-01-19T02:31:34.999Z</time><speed>6.763</speed><sat>9</sat></trkpt>
  <trkpt lat="13.76652040" lon="100.52459499"><ele>-17.648</ele><time>2025-01-19T02:31:35.999Z</time><speed>6.335</speed><sat>6</sat></trkpt>
  <trkpt lat="13.76662881" lon="100.52461910"><ele>-17.498</ele><time>2025-01-19T02:31:37.999Z</time><speed>6.225</speed><sat>5</sat></trkpt>
  <trkpt lat="13.76685848" lon="100.52468822"><ele>-17.105</ele><time>2025-01-19T02:31:42.999Z</time><speed>5.112</speed><sat>9</sat></trkpt>
  <trkpt lat="13.76689426" lon="100.52471842"><ele>-17.023</ele><time>2025-01-19T02:31:43.999Z</time><speed>4.991</speed><sat>11</sat></trkpt>
  <trkpt lat="13.76693797" lon="100.52474420"><ele>-16.869</ele><time>2025-01-19T02:31:44.999Z</time><speed>4.772</speed><sat>11</sat></trkpt>
  <trkpt lat="13.76697475" lon="100.52476169"><ele>-16.709</ele><time>2025-01-19T02:31:45.999Z</time><speed>4.708</speed><sat>11</sat></trkpt>
  <trkpt lat="13.76701090" lon="100.52477872"><ele>-16.199</ele><time>2025-01-19T02:31:46.999Z</time><speed>4.352</speed><sat>10</sat></trkpt>
  <trkpt lat="13.76704418" lon="100.52479179"><ele>-16.731</ele><time>2025-01-19T02:31:47.999Z</time><speed>4.248</speed><sat>9</sat></trkpt>
  <trkpt lat="13.76707475" lon="100.52480812"><ele>-16.596</ele><time>2025-01-19T02:31:48.999Z</time><speed>4.014</speed><sat>10</sat></trkpt>
  <trkpt lat="13.76711435" lon="100.52483534"><ele>-17.084</ele><time>2025-01-19T02:31:49.999Z</time><speed>3.813</speed><sat>10</sat></trkpt>
  <trkpt lat="13.76715705" lon="100.52485935"><ele>-16.848</ele><time>2025-01-19T02:31:50.999Z</time><speed>3.101</speed><sat>8</sat></trkpt>
  <trkpt lat="13.76718056" lon="100.52487354"><ele>-16.469</ele><time>2025-01-19T02:31:51.999Z</time><speed>3.315</speed><sat>11</sat></trkpt>
  <trkpt lat="13.76720978" lon="100.52489184"><ele>-16.435</ele><time>2025-01-19T02:31:52.999Z</time><speed>3.364</speed><sat>11</sat></trkpt>
  <trkpt lat="13.76723624" lon="100.52490614"><ele>-16.545</ele><time>2025-01-19T02:31:53.999Z</time><speed>3.274</speed><sat>12</sat></trkpt>
  <trkpt lat="13.76726391" lon="100.52491153"><ele>-16.231</ele><time>2025-01-19T02:31:54.999Z</time><speed>3.091</speed><sat>12</sat></trkpt>
  <trkpt lat="13.76728997" lon="100.52492297"><ele>-16.213</ele><time>2025-01-19T02:31:55.999Z</time><speed>3.023</speed><sat>11</sat></trkpt>
  <trkpt lat="13.76731286" lon="100.52493616"><ele>-16.116</ele><time>2025-01-19T02:31:56.999Z</time><speed>2.767</speed><sat>11</sat></trkpt>
  <trkpt lat="13.76733191" lon="100.52495706"><ele>-16.057</ele><time>2025-01-19T02:31:57.999Z</time><speed>2.705</speed><sat>11</sat></trkpt>
  <trkpt lat="13.76734932" lon="100.52496840"><ele>-16.216</ele><time>2025-01-19T02:31:58.999Z</time><speed>2.558</speed><sat>11</sat></trkpt>
  <trkpt lat="13.76736035" lon="100.52497388"><ele>-16.324</ele><time>2025-01-19T02:31:59.999Z</time><speed>2.316</speed><sat>12</sat></trkpt>
  <trkpt lat="13.76737462" lon="100.52497943"><ele>-16.221</ele><time>2025-01-19T02:32:00.999Z</time><speed>2.012</speed><sat>12</sat></trkpt>
  <trkpt lat="13.76738671" lon="100.52498363"><ele>-16.293</ele><time>2025-01-19T02:32:01.999Z</time><speed>1.690</speed><sat>11</sat></trkpt>
  <trkpt lat="13.76739991" lon="100.52498956"><ele>-16.724</ele><time>2025-01-19T02:32:02.999Z</time><speed>1.451</speed><sat>13</sat></trkpt>
  <trkpt lat="13.76741185" lon="100.52499497"><ele>-16.807</ele><time>2025-01-19T02:32:03.999Z</time><speed>1.297</speed><sat>13</sat></trkpt>
  <trkpt lat="13.76742429" lon="100.52499894"><ele>-17.170</ele><time>2025-01-19T02:32:04.999Z</time><speed>1.115</speed><sat>12</sat></trkpt>
  <trkpt lat="13.76743538" lon="100.52500233"><ele>-17.271</ele><time>2025-01-19T02:32:05.999Z</time><speed>1.105</speed><sat>13</sat></trkpt>
  <trkpt lat="13.76744715" lon="100.52500608"><ele>-17.410</ele><time>2025-01-19T02:32:06.999Z</time><speed>1.054</speed><sat>13</sat></trkpt>
  <trkpt lat="13.76746522" lon="100.52501442"><ele>-17.585</ele><time>2025-01-19T02:32:07.999Z</time><speed>1.049</speed><sat>12</sat></trkpt>
  <trkpt lat="13.76747907" lon="100.52501931"><ele>-17.453</ele><time>2025-01-19T02:32:08.999Z</time><speed>1.125</speed><sat>13</sat></trkpt>
  <trkpt lat="13.76749390" lon="100.52503113"><ele>-17.725</ele><time>2025-01-19T02:32:09.999Z</time><speed>1.355</speed><sat>13</sat></trkpt>
  <trkpt lat="13.76750911" lon="100.52504031"><ele>-17.628</ele><time>2025-01-19T02:32:10.999Z</time><speed>1.568</speed><sat>12</sat></trkpt>
  <trkpt lat="13.76752437" lon="100.52504733"><ele>-17.552</ele><time>2025-01-19T02:32:11.999Z</time><speed>1.722</speed><sat>13</sat></trkpt>
  <trkpt lat="13.76755182" lon="100.52506193"><ele>-17.588</ele><time>2025-01-19T02:32:12.999Z</time><speed>1.804</speed><sat>14</sat></trkpt>
  <trkpt lat="13.76757180" lon="100.52507723"><ele>-17.775</ele><time>2025-01-19T02:32:13.999Z</time><speed>1.795</speed><sat>13</sat></trkpt>
  <trkpt lat="13.76759559" lon="100.52508118"><ele>-18.123</ele><time>2025-01-19T02:32:14.999Z</time><speed>1.883</speed><sat>13</sat></trkpt>
  <trkpt lat="13.76761868" lon="100.52508946"><ele>-18.110</ele><time>2025-01-19T02:32:15.999Z</time><speed>2.139</speed><sat>12</sat></trkpt>
  <trkpt lat="13.76764382" lon="100.52510038"><ele>-17.789</ele><time>2025-01-19T02:32:16.999Z</time><speed>1.909</speed><sat>13</sat></trkpt>
  <trkpt lat="13.76766803" lon="100.52511394"><ele>-17.785</ele><time>2025-01-19T02:32:17.999Z</time><speed>2.110</speed><sat>12</sat></trkpt>
  <trkpt lat="13.76769783" lon="100.52513296"><ele>-17.707</ele><time>2025-01-19T02:32:18.999Z</time><speed>2.721</speed><sat>11</sat></trkpt>
  <trkpt lat="13.76772318" lon="100.52515037"><ele>-17.620</ele><time>2025-01-19T02:32:19.999Z</time><speed>2.797</speed><sat>12</sat></trkpt>
  <trkpt lat="13.76774626" lon="100.52516345"><ele>-17.364</ele><time>2025-01-19T02:32:20.999Z</time><speed>2.538</speed><sat>9</sat></trkpt>
  <trkpt lat="13.76778501" lon="100.52516395"><ele>-17.660</ele><time>2025-01-19T02:32:21.999Z</time><speed>2.848</speed><sat>10</sat></trkpt>
  <trkpt lat="13.76780131" lon="100.52517181"><ele>-17.782</ele><time>2025-01-19T02:32:22.999Z</time><speed>3.070</speed><sat>11</sat></trkpt>
  <trkpt lat="13.76783250" lon="100.52518544"><ele>-17.665</ele><time>2025-01-19T02:32:23.999Z</time><speed>3.116</speed><sat>12</sat></trkpt>
  <trkpt lat="13.76787397" lon="100.52520121"><ele>-17.826</ele><time>2025-01-19T02:32:24.999Z</time><speed>3.314</speed><sat>12</sat></trkpt>
  <trkpt lat="13.76791513" lon="100.52521732"><ele>-17.790</ele><time>2025-01-19T02:32:25.999Z</time><speed>3.393</speed><sat>12</sat></trkpt>
  <trkpt lat="13.76795574" lon="100.52523039"><ele>-17.338</ele><time>2025-01-19T02:32:26.999Z</time><speed>3.360</speed><sat>12</sat></trkpt>
  <trkpt lat="13.76800490" lon="100.52525281"><ele>-17.406</ele><time>2025-01-19T02:32:27.999Z</time><speed>3.289</speed><sat>12</sat></trkpt>
  <trkpt lat="13.76804388" lon="100.52527183"><ele>-17.279</ele><time>2025-01-19T02:32:28.999Z</time><speed>3.325</speed><sat>12</sat></trkpt>
  <trkpt lat="13.76807850" lon="100.52528928"><ele>-17.406</ele><time>2025-01-19T02:32:29.999Z</time><speed>3.177</speed><sat>13</sat></trkpt>
  <trkpt lat="13.76810606" lon="100.52530350"><ele>-17.597</ele><time>2025-01-19T02:32:30.999Z</time><speed>3.136</speed><sat>11</sat></trkpt>
  <trkpt lat="13.76814224" lon="100.52531960"><ele>-17.990</ele><time>2025-01-19T02:32:31.999Z</time><speed>3.467</speed><sat>12</sat></trkpt>
  <trkpt lat="13.76817977" lon="100.52533493"><ele>-18.087</ele><time>2025-01-19T02:32:32.999Z</time><speed>3.600</speed><sat>11</sat></trkpt>
  <trkpt lat="13.76821849" lon="100.52535259"><ele>-18.135</ele><time>2025-01-19T02:32:33.999Z</time><speed>3.769</speed><sat>12</sat></trkpt>
  <trkpt lat="13.76826512" lon="100.52537421"><ele>-18.424</ele><time>2025-01-19T02:32:34.999Z</time><speed>3.908</speed><sat>11</sat></trkpt>
  <trkpt lat="13.76830938" lon="100.52539637"><ele>-18.756</ele><time>2025-01-19T02:32:35.999Z</time><speed>4.022</speed><sat>11</sat></trkpt>
  <trkpt lat="13.76835638" lon="100.52541809"><ele>-18.721</ele><time>2025-01-19T02:32:36.999Z</time><speed>4.031</speed><sat>12</sat></trkpt>
  <trkpt lat="13.76839862" lon="100.52543564"><ele>-18.703</ele><time>2025-01-19T02:32:37.999Z</time><speed>3.975</speed><sat>9</sat></trkpt>
  <trkpt lat="13.76844394" lon="100.52545304"><ele>-18.435</ele><time>2025-01-19T02:32:38.999Z</time><speed>4.001</speed><sat>10</sat></trkpt>
  <trkpt lat="13.76849243" lon="100.52547468"><ele>-18.416</ele><time>2025-01-19T02:32:39.999Z</time><speed>4.237</speed><sat>11</sat></trkpt>
  <trkpt lat="13.76853667" lon="100.52549370"><ele>-18.173</ele><time>2025-01-19T02:32:40.999Z</time><speed>4.321</speed><sat>11</sat></trkpt>
  <trkpt lat="13.76859028" lon="100.52551540"><ele>-18.233</ele><time>2025-01-19T02:32:41.999Z</time><speed>4.728</speed><sat>12</sat></trkpt>
  <trkpt lat="13.76863593" lon="100.52553532"><ele>-18.464</ele><time>2025-01-19T02:32:42.999Z</time><speed>4.816</speed><sat>10</sat></trkpt>
  <trkpt lat="13.76868337" lon="100.52555647"><ele>-18.715</ele><time>2025-01-19T02:32:43.999Z</time><speed>4.939</speed><sat>11</sat></trkpt>
  <trkpt lat="13.76873586" lon="100.52557876"><ele>-18.724</ele><time>2025-01-19T02:32:44.999Z</time><speed>5.321</speed><sat>11</sat></trkpt>
  <trkpt lat="13.76879062" lon="100.52560397"><ele>-18.639</ele><time>2025-01-19T02:32:45.999Z</time><speed>5.659</speed><sat>10</sat></trkpt>
  <trkpt lat="13.76884598" lon="100.52562490"><ele>-18.464</ele><time>2025-01-19T02:32:46.999Z</time><speed>5.607</speed><sat>11</sat></trkpt>
  <trkpt lat="13.76890471" lon="100.52564724"><ele>-18.392</ele><time>2025-01-19T02:32:47.999Z</time><speed>5.723</speed><sat>12</sat></trkpt>
  <trkpt lat="13.76895992" lon="100.52566835"><ele>-17.975</ele><time>2025-01-19T02:32:48.999Z</time><speed>5.843</speed><sat>11</sat></trkpt>
  <trkpt lat="13.76901875" lon="100.52568983"><ele>-17.774</ele><time>2025-01-19T02:32:49.999Z</time><speed>6.038</speed><sat>12</sat></trkpt>
  <trkpt lat="13.76907851" lon="100.52570713"><ele>-17.286</ele><time>2025-01-19T02:32:50.999Z</time><speed>6.022</speed><sat>12</sat></trkpt>
  <trkpt lat="13.76913872" lon="100.52572524"><ele>-17.315</ele><time>2025-01-19T02:32:51.999Z</time><speed>6.253</speed><sat>11</sat></trkpt>
  <trkpt lat="13.76921692" lon="100.52574819"><ele>-17.342</ele><time>2025-01-19T02:32:52.999Z</time><speed>6.346</speed><sat>11</sat></trkpt>
  <trkpt lat="13.76928165" lon="100.52577325"><ele>-17.454</ele><time>2025-01-19T02:32:53.999Z</time><speed>6.515</speed><sat>11</sat></trkpt>
  <trkpt lat="13.76934538" lon="100.52580401"><ele>-17.490</ele><time>2025-01-19T02:32:54.999Z</time><speed>6.763</speed><sat>11</sat></trkpt>
  <trkpt lat="13.76941124" lon="100.52583525"><ele>-17.392</ele><time>2025-01-19T02:32:55.999Z</time><speed>6.837</speed><sat>11</sat></trkpt>
  <trkpt lat="13.76948332" lon="100.52586913"><ele>-17.406</ele><time>2025-01-19T02:32:56.999Z</time><speed>6.899</speed><sat>10</sat></trkpt>
  <trkpt lat="13.76955362" lon="100.52590407"><ele>-17.425</ele><time>2025-01-19T02:32:57.999Z</time><speed>7.153</speed><sat>11</sat></trkpt>
  <trkpt lat="13.76962033" lon="100.52593479"><ele>-17.119</ele><time>2025-01-19T02:32:58.999Z</time><speed>7.263</speed><sat>10</sat></trkpt>
  <trkpt lat="13.76969085" lon="100.52596550"><ele>-16.692</ele><time>2025-01-19T02:32:59.999Z</time><speed>7.335</speed><sat>10</sat></trkpt>
  <trkpt lat="13.76976887" lon="100.52600157"><ele>-16.632</ele><time>2025-01-19T02:33:00.999Z</time><speed>7.566</speed><sat>11</sat></trkpt>
  <trkpt lat="13.76984584" lon="100.52603275"><ele>-16.523</ele><time>2025-01-19T02:33:01.999Z</time><speed>7.765</speed><sat>11</sat></trkpt>
  <trkpt lat="13.76992167" lon="100.52606506"><ele>-16.294</ele><time>2025-01-19T02:33:02.999Z</time><speed>8.165</speed><sat>10</sat></trkpt>
  <trkpt lat="13.77000085" lon="100.52609392"><ele>-16.045</ele><time>2025-01-19T02:33:03.999Z</time><speed>8.313</speed><sat>11</sat></trkpt>
  <trkpt lat="13.77008358" lon="100.52612163"><ele>-16.074</ele><time>2025-01-19T02:33:04.999Z</time><speed>8.474</speed><sat>10</sat></trkpt>
  <trkpt lat="13.77016283" lon="100.52615555"><ele>-15.845</ele><time>2025-01-19T02:33:05.999Z</time><speed>8.689</speed><sat>10</sat></trkpt>
  <trkpt lat="13.77024838" lon="100.52619396"><ele>-15.919</ele><time>2025-01-19T02:33:06.999Z</time><speed>9.096</speed><sat>9</sat></trkpt>
  <trkpt lat="13.77035032" lon="100.52624156"><ele>-16.385</ele><time>2025-01-19T02:33:07.999Z</time><speed>9.194</speed><sat>13</sat></trkpt>
  <trkpt lat="13.77043625" lon="100.52627818"><ele>-16.431</ele><time>2025-01-19T02:33:08.999Z</time><speed>9.230</speed><sat>13</sat></trkpt>
  <trkpt lat="13.77052233" lon="100.52630971"><ele>-16.640</ele><time>2025-01-19T02:33:09.999Z</time><speed>9.337</speed><sat>12</sat></trkpt>
  <trkpt lat="13.77060234" lon="100.52634101"><ele>-16.466</ele><time>2025-01-19T02:33:10.999Z</time><speed>9.405</speed><sat>13</sat></trkpt>
  <trkpt lat="13.77068810" lon="100.52637401"><ele>-16.217</ele><time>2025-01-19T02:33:11.999Z</time><speed>9.642</speed><sat>13</sat></trkpt>
  <trkpt lat="13.77076988" lon="100.52640257"><ele>-16.182</ele><time>2025-01-19T02:33:12.999Z</time><speed>9.702</speed><sat>12</sat></trkpt>
  <trkpt lat="13.77086214" lon="100.52643734"><ele>-16.218</ele><time>2025-01-19T02:33:13.999Z</time><speed>10.050</speed><sat>11</sat></trkpt>
  <trkpt lat="13.77096563" lon="100.52647242"><ele>-16.215</ele><time>2025-01-19T02:33:14.999Z</time><speed>9.929</speed><sat>13</sat></trkpt>
  <trkpt lat="13.77106722" lon="100.52651196"><ele>-16.410</ele><time>2025-01-19T02:33:15.999Z</time><speed>10.114</speed><sat>11</sat></trkpt>
  <trkpt lat="13.77117755" lon="100.52655069"><ele>-17.258</ele><time>2025-01-19T02:33:16.999Z</time><speed>10.302</speed><sat>11</sat></trkpt>
  <trkpt lat="13.77127732" lon="100.52658997"><ele>-17.271</ele><time>2025-01-19T02:33:17.999Z</time><speed>10.521</speed><sat>13</sat></trkpt>
  <trkpt lat="13.77137603" lon="100.52662913"><ele>-17.277</ele><time>2025-01-19T02:33:18.999Z</time><speed>10.579</speed><sat>14</sat></trkpt>
  <trkpt lat="13.77148230" lon="100.52666953"><ele>-17.428</ele><time>2025-01-19T02:33:19.999Z</time><speed>10.652</speed><sat>13</sat></trkpt>
  <trkpt lat="13.77157326" lon="100.52670104"><ele>-17.473</ele><time>2025-01-19T02:33:20.999Z</time><speed>10.735</speed><sat>14</sat></trkpt>
  <trkpt lat="13.77167843" lon="100.52674497"><ele>-17.397</ele><time>2025-01-19T02:33:21.999Z</time><speed>10.762</speed><sat>14</sat></trkpt>
  <trkpt lat="13.77177623" lon="100.52678432"><ele>-17.407</ele><time>2025-01-19T02:33:22.999Z</time><speed>10.897</speed><sat>13</sat></trkpt>
  <trkpt lat="13.77187114" lon="100.52682250"><ele>-17.554</ele><time>2025-01-19T02:33:23.999Z</time><speed>11.000</speed><sat>13</sat></trkpt>
  <trkpt lat="13.77196744" lon="100.52686482"><ele>-17.663</ele><time>2025-01-19T02:33:24.999Z</time><speed>11.155</speed><sat>12</sat></trkpt>
  <trkpt lat="13.77206950" lon="100.52690779"><ele>-17.788</ele><time>2025-01-19T02:33:25.999Z</time><speed>11.286</speed><sat>14</sat></trkpt>
  <trkpt lat="13.77216734" lon="100.52694808"><ele>-17.843</ele><time>2025-01-19T02:33:26.999Z</time><speed>11.308</speed><sat>13</sat></trkpt>
  <trkpt lat="13.77227268" lon="100.52698847"><ele>-17.631</ele><time>2025-01-19T02:33:27.999Z</time><speed>11.278</speed><sat>12</sat></trkpt>
  <trkpt lat="13.77237194" lon="100.52702553"><ele>-17.510</ele><time>2025-01-19T02:33:28.999Z</time><speed>11.334</speed><sat>12</sat></trkpt>
  <trkpt lat="13.77247013" lon="100.52706359"><ele>-17.491</ele><time>2025-01-19T02:33:29.999Z</time><speed>11.318</speed><sat>11</sat></trkpt>
  <trkpt lat="13.77256773" lon="100.52710294"><ele>-17.316</ele><time>2025-01-19T02:33:30.999Z</time><speed>11.454</speed><sat>11</sat></trkpt>
  <trkpt lat="13.77267067" lon="100.52713841"><ele>-17.172</ele><time>2025-01-19T02:33:31.999Z</time><speed>11.577</speed><sat>12</sat></trkpt>
  <trkpt lat="13.77277260" lon="100.52717258"><ele>-17.050</ele><time>2025-01-19T02:33:32.999Z</time><speed>11.616</speed><sat>11</sat></trkpt>
  <trkpt lat="13.77287408" lon="100.52721256"><ele>-17.208</ele><time>2025-01-19T02:33:33.999Z</time><speed>11.682</speed><sat>11</sat></trkpt>
  <trkpt lat="13.77297387" lon="100.52725506"><ele>-17.163</ele><time>2025-01-19T02:33:34.999Z</time><speed>11.376</speed><sat>11</sat></trkpt>
  <trkpt lat="13.77306986" lon="100.52729899"><ele>-17.289</ele><time>2025-01-19T02:33:35.999Z</time><speed>11.268</speed><sat>8</sat></trkpt>
  <trkpt lat="13.77316600" lon="100.52734259"><ele>-17.540</ele><time>2025-01-19T02:33:36.999Z</time><speed>11.226</speed><sat>7</sat></trkpt>
  <trkpt lat="13.77326426" lon="100.52738407"><ele>-17.763</ele><time>2025-01-19T02:33:37.999Z</time><speed>11.049</speed><sat>7</sat></trkpt>
  <trkpt lat="13.77335997" lon="100.52742599"><ele>-17.901</ele><time>2025-01-19T02:33:38.999Z</time><speed>10.961</speed><sat>8</sat></trkpt>
  <trkpt lat="13.77345176" lon="100.52746469"><ele>-17.971</ele><time>2025-01-19T02:33:39.999Z</time><speed>10.739</speed><sat>8</sat></trkpt>
  <trkpt lat="13.77353936" lon="100.52750260"><ele>-18.072</ele><time>2025-01-19T02:33:40.999Z</time><speed>10.733</speed><sat>7</sat></trkpt>
  <trkpt lat="13.77362696" lon="100.52753998"><ele>-18.020</ele><time>2025-01-19T02:33:41.999Z</time><speed>10.715</speed><sat>7</sat></trkpt>
  <trkpt lat="13.77371634" lon="100.52757665"><ele>-17.812</ele><time>2025-01-19T02:33:42.999Z</time><speed>10.534</speed><sat>8</sat></trkpt>
  <trkpt lat="13.77380169" lon="100.52761111"><ele>-17.646</ele><time>2025-01-19T02:33:43.999Z</time><speed>10.425</speed><sat>6</sat></trkpt>
  <trkpt lat="13.77388682" lon="100.52764195"><ele>-17.454</ele><time>2025-01-19T02:33:44.999Z</time><speed>10.397</speed><sat>6</sat></trkpt>
  <trkpt lat="13.77396748" lon="100.52767375"><ele>-17.361</ele><time>2025-01-19T02:33:45.999Z</time><speed>10.249</speed><sat>8</sat></trkpt>
  <trkpt lat="13.77405629" lon="100.52770580"><ele>-17.356</ele><time>2025-01-19T02:33:46.999Z</time><speed>10.263</speed><sat>6</sat></trkpt>
  <trkpt lat="13.77415558" lon="100.52773606"><ele>-16.956</ele><time>2025-01-19T02:33:47.999Z</time><speed>10.327</speed><sat>7</sat></trkpt>
  <trkpt lat="13.77425048" lon="100.52777668"><ele>-16.422</ele><time>2025-01-19T02:33:48.999Z</time><speed>10.307</speed><sat>6</sat></trkpt>
  <trkpt lat="13.77433257" lon="100.52781018"><ele>-16.521</ele><time>2025-01-19T02:33:49.999Z</time><speed>10.281</speed><sat>7</sat></trkpt>
  <trkpt lat="13.77441952" lon="100.52785306"><ele>-16.638</ele><time>2025-01-19T02:33:50.999Z</time><speed>9.944</speed><sat>8</sat></trkpt>
  <trkpt lat="13.77450954" lon="100.52789248"><ele>-16.697</ele><time>2025-01-19T02:33:51.999Z</time><speed>10.224</speed><sat>8</sat></trkpt>
  <trkpt lat="13.77459704" lon="100.52792894"><ele>-16.791</ele><time>2025-01-19T02:33:52.999Z</time><speed>10.257</speed><sat>9</sat></trkpt>
  <trkpt lat="13.77468480" lon="100.52796183"><ele>-16.710</ele><time>2025-01-19T02:33:53.999Z</time><speed>10.302</speed><sat>8</sat></trkpt>
  <trkpt lat="13.77477707" lon="100.52799494"><ele>-16.659</ele><time>2025-01-19T02:33:54.999Z</time><speed>10.609</speed><sat>11</sat></trkpt>
  <trkpt lat="13.77486320" lon="100.52802979"><ele>-16.684</ele><time>2025-01-19T02:33:55.999Z</time><speed>10.916</speed><sat>9</sat></trkpt>
  <trkpt lat="13.77495519" lon="100.52806097"><ele>-16.614</ele><time>2025-01-19T02:33:56.999Z</time><speed>10.917</speed><sat>9</sat></trkpt>
  <trkpt lat="13.77505688" lon="100.52810878"><ele>-17.155</ele><time>2025-01-19T02:33:57.999Z</time><speed>10.848</speed><sat>7</sat></trkpt>
  <trkpt lat="13.77515579" lon="100.52815044"><ele>-17.358</ele><time>2025-01-19T02:33:58.999Z</time><speed>10.858</speed><sat>8</sat></trkpt>
  <trkpt lat="13.77525006" lon="100.52818647"><ele>-17.228</ele><time>2025-01-19T02:33:59.999Z</time><speed>10.919</speed><sat>9</sat></trkpt>
  <trkpt lat="13.77534109" lon="100.52822463"><ele>-17.323</ele><time>2025-01-19T02:34:00.999Z</time><speed>11.014</speed><sat>9</sat></trkpt>
  <trkpt lat="13.77542829" lon="100.52826480"><ele>-18.111</ele><time>2025-01-19T02:34:01.999Z</time><speed>11.167</speed><sat>9</sat></trkpt>
  <trkpt lat="13.77553270" lon="100.52831257"><ele>-18.716</ele><time>2025-01-19T02:34:02.999Z</time><speed>11.248</speed><sat>7</sat></trkpt>
  <trkpt lat="13.77564315" lon="100.52835786"><ele>-18.978</ele><time>2025-01-19T02:34:03.999Z</time><speed>11.216</speed><sat>6</sat></trkpt>
  <trkpt lat="13.77575244" lon="100.52839896"><ele>-19.096</ele><time>2025-01-19T02:34:04.999Z</time><speed>11.421</speed><sat>7</sat></trkpt>
  <trkpt lat="13.77585653" lon="100.52843998"><ele>-18.884</ele><time>2025-01-19T02:34:05.999Z</time><speed>11.664</speed><sat>8</sat></trkpt>
  <trkpt lat="13.77595409" lon="100.52847943"><ele>-18.206</ele><time>2025-01-19T02:34:06.999Z</time><speed>11.762</speed><sat>8</sat></trkpt>
  <trkpt lat="13.77605327" lon="100.52851935"><ele>-17.716</ele><time>2025-01-19T02:34:07.999Z</time><speed>11.932</speed><sat>6</sat></trkpt>
  <trkpt lat="13.77616117" lon="100.52856692"><ele>-17.434</ele><time>2025-01-19T02:34:08.999Z</time><speed>11.977</speed><sat>6</sat></trkpt>
  <trkpt lat="13.77626354" lon="100.52860222"><ele>-17.996</ele><time>2025-01-19T02:34:09.999Z</time><speed>12.105</speed><sat>7</sat></trkpt>
  <trkpt lat="13.77636469" lon="100.52864327"><ele>-17.795</ele><time>2025-01-19T02:34:10.999Z</time><speed>12.189</speed><sat>5</sat></trkpt>
  <trkpt lat="13.77647360" lon="100.52868190"><ele>-17.377</ele><time>2025-01-19T02:34:11.999Z</time><speed>12.362</speed><sat>5</sat></trkpt>
  <trkpt lat="13.77669284" lon="100.52876499"><ele>-16.995</ele><time>2025-01-19T02:34:13.999Z</time><speed>12.177</speed><sat>6</sat></trkpt>
  <trkpt lat="13.77679941" lon="100.52880762"><ele>-16.908</ele><time>2025-01-19T02:34:14.999Z</time><speed>12.111</speed><sat>6</sat></trkpt>
  <trkpt lat="13.77690558" lon="100.52885027"><ele>-17.050</ele><time>2025-01-19T02:34:15.999Z</time><speed>12.091</speed><sat>6</sat></trkpt>
  <trkpt lat="13.77700324" lon="100.52889188"><ele>-17.102</ele><time>2025-01-19T02:34:16.999Z</time><speed>11.927</speed><sat>6</sat></trkpt>
  <trkpt lat="13.77709182" lon="100.52892927"><ele>-17.144</ele><time>2025-01-19T02:34:17.999Z</time><speed>11.684</speed><sat>7</sat></trkpt>
  <trkpt lat="13.77720265" lon="100.52897527"><ele>-17.455</ele><time>2025-01-19T02:34:18.999Z</time><speed>11.551</speed><sat>8</sat></trkpt>
  <trkpt lat="13.77729989" lon="100.52901382"><ele>-17.593</ele><time>2025-01-19T02:34:19.999Z</time><speed>11.389</speed><sat>7</sat></trkpt>
  <trkpt lat="13.77739674" lon="100.52905460"><ele>-17.671</ele><time>2025-01-19T02:34:20.999Z</time><speed>11.267</speed><sat>6</sat></trkpt>
  <trkpt lat="13.77748162" lon="100.52908988"><ele>-17.552</ele><time>2025-01-19T02:34:21.999Z</time><speed>10.834</speed><sat>7</sat></trkpt>
  <trkpt lat="13.77756975" lon="100.52912617"><ele>-17.557</ele><time>2025-01-19T02:34:22.999Z</time><speed>10.818</speed><sat>7</sat></trkpt>
  <trkpt lat="13.77774310" lon="100.52919690"><ele>-17.516</ele><time>2025-01-19T02:34:24.999Z</time><speed>10.611</speed><sat>5</sat></trkpt>
  <trkpt lat="13.77781902" lon="100.52922769"><ele>-17.093</ele><time>2025-01-19T02:34:25.999Z</time><speed>9.927</speed><sat>5</sat></trkpt>
  <trkpt lat="13.77788846" lon="100.52925660"><ele>-16.695</ele><time>2025-01-19T02:34:26.999Z</time><speed>9.388</speed><sat>5</sat></trkpt>
  <trkpt lat="13.77796481" lon="100.52928434"><ele>-16.201</ele><time>2025-01-19T02:34:27.999Z</time><speed>9.071</speed><sat>5</sat></trkpt>
  <trkpt lat="13.77805124" lon="100.52931499"><ele>-15.955</ele><time>2025-01-19T02:34:28.999Z</time><speed>8.930</speed><sat>6</sat></trkpt>
  <trkpt lat="13.77812755" lon="100.52934829"><ele>-16.191</ele><time>2025-01-19T02:34:29.999Z</time><speed>8.771</speed><sat>6</sat></trkpt>
  <trkpt lat="13.77820130" lon="100.52937994"><ele>-16.383</ele><time>2025-01-19T02:34:30.999Z</time><speed>8.552</speed><sat>6</sat></trkpt>
  <trkpt lat="13.77826669" lon="100.52941312"><ele>-16.324</ele><time>2025-01-19T02:34:31.999Z</time><speed>8.082</speed><sat>5</sat></trkpt>
  <trkpt lat="13.77855052" lon="100.52955141"><ele>-17.230</ele><time>2025-01-19T02:34:35.999Z</time><speed>8.035</speed><sat>6</sat></trkpt>
  <trkpt lat="13.77860747" lon="100.52957581"><ele>-17.158</ele><time>2025-01-19T02:34:36.999Z</time><speed>7.504</speed><sat>6</sat></trkpt>
  <trkpt lat="13.77866279" lon="100.52959582"><ele>-17.491</ele><time>2025-01-19T02:34:37.999Z</time><speed>7.146</speed><sat>8</sat></trkpt>
  <trkpt lat="13.77872599" lon="100.52961985"><ele>-17.507</ele><time>2025-01-19T02:34:38.999Z</time><speed>7.048</speed><sat>7</sat></trkpt>
  <trkpt lat="13.77877767" lon="100.52964759"><ele>-17.294</ele><time>2025-01-19T02:34:39.999Z</time><speed>6.907</speed><sat>7</sat></trkpt>
  <trkpt lat="13.77882244" lon="100.52967747"><ele>-17.191</ele><time>2025-01-19T02:34:40.999Z</time><speed>6.719</speed><sat>7</sat></trkpt>
  <trkpt lat="13.77886956" lon="100.52970527"><ele>-17.222</ele><time>2025-01-19T02:34:41.999Z</time><speed>6.370</speed><sat>5</sat></trkpt>
  <trkpt lat="13.77891224" lon="100.52973021"><ele>-17.481</ele><time>2025-01-19T02:34:42.999Z</time><speed>6.370</speed><sat>4</sat></trkpt>
  <trkpt lat="13.77911335" lon="100.52980306"><ele>-16.425</ele><time>2025-01-19T02:34:58.999Z</time><speed>0.000</speed><sat>8</sat></trkpt>
  <trkpt lat="13.77911335" lon="100.52980306"><ele>-17.208</ele><time>2025-01-19T02:34:59.999Z</time><speed>0.000</speed><sat>9</sat></trkpt>
  <trkpt lat="13.77911335" lon="100.52980306"><ele>-18.983</ele><time>2025-01-19T02:35:00.999Z</time><speed>0.000</speed><sat>12</sat></trkpt>
  <trkpt lat="13.77908244" lon="100.52974065"><ele>-18.698</ele><time>2025-01-19T02:35:01.999Z</time><speed>0.000</speed><sat>11</sat></trkpt>
  <trkpt lat="13.77908244" lon="100.52974065"><ele>-18.751</ele><time>2025-01-19T02:35:02.999Z</time><speed>0.000</speed><sat>16</sat></trkpt>
  <trkpt lat="13.77908244" lon="100.52974065"><ele>-19.693</ele><time>2025-01-19T02:35:03.999Z</time><speed>0.000</speed><sat>15</sat></trkpt>
  <trkpt lat="13.77908244" lon="100.52974065"><ele>-19.716</ele><time>2025-01-19T02:35:04.999Z</time><speed>0.000</speed><sat>14</sat></trkpt>
  <trkpt lat="13.77908244" lon="100.52974065"><ele>-20.211</ele><time>2025-01-19T02:35:05.999Z</time><speed>0.000</speed><sat>13</sat></trkpt>
  <trkpt lat="13.77908244" lon="100.52974065"><ele>-20.540</ele><time>2025-01-19T02:35:06.999Z</time><speed>0.000</speed><sat>11</sat></trkpt>
  <trkpt lat="13.77908244" lon="100.52974065"><ele>-20.286</ele><time>2025-01-19T02:35:07.999Z</time><speed>0.000</speed><sat>10</sat></trkpt>
  <trkpt lat="13.77908244" lon="100.52974065"><ele>-20.340</ele><time>2025-01-19T02:35:08.999Z</time><speed>0.000</speed><sat>11</sat></trkpt>
  <trkpt lat="13.77908244" lon="100.52974065"><ele>-20.402</ele><time>2025-01-19T02:35:09.999Z</time><speed>0.000</speed><sat>11</sat></trkpt>
  <trkpt lat="13.77908244" lon="100.52974065"><ele>-20.542</ele><time>2025-01-19T02:35:10.999Z</time><speed>0.000</speed><sat>8</sat></trkpt>
  <trkpt lat="13.77908244" lon="100.52974065"><ele>-20.623</ele><time>2025-01-19T02:35:11.999Z</time><speed>0.000</speed><sat>8</sat></trkpt>
  <trkpt lat="13.77908244" lon="100.52974065"><ele>-20.678</ele><time>2025-01-19T02:35:12.999Z</time><speed>0.000</speed><sat>6</sat></trkpt>
  <trkpt lat="13.77908244" lon="100.52974065"><ele>-20.717</ele><time>2025-01-19T02:35:13.999Z</time><speed>0.000</speed><sat>7</sat></trkpt>
  <trkpt lat="13.77908244" lon="100.52974065"><ele>-20.672</ele><time>2025-01-19T02:35:14.999Z</time><speed>0.000</speed><sat>6</sat></trkpt>
  <trkpt lat="13.77908244" lon="100.52974065"><ele>-20.670</ele><time>2025-01-19T02:35:15.999Z</time><speed>0.000</speed><sat>8</sat></trkpt>
  <trkpt lat="13.77908244" lon="100.52974065"><ele>-20.612</ele><time>2025-01-19T02:35:16.999Z</time><speed>0.000</speed><sat>7</sat></trkpt>
  <trkpt lat="13.77908244" lon="100.52974065"><ele>-20.562</ele><time>2025-01-19T02:35:17.999Z</time><speed>0.000</speed><sat>6</sat></trkpt>
  <trkpt lat="13.77908244" lon="100.52974065"><ele>-20.510</ele><time>2025-01-19T02:35:18.999Z</time><speed>0.000</speed><sat>5</sat></trkpt>
  <trkpt lat="13.77908244" lon="100.52974065"><ele>-20.481</ele><time>2025-01-19T02:35:19.999Z</time><speed>0.000</speed><sat>5</sat></trkpt>
  <trkpt lat="13.77908244" lon="100.52974065"><ele>-20.477</ele><time>2025-01-19T02:35:20.999Z</time><speed>0.000</speed><sat>5</sat></trkpt>
  <trkpt lat="13.77908244" lon="100.52974065"><ele>-20.406</ele><time>2025-01-19T02:35:21.999Z</time><speed>0.000</speed><sat>6</sat></trkpt>
  <trkpt lat="13.77908244" lon="100.52974065"><ele>-20.341</ele><time>2025-01-19T02:35:22.999Z</time><speed>0.000</speed><sat>6</sat></trkpt>
  <trkpt lat="13.77908244" lon="100.52974065"><ele>-20.311</ele><time>2025-01-19T02:35:23.999Z</time><speed>0.000</speed><sat>6</sat></trkpt>
  <trkpt lat="13.77908244" lon="100.52974065"><ele>-20.280</ele><time>2025-01-19T02:35:24.999Z</time><speed>0.000</speed><sat>6</sat></trkpt>
  <trkpt lat="13.77908244" lon="100.52974065"><ele>-20.255</ele><time>2025-01-19T02:35:25.999Z</time><speed>0.000</speed><sat>6</sat></trkpt>
  <trkpt lat="13.77908244" lon="100.52974065"><ele>-20.234</ele><time>2025-01-19T02:35:26.999Z</time><speed>0.000</speed><sat>6</sat></trkpt>
  <trkpt lat="13.77908244" lon="100.52974065"><ele>-20.239</ele><time>2025-01-19T02:35:27.999Z</time><speed>0.000</speed><sat>6</sat></trkpt>
  <trkpt lat="13.77908244" lon="100.52974065"><ele>-20.223</ele><time>2025-01-19T02:35:28.999Z</time><speed>0.000</speed><sat>5</sat></trkpt>
  <trkpt lat="13.77908244" lon="100.52974065"><ele>-20.200</ele><time>2025-01-19T02:35:29.999Z</time><speed>0.000</speed><sat>4</sat></trkpt>
  <trkpt lat="13.77908244" lon="100.52974065"><ele>-20.247</ele><time>2025-01-19T02:35:30.999Z</time><speed>0.000</speed><sat>6</sat></trkpt>
  <trkpt lat="13.77908244" lon="100.52974065"><ele>-20.300</ele><time>2025-01-19T02:35:31.999Z</time><speed>0.000</speed><sat>6</sat></trkpt>
  <trkpt lat="13.77908244" lon="100.52974065"><ele>-20.273</ele><time>2025-01-19T02:35:32.999Z</time><speed>0.000</speed><sat>6</sat></trkpt>
  <trkpt lat="13.77908244" lon="100.52974065"><ele>-20.180</ele><time>2025-01-19T02:35:33.999Z</time><speed>0.000</speed><sat>5</sat></trkpt>
  <trkpt lat="13.77908244" lon="100.52974065"><ele>-20.168</ele><time>2025-01-19T02:35:34.999Z</time><speed>0.000</speed><sat>5</sat></trkpt>
  <trkpt lat="13.77908244" lon="100.52974065"><ele>-20.171</ele><time>2025-01-19T02:35:35.999Z</time><speed>0.000</speed><sat>5</sat></trkpt>
  <trkpt lat="13.77908244" lon="100.52974065"><ele>-20.160</ele><time>2025-01-19T02:35:36.999Z</time><speed>0.000</speed><sat>6</sat></trkpt>
  <trkpt lat="13.77908244" lon="100.52974065"><ele>-20.142</ele><time>2025-01-19T02:35:37.999Z</time><speed>0.000</speed><sat>6</sat></trkpt>
  <trkpt lat="13.77908244" lon="100.52974065"><ele>-20.116</ele><time>2025-01-19T02:35:38.999Z</time><speed>0.000</speed><sat>5</sat></trkpt>
  <trkpt lat="13.77908244" lon="100.52974065"><ele>-20.117</ele><time>2025-01-19T02:35:39.999Z</time><speed>0.000</speed><sat>4</sat></trkpt>
  <trkpt lat="13.77908244" lon="100.52974065"><ele>-20.100</ele><time>2025-01-19T02:35:40.999Z</time><speed>0.000</speed><sat>5</sat></trkpt>
  <trkpt lat="13.77908244" lon="100.52974065"><ele>-20.093</ele><time>2025-01-19T02:35:41.999Z</time><speed>0.000</speed><sat>4</sat></trkpt>
  <trkpt lat="13.77908244" lon="100.52974065"><ele>-20.083</ele><time>2025-01-19T02:35:42.999Z</time><speed>0.000</speed><sat>4</sat></trkpt>
  <trkpt lat="13.77908244" lon="100.52974065"><ele>-20.067</ele><time>2025-01-19T02:35:44.999Z</time><speed>0.000</speed><sat>5</sat></trkpt>
  <trkpt lat="13.77908244" lon="100.52974065"><ele>-20.092</ele><time>2025-01-19T02:35:45.999Z</time><speed>0.000</speed><sat>5</sat></trkpt>
  <trkpt lat="13.77908244" lon="100.52974065"><ele>-20.094</ele><time>2025-01-19T02:35:46.999Z</time><speed>0.000</speed><sat>5</sat></trkpt>
  <trkpt lat="13.77908244" lon="100.52974065"><ele>-20.039</ele><time>2025-01-19T02:35:47.999Z</time><speed>0.000</speed><sat>4</sat></trkpt>
  <trkpt lat="13.77908244" lon="100.52974065"><ele>-19.977</ele><time>2025-01-19T02:35:48.999Z</time><speed>0.000</speed><sat>4</sat></trkpt>
  <trkpt lat="13.77908244" lon="100.52974065"><ele>-19.422</ele><time>2025-01-19T02:35:49.999Z</time><speed>0.000</speed><sat>4</sat></trkpt>
  <trkpt lat="13.77908244" lon="100.52974065"><ele>-19.709</ele><time>2025-01-19T02:35:50.999Z</time><speed>0.000</speed><sat>4</sat></trkpt>
  <trkpt lat="13.79003866" lon="100.53419596"><ele>-19.388</ele><time>2025-01-19T02:38:05.999Z</time><speed>9.886</speed><sat>11</sat></trkpt>
  <trkpt lat="13.79012963" lon="100.53421940"><ele>-19.846</ele><time>2025-01-19T02:38:06.999Z</time><speed>9.764</speed><sat>10</sat></trkpt>
  <trkpt lat="13.79021664" lon="100.53425182"><ele>-20.330</ele><time>2025-01-19T02:38:07.999Z</time><speed>9.682</speed><sat>10</sat></trkpt>
  <trkpt lat="13.79029805" lon="100.53428940"><ele>-20.446</ele><time>2025-01-19T02:38:08.999Z</time><speed>9.780</speed><sat>10</sat></trkpt>
  <trkpt lat="13.79037625" lon="100.53432999"><ele>-20.490</ele><time>2025-01-19T02:38:09.999Z</time><speed>9.664</speed><sat>13</sat></trkpt>
  <trkpt lat="13.79045667" lon="100.53436648"><ele>-20.532</ele><time>2025-01-19T02:38:10.999Z</time><speed>9.709</speed><sat>11</sat></trkpt>
  <trkpt lat="13.79054016" lon="100.53440317"><ele>-20.552</ele><time>2025-01-19T02:38:11.999Z</time><speed>9.755</speed><sat>9</sat></trkpt>
  <trkpt lat="13.79062159" lon="100.53444096"><ele>-20.450</ele><time>2025-01-19T02:38:12.999Z</time><speed>9.722</speed><sat>9</sat></trkpt>
  <trkpt lat="13.79070303" lon="100.53447817"><ele>-20.518</ele><time>2025-01-19T02:38:13.999Z</time><speed>9.723</speed><sat>10</sat></trkpt>
  <trkpt lat="13.79077894" lon="100.53451140"><ele>-20.392</ele><time>2025-01-19T02:38:14.999Z</time><speed>9.667</speed><sat>9</sat></trkpt>
  <trkpt lat="13.79085982" lon="100.53455053"><ele>-20.364</ele><time>2025-01-19T02:38:15.999Z</time><speed>9.733</speed><sat>8</sat></trkpt>
  <trkpt lat="13.79093942" lon="100.53458919"><ele>-20.562</ele><time>2025-01-19T02:38:16.999Z</time><speed>9.729</speed><sat>8</sat></trkpt>
  <trkpt lat="13.79101926" lon="100.53461832"><ele>-20.656</ele><time>2025-01-19T02:38:17.999Z</time><speed>9.511</speed><sat>10</sat></trkpt>
  <trkpt lat="13.79109104" lon="100.53464371"><ele>-20.820</ele><time>2025-01-19T02:38:18.999Z</time><speed>9.379</speed><sat>10</sat></trkpt>
  <trkpt lat="13.79117088" lon="100.53467185"><ele>-20.963</ele><time>2025-01-19T02:38:19.999Z</time><speed>9.439</speed><sat>8</sat></trkpt>
  <trkpt lat="13.79125120" lon="100.53469933"><ele>-20.986</ele><time>2025-01-19T02:38:20.999Z</time><speed>9.584</speed><sat>8</sat></trkpt>
  <trkpt lat="13.79133659" lon="100.53473334"><ele>-21.424</ele><time>2025-01-19T02:38:21.999Z</time><speed>9.418</speed><sat>11</sat></trkpt>
  <trkpt lat="13.79141719" lon="100.53476700"><ele>-21.602</ele><time>2025-01-19T02:38:22.999Z</time><speed>9.577</speed><sat>9</sat></trkpt>
  <trkpt lat="13.79149751" lon="100.53480542"><ele>-21.534</ele><time>2025-01-19T02:38:23.999Z</time><speed>9.772</speed><sat>9</sat></trkpt>
  <trkpt lat="13.79158166" lon="100.53484256"><ele>-21.286</ele><time>2025-01-19T02:38:24.999Z</time><speed>9.594</speed><sat>9</sat></trkpt>
  <trkpt lat="13.79166708" lon="100.53487887"><ele>-21.158</ele><time>2025-01-19T02:38:25.999Z</time><speed>9.737</speed><sat>11</sat></trkpt>
  <trkpt lat="13.79175262" lon="100.53491726"><ele>-20.985</ele><time>2025-01-19T02:38:26.999Z</time><speed>9.782</speed><sat>9</sat></trkpt>
  <trkpt lat="13.79183862" lon="100.53495333"><ele>-20.870</ele><time>2025-01-19T02:38:27.999Z</time><speed>9.842</speed><sat>11</sat></trkpt>
  <trkpt lat="13.79192463" lon="100.53498614"><ele>-20.667</ele><time>2025-01-19T02:38:28.999Z</time><speed>9.928</speed><sat>9</sat></trkpt>
  <trkpt lat="13.79200708" lon="100.53501824"><ele>-20.635</ele><time>2025-01-19T02:38:29.999Z</time><speed>9.795</speed><sat>9</sat></trkpt>
  <trkpt lat="13.79208959" lon="100.53505003"><ele>-20.579</ele><time>2025-01-19T02:38:30.999Z</time><speed>9.953</speed><sat>9</sat></trkpt>
  <trkpt lat="13.79217146" lon="100.53507940"><ele>-20.519</ele><time>2025-01-19T02:38:31.999Z</time><speed>10.181</speed><sat>7</sat></trkpt>
  <trkpt lat="13.79226071" lon="100.53510690"><ele>-20.301</ele><time>2025-01-19T02:38:32.999Z</time><speed>10.354</speed><sat>7</sat></trkpt>
  <trkpt lat="13.79235561" lon="100.53513174"><ele>-20.351</ele><time>2025-01-19T02:38:33.999Z</time><speed>10.165</speed><sat>8</sat></trkpt>
  <trkpt lat="13.79261022" lon="100.53518482"><ele>-19.829</ele><time>2025-01-19T02:38:36.999Z</time><speed>9.169</speed><sat>7</sat></trkpt>
  <trkpt lat="13.79268861" lon="100.53521394"><ele>-19.662</ele><time>2025-01-19T02:38:37.999Z</time><speed>8.930</speed><sat>8</sat></trkpt>
  <trkpt lat="13.79276922" lon="100.53524085"><ele>-19.405</ele><time>2025-01-19T02:38:38.999Z</time><speed>8.761</speed><sat>9</sat></trkpt>
  <trkpt lat="13.79283921" lon="100.53527231"><ele>-19.774</ele><time>2025-01-19T02:38:39.999Z</time><speed>8.761</speed><sat>4</sat></trkpt>
  <trkpt lat="13.79305506" lon="100.53536080"><ele>-21.647</ele><time>2025-01-19T02:38:42.999Z</time><speed>9.724</speed><sat>5</sat></trkpt>
  <trkpt lat="13.79315507" lon="100.53541385"><ele>-22.656</ele><time>2025-01-19T02:38:43.999Z</time><speed>10.100</speed><sat>8</sat></trkpt>
  <trkpt lat="13.79357992" lon="100.53560486"><ele>-22.257</ele><time>2025-01-19T02:38:48.999Z</time><speed>10.238</speed><sat>5</sat></trkpt>
  <trkpt lat="13.79365512" lon="100.53564475"><ele>-22.013</ele><time>2025-01-19T02:38:49.999Z</time><speed>10.704</speed><sat>7</sat></trkpt>
  <trkpt lat="13.79372825" lon="100.53567405"><ele>-21.489</ele><time>2025-01-19T02:38:50.999Z</time><speed>10.590</speed><sat>7</sat></trkpt>
  <trkpt lat="13.79382572" lon="100.53571774"><ele>-21.461</ele><time>2025-01-19T02:38:51.999Z</time><speed>10.826</speed><sat>8</sat></trkpt>
  <trkpt lat="13.79391736" lon="100.53575067"><ele>-21.220</ele><time>2025-01-19T02:38:52.999Z</time><speed>10.442</speed><sat>7</sat></trkpt>
  <trkpt lat="13.79399850" lon="100.53578634"><ele>-21.045</ele><time>2025-01-19T02:38:53.999Z</time><speed>10.527</speed><sat>8</sat></trkpt>
  <trkpt lat="13.79408992" lon="100.53583897"><ele>-20.872</ele><time>2025-01-19T02:38:54.999Z</time><speed>10.965</speed><sat>6</sat></trkpt>
  <trkpt lat="13.79417932" lon="100.53587714"><ele>-20.180</ele><time>2025-01-19T02:38:55.999Z</time><speed>10.653</speed><sat>8</sat></trkpt>
  <trkpt lat="13.79427397" lon="100.53592682"><ele>-19.884</ele><time>2025-01-19T02:38:56.999Z</time><speed>10.538</speed><sat>7</sat></trkpt>
  <trkpt lat="13.79436711" lon="100.53597782"><ele>-20.226</ele><time>2025-01-19T02:38:57.999Z</time><speed>10.894</speed><sat>6</sat></trkpt>
  <trkpt lat="13.79446750" lon="100.53603494"><ele>-20.204</ele><time>2025-01-19T02:38:58.999Z</time><speed>11.147</speed><sat>7</sat></trkpt>
  <trkpt lat="13.79455610" lon="100.53608578"><ele>-19.630</ele><time>2025-01-19T02:38:59.999Z</time><speed>11.072</speed><sat>6</sat></trkpt>
  <trkpt lat="13.79465141" lon="100.53614243"><ele>-19.122</ele><time>2025-01-19T02:39:00.999Z</time><speed>11.319</speed><sat>7</sat></trkpt>
  <trkpt lat="13.79475522" lon="100.53619908"><ele>-18.911</ele><time>2025-01-19T02:39:01.999Z</time><speed>11.736</speed><sat>7</sat></trkpt>
  <trkpt lat="13.79485409" lon="100.53625245"><ele>-19.419</ele><time>2025-01-19T02:39:02.999Z</time><speed>11.628</speed><sat>7</sat></trkpt>
  <trkpt lat="13.79495138" lon="100.53628279"><ele>-19.869</ele><time>2025-01-19T02:39:03.999Z</time><speed>11.391</speed><sat>7</sat></trkpt>
  <trkpt lat="13.79504090" lon="100.53630557"><ele>-20.140</ele><time>2025-01-19T02:39:04.999Z</time><speed>11.091</speed><sat>8</sat></trkpt>
  <trkpt lat="13.79513631" lon="100.53634314"><ele>-20.154</ele><time>2025-01-19T02:39:05.999Z</time><speed>10.957</speed><sat>6</sat></trkpt>
  <trkpt lat="13.79523352" lon="100.53637487"><ele>-20.366</ele><time>2025-01-19T02:39:06.999Z</time><speed>10.779</speed><sat>8</sat></trkpt>
  <trkpt lat="13.79533154" lon="100.53641485"><ele>-20.850</ele><time>2025-01-19T02:39:07.999Z</time><speed>10.904</speed><sat>8</sat></trkpt>
  <trkpt lat="13.79542679" lon="100.53645305"><ele>-20.633</ele><time>2025-01-19T02:39:08.999Z</time><speed>10.926</speed><sat>8</sat></trkpt>
  <trkpt lat="13.79551632" lon="100.53648472"><ele>-20.961</ele><time>2025-01-19T02:39:09.999Z</time><speed>10.476</speed><sat>7</sat></trkpt>
  <trkpt lat="13.79560513" lon="100.53652181"><ele>-21.213</ele><time>2025-01-19T02:39:10.999Z</time><speed>10.287</speed><sat>7</sat></trkpt>
  <trkpt lat="13.79568899" lon="100.53655939"><ele>-20.788</ele><time>2025-01-19T02:39:11.999Z</time><speed>10.303</speed><sat>8</sat></trkpt>
  <trkpt lat="13.79577733" lon="100.53659490"><ele>-21.074</ele><time>2025-01-19T02:39:12.999Z</time><speed>10.292</speed><sat>8</sat></trkpt>
  <trkpt lat="13.79586091" lon="100.53663002"><ele>-20.839</ele><time>2025-01-19T02:39:13.999Z</time><speed>10.324</speed><sat>7</sat></trkpt>
  <trkpt lat="13.79595037" lon="100.53666344"><ele>-21.580</ele><time>2025-01-19T02:39:14.999Z</time><speed>10.224</speed><sat>7</sat></trkpt>
  <trkpt lat="13.79603842" lon="100.53670094"><ele>-21.898</ele><time>2025-01-19T02:39:15.999Z</time><speed>9.750</speed><sat>7</sat></trkpt>
  <trkpt lat="13.79611924" lon="100.53673133"><ele>-22.461</ele><time>2025-01-19T02:39:16.999Z</time><speed>9.482</speed><sat>7</sat></trkpt>
  <trkpt lat="13.79700198" lon="100.53706967"><ele>-19.858</ele><time>2025-01-19T02:39:30.999Z</time><speed>5.615</speed><sat>5</sat></trkpt>
  <trkpt lat="13.79705330" lon="100.53709124"><ele>-19.635</ele><time>2025-01-19T02:39:31.999Z</time><speed>5.644</speed><sat>5</sat></trkpt>
  <trkpt lat="13.79709011" lon="100.53708804"><ele>-20.003</ele><time>2025-01-19T02:39:32.999Z</time><speed>5.297</speed><sat>7</sat></trkpt>
  <trkpt lat="13.79712952" lon="100.53709707"><ele>-20.376</ele><time>2025-01-19T02:39:33.999Z</time><speed>5.200</speed><sat>8</sat></trkpt>
  <trkpt lat="13.79716327" lon="100.53710952"><ele>-20.900</ele><time>2025-01-19T02:39:34.999Z</time><speed>4.942</speed><sat>8</sat></trkpt>
  <trkpt lat="13.79719911" lon="100.53712881"><ele>-22.719</ele><time>2025-01-19T02:39:35.999Z</time><speed>4.801</speed><sat>6</sat></trkpt>
  <trkpt lat="13.79721232" lon="100.53712106"><ele>-23.055</ele><time>2025-01-19T02:39:36.999Z</time><speed>4.651</speed><sat>10</sat></trkpt>
  <trkpt lat="13.79725066" lon="100.53714479"><ele>-22.648</ele><time>2025-01-19T02:39:37.999Z</time><speed>4.623</speed><sat>13</sat></trkpt>
  <trkpt lat="13.79727434" lon="100.53715115"><ele>-21.289</ele><time>2025-01-19T02:39:38.999Z</time><speed>4.558</speed><sat>14</sat></trkpt>
  <trkpt lat="13.79730571" lon="100.53716223"><ele>-21.163</ele><time>2025-01-19T02:39:39.999Z</time><speed>4.541</speed><sat>14</sat></trkpt>
  <trkpt lat="13.79734830" lon="100.53717990"><ele>-20.439</ele><time>2025-01-19T02:39:40.999Z</time><speed>4.629</speed><sat>16</sat></trkpt>
  <trkpt lat="13.79738386" lon="100.53719265"><ele>-20.243</ele><time>2025-01-19T02:39:41.999Z</time><speed>4.706</speed><sat>13</sat></trkpt>
  <trkpt lat="13.79742288" lon="100.53720710"><ele>-21.282</ele><time>2025-01-19T02:39:42.999Z</time><speed>4.910</speed><sat>12</sat></trkpt>
  <trkpt lat="13.79746205" lon="100.53722281"><ele>-21.983</ele><time>2025-01-19T02:39:43.999Z</time><speed>4.644</speed><sat>11</sat></trkpt>
  <trkpt lat="13.79749057" lon="100.53723342"><ele>-21.515</ele><time>2025-01-19T02:39:44.999Z</time><speed>4.026</speed><sat>12</sat></trkpt>
  <trkpt lat="13.79751351" lon="100.53724760"><ele>-21.380</ele><time>2025-01-19T02:39:45.999Z</time><speed>3.571</speed><sat>12</sat></trkpt>
  <trkpt lat="13.79753741" lon="100.53726022"><ele>-21.395</ele><time>2025-01-19T02:39:46.999Z</time><speed>3.248</speed><sat>10</sat></trkpt>
  <trkpt lat="13.79756517" lon="100.53726993"><ele>-21.062</ele><time>2025-01-19T02:39:47.999Z</time><speed>3.205</speed><sat>12</sat></trkpt>
  <trkpt lat="13.79760465" lon="100.53726620"><ele>-20.352</ele><time>2025-01-19T02:39:48.999Z</time><speed>3.154</speed><sat>16</sat></trkpt>
  <trkpt lat="13.79763342" lon="100.53726436"><ele>-19.188</ele><time>2025-01-19T02:39:49.999Z</time><speed>2.656</speed><sat>17</sat></trkpt>
  <trkpt lat="13.79766246" lon="100.53726914"><ele>-18.079</ele><time>2025-01-19T02:39:50.999Z</time><speed>2.509</speed><sat>19</sat></trkpt>
  <trkpt lat="13.79770342" lon="100.53727819"><ele>-17.919</ele><time>2025-01-19T02:39:51.999Z</time><speed>2.820</speed><sat>18</sat></trkpt>
  <trkpt lat="13.79773272" lon="100.53728673"><ele>-18.057</ele><time>2025-01-19T02:39:52.999Z</time><speed>2.599</speed><sat>19</sat></trkpt>
  <trkpt lat="13.79776594" lon="100.53729810"><ele>-18.753</ele><time>2025-01-19T02:39:53.999Z</time><speed>2.541</speed><sat>19</sat></trkpt>
  <trkpt lat="13.79779798" lon="100.53729371"><ele>-18.866</ele><time>2025-01-19T02:39:54.999Z</time><speed>2.639</speed><sat>22</sat></trkpt>
  <trkpt lat="13.79782048" lon="100.53730202"><ele>-19.941</ele><time>2025-01-19T02:39:55.999Z</time><speed>2.578</speed><sat>20</sat></trkpt>
  <trkpt lat="13.79784843" lon="100.53730877"><ele>-20.620</ele><time>2025-01-19T02:39:56.999Z</time><speed>2.718</speed><sat>18</sat></trkpt>
  <trkpt lat="13.79788036" lon="100.53731857"><ele>-21.203</ele><time>2025-01-19T02:39:57.999Z</time><speed>2.576</speed><sat>17</sat></trkpt>
  <trkpt lat="13.79791776" lon="100.53733095"><ele>-21.566</ele><time>2025-01-19T02:39:58.999Z</time><speed>2.546</speed><sat>20</sat></trkpt>
  <trkpt lat="13.79794876" lon="100.53734712"><ele>-22.068</ele><time>2025-01-19T02:39:59.999Z</time><speed>2.775</speed><sat>20</sat></trkpt>
  <trkpt lat="13.79799648" lon="100.53735786"><ele>-22.111</ele><time>2025-01-19T02:40:00.999Z</time><speed>3.062</speed><sat>17</sat></trkpt>
  <trkpt lat="13.79803437" lon="100.53736732"><ele>-22.365</ele><time>2025-01-19T02:40:01.999Z</time><speed>3.230</speed><sat>16</sat></trkpt>
  <trkpt lat="13.79807438" lon="100.53737604"><ele>-22.598</ele><time>2025-01-19T02:40:02.999Z</time><speed>3.363</speed><sat>18</sat></trkpt>
  <trkpt lat="13.79810922" lon="100.53739185"><ele>-22.978</ele><time>2025-01-19T02:40:03.999Z</time><speed>3.304</speed><sat>15</sat></trkpt>
  <trkpt lat="13.79814517" lon="100.53740506"><ele>-22.662</ele><time>2025-01-19T02:40:04.999Z</time><speed>3.318</speed><sat>14</sat></trkpt>
  <trkpt lat="13.79817139" lon="100.53741718"><ele>-22.522</ele><time>2025-01-19T02:40:05.999Z</time><speed>3.317</speed><sat>14</sat></trkpt>
  <trkpt lat="13.79820987" lon="100.53742773"><ele>-22.301</ele><time>2025-01-19T02:40:06.999Z</time><speed>3.338</speed><sat>13</sat></trkpt>
  <trkpt lat="13.79825645" lon="100.53744630"><ele>-22.058</ele><time>2025-01-19T02:40:07.999Z</time><speed>3.544</speed><sat>13</sat></trkpt>
  <trkpt lat="13.79829019" lon="100.53746044"><ele>-22.230</ele><time>2025-01-19T02:40:08.999Z</time><speed>3.620</speed><sat>16</sat></trkpt>
  <trkpt lat="13.79833490" lon="100.53747842"><ele>-22.523</ele><time>2025-01-19T02:40:09.999Z</time><speed>3.716</speed><sat>15</sat></trkpt>
  <trkpt lat="13.79837083" lon="100.53750107"><ele>-23.237</ele><time>2025-01-19T02:40:10.999Z</time><speed>3.819</speed><sat>13</sat></trkpt>
  <trkpt lat="13.79841200" lon="100.53751811"><ele>-23.513</ele><time>2025-01-19T02:40:11.999Z</time><speed>3.857</speed><sat>11</sat></trkpt>
  <trkpt lat="13.79846062" lon="100.53753364"><ele>-23.463</ele><time>2025-01-19T02:40:12.999Z</time><speed>3.972</speed><sat>13</sat></trkpt>
  <trkpt lat="13.79850225" lon="100.53755236"><ele>-23.344</ele><time>2025-01-19T02:40:13.999Z</time><speed>4.138</speed><sat>13</sat></trkpt>
  <trkpt lat="13.79855067" lon="100.53757701"><ele>-23.434</ele><time>2025-01-19T02:40:14.999Z</time><speed>4.306</speed><sat>14</sat></trkpt>
  <trkpt lat="13.79860517" lon="100.53760487"><ele>-23.605</ele><time>2025-01-19T02:40:15.999Z</time><speed>4.245</speed><sat>17</sat></trkpt>
  <trkpt lat="13.79865674" lon="100.53762736"><ele>-23.852</ele><time>2025-01-19T02:40:16.999Z</time><speed>4.711</speed><sat>20</sat></trkpt>
  <trkpt lat="13.79871176" lon="100.53765269"><ele>-23.594</ele><time>2025-01-19T02:40:17.999Z</time><speed>4.711</speed><sat>17</sat></trkpt>
  <trkpt lat="13.79876359" lon="100.53767192"><ele>-23.847</ele><time>2025-01-19T02:40:18.999Z</time><speed>4.777</speed><sat>19</sat></trkpt>
  <trkpt lat="13.79881304" lon="100.53769311"><ele>-23.629</ele><time>2025-01-19T02:40:19.999Z</time><speed>4.940</speed><sat>17</sat></trkpt>
  <trkpt lat="13.79885697" lon="100.53770789"><ele>-23.513</ele><time>2025-01-19T02:40:20.999Z</time><speed>4.979</speed><sat>18</sat></trkpt>
  <trkpt lat="13.79890189" lon="100.53772111"><ele>-23.850</ele><time>2025-01-19T02:40:21.999Z</time><speed>4.883</speed><sat>18</sat></trkpt>
  <trkpt lat="13.79894316" lon="100.53773626"><ele>-24.035</ele><time>2025-01-19T02:40:22.999Z</time><speed>4.905</speed><sat>17</sat></trkpt>
  <trkpt lat="13.79898919" lon="100.53775138"><ele>-23.988</ele><time>2025-01-19T02:40:23.999Z</time><speed>4.820</speed><sat>18</sat></trkpt>
  <trkpt lat="13.79903989" lon="100.53777098"><ele>-23.568</ele><time>2025-01-19T02:40:24.999Z</time><speed>4.989</speed><sat>16</sat></trkpt>
  <trkpt lat="13.79908460" lon="100.53779320"><ele>-23.363</ele><time>2025-01-19T02:40:25.999Z</time><speed>5.200</speed><sat>16</sat></trkpt>
  <trkpt lat="13.79913176" lon="100.53781351"><ele>-23.183</ele><time>2025-01-19T02:40:26.999Z</time><speed>5.309</speed><sat>16</sat></trkpt>
  <trkpt lat="13.79918053" lon="100.53783776"><ele>-23.328</ele><time>2025-01-19T02:40:27.999Z</time><speed>5.298</speed><sat>17</sat></trkpt>
  <trkpt lat="13.79923096" lon="100.53785666"><ele>-23.356</ele><time>2025-01-19T02:40:28.999Z</time><speed>5.383</speed><sat>17</sat></trkpt>
  <trkpt lat="13.79927473" lon="100.53787371"><ele>-22.841</ele><time>2025-01-19T02:40:29.999Z</time><speed>5.329</speed><sat>18</sat></trkpt>
  <trkpt lat="13.79931748" lon="100.53789239"><ele>-22.462</ele><time>2025-01-19T02:40:30.999Z</time><speed>5.377</speed><sat>16</sat></trkpt>
  <trkpt lat="13.79936071" lon="100.53791009"><ele>-22.412</ele><time>2025-01-19T02:40:31.999Z</time><speed>5.655</speed><sat>15</sat></trkpt>
  <trkpt lat="13.79941088" lon="100.53792740"><ele>-22.367</ele><time>2025-01-19T02:40:32.999Z</time><speed>5.759</speed><sat>15</sat></trkpt>
  <trkpt lat="13.79946763" lon="100.53794623"><ele>-22.309</ele><time>2025-01-19T02:40:33.999Z</time><speed>5.588</speed><sat>15</sat></trkpt>
  <trkpt lat="13.79951804" lon="100.53796689"><ele>-21.759</ele><time>2025-01-19T02:40:34.999Z</time><speed>5.407</speed><sat>14</sat></trkpt>
  <trkpt lat="13.79956976" lon="100.53798678"><ele>-21.720</ele><time>2025-01-19T02:40:35.999Z</time><speed>5.516</speed><sat>15</sat></trkpt>
  <trkpt lat="13.79962428" lon="100.53800842"><ele>-22.229</ele><time>2025-01-19T02:40:36.999Z</time><speed>5.783</speed><sat>15</sat></trkpt>
  <trkpt lat="13.79967686" lon="100.53802641"><ele>-22.583</ele><time>2025-01-19T02:40:37.999Z</time><speed>6.004</speed><sat>15</sat></trkpt>
  <trkpt lat="13.79972753" lon="100.53804536"><ele>-22.302</ele><time>2025-01-19T02:40:38.999Z</time><speed>6.084</speed><sat>13</sat></trkpt>
  <trkpt lat="13.79977266" lon="100.53807229"><ele>-21.806</ele><time>2025-01-19T02:40:39.999Z</time><speed>6.147</speed><sat>14</sat></trkpt>
  <trkpt lat="13.79983039" lon="100.53810340"><ele>-22.259</ele><time>2025-01-19T02:40:40.999Z</time><speed>6.369</speed><sat>16</sat></trkpt>
  <trkpt lat="13.79988574" lon="100.53813073"><ele>-22.829</ele><time>2025-01-19T02:40:41.999Z</time><speed>6.449</speed><sat>15</sat></trkpt>
  <trkpt lat="13.79994560" lon="100.53815463"><ele>-22.880</ele><time>2025-01-19T02:40:42.999Z</time><speed>6.539</speed><sat>13</sat></trkpt>
  <trkpt lat="13.79999782" lon="100.53818049"><ele>-23.021</ele><time>2025-01-19T02:40:43.999Z</time><speed>6.658</speed><sat>14</sat></trkpt>
  <trkpt lat="13.80004761" lon="100.53820645"><ele>-23.475</ele><time>2025-01-19T02:40:44.999Z</time><speed>6.567</speed><sat>15</sat></trkpt>
  <trkpt lat="13.80010371" lon="100.53822986"><ele>-24.276</ele><time>2025-01-19T02:40:45.999Z</time><speed>6.557</speed><sat>12</sat></trkpt>
  <trkpt lat="13.80016146" lon="100.53825027"><ele>-25.275</ele><time>2025-01-19T02:40:46.999Z</time><speed>6.573</speed><sat>14</sat></trkpt>
  <trkpt lat="13.80022037" lon="100.53827369"><ele>-25.973</ele><time>2025-01-19T02:40:47.999Z</time><speed>6.791</speed><sat>13</sat></trkpt>
  <trkpt lat="13.80027983" lon="100.53829748"><ele>-26.225</ele><time>2025-01-19T02:40:48.999Z</time><speed>6.766</speed><sat>11</sat></trkpt>
  <trkpt lat="13.80034202" lon="100.53832541"><ele>-26.310</ele><time>2025-01-19T02:40:49.999Z</time><speed>6.843</speed><sat>12</sat></trkpt>
  <trkpt lat="13.80040715" lon="100.53835299"><ele>-26.080</ele><time>2025-01-19T02:40:50.999Z</time><speed>6.818</speed><sat>12</sat></trkpt>
  <trkpt lat="13.80047617" lon="100.53838493"><ele>-25.515</ele><time>2025-01-19T02:40:51.999Z</time><speed>6.983</speed><sat>13</sat></trkpt>
  <trkpt lat="13.80055823" lon="100.53841883"><ele>-25.510</ele><time>2025-01-19T02:40:52.999Z</time><speed>7.029</speed><sat>15</sat></trkpt>
  <trkpt lat="13.80061781" lon="100.53844262"><ele>-25.311</ele><time>2025-01-19T02:40:53.999Z</time><speed>7.231</speed><sat>13</sat></trkpt>
  <trkpt lat="13.80068562" lon="100.53846960"><ele>-25.086</ele><time>2025-01-19T02:40:54.999Z</time><speed>7.386</speed><sat>16</sat></trkpt>
  <trkpt lat="13.80075333" lon="100.53849148"><ele>-24.501</ele><time>2025-01-19T02:40:55.999Z</time><speed>7.401</speed><sat>13</sat></trkpt>
  <trkpt lat="13.80082221" lon="100.53851412"><ele>-24.178</ele><time>2025-01-19T02:40:56.999Z</time><speed>7.445</speed><sat>16</sat></trkpt>
  <trkpt lat="13.80088504" lon="100.53854299"><ele>-24.105</ele><time>2025-01-19T02:40:57.999Z</time><speed>7.447</speed><sat>16</sat></trkpt>
  <trkpt lat="13.80095076" lon="100.53856918"><ele>-24.496</ele><time>2025-01-19T02:40:58.999Z</time><speed>7.492</speed><sat>15</sat></trkpt>
  <trkpt lat="13.80101724" lon="100.53859805"><ele>-24.836</ele><time>2025-01-19T02:40:59.999Z</time><speed>7.514</speed><sat>17</sat></trkpt>
  <trkpt lat="13.80108314" lon="100.53862857"><ele>-24.644</ele><time>2025-01-19T02:41:00.999Z</time><speed>7.525</speed><sat>17</sat></trkpt>
  <trkpt lat="13.80114706" lon="100.53866130"><ele>-24.338</ele><time>2025-01-19T02:41:01.999Z</time><speed>7.648</speed><sat>17</sat></trkpt>
  <trkpt lat="13.80121476" lon="100.53869594"><ele>-23.984</ele><time>2025-01-19T02:41:02.999Z</time><speed>7.529</speed><sat>14</sat></trkpt>
  <trkpt lat="13.80127844" lon="100.53872835"><ele>-23.591</ele><time>2025-01-19T02:41:03.999Z</time><speed>7.551</speed><sat>15</sat></trkpt>
  <trkpt lat="13.80133794" lon="100.53875649"><ele>-23.609</ele><time>2025-01-19T02:41:04.999Z</time><speed>7.578</speed><sat>16</sat></trkpt>
  <trkpt lat="13.80140144" lon="100.53878395"><ele>-23.570</ele><time>2025-01-19T02:41:05.999Z</time><speed>7.624</speed><sat>17</sat></trkpt>
  <trkpt lat="13.80146565" lon="100.53881395"><ele>-23.495</ele><time>2025-01-19T02:41:06.999Z</time><speed>7.704</speed><sat>18</sat></trkpt>
  <trkpt lat="13.80153973" lon="100.53884858"><ele>-23.082</ele><time>2025-01-19T02:41:07.999Z</time><speed>8.014</speed><sat>18</sat></trkpt>
  <trkpt lat="13.80160750" lon="100.53887837"><ele>-23.014</ele><time>2025-01-19T02:41:08.999Z</time><speed>8.030</speed><sat>15</sat></trkpt>
  <trkpt lat="13.80168385" lon="100.53891356"><ele>-22.733</ele><time>2025-01-19T02:41:09.999Z</time><speed>8.067</speed><sat>15</sat></trkpt>
  <trkpt lat="13.80175617" lon="100.53894617"><ele>-22.800</ele><time>2025-01-19T02:41:10.999Z</time><speed>8.204</speed><sat>14</sat></trkpt>
  <trkpt lat="13.80183258" lon="100.53898121"><ele>-22.690</ele><time>2025-01-19T02:41:11.999Z</time><speed>8.269</speed><sat>14</sat></trkpt>
  <trkpt lat="13.80190545" lon="100.53901346"><ele>-22.768</ele><time>2025-01-19T02:41:12.999Z</time><speed>8.406</speed><sat>16</sat></trkpt>
  <trkpt lat="13.80197995" lon="100.53904959"><ele>-22.607</ele><time>2025-01-19T02:41:13.999Z</time><speed>8.543</speed><sat>16</sat></trkpt>
  <trkpt lat="13.80205709" lon="100.53907986"><ele>-22.417</ele><time>2025-01-19T02:41:14.999Z</time><speed>8.389</speed><sat>14</sat></trkpt>
  <trkpt lat="13.80212828" lon="100.53910688"><ele>-21.652</ele><time>2025-01-19T02:41:15.999Z</time><speed>8.359</speed><sat>16</sat></trkpt>
  <trkpt lat="13.80220339" lon="100.53913683"><ele>-21.295</ele><time>2025-01-19T02:41:16.999Z</time><speed>8.308</speed><sat>16</sat></trkpt>
  <trkpt lat="13.80226562" lon="100.53916172"><ele>-21.246</ele><time>2025-01-19T02:41:17.999Z</time><speed>8.313</speed><sat>16</sat></trkpt>
  <trkpt lat="13.80232416" lon="100.53918716"><ele>-21.862</ele><time>2025-01-19T02:41:18.999Z</time><speed>8.339</speed><sat>17</sat></trkpt>
  <trkpt lat="13.80240129" lon="100.53922933"><ele>-21.449</ele><time>2025-01-19T02:41:19.999Z</time><speed>8.329</speed><sat>15</sat></trkpt>
  <trkpt lat="13.80247266" lon="100.53926246"><ele>-21.446</ele><time>2025-01-19T02:41:20.999Z</time><speed>8.260</speed><sat>14</sat></trkpt>
  <trkpt lat="13.80253538" lon="100.53929472"><ele>-21.049</ele><time>2025-01-19T02:41:21.999Z</time><speed>8.178</speed><sat>17</sat></trkpt>
  <trkpt lat="13.80259477" lon="100.53932498"><ele>-20.734</ele><time>2025-01-19T02:41:22.999Z</time><speed>8.171</speed><sat>17</sat></trkpt>
  <trkpt lat="13.80266211" lon="100.53935944"><ele>-20.966</ele><time>2025-01-19T02:41:23.999Z</time><speed>8.150</speed><sat>17</sat></trkpt>
  <trkpt lat="13.80280650" lon="100.53942983"><ele>-21.179</ele><time>2025-01-19T02:41:25.999Z</time><speed>8.240</speed><sat>17</sat></trkpt>
  <trkpt lat="13.80287729" lon="100.53946412"><ele>-21.416</ele><time>2025-01-19T02:41:26.999Z</time><speed>8.314</speed><sat>18</sat></trkpt>
  <trkpt lat="13.80294375" lon="100.53949178"><ele>-21.900</ele><time>2025-01-19T02:41:27.999Z</time><speed>8.305</speed><sat>18</sat></trkpt>
  <trkpt lat="13.80301798" lon="100.53953060"><ele>-22.164</ele><time>2025-01-19T02:41:28.999Z</time><speed>7.959</speed><sat>17</sat></trkpt>
  <trkpt lat="13.80308151" lon="100.53956410"><ele>-21.246</ele><time>2025-01-19T02:41:29.999Z</time><speed>7.923</speed><sat>14</sat></trkpt>
  <trkpt lat="13.80315282" lon="100.53959658"><ele>-21.998</ele><time>2025-01-19T02:41:30.999Z</time><speed>7.943</speed><sat>14</sat></trkpt>
  <trkpt lat="13.80322281" lon="100.53962164"><ele>-22.402</ele><time>2025-01-19T02:41:31.999Z</time><speed>7.756</speed><sat>12</sat></trkpt>
  <trkpt lat="13.80329158" lon="100.53964990"><ele>-23.295</ele><time>2025-01-19T02:41:32.999Z</time><speed>7.853</speed><sat>14</sat></trkpt>
  <trkpt lat="13.80336311" lon="100.53967896"><ele>-24.510</ele><time>2025-01-19T02:41:33.999Z</time><speed>7.907</speed><sat>16</sat></trkpt>
  <trkpt lat="13.80343474" lon="100.53970910"><ele>-24.963</ele><time>2025-01-19T02:41:34.999Z</time><speed>7.834</speed><sat>16</sat></trkpt>
  <trkpt lat="13.80349668" lon="100.53973535"><ele>-25.211</ele><time>2025-01-19T02:41:35.999Z</time><speed>7.625</speed><sat>15</sat></trkpt>
  <trkpt lat="13.80355768" lon="100.53976162"><ele>-25.814</ele><time>2025-01-19T02:41:36.999Z</time><speed>7.420</speed><sat>17</sat></trkpt>
  <trkpt lat="13.80361389" lon="100.53978592"><ele>-25.963</ele><time>2025-01-19T02:41:37.999Z</time><speed>7.302</speed><sat>13</sat></trkpt>
  <trkpt lat="13.80367001" lon="100.53980881"><ele>-25.739</ele><time>2025-01-19T02:41:38.999Z</time><speed>6.875</speed><sat>10</sat></trkpt>
  <trkpt lat="13.80372033" lon="100.53983026"><ele>-25.609</ele><time>2025-01-19T02:41:39.999Z</time><speed>6.502</speed><sat>12</sat></trkpt>
  <trkpt lat="13.80376804" lon="100.53985396"><ele>-24.876</ele><time>2025-01-19T02:41:40.999Z</time><speed>6.120</speed><sat>9</sat></trkpt>
  <trkpt lat="13.80381720" lon="100.53988094"><ele>-24.533</ele><time>2025-01-19T02:41:41.999Z</time><speed>5.914</speed><sat>8</sat></trkpt>
  <trkpt lat="13.80385861" lon="100.53989796"><ele>-24.084</ele><time>2025-01-19T02:41:42.999Z</time><speed>5.308</speed><sat>11</sat></trkpt>
  <trkpt lat="13.80389894" lon="100.53991204"><ele>-23.819</ele><time>2025-01-19T02:41:43.999Z</time><speed>4.879</speed><sat>11</sat></trkpt>
  <trkpt lat="13.80393240" lon="100.53992010"><ele>-23.110</ele><time>2025-01-19T02:41:44.999Z</time><speed>4.639</speed><sat>10</sat></trkpt>
  <trkpt lat="13.80396174" lon="100.53992117"><ele>-21.885</ele><time>2025-01-19T02:41:45.999Z</time><speed>3.945</speed><sat>8</sat></trkpt>
  <trkpt lat="13.80399376" lon="100.53992271"><ele>-22.185</ele><time>2025-01-19T02:41:46.999Z</time><speed>3.555</speed><sat>11</sat></trkpt>
  <trkpt lat="13.80401424" lon="100.53992893"><ele>-21.856</ele><time>2025-01-19T02:41:47.999Z</time><speed>3.327</speed><sat>14</sat></trkpt>
  <trkpt lat="13.80403652" lon="100.53993478"><ele>-21.809</ele><time>2025-01-19T02:41:48.999Z</time><speed>3.203</speed><sat>12</sat></trkpt>
  <trkpt lat="13.80405984" lon="100.53994299"><ele>-21.362</ele><time>2025-01-19T02:41:49.999Z</time><speed>2.772</speed><sat>7</sat></trkpt>
  <trkpt lat="13.80408036" lon="100.53994801"><ele>-21.276</ele><time>2025-01-19T02:41:50.999Z</time><speed>2.426</speed><sat>5</sat></trkpt>
  <trkpt lat="13.80409557" lon="100.53995201"><ele>-21.236</ele><time>2025-01-19T02:41:51.999Z</time><speed>2.094</speed><sat>5</sat></trkpt>
  <trkpt lat="13.80410978" lon="100.53995554"><ele>-20.529</ele><time>2025-01-19T02:41:52.999Z</time><speed>1.876</speed><sat>7</sat></trkpt>
  <trkpt lat="13.80412381" lon="100.53995908"><ele>-20.385</ele><time>2025-01-19T02:41:53.999Z</time><speed>1.402</speed><sat>9</sat></trkpt>
  <trkpt lat="13.80413562" lon="100.53996361"><ele>-20.479</ele><time>2025-01-19T02:41:54.999Z</time><speed>1.233</speed><sat>12</sat></trkpt>
  <trkpt lat="13.80415202" lon="100.53996523"><ele>-19.471</ele><time>2025-01-19T02:41:55.999Z</time><speed>1.262</speed><sat>17</sat></trkpt>
  <trkpt lat="13.80416695" lon="100.53997468"><ele>-18.298</ele><time>2025-01-19T02:41:56.999Z</time><speed>1.048</speed><sat>15</sat></trkpt>
  <trkpt lat="13.80417927" lon="100.53997888"><ele>-19.230</ele><time>2025-01-19T02:41:57.999Z</time><speed>0.963</speed><sat>15</sat></trkpt>
  <trkpt lat="13.80418787" lon="100.53998606"><ele>-19.436</ele><time>2025-01-19T02:41:58.999Z</time><speed>0.770</speed><sat>13</sat></trkpt>
  <trkpt lat="13.80419518" lon="100.53999692"><ele>-18.444</ele><time>2025-01-19T02:41:59.999Z</time><speed>0.740</speed><sat>10</sat></trkpt>
  <trkpt lat="13.80419520" lon="100.53999694"><ele>-20.871</ele><time>2025-01-19T02:42:00.999Z</time><speed>0.000</speed><sat>10</sat></trkpt>
  <trkpt lat="13.80419520" lon="100.53999694"><ele>-21.194</ele><time>2025-01-19T02:42:01.999Z</time><speed>0.000</speed><sat>7</sat></trkpt>
  <trkpt lat="13.80419520" lon="100.53999694"><ele>-21.221</ele><time>2025-01-19T02:42:02.999Z</time><speed>0.000</speed><sat>5</sat></trkpt>
  <trkpt lat="13.80419520" lon="100.53999694"><ele>-21.248</ele><time>2025-01-19T02:42:03.999Z</time><speed>0.000</speed><sat>5</sat></trkpt>
  <trkpt lat="13.80419520" lon="100.53999694"><ele>-21.275</ele><time>2025-01-19T02:42:04.999Z</time><speed>0.000</speed><sat>5</sat></trkpt>
  <trkpt lat="13.80419520" lon="100.53999694"><ele>-21.428</ele><time>2025-01-19T02:42:05.999Z</time><speed>0.000</speed><sat>6</sat></trkpt>
  <trkpt lat="13.80419520" lon="100.53999694"><ele>-20.940</ele><time>2025-01-19T02:42:06.999Z</time><speed>0.000</speed><sat>7</sat></trkpt>
  <trkpt lat="13.80419520" lon="100.53999694"><ele>-21.535</ele><time>2025-01-19T02:42:07.999Z</time><speed>0.000</speed><sat>6</sat></trkpt>
  <trkpt lat="13.80488230" lon="100.54008468"><ele>-20.537</ele><time>2025-01-19T02:43:45.999Z</time><speed>3.719</speed><sat>7</sat></trkpt>
  <trkpt lat="13.80492983" lon="100.54010568"><ele>-20.362</ele><time>2025-01-19T02:43:46.999Z</time><speed>3.768</speed><sat>7</sat></trkpt>
  <trkpt lat="13.80497030" lon="100.54011928"><ele>-20.121</ele><time>2025-01-19T02:43:47.999Z</time><speed>3.984</speed><sat>6</sat></trkpt>
  <trkpt lat="13.80501113" lon="100.54012545"><ele>-20.414</ele><time>2025-01-19T02:43:48.999Z</time><speed>4.126</speed><sat>6</sat></trkpt>
  <trkpt lat="13.80505801" lon="100.54016801"><ele>-21.338</ele><time>2025-01-19T02:43:49.999Z</time><speed>4.272</speed><sat>9</sat></trkpt>
  <trkpt lat="13.80511381" lon="100.54021463"><ele>-21.214</ele><time>2025-01-19T02:43:50.999Z</time><speed>4.370</speed><sat>10</sat></trkpt>
  <trkpt lat="13.80515750" lon="100.54024255"><ele>-20.854</ele><time>2025-01-19T02:43:51.999Z</time><speed>4.946</speed><sat>10</sat></trkpt>
  <trkpt lat="13.80524708" lon="100.54031602"><ele>-20.965</ele><time>2025-01-19T02:43:52.999Z</time><speed>5.083</speed><sat>16</sat></trkpt>
  <trkpt lat="13.80530672" lon="100.54034439"><ele>-22.632</ele><time>2025-01-19T02:43:53.999Z</time><speed>5.361</speed><sat>17</sat></trkpt>
  <trkpt lat="13.80537087" lon="100.54038148"><ele>-23.302</ele><time>2025-01-19T02:43:54.999Z</time><speed>5.442</speed><sat>14</sat></trkpt>
  <trkpt lat="13.80543043" lon="100.54040709"><ele>-23.335</ele><time>2025-01-19T02:43:55.999Z</time><speed>5.631</speed><sat>13</sat></trkpt>
  <trkpt lat="13.80549446" lon="100.54044446"><ele>-23.228</ele><time>2025-01-19T02:43:56.999Z</time><speed>6.152</speed><sat>12</sat></trkpt>
  <trkpt lat="13.80555740" lon="100.54048258"><ele>-22.781</ele><time>2025-01-19T02:43:57.999Z</time><speed>6.577</speed><sat>12</sat></trkpt>
  <trkpt lat="13.80561878" lon="100.54051059"><ele>-22.318</ele><time>2025-01-19T02:43:58.999Z</time><speed>6.925</speed><sat>11</sat></trkpt>
  <trkpt lat="13.80568889" lon="100.54054382"><ele>-21.377</ele><time>2025-01-19T02:43:59.999Z</time><speed>7.238</speed><sat>10</sat></trkpt>
  <trkpt lat="13.80575567" lon="100.54057244"><ele>-21.270</ele><time>2025-01-19T02:44:00.999Z</time><speed>7.430</speed><sat>10</sat></trkpt>
  <trkpt lat="13.80582893" lon="100.54060716"><ele>-21.478</ele><time>2025-01-19T02:44:01.999Z</time><speed>7.553</speed><sat>12</sat></trkpt>
  <trkpt lat="13.80590371" lon="100.54064119"><ele>-21.133</ele><time>2025-01-19T02:44:02.999Z</time><speed>7.719</speed><sat>12</sat></trkpt>
  <trkpt lat="13.80597756" lon="100.54067158"><ele>-20.575</ele><time>2025-01-19T02:44:03.999Z</time><speed>7.819</speed><sat>13</sat></trkpt>
  <trkpt lat="13.80605673" lon="100.54069854"><ele>-20.813</ele><time>2025-01-19T02:44:04.999Z</time><speed>8.001</speed><sat>15</sat></trkpt>
  <trkpt lat="13.80614187" lon="100.54072270"><ele>-20.986</ele><time>2025-01-19T02:44:05.999Z</time><speed>8.093</speed><sat>12</sat></trkpt>
  <trkpt lat="13.80623059" lon="100.54074623"><ele>-20.539</ele><time>2025-01-19T02:44:06.999Z</time><speed>8.318</speed><sat>14</sat></trkpt>
  <trkpt lat="13.80632597" lon="100.54076426"><ele>-21.145</ele><time>2025-01-19T02:44:07.999Z</time><speed>8.468</speed><sat>14</sat></trkpt>
  <trkpt lat="13.80641784" lon="100.54078353"><ele>-21.302</ele><time>2025-01-19T02:44:08.999Z</time><speed>8.701</speed><sat>12</sat></trkpt>
  <trkpt lat="13.80650539" lon="100.54080237"><ele>-22.290</ele><time>2025-01-19T02:44:09.999Z</time><speed>8.751</speed><sat>12</sat></trkpt>
  <trkpt lat="13.80658810" lon="100.54082176"><ele>-22.854</ele><time>2025-01-19T02:44:10.999Z</time><speed>8.717</speed><sat>11</sat></trkpt>
  <trkpt lat="13.80667029" lon="100.54083945"><ele>-23.041</ele><time>2025-01-19T02:44:11.999Z</time><speed>8.873</speed><sat>10</sat></trkpt>
  <trkpt lat="13.80674824" lon="100.54085896"><ele>-23.608</ele><time>2025-01-19T02:44:12.999Z</time><speed>9.182</speed><sat>9</sat></trkpt>
  <trkpt lat="13.80683739" lon="100.54088660"><ele>-23.552</ele><time>2025-01-19T02:44:13.999Z</time><speed>9.210</speed><sat>9</sat></trkpt>
  <trkpt lat="13.80692489" lon="100.54091605"><ele>-23.511</ele><time>2025-01-19T02:44:14.999Z</time><speed>9.091</speed><sat>12</sat></trkpt>
  <trkpt lat="13.80700298" lon="100.54094946"><ele>-23.528</ele><time>2025-01-19T02:44:15.999Z</time><speed>9.061</speed><sat>13</sat></trkpt>
  <trkpt lat="13.80707706" lon="100.54098551"><ele>-23.807</ele><time>2025-01-19T02:44:16.999Z</time><speed>9.156</speed><sat>15</sat></trkpt>
  <trkpt lat="13.80715953" lon="100.54102223"><ele>-23.400</ele><time>2025-01-19T02:44:17.999Z</time><speed>9.254</speed><sat>12</sat></trkpt>
  <trkpt lat="13.80723835" lon="100.54105612"><ele>-23.414</ele><time>2025-01-19T02:44:18.999Z</time><speed>9.552</speed><sat>10</sat></trkpt>
  <trkpt lat="13.80732826" lon="100.54109576"><ele>-23.529</ele><time>2025-01-19T02:44:19.999Z</time><speed>9.722</speed><sat>11</sat></trkpt>
  <trkpt lat="13.80741179" lon="100.54113540"><ele>-23.355</ele><time>2025-01-19T02:44:20.999Z</time><speed>9.682</speed><sat>10</sat></trkpt>
  <trkpt lat="13.80749765" lon="100.54116785"><ele>-23.723</ele><time>2025-01-19T02:44:21.999Z</time><speed>9.669</speed><sat>13</sat></trkpt>
  <trkpt lat="13.80757859" lon="100.54120173"><ele>-23.519</ele><time>2025-01-19T02:44:22.999Z</time><speed>9.649</speed><sat>11</sat></trkpt>
  <trkpt lat="13.80765699" lon="100.54123298"><ele>-23.429</ele><time>2025-01-19T02:44:23.999Z</time><speed>9.457</speed><sat>11</sat></trkpt>
  <trkpt lat="13.80775024" lon="100.54126192"><ele>-22.664</ele><time>2025-01-19T02:44:24.999Z</time><speed>9.360</speed><sat>12</sat></trkpt>
  <trkpt lat="13.80782382" lon="100.54129033"><ele>-22.799</ele><time>2025-01-19T02:44:25.999Z</time><speed>9.346</speed><sat>12</sat></trkpt>
  <trkpt lat="13.80790351" lon="100.54131763"><ele>-22.301</ele><time>2025-01-19T02:44:26.999Z</time><speed>9.289</speed><sat>10</sat></trkpt>
  <trkpt lat="13.80798219" lon="100.54135299"><ele>-22.444</ele><time>2025-01-19T02:44:27.999Z</time><speed>9.353</speed><sat>10</sat></trkpt>
  <trkpt lat="13.80806132" lon="100.54138351"><ele>-22.329</ele><time>2025-01-19T02:44:28.999Z</time><speed>9.247</speed><sat>11</sat></trkpt>
  <trkpt lat="13.80814100" lon="100.54141546"><ele>-22.651</ele><time>2025-01-19T02:44:29.999Z</time><speed>8.906</speed><sat>9</sat></trkpt>
  <trkpt lat="13.80822000" lon="100.54145334"><ele>-22.894</ele><time>2025-01-19T02:44:30.999Z</time><speed>8.670</speed><sat>9</sat></trkpt>
  <trkpt lat="13.80828879" lon="100.54148348"><ele>-23.623</ele><time>2025-01-19T02:44:31.999Z</time><speed>8.499</speed><sat>10</sat></trkpt>
  <trkpt lat="13.80836503" lon="100.54151290"><ele>-23.744</ele><time>2025-01-19T02:44:32.999Z</time><speed>8.396</speed><sat>10</sat></trkpt>
  <trkpt lat="13.80843608" lon="100.54153968"><ele>-24.386</ele><time>2025-01-19T02:44:33.999Z</time><speed>8.072</speed><sat>9</sat></trkpt>
  <trkpt lat="13.80850082" lon="100.54156501"><ele>-24.712</ele><time>2025-01-19T02:44:34.999Z</time><speed>7.768</speed><sat>12</sat></trkpt>
  <trkpt lat="13.80856317" lon="100.54159027"><ele>-25.716</ele><time>2025-01-19T02:44:35.999Z</time><speed>7.668</speed><sat>11</sat></trkpt>
  <trkpt lat="13.80862540" lon="100.54161710"><ele>-26.365</ele><time>2025-01-19T02:44:36.999Z</time><speed>7.444</speed><sat>13</sat></trkpt>
  <trkpt lat="13.80868933" lon="100.54165389"><ele>-26.453</ele><time>2025-01-19T02:44:37.999Z</time><speed>7.475</speed><sat>13</sat></trkpt>
  <trkpt lat="13.80873973" lon="100.54168117"><ele>-26.062</ele><time>2025-01-19T02:44:38.999Z</time><speed>7.086</speed><sat>14</sat></trkpt>
  <trkpt lat="13.80879254" lon="100.54170727"><ele>-26.109</ele><time>2025-01-19T02:44:39.999Z</time><speed>6.674</speed><sat>11</sat></trkpt>
  <trkpt lat="13.80884200" lon="100.54172831"><ele>-25.375</ele><time>2025-01-19T02:44:40.999Z</time><speed>6.337</speed><sat>14</sat></trkpt>
  <trkpt lat="13.80888741" lon="100.54174792"><ele>-25.543</ele><time>2025-01-19T02:44:41.999Z</time><speed>6.349</speed><sat>13</sat></trkpt>
  <trkpt lat="13.80893597" lon="100.54177197"><ele>-25.779</ele><time>2025-01-19T02:44:42.999Z</time><speed>6.083</speed><sat>14</sat></trkpt>
  <trkpt lat="13.80898426" lon="100.54179609"><ele>-26.277</ele><time>2025-01-19T02:44:43.999Z</time><speed>5.623</speed><sat>14</sat></trkpt>
  <trkpt lat="13.80902741" lon="100.54181697"><ele>-26.278</ele><time>2025-01-19T02:44:44.999Z</time><speed>5.580</speed><sat>14</sat></trkpt>
  <trkpt lat="13.80906937" lon="100.54183823"><ele>-26.180</ele><time>2025-01-19T02:44:45.999Z</time><speed>5.394</speed><sat>14</sat></trkpt>
  <trkpt lat="13.80910845" lon="100.54185520"><ele>-26.136</ele><time>2025-01-19T02:44:46.999Z</time><speed>5.342</speed><sat>13</sat></trkpt>
  <trkpt lat="13.80914978" lon="100.54186981"><ele>-26.635</ele><time>2025-01-19T02:44:47.999Z</time><speed>5.077</speed><sat>14</sat></trkpt>
  <trkpt lat="13.80918994" lon="100.54188768"><ele>-26.638</ele><time>2025-01-19T02:44:48.999Z</time><speed>4.816</speed><sat>16</sat></trkpt>
  <trkpt lat="13.80923094" lon="100.54190658"><ele>-26.606</ele><time>2025-01-19T02:44:49.999Z</time><speed>4.764</speed><sat>15</sat></trkpt>
  <trkpt lat="13.80927537" lon="100.54192584"><ele>-26.241</ele><time>2025-01-19T02:44:50.999Z</time><speed>4.613</speed><sat>15</sat></trkpt>
  <trkpt lat="13.80931150" lon="100.54194028"><ele>-25.955</ele><time>2025-01-19T02:44:51.999Z</time><speed>4.561</speed><sat>14</sat></trkpt>
  <trkpt lat="13.80934961" lon="100.54195698"><ele>-25.750</ele><time>2025-01-19T02:44:52.999Z</time><speed>4.491</speed><sat>13</sat></trkpt>
  <trkpt lat="13.80937956" lon="100.54196618"><ele>-26.066</ele><time>2025-01-19T02:44:53.999Z</time><speed>4.251</speed><sat>13</sat></trkpt>
  <trkpt lat="13.80941152" lon="100.54197970"><ele>-25.632</ele><time>2025-01-19T02:44:54.999Z</time><speed>4.216</speed><sat>16</sat></trkpt>
  <trkpt lat="13.80944464" lon="100.54199026"><ele>-25.345</ele><time>2025-01-19T02:44:55.999Z</time><speed>4.005</speed><sat>15</sat></trkpt>
  <trkpt lat="13.80947000" lon="100.54200143"><ele>-25.462</ele><time>2025-01-19T02:44:56.999Z</time><speed>3.863</speed><sat>16</sat></trkpt>
  <trkpt lat="13.80950031" lon="100.54201306"><ele>-25.286</ele><time>2025-01-19T02:44:57.999Z</time><speed>3.849</speed><sat>17</sat></trkpt>
  <trkpt lat="13.80953679" lon="100.54202485"><ele>-24.969</ele><time>2025-01-19T02:44:58.999Z</time><speed>3.745</speed><sat>18</sat></trkpt>
  <trkpt lat="13.80956702" lon="100.54203767"><ele>-24.827</ele><time>2025-01-19T02:44:59.999Z</time><speed>3.614</speed><sat>17</sat></trkpt>
  <trkpt lat="13.80960095" lon="100.54205098"><ele>-25.109</ele><time>2025-01-19T02:45:00.999Z</time><speed>3.525</speed><sat>18</sat></trkpt>
  <trkpt lat="13.80963634" lon="100.54206341"><ele>-25.127</ele><time>2025-01-19T02:45:01.999Z</time><speed>3.482</speed><sat>17</sat></trkpt>
  <trkpt lat="13.80966731" lon="100.54207420"><ele>-25.294</ele><time>2025-01-19T02:45:02.999Z</time><speed>3.530</speed><sat>18</sat></trkpt>
  <trkpt lat="13.80969902" lon="100.54208418"><ele>-25.273</ele><time>2025-01-19T02:45:03.999Z</time><speed>3.204</speed><sat>18</sat></trkpt>
  <trkpt lat="13.80973145" lon="100.54209470"><ele>-25.499</ele><time>2025-01-19T02:45:04.999Z</time><speed>3.152</speed><sat>18</sat></trkpt>
  <trkpt lat="13.80976311" lon="100.54210418"><ele>-25.600</ele><time>2025-01-19T02:45:05.999Z</time><speed>3.234</speed><sat>17</sat></trkpt>
  <trkpt lat="13.80979482" lon="100.54211442"><ele>-25.760</ele><time>2025-01-19T02:45:06.999Z</time><speed>3.394</speed><sat>17</sat></trkpt>
  <trkpt lat="13.80982803" lon="100.54212817"><ele>-25.800</ele><time>2025-01-19T02:45:07.999Z</time><speed>3.392</speed><sat>18</sat></trkpt>
  <trkpt lat="13.80985476" lon="100.54213880"><ele>-25.851</ele><time>2025-01-19T02:45:08.999Z</time><speed>3.343</speed><sat>17</sat></trkpt>
  <trkpt lat="13.80989038" lon="100.54215156"><ele>-25.694</ele><time>2025-01-19T02:45:09.999Z</time><speed>3.346</speed><sat>16</sat></trkpt>
  <trkpt lat="13.80992325" lon="100.54216300"><ele>-25.702</ele><time>2025-01-19T02:45:10.999Z</time><speed>3.397</speed><sat>16</sat></trkpt>
  <trkpt lat="13.80995862" lon="100.54217498"><ele>-25.660</ele><time>2025-01-19T02:45:11.999Z</time><speed>3.598</speed><sat>16</sat></trkpt>
  <trkpt lat="13.80998752" lon="100.54218727"><ele>-25.421</ele><time>2025-01-19T02:45:12.999Z</time><speed>3.636</speed><sat>16</sat></trkpt>
  <trkpt lat="13.81001944" lon="100.54219811"><ele>-25.548</ele><time>2025-01-19T02:45:13.999Z</time><speed>3.713</speed><sat>14</sat></trkpt>
  <trkpt lat="13.81005118" lon="100.54220787"><ele>-25.855</ele><time>2025-01-19T02:45:14.999Z</time><speed>3.646</speed><sat>14</sat></trkpt>
  <trkpt lat="13.81008296" lon="100.54221978"><ele>-26.194</ele><time>2025-01-19T02:45:15.999Z</time><speed>3.673</speed><sat>13</sat></trkpt>
  <trkpt lat="13.81011271" lon="100.54222980"><ele>-26.110</ele><time>2025-01-19T02:45:16.999Z</time><speed>3.729</speed><sat>14</sat></trkpt>
  <trkpt lat="13.81013935" lon="100.54224420"><ele>-26.154</ele><time>2025-01-19T02:45:17.999Z</time><speed>3.619</speed><sat>13</sat></trkpt>
  <trkpt lat="13.81017444" lon="100.54225830"><ele>-26.066</ele><time>2025-01-19T02:45:18.999Z</time><speed>3.690</speed><sat>14</sat></trkpt>
  <trkpt lat="13.81020349" lon="100.54227116"><ele>-25.905</ele><time>2025-01-19T02:45:19.999Z</time><speed>3.623</speed><sat>11</sat></trkpt>
  <trkpt lat="13.81024067" lon="100.54228246"><ele>-25.974</ele><time>2025-01-19T02:45:20.999Z</time><speed>3.729</speed><sat>12</sat></trkpt>
  <trkpt lat="13.81027788" lon="100.54229479"><ele>-25.869</ele><time>2025-01-19T02:45:21.999Z</time><speed>3.778</speed><sat>12</sat></trkpt>
  <trkpt lat="13.81031599" lon="100.54230955"><ele>-25.940</ele><time>2025-01-19T02:45:22.999Z</time><speed>3.971</speed><sat>12</sat></trkpt>
  <trkpt lat="13.81035016" lon="100.54232826"><ele>-26.034</ele><time>2025-01-19T02:45:23.999Z</time><speed>3.988</speed><sat>11</sat></trkpt>
  <trkpt lat="13.81038396" lon="100.54234915"><ele>-25.463</ele><time>2025-01-19T02:45:24.999Z</time><speed>3.831</speed><sat>13</sat></trkpt>
  <trkpt lat="13.81041874" lon="100.54236280"><ele>-25.335</ele><time>2025-01-19T02:45:25.999Z</time><speed>3.927</speed><sat>11</sat></trkpt>
  <trkpt lat="13.81045254" lon="100.54237906"><ele>-25.138</ele><time>2025-01-19T02:45:26.999Z</time><speed>3.852</speed><sat>10</sat></trkpt>
  <trkpt lat="13.81048293" lon="100.54239822"><ele>-25.128</ele><time>2025-01-19T02:45:27.999Z</time><speed>3.953</speed><sat>13</sat></trkpt>
  <trkpt lat="13.81051448" lon="100.54241549"><ele>-24.806</ele><time>2025-01-19T02:45:28.999Z</time><speed>3.944</speed><sat>10</sat></trkpt>
  <trkpt lat="13.81054695" lon="100.54243153"><ele>-24.760</ele><time>2025-01-19T02:45:29.999Z</time><speed>3.992</speed><sat>11</sat></trkpt>
  <trkpt lat="13.81057630" lon="100.54244432"><ele>-24.691</ele><time>2025-01-19T02:45:30.999Z</time><speed>4.083</speed><sat>12</sat></trkpt>
  <trkpt lat="13.81060859" lon="100.54245502"><ele>-24.737</ele><time>2025-01-19T02:45:31.999Z</time><speed>3.974</speed><sat>13</sat></trkpt>
  <trkpt lat="13.81064372" lon="100.54246991"><ele>-24.747</ele><time>2025-01-19T02:45:32.999Z</time><speed>4.073</speed><sat>15</sat></trkpt>
  <trkpt lat="13.81068016" lon="100.54248686"><ele>-24.738</ele><time>2025-01-19T02:45:33.999Z</time><speed>3.969</speed><sat>14</sat></trkpt>
  <trkpt lat="13.81071770" lon="100.54250370"><ele>-25.228</ele><time>2025-01-19T02:45:34.999Z</time><speed>4.039</speed><sat>13</sat></trkpt>
  <trkpt lat="13.81075310" lon="100.54252020"><ele>-25.484</ele><time>2025-01-19T02:45:35.999Z</time><speed>3.983</speed><sat>12</sat></trkpt>
  <trkpt lat="13.81079044" lon="100.54253919"><ele>-25.632</ele><time>2025-01-19T02:45:36.999Z</time><speed>3.962</speed><sat>12</sat></trkpt>
  <trkpt lat="13.81082695" lon="100.54255782"><ele>-25.895</ele><time>2025-01-19T02:45:37.999Z</time><speed>3.940</speed><sat>16</sat></trkpt>
  <trkpt lat="13.81085634" lon="100.54258087"><ele>-25.976</ele><time>2025-01-19T02:45:38.999Z</time><speed>3.974</speed><sat>15</sat></trkpt>
  <trkpt lat="13.81089760" lon="100.54260096"><ele>-26.129</ele><time>2025-01-19T02:45:39.999Z</time><speed>4.089</speed><sat>14</sat></trkpt>
  <trkpt lat="13.81093420" lon="100.54262259"><ele>-26.090</ele><time>2025-01-19T02:45:40.999Z</time><speed>4.006</speed><sat>14</sat></trkpt>
  <trkpt lat="13.81096188" lon="100.54264119"><ele>-26.075</ele><time>2025-01-19T02:45:41.999Z</time><speed>3.912</speed><sat>16</sat></trkpt>
  <trkpt lat="13.81098948" lon="100.54265918"><ele>-26.014</ele><time>2025-01-19T02:45:42.999Z</time><speed>3.839</speed><sat>15</sat></trkpt>
  <trkpt lat="13.81102395" lon="100.54267673"><ele>-25.808</ele><time>2025-01-19T02:45:43.999Z</time><speed>3.876</speed><sat>17</sat></trkpt>
  <trkpt lat="13.81105096" lon="100.54268817"><ele>-25.807</ele><time>2025-01-19T02:45:44.999Z</time><speed>3.902</speed><sat>15</sat></trkpt>
  <trkpt lat="13.81107558" lon="100.54269744"><ele>-26.097</ele><time>2025-01-19T02:45:45.999Z</time><speed>3.997</speed><sat>16</sat></trkpt>
  <trkpt lat="13.81110748" lon="100.54271075"><ele>-26.222</ele><time>2025-01-19T02:45:46.999Z</time><speed>4.054</speed><sat>15</sat></trkpt>
  <trkpt lat="13.81114491" lon="100.54272639"><ele>-24.812</ele><time>2025-01-19T02:45:47.999Z</time><speed>4.447</speed><sat>15</sat></trkpt>
  <trkpt lat="13.81117952" lon="100.54273977"><ele>-24.833</ele><time>2025-01-19T02:45:48.999Z</time><speed>4.595</speed><sat>15</sat></trkpt>
  <trkpt lat="13.81121951" lon="100.54275691"><ele>-24.682</ele><time>2025-01-19T02:45:49.999Z</time><speed>4.354</speed><sat>16</sat></trkpt>
  <trkpt lat="13.81125974" lon="100.54277409"><ele>-24.591</ele><time>2025-01-19T02:45:50.999Z</time><speed>4.427</speed><sat>15</sat></trkpt>
  <trkpt lat="13.81130020" lon="100.54278823"><ele>-24.420</ele><time>2025-01-19T02:45:51.999Z</time><speed>4.764</speed><sat>14</sat></trkpt>
  <trkpt lat="13.81134103" lon="100.54280332"><ele>-23.965</ele><time>2025-01-19T02:45:52.999Z</time><speed>4.876</speed><sat>14</sat></trkpt>
  <trkpt lat="13.81138906" lon="100.54282537"><ele>-25.111</ele><time>2025-01-19T02:45:53.999Z</time><speed>5.754</speed><sat>13</sat></trkpt>
  <trkpt lat="13.81143884" lon="100.54284452"><ele>-25.014</ele><time>2025-01-19T02:45:54.999Z</time><speed>5.769</speed><sat>12</sat></trkpt>
  <trkpt lat="13.81149240" lon="100.54286643"><ele>-24.618</ele><time>2025-01-19T02:45:55.999Z</time><speed>6.275</speed><sat>11</sat></trkpt>
  <trkpt lat="13.81154722" lon="100.54288580"><ele>-24.354</ele><time>2025-01-19T02:45:56.999Z</time><speed>6.607</speed><sat>11</sat></trkpt>
  <trkpt lat="13.81160317" lon="100.54290772"><ele>-24.410</ele><time>2025-01-19T02:45:57.999Z</time><speed>6.652</speed><sat>12</sat></trkpt>
  <trkpt lat="13.81165842" lon="100.54292812"><ele>-24.344</ele><time>2025-01-19T02:45:58.999Z</time><speed>6.787</speed><sat>10</sat></trkpt>
  <trkpt lat="13.81172581" lon="100.54295311"><ele>-24.253</ele><time>2025-01-19T02:45:59.999Z</time><speed>6.862</speed><sat>12</sat></trkpt>
  <trkpt lat="13.81179305" lon="100.54297738"><ele>-24.770</ele><time>2025-01-19T02:46:00.999Z</time><speed>7.321</speed><sat>12</sat></trkpt>
  <trkpt lat="13.81186338" lon="100.54300782"><ele>-24.504</ele><time>2025-01-19T02:46:01.999Z</time><speed>7.559</speed><sat>13</sat></trkpt>
  <trkpt lat="13.81193253" lon="100.54303628"><ele>-24.337</ele><time>2025-01-19T02:46:02.999Z</time><speed>7.767</speed><sat>14</sat></trkpt>
  <trkpt lat="13.81200369" lon="100.54306689"><ele>-24.513</ele><time>2025-01-19T02:46:03.999Z</time><speed>7.931</speed><sat>13</sat></trkpt>
  <trkpt lat="13.81207251" lon="100.54309411"><ele>-24.654</ele><time>2025-01-19T02:46:04.999Z</time><speed>7.949</speed><sat>13</sat></trkpt>
  <trkpt lat="13.81214290" lon="100.54312375"><ele>-24.711</ele><time>2025-01-19T02:46:05.999Z</time><speed>8.083</speed><sat>12</sat></trkpt>
  <trkpt lat="13.81221915" lon="100.54315686"><ele>-25.073</ele><time>2025-01-19T02:46:06.999Z</time><speed>8.467</speed><sat>12</sat></trkpt>
  <trkpt lat="13.81229325" lon="100.54318738"><ele>-24.971</ele><time>2025-01-19T02:46:07.999Z</time><speed>8.681</speed><sat>11</sat></trkpt>
  <trkpt lat="13.81236968" lon="100.54321861"><ele>-24.877</ele><time>2025-01-19T02:46:08.999Z</time><speed>8.868</speed><sat>11</sat></trkpt>
  <trkpt lat="13.81244589" lon="100.54324976"><ele>-25.050</ele><time>2025-01-19T02:46:09.999Z</time><speed>9.039</speed><sat>12</sat></trkpt>
  <trkpt lat="13.81252055" lon="100.54327888"><ele>-25.244</ele><time>2025-01-19T02:46:10.999Z</time><speed>9.381</speed><sat>13</sat></trkpt>
  <trkpt lat="13.81260181" lon="100.54331421"><ele>-25.298</ele><time>2025-01-19T02:46:11.999Z</time><speed>9.586</speed><sat>13</sat></trkpt>
  <trkpt lat="13.81268583" lon="100.54334707"><ele>-25.417</ele><time>2025-01-19T02:46:12.999Z</time><speed>9.787</speed><sat>13</sat></trkpt>
  <trkpt lat="13.81277197" lon="100.54338218"><ele>-25.332</ele><time>2025-01-19T02:46:13.999Z</time><speed>10.083</speed><sat>13</sat></trkpt>
  <trkpt lat="13.81286182" lon="100.54341723"><ele>-25.564</ele><time>2025-01-19T02:46:14.999Z</time><speed>10.292</speed><sat>16</sat></trkpt>
  <trkpt lat="13.81294911" lon="100.54345303"><ele>-25.522</ele><time>2025-01-19T02:46:15.999Z</time><speed>10.524</speed><sat>15</sat></trkpt>
  <trkpt lat="13.81303864" lon="100.54348845"><ele>-25.423</ele><time>2025-01-19T02:46:16.999Z</time><speed>10.641</speed><sat>15</sat></trkpt>
  <trkpt lat="13.81312980" lon="100.54352455"><ele>-25.608</ele><time>2025-01-19T02:46:17.999Z</time><speed>10.819</speed><sat>14</sat></trkpt>
  <trkpt lat="13.81322234" lon="100.54356107"><ele>-25.712</ele><time>2025-01-19T02:46:18.999Z</time><speed>11.103</speed><sat>12</sat></trkpt>
  <trkpt lat="13.81331530" lon="100.54359955"><ele>-25.717</ele><time>2025-01-19T02:46:19.999Z</time><speed>11.267</speed><sat>13</sat></trkpt>
  <trkpt lat="13.81341289" lon="100.54363836"><ele>-25.625</ele><time>2025-01-19T02:46:20.999Z</time><speed>11.316</speed><sat>14</sat></trkpt>
  <trkpt lat="13.81351147" lon="100.54367506"><ele>-25.700</ele><time>2025-01-19T02:46:21.999Z</time><speed>11.359</speed><sat>13</sat></trkpt>
  <trkpt lat="13.81360793" lon="100.54371207"><ele>-25.656</ele><time>2025-01-19T02:46:22.999Z</time><speed>11.329</speed><sat>14</sat></trkpt>
  <trkpt lat="13.81370549" lon="100.54374787"><ele>-25.674</ele><time>2025-01-19T02:46:23.999Z</time><speed>11.349</speed><sat>13</sat></trkpt>
  <trkpt lat="13.81380302" lon="100.54378319"><ele>-25.684</ele><time>2025-01-19T02:46:24.999Z</time><speed>11.263</speed><sat>14</sat></trkpt>
  <trkpt lat="13.81389422" lon="100.54381730"><ele>-25.654</ele><time>2025-01-19T02:46:25.999Z</time><speed>11.192</speed><sat>12</sat></trkpt>
  <trkpt lat="13.81398584" lon="100.54385061"><ele>-25.899</ele><time>2025-01-19T02:46:26.999Z</time><speed>11.019</speed><sat>12</sat></trkpt>
  <trkpt lat="13.81407382" lon="100.54388185"><ele>-26.104</ele><time>2025-01-19T02:46:27.999Z</time><speed>10.564</speed><sat>10</sat></trkpt>
  <trkpt lat="13.81415775" lon="100.54391386"><ele>-26.459</ele><time>2025-01-19T02:46:28.999Z</time><speed>10.188</speed><sat>9</sat></trkpt>
  <trkpt lat="13.81423747" lon="100.54393956"><ele>-26.788</ele><time>2025-01-19T02:46:29.999Z</time><speed>10.138</speed><sat>9</sat></trkpt>
  <trkpt lat="13.81431961" lon="100.54396829"><ele>-27.209</ele><time>2025-01-19T02:46:30.999Z</time><speed>10.032</speed><sat>10</sat></trkpt>
  <trkpt lat="13.81440709" lon="100.54399621"><ele>-27.489</ele><time>2025-01-19T02:46:31.999Z</time><speed>9.969</speed><sat>11</sat></trkpt>
  <trkpt lat="13.81449732" lon="100.54402296"><ele>-27.509</ele><time>2025-01-19T02:46:32.999Z</time><speed>9.961</speed><sat>8</sat></trkpt>
  <trkpt lat="13.81458599" lon="100.54404736"><ele>-26.967</ele><time>2025-01-19T02:46:33.999Z</time><speed>9.548</speed><sat>10</sat></trkpt>
  <trkpt lat="13.81466374" lon="100.54406879"><ele>-26.789</ele><time>2025-01-19T02:46:34.999Z</time><speed>9.206</speed><sat>10</sat></trkpt>
  <trkpt lat="13.81473712" lon="100.54409020"><ele>-26.852</ele><time>2025-01-19T02:46:35.999Z</time><speed>8.872</speed><sat>10</sat></trkpt>
  <trkpt lat="13.81481218" lon="100.54411401"><ele>-26.702</ele><time>2025-01-19T02:46:36.999Z</time><speed>8.658</speed><sat>10</sat></trkpt>
  <trkpt lat="13.81488047" lon="100.54413356"><ele>-26.443</ele><time>2025-01-19T02:46:37.999Z</time><speed>8.552</speed><sat>8</sat></trkpt>
  <trkpt lat="13.81495246" lon="100.54415963"><ele>-26.325</ele><time>2025-01-19T02:46:38.999Z</time><speed>8.298</speed><sat>6</sat></trkpt>
  <trkpt lat="13.81502510" lon="100.54419008"><ele>-26.284</ele><time>2025-01-19T02:46:39.999Z</time><speed>8.176</speed><sat>8</sat></trkpt>
  <trkpt lat="13.81508901" lon="100.54421350"><ele>-26.176</ele><time>2025-01-19T02:46:40.999Z</time><speed>7.798</speed><sat>7</sat></trkpt>
  <trkpt lat="13.81515765" lon="100.54423410"><ele>-25.516</ele><time>2025-01-19T02:46:41.999Z</time><speed>7.697</speed><sat>8</sat></trkpt>
  <trkpt lat="13.81521975" lon="100.54425423"><ele>-25.767</ele><time>2025-01-19T02:46:42.999Z</time><speed>7.474</speed><sat>9</sat></trkpt>
  <trkpt lat="13.81528931" lon="100.54427224"><ele>-25.878</ele><time>2025-01-19T02:46:43.999Z</time><speed>7.245</speed><sat>10</sat></trkpt>
  <trkpt lat="13.81534922" lon="100.54429112"><ele>-25.671</ele><time>2025-01-19T02:46:44.999Z</time><speed>7.195</speed><sat>10</sat></trkpt>
  <trkpt lat="13.81540770" lon="100.54430729"><ele>-25.975</ele><time>2025-01-19T02:46:45.999Z</time><speed>6.772</speed><sat>10</sat></trkpt>
  <trkpt lat="13.81546426" lon="100.54432147"><ele>-26.072</ele><time>2025-01-19T02:46:46.999Z</time><speed>6.640</speed><sat>10</sat></trkpt>
  <trkpt lat="13.81552177" lon="100.54433610"><ele>-26.284</ele><time>2025-01-19T02:46:47.999Z</time><speed>6.550</speed><sat>11</sat></trkpt>
  <trkpt lat="13.81557703" lon="100.54435142"><ele>-26.251</ele><time>2025-01-19T02:46:48.999Z</time><speed>6.572</speed><sat>10</sat></trkpt>
  <trkpt lat="13.81564115" lon="100.54437270"><ele>-26.301</ele><time>2025-01-19T02:46:49.999Z</time><speed>6.479</speed><sat>12</sat></trkpt>
  <trkpt lat="13.81570127" lon="100.54438715"><ele>-25.391</ele><time>2025-01-19T02:46:50.999Z</time><speed>6.456</speed><sat>13</sat></trkpt>
  <trkpt lat="13.81576349" lon="100.54440299"><ele>-24.747</ele><time>2025-01-19T02:46:51.999Z</time><speed>6.592</speed><sat>11</sat></trkpt>
  <trkpt lat="13.81580933" lon="100.54442153"><ele>-25.350</ele><time>2025-01-19T02:46:52.999Z</time><speed>6.505</speed><sat>12</sat></trkpt>
  <trkpt lat="13.81586584" lon="100.54443955"><ele>-24.882</ele><time>2025-01-19T02:46:53.999Z</time><speed>6.312</speed><sat>11</sat></trkpt>
  <trkpt lat="13.81591835" lon="100.54446045"><ele>-24.690</ele><time>2025-01-19T02:46:54.999Z</time><speed>6.146</speed><sat>14</sat></trkpt>
  <trkpt lat="13.81596878" lon="100.54447894"><ele>-24.612</ele><time>2025-01-19T02:46:55.999Z</time><speed>6.008</speed><sat>13</sat></trkpt>
  <trkpt lat="13.81601763" lon="100.54449940"><ele>-24.458</ele><time>2025-01-19T02:46:56.999Z</time><speed>5.936</speed><sat>11</sat></trkpt>
  <trkpt lat="13.81606562" lon="100.54452005"><ele>-24.783</ele><time>2025-01-19T02:46:57.999Z</time><speed>5.837</speed><sat>12</sat></trkpt>
  <trkpt lat="13.81611386" lon="100.54454169"><ele>-24.963</ele><time>2025-01-19T02:46:58.999Z</time><speed>5.825</speed><sat>11</sat></trkpt>
  <trkpt lat="13.81615677" lon="100.54456098"><ele>-25.197</ele><time>2025-01-19T02:46:59.999Z</time><speed>5.502</speed><sat>11</sat></trkpt>
  <trkpt lat="13.81621144" lon="100.54458014"><ele>-24.755</ele><time>2025-01-19T02:47:00.999Z</time><speed>5.361</speed><sat>11</sat></trkpt>
  <trkpt lat="13.81624634" lon="100.54459338"><ele>-24.663</ele><time>2025-01-19T02:47:01.999Z</time><speed>4.864</speed><sat>11</sat></trkpt>
  <trkpt lat="13.81628415" lon="100.54460794"><ele>-24.858</ele><time>2025-01-19T02:47:02.999Z</time><speed>4.723</speed><sat>11</sat></trkpt>
  <trkpt lat="13.81630444" lon="100.54461993"><ele>-25.533</ele><time>2025-01-19T02:47:03.999Z</time><speed>4.267</speed><sat>10</sat></trkpt>
  <trkpt lat="13.81633620" lon="100.54463245"><ele>-25.688</ele><time>2025-01-19T02:47:04.999Z</time><speed>3.995</speed><sat>9</sat></trkpt>
  <trkpt lat="13.81636717" lon="100.54464387"><ele>-25.452</ele><time>2025-01-19T02:47:05.999Z</time><speed>3.958</speed><sat>10</sat></trkpt>
  <trkpt lat="13.81640103" lon="100.54465791"><ele>-25.618</ele><time>2025-01-19T02:47:06.999Z</time><speed>3.746</speed><sat>10</sat></trkpt>
  <trkpt lat="13.81642989" lon="100.54466821"><ele>-25.622</ele><time>2025-01-19T02:47:07.999Z</time><speed>3.461</speed><sat>9</sat></trkpt>
  <trkpt lat="13.81645731" lon="100.54467934"><ele>-25.820</ele><time>2025-01-19T02:47:08.999Z</time><speed>3.259</speed><sat>9</sat></trkpt>
  <trkpt lat="13.81648414" lon="100.54468688"><ele>-25.998</ele><time>2025-01-19T02:47:09.999Z</time><speed>3.350</speed><sat>8</sat></trkpt>
  <trkpt lat="13.81650818" lon="100.54469339"><ele>-25.630</ele><time>2025-01-19T02:47:10.999Z</time><speed>3.205</speed><sat>8</sat></trkpt>
  <trkpt lat="13.81653544" lon="100.54470065"><ele>-25.594</ele><time>2025-01-19T02:47:11.999Z</time><speed>3.384</speed><sat>7</sat></trkpt>
  <trkpt lat="13.81656703" lon="100.54471196"><ele>-25.747</ele><time>2025-01-19T02:47:12.999Z</time><speed>3.540</speed><sat>7</sat></trkpt>
  <trkpt lat="13.81659541" lon="100.54471612"><ele>-25.744</ele><time>2025-01-19T02:47:13.999Z</time><speed>3.538</speed><sat>8</sat></trkpt>
  <trkpt lat="13.81662212" lon="100.54471642"><ele>-25.325</ele><time>2025-01-19T02:47:14.999Z</time><speed>3.458</speed><sat>8</sat></trkpt>
  <trkpt lat="13.81665956" lon="100.54473021"><ele>-25.118</ele><time>2025-01-19T02:47:15.999Z</time><speed>3.524</speed><sat>7</sat></trkpt>
  <trkpt lat="13.81670083" lon="100.54474061"><ele>-24.591</ele><time>2025-01-19T02:47:16.999Z</time><speed>3.745</speed><sat>7</sat></trkpt>
  <trkpt lat="13.81674684" lon="100.54475761"><ele>-24.311</ele><time>2025-01-19T02:47:17.999Z</time><speed>3.715</speed><sat>7</sat></trkpt>
  <trkpt lat="13.81679255" lon="100.54477573"><ele>-24.055</ele><time>2025-01-19T02:47:18.999Z</time><speed>3.763</speed><sat>8</sat></trkpt>
  <trkpt lat="13.81683100" lon="100.54478918"><ele>-23.852</ele><time>2025-01-19T02:47:19.999Z</time><speed>3.886</speed><sat>10</sat></trkpt>
  <trkpt lat="13.81686239" lon="100.54479292"><ele>-23.477</ele><time>2025-01-19T02:47:20.999Z</time><speed>3.855</speed><sat>14</sat></trkpt>
  <trkpt lat="13.81689724" lon="100.54479423"><ele>-23.007</ele><time>2025-01-19T02:47:21.999Z</time><speed>3.871</speed><sat>16</sat></trkpt>
  <trkpt lat="13.81692892" lon="100.54480825"><ele>-23.911</ele><time>2025-01-19T02:47:22.999Z</time><speed>3.818</speed><sat>15</sat></trkpt>
  <trkpt lat="13.81695298" lon="100.54482103"><ele>-23.077</ele><time>2025-01-19T02:47:23.999Z</time><speed>3.835</speed><sat>15</sat></trkpt>
  <trkpt lat="13.81698887" lon="100.54483006"><ele>-23.064</ele><time>2025-01-19T02:47:24.999Z</time><speed>3.853</speed><sat>15</sat></trkpt>
  <trkpt lat="13.81702601" lon="100.54483722"><ele>-22.833</ele><time>2025-01-19T02:47:25.999Z</time><speed>3.807</speed><sat>16</sat></trkpt>
  <trkpt lat="13.81706215" lon="100.54484505"><ele>-22.785</ele><time>2025-01-19T02:47:26.999Z</time><speed>3.814</speed><sat>16</sat></trkpt>
  <trkpt lat="13.81709754" lon="100.54485585"><ele>-22.678</ele><time>2025-01-19T02:47:27.999Z</time><speed>3.824</speed><sat>17</sat></trkpt>
  <trkpt lat="13.81712901" lon="100.54486568"><ele>-22.936</ele><time>2025-01-19T02:47:28.999Z</time><speed>3.910</speed><sat>18</sat></trkpt>
  <trkpt lat="13.81716564" lon="100.54488153"><ele>-23.042</ele><time>2025-01-19T02:47:29.999Z</time><speed>3.908</speed><sat>19</sat></trkpt>
  <trkpt lat="13.81718847" lon="100.54489726"><ele>-22.680</ele><time>2025-01-19T02:47:30.999Z</time><speed>4.029</speed><sat>18</sat></trkpt>
  <trkpt lat="13.81721585" lon="100.54491073"><ele>-22.849</ele><time>2025-01-19T02:47:31.999Z</time><speed>4.074</speed><sat>17</sat></trkpt>
  <trkpt lat="13.81724271" lon="100.54492129"><ele>-22.598</ele><time>2025-01-19T02:47:32.999Z</time><speed>4.034</speed><sat>18</sat></trkpt>
  <trkpt lat="13.81727781" lon="100.54493078"><ele>-22.840</ele><time>2025-01-19T02:47:33.999Z</time><speed>4.018</speed><sat>19</sat></trkpt>
  <trkpt lat="13.81730719" lon="100.54494317"><ele>-22.996</ele><time>2025-01-19T02:47:34.999Z</time><speed>3.905</speed><sat>17</sat></trkpt>
  <trkpt lat="13.81733696" lon="100.54495648"><ele>-23.148</ele><time>2025-01-19T02:47:35.999Z</time><speed>3.918</speed><sat>16</sat></trkpt>
  <trkpt lat="13.81736975" lon="100.54496865"><ele>-23.178</ele><time>2025-01-19T02:47:36.999Z</time><speed>3.858</speed><sat>17</sat></trkpt>
  <trkpt lat="13.81740381" lon="100.54497977"><ele>-23.278</ele><time>2025-01-19T02:47:37.999Z</time><speed>3.903</speed><sat>15</sat></trkpt>
  <trkpt lat="13.81743557" lon="100.54498919"><ele>-23.529</ele><time>2025-01-19T02:47:38.999Z</time><speed>3.943</speed><sat>14</sat></trkpt>
  <trkpt lat="13.81746802" lon="100.54499754"><ele>-23.698</ele><time>2025-01-19T02:47:39.999Z</time><speed>3.897</speed><sat>13</sat></trkpt>
  <trkpt lat="13.81750400" lon="100.54500421"><ele>-23.957</ele><time>2025-01-19T02:47:40.999Z</time><speed>3.965</speed><sat>14</sat></trkpt>
  <trkpt lat="13.81753877" lon="100.54500929"><ele>-24.110</ele><time>2025-01-19T02:47:41.999Z</time><speed>3.923</speed><sat>13</sat></trkpt>
  <trkpt lat="13.81757363" lon="100.54501737"><ele>-24.227</ele><time>2025-01-19T02:47:42.999Z</time><speed>3.862</speed><sat>13</sat></trkpt>
  <trkpt lat="13.81760671" lon="100.54502524"><ele>-24.231</ele><time>2025-01-19T02:47:43.999Z</time><speed>3.769</speed><sat>10</sat></trkpt>
  <trkpt lat="13.81764153" lon="100.54503205"><ele>-24.321</ele><time>2025-01-19T02:47:44.999Z</time><speed>3.814</speed><sat>10</sat></trkpt>
  <trkpt lat="13.81767630" lon="100.54503973"><ele>-24.451</ele><time>2025-01-19T02:47:45.999Z</time><speed>3.965</speed><sat>11</sat></trkpt>
  <trkpt lat="13.81771158" lon="100.54504644"><ele>-24.526</ele><time>2025-01-19T02:47:46.999Z</time><speed>4.025</speed><sat>11</sat></trkpt>
  <trkpt lat="13.81774819" lon="100.54505394"><ele>-24.685</ele><time>2025-01-19T02:47:47.999Z</time><speed>3.895</speed><sat>9</sat></trkpt>
  <trkpt lat="13.81778361" lon="100.54505970"><ele>-24.548</ele><time>2025-01-19T02:47:48.999Z</time><speed>3.977</speed><sat>7</sat></trkpt>
  <trkpt lat="13.81782193" lon="100.54506253"><ele>-24.793</ele><time>2025-01-19T02:47:49.999Z</time><speed>3.956</speed><sat>8</sat></trkpt>
  <trkpt lat="13.81785796" lon="100.54506597"><ele>-24.898</ele><time>2025-01-19T02:47:50.999Z</time><speed>3.910</speed><sat>8</sat></trkpt>
  <trkpt lat="13.81789239" lon="100.54506974"><ele>-24.786</ele><time>2025-01-19T02:47:51.999Z</time><speed>3.921</speed><sat>6</sat></trkpt>
  <trkpt lat="13.81792930" lon="100.54507307"><ele>-24.510</ele><time>2025-01-19T02:47:52.999Z</time><speed>4.094</speed><sat>6</sat></trkpt>
  <trkpt lat="13.81796541" lon="100.54507172"><ele>-24.214</ele><time>2025-01-19T02:47:53.999Z</time><speed>4.062</speed><sat>6</sat></trkpt>
  <trkpt lat="13.81800310" lon="100.54506754"><ele>-24.261</ele><time>2025-01-19T02:47:54.999Z</time><speed>3.945</speed><sat>7</sat></trkpt>
  <trkpt lat="13.81804462" lon="100.54507057"><ele>-23.963</ele><time>2025-01-19T02:47:55.999Z</time><speed>3.808</speed><sat>6</sat></trkpt>
  <trkpt lat="13.81865429" lon="100.54494538"><ele>-19.962</ele><time>2025-01-19T02:48:09.999Z</time><speed>5.218</speed><sat>12</sat></trkpt>
  <trkpt lat="13.81871196" lon="100.54491595"><ele>-20.422</ele><time>2025-01-19T02:48:10.999Z</time><speed>5.157</speed><sat>11</sat></trkpt>
  <trkpt lat="13.81876168" lon="100.54488563"><ele>-19.241</ele><time>2025-01-19T02:48:11.999Z</time><speed>5.061</speed><sat>10</sat></trkpt>
  <trkpt lat="13.81880697" lon="100.54486146"><ele>-18.594</ele><time>2025-01-19T02:48:12.999Z</time><speed>5.270</speed><sat>11</sat></trkpt>
  <trkpt lat="13.81884862" lon="100.54483626"><ele>-18.128</ele><time>2025-01-19T02:48:13.999Z</time><speed>5.245</speed><sat>11</sat></trkpt>
  <trkpt lat="13.81888724" lon="100.54481841"><ele>-18.493</ele><time>2025-01-19T02:48:14.999Z</time><speed>5.129</speed><sat>13</sat></trkpt>
  <trkpt lat="13.81892733" lon="100.54479888"><ele>-19.623</ele><time>2025-01-19T02:48:15.999Z</time><speed>5.166</speed><sat>15</sat></trkpt>
  <trkpt lat="13.81896532" lon="100.54478579"><ele>-20.096</ele><time>2025-01-19T02:48:16.999Z</time><speed>5.133</speed><sat>14</sat></trkpt>
  <trkpt lat="13.81897542" lon="100.54478829"><ele>-23.386</ele><time>2025-01-19T02:48:17.999Z</time><speed>5.193</speed><sat>14</sat></trkpt>
  <trkpt lat="13.81900600" lon="100.54477855"><ele>-23.908</ele><time>2025-01-19T02:48:18.999Z</time><speed>5.213</speed><sat>15</sat></trkpt>
  <trkpt lat="13.81904197" lon="100.54476152"><ele>-24.311</ele><time>2025-01-19T02:48:19.999Z</time><speed>5.238</speed><sat>16</sat></trkpt>
  <trkpt lat="13.81907869" lon="100.54474714"><ele>-24.312</ele><time>2025-01-19T02:48:20.999Z</time><speed>5.273</speed><sat>15</sat></trkpt>
  <trkpt lat="13.81911232" lon="100.54473186"><ele>-28.089</ele><time>2025-01-19T02:48:21.999Z</time><speed>4.913</speed><sat>16</sat></trkpt>
  <trkpt lat="13.81914956" lon="100.54471362"><ele>-28.750</ele><time>2025-01-19T02:48:22.999Z</time><speed>4.938</speed><sat>15</sat></trkpt>
  <trkpt lat="13.81918587" lon="100.54469495"><ele>-28.234</ele><time>2025-01-19T02:48:23.999Z</time><speed>5.269</speed><sat>15</sat></trkpt>
  <trkpt lat="13.81921865" lon="100.54467395"><ele>-28.590</ele><time>2025-01-19T02:48:24.999Z</time><speed>5.241</speed><sat>13</sat></trkpt>
  <trkpt lat="13.81925735" lon="100.54465288"><ele>-28.698</ele><time>2025-01-19T02:48:25.999Z</time><speed>5.220</speed><sat>13</sat></trkpt>
  <trkpt lat="13.81929292" lon="100.54462999"><ele>-28.711</ele><time>2025-01-19T02:48:26.999Z</time><speed>5.298</speed><sat>14</sat></trkpt>
  <trkpt lat="13.81933439" lon="100.54460185"><ele>-28.012</ele><time>2025-01-19T02:48:27.999Z</time><speed>5.383</speed><sat>14</sat></trkpt>
  <trkpt lat="13.81937984" lon="100.54457451"><ele>-27.989</ele><time>2025-01-19T02:48:28.999Z</time><speed>5.259</speed><sat>13</sat></trkpt>
  <trkpt lat="13.81941990" lon="100.54454952"><ele>-27.936</ele><time>2025-01-19T02:48:29.999Z</time><speed>5.332</speed><sat>14</sat></trkpt>
  <trkpt lat="13.81946135" lon="100.54452574"><ele>-28.031</ele><time>2025-01-19T02:48:30.999Z</time><speed>5.203</speed><sat>15</sat></trkpt>
  <trkpt lat="13.81949677" lon="100.54450247"><ele>-27.821</ele><time>2025-01-19T02:48:31.999Z</time><speed>5.307</speed><sat>14</sat></trkpt>
  <trkpt lat="13.81953201" lon="100.54447745"><ele>-27.768</ele><time>2025-01-19T02:48:32.999Z</time><speed>5.520</speed><sat>13</sat></trkpt>
  <trkpt lat="13.81956564" lon="100.54444612"><ele>-27.350</ele><time>2025-01-19T02:48:33.999Z</time><speed>5.575</speed><sat>14</sat></trkpt>
  <trkpt lat="13.81960964" lon="100.54440926"><ele>-27.171</ele><time>2025-01-19T02:48:34.999Z</time><speed>5.438</speed><sat>13</sat></trkpt>
  <trkpt lat="13.81965007" lon="100.54437988"><ele>-27.186</ele><time>2025-01-19T02:48:35.999Z</time><speed>5.422</speed><sat>12</sat></trkpt>
  <trkpt lat="13.81968594" lon="100.54435798"><ele>-26.715</ele><time>2025-01-19T02:48:36.999Z</time><speed>5.334</speed><sat>11</sat></trkpt>
  <trkpt lat="13.81972594" lon="100.54432699"><ele>-26.768</ele><time>2025-01-19T02:48:37.999Z</time><speed>5.523</speed><sat>13</sat></trkpt>
  <trkpt lat="13.81976430" lon="100.54429882"><ele>-26.210</ele><time>2025-01-19T02:48:38.999Z</time><speed>5.470</speed><sat>12</sat></trkpt>
  <trkpt lat="13.81981039" lon="100.54426470"><ele>-26.013</ele><time>2025-01-19T02:48:39.999Z</time><speed>5.495</speed><sat>11</sat></trkpt>
  <trkpt lat="13.81985553" lon="100.54422599"><ele>-25.872</ele><time>2025-01-19T02:48:40.999Z</time><speed>5.584</speed><sat>12</sat></trkpt>
  <trkpt lat="13.81989802" lon="100.54418734"><ele>-26.205</ele><time>2025-01-19T02:48:41.999Z</time><speed>5.732</speed><sat>16</sat></trkpt>
  <trkpt lat="13.81993622" lon="100.54414731"><ele>-26.557</ele><time>2025-01-19T02:48:42.999Z</time><speed>5.717</speed><sat>16</sat></trkpt>
  <trkpt lat="13.81997942" lon="100.54410716"><ele>-27.194</ele><time>2025-01-19T02:48:43.999Z</time><speed>5.817</speed><sat>19</sat></trkpt>
  <trkpt lat="13.82002530" lon="100.54406028"><ele>-27.344</ele><time>2025-01-19T02:48:44.999Z</time><speed>5.951</speed><sat>17</sat></trkpt>
  <trkpt lat="13.82006580" lon="100.54401683"><ele>-27.828</ele><time>2025-01-19T02:48:45.999Z</time><speed>6.051</speed><sat>17</sat></trkpt>
  <trkpt lat="13.82011168" lon="100.54397500"><ele>-27.495</ele><time>2025-01-19T02:48:46.999Z</time><speed>6.135</speed><sat>12</sat></trkpt>
  <trkpt lat="13.82014973" lon="100.54393477"><ele>-27.243</ele><time>2025-01-19T02:48:47.999Z</time><speed>6.075</speed><sat>10</sat></trkpt>
  <trkpt lat="13.82018775" lon="100.54389326"><ele>-26.735</ele><time>2025-01-19T02:48:48.999Z</time><speed>6.277</speed><sat>8</sat></trkpt>
  <trkpt lat="13.82022748" lon="100.54385105"><ele>-26.145</ele><time>2025-01-19T02:48:49.999Z</time><speed>6.202</speed><sat>6</sat></trkpt>
  <trkpt lat="13.82026608" lon="100.54380832"><ele>-25.937</ele><time>2025-01-19T02:48:50.999Z</time><speed>6.122</speed><sat>7</sat></trkpt>
  <trkpt lat="13.82030439" lon="100.54376791"><ele>-25.228</ele><time>2025-01-19T02:48:51.999Z</time><speed>6.185</speed><sat>5</sat></trkpt>
  <trkpt lat="13.82034139" lon="100.54372737"><ele>-25.257</ele><time>2025-01-19T02:48:52.999Z</time><speed>5.865</speed><sat>5</sat></trkpt>
  <trkpt lat="13.82037557" lon="100.54368325"><ele>-25.283</ele><time>2025-01-19T02:48:53.999Z</time><speed>6.142</speed><sat>5</sat></trkpt>
  <trkpt lat="13.82041162" lon="100.54363859"><ele>-25.374</ele><time>2025-01-19T02:48:54.999Z</time><speed>6.322</speed><sat>5</sat></trkpt>
  <trkpt lat="13.82044913" lon="100.54359441"><ele>-25.426</ele><time>2025-01-19T02:48:55.999Z</time><speed>6.322</speed><sat>4</sat></trkpt>
  <trkpt lat="13.82048492" lon="100.54354935"><ele>-25.180</ele><time>2025-01-19T02:48:56.999Z</time><speed>6.272</speed><sat>4</sat></trkpt>
  <trkpt lat="13.82052082" lon="100.54350730"><ele>-25.057</ele><time>2025-01-19T02:48:57.999Z</time><speed>6.097</speed><sat>8</sat></trkpt>
  <trkpt lat="13.82055738" lon="100.54346035"><ele>-24.461</ele><time>2025-01-19T02:48:58.999Z</time><speed>6.045</speed><sat>9</sat></trkpt>
  <trkpt lat="13.82058050" lon="100.54342020"><ele>-24.316</ele><time>2025-01-19T02:48:59.999Z</time><speed>5.829</speed><sat>10</sat></trkpt>
  <trkpt lat="13.82060806" lon="100.54337219"><ele>-23.530</ele><time>2025-01-19T02:49:00.999Z</time><speed>5.888</speed><sat>9</sat></trkpt>
  <trkpt lat="13.82063499" lon="100.54332449"><ele>-23.586</ele><time>2025-01-19T02:49:01.999Z</time><speed>5.728</speed><sat>9</sat></trkpt>
  <trkpt lat="13.82065752" lon="100.54327557"><ele>-23.789</ele><time>2025-01-19T02:49:02.999Z</time><speed>5.757</speed><sat>7</sat></trkpt>
  <trkpt lat="13.82068439" lon="100.54322601"><ele>-23.112</ele><time>2025-01-19T02:49:03.999Z</time><speed>5.925</speed><sat>5</sat></trkpt>
  <trkpt lat="13.82071087" lon="100.54317526"><ele>-22.521</ele><time>2025-01-19T02:49:04.999Z</time><speed>6.018</speed><sat>6</sat></trkpt>
  <trkpt lat="13.82088003" lon="100.54283239"><ele>-20.325</ele><time>2025-01-19T02:49:11.999Z</time><speed>5.843</speed><sat>6</sat></trkpt>
  <trkpt lat="13.82091091" lon="100.54276968"><ele>-21.009</ele><time>2025-01-19T02:49:12.999Z</time><speed>6.141</speed><sat>8</sat></trkpt>
  <trkpt lat="13.82094052" lon="100.54269421"><ele>-19.522</ele><time>2025-01-19T02:49:13.999Z</time><speed>6.525</speed><sat>10</sat></trkpt>
  <trkpt lat="13.82097179" lon="100.54263237"><ele>-19.089</ele><time>2025-01-19T02:49:14.999Z</time><speed>6.864</speed><sat>10</sat></trkpt>
  <trkpt lat="13.82100209" lon="100.54255482"><ele>-18.929</ele><time>2025-01-19T02:49:15.999Z</time><speed>6.656</speed><sat>11</sat></trkpt>
  <trkpt lat="13.82103035" lon="100.54248132"><ele>-18.323</ele><time>2025-01-19T02:49:16.999Z</time><speed>6.404</speed><sat>10</sat></trkpt>
  <trkpt lat="13.82104665" lon="100.54243199"><ele>-18.463</ele><time>2025-01-19T02:49:17.999Z</time><speed>6.203</speed><sat>6</sat></trkpt>
  <trkpt lat="13.82106302" lon="100.54237763"><ele>-19.118</ele><time>2025-01-19T02:49:18.999Z</time><speed>6.081</speed><sat>7</sat></trkpt>
  <trkpt lat="13.82108291" lon="100.54232415"><ele>-19.524</ele><time>2025-01-19T02:49:19.999Z</time><speed>6.084</speed><sat>6</sat></trkpt>
  <trkpt lat="13.82130558" lon="100.54034732"><ele>-21.622</ele><time>2025-01-19T02:49:52.999Z</time><speed>6.972</speed><sat>4</sat></trkpt>
  <trkpt lat="13.82131021" lon="100.54027865"><ele>-21.567</ele><time>2025-01-19T02:49:53.999Z</time><speed>7.125</speed><sat>4</sat></trkpt>
  <trkpt lat="13.82131401" lon="100.54021277"><ele>-21.220</ele><time>2025-01-19T02:49:54.999Z</time><speed>6.868</speed><sat>4</sat></trkpt>
  <trkpt lat="13.82131993" lon="100.54015479"><ele>-21.461</ele><time>2025-01-19T02:49:55.999Z</time><speed>6.697</speed><sat>4</sat></trkpt>
  <trkpt lat="13.82132477" lon="100.54009683"><ele>-21.513</ele><time>2025-01-19T02:49:56.999Z</time><speed>6.439</speed><sat>4</sat></trkpt>
  <trkpt lat="13.82133239" lon="100.54003003"><ele>-21.671</ele><time>2025-01-19T02:49:57.999Z</time><speed>6.525</speed><sat>5</sat></trkpt>
  <trkpt lat="13.82133558" lon="100.53995892"><ele>-22.186</ele><time>2025-01-19T02:49:58.999Z</time><speed>6.525</speed><sat>4</sat></trkpt>
  <trkpt lat="13.82134422" lon="100.53981492"><ele>-22.309</ele><time>2025-01-19T02:50:00.999Z</time><speed>7.013</speed><sat>4</sat></trkpt>
  <trkpt lat="13.82135171" lon="100.53974400"><ele>-22.358</ele><time>2025-01-19T02:50:01.999Z</time><speed>7.210</speed><sat>4</sat></trkpt>
  <trkpt lat="13.82135968" lon="100.53967250"><ele>-22.365</ele><time>2025-01-19T02:50:02.999Z</time><speed>7.297</speed><sat>4</sat></trkpt>
  <trkpt lat="13.82137762" lon="100.53952459"><ele>-22.187</ele><time>2025-01-19T02:50:04.999Z</time><speed>7.355</speed><sat>4</sat></trkpt>
  <trkpt lat="13.82139439" lon="100.53908653"><ele>-19.888</ele><time>2025-01-19T02:50:10.999Z</time><speed>7.646</speed><sat>4</sat></trkpt>
  <trkpt lat="13.82140076" lon="100.53899523"><ele>-19.000</ele><time>2025-01-19T02:50:11.999Z</time><speed>8.229</speed><sat>4</sat></trkpt>
  <trkpt lat="13.82140218" lon="100.53891920"><ele>-19.191</ele><time>2025-01-19T02:50:12.999Z</time><speed>8.474</speed><sat>4</sat></trkpt>
  <trkpt lat="13.82140261" lon="100.53884001"><ele>-19.165</ele><time>2025-01-19T02:50:13.999Z</time><speed>8.462</speed><sat>5</sat></trkpt>
  <trkpt lat="13.82140259" lon="100.53876275"><ele>-19.011</ele><time>2025-01-19T02:50:14.999Z</time><speed>8.345</speed><sat>5</sat></trkpt>
  <trkpt lat="13.82140774" lon="100.53868211"><ele>-19.247</ele><time>2025-01-19T02:50:15.999Z</time><speed>8.426</speed><sat>6</sat></trkpt>
  <trkpt lat="13.82141302" lon="100.53859964"><ele>-19.619</ele><time>2025-01-19T02:50:16.999Z</time><speed>8.484</speed><sat>6</sat></trkpt>
  <trkpt lat="13.82141658" lon="100.53851624"><ele>-19.608</ele><time>2025-01-19T02:50:17.999Z</time><speed>8.484</speed><sat>4</sat></trkpt>
  <trkpt lat="13.82148926" lon="100.53814932"><ele>-19.569</ele><time>2025-01-19T02:50:21.999Z</time><speed>9.307</speed><sat>4</sat></trkpt>
  <trkpt lat="13.82152849" lon="100.53804029"><ele>-19.328</ele><time>2025-01-19T02:50:22.999Z</time><speed>9.788</speed><sat>4</sat></trkpt>
  <trkpt lat="13.82155150" lon="100.53794289"><ele>-19.147</ele><time>2025-01-19T02:50:23.999Z</time><speed>9.601</speed><sat>4</sat></trkpt>
  <trkpt lat="13.82155364" lon="100.53785541"><ele>-19.406</ele><time>2025-01-19T02:50:24.999Z</time><speed>9.534</speed><sat>5</sat></trkpt>
  <trkpt lat="13.82155653" lon="100.53776642"><ele>-18.892</ele><time>2025-01-19T02:50:25.999Z</time><speed>9.549</speed><sat>5</sat></trkpt>
  <trkpt lat="13.82156858" lon="100.53767546"><ele>-18.297</ele><time>2025-01-19T02:50:26.999Z</time><speed>9.495</speed><sat>6</sat></trkpt>
  <trkpt lat="13.82158448" lon="100.53758883"><ele>-18.495</ele><time>2025-01-19T02:50:27.999Z</time><speed>9.461</speed><sat>7</sat></trkpt>
  <trkpt lat="13.82158704" lon="100.53751854"><ele>-18.387</ele><time>2025-01-19T02:50:28.999Z</time><speed>9.325</speed><sat>9</sat></trkpt>
  <trkpt lat="13.82158450" lon="100.53743987"><ele>-18.794</ele><time>2025-01-19T02:50:29.999Z</time><speed>9.521</speed><sat>8</sat></trkpt>
  <trkpt lat="13.82158845" lon="100.53734786"><ele>-19.619</ele><time>2025-01-19T02:50:30.999Z</time><speed>9.717</speed><sat>8</sat></trkpt>
  <trkpt lat="13.82160299" lon="100.53725244"><ele>-19.784</ele><time>2025-01-19T02:50:31.999Z</time><speed>9.748</speed><sat>8</sat></trkpt>
  <trkpt lat="13.82161316" lon="100.53715865"><ele>-20.604</ele><time>2025-01-19T02:50:32.999Z</time><speed>10.043</speed><sat>9</sat></trkpt>
  <trkpt lat="13.82162880" lon="100.53706993"><ele>-19.944</ele><time>2025-01-19T02:50:33.999Z</time><speed>10.169</speed><sat>9</sat></trkpt>
  <trkpt lat="13.82163816" lon="100.53697237"><ele>-20.936</ele><time>2025-01-19T02:50:34.999Z</time><speed>10.428</speed><sat>11</sat></trkpt>
  <trkpt lat="13.82164290" lon="100.53687065"><ele>-20.649</ele><time>2025-01-19T02:50:35.999Z</time><speed>10.519</speed><sat>11</sat></trkpt>
  <trkpt lat="13.82165292" lon="100.53677456"><ele>-20.691</ele><time>2025-01-19T02:50:36.999Z</time><speed>10.055</speed><sat>10</sat></trkpt>
  <trkpt lat="13.82166327" lon="100.53668937"><ele>-20.785</ele><time>2025-01-19T02:50:37.999Z</time><speed>9.879</speed><sat>9</sat></trkpt>
  <trkpt lat="13.82165422" lon="100.53658331"><ele>-20.802</ele><time>2025-01-19T02:50:38.999Z</time><speed>9.939</speed><sat>10</sat></trkpt>
  <trkpt lat="13.82165975" lon="100.53649165"><ele>-21.659</ele><time>2025-01-19T02:50:39.999Z</time><speed>10.248</speed><sat>9</sat></trkpt>
  <trkpt lat="13.82165530" lon="100.53639867"><ele>-21.931</ele><time>2025-01-19T02:50:40.999Z</time><speed>10.329</speed><sat>10</sat></trkpt>
  <trkpt lat="13.82165497" lon="100.53630931"><ele>-21.892</ele><time>2025-01-19T02:50:41.999Z</time><speed>10.566</speed><sat>10</sat></trkpt>
  <trkpt lat="13.82166042" lon="100.53621639"><ele>-21.486</ele><time>2025-01-19T02:50:42.999Z</time><speed>10.288</speed><sat>8</sat></trkpt>
  <trkpt lat="13.82167793" lon="100.53611939"><ele>-21.477</ele><time>2025-01-19T02:50:43.999Z</time><speed>9.880</speed><sat>8</sat></trkpt>
  <trkpt lat="13.82168405" lon="100.53603582"><ele>-21.688</ele><time>2025-01-19T02:50:44.999Z</time><speed>9.594</speed><sat>9</sat></trkpt>
  <trkpt lat="13.82168680" lon="100.53596155"><ele>-21.551</ele><time>2025-01-19T02:50:45.999Z</time><speed>9.542</speed><sat>8</sat></trkpt>
  <trkpt lat="13.82169389" lon="100.53587771"><ele>-21.470</ele><time>2025-01-19T02:50:46.999Z</time><speed>9.011</speed><sat>9</sat></trkpt>
  <trkpt lat="13.82170385" lon="100.53579694"><ele>-21.072</ele><time>2025-01-19T02:50:47.999Z</time><speed>8.810</speed><sat>9</sat></trkpt>
  <trkpt lat="13.82171478" lon="100.53571960"><ele>-20.997</ele><time>2025-01-19T02:50:48.999Z</time><speed>8.577</speed><sat>10</sat></trkpt>
  <trkpt lat="13.82171407" lon="100.53563982"><ele>-20.907</ele><time>2025-01-19T02:50:49.999Z</time><speed>8.356</speed><sat>9</sat></trkpt>
  <trkpt lat="13.82172177" lon="100.53557290"><ele>-20.769</ele><time>2025-01-19T02:50:50.999Z</time><speed>8.236</speed><sat>11</sat></trkpt>
  <trkpt lat="13.82172962" lon="100.53550091"><ele>-21.289</ele><time>2025-01-19T02:50:51.999Z</time><speed>8.152</speed><sat>10</sat></trkpt>
  <trkpt lat="13.82173449" lon="100.53543578"><ele>-21.548</ele><time>2025-01-19T02:50:52.999Z</time><speed>7.856</speed><sat>9</sat></trkpt>
  <trkpt lat="13.82173813" lon="100.53536922"><ele>-21.444</ele><time>2025-01-19T02:50:53.999Z</time><speed>7.525</speed><sat>8</sat></trkpt>
  <trkpt lat="13.82174062" lon="100.53530279"><ele>-21.237</ele><time>2025-01-19T02:50:54.999Z</time><speed>7.072</speed><sat>5</sat></trkpt>
  <trkpt lat="13.82174177" lon="100.53523462"><ele>-21.471</ele><time>2025-01-19T02:50:55.999Z</time><speed>7.225</speed><sat>5</sat></trkpt>
  <trkpt lat="13.82174221" lon="100.53516657"><ele>-21.796</ele><time>2025-01-19T02:50:56.999Z</time><speed>7.002</speed><sat>6</sat></trkpt>
  <trkpt lat="13.82174599" lon="100.53510450"><ele>-21.611</ele><time>2025-01-19T02:50:57.999Z</time><speed>6.535</speed><sat>6</sat></trkpt>
  <trkpt lat="13.82175207" lon="100.53504875"><ele>-21.808</ele><time>2025-01-19T02:50:58.999Z</time><speed>6.258</speed><sat>5</sat></trkpt>
  <trkpt lat="13.82175684" lon="100.53499295"><ele>-21.884</ele><time>2025-01-19T02:50:59.999Z</time><speed>6.109</speed><sat>5</sat></trkpt>
  <trkpt lat="13.82176326" lon="100.53494066"><ele>-21.748</ele><time>2025-01-19T02:51:00.999Z</time><speed>5.644</speed><sat>5</sat></trkpt>
  <trkpt lat="13.82177395" lon="100.53489852"><ele>-22.115</ele><time>2025-01-19T02:51:01.999Z</time><speed>5.644</speed><sat>4</sat></trkpt>
  <trkpt lat="13.82178108" lon="100.53485827"><ele>-22.100</ele><time>2025-01-19T02:51:02.999Z</time><speed>4.535</speed><sat>4</sat></trkpt>
  <trkpt lat="13.82178543" lon="100.53482022"><ele>-22.134</ele><time>2025-01-19T02:51:03.999Z</time><speed>4.163</speed><sat>4</sat></trkpt>
  <trkpt lat="13.82213749" lon="100.53052093"><ele>-22.066</ele><time>2025-01-19T02:52:49.999Z</time><speed>13.743</speed><sat>8</sat></trkpt>
  <trkpt lat="13.82215766" lon="100.53039850"><ele>-21.987</ele><time>2025-01-19T02:52:50.999Z</time><speed>14.048</speed><sat>6</sat></trkpt>
  <trkpt lat="13.82218530" lon="100.53027419"><ele>-22.843</ele><time>2025-01-19T02:52:51.999Z</time><speed>14.256</speed><sat>10</sat></trkpt>
  <trkpt lat="13.82220952" lon="100.53013773"><ele>-23.317</ele><time>2025-01-19T02:52:52.999Z</time><speed>14.414</speed><sat>14</sat></trkpt>
  <trkpt lat="13.82223492" lon="100.52997832"><ele>-24.280</ele><time>2025-01-19T02:52:53.999Z</time><speed>14.500</speed><sat>13</sat></trkpt>
  <trkpt lat="13.82224724" lon="100.52983637"><ele>-24.384</ele><time>2025-01-19T02:52:54.999Z</time><speed>14.474</speed><sat>9</sat></trkpt>
  <trkpt lat="13.82225584" lon="100.52970186"><ele>-24.271</ele><time>2025-01-19T02:52:55.999Z</time><speed>14.456</speed><sat>8</sat></trkpt>
  <trkpt lat="13.82227074" lon="100.52957474"><ele>-24.119</ele><time>2025-01-19T02:52:56.999Z</time><speed>14.514</speed><sat>11</sat></trkpt>
  <trkpt lat="13.82228547" lon="100.52944453"><ele>-22.838</ele><time>2025-01-19T02:52:57.999Z</time><speed>14.676</speed><sat>12</sat></trkpt>
  <trkpt lat="13.82229528" lon="100.52931395"><ele>-22.864</ele><time>2025-01-19T02:52:58.999Z</time><speed>14.623</speed><sat>9</sat></trkpt>
  <trkpt lat="13.82231259" lon="100.52917657"><ele>-20.737</ele><time>2025-01-19T02:52:59.999Z</time><speed>14.809</speed><sat>11</sat></trkpt>
  <trkpt lat="13.82232517" lon="100.52902977"><ele>-19.637</ele><time>2025-01-19T02:53:00.999Z</time><speed>15.098</speed><sat>14</sat></trkpt>
  <trkpt lat="13.82233180" lon="100.52888902"><ele>-19.160</ele><time>2025-01-19T02:53:01.999Z</time><speed>15.379</speed><sat>11</sat></trkpt>
  <trkpt lat="13.82234017" lon="100.52874965"><ele>-19.802</ele><time>2025-01-19T02:53:02.999Z</time><speed>15.436</speed><sat>10</sat></trkpt>
  <trkpt lat="13.82234933" lon="100.52859970"><ele>-19.411</ele><time>2025-01-19T02:53:03.999Z</time><speed>15.501</speed><sat>10</sat></trkpt>
  <trkpt lat="13.82235410" lon="100.52845802"><ele>-19.093</ele><time>2025-01-19T02:53:04.999Z</time><speed>15.379</speed><sat>13</sat></trkpt>
  <trkpt lat="13.82235282" lon="100.52831083"><ele>-19.122</ele><time>2025-01-19T02:53:05.999Z</time><speed>15.485</speed><sat>13</sat></trkpt>
  <trkpt lat="13.82236068" lon="100.52817068"><ele>-17.940</ele><time>2025-01-19T02:53:06.999Z</time><speed>15.666</speed><sat>14</sat></trkpt>
  <trkpt lat="13.82235732" lon="100.52802052"><ele>-19.292</ele><time>2025-01-19T02:53:07.999Z</time><speed>15.836</speed><sat>12</sat></trkpt>
  <trkpt lat="13.82234785" lon="100.52787297"><ele>-20.652</ele><time>2025-01-19T02:53:08.999Z</time><speed>15.936</speed><sat>12</sat></trkpt>
  <trkpt lat="13.82233146" lon="100.52772295"><ele>-21.199</ele><time>2025-01-19T02:53:09.999Z</time><speed>16.076</speed><sat>10</sat></trkpt>
  <trkpt lat="13.82231128" lon="100.52756967"><ele>-21.858</ele><time>2025-01-19T02:53:10.999Z</time><speed>16.250</speed><sat>9</sat></trkpt>
  <trkpt lat="13.82228759" lon="100.52741575"><ele>-22.022</ele><time>2025-01-19T02:53:11.999Z</time><speed>16.200</speed><sat>10</sat></trkpt>
  <trkpt lat="13.82226182" lon="100.52726591"><ele>-22.478</ele><time>2025-01-19T02:53:12.999Z</time><speed>16.491</speed><sat>10</sat></trkpt>
  <trkpt lat="13.82223380" lon="100.52711396"><ele>-22.675</ele><time>2025-01-19T02:53:13.999Z</time><speed>16.542</speed><sat>10</sat></trkpt>
  <trkpt lat="13.82219832" lon="100.52696993"><ele>-23.099</ele><time>2025-01-19T02:53:14.999Z</time><speed>16.620</speed><sat>12</sat></trkpt>
  <trkpt lat="13.82216605" lon="100.52682131"><ele>-23.974</ele><time>2025-01-19T02:53:15.999Z</time><speed>16.729</speed><sat>14</sat></trkpt>
  <trkpt lat="13.82212824" lon="100.52666914"><ele>-23.760</ele><time>2025-01-19T02:53:16.999Z</time><speed>16.795</speed><sat>15</sat></trkpt>
  <trkpt lat="13.82209371" lon="100.52651818"><ele>-23.984</ele><time>2025-01-19T02:53:17.999Z</time><speed>16.742</speed><sat>17</sat></trkpt>
  <trkpt lat="13.82205518" lon="100.52636365"><ele>-24.375</ele><time>2025-01-19T02:53:18.999Z</time><speed>16.931</speed><sat>15</sat></trkpt>
  <trkpt lat="13.82201405" lon="100.52621284"><ele>-25.581</ele><time>2025-01-19T02:53:19.999Z</time><speed>16.919</speed><sat>13</sat></trkpt>
  <trkpt lat="13.82197438" lon="100.52606191"><ele>-25.552</ele><time>2025-01-19T02:53:20.999Z</time><speed>17.021</speed><sat>15</sat></trkpt>
  <trkpt lat="13.82193135" lon="100.52590201"><ele>-25.662</ele><time>2025-01-19T02:53:21.999Z</time><speed>17.074</speed><sat>14</sat></trkpt>
  <trkpt lat="13.82188668" lon="100.52574651"><ele>-25.268</ele><time>2025-01-19T02:53:22.999Z</time><speed>17.098</speed><sat>14</sat></trkpt>
  <trkpt lat="13.82183689" lon="100.52559326"><ele>-25.518</ele><time>2025-01-19T02:53:23.999Z</time><speed>17.003</speed><sat>13</sat></trkpt>
  <trkpt lat="13.82178534" lon="100.52544402"><ele>-25.476</ele><time>2025-01-19T02:53:24.999Z</time><speed>16.979</speed><sat>13</sat></trkpt>
  <trkpt lat="13.82172972" lon="100.52529978"><ele>-25.003</ele><time>2025-01-19T02:53:25.999Z</time><speed>17.119</speed><sat>13</sat></trkpt>
  <trkpt lat="13.82166445" lon="100.52515433"><ele>-24.866</ele><time>2025-01-19T02:53:26.999Z</time><speed>17.172</speed><sat>15</sat></trkpt>
  <trkpt lat="13.82160402" lon="100.52500523"><ele>-23.945</ele><time>2025-01-19T02:53:27.999Z</time><speed>17.392</speed><sat>16</sat></trkpt>
  <trkpt lat="13.82153551" lon="100.52485833"><ele>-23.167</ele><time>2025-01-19T02:53:28.999Z</time><speed>17.161</speed><sat>16</sat></trkpt>
  <trkpt lat="13.82146483" lon="100.52470965"><ele>-23.146</ele><time>2025-01-19T02:53:29.999Z</time><speed>17.388</speed><sat>17</sat></trkpt>
  <trkpt lat="13.82139114" lon="100.52456115"><ele>-22.916</ele><time>2025-01-19T02:53:30.999Z</time><speed>17.613</speed><sat>14</sat></trkpt>
  <trkpt lat="13.82131254" lon="100.52441341"><ele>-23.102</ele><time>2025-01-19T02:53:31.999Z</time><speed>17.634</speed><sat>16</sat></trkpt>
  <trkpt lat="13.82123753" lon="100.52427103"><ele>-22.195</ele><time>2025-01-19T02:53:32.999Z</time><speed>17.776</speed><sat>13</sat></trkpt>
  <trkpt lat="13.82115440" lon="100.52412523"><ele>-21.901</ele><time>2025-01-19T02:53:33.999Z</time><speed>18.179</speed><sat>14</sat></trkpt>
  <trkpt lat="13.82106624" lon="100.52397618"><ele>-20.912</ele><time>2025-01-19T02:53:34.999Z</time><speed>18.129</speed><sat>13</sat></trkpt>
  <trkpt lat="13.82098201" lon="100.52382186"><ele>-21.090</ele><time>2025-01-19T02:53:35.999Z</time><speed>18.219</speed><sat>13</sat></trkpt>
  <trkpt lat="13.82088740" lon="100.52367620"><ele>-21.183</ele><time>2025-01-19T02:53:36.999Z</time><speed>18.373</speed><sat>13</sat></trkpt>
  <trkpt lat="13.82079489" lon="100.52353216"><ele>-21.036</ele><time>2025-01-19T02:53:37.999Z</time><speed>18.477</speed><sat>13</sat></trkpt>
  <trkpt lat="13.82069875" lon="100.52338963"><ele>-21.095</ele><time>2025-01-19T02:53:38.999Z</time><speed>18.654</speed><sat>12</sat></trkpt>
  <trkpt lat="13.82059926" lon="100.52324682"><ele>-21.465</ele><time>2025-01-19T02:53:39.999Z</time><speed>18.594</speed><sat>11</sat></trkpt>
  <trkpt lat="13.82050025" lon="100.52310666"><ele>-21.428</ele><time>2025-01-19T02:53:40.999Z</time><speed>18.481</speed><sat>12</sat></trkpt>
  <trkpt lat="13.82039781" lon="100.52296452"><ele>-21.607</ele><time>2025-01-19T02:53:41.999Z</time><speed>18.618</speed><sat>12</sat></trkpt>
  <trkpt lat="13.82029422" lon="100.52282512"><ele>-21.490</ele><time>2025-01-19T02:53:42.999Z</time><speed>18.516</speed><sat>12</sat></trkpt>
  <trkpt lat="13.82018969" lon="100.52269455"><ele>-21.734</ele><time>2025-01-19T02:53:43.999Z</time><speed>18.580</speed><sat>14</sat></trkpt>
  <trkpt lat="13.82007374" lon="100.52256612"><ele>-21.486</ele><time>2025-01-19T02:53:44.999Z</time><speed>18.642</speed><sat>13</sat></trkpt>
  <trkpt lat="13.81995854" lon="100.52244883"><ele>-21.217</ele><time>2025-01-19T02:53:45.999Z</time><speed>18.475</speed><sat>14</sat></trkpt>
  <trkpt lat="13.81984194" lon="100.52233095"><ele>-21.211</ele><time>2025-01-19T02:53:46.999Z</time><speed>18.410</speed><sat>14</sat></trkpt>
  <trkpt lat="13.81973311" lon="100.52221097"><ele>-21.382</ele><time>2025-01-19T02:53:47.999Z</time><speed>18.243</speed><sat>14</sat></trkpt>
  <trkpt lat="13.81961947" lon="100.52209101"><ele>-21.789</ele><time>2025-01-19T02:53:48.999Z</time><speed>18.202</speed><sat>14</sat></trkpt>
  <trkpt lat="13.81950627" lon="100.52196786"><ele>-21.870</ele><time>2025-01-19T02:53:49.999Z</time><speed>18.053</speed><sat>14</sat></trkpt>
  <trkpt lat="13.81939173" lon="100.52184429"><ele>-21.628</ele><time>2025-01-19T02:53:50.999Z</time><speed>18.041</speed><sat>14</sat></trkpt>
  <trkpt lat="13.81927504" lon="100.52172408"><ele>-21.473</ele><time>2025-01-19T02:53:51.999Z</time><speed>17.743</speed><sat>14</sat></trkpt>
  <trkpt lat="13.81915580" lon="100.52161416"><ele>-20.604</ele><time>2025-01-19T02:53:52.999Z</time><speed>17.518</speed><sat>14</sat></trkpt>
  <trkpt lat="13.81903016" lon="100.52149985"><ele>-20.313</ele><time>2025-01-19T02:53:53.999Z</time><speed>17.442</speed><sat>14</sat></trkpt>
  <trkpt lat="13.81890532" lon="100.52138456"><ele>-19.619</ele><time>2025-01-19T02:53:54.999Z</time><speed>17.397</speed><sat>13</sat></trkpt>
  <trkpt lat="13.81879164" lon="100.52126482"><ele>-19.063</ele><time>2025-01-19T02:53:55.999Z</time><speed>17.345</speed><sat>14</sat></trkpt>
  <trkpt lat="13.81867866" lon="100.52114802"><ele>-19.631</ele><time>2025-01-19T02:53:56.999Z</time><speed>17.090</speed><sat>12</sat></trkpt>
  <trkpt lat="13.81857613" lon="100.52103618"><ele>-19.629</ele><time>2025-01-19T02:53:57.999Z</time><speed>16.920</speed><sat>12</sat></trkpt>
  <trkpt lat="13.81848298" lon="100.52093096"><ele>-19.503</ele><time>2025-01-19T02:53:58.999Z</time><speed>16.652</speed><sat>13</sat></trkpt>
  <trkpt lat="13.81839358" lon="100.52082863"><ele>-19.076</ele><time>2025-01-19T02:53:59.999Z</time><speed>16.331</speed><sat>13</sat></trkpt>
  <trkpt lat="13.81830282" lon="100.52073986"><ele>-18.990</ele><time>2025-01-19T02:54:00.999Z</time><speed>16.077</speed><sat>14</sat></trkpt>
  <trkpt lat="13.81821321" lon="100.52065059"><ele>-19.652</ele><time>2025-01-19T02:54:01.999Z</time><speed>15.674</speed><sat>14</sat></trkpt>
  <trkpt lat="13.81812414" lon="100.52055730"><ele>-19.552</ele><time>2025-01-19T02:54:02.999Z</time><speed>15.331</speed><sat>14</sat></trkpt>
  <trkpt lat="13.81803117" lon="100.52046111"><ele>-19.318</ele><time>2025-01-19T02:54:03.999Z</time><speed>15.251</speed><sat>13</sat></trkpt>
  <trkpt lat="13.81793971" lon="100.52036690"><ele>-19.777</ele><time>2025-01-19T02:54:04.999Z</time><speed>14.938</speed><sat>14</sat></trkpt>
  <trkpt lat="13.81785932" lon="100.52028044"><ele>-19.756</ele><time>2025-01-19T02:54:05.999Z</time><speed>14.586</speed><sat>14</sat></trkpt>
  <trkpt lat="13.81777837" lon="100.52019939"><ele>-20.735</ele><time>2025-01-19T02:54:06.999Z</time><speed>14.355</speed><sat>13</sat></trkpt>
  <trkpt lat="13.81768844" lon="100.52010846"><ele>-21.057</ele><time>2025-01-19T02:54:07.999Z</time><speed>14.214</speed><sat>14</sat></trkpt>
  <trkpt lat="13.81759510" lon="100.52001598"><ele>-21.779</ele><time>2025-01-19T02:54:08.999Z</time><speed>14.106</speed><sat>14</sat></trkpt>
  <trkpt lat="13.81751083" lon="100.51992295"><ele>-21.471</ele><time>2025-01-19T02:54:09.999Z</time><speed>13.828</speed><sat>14</sat></trkpt>
  <trkpt lat="13.81742425" lon="100.51982524"><ele>-21.306</ele><time>2025-01-19T02:54:10.999Z</time><speed>13.635</speed><sat>14</sat></trkpt>
  <trkpt lat="13.81734114" lon="100.51973635"><ele>-21.427</ele><time>2025-01-19T02:54:11.999Z</time><speed>13.576</speed><sat>14</sat></trkpt>
  <trkpt lat="13.81725875" lon="100.51964002"><ele>-20.707</ele><time>2025-01-19T02:54:12.999Z</time><speed>13.527</speed><sat>14</sat></trkpt>
  <trkpt lat="13.81718720" lon="100.51955967"><ele>-19.234</ele><time>2025-01-19T02:54:13.999Z</time><speed>13.621</speed><sat>14</sat></trkpt>
  <trkpt lat="13.81710385" lon="100.51946810"><ele>-17.995</ele><time>2025-01-19T02:54:14.999Z</time><speed>13.408</speed><sat>12</sat></trkpt>
  <trkpt lat="13.81702313" lon="100.51938214"><ele>-17.807</ele><time>2025-01-19T02:54:15.999Z</time><speed>13.145</speed><sat>13</sat></trkpt>
  <trkpt lat="13.81694641" lon="100.51930210"><ele>-17.813</ele><time>2025-01-19T02:54:16.999Z</time><speed>13.045</speed><sat>12</sat></trkpt>
  <trkpt lat="13.81687664" lon="100.51921622"><ele>-17.170</ele><time>2025-01-19T02:54:17.999Z</time><speed>12.918</speed><sat>12</sat></trkpt>
  <trkpt lat="13.81680281" lon="100.51912469"><ele>-16.518</ele><time>2025-01-19T02:54:18.999Z</time><speed>12.877</speed><sat>12</sat></trkpt>
  <trkpt lat="13.81672771" lon="100.51903196"><ele>-15.834</ele><time>2025-01-19T02:54:19.999Z</time><speed>12.832</speed><sat>12</sat></trkpt>
  <trkpt lat="13.81665352" lon="100.51894097"><ele>-15.753</ele><time>2025-01-19T02:54:20.999Z</time><speed>12.742</speed><sat>12</sat></trkpt>
  <trkpt lat="13.81657533" lon="100.51885507"><ele>-15.510</ele><time>2025-01-19T02:54:21.999Z</time><speed>12.577</speed><sat>13</sat></trkpt>
  <trkpt lat="13.81649436" lon="100.51877630"><ele>-15.401</ele><time>2025-01-19T02:54:22.999Z</time><speed>12.452</speed><sat>13</sat></trkpt>
  <trkpt lat="13.81640652" lon="100.51870058"><ele>-14.652</ele><time>2025-01-19T02:54:23.999Z</time><speed>12.376</speed><sat>13</sat></trkpt>
  <trkpt lat="13.81631518" lon="100.51862223"><ele>-13.075</ele><time>2025-01-19T02:54:24.999Z</time><speed>12.288</speed><sat>15</sat></trkpt>
  <trkpt lat="13.81622749" lon="100.51854910"><ele>-13.285</ele><time>2025-01-19T02:54:25.999Z</time><speed>12.271</speed><sat>15</sat></trkpt>
  <trkpt lat="13.81614800" lon="100.51847447"><ele>-13.571</ele><time>2025-01-19T02:54:26.999Z</time><speed>12.165</speed><sat>13</sat></trkpt>
  <trkpt lat="13.81608111" lon="100.51838737"><ele>-13.332</ele><time>2025-01-19T02:54:27.999Z</time><speed>12.148</speed><sat>11</sat></trkpt>
  <trkpt lat="13.81601159" lon="100.51830404"><ele>-13.605</ele><time>2025-01-19T02:54:28.999Z</time><speed>11.998</speed><sat>13</sat></trkpt>
  <trkpt lat="13.81594238" lon="100.51822284"><ele>-13.615</ele><time>2025-01-19T02:54:29.999Z</time><speed>11.899</speed><sat>13</sat></trkpt>
  <trkpt lat="13.81587304" lon="100.51814116"><ele>-13.153</ele><time>2025-01-19T02:54:30.999Z</time><speed>11.845</speed><sat>13</sat></trkpt>
  <trkpt lat="13.81580180" lon="100.51805930"><ele>-13.199</ele><time>2025-01-19T02:54:31.999Z</time><speed>11.776</speed><sat>12</sat></trkpt>
  <trkpt lat="13.81573018" lon="100.51797973"><ele>-12.720</ele><time>2025-01-19T02:54:32.999Z</time><speed>11.778</speed><sat>11</sat></trkpt>
  <trkpt lat="13.81566139" lon="100.51790818"><ele>-12.402</ele><time>2025-01-19T02:54:33.999Z</time><speed>11.703</speed><sat>11</sat></trkpt>
  <trkpt lat="13.81560296" lon="100.51783007"><ele>-13.757</ele><time>2025-01-19T02:54:34.999Z</time><speed>11.595</speed><sat>13</sat></trkpt>
  <trkpt lat="13.81553823" lon="100.51775666"><ele>-14.896</ele><time>2025-01-19T02:54:35.999Z</time><speed>11.430</speed><sat>13</sat></trkpt>
  <trkpt lat="13.81546102" lon="100.51767269"><ele>-14.648</ele><time>2025-01-19T02:54:36.999Z</time><speed>11.418</speed><sat>14</sat></trkpt>
  <trkpt lat="13.81540059" lon="100.51760928"><ele>-15.818</ele><time>2025-01-19T02:54:37.999Z</time><speed>11.530</speed><sat>13</sat></trkpt>
  <trkpt lat="13.81532999" lon="100.51753781"><ele>-14.814</ele><time>2025-01-19T02:54:38.999Z</time><speed>11.485</speed><sat>13</sat></trkpt>
  <trkpt lat="13.81525469" lon="100.51747025"><ele>-13.834</ele><time>2025-01-19T02:54:39.999Z</time><speed>11.581</speed><sat>14</sat></trkpt>
  <trkpt lat="13.81518324" lon="100.51739297"><ele>-14.374</ele><time>2025-01-19T02:54:40.999Z</time><speed>11.619</speed><sat>13</sat></trkpt>
  <trkpt lat="13.81503415" lon="100.51723207"><ele>-17.243</ele><time>2025-01-19T02:54:42.999Z</time><speed>11.678</speed><sat>12</sat></trkpt>
  <trkpt lat="13.81495897" lon="100.51714715"><ele>-17.791</ele><time>2025-01-19T02:54:43.999Z</time><speed>11.731</speed><sat>13</sat></trkpt>
  <trkpt lat="13.81488741" lon="100.51706627"><ele>-16.860</ele><time>2025-01-19T02:54:44.999Z</time><speed>12.013</speed><sat>14</sat></trkpt>
  <trkpt lat="13.81481247" lon="100.51698206"><ele>-16.636</ele><time>2025-01-19T02:54:45.999Z</time><speed>12.012</speed><sat>14</sat></trkpt>
  <trkpt lat="13.81473723" lon="100.51689924"><ele>-16.316</ele><time>2025-01-19T02:54:46.999Z</time><speed>12.043</speed><sat>13</sat></trkpt>
  <trkpt lat="13.81466505" lon="100.51682006"><ele>-15.715</ele><time>2025-01-19T02:54:47.999Z</time><speed>12.053</speed><sat>14</sat></trkpt>
  <trkpt lat="13.81459718" lon="100.51674084"><ele>-15.025</ele><time>2025-01-19T02:54:48.999Z</time><speed>11.938</speed><sat>13</sat></trkpt>
  <trkpt lat="13.81452549" lon="100.51665655"><ele>-14.970</ele><time>2025-01-19T02:54:49.999Z</time><speed>11.983</speed><sat>11</sat></trkpt>
  <trkpt lat="13.81438241" lon="100.51648952"><ele>-14.006</ele><time>2025-01-19T02:54:51.999Z</time><speed>11.838</speed><sat>11</sat></trkpt>
  <trkpt lat="13.81431075" lon="100.51640755"><ele>-13.719</ele><time>2025-01-19T02:54:52.999Z</time><speed>11.875</speed><sat>11</sat></trkpt>
  <trkpt lat="13.81423588" lon="100.51632416"><ele>-14.152</ele><time>2025-01-19T02:54:53.999Z</time><speed>12.028</speed><sat>10</sat></trkpt>
  <trkpt lat="13.81416121" lon="100.51624965"><ele>-14.360</ele><time>2025-01-19T02:54:54.999Z</time><speed>12.275</speed><sat>12</sat></trkpt>
  <trkpt lat="13.81408108" lon="100.51617620"><ele>-13.903</ele><time>2025-01-19T02:54:55.999Z</time><speed>12.212</speed><sat>12</sat></trkpt>
  <trkpt lat="13.81400212" lon="100.51609632"><ele>-14.315</ele><time>2025-01-19T02:54:56.999Z</time><speed>12.204</speed><sat>11</sat></trkpt>
  <trkpt lat="13.81392577" lon="100.51601592"><ele>-14.530</ele><time>2025-01-19T02:54:57.999Z</time><speed>12.300</speed><sat>14</sat></trkpt>
  <trkpt lat="13.81385168" lon="100.51592795"><ele>-14.836</ele><time>2025-01-19T02:54:58.999Z</time><speed>12.446</speed><sat>13</sat></trkpt>
  <trkpt lat="13.81377347" lon="100.51583925"><ele>-14.913</ele><time>2025-01-19T02:54:59.999Z</time><speed>12.372</speed><sat>14</sat></trkpt>
  <trkpt lat="13.81369651" lon="100.51575676"><ele>-15.436</ele><time>2025-01-19T02:55:00.999Z</time><speed>12.418</speed><sat>11</sat></trkpt>
  <trkpt lat="13.81361445" lon="100.51567011"><ele>-15.803</ele><time>2025-01-19T02:55:01.999Z</time><speed>12.477</speed><sat>12</sat></trkpt>
  <trkpt lat="13.81353344" lon="100.51557961"><ele>-17.484</ele><time>2025-01-19T02:55:02.999Z</time><speed>12.601</speed><sat>12</sat></trkpt>
  <trkpt lat="13.81345039" lon="100.51549002"><ele>-17.217</ele><time>2025-01-19T02:55:03.999Z</time><speed>12.574</speed><sat>12</sat></trkpt>
  <trkpt lat="13.81337187" lon="100.51540541"><ele>-17.782</ele><time>2025-01-19T02:55:04.999Z</time><speed>12.624</speed><sat>12</sat></trkpt>
  <trkpt lat="13.81328220" lon="100.51530509"><ele>-17.408</ele><time>2025-01-19T02:55:05.999Z</time><speed>12.740</speed><sat>12</sat></trkpt>
  <trkpt lat="13.81319480" lon="100.51520728"><ele>-15.999</ele><time>2025-01-19T02:55:06.999Z</time><speed>12.871</speed><sat>12</sat></trkpt>
  <trkpt lat="13.81310948" lon="100.51510781"><ele>-14.613</ele><time>2025-01-19T02:55:07.999Z</time><speed>13.220</speed><sat>13</sat></trkpt>
  <trkpt lat="13.81302580" lon="100.51501129"><ele>-14.162</ele><time>2025-01-19T02:55:08.999Z</time><speed>13.318</speed><sat>13</sat></trkpt>
  <trkpt lat="13.81294753" lon="100.51494153"><ele>-14.610</ele><time>2025-01-19T02:55:09.999Z</time><speed>13.203</speed><sat>12</sat></trkpt>
  <trkpt lat="13.81285776" lon="100.51485679"><ele>-13.937</ele><time>2025-01-19T02:55:10.999Z</time><speed>13.404</speed><sat>14</sat></trkpt>
  <trkpt lat="13.81277266" lon="100.51476409"><ele>-13.368</ele><time>2025-01-19T02:55:11.999Z</time><speed>13.535</speed><sat>13</sat></trkpt>
  <trkpt lat="13.81268873" lon="100.51467297"><ele>-13.847</ele><time>2025-01-19T02:55:12.999Z</time><speed>13.623</speed><sat>12</sat></trkpt>
  <trkpt lat="13.81260096" lon="100.51457272"><ele>-13.751</ele><time>2025-01-19T02:55:13.999Z</time><speed>13.742</speed><sat>13</sat></trkpt>
  <trkpt lat="13.81251708" lon="100.51447597"><ele>-13.487</ele><time>2025-01-19T02:55:14.999Z</time><speed>13.756</speed><sat>12</sat></trkpt>
  <trkpt lat="13.81243347" lon="100.51438996"><ele>-18.030</ele><time>2025-01-19T02:55:15.999Z</time><speed>13.654</speed><sat>13</sat></trkpt>
  <trkpt lat="13.81235054" lon="100.51429942"><ele>-20.771</ele><time>2025-01-19T02:55:16.999Z</time><speed>13.727</speed><sat>12</sat></trkpt>
  <trkpt lat="13.81227351" lon="100.51420768"><ele>-21.909</ele><time>2025-01-19T02:55:17.999Z</time><speed>13.702</speed><sat>13</sat></trkpt>
  <trkpt lat="13.81218955" lon="100.51410588"><ele>-22.412</ele><time>2025-01-19T02:55:18.999Z</time><speed>13.828</speed><sat>13</sat></trkpt>
  <trkpt lat="13.81210957" lon="100.51401040"><ele>-21.400</ele><time>2025-01-19T02:55:19.999Z</time><speed>13.763</speed><sat>12</sat></trkpt>
  <trkpt lat="13.81202523" lon="100.51391317"><ele>-20.786</ele><time>2025-01-19T02:55:20.999Z</time><speed>13.900</speed><sat>13</sat></trkpt>
  <trkpt lat="13.81193578" lon="100.51381494"><ele>-19.293</ele><time>2025-01-19T02:55:21.999Z</time><speed>13.945</speed><sat>12</sat></trkpt>
  <trkpt lat="13.81184971" lon="100.51371839"><ele>-19.181</ele><time>2025-01-19T02:55:22.999Z</time><speed>14.037</speed><sat>9</sat></trkpt>
  <trkpt lat="13.81176241" lon="100.51362525"><ele>-19.848</ele><time>2025-01-19T02:55:23.999Z</time><speed>13.921</speed><sat>12</sat></trkpt>
  <trkpt lat="13.81165718" lon="100.51350091"><ele>-18.274</ele><time>2025-01-19T02:55:24.999Z</time><speed>14.218</speed><sat>13</sat></trkpt>
  <trkpt lat="13.81156298" lon="100.51339300"><ele>-17.787</ele><time>2025-01-19T02:55:25.999Z</time><speed>14.399</speed><sat>12</sat></trkpt>
  <trkpt lat="13.81147473" lon="100.51329009"><ele>-17.253</ele><time>2025-01-19T02:55:26.999Z</time><speed>14.380</speed><sat>10</sat></trkpt>
  <trkpt lat="13.81138583" lon="100.51318831"><ele>-17.063</ele><time>2025-01-19T02:55:27.999Z</time><speed>14.331</speed><sat>11</sat></trkpt>
  <trkpt lat="13.81129823" lon="100.51308624"><ele>-16.825</ele><time>2025-01-19T02:55:28.999Z</time><speed>14.373</speed><sat>10</sat></trkpt>
  <trkpt lat="13.81121289" lon="100.51298795"><ele>-17.244</ele><time>2025-01-19T02:55:29.999Z</time><speed>14.341</speed><sat>10</sat></trkpt>
  <trkpt lat="13.81112753" lon="100.51288787"><ele>-17.523</ele><time>2025-01-19T02:55:30.999Z</time><speed>14.341</speed><sat>10</sat></trkpt>
  <trkpt lat="13.81104262" lon="100.51279000"><ele>-17.825</ele><time>2025-01-19T02:55:31.999Z</time><speed>14.295</speed><sat>10</sat></trkpt>
  <trkpt lat="13.81095836" lon="100.51269545"><ele>-18.191</ele><time>2025-01-19T02:55:32.999Z</time><speed>14.158</speed><sat>10</sat></trkpt>
  <trkpt lat="13.81086950" lon="100.51260248"><ele>-18.205</ele><time>2025-01-19T02:55:33.999Z</time><speed>14.182</speed><sat>11</sat></trkpt>
  <trkpt lat="13.81078252" lon="100.51250696"><ele>-18.288</ele><time>2025-01-19T02:55:34.999Z</time><speed>14.160</speed><sat>13</sat></trkpt>
  <trkpt lat="13.81069721" lon="100.51241258"><ele>-17.754</ele><time>2025-01-19T02:55:35.999Z</time><speed>14.055</speed><sat>13</sat></trkpt>
  <trkpt lat="13.81060635" lon="100.51231124"><ele>-16.639</ele><time>2025-01-19T02:55:36.999Z</time><speed>14.143</speed><sat>13</sat></trkpt>
  <trkpt lat="13.81052692" lon="100.51222027"><ele>-17.355</ele><time>2025-01-19T02:55:37.999Z</time><speed>14.014</speed><sat>10</sat></trkpt>
  <trkpt lat="13.81044298" lon="100.51212338"><ele>-17.075</ele><time>2025-01-19T02:55:38.999Z</time><speed>13.977</speed><sat>11</sat></trkpt>
  <trkpt lat="13.81035894" lon="100.51202205"><ele>-16.137</ele><time>2025-01-19T02:55:39.999Z</time><speed>13.968</speed><sat>11</sat></trkpt>
  <trkpt lat="13.81027670" lon="100.51192162"><ele>-15.897</ele><time>2025-01-19T02:55:40.999Z</time><speed>13.920</speed><sat>13</sat></trkpt>
  <trkpt lat="13.81019813" lon="100.51182660"><ele>-16.039</ele><time>2025-01-19T02:55:41.999Z</time><speed>13.560</speed><sat>15</sat></trkpt>
  <trkpt lat="13.81012213" lon="100.51173300"><ele>-16.168</ele><time>2025-01-19T02:55:42.999Z</time><speed>13.439</speed><sat>13</sat></trkpt>
  <trkpt lat="13.81004072" lon="100.51163407"><ele>-16.179</ele><time>2025-01-19T02:55:43.999Z</time><speed>13.298</speed><sat>14</sat></trkpt>
  <trkpt lat="13.80995200" lon="100.51153378"><ele>-15.967</ele><time>2025-01-19T02:55:44.999Z</time><speed>13.237</speed><sat>14</sat></trkpt>
  <trkpt lat="13.80987114" lon="100.51144099"><ele>-14.975</ele><time>2025-01-19T02:55:45.999Z</time><speed>13.151</speed><sat>15</sat></trkpt>
  <trkpt lat="13.80979576" lon="100.51135198"><ele>-15.260</ele><time>2025-01-19T02:55:46.999Z</time><speed>12.984</speed><sat>14</sat></trkpt>
  <trkpt lat="13.80971865" lon="100.51127048"><ele>-16.130</ele><time>2025-01-19T02:55:47.999Z</time><speed>13.000</speed><sat>13</sat></trkpt>
  <trkpt lat="13.80963373" lon="100.51119159"><ele>-16.142</ele><time>2025-01-19T02:55:48.999Z</time><speed>13.001</speed><sat>12</sat></trkpt>
  <trkpt lat="13.80954135" lon="100.51111095"><ele>-16.330</ele><time>2025-01-19T02:55:49.999Z</time><speed>13.032</speed><sat>15</sat></trkpt>
  <trkpt lat="13.80946839" lon="100.51102881"><ele>-17.339</ele><time>2025-01-19T02:55:50.999Z</time><speed>12.973</speed><sat>15</sat></trkpt>
  <trkpt lat="13.80938240" lon="100.51094877"><ele>-16.880</ele><time>2025-01-19T02:55:51.999Z</time><speed>12.981</speed><sat>16</sat></trkpt>
  <trkpt lat="13.80929688" lon="100.51086797"><ele>-16.227</ele><time>2025-01-19T02:55:52.999Z</time><speed>12.959</speed><sat>15</sat></trkpt>
  <trkpt lat="13.80921167" lon="100.51079050"><ele>-16.103</ele><time>2025-01-19T02:55:53.999Z</time><speed>13.033</speed><sat>15</sat></trkpt>
  <trkpt lat="13.80912787" lon="100.51070880"><ele>-15.995</ele><time>2025-01-19T02:55:54.999Z</time><speed>13.041</speed><sat>14</sat></trkpt>
  <trkpt lat="13.80903733" lon="100.51062586"><ele>-15.700</ele><time>2025-01-19T02:55:55.999Z</time><speed>13.060</speed><sat>14</sat></trkpt>
  <trkpt lat="13.80894873" lon="100.51054097"><ele>-13.863</ele><time>2025-01-19T02:55:56.999Z</time><speed>13.088</speed><sat>15</sat></trkpt>
  <trkpt lat="13.80886814" lon="100.51045436"><ele>-13.455</ele><time>2025-01-19T02:55:57.999Z</time><speed>13.193</speed><sat>15</sat></trkpt>
  <trkpt lat="13.80878389" lon="100.51035738"><ele>-13.086</ele><time>2025-01-19T02:55:58.999Z</time><speed>13.397</speed><sat>16</sat></trkpt>
  <trkpt lat="13.80870309" lon="100.51026611"><ele>-13.363</ele><time>2025-01-19T02:55:59.999Z</time><speed>13.510</speed><sat>15</sat></trkpt>
  <trkpt lat="13.80861839" lon="100.51017032"><ele>-14.182</ele><time>2025-01-19T02:56:00.999Z</time><speed>13.566</speed><sat>17</sat></trkpt>
  <trkpt lat="13.80853831" lon="100.51007521"><ele>-14.568</ele><time>2025-01-19T02:56:01.999Z</time><speed>13.633</speed><sat>18</sat></trkpt>
  <trkpt lat="13.80845540" lon="100.50997274"><ele>-14.619</ele><time>2025-01-19T02:56:02.999Z</time><speed>13.757</speed><sat>18</sat></trkpt>
  <trkpt lat="13.80837025" lon="100.50986957"><ele>-14.505</ele><time>2025-01-19T02:56:03.999Z</time><speed>13.920</speed><sat>17</sat></trkpt>
  <trkpt lat="13.80828449" lon="100.50976789"><ele>-14.521</ele><time>2025-01-19T02:56:04.999Z</time><speed>13.983</speed><sat>12</sat></trkpt>
  <trkpt lat="13.80819526" lon="100.50967437"><ele>-13.723</ele><time>2025-01-19T02:56:05.999Z</time><speed>13.945</speed><sat>13</sat></trkpt>
  <trkpt lat="13.80810627" lon="100.50958060"><ele>-12.743</ele><time>2025-01-19T02:56:06.999Z</time><speed>13.961</speed><sat>13</sat></trkpt>
  <trkpt lat="13.80802024" lon="100.50948747"><ele>-12.067</ele><time>2025-01-19T02:56:07.999Z</time><speed>14.049</speed><sat>13</sat></trkpt>
  <trkpt lat="13.80793529" lon="100.50939032"><ele>-12.423</ele><time>2025-01-19T02:56:08.999Z</time><speed>14.186</speed><sat>13</sat></trkpt>
  <trkpt lat="13.80784788" lon="100.50929085"><ele>-13.049</ele><time>2025-01-19T02:56:09.999Z</time><speed>14.375</speed><sat>12</sat></trkpt>
  <trkpt lat="13.80775317" lon="100.50918303"><ele>-13.377</ele><time>2025-01-19T02:56:10.999Z</time><speed>14.526</speed><sat>12</sat></trkpt>
  <trkpt lat="13.80765747" lon="100.50907522"><ele>-13.743</ele><time>2025-01-19T02:56:11.999Z</time><speed>14.948</speed><sat>11</sat></trkpt>
  <trkpt lat="13.80756284" lon="100.50897446"><ele>-14.117</ele><time>2025-01-19T02:56:12.999Z</time><speed>15.362</speed><sat>12</sat></trkpt>
  <trkpt lat="13.80747150" lon="100.50887473"><ele>-13.491</ele><time>2025-01-19T02:56:13.999Z</time><speed>15.262</speed><sat>11</sat></trkpt>
  <trkpt lat="13.80737315" lon="100.50876666"><ele>-13.517</ele><time>2025-01-19T02:56:14.999Z</time><speed>15.633</speed><sat>9</sat></trkpt>
  <trkpt lat="13.80726488" lon="100.50865023"><ele>-12.749</ele><time>2025-01-19T02:56:15.999Z</time><speed>15.847</speed><sat>10</sat></trkpt>
  <trkpt lat="13.80715885" lon="100.50853099"><ele>-11.743</ele><time>2025-01-19T02:56:16.999Z</time><speed>16.119</speed><sat>9</sat></trkpt>
  <trkpt lat="13.80705681" lon="100.50841100"><ele>-11.706</ele><time>2025-01-19T02:56:17.999Z</time><speed>16.494</speed><sat>10</sat></trkpt>
  <trkpt lat="13.80695783" lon="100.50829873"><ele>-12.273</ele><time>2025-01-19T02:56:18.999Z</time><speed>16.450</speed><sat>9</sat></trkpt>
  <trkpt lat="13.80685566" lon="100.50818430"><ele>-12.607</ele><time>2025-01-19T02:56:19.999Z</time><speed>16.632</speed><sat>10</sat></trkpt>
  <trkpt lat="13.80675418" lon="100.50806832"><ele>-12.426</ele><time>2025-01-19T02:56:20.999Z</time><speed>16.738</speed><sat>10</sat></trkpt>
  <trkpt lat="13.80665292" lon="100.50795385"><ele>-12.609</ele><time>2025-01-19T02:56:21.999Z</time><speed>16.745</speed><sat>10</sat></trkpt>
  <trkpt lat="13.80655843" lon="100.50783771"><ele>-13.579</ele><time>2025-01-19T02:56:22.999Z</time><speed>16.836</speed><sat>9</sat></trkpt>
  <trkpt lat="13.80645411" lon="100.50772015"><ele>-14.374</ele><time>2025-01-19T02:56:23.999Z</time><speed>17.069</speed><sat>9</sat></trkpt>
  <trkpt lat="13.80634607" lon="100.50760035"><ele>-15.000</ele><time>2025-01-19T02:56:24.999Z</time><speed>17.226</speed><sat>9</sat></trkpt>
  <trkpt lat="13.80623141" lon="100.50747927"><ele>-15.235</ele><time>2025-01-19T02:56:25.999Z</time><speed>17.390</speed><sat>10</sat></trkpt>
  <trkpt lat="13.80611311" lon="100.50735546"><ele>-15.121</ele><time>2025-01-19T02:56:26.999Z</time><speed>17.525</speed><sat>10</sat></trkpt>
  <trkpt lat="13.80598978" lon="100.50722250"><ele>-14.377</ele><time>2025-01-19T02:56:27.999Z</time><speed>17.642</speed><sat>10</sat></trkpt>
  <trkpt lat="13.80588624" lon="100.50710376"><ele>-15.093</ele><time>2025-01-19T02:56:28.999Z</time><speed>17.629</speed><sat>10</sat></trkpt>
  <trkpt lat="13.80578341" lon="100.50698808"><ele>-15.787</ele><time>2025-01-19T02:56:29.999Z</time><speed>17.643</speed><sat>10</sat></trkpt>
  <trkpt lat="13.80567565" lon="100.50686538"><ele>-16.157</ele><time>2025-01-19T02:56:30.999Z</time><speed>17.759</speed><sat>10</sat></trkpt>
  <trkpt lat="13.80556197" lon="100.50674319"><ele>-16.640</ele><time>2025-01-19T02:56:31.999Z</time><speed>17.859</speed><sat>10</sat></trkpt>
  <trkpt lat="13.80544956" lon="100.50661700"><ele>-16.542</ele><time>2025-01-19T02:56:32.999Z</time><speed>18.355</speed><sat>10</sat></trkpt>
  <trkpt lat="13.80533050" lon="100.50649439"><ele>-16.753</ele><time>2025-01-19T02:56:33.999Z</time><speed>18.954</speed><sat>10</sat></trkpt>
  <trkpt lat="13.80519884" lon="100.50637061"><ele>-17.170</ele><time>2025-01-19T02:56:34.999Z</time><speed>18.965</speed><sat>10</sat></trkpt>
  <trkpt lat="13.80507195" lon="100.50625074"><ele>-17.188</ele><time>2025-01-19T02:56:35.999Z</time><speed>18.878</speed><sat>10</sat></trkpt>
  <trkpt lat="13.80494922" lon="100.50611673"><ele>-17.511</ele><time>2025-01-19T02:56:36.999Z</time><speed>19.010</speed><sat>10</sat></trkpt>
  <trkpt lat="13.80483292" lon="100.50597839"><ele>-17.887</ele><time>2025-01-19T02:56:37.999Z</time><speed>19.349</speed><sat>10</sat></trkpt>
  <trkpt lat="13.80471185" lon="100.50583867"><ele>-18.830</ele><time>2025-01-19T02:56:38.999Z</time><speed>19.531</speed><sat>10</sat></trkpt>
  <trkpt lat="13.80459343" lon="100.50569676"><ele>-20.252</ele><time>2025-01-19T02:56:39.999Z</time><speed>19.623</speed><sat>10</sat></trkpt>
  <trkpt lat="13.80448190" lon="100.50556518"><ele>-21.005</ele><time>2025-01-19T02:56:40.999Z</time><speed>19.683</speed><sat>10</sat></trkpt>
  <trkpt lat="13.80437805" lon="100.50542478"><ele>-20.671</ele><time>2025-01-19T02:56:41.999Z</time><speed>19.534</speed><sat>9</sat></trkpt>
  <trkpt lat="13.80427496" lon="100.50527996"><ele>-20.439</ele><time>2025-01-19T02:56:42.999Z</time><speed>19.593</speed><sat>9</sat></trkpt>
  <trkpt lat="13.80416861" lon="100.50513716"><ele>-20.885</ele><time>2025-01-19T02:56:43.999Z</time><speed>19.603</speed><sat>9</sat></trkpt>
  <trkpt lat="13.80393483" lon="100.50486216"><ele>-21.446</ele><time>2025-01-19T02:56:45.999Z</time><speed>19.592</speed><sat>8</sat></trkpt>
  <trkpt lat="13.80381587" lon="100.50472752"><ele>-21.982</ele><time>2025-01-19T02:56:46.999Z</time><speed>19.462</speed><sat>8</sat></trkpt>
  <trkpt lat="13.80369917" lon="100.50459066"><ele>-22.692</ele><time>2025-01-19T02:56:47.999Z</time><speed>19.734</speed><sat>9</sat></trkpt>
  <trkpt lat="13.80358527" lon="100.50444890"><ele>-23.098</ele><time>2025-01-19T02:56:48.999Z</time><speed>19.968</speed><sat>9</sat></trkpt>
  <trkpt lat="13.80346048" lon="100.50430933"><ele>-25.123</ele><time>2025-01-19T02:56:49.999Z</time><speed>20.037</speed><sat>10</sat></trkpt>
  <trkpt lat="13.80334176" lon="100.50416875"><ele>-26.214</ele><time>2025-01-19T02:56:50.999Z</time><speed>20.088</speed><sat>10</sat></trkpt>
  <trkpt lat="13.80322436" lon="100.50402790"><ele>-27.066</ele><time>2025-01-19T02:56:51.999Z</time><speed>20.042</speed><sat>10</sat></trkpt>
  <trkpt lat="13.80309953" lon="100.50388629"><ele>-27.270</ele><time>2025-01-19T02:56:52.999Z</time><speed>20.186</speed><sat>10</sat></trkpt>
  <trkpt lat="13.80297421" lon="100.50374526"><ele>-27.476</ele><time>2025-01-19T02:56:53.999Z</time><speed>20.102</speed><sat>10</sat></trkpt>
  <trkpt lat="13.80284594" lon="100.50359949"><ele>-27.794</ele><time>2025-01-19T02:56:54.999Z</time><speed>20.147</speed><sat>11</sat></trkpt>
  <trkpt lat="13.80272449" lon="100.50346368"><ele>-27.722</ele><time>2025-01-19T02:56:55.999Z</time><speed>20.212</speed><sat>11</sat></trkpt>
  <trkpt lat="13.80259732" lon="100.50332388"><ele>-27.505</ele><time>2025-01-19T02:56:56.999Z</time><speed>20.175</speed><sat>11</sat></trkpt>
  <trkpt lat="13.80247089" lon="100.50318605"><ele>-26.648</ele><time>2025-01-19T02:56:57.999Z</time><speed>20.218</speed><sat>11</sat></trkpt>
  <trkpt lat="13.80235110" lon="100.50304867"><ele>-26.654</ele><time>2025-01-19T02:56:58.999Z</time><speed>20.017</speed><sat>9</sat></trkpt>
  <trkpt lat="13.80222342" lon="100.50291212"><ele>-26.178</ele><time>2025-01-19T02:56:59.999Z</time><speed>19.991</speed><sat>10</sat></trkpt>
  <trkpt lat="13.80210874" lon="100.50278231"><ele>-26.795</ele><time>2025-01-19T02:57:00.999Z</time><speed>19.735</speed><sat>11</sat></trkpt>
  <trkpt lat="13.80199524" lon="100.50264733"><ele>-27.116</ele><time>2025-01-19T02:57:01.999Z</time><speed>19.633</speed><sat>11</sat></trkpt>
  <trkpt lat="13.80188800" lon="100.50251921"><ele>-26.971</ele><time>2025-01-19T02:57:02.999Z</time><speed>19.480</speed><sat>11</sat></trkpt>
  <trkpt lat="13.80175545" lon="100.50238620"><ele>-25.705</ele><time>2025-01-19T02:57:03.999Z</time><speed>19.422</speed><sat>12</sat></trkpt>
  <trkpt lat="13.80161337" lon="100.50226188"><ele>-24.990</ele><time>2025-01-19T02:57:04.999Z</time><speed>19.257</speed><sat>12</sat></trkpt>
  <trkpt lat="13.80147504" lon="100.50214278"><ele>-23.748</ele><time>2025-01-19T02:57:05.999Z</time><speed>18.908</speed><sat>11</sat></trkpt>
  <trkpt lat="13.80135810" lon="100.50201650"><ele>-23.349</ele><time>2025-01-19T02:57:06.999Z</time><speed>18.718</speed><sat>10</sat></trkpt>
  <trkpt lat="13.80126502" lon="100.50189000"><ele>-23.092</ele><time>2025-01-19T02:57:07.999Z</time><speed>18.494</speed><sat>10</sat></trkpt>
  <trkpt lat="13.80116591" lon="100.50175979"><ele>-23.328</ele><time>2025-01-19T02:57:08.999Z</time><speed>18.215</speed><sat>9</sat></trkpt>
  <trkpt lat="13.80107166" lon="100.50163317"><ele>-23.297</ele><time>2025-01-19T02:57:09.999Z</time><speed>17.690</speed><sat>9</sat></trkpt>
  <trkpt lat="13.80099104" lon="100.50151755"><ele>-23.760</ele><time>2025-01-19T02:57:10.999Z</time><speed>17.664</speed><sat>7</sat></trkpt>
  <trkpt lat="13.80091115" lon="100.50139322"><ele>-22.374</ele><time>2025-01-19T02:57:11.999Z</time><speed>16.913</speed><sat>6</sat></trkpt>
  <trkpt lat="13.80061622" lon="100.50090723"><ele>-20.598</ele><time>2025-01-19T02:57:15.999Z</time><speed>15.688</speed><sat>6</sat></trkpt>
  <trkpt lat="13.80054606" lon="100.50078528"><ele>-19.321</ele><time>2025-01-19T02:57:16.999Z</time><speed>15.595</speed><sat>6</sat></trkpt>
  <trkpt lat="13.80047726" lon="100.50065948"><ele>-18.572</ele><time>2025-01-19T02:57:17.999Z</time><speed>15.773</speed><sat>7</sat></trkpt>
  <trkpt lat="13.80040455" lon="100.50052626"><ele>-18.027</ele><time>2025-01-19T02:57:18.999Z</time><speed>15.773</speed><sat>4</sat></trkpt>
  <trkpt lat="13.80027949" lon="100.50027456"><ele>-16.934</ele><time>2025-01-19T02:57:20.999Z</time><speed>15.525</speed><sat>4</sat></trkpt>
  <trkpt lat="13.80022213" lon="100.50015704"><ele>-16.162</ele><time>2025-01-19T02:57:21.999Z</time><speed>15.459</speed><sat>4</sat></trkpt>
  <trkpt lat="13.79744462" lon="100.49248534"><ele>-19.786</ele><time>2025-01-19T02:59:09Z</time><speed>10.657</speed><sat>5</sat></trkpt>
  <trkpt lat="13.79742184" lon="100.49241240"><ele>-19.084</ele><time>2025-01-19T02:59:10Z</time><speed>11.116</speed><sat>6</sat></trkpt>
  <trkpt lat="13.79737853" lon="100.49232239"><ele>-18.016</ele><time>2025-01-19T02:59:11Z</time><speed>11.116</speed><sat>5</sat></trkpt>
  <trkpt lat="13.79733475" lon="100.49223825"><ele>-17.913</ele><time>2025-01-19T02:59:12Z</time><speed>11.510</speed><sat>5</sat></trkpt>
  <trkpt lat="13.79729095" lon="100.49212795"><ele>-17.943</ele><time>2025-01-19T02:59:13Z</time><speed>11.865</speed><sat>5</sat></trkpt>
  <trkpt lat="13.79726386" lon="100.49199855"><ele>-18.130</ele><time>2025-01-19T02:59:14Z</time><speed>11.898</speed><sat>5</sat></trkpt>
  <trkpt lat="13.79721273" lon="100.49190094"><ele>-17.998</ele><time>2025-01-19T02:59:15Z</time><speed>11.987</speed><sat>5</sat></trkpt>
  <trkpt lat="13.79716386" lon="100.49180145"><ele>-18.173</ele><time>2025-01-19T02:59:16Z</time><speed>12.232</speed><sat>5</sat></trkpt>
  <trkpt lat="13.79710811" lon="100.49170668"><ele>-18.479</ele><time>2025-01-19T02:59:17Z</time><speed>12.493</speed><sat>5</sat></trkpt>
  <trkpt lat="13.79705736" lon="100.49160635"><ele>-18.289</ele><time>2025-01-19T02:59:18Z</time><speed>12.630</speed><sat>5</sat></trkpt>
  <trkpt lat="13.79700614" lon="100.49150560"><ele>-17.942</ele><time>2025-01-19T02:59:19Z</time><speed>12.791</speed><sat>6</sat></trkpt>
  <trkpt lat="13.79697264" lon="100.49136708"><ele>-16.097</ele><time>2025-01-19T02:59:20Z</time><speed>13.258</speed><sat>5</sat></trkpt>
  <trkpt lat="13.79694078" lon="100.49122074"><ele>-14.088</ele><time>2025-01-19T02:59:21Z</time><speed>13.694</speed><sat>6</sat></trkpt>
  <trkpt lat="13.79689097" lon="100.49107591"><ele>-14.347</ele><time>2025-01-19T02:59:22Z</time><speed>13.808</speed><sat>6</sat></trkpt>
  <trkpt lat="13.79684066" lon="100.49093595"><ele>-15.292</ele><time>2025-01-19T02:59:23Z</time><speed>14.008</speed><sat>6</sat></trkpt>
  <trkpt lat="13.79678677" lon="100.49080144"><ele>-15.843</ele><time>2025-01-19T02:59:24Z</time><speed>14.327</speed><sat>5</sat></trkpt>
  <trkpt lat="13.79674162" lon="100.49067574"><ele>-16.606</ele><time>2025-01-19T02:59:25Z</time><speed>14.399</speed><sat>8</sat></trkpt>
  <trkpt lat="13.79669914" lon="100.49054872"><ele>-15.854</ele><time>2025-01-19T02:59:26Z</time><speed>14.428</speed><sat>8</sat></trkpt>
  <trkpt lat="13.79667120" lon="100.49041452"><ele>-14.214</ele><time>2025-01-19T02:59:27Z</time><speed>14.330</speed><sat>8</sat></trkpt>
  <trkpt lat="13.79663174" lon="100.49028552"><ele>-15.892</ele><time>2025-01-19T02:59:28Z</time><speed>14.527</speed><sat>8</sat></trkpt>
  <trkpt lat="13.79657771" lon="100.49017358"><ele>-15.947</ele><time>2025-01-19T02:59:29Z</time><speed>14.543</speed><sat>7</sat></trkpt>
  <trkpt lat="13.79652914" lon="100.49004150"><ele>-15.263</ele><time>2025-01-19T02:59:30Z</time><speed>14.546</speed><sat>5</sat></trkpt>
  <trkpt lat="13.79647512" lon="100.48993349"><ele>-14.494</ele><time>2025-01-19T02:59:31Z</time><speed>14.665</speed><sat>6</sat></trkpt>
  <trkpt lat="13.79641857" lon="100.48981170"><ele>-14.308</ele><time>2025-01-19T02:59:32Z</time><speed>14.800</speed><sat>6</sat></trkpt>
  <trkpt lat="13.79636622" lon="100.48968300"><ele>-13.423</ele><time>2025-01-19T02:59:33Z</time><speed>14.816</speed><sat>5</sat></trkpt>
  <trkpt lat="13.79631737" lon="100.48955136"><ele>-11.867</ele><time>2025-01-19T02:59:34Z</time><speed>15.019</speed><sat>5</sat></trkpt>
  <trkpt lat="13.79626746" lon="100.48941088"><ele>-10.600</ele><time>2025-01-19T02:59:35Z</time><speed>15.019</speed><sat>4</sat></trkpt>
  <trkpt lat="13.79617232" lon="100.48914308"><ele>-8.947</ele><time>2025-01-19T02:59:37Z</time><speed>14.701</speed><sat>4</sat></trkpt>
  <trkpt lat="13.79612862" lon="100.48901264"><ele>-8.477</ele><time>2025-01-19T02:59:38Z</time><speed>14.371</speed><sat>4</sat></trkpt>
  <trkpt lat="13.79603584" lon="100.48875793"><ele>-10.106</ele><time>2025-01-19T02:59:40Z</time><speed>14.172</speed><sat>4</sat></trkpt>
  <trkpt lat="13.79598882" lon="100.48863954"><ele>-11.830</ele><time>2025-01-19T02:59:41Z</time><speed>14.046</speed><sat>4</sat></trkpt>
  <trkpt lat="13.79594061" lon="100.48851795"><ele>-12.980</ele><time>2025-01-19T02:59:42Z</time><speed>14.193</speed><sat>4</sat></trkpt>
  <trkpt lat="13.79589626" lon="100.48839699"><ele>-14.474</ele><time>2025-01-19T02:59:43Z</time><speed>14.044</speed><sat>4</sat></trkpt>
  <trkpt lat="13.79586081" lon="100.48827881"><ele>-15.889</ele><time>2025-01-19T02:59:44Z</time><speed>14.051</speed><sat>4</sat></trkpt>
  <trkpt lat="13.79583112" lon="100.48816770"><ele>-18.032</ele><time>2025-01-19T02:59:45Z</time><speed>13.285</speed><sat>4</sat></trkpt>
  <trkpt lat="13.79579770" lon="100.48805613"><ele>-19.415</ele><time>2025-01-19T02:59:46Z</time><speed>12.921</speed><sat>4</sat></trkpt>
  <trkpt lat="13.79548904" lon="100.48676292"><ele>-18.972</ele><time>2025-01-19T02:59:58Z</time><speed>11.517</speed><sat>6</sat></trkpt>
  <trkpt lat="13.79546786" lon="100.48665044"><ele>-18.095</ele><time>2025-01-19T02:59:59Z</time><speed>11.213</speed><sat>7</sat></trkpt>
  <trkpt lat="13.79544593" lon="100.48655854"><ele>-16.874</ele><time>2025-01-19T03:00:00Z</time><speed>10.858</speed><sat>7</sat></trkpt>
  <trkpt lat="13.79541397" lon="100.48647918"><ele>-15.833</ele><time>2025-01-19T03:00:01Z</time><speed>10.826</speed><sat>7</sat></trkpt>
  <trkpt lat="13.79536579" lon="100.48639015"><ele>-15.038</ele><time>2025-01-19T03:00:02Z</time><speed>10.921</speed><sat>6</sat></trkpt>
  <trkpt lat="13.79534028" lon="100.48627943"><ele>-14.158</ele><time>2025-01-19T03:00:03Z</time><speed>11.076</speed><sat>7</sat></trkpt>
  <trkpt lat="13.79528968" lon="100.48621594"><ele>-14.309</ele><time>2025-01-19T03:00:04Z</time><speed>11.097</speed><sat>8</sat></trkpt>
  <trkpt lat="13.79524056" lon="100.48611275"><ele>-15.236</ele><time>2025-01-19T03:00:05Z</time><speed>10.844</speed><sat>6</sat></trkpt>
  <trkpt lat="13.79519885" lon="100.48600582"><ele>-15.746</ele><time>2025-01-19T03:00:06Z</time><speed>11.013</speed><sat>8</sat></trkpt>
  <trkpt lat="13.79516175" lon="100.48590519"><ele>-16.794</ele><time>2025-01-19T03:00:07Z</time><speed>11.162</speed><sat>9</sat></trkpt>
  <trkpt lat="13.79511735" lon="100.48580788"><ele>-17.570</ele><time>2025-01-19T03:00:08Z</time><speed>11.215</speed><sat>8</sat></trkpt>
  <trkpt lat="13.79507844" lon="100.48571082"><ele>-17.773</ele><time>2025-01-19T03:00:09Z</time><speed>11.211</speed><sat>7</sat></trkpt>
  <trkpt lat="13.79504627" lon="100.48561768"><ele>-16.258</ele><time>2025-01-19T03:00:10Z</time><speed>11.151</speed><sat>9</sat></trkpt>
  <trkpt lat="13.79500428" lon="100.48553226"><ele>-17.101</ele><time>2025-01-19T03:00:11Z</time><speed>10.895</speed><sat>10</sat></trkpt>
  <trkpt lat="13.79496418" lon="100.48544032"><ele>-17.208</ele><time>2025-01-19T03:00:12Z</time><speed>10.809</speed><sat>10</sat></trkpt>
  <trkpt lat="13.79493665" lon="100.48535246"><ele>-16.509</ele><time>2025-01-19T03:00:13Z</time><speed>10.669</speed><sat>10</sat></trkpt>
  <trkpt lat="13.79490487" lon="100.48527696"><ele>-16.889</ele><time>2025-01-19T03:00:14Z</time><speed>10.701</speed><sat>10</sat></trkpt>
  <trkpt lat="13.79486949" lon="100.48519327"><ele>-17.514</ele><time>2025-01-19T03:00:15Z</time><speed>10.638</speed><sat>9</sat></trkpt>
  <trkpt lat="13.79483205" lon="100.48509581"><ele>-17.759</ele><time>2025-01-19T03:00:16Z</time><speed>10.620</speed><sat>10</sat></trkpt>
  <trkpt lat="13.79479889" lon="100.48500272"><ele>-17.726</ele><time>2025-01-19T03:00:17Z</time><speed>10.938</speed><sat>10</sat></trkpt>
  <trkpt lat="13.79476384" lon="100.48490356"><ele>-16.952</ele><time>2025-01-19T03:00:18Z</time><speed>10.743</speed><sat>9</sat></trkpt>
  <trkpt lat="13.79472871" lon="100.48481460"><ele>-16.660</ele><time>2025-01-19T03:00:19Z</time><speed>10.298</speed><sat>7</sat></trkpt>
  <trkpt lat="13.79466937" lon="100.48463635"><ele>-18.630</ele><time>2025-01-19T03:00:21Z</time><speed>10.681</speed><sat>5</sat></trkpt>
  <trkpt lat="13.79464009" lon="100.48455409"><ele>-18.015</ele><time>2025-01-19T03:00:22Z</time><speed>10.413</speed><sat>6</sat></trkpt>
  <trkpt lat="13.79459953" lon="100.48447264"><ele>-18.227</ele><time>2025-01-19T03:00:23Z</time><speed>10.122</speed><sat>6</sat></trkpt>
  <trkpt lat="13.79456763" lon="100.48439131"><ele>-18.583</ele><time>2025-01-19T03:00:24Z</time><speed>9.933</speed><sat>8</sat></trkpt>
  <trkpt lat="13.79453050" lon="100.48430318"><ele>-19.086</ele><time>2025-01-19T03:00:25Z</time><speed>9.872</speed><sat>7</sat></trkpt>
  <trkpt lat="13.79449818" lon="100.48422857"><ele>-19.088</ele><time>2025-01-19T03:00:26Z</time><speed>9.510</speed><sat>7</sat></trkpt>
  <trkpt lat="13.79446640" lon="100.48414701"><ele>-18.995</ele><time>2025-01-19T03:00:27Z</time><speed>9.375</speed><sat>5</sat></trkpt>
  <trkpt lat="13.79440339" lon="100.48398851"><ele>-19.065</ele><time>2025-01-19T03:00:29Z</time><speed>9.255</speed><sat>5</sat></trkpt>
  <trkpt lat="13.79437053" lon="100.48391149"><ele>-18.664</ele><time>2025-01-19T03:00:30Z</time><speed>9.100</speed><sat>6</sat></trkpt>
  <trkpt lat="13.79433515" lon="100.48383319"><ele>-18.706</ele><time>2025-01-19T03:00:31Z</time><speed>9.100</speed><sat>4</sat></trkpt>
  <trkpt lat="13.79429503" lon="100.48374362"><ele>-18.385</ele><time>2025-01-19T03:00:32Z</time><speed>9.517</speed><sat>5</sat></trkpt>
  <trkpt lat="13.79424738" lon="100.48365644"><ele>-18.971</ele><time>2025-01-19T03:00:33Z</time><speed>9.583</speed><sat>5</sat></trkpt>
  <trkpt lat="13.79422118" lon="100.48355830"><ele>-19.592</ele><time>2025-01-19T03:00:34Z</time><speed>9.062</speed><sat>5</sat></trkpt>
  <trkpt lat="13.79418689" lon="100.48346738"><ele>-19.543</ele><time>2025-01-19T03:00:35Z</time><speed>9.062</speed><sat>4</sat></trkpt>
  <trkpt lat="13.79416250" lon="100.48339692"><ele>-18.659</ele><time>2025-01-19T03:00:36Z</time><speed>9.230</speed><sat>5</sat></trkpt>
  <trkpt lat="13.79412945" lon="100.48331954"><ele>-18.267</ele><time>2025-01-19T03:00:37Z</time><speed>9.091</speed><sat>5</sat></trkpt>
  <trkpt lat="13.79409625" lon="100.48322767"><ele>-18.287</ele><time>2025-01-19T03:00:38Z</time><speed>8.966</speed><sat>6</sat></trkpt>
  <trkpt lat="13.79406188" lon="100.48314185"><ele>-18.687</ele><time>2025-01-19T03:00:39Z</time><speed>8.631</speed><sat>6</sat></trkpt>
  <trkpt lat="13.79403737" lon="100.48306996"><ele>-18.890</ele><time>2025-01-19T03:00:40Z</time><speed>8.631</speed><sat>4</sat></trkpt>
  <trkpt lat="13.79400685" lon="100.48299172"><ele>-18.960</ele><time>2025-01-19T03:00:41Z</time><speed>8.636</speed><sat>5</sat></trkpt>
  <trkpt lat="13.79397288" lon="100.48290940"><ele>-19.513</ele><time>2025-01-19T03:00:42Z</time><speed>8.409</speed><sat>5</sat></trkpt>
  <trkpt lat="13.79394166" lon="100.48283307"><ele>-20.160</ele><time>2025-01-19T03:00:43Z</time><speed>8.481</speed><sat>6</sat></trkpt>
  <trkpt lat="13.79391253" lon="100.48276309"><ele>-20.863</ele><time>2025-01-19T03:00:44Z</time><speed>8.311</speed><sat>6</sat></trkpt>
  <trkpt lat="13.79388898" lon="100.48269784"><ele>-20.993</ele><time>2025-01-19T03:00:45Z</time><speed>8.137</speed><sat>8</sat></trkpt>
  <trkpt lat="13.79386520" lon="100.48263455"><ele>-20.624</ele><time>2025-01-19T03:00:46Z</time><speed>8.299</speed><sat>8</sat></trkpt>
  <trkpt lat="13.79383759" lon="100.48257091"><ele>-19.619</ele><time>2025-01-19T03:00:47Z</time><speed>8.103</speed><sat>10</sat></trkpt>
  <trkpt lat="13.79381307" lon="100.48250971"><ele>-19.257</ele><time>2025-01-19T03:00:48Z</time><speed>7.633</speed><sat>10</sat></trkpt>
  <trkpt lat="13.79379336" lon="100.48246110"><ele>-19.753</ele><time>2025-01-19T03:00:49Z</time><speed>7.413</speed><sat>9</sat></trkpt>
  <trkpt lat="13.79377194" lon="100.48241143"><ele>-20.090</ele><time>2025-01-19T03:00:50Z</time><speed>7.347</speed><sat>9</sat></trkpt>
  <trkpt lat="13.79374625" lon="100.48237226"><ele>-20.469</ele><time>2025-01-19T03:00:51Z</time><speed>7.181</speed><sat>10</sat></trkpt>
  <trkpt lat="13.79372856" lon="100.48232355"><ele>-21.050</ele><time>2025-01-19T03:00:52Z</time><speed>7.081</speed><sat>10</sat></trkpt>
  <trkpt lat="13.79370626" lon="100.48226710"><ele>-21.663</ele><time>2025-01-19T03:00:53Z</time><speed>7.066</speed><sat>10</sat></trkpt>
  <trkpt lat="13.79368191" lon="100.48220961"><ele>-21.847</ele><time>2025-01-19T03:00:54Z</time><speed>6.997</speed><sat>10</sat></trkpt>
  <trkpt lat="13.79365599" lon="100.48215282"><ele>-21.283</ele><time>2025-01-19T03:00:55Z</time><speed>6.804</speed><sat>11</sat></trkpt>
  <trkpt lat="13.79363664" lon="100.48210082"><ele>-22.009</ele><time>2025-01-19T03:00:56Z</time><speed>6.570</speed><sat>9</sat></trkpt>
  <trkpt lat="13.79361377" lon="100.48204888"><ele>-20.863</ele><time>2025-01-19T03:00:57Z</time><speed>6.249</speed><sat>9</sat></trkpt>
  <trkpt lat="13.79359569" lon="100.48200421"><ele>-20.272</ele><time>2025-01-19T03:00:58Z</time><speed>6.081</speed><sat>9</sat></trkpt>
  <trkpt lat="13.79357883" lon="100.48194930"><ele>-20.105</ele><time>2025-01-19T03:00:59Z</time><speed>6.113</speed><sat>8</sat></trkpt>
  <trkpt lat="13.79355784" lon="100.48189123"><ele>-19.426</ele><time>2025-01-19T03:01:00Z</time><speed>6.117</speed><sat>5</sat></trkpt>
  <trkpt lat="13.79353988" lon="100.48183206"><ele>-18.176</ele><time>2025-01-19T03:01:01Z</time><speed>6.044</speed><sat>7</sat></trkpt>
  <trkpt lat="13.79351683" lon="100.48177301"><ele>-18.147</ele><time>2025-01-19T03:01:02Z</time><speed>6.299</speed><sat>9</sat></trkpt>
  <trkpt lat="13.79349244" lon="100.48171105"><ele>-17.534</ele><time>2025-01-19T03:01:03Z</time><speed>6.431</speed><sat>9</sat></trkpt>
  <trkpt lat="13.79347519" lon="100.48165476"><ele>-16.984</ele><time>2025-01-19T03:01:04Z</time><speed>6.540</speed><sat>9</sat></trkpt>
  <trkpt lat="13.79345125" lon="100.48159217"><ele>-17.395</ele><time>2025-01-19T03:01:05Z</time><speed>6.522</speed><sat>9</sat></trkpt>
  <trkpt lat="13.79342417" lon="100.48153172"><ele>-18.037</ele><time>2025-01-19T03:01:06Z</time><speed>6.201</speed><sat>9</sat></trkpt>
  <trkpt lat="13.79339979" lon="100.48146968"><ele>-17.908</ele><time>2025-01-19T03:01:07Z</time><speed>6.320</speed><sat>9</sat></trkpt>
  <trkpt lat="13.79338001" lon="100.48141232"><ele>-18.200</ele><time>2025-01-19T03:01:08Z</time><speed>6.485</speed><sat>8</sat></trkpt>
  <trkpt lat="13.79335932" lon="100.48136200"><ele>-18.458</ele><time>2025-01-19T03:01:09Z</time><speed>6.354</speed><sat>8</sat></trkpt>
  <trkpt lat="13.79333883" lon="100.48131765"><ele>-18.534</ele><time>2025-01-19T03:01:10Z</time><speed>6.406</speed><sat>7</sat></trkpt>
  <trkpt lat="13.79331630" lon="100.48125685"><ele>-17.258</ele><time>2025-01-19T03:01:11Z</time><speed>6.524</speed><sat>11</sat></trkpt>
  <trkpt lat="13.79329040" lon="100.48120038"><ele>-14.693</ele><time>2025-01-19T03:01:12Z</time><speed>6.569</speed><sat>10</sat></trkpt>
  <trkpt lat="13.79327405" lon="100.48114716"><ele>-15.626</ele><time>2025-01-19T03:01:13Z</time><speed>6.592</speed><sat>10</sat></trkpt>
  <trkpt lat="13.79325864" lon="100.48110063"><ele>-16.238</ele><time>2025-01-19T03:01:14Z</time><speed>6.523</speed><sat>12</sat></trkpt>
  <trkpt lat="13.79323548" lon="100.48103998"><ele>-15.209</ele><time>2025-01-19T03:01:15Z</time><speed>6.390</speed><sat>13</sat></trkpt>
  <trkpt lat="13.79320976" lon="100.48098430"><ele>-16.393</ele><time>2025-01-19T03:01:16Z</time><speed>6.470</speed><sat>13</sat></trkpt>
  <trkpt lat="13.79318973" lon="100.48094107"><ele>-18.311</ele><time>2025-01-19T03:01:17Z</time><speed>6.451</speed><sat>12</sat></trkpt>
  <trkpt lat="13.79317287" lon="100.48089856"><ele>-18.374</ele><time>2025-01-19T03:01:18Z</time><speed>6.389</speed><sat>14</sat></trkpt>
  <trkpt lat="13.79315393" lon="100.48084635"><ele>-18.519</ele><time>2025-01-19T03:01:19Z</time><speed>6.391</speed><sat>12</sat></trkpt>
  <trkpt lat="13.79313618" lon="100.48078565"><ele>-17.766</ele><time>2025-01-19T03:01:20Z</time><speed>6.537</speed><sat>14</sat></trkpt>
  <trkpt lat="13.79311697" lon="100.48073315"><ele>-17.792</ele><time>2025-01-19T03:01:21Z</time><speed>6.631</speed><sat>14</sat></trkpt>
  <trkpt lat="13.79309259" lon="100.48068380"><ele>-17.638</ele><time>2025-01-19T03:01:22Z</time><speed>6.709</speed><sat>13</sat></trkpt>
  <trkpt lat="13.79306586" lon="100.48063216"><ele>-18.341</ele><time>2025-01-19T03:01:23Z</time><speed>6.859</speed><sat>14</sat></trkpt>
  <trkpt lat="13.79304073" lon="100.48057226"><ele>-17.589</ele><time>2025-01-19T03:01:24Z</time><speed>6.987</speed><sat>14</sat></trkpt>
  <trkpt lat="13.79301163" lon="100.48051500"><ele>-17.195</ele><time>2025-01-19T03:01:25Z</time><speed>6.918</speed><sat>14</sat></trkpt>
  <trkpt lat="13.79298443" lon="100.48045902"><ele>-16.848</ele><time>2025-01-19T03:01:26Z</time><speed>7.097</speed><sat>14</sat></trkpt>
  <trkpt lat="13.79295752" lon="100.48039720"><ele>-16.655</ele><time>2025-01-19T03:01:27Z</time><speed>7.190</speed><sat>13</sat></trkpt>
  <trkpt lat="13.79293834" lon="100.48033330"><ele>-16.614</ele><time>2025-01-19T03:01:28Z</time><speed>7.421</speed><sat>14</sat></trkpt>
  <trkpt lat="13.79291201" lon="100.48026537"><ele>-16.962</ele><time>2025-01-19T03:01:29Z</time><speed>7.496</speed><sat>13</sat></trkpt>
  <trkpt lat="13.79288613" lon="100.48019894"><ele>-16.859</ele><time>2025-01-19T03:01:30Z</time><speed>7.619</speed><sat>12</sat></trkpt>
  <trkpt lat="13.79286215" lon="100.48012465"><ele>-17.122</ele><time>2025-01-19T03:01:31Z</time><speed>7.762</speed><sat>13</sat></trkpt>
  <trkpt lat="13.79283534" lon="100.48005545"><ele>-16.811</ele><time>2025-01-19T03:01:32Z</time><speed>7.758</speed><sat>14</sat></trkpt>
  <trkpt lat="13.79283292" lon="100.47998993"><ele>-19.498</ele><time>2025-01-19T03:01:33Z</time><speed>7.736</speed><sat>13</sat></trkpt>
  <trkpt lat="13.79282707" lon="100.47993331"><ele>-20.746</ele><time>2025-01-19T03:01:34Z</time><speed>7.807</speed><sat>14</sat></trkpt>
  <trkpt lat="13.79279940" lon="100.47986782"><ele>-19.868</ele><time>2025-01-19T03:01:35Z</time><speed>7.817</speed><sat>13</sat></trkpt>
  <trkpt lat="13.79275831" lon="100.47978893"><ele>-17.583</ele><time>2025-01-19T03:01:36Z</time><speed>7.969</speed><sat>14</sat></trkpt>
  <trkpt lat="13.79273229" lon="100.47971710"><ele>-17.287</ele><time>2025-01-19T03:01:37Z</time><speed>8.290</speed><sat>13</sat></trkpt>
  <trkpt lat="13.79270702" lon="100.47964691"><ele>-16.592</ele><time>2025-01-19T03:01:38Z</time><speed>8.353</speed><sat>14</sat></trkpt>
  <trkpt lat="13.79267866" lon="100.47956991"><ele>-16.520</ele><time>2025-01-19T03:01:39Z</time><speed>8.332</speed><sat>14</sat></trkpt>
  <trkpt lat="13.79265789" lon="100.47948834"><ele>-16.538</ele><time>2025-01-19T03:01:40Z</time><speed>8.522</speed><sat>17</sat></trkpt>
  <trkpt lat="13.79263744" lon="100.47941452"><ele>-16.805</ele><time>2025-01-19T03:01:41Z</time><speed>8.474</speed><sat>16</sat></trkpt>
  <trkpt lat="13.79261614" lon="100.47934847"><ele>-16.772</ele><time>2025-01-19T03:01:42Z</time><speed>8.104</speed><sat>17</sat></trkpt>
  <trkpt lat="13.79259379" lon="100.47927397"><ele>-17.588</ele><time>2025-01-19T03:01:43Z</time><speed>8.041</speed><sat>16</sat></trkpt>
  <trkpt lat="13.79257697" lon="100.47919284"><ele>-18.466</ele><time>2025-01-19T03:01:44Z</time><speed>8.338</speed><sat>15</sat></trkpt>
  <trkpt lat="13.79255959" lon="100.47912528"><ele>-19.922</ele><time>2025-01-19T03:01:45Z</time><speed>8.252</speed><sat>14</sat></trkpt>
  <trkpt lat="13.79254095" lon="100.47905929"><ele>-20.739</ele><time>2025-01-19T03:01:46Z</time><speed>8.188</speed><sat>13</sat></trkpt>
  <trkpt lat="13.79251897" lon="100.47899567"><ele>-21.488</ele><time>2025-01-19T03:01:47Z</time><speed>8.146</speed><sat>11</sat></trkpt>
  <trkpt lat="13.79249841" lon="100.47893036"><ele>-21.283</ele><time>2025-01-19T03:01:48Z</time><speed>7.793</speed><sat>14</sat></trkpt>
  <trkpt lat="13.79247437" lon="100.47887350"><ele>-21.685</ele><time>2025-01-19T03:01:49Z</time><speed>7.763</speed><sat>14</sat></trkpt>
  <trkpt lat="13.79244798" lon="100.47881302"><ele>-21.720</ele><time>2025-01-19T03:01:50Z</time><speed>7.664</speed><sat>17</sat></trkpt>
  <trkpt lat="13.79241524" lon="100.47874475"><ele>-20.424</ele><time>2025-01-19T03:01:51Z</time><speed>7.157</speed><sat>17</sat></trkpt>
  <trkpt lat="13.79238372" lon="100.47867502"><ele>-19.448</ele><time>2025-01-19T03:01:52Z</time><speed>6.765</speed><sat>18</sat></trkpt>
  <trkpt lat="13.79236081" lon="100.47861040"><ele>-18.854</ele><time>2025-01-19T03:01:53Z</time><speed>6.501</speed><sat>18</sat></trkpt>
  <trkpt lat="13.79234456" lon="100.47854614"><ele>-17.641</ele><time>2025-01-19T03:01:54Z</time><speed>6.498</speed><sat>16</sat></trkpt>
  <trkpt lat="13.79232541" lon="100.47848928"><ele>-17.604</ele><time>2025-01-19T03:01:55Z</time><speed>6.473</speed><sat>17</sat></trkpt>
  <trkpt lat="13.79230468" lon="100.47843334"><ele>-18.034</ele><time>2025-01-19T03:01:56Z</time><speed>6.232</speed><sat>17</sat></trkpt>
  <trkpt lat="13.79228460" lon="100.47838332"><ele>-18.541</ele><time>2025-01-19T03:01:57Z</time><speed>5.875</speed><sat>17</sat></trkpt>
  <trkpt lat="13.79226327" lon="100.47834046"><ele>-18.776</ele><time>2025-01-19T03:01:58Z</time><speed>5.600</speed><sat>17</sat></trkpt>
  <trkpt lat="13.79224809" lon="100.47830528"><ele>-19.174</ele><time>2025-01-19T03:01:59Z</time><speed>5.230</speed><sat>20</sat></trkpt>
  <trkpt lat="13.79223553" lon="100.47826751"><ele>-19.325</ele><time>2025-01-19T03:02:00Z</time><speed>4.945</speed><sat>20</sat></trkpt>
  <trkpt lat="13.79222056" lon="100.47823557"><ele>-21.688</ele><time>2025-01-19T03:02:01Z</time><speed>4.845</speed><sat>19</sat></trkpt>
  <trkpt lat="13.79220865" lon="100.47819461"><ele>-23.335</ele><time>2025-01-19T03:02:02Z</time><speed>4.321</speed><sat>18</sat></trkpt>
  <trkpt lat="13.79220226" lon="100.47816682"><ele>-23.641</ele><time>2025-01-19T03:02:03Z</time><speed>3.880</speed><sat>18</sat></trkpt>
  <trkpt lat="13.79219414" lon="100.47814391"><ele>-24.004</ele><time>2025-01-19T03:02:04Z</time><speed>3.618</speed><sat>18</sat></trkpt>
  <trkpt lat="13.79218731" lon="100.47812441"><ele>-24.885</ele><time>2025-01-19T03:02:05Z</time><speed>3.458</speed><sat>17</sat></trkpt>
  <trkpt lat="13.79217397" lon="100.47809663"><ele>-25.535</ele><time>2025-01-19T03:02:06Z</time><speed>3.385</speed><sat>19</sat></trkpt>
  <trkpt lat="13.79216066" lon="100.47806448"><ele>-25.507</ele><time>2025-01-19T03:02:07Z</time><speed>3.248</speed><sat>20</sat></trkpt>
  <trkpt lat="13.79214281" lon="100.47802694"><ele>-25.574</ele><time>2025-01-19T03:02:08Z</time><speed>3.257</speed><sat>20</sat></trkpt>
  <trkpt lat="13.79213125" lon="100.47799627"><ele>-25.403</ele><time>2025-01-19T03:02:09Z</time><speed>3.020</speed><sat>18</sat></trkpt>
  <trkpt lat="13.79212078" lon="100.47797896"><ele>-24.780</ele><time>2025-01-19T03:02:10Z</time><speed>2.749</speed><sat>19</sat></trkpt>
  <trkpt lat="13.79211187" lon="100.47796161"><ele>-24.238</ele><time>2025-01-19T03:02:11Z</time><speed>2.456</speed><sat>20</sat></trkpt>
  <trkpt lat="13.79210408" lon="100.47794362"><ele>-23.913</ele><time>2025-01-19T03:02:12Z</time><speed>2.154</speed><sat>18</sat></trkpt>
  <trkpt lat="13.79209429" lon="100.47792542"><ele>-24.123</ele><time>2025-01-19T03:02:13Z</time><speed>1.980</speed><sat>18</sat></trkpt>
  <trkpt lat="13.79209097" lon="100.47791869"><ele>-24.277</ele><time>2025-01-19T03:02:14Z</time><speed>1.620</speed><sat>18</sat></trkpt>
  <trkpt lat="13.79208778" lon="100.47790518"><ele>-24.534</ele><time>2025-01-19T03:02:15Z</time><speed>1.340</speed><sat>18</sat></trkpt>
  <trkpt lat="13.79208858" lon="100.47790343"><ele>-24.596</ele><time>2025-01-19T03:02:16Z</time><speed>0.748</speed><sat>20</sat></trkpt>
  <trkpt lat="13.79208941" lon="100.47789647"><ele>-25.237</ele><time>2025-01-19T03:02:17Z</time><speed>0.589</speed><sat>21</sat></trkpt>
  <trkpt lat="13.79208651" lon="100.47789018"><ele>-24.949</ele><time>2025-01-19T03:02:18Z</time><speed>0.491</speed><sat>19</sat></trkpt>
  <trkpt lat="13.79208649" lon="100.47789015"><ele>-27.076</ele><time>2025-01-19T03:02:19Z</time><speed>0.000</speed><sat>20</sat></trkpt>
  <trkpt lat="13.79208649" lon="100.47789015"><ele>-26.159</ele><time>2025-01-19T03:02:20Z</time><speed>0.000</speed><sat>19</sat></trkpt>
  <trkpt lat="13.79208649" lon="100.47789015"><ele>-25.759</ele><time>2025-01-19T03:02:21Z</time><speed>0.000</speed><sat>18</sat></trkpt>
  <trkpt lat="13.79208649" lon="100.47789015"><ele>-25.619</ele><time>2025-01-19T03:02:22Z</time><speed>0.000</speed><sat>18</sat></trkpt>
  <trkpt lat="13.79208649" lon="100.47789015"><ele>-24.973</ele><time>2025-01-19T03:02:23Z</time><speed>0.000</speed><sat>16</sat></trkpt>
  <trkpt lat="13.79208649" lon="100.47789015"><ele>-24.629</ele><time>2025-01-19T03:02:24Z</time><speed>0.000</speed><sat>16</sat></trkpt>
  <trkpt lat="13.79208649" lon="100.47789015"><ele>-24.078</ele><time>2025-01-19T03:02:25Z</time><speed>0.000</speed><sat>16</sat></trkpt>
  <trkpt lat="13.79208649" lon="100.47789015"><ele>-23.287</ele><time>2025-01-19T03:02:26Z</time><speed>0.000</speed><sat>16</sat></trkpt>
  <trkpt lat="13.79208649" lon="100.47789015"><ele>-22.496</ele><time>2025-01-19T03:02:27Z</time><speed>0.000</speed><sat>15</sat></trkpt>
  <trkpt lat="13.79208649" lon="100.47789015"><ele>-22.338</ele><time>2025-01-19T03:02:28Z</time><speed>0.000</speed><sat>16</sat></trkpt>
  <trkpt lat="13.79208649" lon="100.47789015"><ele>-22.072</ele><time>2025-01-19T03:02:29Z</time><speed>0.000</speed><sat>16</sat></trkpt>
  <trkpt lat="13.79208649" lon="100.47789015"><ele>-21.719</ele><time>2025-01-19T03:02:30Z</time><speed>0.000</speed><sat>17</sat></trkpt>
  <trkpt lat="13.79208649" lon="100.47789015"><ele>-21.473</ele><time>2025-01-19T03:02:31Z</time><speed>0.000</speed><sat>14</sat></trkpt>
  <trkpt lat="13.79208649" lon="100.47789015"><ele>-20.881</ele><time>2025-01-19T03:02:32Z</time><speed>0.000</speed><sat>14</sat></trkpt>
  <trkpt lat="13.79208649" lon="100.47789015"><ele>-20.590</ele><time>2025-01-19T03:02:33Z</time><speed>0.000</speed><sat>15</sat></trkpt>
  <trkpt lat="13.79208649" lon="100.47789015"><ele>-20.132</ele><time>2025-01-19T03:02:34Z</time><speed>0.000</speed><sat>14</sat></trkpt>
  <trkpt lat="13.79208649" lon="100.47789015"><ele>-19.919</ele><time>2025-01-19T03:02:35Z</time><speed>0.000</speed><sat>14</sat></trkpt>
  <trkpt lat="13.79208649" lon="100.47789015"><ele>-19.990</ele><time>2025-01-19T03:02:36Z</time><speed>0.000</speed><sat>16</sat></trkpt>
  <trkpt lat="13.79208649" lon="100.47789015"><ele>-19.762</ele><time>2025-01-19T03:02:37Z</time><speed>0.000</speed><sat>16</sat></trkpt>
  <trkpt lat="13.79208649" lon="100.47789015"><ele>-19.626</ele><time>2025-01-19T03:02:38Z</time><speed>0.000</speed><sat>15</sat></trkpt>
  <trkpt lat="13.79208649" lon="100.47789015"><ele>-19.726</ele><time>2025-01-19T03:02:39Z</time><speed>0.000</speed><sat>16</sat></trkpt>
  <trkpt lat="13.79208649" lon="100.47789015"><ele>-19.512</ele><time>2025-01-19T03:02:40Z</time><speed>0.000</speed><sat>15</sat></trkpt>
  <trkpt lat="13.79208649" lon="100.47789015"><ele>-19.728</ele><time>2025-01-19T03:02:41Z</time><speed>0.000</speed><sat>14</sat></trkpt>
  <trkpt lat="13.79208649" lon="100.47789015"><ele>-19.548</ele><time>2025-01-19T03:02:42Z</time><speed>0.000</speed><sat>18</sat></trkpt>
  <trkpt lat="13.79208649" lon="100.47789015"><ele>-19.688</ele><time>2025-01-19T03:02:43Z</time><speed>0.000</speed><sat>15</sat></trkpt>
  <trkpt lat="13.79208649" lon="100.47789015"><ele>-19.717</ele><time>2025-01-19T03:02:44Z</time><speed>0.000</speed><sat>16</sat></trkpt>
  <trkpt lat="13.79208649" lon="100.47789015"><ele>-19.543</ele><time>2025-01-19T03:02:45Z</time><speed>0.000</speed><sat>15</sat></trkpt>
  <trkpt lat="13.79208649" lon="100.47789015"><ele>-19.306</ele><time>2025-01-19T03:02:46Z</time><speed>0.000</speed><sat>17</sat></trkpt>
  <trkpt lat="13.79208649" lon="100.47789015"><ele>-19.090</ele><time>2025-01-19T03:02:47Z</time><speed>0.000</speed><sat>16</sat></trkpt>
  <trkpt lat="13.79208649" lon="100.47789015"><ele>-18.722</ele><time>2025-01-19T03:02:49Z</time><speed>0.000</speed><sat>18</sat></trkpt>
  <trkpt lat="13.79208649" lon="100.47789015"><ele>-18.825</ele><time>2025-01-19T03:02:50Z</time><speed>0.000</speed><sat>18</sat></trkpt>
  <trkpt lat="13.79207827" lon="100.47785799"><ele>-18.882</ele><time>2025-01-19T03:02:51Z</time><speed>0.293</speed><sat>17</sat></trkpt>
  <trkpt lat="13.79207824" lon="100.47785746"><ele>-19.213</ele><time>2025-01-19T03:02:52Z</time><speed>0.351</speed><sat>16</sat></trkpt>
  <trkpt lat="13.79207930" lon="100.47785678"><ele>-19.380</ele><time>2025-01-19T03:02:53Z</time><speed>0.417</speed><sat>16</sat></trkpt>
  <trkpt lat="13.79207935" lon="100.47785682"><ele>-19.468</ele><time>2025-01-19T03:02:54Z</time><speed>0.000</speed><sat>19</sat></trkpt>
  <trkpt lat="13.79207935" lon="100.47785682"><ele>-19.655</ele><time>2025-01-19T03:02:55Z</time><speed>0.000</speed><sat>18</sat></trkpt>
  <trkpt lat="13.79207700" lon="100.47784781"><ele>-20.024</ele><time>2025-01-19T03:02:56Z</time><speed>0.992</speed><sat>15</sat></trkpt>
  <trkpt lat="13.79207330" lon="100.47783627"><ele>-19.977</ele><time>2025-01-19T03:02:57Z</time><speed>1.396</speed><sat>15</sat></trkpt>
  <trkpt lat="13.79206977" lon="100.47782343"><ele>-20.050</ele><time>2025-01-19T03:02:58Z</time><speed>1.471</speed><sat>14</sat></trkpt>
  <trkpt lat="13.79206916" lon="100.47780923"><ele>-19.989</ele><time>2025-01-19T03:02:59Z</time><speed>1.520</speed><sat>14</sat></trkpt>
  <trkpt lat="13.79206425" lon="100.47778932"><ele>-20.256</ele><time>2025-01-19T03:03:00Z</time><speed>1.684</speed><sat>14</sat></trkpt>
  <trkpt lat="13.79206060" lon="100.47776873"><ele>-20.316</ele><time>2025-01-19T03:03:01Z</time><speed>1.858</speed><sat>14</sat></trkpt>
  <trkpt lat="13.79205868" lon="100.47774746"><ele>-20.180</ele><time>2025-01-19T03:03:02Z</time><speed>2.092</speed><sat>14</sat></trkpt>
  <trkpt lat="13.79205263" lon="100.47772399"><ele>-19.495</ele><time>2025-01-19T03:03:03Z</time><speed>2.057</speed><sat>12</sat></trkpt>
  <trkpt lat="13.79204568" lon="100.47770063"><ele>-19.274</ele><time>2025-01-19T03:03:04Z</time><speed>2.128</speed><sat>13</sat></trkpt>
  <trkpt lat="13.79203751" lon="100.47767728"><ele>-19.169</ele><time>2025-01-19T03:03:05Z</time><speed>2.180</speed><sat>12</sat></trkpt>
  <trkpt lat="13.79203077" lon="100.47764804"><ele>-18.931</ele><time>2025-01-19T03:03:06Z</time><speed>2.219</speed><sat>12</sat></trkpt>
  <trkpt lat="13.79202311" lon="100.47761741"><ele>-18.769</ele><time>2025-01-19T03:03:07Z</time><speed>2.177</speed><sat>14</sat></trkpt>
  <trkpt lat="13.79201536" lon="100.47758491"><ele>-18.353</ele><time>2025-01-19T03:03:08Z</time><speed>2.453</speed><sat>13</sat></trkpt>
  <trkpt lat="13.79198732" lon="100.47749525"><ele>-18.799</ele><time>2025-01-19T03:03:10Z</time><speed>3.890</speed><sat>11</sat></trkpt>
  <trkpt lat="13.79197244" lon="100.47744352"><ele>-19.141</ele><time>2025-01-19T03:03:11Z</time><speed>4.361</speed><sat>13</sat></trkpt>
  <trkpt lat="13.79194635" lon="100.47738371"><ele>-19.803</ele><time>2025-01-19T03:03:12Z</time><speed>4.633</speed><sat>12</sat></trkpt>
  <trkpt lat="13.79191904" lon="100.47732774"><ele>-21.738</ele><time>2025-01-19T03:03:13Z</time><speed>4.959</speed><sat>11</sat></trkpt>
  <trkpt lat="13.79189538" lon="100.47727417"><ele>-22.658</ele><time>2025-01-19T03:03:14Z</time><speed>5.272</speed><sat>10</sat></trkpt>
  <trkpt lat="13.79186956" lon="100.47721013"><ele>-23.015</ele><time>2025-01-19T03:03:15Z</time><speed>5.842</speed><sat>10</sat></trkpt>
  <trkpt lat="13.79184432" lon="100.47714593"><ele>-23.997</ele><time>2025-01-19T03:03:16Z</time><speed>5.869</speed><sat>10</sat></trkpt>
  <trkpt lat="13.79182206" lon="100.47707803"><ele>-23.875</ele><time>2025-01-19T03:03:17Z</time><speed>6.030</speed><sat>11</sat></trkpt>
  <trkpt lat="13.79179592" lon="100.47700702"><ele>-23.758</ele><time>2025-01-19T03:03:18Z</time><speed>6.214</speed><sat>12</sat></trkpt>
  <trkpt lat="13.79177612" lon="100.47694371"><ele>-23.236</ele><time>2025-01-19T03:03:19Z</time><speed>6.273</speed><sat>11</sat></trkpt>
  <trkpt lat="13.79175119" lon="100.47687524"><ele>-22.397</ele><time>2025-01-19T03:03:20Z</time><speed>6.592</speed><sat>13</sat></trkpt>
  <trkpt lat="13.79172526" lon="100.47680219"><ele>-21.285</ele><time>2025-01-19T03:03:21Z</time><speed>6.807</speed><sat>12</sat></trkpt>
  <trkpt lat="13.79169662" lon="100.47672529"><ele>-20.562</ele><time>2025-01-19T03:03:22Z</time><speed>6.919</speed><sat>13</sat></trkpt>
  <trkpt lat="13.79166837" lon="100.47664815"><ele>-21.586</ele><time>2025-01-19T03:03:23Z</time><speed>7.165</speed><sat>13</sat></trkpt>
  <trkpt lat="13.79164020" lon="100.47656440"><ele>-22.118</ele><time>2025-01-19T03:03:24Z</time><speed>7.495</speed><sat>12</sat></trkpt>
  <trkpt lat="13.79160676" lon="100.47648193"><ele>-21.277</ele><time>2025-01-19T03:03:25Z</time><speed>7.967</speed><sat>13</sat></trkpt>
  <trkpt lat="13.79157869" lon="100.47639833"><ele>-20.767</ele><time>2025-01-19T03:03:26Z</time><speed>8.425</speed><sat>16</sat></trkpt>
  <trkpt lat="13.79154709" lon="100.47630590"><ele>-20.859</ele><time>2025-01-19T03:03:27Z</time><speed>8.834</speed><sat>15</sat></trkpt>
  <trkpt lat="13.79151113" lon="100.47621744"><ele>-22.398</ele><time>2025-01-19T03:03:28Z</time><speed>9.028</speed><sat>16</sat></trkpt>
  <trkpt lat="13.79147190" lon="100.47612738"><ele>-23.647</ele><time>2025-01-19T03:03:29Z</time><speed>9.175</speed><sat>17</sat></trkpt>
  <trkpt lat="13.79143596" lon="100.47603608"><ele>-23.372</ele><time>2025-01-19T03:03:30Z</time><speed>9.495</speed><sat>21</sat></trkpt>
  <trkpt lat="13.79139776" lon="100.47594566"><ele>-23.529</ele><time>2025-01-19T03:03:31Z</time><speed>9.761</speed><sat>21</sat></trkpt>
  <trkpt lat="13.79135942" lon="100.47584846"><ele>-23.623</ele><time>2025-01-19T03:03:32Z</time><speed>9.914</speed><sat>21</sat></trkpt>
  <trkpt lat="13.79132210" lon="100.47575287"><ele>-23.470</ele><time>2025-01-19T03:03:33Z</time><speed>9.962</speed><sat>21</sat></trkpt>
  <trkpt lat="13.79128650" lon="100.47565571"><ele>-23.433</ele><time>2025-01-19T03:03:34Z</time><speed>10.438</speed><sat>22</sat></trkpt>
  <trkpt lat="13.79125240" lon="100.47555970"><ele>-23.092</ele><time>2025-01-19T03:03:35Z</time><speed>10.704</speed><sat>23</sat></trkpt>
  <trkpt lat="13.79121464" lon="100.47545439"><ele>-23.554</ele><time>2025-01-19T03:03:36Z</time><speed>10.867</speed><sat>24</sat></trkpt>
  <trkpt lat="13.79117593" lon="100.47534900"><ele>-23.833</ele><time>2025-01-19T03:03:37Z</time><speed>11.179</speed><sat>23</sat></trkpt>
  <trkpt lat="13.79113718" lon="100.47524286"><ele>-23.711</ele><time>2025-01-19T03:03:38Z</time><speed>11.203</speed><sat>23</sat></trkpt>
  <trkpt lat="13.79109914" lon="100.47513816"><ele>-23.085</ele><time>2025-01-19T03:03:39Z</time><speed>11.261</speed><sat>22</sat></trkpt>
  <trkpt lat="13.79106664" lon="100.47504966"><ele>-22.664</ele><time>2025-01-19T03:03:40Z</time><speed>11.173</speed><sat>22</sat></trkpt>
  <trkpt lat="13.79103461" lon="100.47495632"><ele>-22.614</ele><time>2025-01-19T03:03:41Z</time><speed>11.204</speed><sat>21</sat></trkpt>
  <trkpt lat="13.79097522" lon="100.47477053"><ele>-22.468</ele><time>2025-01-19T03:03:43Z</time><speed>11.459</speed><sat>22</sat></trkpt>
  <trkpt lat="13.79094006" lon="100.47467171"><ele>-23.617</ele><time>2025-01-19T03:03:44Z</time><speed>11.344</speed><sat>18</sat></trkpt>
  <trkpt lat="13.79090457" lon="100.47457390"><ele>-23.985</ele><time>2025-01-19T03:03:45Z</time><speed>11.213</speed><sat>16</sat></trkpt>
  <trkpt lat="13.79086753" lon="100.47448489"><ele>-23.417</ele><time>2025-01-19T03:03:46Z</time><speed>11.110</speed><sat>17</sat></trkpt>
  <trkpt lat="13.79083431" lon="100.47438548"><ele>-23.215</ele><time>2025-01-19T03:03:47Z</time><speed>11.052</speed><sat>16</sat></trkpt>
  <trkpt lat="13.79080345" lon="100.47428943"><ele>-22.671</ele><time>2025-01-19T03:03:48Z</time><speed>11.033</speed><sat>16</sat></trkpt>
  <trkpt lat="13.79077284" lon="100.47419284"><ele>-22.137</ele><time>2025-01-19T03:03:49Z</time><speed>10.864</speed><sat>14</sat></trkpt>
  <trkpt lat="13.79074201" lon="100.47409881"><ele>-22.190</ele><time>2025-01-19T03:03:50Z</time><speed>10.845</speed><sat>14</sat></trkpt>
  <trkpt lat="13.79071218" lon="100.47400024"><ele>-22.279</ele><time>2025-01-19T03:03:51Z</time><speed>10.815</speed><sat>15</sat></trkpt>
  <trkpt lat="13.79068181" lon="100.47390117"><ele>-22.497</ele><time>2025-01-19T03:03:52Z</time><speed>10.708</speed><sat>14</sat></trkpt>
  <trkpt lat="13.79065380" lon="100.47380688"><ele>-22.647</ele><time>2025-01-19T03:03:53Z</time><speed>10.647</speed><sat>12</sat></trkpt>
  <trkpt lat="13.79062465" lon="100.47371429"><ele>-23.254</ele><time>2025-01-19T03:03:54Z</time><speed>10.646</speed><sat>12</sat></trkpt>
  <trkpt lat="13.79059473" lon="100.47361980"><ele>-23.592</ele><time>2025-01-19T03:03:55Z</time><speed>10.471</speed><sat>11</sat></trkpt>
  <trkpt lat="13.79056526" lon="100.47352410"><ele>-23.644</ele><time>2025-01-19T03:03:56Z</time><speed>10.184</speed><sat>11</sat></trkpt>
  <trkpt lat="13.79054279" lon="100.47343460"><ele>-24.025</ele><time>2025-01-19T03:03:57Z</time><speed>9.970</speed><sat>10</sat></trkpt>
  <trkpt lat="13.79054264" lon="100.47335821"><ele>-23.989</ele><time>2025-01-19T03:03:58Z</time><speed>9.797</speed><sat>9</sat></trkpt>
  <trkpt lat="13.79054300" lon="100.47326478"><ele>-23.630</ele><time>2025-01-19T03:03:59Z</time><speed>9.602</speed><sat>12</sat></trkpt>
  <trkpt lat="13.79052146" lon="100.47317537"><ele>-23.639</ele><time>2025-01-19T03:04:00Z</time><speed>9.568</speed><sat>12</sat></trkpt>
  <trkpt lat="13.79050072" lon="100.47309381"><ele>-23.506</ele><time>2025-01-19T03:04:01Z</time><speed>9.252</speed><sat>11</sat></trkpt>
  <trkpt lat="13.79045935" lon="100.47292746"><ele>-22.563</ele><time>2025-01-19T03:04:03Z</time><speed>9.101</speed><sat>11</sat></trkpt>
  <trkpt lat="13.79043891" lon="100.47284374"><ele>-22.421</ele><time>2025-01-19T03:04:04Z</time><speed>9.159</speed><sat>9</sat></trkpt>
  <trkpt lat="13.79041750" lon="100.47276549"><ele>-22.514</ele><time>2025-01-19T03:04:05Z</time><speed>9.170</speed><sat>10</sat></trkpt>
  <trkpt lat="13.79038875" lon="100.47268300"><ele>-22.274</ele><time>2025-01-19T03:04:06Z</time><speed>9.100</speed><sat>10</sat></trkpt>
  <trkpt lat="13.79036523" lon="100.47260624"><ele>-22.226</ele><time>2025-01-19T03:04:07Z</time><speed>9.206</speed><sat>7</sat></trkpt>
  <trkpt lat="13.79034637" lon="100.47253143"><ele>-21.021</ele><time>2025-01-19T03:04:08Z</time><speed>9.393</speed><sat>10</sat></trkpt>
  <trkpt lat="13.79032274" lon="100.47244476"><ele>-21.508</ele><time>2025-01-19T03:04:09Z</time><speed>9.189</speed><sat>10</sat></trkpt>
  <trkpt lat="13.79030006" lon="100.47236585"><ele>-22.719</ele><time>2025-01-19T03:04:10Z</time><speed>9.231</speed><sat>9</sat></trkpt>
  <trkpt lat="13.79027697" lon="100.47227788"><ele>-22.134</ele><time>2025-01-19T03:04:11Z</time><speed>9.664</speed><sat>8</sat></trkpt>
  <trkpt lat="13.79025110" lon="100.47218422"><ele>-22.714</ele><time>2025-01-19T03:04:12Z</time><speed>9.437</speed><sat>8</sat></trkpt>
  <trkpt lat="13.79022743" lon="100.47209973"><ele>-23.033</ele><time>2025-01-19T03:04:13Z</time><speed>9.048</speed><sat>9</sat></trkpt>
  <trkpt lat="13.79020477" lon="100.47201359"><ele>-23.472</ele><time>2025-01-19T03:04:14Z</time><speed>9.081</speed><sat>10</sat></trkpt>
  <trkpt lat="13.79017535" lon="100.47192307"><ele>-22.019</ele><time>2025-01-19T03:04:15Z</time><speed>9.132</speed><sat>9</sat></trkpt>
  <trkpt lat="13.79014812" lon="100.47184052"><ele>-20.935</ele><time>2025-01-19T03:04:16Z</time><speed>9.257</speed><sat>5</sat></trkpt>
  <trkpt lat="13.79012166" lon="100.47175815"><ele>-20.133</ele><time>2025-01-19T03:04:17Z</time><speed>9.387</speed><sat>6</sat></trkpt>
  <trkpt lat="13.79009707" lon="100.47167204"><ele>-19.565</ele><time>2025-01-19T03:04:18Z</time><speed>9.387</speed><sat>4</sat></trkpt>
  <trkpt lat="13.79007271" lon="100.47158416"><ele>-19.610</ele><time>2025-01-19T03:04:19Z</time><speed>9.881</speed><sat>4</sat></trkpt>
  <trkpt lat="13.78960040" lon="100.46930924"><ele>-18.931</ele><time>2025-01-19T03:04:39Z</time><speed>12.951</speed><sat>8</sat></trkpt>
  <trkpt lat="13.78956643" lon="100.46919605"><ele>-18.982</ele><time>2025-01-19T03:04:40Z</time><speed>12.816</speed><sat>8</sat></trkpt>
  <trkpt lat="13.78953486" lon="100.46907752"><ele>-19.647</ele><time>2025-01-19T03:04:41Z</time><speed>13.038</speed><sat>9</sat></trkpt>
  <trkpt lat="13.78951983" lon="100.46896406"><ele>-19.594</ele><time>2025-01-19T03:04:42Z</time><speed>12.988</speed><sat>11</sat></trkpt>
  <trkpt lat="13.78948647" lon="100.46884472"><ele>-20.113</ele><time>2025-01-19T03:04:43Z</time><speed>13.099</speed><sat>9</sat></trkpt>
  <trkpt lat="13.78943633" lon="100.46871846"><ele>-21.009</ele><time>2025-01-19T03:04:44Z</time><speed>13.206</speed><sat>8</sat></trkpt>
  <trkpt lat="13.78939468" lon="100.46859287"><ele>-21.315</ele><time>2025-01-19T03:04:45Z</time><speed>13.509</speed><sat>7</sat></trkpt>
  <trkpt lat="13.78935205" lon="100.46844614"><ele>-21.774</ele><time>2025-01-19T03:04:46Z</time><speed>14.412</speed><sat>9</sat></trkpt>
  <trkpt lat="13.78931801" lon="100.46830758"><ele>-22.912</ele><time>2025-01-19T03:04:47Z</time><speed>14.601</speed><sat>8</sat></trkpt>
  <trkpt lat="13.78928187" lon="100.46816874"><ele>-23.899</ele><time>2025-01-19T03:04:48Z</time><speed>14.820</speed><sat>8</sat></trkpt>
  <trkpt lat="13.78924542" lon="100.46803156"><ele>-24.077</ele><time>2025-01-19T03:04:49Z</time><speed>14.757</speed><sat>6</sat></trkpt>
  <trkpt lat="13.78921324" lon="100.46788902"><ele>-24.270</ele><time>2025-01-19T03:04:50Z</time><speed>14.868</speed><sat>7</sat></trkpt>
  <trkpt lat="13.78917746" lon="100.46775086"><ele>-24.120</ele><time>2025-01-19T03:04:51Z</time><speed>14.797</speed><sat>7</sat></trkpt>
  <trkpt lat="13.78914044" lon="100.46761347"><ele>-23.500</ele><time>2025-01-19T03:04:52Z</time><speed>14.854</speed><sat>7</sat></trkpt>
  <trkpt lat="13.78910478" lon="100.46747456"><ele>-23.726</ele><time>2025-01-19T03:04:53Z</time><speed>15.155</speed><sat>6</sat></trkpt>
  <trkpt lat="13.78907429" lon="100.46735487"><ele>-24.015</ele><time>2025-01-19T03:04:54Z</time><speed>15.038</speed><sat>6</sat></trkpt>
  <trkpt lat="13.78903737" lon="100.46721980"><ele>-23.757</ele><time>2025-01-19T03:04:55Z</time><speed>15.456</speed><sat>6</sat></trkpt>
  <trkpt lat="13.78862032" lon="100.46545337"><ele>-18.241</ele><time>2025-01-19T03:05:08Z</time><speed>16.563</speed><sat>6</sat></trkpt>
  <trkpt lat="13.78859379" lon="100.46530681"><ele>-19.073</ele><time>2025-01-19T03:05:09Z</time><speed>16.563</speed><sat>4</sat></trkpt>
  <trkpt lat="13.78854333" lon="100.46515746"><ele>-18.165</ele><time>2025-01-19T03:05:10Z</time><speed>17.027</speed><sat>5</sat></trkpt>
  <trkpt lat="13.78849843" lon="100.46500024"><ele>-19.150</ele><time>2025-01-19T03:05:11Z</time><speed>17.027</speed><sat>4</sat></trkpt>
  <trkpt lat="13.78845873" lon="100.46483655"><ele>-20.536</ele><time>2025-01-19T03:05:12Z</time><speed>17.478</speed><sat>4</sat></trkpt>
  <trkpt lat="13.78841052" lon="100.46467315"><ele>-20.342</ele><time>2025-01-19T03:05:13Z</time><speed>17.538</speed><sat>4</sat></trkpt>
  <trkpt lat="13.78835864" lon="100.46451358"><ele>-20.319</ele><time>2025-01-19T03:05:14Z</time><speed>17.733</speed><sat>4</sat></trkpt>
  <trkpt lat="13.78826341" lon="100.46418636"><ele>-20.858</ele><time>2025-01-19T03:05:16Z</time><speed>17.840</speed><sat>4</sat></trkpt>
  <trkpt lat="13.78820190" lon="100.46403274"><ele>-20.599</ele><time>2025-01-19T03:05:17Z</time><speed>17.869</speed><sat>4</sat></trkpt>
  <trkpt lat="13.78815891" lon="100.46386676"><ele>-20.560</ele><time>2025-01-19T03:05:18Z</time><speed>18.647</speed><sat>4</sat></trkpt>
  <trkpt lat="13.78811162" lon="100.46369479"><ele>-20.473</ele><time>2025-01-19T03:05:19Z</time><speed>18.986</speed><sat>4</sat></trkpt>
  <trkpt lat="13.78804270" lon="100.46351539"><ele>-20.302</ele><time>2025-01-19T03:05:20Z</time><speed>19.975</speed><sat>4</sat></trkpt>
  <trkpt lat="13.78797647" lon="100.46333200"><ele>-20.167</ele><time>2025-01-19T03:05:21Z</time><speed>20.089</speed><sat>4</sat></trkpt>
  <trkpt lat="13.78792054" lon="100.46315184"><ele>-19.927</ele><time>2025-01-19T03:05:22Z</time><speed>19.825</speed><sat>5</sat></trkpt>
  <trkpt lat="13.78785983" lon="100.46297380"><ele>-20.109</ele><time>2025-01-19T03:05:23Z</time><speed>19.825</speed><sat>4</sat></trkpt>
  <trkpt lat="13.78780493" lon="100.46279936"><ele>-20.439</ele><time>2025-01-19T03:05:24Z</time><speed>19.991</speed><sat>5</sat></trkpt>
  <trkpt lat="13.78776743" lon="100.46263202"><ele>-20.824</ele><time>2025-01-19T03:05:25Z</time><speed>20.386</speed><sat>5</sat></trkpt>
  <trkpt lat="13.78773334" lon="100.46245294"><ele>-21.499</ele><time>2025-01-19T03:05:26Z</time><speed>20.297</speed><sat>5</sat></trkpt>
  <trkpt lat="13.78769804" lon="100.46209642"><ele>-22.397</ele><time>2025-01-19T03:05:28Z</time><speed>19.812</speed><sat>5</sat></trkpt>
  <trkpt lat="13.78769325" lon="100.46192245"><ele>-22.489</ele><time>2025-01-19T03:05:29Z</time><speed>20.184</speed><sat>5</sat></trkpt>
  <trkpt lat="13.78766045" lon="100.46173912"><ele>-22.120</ele><time>2025-01-19T03:05:30Z</time><speed>20.389</speed><sat>5</sat></trkpt>
  <trkpt lat="13.78761280" lon="100.46155411"><ele>-21.187</ele><time>2025-01-19T03:05:31Z</time><speed>20.541</speed><sat>5</sat></trkpt>
  <trkpt lat="13.78756539" lon="100.46136995"><ele>-20.818</ele><time>2025-01-19T03:05:32Z</time><speed>20.784</speed><sat>5</sat></trkpt>
  <trkpt lat="13.78753995" lon="100.46118209"><ele>-21.591</ele><time>2025-01-19T03:05:33Z</time><speed>20.784</speed><sat>4</sat></trkpt>
  <trkpt lat="13.78751776" lon="100.46099287"><ele>-22.228</ele><time>2025-01-19T03:05:34Z</time><speed>20.788</speed><sat>4</sat></trkpt>
  <trkpt lat="13.78741945" lon="100.46062330"><ele>-21.449</ele><time>2025-01-19T03:05:36Z</time><speed>20.708</speed><sat>4</sat></trkpt>
  <trkpt lat="13.78735900" lon="100.46043523"><ele>-21.381</ele><time>2025-01-19T03:05:37Z</time><speed>20.823</speed><sat>4</sat></trkpt>
  <trkpt lat="13.78731295" lon="100.46024196"><ele>-22.350</ele><time>2025-01-19T03:05:38Z</time><speed>21.130</speed><sat>4</sat></trkpt>
  <trkpt lat="13.78734655" lon="100.46004759"><ele>-22.179</ele><time>2025-01-19T03:05:39Z</time><speed>21.327</speed><sat>5</sat></trkpt>
  <trkpt lat="13.78729971" lon="100.45985526"><ele>-21.791</ele><time>2025-01-19T03:05:40Z</time><speed>21.327</speed><sat>4</sat></trkpt>
  <trkpt lat="13.78721881" lon="100.45946124"><ele>-21.245</ele><time>2025-01-19T03:05:42Z</time><speed>21.730</speed><sat>4</sat></trkpt>
  <trkpt lat="13.78707240" lon="100.45888934"><ele>-21.092</ele><time>2025-01-19T03:05:45Z</time><speed>21.422</speed><sat>4</sat></trkpt>
  <trkpt lat="13.78702541" lon="100.45869329"><ele>-20.476</ele><time>2025-01-19T03:05:46Z</time><speed>21.472</speed><sat>4</sat></trkpt>
  <trkpt lat="13.78698098" lon="100.45848893"><ele>-21.061</ele><time>2025-01-19T03:05:47Z</time><speed>21.559</speed><sat>4</sat></trkpt>
  <trkpt lat="13.78693633" lon="100.45828826"><ele>-21.687</ele><time>2025-01-19T03:05:48Z</time><speed>21.589</speed><sat>4</sat></trkpt>
  <trkpt lat="13.78684581" lon="100.45791141"><ele>-22.827</ele><time>2025-01-19T03:05:50Z</time><speed>21.940</speed><sat>4</sat></trkpt>
  <trkpt lat="13.78681692" lon="100.45771058"><ele>-23.775</ele><time>2025-01-19T03:05:51Z</time><speed>22.235</speed><sat>5</sat></trkpt>
  <trkpt lat="13.78677693" lon="100.45751491"><ele>-24.157</ele><time>2025-01-19T03:05:52Z</time><speed>22.182</speed><sat>5</sat></trkpt>
  <trkpt lat="13.78672685" lon="100.45731789"><ele>-25.066</ele><time>2025-01-19T03:05:53Z</time><speed>22.182</speed><sat>4</sat></trkpt>
  <trkpt lat="13.78622924" lon="100.45505016"><ele>-23.575</ele><time>2025-01-19T03:06:04Z</time><speed>21.915</speed><sat>4</sat></trkpt>
  <trkpt lat="13.78618292" lon="100.45486099"><ele>-22.970</ele><time>2025-01-19T03:06:05Z</time><speed>21.800</speed><sat>4</sat></trkpt>
  <trkpt lat="13.78614368" lon="100.45467066"><ele>-22.497</ele><time>2025-01-19T03:06:06Z</time><speed>22.031</speed><sat>4</sat></trkpt>
  <trkpt lat="13.78610879" lon="100.45446488"><ele>-22.822</ele><time>2025-01-19T03:06:07Z</time><speed>21.822</speed><sat>5</sat></trkpt>
  <trkpt lat="13.78606068" lon="100.45425704"><ele>-22.507</ele><time>2025-01-19T03:06:08Z</time><speed>21.822</speed><sat>4</sat></trkpt>
  <trkpt lat="13.78601391" lon="100.45406175"><ele>-21.227</ele><time>2025-01-19T03:06:09Z</time><speed>22.401</speed><sat>5</sat></trkpt>
  <trkpt lat="13.78596741" lon="100.45384259"><ele>-20.693</ele><time>2025-01-19T03:06:10Z</time><speed>23.008</speed><sat>5</sat></trkpt>
  <trkpt lat="13.78591854" lon="100.45363015"><ele>-20.607</ele><time>2025-01-19T03:06:11Z</time><speed>23.008</speed><sat>4</sat></trkpt>
  <trkpt lat="13.78586868" lon="100.45341232"><ele>-20.714</ele><time>2025-01-19T03:06:12Z</time><speed>23.087</speed><sat>5</sat></trkpt>
  <trkpt lat="13.78581802" lon="100.45319567"><ele>-20.979</ele><time>2025-01-19T03:06:13Z</time><speed>22.888</speed><sat>5</sat></trkpt>
  <trkpt lat="13.78571229" lon="100.45278929"><ele>-21.051</ele><time>2025-01-19T03:06:15Z</time><speed>22.336</speed><sat>5</sat></trkpt>
  <trkpt lat="13.78565886" lon="100.45258660"><ele>-20.570</ele><time>2025-01-19T03:06:16Z</time><speed>22.336</speed><sat>4</sat></trkpt>
  <trkpt lat="13.78561165" lon="100.45240039"><ele>-21.795</ele><time>2025-01-19T03:06:17Z</time><speed>21.768</speed><sat>5</sat></trkpt>
  <trkpt lat="13.78556629" lon="100.45221465"><ele>-22.769</ele><time>2025-01-19T03:06:18Z</time><speed>21.687</speed><sat>5</sat></trkpt>
  <trkpt lat="13.78551989" lon="100.45202878"><ele>-22.805</ele><time>2025-01-19T03:06:19Z</time><speed>21.671</speed><sat>5</sat></trkpt>
  <trkpt lat="13.78547305" lon="100.45185222"><ele>-22.875</ele><time>2025-01-19T03:06:20Z</time><speed>21.019</speed><sat>6</sat></trkpt>
  <trkpt lat="13.78542430" lon="100.45167118"><ele>-22.979</ele><time>2025-01-19T03:06:21Z</time><speed>21.042</speed><sat>6</sat></trkpt>
  <trkpt lat="13.78537800" lon="100.45147845"><ele>-23.298</ele><time>2025-01-19T03:06:22Z</time><speed>21.125</speed><sat>7</sat></trkpt>
  <trkpt lat="13.78533183" lon="100.45128739"><ele>-23.613</ele><time>2025-01-19T03:06:23Z</time><speed>21.066</speed><sat>7</sat></trkpt>
  <trkpt lat="13.78528894" lon="100.45110228"><ele>-24.330</ele><time>2025-01-19T03:06:24Z</time><speed>21.142</speed><sat>7</sat></trkpt>
  <trkpt lat="13.78524092" lon="100.45087538"><ele>-23.455</ele><time>2025-01-19T03:06:25Z</time><speed>21.023</speed><sat>7</sat></trkpt>
  <trkpt lat="13.78519435" lon="100.45068159"><ele>-23.355</ele><time>2025-01-19T03:06:26Z</time><speed>21.149</speed><sat>5</sat></trkpt>
  <trkpt lat="13.78515110" lon="100.45048773"><ele>-23.740</ele><time>2025-01-19T03:06:27Z</time><speed>21.289</speed><sat>5</sat></trkpt>
  <trkpt lat="13.78512902" lon="100.45029278"><ele>-22.425</ele><time>2025-01-19T03:06:28Z</time><speed>20.943</speed><sat>6</sat></trkpt>
  <trkpt lat="13.78511099" lon="100.45010458"><ele>-21.555</ele><time>2025-01-19T03:06:29Z</time><speed>20.664</speed><sat>6</sat></trkpt>
  <trkpt lat="13.78508431" lon="100.44992145"><ele>-19.763</ele><time>2025-01-19T03:06:30Z</time><speed>20.548</speed><sat>6</sat></trkpt>
  <trkpt lat="13.78506278" lon="100.44974028"><ele>-17.625</ele><time>2025-01-19T03:06:31Z</time><speed>20.523</speed><sat>7</sat></trkpt>
  <trkpt lat="13.78503741" lon="100.44955673"><ele>-16.346</ele><time>2025-01-19T03:06:32Z</time><speed>20.493</speed><sat>7</sat></trkpt>
  <trkpt lat="13.78501292" lon="100.44937227"><ele>-16.129</ele><time>2025-01-19T03:06:33Z</time><speed>20.468</speed><sat>7</sat></trkpt>
  <trkpt lat="13.78499850" lon="100.44917742"><ele>-17.069</ele><time>2025-01-19T03:06:34Z</time><speed>20.572</speed><sat>7</sat></trkpt>
  <trkpt lat="13.78498718" lon="100.44898925"><ele>-16.279</ele><time>2025-01-19T03:06:35Z</time><speed>20.663</speed><sat>5</sat></trkpt>
  <trkpt lat="13.78498371" lon="100.44880024"><ele>-14.894</ele><time>2025-01-19T03:06:36Z</time><speed>20.663</speed><sat>4</sat></trkpt>
  <trkpt lat="13.78497722" lon="100.44860820"><ele>-13.175</ele><time>2025-01-19T03:06:37Z</time><speed>20.652</speed><sat>5</sat></trkpt>
  <trkpt lat="13.78496055" lon="100.44841254"><ele>-12.934</ele><time>2025-01-19T03:06:38Z</time><speed>20.526</speed><sat>5</sat></trkpt>
  <trkpt lat="13.78496107" lon="100.44822258"><ele>-14.517</ele><time>2025-01-19T03:06:39Z</time><speed>20.181</speed><sat>6</sat></trkpt>
  <trkpt lat="13.78497208" lon="100.44803919"><ele>-14.913</ele><time>2025-01-19T03:06:40Z</time><speed>20.257</speed><sat>7</sat></trkpt>
  <trkpt lat="13.78499124" lon="100.44785670"><ele>-14.667</ele><time>2025-01-19T03:06:41Z</time><speed>20.291</speed><sat>7</sat></trkpt>
  <trkpt lat="13.78500940" lon="100.44767304"><ele>-15.037</ele><time>2025-01-19T03:06:42Z</time><speed>20.947</speed><sat>7</sat></trkpt>
  <trkpt lat="13.78503967" lon="100.44747579"><ele>-15.759</ele><time>2025-01-19T03:06:43Z</time><speed>20.990</speed><sat>7</sat></trkpt>
  <trkpt lat="13.78507910" lon="100.44728296"><ele>-17.529</ele><time>2025-01-19T03:06:44Z</time><speed>20.867</speed><sat>8</sat></trkpt>
  <trkpt lat="13.78513866" lon="100.44702753"><ele>-19.767</ele><time>2025-01-19T03:06:45Z</time><speed>20.667</speed><sat>8</sat></trkpt>
  <trkpt lat="13.78516528" lon="100.44687163"><ele>-18.001</ele><time>2025-01-19T03:06:46Z</time><speed>20.519</speed><sat>9</sat></trkpt>
  <trkpt lat="13.78519310" lon="100.44670081"><ele>-18.768</ele><time>2025-01-19T03:06:47Z</time><speed>20.504</speed><sat>9</sat></trkpt>
  <trkpt lat="13.78522265" lon="100.44652337"><ele>-18.841</ele><time>2025-01-19T03:06:48Z</time><speed>20.620</speed><sat>8</sat></trkpt>
  <trkpt lat="13.78525812" lon="100.44633459"><ele>-17.594</ele><time>2025-01-19T03:06:49Z</time><speed>20.866</speed><sat>7</sat></trkpt>
  <trkpt lat="13.78529514" lon="100.44614103"><ele>-17.109</ele><time>2025-01-19T03:06:50Z</time><speed>20.938</speed><sat>6</sat></trkpt>
  <trkpt lat="13.78534276" lon="100.44595604"><ele>-16.848</ele><time>2025-01-19T03:06:51Z</time><speed>21.132</speed><sat>6</sat></trkpt>
  <trkpt lat="13.78539138" lon="100.44578192"><ele>-17.381</ele><time>2025-01-19T03:06:52Z</time><speed>20.998</speed><sat>5</sat></trkpt>
  <trkpt lat="13.78543958" lon="100.44560624"><ele>-17.525</ele><time>2025-01-19T03:06:53Z</time><speed>20.998</speed><sat>4</sat></trkpt>
  <trkpt lat="13.78553675" lon="100.44526448"><ele>-17.638</ele><time>2025-01-19T03:06:55Z</time><speed>20.181</speed><sat>4</sat></trkpt>
  <trkpt lat="13.78559036" lon="100.44508207"><ele>-17.429</ele><time>2025-01-19T03:06:56Z</time><speed>19.891</speed><sat>4</sat></trkpt>
  <trkpt lat="13.78567613" lon="100.44476568"><ele>-13.950</ele><time>2025-01-19T03:06:58Z</time><speed>19.238</speed><sat>5</sat></trkpt>
  <trkpt lat="13.78573109" lon="100.44460637"><ele>-14.550</ele><time>2025-01-19T03:06:59Z</time><speed>18.815</speed><sat>5</sat></trkpt>
  <trkpt lat="13.78578411" lon="100.44445287"><ele>-15.379</ele><time>2025-01-19T03:07:00Z</time><speed>19.040</speed><sat>5</sat></trkpt>
  <trkpt lat="13.78583807" lon="100.44430513"><ele>-15.079</ele><time>2025-01-19T03:07:01Z</time><speed>19.202</speed><sat>4</sat></trkpt>
  <trkpt lat="13.78589301" lon="100.44414717"><ele>-14.963</ele><time>2025-01-19T03:07:02Z</time><speed>18.682</speed><sat>4</sat></trkpt>
  <trkpt lat="13.78596578" lon="100.44399599"><ele>-14.225</ele><time>2025-01-19T03:07:03Z</time><speed>18.084</speed><sat>5</sat></trkpt>
  <trkpt lat="13.78603240" lon="100.44384595"><ele>-13.739</ele><time>2025-01-19T03:07:04Z</time><speed>17.978</speed><sat>5</sat></trkpt>
  <trkpt lat="13.78610220" lon="100.44368661"><ele>-13.100</ele><time>2025-01-19T03:07:05Z</time><speed>17.798</speed><sat>6</sat></trkpt>
  <trkpt lat="13.78619518" lon="100.44354909"><ele>-14.566</ele><time>2025-01-19T03:07:06Z</time><speed>17.425</speed><sat>7</sat></trkpt>
  <trkpt lat="13.78628278" lon="100.44341527"><ele>-15.420</ele><time>2025-01-19T03:07:07Z</time><speed>17.022</speed><sat>7</sat></trkpt>
  <trkpt lat="13.78638484" lon="100.44328295"><ele>-15.808</ele><time>2025-01-19T03:07:08Z</time><speed>16.783</speed><sat>7</sat></trkpt>
  <trkpt lat="13.78649574" lon="100.44316198"><ele>-15.640</ele><time>2025-01-19T03:07:09Z</time><speed>16.791</speed><sat>7</sat></trkpt>
  <trkpt lat="13.78660073" lon="100.44304526"><ele>-15.628</ele><time>2025-01-19T03:07:10Z</time><speed>16.723</speed><sat>7</sat></trkpt>
  <trkpt lat="13.78670317" lon="100.44292841"><ele>-16.780</ele><time>2025-01-19T03:07:11Z</time><speed>16.517</speed><sat>8</sat></trkpt>
  <trkpt lat="13.78680113" lon="100.44281507"><ele>-17.080</ele><time>2025-01-19T03:07:12Z</time><speed>16.552</speed><sat>9</sat></trkpt>
  <trkpt lat="13.78689581" lon="100.44269528"><ele>-17.246</ele><time>2025-01-19T03:07:13Z</time><speed>16.362</speed><sat>8</sat></trkpt>
  <trkpt lat="13.78698448" lon="100.44257200"><ele>-17.984</ele><time>2025-01-19T03:07:14Z</time><speed>16.396</speed><sat>8</sat></trkpt>
  <trkpt lat="13.78706532" lon="100.44245451"><ele>-17.544</ele><time>2025-01-19T03:07:15Z</time><speed>16.489</speed><sat>6</sat></trkpt>
  <trkpt lat="13.78714754" lon="100.44232192"><ele>-16.475</ele><time>2025-01-19T03:07:16Z</time><speed>16.310</speed><sat>7</sat></trkpt>
  <trkpt lat="13.78724523" lon="100.44221185"><ele>-17.238</ele><time>2025-01-19T03:07:17Z</time><speed>15.998</speed><sat>8</sat></trkpt>
  <trkpt lat="13.78734851" lon="100.44211197"><ele>-18.581</ele><time>2025-01-19T03:07:18Z</time><speed>15.799</speed><sat>7</sat></trkpt>
  <trkpt lat="13.78744564" lon="100.44199739"><ele>-18.784</ele><time>2025-01-19T03:07:19Z</time><speed>15.505</speed><sat>6</sat></trkpt>
  <trkpt lat="13.78754186" lon="100.44188673"><ele>-19.382</ele><time>2025-01-19T03:07:20Z</time><speed>15.799</speed><sat>6</sat></trkpt>
  <trkpt lat="13.78763029" lon="100.44177529"><ele>-19.901</ele><time>2025-01-19T03:07:21Z</time><speed>15.831</speed><sat>6</sat></trkpt>
  <trkpt lat="13.78771726" lon="100.44166693"><ele>-20.247</ele><time>2025-01-19T03:07:22Z</time><speed>15.770</speed><sat>6</sat></trkpt>
  <trkpt lat="13.78780264" lon="100.44155947"><ele>-20.048</ele><time>2025-01-19T03:07:23Z</time><speed>15.363</speed><sat>5</sat></trkpt>
  <trkpt lat="13.78789256" lon="100.44144934"><ele>-20.026</ele><time>2025-01-19T03:07:24Z</time><speed>15.128</speed><sat>8</sat></trkpt>
  <trkpt lat="13.78797440" lon="100.44134525"><ele>-20.034</ele><time>2025-01-19T03:07:25Z</time><speed>15.019</speed><sat>8</sat></trkpt>
  <trkpt lat="13.78806890" lon="100.44124178"><ele>-20.418</ele><time>2025-01-19T03:07:26Z</time><speed>14.961</speed><sat>6</sat></trkpt>
  <trkpt lat="13.78814833" lon="100.44114354"><ele>-19.382</ele><time>2025-01-19T03:07:27Z</time><speed>14.234</speed><sat>7</sat></trkpt>
  <trkpt lat="13.78820691" lon="100.44105437"><ele>-19.850</ele><time>2025-01-19T03:07:28Z</time><speed>13.583</speed><sat>8</sat></trkpt>
  <trkpt lat="13.78827056" lon="100.44096396"><ele>-18.470</ele><time>2025-01-19T03:07:29Z</time><speed>13.543</speed><sat>9</sat></trkpt>
  <trkpt lat="13.78833655" lon="100.44088326"><ele>-18.002</ele><time>2025-01-19T03:07:30Z</time><speed>13.020</speed><sat>7</sat></trkpt>
  <trkpt lat="13.78841184" lon="100.44080414"><ele>-16.832</ele><time>2025-01-19T03:07:31Z</time><speed>12.526</speed><sat>7</sat></trkpt>
  <trkpt lat="13.78848197" lon="100.44072539"><ele>-16.944</ele><time>2025-01-19T03:07:32Z</time><speed>12.324</speed><sat>6</sat></trkpt>
  <trkpt lat="13.78854675" lon="100.44063920"><ele>-16.712</ele><time>2025-01-19T03:07:33Z</time><speed>12.350</speed><sat>8</sat></trkpt>
  <trkpt lat="13.78859967" lon="100.44055777"><ele>-17.413</ele><time>2025-01-19T03:07:34Z</time><speed>12.035</speed><sat>9</sat></trkpt>
  <trkpt lat="13.78866905" lon="100.44046194"><ele>-17.268</ele><time>2025-01-19T03:07:35Z</time><speed>11.972</speed><sat>11</sat></trkpt>
  <trkpt lat="13.78872504" lon="100.44038697"><ele>-15.390</ele><time>2025-01-19T03:07:36Z</time><speed>11.521</speed><sat>10</sat></trkpt>
  <trkpt lat="13.78879899" lon="100.44029311"><ele>-15.394</ele><time>2025-01-19T03:07:37Z</time><speed>11.422</speed><sat>12</sat></trkpt>
  <trkpt lat="13.78887618" lon="100.44020243"><ele>-16.788</ele><time>2025-01-19T03:07:38Z</time><speed>11.347</speed><sat>11</sat></trkpt>
  <trkpt lat="13.78894854" lon="100.44011698"><ele>-17.320</ele><time>2025-01-19T03:07:39Z</time><speed>10.958</speed><sat>11</sat></trkpt>
  <trkpt lat="13.78901221" lon="100.44004053"><ele>-16.636</ele><time>2025-01-19T03:07:40Z</time><speed>10.526</speed><sat>10</sat></trkpt>
  <trkpt lat="13.78906343" lon="100.43996847"><ele>-16.348</ele><time>2025-01-19T03:07:41Z</time><speed>9.971</speed><sat>10</sat></trkpt>
  <trkpt lat="13.78912187" lon="100.43989981"><ele>-14.964</ele><time>2025-01-19T03:07:42Z</time><speed>9.458</speed><sat>9</sat></trkpt>
  <trkpt lat="13.78917271" lon="100.43984147"><ele>-13.413</ele><time>2025-01-19T03:07:43Z</time><speed>9.047</speed><sat>10</sat></trkpt>
  <trkpt lat="13.78920532" lon="100.43979729"><ele>-14.156</ele><time>2025-01-19T03:07:44Z</time><speed>8.187</speed><sat>11</sat></trkpt>
  <trkpt lat="13.78924961" lon="100.43974654"><ele>-14.181</ele><time>2025-01-19T03:07:45Z</time><speed>8.086</speed><sat>15</sat></trkpt>
  <trkpt lat="13.78928068" lon="100.43970554"><ele>-15.051</ele><time>2025-01-19T03:07:46Z</time><speed>7.335</speed><sat>16</sat></trkpt>
  <trkpt lat="13.78930594" lon="100.43968211"><ele>-15.946</ele><time>2025-01-19T03:07:47Z</time><speed>6.499</speed><sat>15</sat></trkpt>
  <trkpt lat="13.78932074" lon="100.43966920"><ele>-16.628</ele><time>2025-01-19T03:07:48Z</time><speed>5.827</speed><sat>16</sat></trkpt>
  <trkpt lat="13.78933625" lon="100.43965450"><ele>-17.294</ele><time>2025-01-19T03:07:49Z</time><speed>5.386</speed><sat>16</sat></trkpt>
  <trkpt lat="13.78935522" lon="100.43964192"><ele>-18.414</ele><time>2025-01-19T03:07:50Z</time><speed>5.011</speed><sat>16</sat></trkpt>
  <trkpt lat="13.78937227" lon="100.43962980"><ele>-17.175</ele><time>2025-01-19T03:07:51Z</time><speed>4.299</speed><sat>16</sat></trkpt>
  <trkpt lat="13.78938154" lon="100.43962271"><ele>-19.331</ele><time>2025-01-19T03:07:52Z</time><speed>4.118</speed><sat>17</sat></trkpt>
  <trkpt lat="13.78939173" lon="100.43961723"><ele>-20.708</ele><time>2025-01-19T03:07:53Z</time><speed>3.148</speed><sat>16</sat></trkpt>
  <trkpt lat="13.78939393" lon="100.43961769"><ele>-22.795</ele><time>2025-01-19T03:07:54Z</time><speed>2.332</speed><sat>16</sat></trkpt>
  <trkpt lat="13.78938864" lon="100.43962526"><ele>-24.224</ele><time>2025-01-19T03:07:55Z</time><speed>1.449</speed><sat>16</sat></trkpt>
  <trkpt lat="13.78938489" lon="100.43962554"><ele>-24.056</ele><time>2025-01-19T03:07:56Z</time><speed>1.536</speed><sat>13</sat></trkpt>
  <trkpt lat="13.78938590" lon="100.43962246"><ele>-24.320</ele><time>2025-01-19T03:07:57Z</time><speed>1.469</speed><sat>14</sat></trkpt>
  <trkpt lat="13.78937443" lon="100.43963129"><ele>-24.309</ele><time>2025-01-19T03:07:58Z</time><speed>0.464</speed><sat>14</sat></trkpt>
  <trkpt lat="13.78937957" lon="100.43963395"><ele>-25.053</ele><time>2025-01-19T03:07:59Z</time><speed>0.404</speed><sat>13</sat></trkpt>
  <trkpt lat="13.78936565" lon="100.43964881"><ele>-24.752</ele><time>2025-01-19T03:08:00Z</time><speed>0.000</speed><sat>14</sat></trkpt>
  <trkpt lat="13.78936565" lon="100.43964881"><ele>-24.872</ele><time>2025-01-19T03:08:01Z</time><speed>0.000</speed><sat>15</sat></trkpt>
  <trkpt lat="13.78936565" lon="100.43964881"><ele>-24.955</ele><time>2025-01-19T03:08:02Z</time><speed>0.000</speed><sat>15</sat></trkpt>
  <trkpt lat="13.78936565" lon="100.43964881"><ele>-25.167</ele><time>2025-01-19T03:08:03Z</time><speed>0.000</speed><sat>13</sat></trkpt>
  <trkpt lat="13.78936565" lon="100.43964881"><ele>-25.327</ele><time>2025-01-19T03:08:04Z</time><speed>0.000</speed><sat>14</sat></trkpt>
  <trkpt lat="13.78936565" lon="100.43964881"><ele>-25.070</ele><time>2025-01-19T03:08:05Z</time><speed>0.000</speed><sat>14</sat></trkpt>
  <trkpt lat="13.78936565" lon="100.43964881"><ele>-24.721</ele><time>2025-01-19T03:08:06Z</time><speed>0.000</speed><sat>15</sat></trkpt>
  <trkpt lat="13.78936565" lon="100.43964881"><ele>-24.871</ele><time>2025-01-19T03:08:07Z</time><speed>0.000</speed><sat>16</sat></trkpt>
  <trkpt lat="13.78936565" lon="100.43964881"><ele>-24.732</ele><time>2025-01-19T03:08:08Z</time><speed>0.000</speed><sat>16</sat></trkpt>
  <trkpt lat="13.78936565" lon="100.43964881"><ele>-24.870</ele><time>2025-01-19T03:08:09Z</time><speed>0.000</speed><sat>15</sat></trkpt>
  <trkpt lat="13.78936565" lon="100.43964881"><ele>-24.975</ele><time>2025-01-19T03:08:10Z</time><speed>0.000</speed><sat>14</sat></trkpt>
  <trkpt lat="13.78936565" lon="100.43964881"><ele>-25.085</ele><time>2025-01-19T03:08:11Z</time><speed>0.000</speed><sat>14</sat></trkpt>
  <trkpt lat="13.78936565" lon="100.43964881"><ele>-25.113</ele><time>2025-01-19T03:08:12Z</time><speed>0.000</speed><sat>14</sat></trkpt>
  <trkpt lat="13.78936565" lon="100.43964881"><ele>-25.269</ele><time>2025-01-19T03:08:13Z</time><speed>0.000</speed><sat>14</sat></trkpt>
  <trkpt lat="13.78936565" lon="100.43964881"><ele>-25.194</ele><time>2025-01-19T03:08:14Z</time><speed>0.000</speed><sat>14</sat></trkpt>
  <trkpt lat="13.78936565" lon="100.43964881"><ele>-25.330</ele><time>2025-01-19T03:08:15Z</time><speed>0.000</speed><sat>13</sat></trkpt>
  <trkpt lat="13.78936565" lon="100.43964881"><ele>-25.292</ele><time>2025-01-19T03:08:16Z</time><speed>0.000</speed><sat>14</sat></trkpt>
  <trkpt lat="13.78936565" lon="100.43964881"><ele>-25.268</ele><time>2025-01-19T03:08:17Z</time><speed>0.000</speed><sat>15</sat></trkpt>
  <trkpt lat="13.78936565" lon="100.43964881"><ele>-25.491</ele><time>2025-01-19T03:08:18Z</time><speed>0.000</speed><sat>15</sat></trkpt>
  <trkpt lat="13.78936565" lon="100.43964881"><ele>-25.598</ele><time>2025-01-19T03:08:19Z</time><speed>0.000</speed><sat>15</sat></trkpt>
  <trkpt lat="13.78936565" lon="100.43964881"><ele>-25.413</ele><time>2025-01-19T03:08:20Z</time><speed>0.000</speed><sat>17</sat></trkpt>
  <trkpt lat="13.78936565" lon="100.43964881"><ele>-25.233</ele><time>2025-01-19T03:08:21Z</time><speed>0.000</speed><sat>16</sat></trkpt>
  <trkpt lat="13.78936565" lon="100.43964881"><ele>-25.239</ele><time>2025-01-19T03:08:22Z</time><speed>0.000</speed><sat>17</sat></trkpt>
  <trkpt lat="13.78936565" lon="100.43964881"><ele>-25.148</ele><time>2025-01-19T03:08:23Z</time><speed>0.000</speed><sat>17</sat></trkpt>
  <trkpt lat="13.78936565" lon="100.43964881"><ele>-24.963</ele><time>2025-01-19T03:08:24Z</time><speed>0.000</speed><sat>17</sat></trkpt>
  <trkpt lat="13.78936565" lon="100.43964881"><ele>-24.901</ele><time>2025-01-19T03:08:25Z</time><speed>0.000</speed><sat>17</sat></trkpt>
  <trkpt lat="13.78936565" lon="100.43964881"><ele>-24.886</ele><time>2025-01-19T03:08:26Z</time><speed>0.000</speed><sat>16</sat></trkpt>
  <trkpt lat="13.78936565" lon="100.43964881"><ele>-24.756</ele><time>2025-01-19T03:08:27Z</time><speed>0.000</speed><sat>17</sat></trkpt>
  <trkpt lat="13.78936565" lon="100.43964881"><ele>-24.787</ele><time>2025-01-19T03:08:28Z</time><speed>0.000</speed><sat>17</sat></trkpt>
  <trkpt lat="13.78936565" lon="100.43964881"><ele>-24.760</ele><time>2025-01-19T03:08:29Z</time><speed>0.000</speed><sat>16</sat></trkpt>
  <trkpt lat="13.78936565" lon="100.43964881"><ele>-24.748</ele><time>2025-01-19T03:08:30Z</time><speed>0.000</speed><sat>18</sat></trkpt>
  <trkpt lat="13.78936565" lon="100.43964881"><ele>-24.759</ele><time>2025-01-19T03:08:31Z</time><speed>0.000</speed><sat>16</sat></trkpt>
  <trkpt lat="13.78936565" lon="100.43964881"><ele>-24.815</ele><time>2025-01-19T03:08:32Z</time><speed>0.000</speed><sat>17</sat></trkpt>
  <trkpt lat="13.78936565" lon="100.43964881"><ele>-24.764</ele><time>2025-01-19T03:08:33Z</time><speed>0.000</speed><sat>17</sat></trkpt>
  <trkpt lat="13.78936565" lon="100.43964881"><ele>-25.022</ele><time>2025-01-19T03:08:34Z</time><speed>0.000</speed><sat>17</sat></trkpt>
  <trkpt lat="13.78936565" lon="100.43964881"><ele>-25.136</ele><time>2025-01-19T03:08:35Z</time><speed>0.000</speed><sat>17</sat></trkpt>
  <trkpt lat="13.78936565" lon="100.43964881"><ele>-25.300</ele><time>2025-01-19T03:08:36Z</time><speed>0.000</speed><sat>18</sat></trkpt>
  <trkpt lat="13.78936565" lon="100.43964881"><ele>-25.069</ele><time>2025-01-19T03:08:37Z</time><speed>0.000</speed><sat>18</sat></trkpt>
  <trkpt lat="13.78936565" lon="100.43964881"><ele>-25.160</ele><time>2025-01-19T03:08:38Z</time><speed>0.000</speed><sat>17</sat></trkpt>
  <trkpt lat="13.78936565" lon="100.43964881"><ele>-25.357</ele><time>2025-01-19T03:08:39Z</time><speed>0.000</speed><sat>17</sat></trkpt>
  <trkpt lat="13.78936565" lon="100.43964881"><ele>-25.476</ele><time>2025-01-19T03:08:40Z</time><speed>0.000</speed><sat>17</sat></trkpt>
  <trkpt lat="13.78934760" lon="100.43966701"><ele>-25.589</ele><time>2025-01-19T03:08:41Z</time><speed>0.390</speed><sat>17</sat></trkpt>
  <trkpt lat="13.78935017" lon="100.43966303"><ele>-25.613</ele><time>2025-01-19T03:08:42Z</time><speed>0.482</speed><sat>18</sat></trkpt>
  <trkpt lat="13.78935313" lon="100.43965945"><ele>-25.862</ele><time>2025-01-19T03:08:43Z</time><speed>0.488</speed><sat>18</sat></trkpt>
  <trkpt lat="13.78935747" lon="100.43965350"><ele>-25.686</ele><time>2025-01-19T03:08:44Z</time><speed>0.813</speed><sat>17</sat></trkpt>
  <trkpt lat="13.78936160" lon="100.43964842"><ele>-25.736</ele><time>2025-01-19T03:08:45Z</time><speed>0.734</speed><sat>18</sat></trkpt>
  <trkpt lat="13.78936672" lon="100.43964239"><ele>-25.824</ele><time>2025-01-19T03:08:46Z</time><speed>0.867</speed><sat>18</sat></trkpt>
  <trkpt lat="13.78937257" lon="100.43963497"><ele>-25.876</ele><time>2025-01-19T03:08:47Z</time><speed>0.989</speed><sat>18</sat></trkpt>
  <trkpt lat="13.78937881" lon="100.43962774"><ele>-25.946</ele><time>2025-01-19T03:08:48Z</time><speed>1.042</speed><sat>18</sat></trkpt>
  <trkpt lat="13.78938575" lon="100.43962185"><ele>-25.898</ele><time>2025-01-19T03:08:49Z</time><speed>1.114</speed><sat>18</sat></trkpt>
  <trkpt lat="13.78939484" lon="100.43961168"><ele>-25.887</ele><time>2025-01-19T03:08:50Z</time><speed>1.242</speed><sat>18</sat></trkpt>
  <trkpt lat="13.78940312" lon="100.43960152"><ele>-25.900</ele><time>2025-01-19T03:08:51Z</time><speed>1.294</speed><sat>16</sat></trkpt>
  <trkpt lat="13.78940990" lon="100.43959375"><ele>-25.912</ele><time>2025-01-19T03:08:52Z</time><speed>1.394</speed><sat>15</sat></trkpt>
  <trkpt lat="13.78941829" lon="100.43958133"><ele>-26.059</ele><time>2025-01-19T03:08:53Z</time><speed>1.563</speed><sat>17</sat></trkpt>
  <trkpt lat="13.78942698" lon="100.43956998"><ele>-26.186</ele><time>2025-01-19T03:08:54Z</time><speed>1.644</speed><sat>16</sat></trkpt>
  <trkpt lat="13.78943479" lon="100.43956209"><ele>-26.156</ele><time>2025-01-19T03:08:55Z</time><speed>1.850</speed><sat>17</sat></trkpt>
  <trkpt lat="13.78944708" lon="100.43954322"><ele>-26.350</ele><time>2025-01-19T03:08:56Z</time><speed>1.974</speed><sat>17</sat></trkpt>
  <trkpt lat="13.78946052" lon="100.43952273"><ele>-26.558</ele><time>2025-01-19T03:08:57Z</time><speed>1.959</speed><sat>17</sat></trkpt>
  <trkpt lat="13.78947324" lon="100.43950699"><ele>-26.813</ele><time>2025-01-19T03:08:58Z</time><speed>2.037</speed><sat>16</sat></trkpt>
  <trkpt lat="13.78948578" lon="100.43949043"><ele>-27.000</ele><time>2025-01-19T03:08:59Z</time><speed>1.972</speed><sat>17</sat></trkpt>
  <trkpt lat="13.78949705" lon="100.43947829"><ele>-26.946</ele><time>2025-01-19T03:09:00Z</time><speed>1.949</speed><sat>17</sat></trkpt>
  <trkpt lat="13.78952264" lon="100.43945051"><ele>-27.332</ele><time>2025-01-19T03:09:02Z</time><speed>2.128</speed><sat>18</sat></trkpt>
  <trkpt lat="13.78954073" lon="100.43942582"><ele>-27.644</ele><time>2025-01-19T03:09:03Z</time><speed>2.315</speed><sat>17</sat></trkpt>
  <trkpt lat="13.78955620" lon="100.43940553"><ele>-27.831</ele><time>2025-01-19T03:09:04Z</time><speed>2.517</speed><sat>16</sat></trkpt>
  <trkpt lat="13.78957602" lon="100.43938288"><ele>-28.310</ele><time>2025-01-19T03:09:05Z</time><speed>2.634</speed><sat>15</sat></trkpt>
  <trkpt lat="13.78959455" lon="100.43935907"><ele>-28.579</ele><time>2025-01-19T03:09:06Z</time><speed>2.783</speed><sat>16</sat></trkpt>
  <trkpt lat="13.78961156" lon="100.43933560"><ele>-28.855</ele><time>2025-01-19T03:09:07Z</time><speed>2.842</speed><sat>16</sat></trkpt>
  <trkpt lat="13.78963025" lon="100.43931444"><ele>-28.659</ele><time>2025-01-19T03:09:08Z</time><speed>3.031</speed><sat>15</sat></trkpt>
  <trkpt lat="13.78965181" lon="100.43928539"><ele>-28.999</ele><time>2025-01-19T03:09:09Z</time><speed>3.095</speed><sat>17</sat></trkpt>
  <trkpt lat="13.78969129" lon="100.43923679"><ele>-29.260</ele><time>2025-01-19T03:09:11Z</time><speed>3.411</speed><sat>17</sat></trkpt>
  <trkpt lat="13.78971811" lon="100.43919845"><ele>-27.775</ele><time>2025-01-19T03:09:12Z</time><speed>3.773</speed><sat>16</sat></trkpt>
  <trkpt lat="13.78974289" lon="100.43915980"><ele>-26.935</ele><time>2025-01-19T03:09:13Z</time><speed>4.006</speed><sat>16</sat></trkpt>
  <trkpt lat="13.78977097" lon="100.43912065"><ele>-25.059</ele><time>2025-01-19T03:09:14Z</time><speed>4.375</speed><sat>19</sat></trkpt>
  <trkpt lat="13.78980035" lon="100.43908392"><ele>-24.520</ele><time>2025-01-19T03:09:15Z</time><speed>4.763</speed><sat>19</sat></trkpt>
  <trkpt lat="13.78982978" lon="100.43904389"><ele>-24.942</ele><time>2025-01-19T03:09:16Z</time><speed>5.142</speed><sat>17</sat></trkpt>
  <trkpt lat="13.78986331" lon="100.43899919"><ele>-24.709</ele><time>2025-01-19T03:09:17Z</time><speed>5.249</speed><sat>18</sat></trkpt>
  <trkpt lat="13.78989435" lon="100.43895782"><ele>-24.801</ele><time>2025-01-19T03:09:18Z</time><speed>5.598</speed><sat>17</sat></trkpt>
  <trkpt lat="13.78993033" lon="100.43891517"><ele>-24.098</ele><time>2025-01-19T03:09:19Z</time><speed>5.833</speed><sat>17</sat></trkpt>
  <trkpt lat="13.78996584" lon="100.43887090"><ele>-23.723</ele><time>2025-01-19T03:09:20Z</time><speed>6.092</speed><sat>16</sat></trkpt>
  <trkpt lat="13.79000101" lon="100.43882219"><ele>-23.797</ele><time>2025-01-19T03:09:21Z</time><speed>6.438</speed><sat>17</sat></trkpt>
  <trkpt lat="13.79003783" lon="100.43877055"><ele>-23.601</ele><time>2025-01-19T03:09:22Z</time><speed>6.814</speed><sat>11</sat></trkpt>
  <trkpt lat="13.79007759" lon="100.43871659"><ele>-23.487</ele><time>2025-01-19T03:09:23Z</time><speed>7.244</speed><sat>13</sat></trkpt>
  <trkpt lat="13.79012579" lon="100.43866150"><ele>-23.714</ele><time>2025-01-19T03:09:24Z</time><speed>7.659</speed><sat>15</sat></trkpt>
  <trkpt lat="13.79017279" lon="100.43860446"><ele>-23.984</ele><time>2025-01-19T03:09:25Z</time><speed>8.018</speed><sat>14</sat></trkpt>
  <trkpt lat="13.79022043" lon="100.43854355"><ele>-23.981</ele><time>2025-01-19T03:09:26Z</time><speed>8.332</speed><sat>14</sat></trkpt>
  <trkpt lat="13.79027091" lon="100.43847911"><ele>-24.033</ele><time>2025-01-19T03:09:27Z</time><speed>8.685</speed><sat>11</sat></trkpt>
  <trkpt lat="13.79032317" lon="100.43841467"><ele>-23.880</ele><time>2025-01-19T03:09:28Z</time><speed>8.921</speed><sat>14</sat></trkpt>
  <trkpt lat="13.79037547" lon="100.43834985"><ele>-23.433</ele><time>2025-01-19T03:09:29Z</time><speed>9.155</speed><sat>12</sat></trkpt>
  <trkpt lat="13.79043022" lon="100.43828100"><ele>-23.569</ele><time>2025-01-19T03:09:30Z</time><speed>9.459</speed><sat>10</sat></trkpt>
  <trkpt lat="13.79048527" lon="100.43821238"><ele>-23.530</ele><time>2025-01-19T03:09:31Z</time><speed>9.694</speed><sat>10</sat></trkpt>
  <trkpt lat="13.79054088" lon="100.43814363"><ele>-23.034</ele><time>2025-01-19T03:09:32Z</time><speed>9.880</speed><sat>9</sat></trkpt>
  <trkpt lat="13.79059724" lon="100.43807082"><ele>-22.825</ele><time>2025-01-19T03:09:33Z</time><speed>10.105</speed><sat>10</sat></trkpt>
  <trkpt lat="13.79065567" lon="100.43800064"><ele>-22.521</ele><time>2025-01-19T03:09:34Z</time><speed>10.250</speed><sat>10</sat></trkpt>
  <trkpt lat="13.79071781" lon="100.43793008"><ele>-22.522</ele><time>2025-01-19T03:09:35Z</time><speed>10.452</speed><sat>11</sat></trkpt>
  <trkpt lat="13.79078155" lon="100.43785783"><ele>-22.545</ele><time>2025-01-19T03:09:36Z</time><speed>10.708</speed><sat>10</sat></trkpt>
  <trkpt lat="13.79084752" lon="100.43778315"><ele>-23.021</ele><time>2025-01-19T03:09:37Z</time><speed>10.907</speed><sat>10</sat></trkpt>
  <trkpt lat="13.79091572" lon="100.43770715"><ele>-23.730</ele><time>2025-01-19T03:09:38Z</time><speed>11.099</speed><sat>9</sat></trkpt>
  <trkpt lat="13.79098817" lon="100.43762666"><ele>-24.784</ele><time>2025-01-19T03:09:39Z</time><speed>11.376</speed><sat>10</sat></trkpt>
  <trkpt lat="13.79106093" lon="100.43754744"><ele>-25.207</ele><time>2025-01-19T03:09:40Z</time><speed>11.592</speed><sat>9</sat></trkpt>
  <trkpt lat="13.79112879" lon="100.43746160"><ele>-24.979</ele><time>2025-01-19T03:09:41Z</time><speed>11.805</speed><sat>9</sat></trkpt>
  <trkpt lat="13.79119804" lon="100.43738015"><ele>-24.688</ele><time>2025-01-19T03:09:42Z</time><speed>11.980</speed><sat>10</sat></trkpt>
  <trkpt lat="13.79127028" lon="100.43729556"><ele>-24.265</ele><time>2025-01-19T03:09:43Z</time><speed>12.203</speed><sat>8</sat></trkpt>
  <trkpt lat="13.79134355" lon="100.43720861"><ele>-23.791</ele><time>2025-01-19T03:09:44Z</time><speed>12.387</speed><sat>9</sat></trkpt>
  <trkpt lat="13.79141387" lon="100.43712004"><ele>-23.071</ele><time>2025-01-19T03:09:45Z</time><speed>12.556</speed><sat>9</sat></trkpt>
  <trkpt lat="13.79147165" lon="100.43703251"><ele>-21.964</ele><time>2025-01-19T03:09:46Z</time><speed>12.424</speed><sat>7</sat></trkpt>
  <trkpt lat="13.79153881" lon="100.43694683"><ele>-20.797</ele><time>2025-01-19T03:09:47Z</time><speed>12.129</speed><sat>8</sat></trkpt>
  <trkpt lat="13.79160662" lon="100.43685668"><ele>-20.277</ele><time>2025-01-19T03:09:48Z</time><speed>12.392</speed><sat>6</sat></trkpt>
  <trkpt lat="13.79167730" lon="100.43676236"><ele>-19.983</ele><time>2025-01-19T03:09:49Z</time><speed>12.882</speed><sat>7</sat></trkpt>
  <trkpt lat="13.79175113" lon="100.43666533"><ele>-19.995</ele><time>2025-01-19T03:09:50Z</time><speed>13.127</speed><sat>6</sat></trkpt>
  <trkpt lat="13.79191312" lon="100.43646218"><ele>-20.148</ele><time>2025-01-19T03:09:52Z</time><speed>13.705</speed><sat>5</sat></trkpt>
  <trkpt lat="13.79200083" lon="100.43635566"><ele>-20.381</ele><time>2025-01-19T03:09:53Z</time><speed>13.888</speed><sat>5</sat></trkpt>
  <trkpt lat="13.79208608" lon="100.43625059"><ele>-20.518</ele><time>2025-01-19T03:09:54Z</time><speed>14.019</speed><sat>6</sat></trkpt>
  <trkpt lat="13.79216759" lon="100.43614287"><ele>-21.115</ele><time>2025-01-19T03:09:55Z</time><speed>14.183</speed><sat>7</sat></trkpt>
  <trkpt lat="13.79224814" lon="100.43602548"><ele>-21.366</ele><time>2025-01-19T03:09:56Z</time><speed>14.798</speed><sat>7</sat></trkpt>
  <trkpt lat="13.79234227" lon="100.43590766"><ele>-21.155</ele><time>2025-01-19T03:09:57Z</time><speed>14.946</speed><sat>7</sat></trkpt>
  <trkpt lat="13.79241764" lon="100.43583174"><ele>-22.010</ele><time>2025-01-19T03:09:58Z</time><speed>14.515</speed><sat>7</sat></trkpt>
  <trkpt lat="13.79250434" lon="100.43573922"><ele>-22.057</ele><time>2025-01-19T03:09:59Z</time><speed>14.261</speed><sat>6</sat></trkpt>
  <trkpt lat="13.79258958" lon="100.43564229"><ele>-21.728</ele><time>2025-01-19T03:10:00Z</time><speed>13.973</speed><sat>5</sat></trkpt>
  <trkpt lat="13.79267452" lon="100.43553876"><ele>-21.755</ele><time>2025-01-19T03:10:01Z</time><speed>14.260</speed><sat>5</sat></trkpt>
  <trkpt lat="13.79275989" lon="100.43543450"><ele>-21.315</ele><time>2025-01-19T03:10:02Z</time><speed>14.807</speed><sat>7</sat></trkpt>
  <trkpt lat="13.79285048" lon="100.43533435"><ele>-21.663</ele><time>2025-01-19T03:10:03Z</time><speed>14.832</speed><sat>7</sat></trkpt>
  <trkpt lat="13.79289820" lon="100.43526891"><ele>-30.382</ele><time>2025-01-19T03:10:04Z</time><speed>15.159</speed><sat>7</sat></trkpt>
  <trkpt lat="13.79299707" lon="100.43516931"><ele>-30.196</ele><time>2025-01-19T03:10:05Z</time><speed>15.366</speed><sat>8</sat></trkpt>
  <trkpt lat="13.79310050" lon="100.43507200"><ele>-30.545</ele><time>2025-01-19T03:10:06Z</time><speed>15.467</speed><sat>7</sat></trkpt>
  <trkpt lat="13.79320000" lon="100.43496594"><ele>-30.714</ele><time>2025-01-19T03:10:07Z</time><speed>15.576</speed><sat>7</sat></trkpt>
  <trkpt lat="13.79329996" lon="100.43486455"><ele>-30.999</ele><time>2025-01-19T03:10:08Z</time><speed>15.557</speed><sat>7</sat></trkpt>
  <trkpt lat="13.79339696" lon="100.43476286"><ele>-31.339</ele><time>2025-01-19T03:10:09Z</time><speed>15.437</speed><sat>7</sat></trkpt>
  <trkpt lat="13.79349662" lon="100.43465834"><ele>-31.602</ele><time>2025-01-19T03:10:10Z</time><speed>15.394</speed><sat>7</sat></trkpt>
  <trkpt lat="13.79359561" lon="100.43455022"><ele>-31.405</ele><time>2025-01-19T03:10:11Z</time><speed>15.290</speed><sat>7</sat></trkpt>
  <trkpt lat="13.79369654" lon="100.43444001"><ele>-31.130</ele><time>2025-01-19T03:10:12Z</time><speed>15.293</speed><sat>6</sat></trkpt>
  <trkpt lat="13.79379212" lon="100.43432720"><ele>-30.531</ele><time>2025-01-19T03:10:13Z</time><speed>15.172</speed><sat>6</sat></trkpt>
  <trkpt lat="13.79388870" lon="100.43421792"><ele>-30.404</ele><time>2025-01-19T03:10:14Z</time><speed>15.081</speed><sat>5</sat></trkpt>
  <trkpt lat="13.79398223" lon="100.43410947"><ele>-29.252</ele><time>2025-01-19T03:10:15Z</time><speed>14.960</speed><sat>7</sat></trkpt>
  <trkpt lat="13.79407413" lon="100.43400226"><ele>-28.806</ele><time>2025-01-19T03:10:16Z</time><speed>14.782</speed><sat>6</sat></trkpt>
  <trkpt lat="13.79416653" lon="100.43389103"><ele>-28.669</ele><time>2025-01-19T03:10:17Z</time><speed>14.751</speed><sat>7</sat></trkpt>
  <trkpt lat="13.79425828" lon="100.43378799"><ele>-29.024</ele><time>2025-01-19T03:10:18Z</time><speed>14.627</speed><sat>5</sat></trkpt>
  <trkpt lat="13.79434770" lon="100.43368488"><ele>-29.068</ele><time>2025-01-19T03:10:19Z</time><speed>14.587</speed><sat>4</sat></trkpt>
  <trkpt lat="13.79443477" lon="100.43358265"><ele>-29.082</ele><time>2025-01-19T03:10:20Z</time><speed>14.472</speed><sat>5</sat></trkpt>
  <trkpt lat="13.79451969" lon="100.43348210"><ele>-28.989</ele><time>2025-01-19T03:10:21Z</time><speed>14.286</speed><sat>5</sat></trkpt>
  <trkpt lat="13.79459848" lon="100.43338277"><ele>-28.369</ele><time>2025-01-19T03:10:22Z</time><speed>14.028</speed><sat>5</sat></trkpt>
  <trkpt lat="13.79468002" lon="100.43328405"><ele>-28.682</ele><time>2025-01-19T03:10:23Z</time><speed>13.866</speed><sat>5</sat></trkpt>
  <trkpt lat="13.79475912" lon="100.43318554"><ele>-28.533</ele><time>2025-01-19T03:10:24Z</time><speed>13.690</speed><sat>5</sat></trkpt>
  <trkpt lat="13.79483893" lon="100.43309246"><ele>-28.410</ele><time>2025-01-19T03:10:25Z</time><speed>13.441</speed><sat>5</sat></trkpt>
  <trkpt lat="13.79491644" lon="100.43300320"><ele>-28.059</ele><time>2025-01-19T03:10:26Z</time><speed>13.112</speed><sat>5</sat></trkpt>
  <trkpt lat="13.79499252" lon="100.43291718"><ele>-28.047</ele><time>2025-01-19T03:10:27Z</time><speed>12.731</speed><sat>5</sat></trkpt>
  <trkpt lat="13.79506580" lon="100.43283274"><ele>-27.854</ele><time>2025-01-19T03:10:28Z</time><speed>12.328</speed><sat>5</sat></trkpt>
  <trkpt lat="13.79513609" lon="100.43274957"><ele>-27.535</ele><time>2025-01-19T03:10:29Z</time><speed>11.912</speed><sat>5</sat></trkpt>
  <trkpt lat="13.79520475" lon="100.43266615"><ele>-27.499</ele><time>2025-01-19T03:10:30Z</time><speed>11.541</speed><sat>6</sat></trkpt>
  <trkpt lat="13.79527495" lon="100.43258569"><ele>-27.315</ele><time>2025-01-19T03:10:31Z</time><speed>11.316</speed><sat>5</sat></trkpt>
  <trkpt lat="13.79534093" lon="100.43251003"><ele>-26.766</ele><time>2025-01-19T03:10:32Z</time><speed>10.997</speed><sat>4</sat></trkpt>
  <trkpt lat="13.79540671" lon="100.43243564"><ele>-26.259</ele><time>2025-01-19T03:10:33Z</time><speed>10.704</speed><sat>4</sat></trkpt>
  <trkpt lat="13.79547484" lon="100.43236561"><ele>-26.079</ele><time>2025-01-19T03:10:34Z</time><speed>10.476</speed><sat>5</sat></trkpt>
  <trkpt lat="13.79554279" lon="100.43229708"><ele>-25.949</ele><time>2025-01-19T03:10:35Z</time><speed>10.279</speed><sat>5</sat></trkpt>
  <trkpt lat="13.79560780" lon="100.43223136"><ele>-25.829</ele><time>2025-01-19T03:10:36Z</time><speed>10.028</speed><sat>4</sat></trkpt>
  <trkpt lat="13.79566964" lon="100.43216671"><ele>-25.651</ele><time>2025-01-19T03:10:37Z</time><speed>9.702</speed><sat>4</sat></trkpt>
  <trkpt lat="13.79573016" lon="100.43210474"><ele>-25.562</ele><time>2025-01-19T03:10:38Z</time><speed>9.307</speed><sat>4</sat></trkpt>
  <trkpt lat="13.79578719" lon="100.43204369"><ele>-25.371</ele><time>2025-01-19T03:10:39Z</time><speed>8.887</speed><sat>4</sat></trkpt>
  <trkpt lat="13.79584372" lon="100.43198728"><ele>-25.190</ele><time>2025-01-19T03:10:40Z</time><speed>8.497</speed><sat>5</sat></trkpt>
  <trkpt lat="13.79588745" lon="100.43194950"><ele>-24.895</ele><time>2025-01-19T03:10:41Z</time><speed>7.829</speed><sat>5</sat></trkpt>
  <trkpt lat="13.79593957" lon="100.43189015"><ele>-25.693</ele><time>2025-01-19T03:10:42Z</time><speed>7.482</speed><sat>6</sat></trkpt>
  <trkpt lat="13.79598617" lon="100.43184056"><ele>-25.353</ele><time>2025-01-19T03:10:43Z</time><speed>7.105</speed><sat>5</sat></trkpt>
  <trkpt lat="13.79602273" lon="100.43180847"><ele>-25.158</ele><time>2025-01-19T03:10:44Z</time><speed>6.623</speed><sat>5</sat></trkpt>
  <trkpt lat="13.79606491" lon="100.43177179"><ele>-25.093</ele><time>2025-01-19T03:10:45Z</time><speed>6.307</speed><sat>5</sat></trkpt>
  <trkpt lat="13.79610543" lon="100.43173477"><ele>-24.845</ele><time>2025-01-19T03:10:46Z</time><speed>6.009</speed><sat>5</sat></trkpt>
  <trkpt lat="13.79614713" lon="100.43169547"><ele>-24.703</ele><time>2025-01-19T03:10:47Z</time><speed>5.872</speed><sat>5</sat></trkpt>
  <trkpt lat="13.79618588" lon="100.43165436"><ele>-26.806</ele><time>2025-01-19T03:10:48Z</time><speed>5.765</speed><sat>6</sat></trkpt>
  <trkpt lat="13.79622160" lon="100.43161639"><ele>-27.846</ele><time>2025-01-19T03:10:49Z</time><speed>5.611</speed><sat>4</sat></trkpt>
  <trkpt lat="13.79625803" lon="100.43157929"><ele>-27.864</ele><time>2025-01-19T03:10:50Z</time><speed>5.574</speed><sat>3</sat></trkpt>
  <trkpt lat="13.79628857" lon="100.43154580"><ele>-28.015</ele><time>2025-01-19T03:10:51Z</time><speed>5.417</speed><sat>4</sat></trkpt>
  <trkpt lat="13.79632500" lon="100.43150043"><ele>-28.004</ele><time>2025-01-19T03:10:52Z</time><speed>5.489</speed><sat>5</sat></trkpt>
  <trkpt lat="13.79635792" lon="100.43146093"><ele>-28.260</ele><time>2025-01-19T03:10:53Z</time><speed>5.762</speed><sat>6</sat></trkpt>
  <trkpt lat="13.79639894" lon="100.43141277"><ele>-27.941</ele><time>2025-01-19T03:10:54Z</time><speed>6.245</speed><sat>5</sat></trkpt>
  <trkpt lat="13.79642899" lon="100.43135758"><ele>-26.533</ele><time>2025-01-19T03:10:55Z</time><speed>6.454</speed><sat>7</sat></trkpt>
  <trkpt lat="13.79645280" lon="100.43129320"><ele>-25.109</ele><time>2025-01-19T03:10:56Z</time><speed>6.824</speed><sat>7</sat></trkpt>
  <trkpt lat="13.79649554" lon="100.43125322"><ele>-27.163</ele><time>2025-01-19T03:10:57Z</time><speed>5.976</speed><sat>7</sat></trkpt>
  <trkpt lat="13.79653099" lon="100.43120336"><ele>-27.249</ele><time>2025-01-19T03:10:58Z</time><speed>6.039</speed><sat>7</sat></trkpt>
  <trkpt lat="13.79656997" lon="100.43115683"><ele>-27.688</ele><time>2025-01-19T03:10:59Z</time><speed>6.042</speed><sat>6</sat></trkpt>
  <trkpt lat="13.79661121" lon="100.43111011"><ele>-27.992</ele><time>2025-01-19T03:11:00Z</time><speed>6.112</speed><sat>6</sat></trkpt>
  <trkpt lat="13.79665613" lon="100.43106036"><ele>-28.369</ele><time>2025-01-19T03:11:01Z</time><speed>6.293</speed><sat>5</sat></trkpt>
  <trkpt lat="13.79669492" lon="100.43100307"><ele>-28.050</ele><time>2025-01-19T03:11:02Z</time><speed>6.529</speed><sat>6</sat></trkpt>
  <trkpt lat="13.79673623" lon="100.43093910"><ele>-27.533</ele><time>2025-01-19T03:11:03Z</time><speed>6.895</speed><sat>6</sat></trkpt>
  <trkpt lat="13.79678041" lon="100.43087484"><ele>-27.005</ele><time>2025-01-19T03:11:04Z</time><speed>7.266</speed><sat>6</sat></trkpt>
  <trkpt lat="13.79681984" lon="100.43081363"><ele>-26.093</ele><time>2025-01-19T03:11:05Z</time><speed>7.450</speed><sat>6</sat></trkpt>
  <trkpt lat="13.79686550" lon="100.43074776"><ele>-25.792</ele><time>2025-01-19T03:11:06Z</time><speed>7.732</speed><sat>6</sat></trkpt>
  <trkpt lat="13.79691131" lon="100.43068352"><ele>-25.476</ele><time>2025-01-19T03:11:07Z</time><speed>8.016</speed><sat>6</sat></trkpt>
  <trkpt lat="13.79695615" lon="100.43061972"><ele>-25.010</ele><time>2025-01-19T03:11:08Z</time><speed>8.195</speed><sat>6</sat></trkpt>
  <trkpt lat="13.79699931" lon="100.43055410"><ele>-24.362</ele><time>2025-01-19T03:11:09Z</time><speed>8.323</speed><sat>6</sat></trkpt>
  <trkpt lat="13.79704684" lon="100.43049336"><ele>-23.884</ele><time>2025-01-19T03:11:10Z</time><speed>8.420</speed><sat>4</sat></trkpt>
  <trkpt lat="13.79709106" lon="100.43042770"><ele>-23.313</ele><time>2025-01-19T03:11:11Z</time><speed>8.539</speed><sat>6</sat></trkpt>
  <trkpt lat="13.79713710" lon="100.43036069"><ele>-22.957</ele><time>2025-01-19T03:11:12Z</time><speed>8.707</speed><sat>6</sat></trkpt>
  <trkpt lat="13.79718193" lon="100.43029867"><ele>-22.793</ele><time>2025-01-19T03:11:13Z</time><speed>8.759</speed><sat>6</sat></trkpt>
  <trkpt lat="13.79723299" lon="100.43023095"><ele>-22.534</ele><time>2025-01-19T03:11:14Z</time><speed>8.963</speed><sat>6</sat></trkpt>
  <trkpt lat="13.79728140" lon="100.43016460"><ele>-22.323</ele><time>2025-01-19T03:11:15Z</time><speed>9.046</speed><sat>6</sat></trkpt>
  <trkpt lat="13.79732543" lon="100.43009518"><ele>-22.099</ele><time>2025-01-19T03:11:16Z</time><speed>9.118</speed><sat>6</sat></trkpt>
  <trkpt lat="13.79737065" lon="100.43002558"><ele>-21.855</ele><time>2025-01-19T03:11:17Z</time><speed>9.220</speed><sat>5</sat></trkpt>
  <trkpt lat="13.79741800" lon="100.42995257"><ele>-21.571</ele><time>2025-01-19T03:11:18Z</time><speed>9.404</speed><sat>5</sat></trkpt>
  <trkpt lat="13.79746910" lon="100.42987283"><ele>-23.198</ele><time>2025-01-19T03:11:19Z</time><speed>9.651</speed><sat>6</sat></trkpt>
  <trkpt lat="13.79752016" lon="100.42979492"><ele>-24.157</ele><time>2025-01-19T03:11:20Z</time><speed>9.896</speed><sat>6</sat></trkpt>
  <trkpt lat="13.79756651" lon="100.42971061"><ele>-24.567</ele><time>2025-01-19T03:11:21Z</time><speed>10.120</speed><sat>6</sat></trkpt>
  <trkpt lat="13.79761616" lon="100.42962724"><ele>-24.973</ele><time>2025-01-19T03:11:22Z</time><speed>10.343</speed><sat>6</sat></trkpt>
  <trkpt lat="13.79766622" lon="100.42954358"><ele>-25.483</ele><time>2025-01-19T03:11:23Z</time><speed>10.510</speed><sat>6</sat></trkpt>
  <trkpt lat="13.79771633" lon="100.42945668"><ele>-25.734</ele><time>2025-01-19T03:11:24Z</time><speed>10.677</speed><sat>5</sat></trkpt>
  <trkpt lat="13.79776579" lon="100.42936810"><ele>-26.007</ele><time>2025-01-19T03:11:25Z</time><speed>10.819</speed><sat>4</sat></trkpt>
  <trkpt lat="13.79781325" lon="100.42928070"><ele>-26.008</ele><time>2025-01-19T03:11:26Z</time><speed>10.915</speed><sat>5</sat></trkpt>
  <trkpt lat="13.79786055" lon="100.42918991"><ele>-25.600</ele><time>2025-01-19T03:11:27Z</time><speed>11.070</speed><sat>4</sat></trkpt>
  <trkpt lat="13.79792044" lon="100.42909181"><ele>-24.925</ele><time>2025-01-19T03:11:28Z</time><speed>11.303</speed><sat>4</sat></trkpt>
  <trkpt lat="13.79797236" lon="100.42899352"><ele>-24.476</ele><time>2025-01-19T03:11:29Z</time><speed>11.530</speed><sat>4</sat></trkpt>
  <trkpt lat="13.79802436" lon="100.42889363"><ele>-23.987</ele><time>2025-01-19T03:11:30Z</time><speed>11.755</speed><sat>3</sat></trkpt>
  <trkpt lat="13.79807358" lon="100.42879410"><ele>-23.525</ele><time>2025-01-19T03:11:31Z</time><speed>11.902</speed><sat>2</sat></trkpt>
  <trkpt lat="13.79812476" lon="100.42869029"><ele>-23.080</ele><time>2025-01-19T03:11:32Z</time><speed>12.142</speed><sat>2</sat></trkpt>
  <trkpt lat="13.79817692" lon="100.42858205"><ele>-22.631</ele><time>2025-01-19T03:11:33Z</time><speed>12.441</speed><sat>2</sat></trkpt>
  <trkpt lat="13.79822744" lon="100.42847274"><ele>-22.315</ele><time>2025-01-19T03:11:34Z</time><speed>12.739</speed><sat>2</sat></trkpt>
  <trkpt lat="13.79827647" lon="100.42836141"><ele>-22.005</ele><time>2025-01-19T03:11:35Z</time><speed>13.016</speed><sat>2</sat></trkpt>
  <trkpt lat="13.79832433" lon="100.42824786"><ele>-21.478</ele><time>2025-01-19T03:11:36Z</time><speed>13.248</speed><sat>3</sat></trkpt>
  <trkpt lat="13.79837135" lon="100.42813206"><ele>-20.968</ele><time>2025-01-19T03:11:37Z</time><speed>13.472</speed><sat>2</sat></trkpt>
  <trkpt lat="13.79841632" lon="100.42801525"><ele>-20.575</ele><time>2025-01-19T03:11:38Z</time><speed>13.668</speed></trkpt>
  <trkpt lat="13.79846128" lon="100.42789359"><ele>-20.085</ele><time>2025-01-19T03:11:39Z</time><speed>13.892</speed><sat>1</sat></trkpt>
  <trkpt lat="13.79850447" lon="100.42777328"><ele>-19.684</ele><time>2025-01-19T03:11:40Z</time><speed>14.028</speed><sat>1</sat></trkpt>
  <trkpt lat="13.79854714" lon="100.42765011"><ele>-19.317</ele><time>2025-01-19T03:11:41Z</time><speed>14.187</speed><sat>2</sat></trkpt>
  <trkpt lat="13.79858278" lon="100.42753112"><ele>-19.019</ele><time>2025-01-19T03:11:42Z</time><speed>14.203</speed><sat>3</sat></trkpt>
  <trkpt lat="13.79862430" lon="100.42740442"><ele>-18.735</ele><time>2025-01-19T03:11:43Z</time><speed>14.349</speed><sat>3</sat></trkpt>
  <trkpt lat="13.79865950" lon="100.42727150"><ele>-18.485</ele><time>2025-01-19T03:11:44Z</time><speed>14.555</speed><sat>3</sat></trkpt>
  <trkpt lat="13.79869307" lon="100.42714199"><ele>-18.184</ele><time>2025-01-19T03:11:45Z</time><speed>14.660</speed><sat>3</sat></trkpt>
  <trkpt lat="13.79872333" lon="100.42701824"><ele>-17.792</ele><time>2025-01-19T03:11:46Z</time><speed>14.639</speed><sat>3</sat></trkpt>
  <trkpt lat="13.79875320" lon="100.42688766"><ele>-17.431</ele><time>2025-01-19T03:11:47Z</time><speed>14.710</speed><sat>2</sat></trkpt>
  <trkpt lat="13.79878450" lon="100.42675456"><ele>-17.108</ele><time>2025-01-19T03:11:48Z</time><speed>14.810</speed></trkpt>
  <trkpt lat="13.79885478" lon="100.42679018"><ele>-16.570</ele><time>2025-01-19T03:11:49Z</time><speed>12.742</speed><sat>2</sat></trkpt>
  <trkpt lat="13.79893172" lon="100.42681899"><ele>-16.393</ele><time>2025-01-19T03:11:50Z</time><speed>11.032</speed><sat>2</sat></trkpt>
  <trkpt lat="13.79899468" lon="100.42676279"><ele>-17.288</ele><time>2025-01-19T03:11:51Z</time><speed>10.326</speed><sat>2</sat></trkpt>
  <trkpt lat="13.79903250" lon="100.42392578"><ele>-18.988</ele><time>2025-01-19T03:12:05Z</time><speed>18.599</speed><sat>7</sat></trkpt>
  <trkpt lat="13.79903068" lon="100.42373916"><ele>-21.970</ele><time>2025-01-19T03:12:06Z</time><speed>18.722</speed><sat>8</sat></trkpt>
  <trkpt lat="13.79934434" lon="100.42405252"><ele>-25.766</ele><time>2025-01-19T03:12:07Z</time><speed>16.639</speed><sat>6</sat></trkpt>
  <trkpt lat="13.79932066" lon="100.42381408"><ele>-28.964</ele><time>2025-01-19T03:12:08Z</time><speed>17.439</speed><sat>8</sat></trkpt>
  <trkpt lat="13.79928656" lon="100.42361362"><ele>-34.939</ele><time>2025-01-19T03:12:09Z</time><speed>17.825</speed><sat>9</sat></trkpt>
  <trkpt lat="13.79928705" lon="100.42340788"><ele>-35.703</ele><time>2025-01-19T03:12:10Z</time><speed>18.402</speed><sat>7</sat></trkpt>
  <trkpt lat="13.79927890" lon="100.42319208"><ele>-35.298</ele><time>2025-01-19T03:12:11Z</time><speed>18.894</speed><sat>7</sat></trkpt>
  <trkpt lat="13.79928301" lon="100.42297968"><ele>-36.231</ele><time>2025-01-19T03:12:12Z</time><speed>19.482</speed><sat>6</sat></trkpt>
  <trkpt lat="13.79926517" lon="100.42275258"><ele>-36.235</ele><time>2025-01-19T03:12:13Z</time><speed>20.074</speed><sat>10</sat></trkpt>
  <trkpt lat="13.79924811" lon="100.42254097"><ele>-36.211</ele><time>2025-01-19T03:12:14Z</time><speed>20.443</speed><sat>9</sat></trkpt>
  <trkpt lat="13.79905623" lon="100.42204992"><ele>-21.346</ele><time>2025-01-19T03:12:15Z</time><speed>20.750</speed><sat>14</sat></trkpt>
  <trkpt lat="13.79906548" lon="100.42185141"><ele>-21.408</ele><time>2025-01-19T03:12:16Z</time><speed>20.665</speed><sat>16</sat></trkpt>
  <trkpt lat="13.79907510" lon="100.42165267"><ele>-21.692</ele><time>2025-01-19T03:12:17Z</time><speed>20.827</speed><sat>15</sat></trkpt>
  <trkpt lat="13.79908076" lon="100.42145547"><ele>-22.706</ele><time>2025-01-19T03:12:18Z</time><speed>20.806</speed><sat>16</sat></trkpt>
  <trkpt lat="13.79909073" lon="100.42125162"><ele>-23.392</ele><time>2025-01-19T03:12:19Z</time><speed>21.107</speed><sat>16</sat></trkpt>
  <trkpt lat="13.79910120" lon="100.42104812"><ele>-23.841</ele><time>2025-01-19T03:12:20Z</time><speed>21.292</speed><sat>15</sat></trkpt>
  <trkpt lat="13.79911077" lon="100.42083456"><ele>-24.246</ele><time>2025-01-19T03:12:21Z</time><speed>21.745</speed><sat>14</sat></trkpt>
  <trkpt lat="13.79911979" lon="100.42062821"><ele>-25.255</ele><time>2025-01-19T03:12:22Z</time><speed>21.847</speed><sat>16</sat></trkpt>
  <trkpt lat="13.79912817" lon="100.42042188"><ele>-26.192</ele><time>2025-01-19T03:12:23Z</time><speed>22.100</speed><sat>15</sat></trkpt>
  <trkpt lat="13.79913783" lon="100.42021820"><ele>-26.919</ele><time>2025-01-19T03:12:24Z</time><speed>22.285</speed><sat>13</sat></trkpt>
  <trkpt lat="13.79913743" lon="100.42001529"><ele>-27.273</ele><time>2025-01-19T03:12:25Z</time><speed>22.399</speed><sat>15</sat></trkpt>
  <trkpt lat="13.79914713" lon="100.41980216"><ele>-27.871</ele><time>2025-01-19T03:12:26Z</time><speed>22.311</speed><sat>16</sat></trkpt>
  <trkpt lat="13.79915746" lon="100.41958879"><ele>-27.547</ele><time>2025-01-19T03:12:27Z</time><speed>22.391</speed><sat>17</sat></trkpt>
  <trkpt lat="13.79916827" lon="100.41937753"><ele>-27.426</ele><time>2025-01-19T03:12:28Z</time><speed>22.476</speed><sat>17</sat></trkpt>
  <trkpt lat="13.79917494" lon="100.41916185"><ele>-27.464</ele><time>2025-01-19T03:12:29Z</time><speed>22.713</speed><sat>16</sat></trkpt>
  <trkpt lat="13.79917714" lon="100.41894627"><ele>-27.759</ele><time>2025-01-19T03:12:30Z</time><speed>22.727</speed><sat>15</sat></trkpt>
  <trkpt lat="13.79918052" lon="100.41872803"><ele>-28.309</ele><time>2025-01-19T03:12:31Z</time><speed>22.775</speed><sat>15</sat></trkpt>
  <trkpt lat="13.79918341" lon="100.41851992"><ele>-27.976</ele><time>2025-01-19T03:12:32Z</time><speed>22.716</speed><sat>13</sat></trkpt>
  <trkpt lat="13.79918572" lon="100.41832310"><ele>-27.746</ele><time>2025-01-19T03:12:33Z</time><speed>22.652</speed><sat>13</sat></trkpt>
  <trkpt lat="13.79918888" lon="100.41809770"><ele>-27.121</ele><time>2025-01-19T03:12:34Z</time><speed>22.772</speed><sat>14</sat></trkpt>
  <trkpt lat="13.79919333" lon="100.41788791"><ele>-26.144</ele><time>2025-01-19T03:12:35Z</time><speed>22.917</speed><sat>13</sat></trkpt>
  <trkpt lat="13.79919546" lon="100.41768349"><ele>-26.366</ele><time>2025-01-19T03:12:36Z</time><speed>23.033</speed><sat>14</sat></trkpt>
  <trkpt lat="13.79920207" lon="100.41747583"><ele>-26.264</ele><time>2025-01-19T03:12:37Z</time><speed>23.084</speed><sat>14</sat></trkpt>
  <trkpt lat="13.79920699" lon="100.41725631"><ele>-27.303</ele><time>2025-01-19T03:12:38Z</time><speed>23.043</speed><sat>14</sat></trkpt>
  <trkpt lat="13.79922503" lon="100.41704556"><ele>-25.345</ele><time>2025-01-19T03:12:39Z</time><speed>23.145</speed><sat>13</sat></trkpt>
  <trkpt lat="13.79924493" lon="100.41683563"><ele>-24.816</ele><time>2025-01-19T03:12:40Z</time><speed>23.132</speed><sat>14</sat></trkpt>
  <trkpt lat="13.79926157" lon="100.41662108"><ele>-25.051</ele><time>2025-01-19T03:12:41Z</time><speed>23.176</speed><sat>13</sat></trkpt>
  <trkpt lat="13.79927819" lon="100.41640978"><ele>-24.754</ele><time>2025-01-19T03:12:42Z</time><speed>23.105</speed><sat>14</sat></trkpt>
  <trkpt lat="13.79928274" lon="100.41620076"><ele>-24.612</ele><time>2025-01-19T03:12:43Z</time><speed>23.062</speed><sat>16</sat></trkpt>
  <trkpt lat="13.79929189" lon="100.41599861"><ele>-23.384</ele><time>2025-01-19T03:12:44Z</time><speed>22.989</speed><sat>15</sat></trkpt>
  <trkpt lat="13.79929412" lon="100.41579185"><ele>-22.810</ele><time>2025-01-19T03:12:45Z</time><speed>22.814</speed><sat>15</sat></trkpt>
  <trkpt lat="13.79929352" lon="100.41557841"><ele>-23.430</ele><time>2025-01-19T03:12:46Z</time><speed>22.797</speed><sat>16</sat></trkpt>
  <trkpt lat="13.79929606" lon="100.41534464"><ele>-22.619</ele><time>2025-01-19T03:12:47Z</time><speed>22.893</speed><sat>17</sat></trkpt>
  <trkpt lat="13.79930256" lon="100.41513057"><ele>-23.402</ele><time>2025-01-19T03:12:48Z</time><speed>22.898</speed><sat>15</sat></trkpt>
  <trkpt lat="13.79930547" lon="100.41492200"><ele>-23.495</ele><time>2025-01-19T03:12:49Z</time><speed>22.862</speed><sat>14</sat></trkpt>
  <trkpt lat="13.79930910" lon="100.41470635"><ele>-23.612</ele><time>2025-01-19T03:12:50Z</time><speed>22.903</speed><sat>14</sat></trkpt>
  <trkpt lat="13.79931301" lon="100.41448833"><ele>-23.821</ele><time>2025-01-19T03:12:51Z</time><speed>22.900</speed><sat>15</sat></trkpt>
  <trkpt lat="13.79931783" lon="100.41427208"><ele>-23.891</ele><time>2025-01-19T03:12:52Z</time><speed>23.004</speed><sat>17</sat></trkpt>
  <trkpt lat="13.79932427" lon="100.41406344"><ele>-23.560</ele><time>2025-01-19T03:12:53Z</time><speed>22.946</speed><sat>15</sat></trkpt>
  <trkpt lat="13.79933060" lon="100.41385768"><ele>-23.255</ele><time>2025-01-19T03:12:54Z</time><speed>22.907</speed><sat>14</sat></trkpt>
  <trkpt lat="13.79934382" lon="100.41364353"><ele>-23.127</ele><time>2025-01-19T03:12:55Z</time><speed>22.994</speed><sat>14</sat></trkpt>
  <trkpt lat="13.79935486" lon="100.41343531"><ele>-22.984</ele><time>2025-01-19T03:12:56Z</time><speed>22.966</speed><sat>14</sat></trkpt>
  <trkpt lat="13.79936308" lon="100.41322927"><ele>-22.267</ele><time>2025-01-19T03:12:57Z</time><speed>23.015</speed><sat>16</sat></trkpt>
  <trkpt lat="13.79936712" lon="100.41301616"><ele>-21.770</ele><time>2025-01-19T03:12:58Z</time><speed>22.944</speed><sat>16</sat></trkpt>
  <trkpt lat="13.79938909" lon="100.41279171"><ele>-22.536</ele><time>2025-01-19T03:12:59Z</time><speed>22.937</speed><sat>15</sat></trkpt>
  <trkpt lat="13.79939599" lon="100.41257562"><ele>-23.094</ele><time>2025-01-19T03:13:00Z</time><speed>22.778</speed><sat>9</sat></trkpt>
  <trkpt lat="13.79939936" lon="100.41235276"><ele>-23.595</ele><time>2025-01-19T03:13:01Z</time><speed>23.125</speed><sat>11</sat></trkpt>
  <trkpt lat="13.79940724" lon="100.41213024"><ele>-23.713</ele><time>2025-01-19T03:13:02Z</time><speed>23.392</speed><sat>9</sat></trkpt>
  <trkpt lat="13.79941680" lon="100.41191172"><ele>-23.535</ele><time>2025-01-19T03:13:03Z</time><speed>23.279</speed><sat>8</sat></trkpt>
  <trkpt lat="13.79942465" lon="100.41169591"><ele>-24.498</ele><time>2025-01-19T03:13:04Z</time><speed>23.569</speed><sat>8</sat></trkpt>
  <trkpt lat="13.79942736" lon="100.41146952"><ele>-24.485</ele><time>2025-01-19T03:13:05Z</time><speed>23.399</speed><sat>8</sat></trkpt>
  <trkpt lat="13.79944454" lon="100.41125122"><ele>-23.772</ele><time>2025-01-19T03:13:06Z</time><speed>23.424</speed><sat>7</sat></trkpt>
  <trkpt lat="13.79944746" lon="100.41102769"><ele>-22.964</ele><time>2025-01-19T03:13:07Z</time><speed>23.418</speed><sat>9</sat></trkpt>
  <trkpt lat="13.79944659" lon="100.41080438"><ele>-22.817</ele><time>2025-01-19T03:13:08Z</time><speed>23.280</speed><sat>9</sat></trkpt>
  <trkpt lat="13.79945386" lon="100.41058394"><ele>-22.244</ele><time>2025-01-19T03:13:09Z</time><speed>23.281</speed><sat>6</sat></trkpt>
  <trkpt lat="13.79949620" lon="100.40972889"><ele>-20.860</ele><time>2025-01-19T03:13:13Z</time><speed>23.341</speed><sat>6</sat></trkpt>
  <trkpt lat="13.79949511" lon="100.40952435"><ele>-21.086</ele><time>2025-01-19T03:13:14Z</time><speed>23.075</speed><sat>9</sat></trkpt>
  <trkpt lat="13.79950527" lon="100.40929883"><ele>-22.174</ele><time>2025-01-19T03:13:15Z</time><speed>22.858</speed><sat>9</sat></trkpt>
  <trkpt lat="13.79949812" lon="100.40914195"><ele>-22.881</ele><time>2025-01-19T03:13:16Z</time><speed>22.688</speed><sat>11</sat></trkpt>
  <trkpt lat="13.79949876" lon="100.40894813"><ele>-22.497</ele><time>2025-01-19T03:13:17Z</time><speed>23.010</speed><sat>11</sat></trkpt>
  <trkpt lat="13.79950426" lon="100.40874506"><ele>-22.746</ele><time>2025-01-19T03:13:18Z</time><speed>22.910</speed><sat>12</sat></trkpt>
  <trkpt lat="13.79951539" lon="100.40853477"><ele>-22.490</ele><time>2025-01-19T03:13:19Z</time><speed>22.820</speed><sat>11</sat></trkpt>
  <trkpt lat="13.79952698" lon="100.40833190"><ele>-23.143</ele><time>2025-01-19T03:13:20Z</time><speed>22.684</speed><sat>9</sat></trkpt>
  <trkpt lat="13.79953768" lon="100.40811926"><ele>-22.910</ele><time>2025-01-19T03:13:21Z</time><speed>22.583</speed><sat>5</sat></trkpt>
  <trkpt lat="13.79954713" lon="100.40790460"><ele>-22.873</ele><time>2025-01-19T03:13:22Z</time><speed>22.583</speed><sat>4</sat></trkpt>
  <trkpt lat="13.79956229" lon="100.40768552"><ele>-22.710</ele><time>2025-01-19T03:13:23Z</time><speed>22.623</speed><sat>5</sat></trkpt>
  <trkpt lat="13.79957233" lon="100.40746911"><ele>-22.943</ele><time>2025-01-19T03:13:24Z</time><speed>22.741</speed><sat>7</sat></trkpt>
  <trkpt lat="13.79958131" lon="100.40726325"><ele>-22.627</ele><time>2025-01-19T03:13:25Z</time><speed>22.923</speed><sat>8</sat></trkpt>
  <trkpt lat="13.79957893" lon="100.40701420"><ele>-21.601</ele><time>2025-01-19T03:13:26Z</time><speed>22.855</speed><sat>11</sat></trkpt>
  <trkpt lat="13.79957412" lon="100.40680757"><ele>-21.902</ele><time>2025-01-19T03:13:27Z</time><speed>23.144</speed><sat>10</sat></trkpt>
  <trkpt lat="13.79957987" lon="100.40660057"><ele>-22.053</ele><time>2025-01-19T03:13:28Z</time><speed>23.227</speed><sat>10</sat></trkpt>
  <trkpt lat="13.79958630" lon="100.40639023"><ele>-22.452</ele><time>2025-01-19T03:13:29Z</time><speed>23.187</speed><sat>10</sat></trkpt>
  <trkpt lat="13.79959483" lon="100.40617954"><ele>-23.068</ele><time>2025-01-19T03:13:30Z</time><speed>23.259</speed><sat>11</sat></trkpt>
  <trkpt lat="13.79960476" lon="100.40596574"><ele>-23.180</ele><time>2025-01-19T03:13:31Z</time><speed>23.310</speed><sat>14</sat></trkpt>
  <trkpt lat="13.79960994" lon="100.40574566"><ele>-23.146</ele><time>2025-01-19T03:13:32Z</time><speed>23.390</speed><sat>12</sat></trkpt>
  <trkpt lat="13.79961952" lon="100.40551611"><ele>-23.986</ele><time>2025-01-19T03:13:33Z</time><speed>23.442</speed><sat>12</sat></trkpt>
  <trkpt lat="13.79963119" lon="100.40530222"><ele>-24.379</ele><time>2025-01-19T03:13:34Z</time><speed>23.374</speed><sat>11</sat></trkpt>
  <trkpt lat="13.79963987" lon="100.40508933"><ele>-24.832</ele><time>2025-01-19T03:13:35Z</time><speed>23.573</speed><sat>15</sat></trkpt>
  <trkpt lat="13.79965640" lon="100.40485969"><ele>-25.125</ele><time>2025-01-19T03:13:36Z</time><speed>23.549</speed><sat>17</sat></trkpt>
  <trkpt lat="13.79966819" lon="100.40464369"><ele>-25.484</ele><time>2025-01-19T03:13:37Z</time><speed>23.447</speed><sat>15</sat></trkpt>
  <trkpt lat="13.79967659" lon="100.40442713"><ele>-25.452</ele><time>2025-01-19T03:13:38Z</time><speed>23.459</speed><sat>13</sat></trkpt>
  <trkpt lat="13.79968316" lon="100.40421687"><ele>-25.490</ele><time>2025-01-19T03:13:39Z</time><speed>23.295</speed><sat>14</sat></trkpt>
  <trkpt lat="13.79969029" lon="100.40400187"><ele>-25.276</ele><time>2025-01-19T03:13:40Z</time><speed>23.490</speed><sat>14</sat></trkpt>
  <trkpt lat="13.79969641" lon="100.40379071"><ele>-25.617</ele><time>2025-01-19T03:13:41Z</time><speed>23.510</speed><sat>13</sat></trkpt>
  <trkpt lat="13.79969993" lon="100.40357499"><ele>-25.758</ele><time>2025-01-19T03:13:42Z</time><speed>23.502</speed><sat>12</sat></trkpt>
  <trkpt lat="13.79970565" lon="100.40336121"><ele>-25.854</ele><time>2025-01-19T03:13:43Z</time><speed>23.465</speed><sat>13</sat></trkpt>
  <trkpt lat="13.79971452" lon="100.40313961"><ele>-25.966</ele><time>2025-01-19T03:13:44Z</time><speed>23.465</speed><sat>13</sat></trkpt>
  <trkpt lat="13.79972130" lon="100.40292693"><ele>-25.898</ele><time>2025-01-19T03:13:45Z</time><speed>23.350</speed><sat>14</sat></trkpt>
  <trkpt lat="13.79973072" lon="100.40271005"><ele>-26.068</ele><time>2025-01-19T03:13:46Z</time><speed>23.471</speed><sat>14</sat></trkpt>
  <trkpt lat="13.79973557" lon="100.40248559"><ele>-26.626</ele><time>2025-01-19T03:13:47Z</time><speed>23.393</speed><sat>14</sat></trkpt>
  <trkpt lat="13.79974213" lon="100.40226857"><ele>-26.745</ele><time>2025-01-19T03:13:48Z</time><speed>23.408</speed><sat>13</sat></trkpt>
  <trkpt lat="13.79974918" lon="100.40205657"><ele>-26.757</ele><time>2025-01-19T03:13:49Z</time><speed>23.327</speed><sat>13</sat></trkpt>
  <trkpt lat="13.79975999" lon="100.40183434"><ele>-26.775</ele><time>2025-01-19T03:13:50Z</time><speed>23.273</speed><sat>14</sat></trkpt>
  <trkpt lat="13.79977091" lon="100.40161500"><ele>-26.720</ele><time>2025-01-19T03:13:51Z</time><speed>23.143</speed><sat>14</sat></trkpt>
  <trkpt lat="13.79977920" lon="100.40141039"><ele>-26.848</ele><time>2025-01-19T03:13:52Z</time><speed>23.237</speed><sat>14</sat></trkpt>
  <trkpt lat="13.79978638" lon="100.40119774"><ele>-26.877</ele><time>2025-01-19T03:13:53Z</time><speed>23.204</speed><sat>14</sat></trkpt>
  <trkpt lat="13.79979497" lon="100.40097971"><ele>-27.557</ele><time>2025-01-19T03:13:54Z</time><speed>23.238</speed><sat>12</sat></trkpt>
  <trkpt lat="13.79979832" lon="100.40076130"><ele>-28.305</ele><time>2025-01-19T03:13:55Z</time><speed>23.304</speed><sat>14</sat></trkpt>
  <trkpt lat="13.79980856" lon="100.40055827"><ele>-28.737</ele><time>2025-01-19T03:13:56Z</time><speed>23.417</speed><sat>14</sat></trkpt>
  <trkpt lat="13.79981738" lon="100.40033943"><ele>-28.857</ele><time>2025-01-19T03:13:57Z</time><speed>23.325</speed><sat>13</sat></trkpt>
  <trkpt lat="13.79982184" lon="100.40012456"><ele>-28.838</ele><time>2025-01-19T03:13:58Z</time><speed>23.323</speed><sat>13</sat></trkpt>
  <trkpt lat="13.79982340" lon="100.39990724"><ele>-28.971</ele><time>2025-01-19T03:13:59Z</time><speed>23.165</speed><sat>14</sat></trkpt>
  <trkpt lat="13.79982194" lon="100.39968354"><ele>-28.914</ele><time>2025-01-19T03:14:00Z</time><speed>23.231</speed><sat>14</sat></trkpt>
  <trkpt lat="13.79982457" lon="100.39947006"><ele>-28.762</ele><time>2025-01-19T03:14:01Z</time><speed>23.279</speed><sat>13</sat></trkpt>
  <trkpt lat="13.79983713" lon="100.39924577"><ele>-28.416</ele><time>2025-01-19T03:14:02Z</time><speed>23.171</speed><sat>14</sat></trkpt>
  <trkpt lat="13.79984828" lon="100.39903485"><ele>-27.995</ele><time>2025-01-19T03:14:03Z</time><speed>23.036</speed><sat>14</sat></trkpt>
  <trkpt lat="13.79985753" lon="100.39884129"><ele>-27.870</ele><time>2025-01-19T03:14:04Z</time><speed>23.019</speed><sat>12</sat></trkpt>
  <trkpt lat="13.79986690" lon="100.39862126"><ele>-27.564</ele><time>2025-01-19T03:14:05Z</time><speed>23.097</speed><sat>12</sat></trkpt>
  <trkpt lat="13.79988093" lon="100.39840274"><ele>-27.481</ele><time>2025-01-19T03:14:06Z</time><speed>23.120</speed><sat>12</sat></trkpt>
  <trkpt lat="13.79989074" lon="100.39819703"><ele>-27.456</ele><time>2025-01-19T03:14:07Z</time><speed>23.033</speed><sat>12</sat></trkpt>
  <trkpt lat="13.79990120" lon="100.39797836"><ele>-27.526</ele><time>2025-01-19T03:14:08Z</time><speed>23.005</speed><sat>12</sat></trkpt>
  <trkpt lat="13.79990558" lon="100.39776838"><ele>-26.945</ele><time>2025-01-19T03:14:09Z</time><speed>23.149</speed><sat>14</sat></trkpt>
  <trkpt lat="13.79990825" lon="100.39755376"><ele>-27.274</ele><time>2025-01-19T03:14:10Z</time><speed>23.013</speed><sat>14</sat></trkpt>
  <trkpt lat="13.79991143" lon="100.39733302"><ele>-27.496</ele><time>2025-01-19T03:14:11Z</time><speed>22.781</speed><sat>15</sat></trkpt>
  <trkpt lat="13.79991492" lon="100.39711744"><ele>-27.880</ele><time>2025-01-19T03:14:12Z</time><speed>22.640</speed><sat>13</sat></trkpt>
  <trkpt lat="13.79992184" lon="100.39690383"><ele>-28.213</ele><time>2025-01-19T03:14:13Z</time><speed>22.696</speed><sat>16</sat></trkpt>
  <trkpt lat="13.79993152" lon="100.39669929"><ele>-28.232</ele><time>2025-01-19T03:14:14Z</time><speed>22.804</speed><sat>15</sat></trkpt>
  <trkpt lat="13.79993961" lon="100.39649109"><ele>-27.971</ele><time>2025-01-19T03:14:15Z</time><speed>23.003</speed><sat>15</sat></trkpt>
  <trkpt lat="13.79994571" lon="100.39626883"><ele>-28.070</ele><time>2025-01-19T03:14:16Z</time><speed>23.066</speed><sat>14</sat></trkpt>
  <trkpt lat="13.79995208" lon="100.39605815"><ele>-27.862</ele><time>2025-01-19T03:14:17Z</time><speed>23.040</speed><sat>14</sat></trkpt>
  <trkpt lat="13.79996020" lon="100.39584501"><ele>-27.723</ele><time>2025-01-19T03:14:18Z</time><speed>22.903</speed><sat>15</sat></trkpt>
  <trkpt lat="13.79997111" lon="100.39562696"><ele>-27.780</ele><time>2025-01-19T03:14:19Z</time><speed>22.931</speed><sat>15</sat></trkpt>
  <trkpt lat="13.79998329" lon="100.39540840"><ele>-28.353</ele><time>2025-01-19T03:14:20Z</time><speed>22.957</speed><sat>15</sat></trkpt>
  <trkpt lat="13.79999539" lon="100.39520054"><ele>-28.431</ele><time>2025-01-19T03:14:21Z</time><speed>22.995</speed><sat>16</sat></trkpt>
  <trkpt lat="13.80000499" lon="100.39498006"><ele>-28.576</ele><time>2025-01-19T03:14:22Z</time><speed>23.025</speed><sat>16</sat></trkpt>
  <trkpt lat="13.80000656" lon="100.39476792"><ele>-28.558</ele><time>2025-01-19T03:14:23Z</time><speed>22.916</speed><sat>15</sat></trkpt>
  <trkpt lat="13.80001858" lon="100.39456248"><ele>-28.564</ele><time>2025-01-19T03:14:24Z</time><speed>22.860</speed><sat>15</sat></trkpt>
  <trkpt lat="13.80003542" lon="100.39435268"><ele>-28.567</ele><time>2025-01-19T03:14:25Z</time><speed>22.896</speed><sat>14</sat></trkpt>
  <trkpt lat="13.80005020" lon="100.39414625"><ele>-29.005</ele><time>2025-01-19T03:14:26Z</time><speed>22.923</speed><sat>13</sat></trkpt>
  <trkpt lat="13.80006277" lon="100.39392941"><ele>-29.162</ele><time>2025-01-19T03:14:27Z</time><speed>22.906</speed><sat>14</sat></trkpt>
  <trkpt lat="13.80006733" lon="100.39371932"><ele>-29.422</ele><time>2025-01-19T03:14:28Z</time><speed>23.104</speed><sat>15</sat></trkpt>
  <trkpt lat="13.80007222" lon="100.39351119"><ele>-29.782</ele><time>2025-01-19T03:14:29Z</time><speed>23.029</speed><sat>15</sat></trkpt>
  <trkpt lat="13.80007954" lon="100.39329990"><ele>-30.607</ele><time>2025-01-19T03:14:30Z</time><speed>23.047</speed><sat>15</sat></trkpt>
  <trkpt lat="13.80009084" lon="100.39309394"><ele>-30.554</ele><time>2025-01-19T03:14:31Z</time><speed>23.103</speed><sat>14</sat></trkpt>
  <trkpt lat="13.80010256" lon="100.39287194"><ele>-30.508</ele><time>2025-01-19T03:14:32Z</time><speed>23.127</speed><sat>13</sat></trkpt>
  <trkpt lat="13.80011116" lon="100.39265031"><ele>-30.349</ele><time>2025-01-19T03:14:33Z</time><speed>23.386</speed><sat>14</sat></trkpt>
  <trkpt lat="13.80011353" lon="100.39243774"><ele>-30.479</ele><time>2025-01-19T03:14:34Z</time><speed>23.332</speed><sat>13</sat></trkpt>
  <trkpt lat="13.80012370" lon="100.39221680"><ele>-31.092</ele><time>2025-01-19T03:14:35Z</time><speed>23.363</speed><sat>13</sat></trkpt>
  <trkpt lat="13.80013052" lon="100.39200283"><ele>-30.871</ele><time>2025-01-19T03:14:36Z</time><speed>23.539</speed><sat>13</sat></trkpt>
  <trkpt lat="13.80013596" lon="100.39177955"><ele>-30.320</ele><time>2025-01-19T03:14:37Z</time><speed>23.648</speed><sat>12</sat></trkpt>
  <trkpt lat="13.80013476" lon="100.39155920"><ele>-29.997</ele><time>2025-01-19T03:14:38Z</time><speed>23.733</speed><sat>12</sat></trkpt>
  <trkpt lat="13.80013672" lon="100.39133490"><ele>-29.985</ele><time>2025-01-19T03:14:39Z</time><speed>23.659</speed><sat>13</sat></trkpt>
  <trkpt lat="13.80013457" lon="100.39111621"><ele>-30.056</ele><time>2025-01-19T03:14:40Z</time><speed>23.708</speed><sat>13</sat></trkpt>
  <trkpt lat="13.80013806" lon="100.39090205"><ele>-30.093</ele><time>2025-01-19T03:14:41Z</time><speed>23.764</speed><sat>13</sat></trkpt>
  <trkpt lat="13.80013429" lon="100.39068563"><ele>-30.207</ele><time>2025-01-19T03:14:42Z</time><speed>23.868</speed><sat>13</sat></trkpt>
  <trkpt lat="13.80013111" lon="100.39045612"><ele>-29.906</ele><time>2025-01-19T03:14:43Z</time><speed>24.169</speed><sat>14</sat></trkpt>
  <trkpt lat="13.80012381" lon="100.39023052"><ele>-29.810</ele><time>2025-01-19T03:14:44Z</time><speed>24.030</speed><sat>14</sat></trkpt>
  <trkpt lat="13.80012973" lon="100.39000017"><ele>-29.447</ele><time>2025-01-19T03:14:45Z</time><speed>23.978</speed><sat>14</sat></trkpt>
  <trkpt lat="13.80013027" lon="100.38979234"><ele>-29.572</ele><time>2025-01-19T03:14:46Z</time><speed>23.789</speed><sat>14</sat></trkpt>
  <trkpt lat="13.80014180" lon="100.38956974"><ele>-29.461</ele><time>2025-01-19T03:14:47Z</time><speed>23.752</speed><sat>14</sat></trkpt>
  <trkpt lat="13.80015205" lon="100.38935680"><ele>-29.501</ele><time>2025-01-19T03:14:48Z</time><speed>23.808</speed><sat>14</sat></trkpt>
  <trkpt lat="13.80015172" lon="100.38914713"><ele>-29.608</ele><time>2025-01-19T03:14:49Z</time><speed>23.899</speed><sat>12</sat></trkpt>
  <trkpt lat="13.80015776" lon="100.38892492"><ele>-29.611</ele><time>2025-01-19T03:14:50Z</time><speed>23.767</speed><sat>12</sat></trkpt>
  <trkpt lat="13.80016640" lon="100.38870057"><ele>-29.103</ele><time>2025-01-19T03:14:51Z</time><speed>23.698</speed><sat>13</sat></trkpt>
  <trkpt lat="13.80017299" lon="100.38849342"><ele>-29.062</ele><time>2025-01-19T03:14:52Z</time><speed>23.810</speed><sat>13</sat></trkpt>
  <trkpt lat="13.80018371" lon="100.38826874"><ele>-28.830</ele><time>2025-01-19T03:14:53Z</time><speed>23.621</speed><sat>13</sat></trkpt>
  <trkpt lat="13.80019313" lon="100.38804660"><ele>-27.811</ele><time>2025-01-19T03:14:54Z</time><speed>23.609</speed><sat>13</sat></trkpt>
  <trkpt lat="13.80020537" lon="100.38782474"><ele>-27.026</ele><time>2025-01-19T03:14:55Z</time><speed>23.550</speed><sat>13</sat></trkpt>
  <trkpt lat="13.80023154" lon="100.38760566"><ele>-26.497</ele><time>2025-01-19T03:14:56Z</time><speed>23.526</speed><sat>13</sat></trkpt>
  <trkpt lat="13.80022840" lon="100.38739099"><ele>-25.731</ele><time>2025-01-19T03:14:57Z</time><speed>23.509</speed><sat>12</sat></trkpt>
  <trkpt lat="13.80021946" lon="100.38718139"><ele>-25.935</ele><time>2025-01-19T03:14:58Z</time><speed>23.366</speed><sat>13</sat></trkpt>
  <trkpt lat="13.80021733" lon="100.38696758"><ele>-25.701</ele><time>2025-01-19T03:14:59Z</time><speed>23.453</speed><sat>14</sat></trkpt>
  <trkpt lat="13.80021040" lon="100.38674462"><ele>-25.385</ele><time>2025-01-19T03:15:00Z</time><speed>23.484</speed><sat>14</sat></trkpt>
  <trkpt lat="13.80021826" lon="100.38651854"><ele>-25.412</ele><time>2025-01-19T03:15:01Z</time><speed>23.403</speed><sat>13</sat></trkpt>
  <trkpt lat="13.80022358" lon="100.38631129"><ele>-25.795</ele><time>2025-01-19T03:15:02Z</time><speed>23.408</speed><sat>11</sat></trkpt>
  <trkpt lat="13.80024117" lon="100.38610041"><ele>-25.967</ele><time>2025-01-19T03:15:03Z</time><speed>23.318</speed><sat>13</sat></trkpt>
  <trkpt lat="13.80026648" lon="100.38589483"><ele>-25.359</ele><time>2025-01-19T03:15:04Z</time><speed>23.200</speed><sat>13</sat></trkpt>
  <trkpt lat="13.80027950" lon="100.38568260"><ele>-25.019</ele><time>2025-01-19T03:15:05Z</time><speed>23.093</speed><sat>12</sat></trkpt>
  <trkpt lat="13.80028828" lon="100.38546353"><ele>-25.395</ele><time>2025-01-19T03:15:06Z</time><speed>22.977</speed><sat>14</sat></trkpt>
  <trkpt lat="13.80030510" lon="100.38524285"><ele>-25.508</ele><time>2025-01-19T03:15:07Z</time><speed>23.081</speed><sat>14</sat></trkpt>
  <trkpt lat="13.80030663" lon="100.38502700"><ele>-26.097</ele><time>2025-01-19T03:15:08Z</time><speed>23.033</speed><sat>13</sat></trkpt>
  <trkpt lat="13.80031975" lon="100.38481763"><ele>-25.946</ele><time>2025-01-19T03:15:09Z</time><speed>23.099</speed><sat>12</sat></trkpt>
  <trkpt lat="13.80032391" lon="100.38460276"><ele>-26.138</ele><time>2025-01-19T03:15:10Z</time><speed>23.019</speed><sat>11</sat></trkpt>
  <trkpt lat="13.80032704" lon="100.38438758"><ele>-26.461</ele><time>2025-01-19T03:15:11Z</time><speed>23.066</speed><sat>11</sat></trkpt>
  <trkpt lat="13.80033679" lon="100.38417520"><ele>-26.518</ele><time>2025-01-19T03:15:12Z</time><speed>22.980</speed><sat>12</sat></trkpt>
  <trkpt lat="13.80034354" lon="100.38395718"><ele>-25.499</ele><time>2025-01-19T03:15:13Z</time><speed>23.052</speed><sat>12</sat></trkpt>
  <trkpt lat="13.80034308" lon="100.38374217"><ele>-25.077</ele><time>2025-01-19T03:15:14Z</time><speed>23.030</speed><sat>12</sat></trkpt>
  <trkpt lat="13.80034453" lon="100.38353051"><ele>-23.984</ele><time>2025-01-19T03:15:15Z</time><speed>23.005</speed><sat>12</sat></trkpt>
  <trkpt lat="13.80034529" lon="100.38332282"><ele>-23.335</ele><time>2025-01-19T03:15:16Z</time><speed>22.964</speed><sat>12</sat></trkpt>
  <trkpt lat="13.80034544" lon="100.38311638"><ele>-22.979</ele><time>2025-01-19T03:15:17Z</time><speed>22.804</speed><sat>12</sat></trkpt>
  <trkpt lat="13.80034322" lon="100.38290834"><ele>-22.693</ele><time>2025-01-19T03:15:18Z</time><speed>22.788</speed><sat>12</sat></trkpt>
  <trkpt lat="13.80034407" lon="100.38269691"><ele>-23.004</ele><time>2025-01-19T03:15:19Z</time><speed>22.894</speed><sat>10</sat></trkpt>
  <trkpt lat="13.80034867" lon="100.38248337"><ele>-22.813</ele><time>2025-01-19T03:15:20Z</time><speed>22.762</speed><sat>10</sat></trkpt>
  <trkpt lat="13.80035895" lon="100.38227844"><ele>-22.969</ele><time>2025-01-19T03:15:21Z</time><speed>22.743</speed><sat>11</sat></trkpt>
  <trkpt lat="13.80036886" lon="100.38207010"><ele>-22.879</ele><time>2025-01-19T03:15:22Z</time><speed>22.841</speed><sat>12</sat></trkpt>
  <trkpt lat="13.80038641" lon="100.38185900"><ele>-22.870</ele><time>2025-01-19T03:15:23Z</time><speed>22.810</speed><sat>10</sat></trkpt>
  <trkpt lat="13.80039593" lon="100.38164765"><ele>-22.560</ele><time>2025-01-19T03:15:24Z</time><speed>22.956</speed><sat>8</sat></trkpt>
  <trkpt lat="13.80040558" lon="100.38143926"><ele>-22.520</ele><time>2025-01-19T03:15:25Z</time><speed>22.947</speed><sat>9</sat></trkpt>
  <trkpt lat="13.80041913" lon="100.38123457"><ele>-23.351</ele><time>2025-01-19T03:15:26Z</time><speed>23.037</speed><sat>9</sat></trkpt>
  <trkpt lat="13.80042518" lon="100.38102216"><ele>-24.323</ele><time>2025-01-19T03:15:27Z</time><speed>22.996</speed><sat>10</sat></trkpt>
  <trkpt lat="13.80044552" lon="100.38081303"><ele>-25.203</ele><time>2025-01-19T03:15:28Z</time><speed>23.114</speed><sat>10</sat></trkpt>
  <trkpt lat="13.80046254" lon="100.38059689"><ele>-25.855</ele><time>2025-01-19T03:15:29Z</time><speed>23.124</speed><sat>9</sat></trkpt>
  <trkpt lat="13.80047233" lon="100.38038350"><ele>-26.463</ele><time>2025-01-19T03:15:30Z</time><speed>23.188</speed><sat>10</sat></trkpt>
  <trkpt lat="13.80048029" lon="100.38016832"><ele>-26.275</ele><time>2025-01-19T03:15:31Z</time><speed>22.994</speed><sat>9</sat></trkpt>
  <trkpt lat="13.80048838" lon="100.37995021"><ele>-25.970</ele><time>2025-01-19T03:15:32Z</time><speed>23.193</speed><sat>11</sat></trkpt>
  <trkpt lat="13.80049747" lon="100.37972807"><ele>-25.293</ele><time>2025-01-19T03:15:33Z</time><speed>23.277</speed><sat>10</sat></trkpt>
  <trkpt lat="13.80050785" lon="100.37950536"><ele>-24.837</ele><time>2025-01-19T03:15:34Z</time><speed>23.294</speed><sat>9</sat></trkpt>
  <trkpt lat="13.80051952" lon="100.37928620"><ele>-25.012</ele><time>2025-01-19T03:15:35Z</time><speed>22.977</speed><sat>10</sat></trkpt>
  <trkpt lat="13.80052361" lon="100.37907375"><ele>-25.028</ele><time>2025-01-19T03:15:36Z</time><speed>22.812</speed><sat>10</sat></trkpt>
  <trkpt lat="13.80052707" lon="100.37886308"><ele>-24.951</ele><time>2025-01-19T03:15:37Z</time><speed>22.525</speed><sat>10</sat></trkpt>
  <trkpt lat="13.80052768" lon="100.37866152"><ele>-25.212</ele><time>2025-01-19T03:15:38Z</time><speed>22.318</speed><sat>9</sat></trkpt>
  <trkpt lat="13.80053708" lon="100.37845619"><ele>-25.507</ele><time>2025-01-19T03:15:39Z</time><speed>21.965</speed><sat>11</sat></trkpt>
  <trkpt lat="13.80055443" lon="100.37824698"><ele>-24.802</ele><time>2025-01-19T03:15:40Z</time><speed>21.864</speed><sat>11</sat></trkpt>
  <trkpt lat="13.80055360" lon="100.37805143"><ele>-24.728</ele><time>2025-01-19T03:15:41Z</time><speed>21.812</speed><sat>9</sat></trkpt>
  <trkpt lat="13.80055654" lon="100.37786289"><ele>-24.909</ele><time>2025-01-19T03:15:42Z</time><speed>21.644</speed><sat>12</sat></trkpt>
  <trkpt lat="13.80056495" lon="100.37767755"><ele>-24.319</ele><time>2025-01-19T03:15:43Z</time><speed>20.920</speed><sat>10</sat></trkpt>
  <trkpt lat="13.80057106" lon="100.37748745"><ele>-23.895</ele><time>2025-01-19T03:15:44Z</time><speed>20.890</speed><sat>12</sat></trkpt>
  <trkpt lat="13.80058315" lon="100.37729075"><ele>-24.399</ele><time>2025-01-19T03:15:45Z</time><speed>20.743</speed><sat>12</sat></trkpt>
  <trkpt lat="13.80058655" lon="100.37709926"><ele>-25.023</ele><time>2025-01-19T03:15:46Z</time><speed>20.334</speed><sat>12</sat></trkpt>
  <trkpt lat="13.80059795" lon="100.37691468"><ele>-25.338</ele><time>2025-01-19T03:15:47Z</time><speed>20.137</speed><sat>11</sat></trkpt>
  <trkpt lat="13.80059911" lon="100.37672142"><ele>-25.995</ele><time>2025-01-19T03:15:48Z</time><speed>19.895</speed><sat>12</sat></trkpt>
  <trkpt lat="13.80061633" lon="100.37653340"><ele>-27.289</ele><time>2025-01-19T03:15:49Z</time><speed>19.902</speed><sat>12</sat></trkpt>
  <trkpt lat="13.80063333" lon="100.37635508"><ele>-28.294</ele><time>2025-01-19T03:15:50Z</time><speed>19.863</speed><sat>12</sat></trkpt>
  <trkpt lat="13.80064753" lon="100.37618785"><ele>-29.330</ele><time>2025-01-19T03:15:51Z</time><speed>19.577</speed><sat>13</sat></trkpt>
  <trkpt lat="13.80065772" lon="100.37602070"><ele>-30.300</ele><time>2025-01-19T03:15:52Z</time><speed>18.822</speed><sat>12</sat></trkpt>
  <trkpt lat="13.80066214" lon="100.37586484"><ele>-30.497</ele><time>2025-01-19T03:15:53Z</time><speed>18.613</speed><sat>12</sat></trkpt>
  <trkpt lat="13.80067260" lon="100.37570070"><ele>-31.035</ele><time>2025-01-19T03:15:54Z</time><speed>18.393</speed><sat>13</sat></trkpt>
  <trkpt lat="13.80067701" lon="100.37553996"><ele>-31.422</ele><time>2025-01-19T03:15:55Z</time><speed>17.654</speed><sat>13</sat></trkpt>
  <trkpt lat="13.80068329" lon="100.37538601"><ele>-30.905</ele><time>2025-01-19T03:15:56Z</time><speed>17.335</speed><sat>14</sat></trkpt>
  <trkpt lat="13.80068615" lon="100.37524767"><ele>-30.677</ele><time>2025-01-19T03:15:57Z</time><speed>16.845</speed><sat>13</sat></trkpt>
  <trkpt lat="13.80069662" lon="100.37510394"><ele>-30.579</ele><time>2025-01-19T03:15:58Z</time><speed>16.442</speed><sat>13</sat></trkpt>
  <trkpt lat="13.80069439" lon="100.37496112"><ele>-31.388</ele><time>2025-01-19T03:15:59Z</time><speed>15.834</speed><sat>15</sat></trkpt>
  <trkpt lat="13.80069019" lon="100.37481753"><ele>-31.843</ele><time>2025-01-19T03:16:00Z</time><speed>15.236</speed><sat>14</sat></trkpt>
  <trkpt lat="13.80069068" lon="100.37469333"><ele>-32.103</ele><time>2025-01-19T03:16:01Z</time><speed>14.790</speed><sat>13</sat></trkpt>
  <trkpt lat="13.80068809" lon="100.37456634"><ele>-31.772</ele><time>2025-01-19T03:16:02Z</time><speed>14.425</speed><sat>14</sat></trkpt>
  <trkpt lat="13.80069125" lon="100.37443336"><ele>-30.796</ele><time>2025-01-19T03:16:03Z</time><speed>13.956</speed><sat>14</sat></trkpt>
  <trkpt lat="13.80069893" lon="100.37431022"><ele>-30.345</ele><time>2025-01-19T03:16:04Z</time><speed>13.820</speed><sat>13</sat></trkpt>
  <trkpt lat="13.80070650" lon="100.37418233"><ele>-29.185</ele><time>2025-01-19T03:16:05Z</time><speed>13.491</speed><sat>14</sat></trkpt>
  <trkpt lat="13.80071282" lon="100.37405755"><ele>-28.584</ele><time>2025-01-19T03:16:06Z</time><speed>13.205</speed><sat>14</sat></trkpt>
  <trkpt lat="13.80071336" lon="100.37393164"><ele>-28.655</ele><time>2025-01-19T03:16:07Z</time><speed>13.096</speed><sat>12</sat></trkpt>
  <trkpt lat="13.80072663" lon="100.37382372"><ele>-28.518</ele><time>2025-01-19T03:16:08Z</time><speed>12.628</speed><sat>13</sat></trkpt>
  <trkpt lat="13.80072765" lon="100.37371142"><ele>-28.539</ele><time>2025-01-19T03:16:09Z</time><speed>12.248</speed><sat>13</sat></trkpt>
  <trkpt lat="13.80072873" lon="100.37360790"><ele>-27.991</ele><time>2025-01-19T03:16:10Z</time><speed>11.876</speed><sat>14</sat></trkpt>
  <trkpt lat="13.80073326" lon="100.37350290"><ele>-27.250</ele><time>2025-01-19T03:16:11Z</time><speed>11.864</speed><sat>12</sat></trkpt>
  <trkpt lat="13.80073717" lon="100.37340069"><ele>-26.312</ele><time>2025-01-19T03:16:12Z</time><speed>11.695</speed><sat>12</sat></trkpt>
  <trkpt lat="13.80073652" lon="100.37330088"><ele>-25.681</ele><time>2025-01-19T03:16:13Z</time><speed>10.883</speed><sat>12</sat></trkpt>
  <trkpt lat="13.80074133" lon="100.37321451"><ele>-25.169</ele><time>2025-01-19T03:16:14Z</time><speed>10.668</speed><sat>13</sat></trkpt>
  <trkpt lat="13.80074074" lon="100.37311370"><ele>-25.616</ele><time>2025-01-19T03:16:15Z</time><speed>10.087</speed><sat>12</sat></trkpt>
  <trkpt lat="13.80074858" lon="100.37302827"><ele>-25.744</ele><time>2025-01-19T03:16:16Z</time><speed>9.873</speed><sat>12</sat></trkpt>
  <trkpt lat="13.80075661" lon="100.37296184"><ele>-25.617</ele><time>2025-01-19T03:16:17Z</time><speed>9.030</speed><sat>12</sat></trkpt>
  <trkpt lat="13.80074685" lon="100.37287059"><ele>-25.916</ele><time>2025-01-19T03:16:18Z</time><speed>9.040</speed><sat>12</sat></trkpt>
  <trkpt lat="13.80076904" lon="100.37272194"><ele>-27.286</ele><time>2025-01-19T03:16:20Z</time><speed>7.682</speed><sat>15</sat></trkpt>
  <trkpt lat="13.80076756" lon="100.37265147"><ele>-26.472</ele><time>2025-01-19T03:16:21Z</time><speed>7.098</speed><sat>16</sat></trkpt>
  <trkpt lat="13.80077523" lon="100.37259596"><ele>-26.503</ele><time>2025-01-19T03:16:22Z</time><speed>6.716</speed><sat>15</sat></trkpt>
  <trkpt lat="13.80077466" lon="100.37253968"><ele>-26.946</ele><time>2025-01-19T03:16:23Z</time><speed>6.264</speed><sat>15</sat></trkpt>
  <trkpt lat="13.80077504" lon="100.37247953"><ele>-27.412</ele><time>2025-01-19T03:16:24Z</time><speed>5.753</speed><sat>16</sat></trkpt>
  <trkpt lat="13.80077929" lon="100.37243685"><ele>-28.084</ele><time>2025-01-19T03:16:25Z</time><speed>5.793</speed><sat>16</sat></trkpt>
  <trkpt lat="13.80077357" lon="100.37238572"><ele>-28.229</ele><time>2025-01-19T03:16:26Z</time><speed>5.411</speed><sat>17</sat></trkpt>
  <trkpt lat="13.80076398" lon="100.37234264"><ele>-28.246</ele><time>2025-01-19T03:16:27Z</time><speed>5.243</speed><sat>18</sat></trkpt>
  <trkpt lat="13.80076306" lon="100.37230098"><ele>-28.375</ele><time>2025-01-19T03:16:28Z</time><speed>4.695</speed><sat>17</sat></trkpt>
  <trkpt lat="13.80076323" lon="100.37227790"><ele>-28.311</ele><time>2025-01-19T03:16:29Z</time><speed>4.375</speed><sat>16</sat></trkpt>
  <trkpt lat="13.80076333" lon="100.37225630"><ele>-27.524</ele><time>2025-01-19T03:16:30Z</time><speed>3.914</speed><sat>16</sat></trkpt>
  <trkpt lat="13.80076476" lon="100.37224246"><ele>-27.818</ele><time>2025-01-19T03:16:31Z</time><speed>3.540</speed><sat>15</sat></trkpt>
  <trkpt lat="13.80076794" lon="100.37223229"><ele>-26.992</ele><time>2025-01-19T03:16:32Z</time><speed>2.849</speed><sat>14</sat></trkpt>
  <trkpt lat="13.80077226" lon="100.37222620"><ele>-26.628</ele><time>2025-01-19T03:16:33Z</time><speed>2.449</speed><sat>14</sat></trkpt>
  <trkpt lat="13.80077301" lon="100.37223225"><ele>-26.703</ele><time>2025-01-19T03:16:34Z</time><speed>1.147</speed><sat>15</sat></trkpt>
  <trkpt lat="13.80077210" lon="100.37224874"><ele>-26.643</ele><time>2025-01-19T03:16:35Z</time><speed>0.436</speed><sat>15</sat></trkpt>
  <trkpt lat="13.80076890" lon="100.37225798"><ele>-26.205</ele><time>2025-01-19T03:16:36Z</time><speed>0.636</speed><sat>14</sat></trkpt>
  <trkpt lat="13.80076149" lon="100.37226531"><ele>-26.260</ele><time>2025-01-19T03:16:37Z</time><speed>0.707</speed><sat>12</sat></trkpt>
  <trkpt lat="13.80075522" lon="100.37227101"><ele>-27.372</ele><time>2025-01-19T03:16:38Z</time><speed>0.000</speed><sat>13</sat></trkpt>
  <trkpt lat="13.80075522" lon="100.37227101"><ele>-28.147</ele><time>2025-01-19T03:16:39Z</time><speed>0.000</speed><sat>13</sat></trkpt>
  <trkpt lat="13.80075522" lon="100.37227101"><ele>-28.167</ele><time>2025-01-19T03:16:40Z</time><speed>0.000</speed><sat>13</sat></trkpt>
  <trkpt lat="13.80075522" lon="100.37227101"><ele>-28.415</ele><time>2025-01-19T03:16:41Z</time><speed>0.000</speed><sat>12</sat></trkpt>
  <trkpt lat="13.80075522" lon="100.37227101"><ele>-28.170</ele><time>2025-01-19T03:16:42Z</time><speed>0.000</speed><sat>14</sat></trkpt>
  <trkpt lat="13.80075522" lon="100.37227101"><ele>-28.435</ele><time>2025-01-19T03:16:43Z</time><speed>0.000</speed><sat>17</sat></trkpt>
  <trkpt lat="13.80075522" lon="100.37227101"><ele>-28.291</ele><time>2025-01-19T03:16:44Z</time><speed>0.000</speed><sat>16</sat></trkpt>
  <trkpt lat="13.80075522" lon="100.37227101"><ele>-28.122</ele><time>2025-01-19T03:16:45Z</time><speed>0.000</speed><sat>16</sat></trkpt>
  <trkpt lat="13.80075522" lon="100.37227101"><ele>-28.405</ele><time>2025-01-19T03:16:46Z</time><speed>0.000</speed><sat>16</sat></trkpt>
  <trkpt lat="13.80075522" lon="100.37227101"><ele>-28.333</ele><time>2025-01-19T03:16:47Z</time><speed>0.000</speed><sat>16</sat></trkpt>
  <trkpt lat="13.80075522" lon="100.37227101"><ele>-28.413</ele><time>2025-01-19T03:16:48Z</time><speed>0.000</speed><sat>18</sat></trkpt>
  <trkpt lat="13.80075522" lon="100.37227101"><ele>-28.621</ele><time>2025-01-19T03:16:49Z</time><speed>0.000</speed><sat>18</sat></trkpt>
  <trkpt lat="13.80075522" lon="100.37227101"><ele>-28.531</ele><time>2025-01-19T03:16:50Z</time><speed>0.000</speed><sat>16</sat></trkpt>
  <trkpt lat="13.80075522" lon="100.37227101"><ele>-28.565</ele><time>2025-01-19T03:16:51Z</time><speed>0.000</speed><sat>17</sat></trkpt>
  <trkpt lat="13.80075522" lon="100.37227101"><ele>-28.663</ele><time>2025-01-19T03:16:52Z</time><speed>0.000</speed><sat>16</sat></trkpt>
  <trkpt lat="13.80075522" lon="100.37227101"><ele>-28.883</ele><time>2025-01-19T03:16:53Z</time><speed>0.000</speed><sat>18</sat></trkpt>
  <trkpt lat="13.80075522" lon="100.37227101"><ele>-29.001</ele><time>2025-01-19T03:16:54Z</time><speed>0.000</speed><sat>16</sat></trkpt>
  <trkpt lat="13.80075522" lon="100.37227101"><ele>-28.942</ele><time>2025-01-19T03:16:55Z</time><speed>0.000</speed><sat>16</sat></trkpt>
  <trkpt lat="13.80075522" lon="100.37227101"><ele>-28.966</ele><time>2025-01-19T03:16:56Z</time><speed>0.000</speed><sat>16</sat></trkpt>
  <trkpt lat="13.80075522" lon="100.37227101"><ele>-29.221</ele><time>2025-01-19T03:16:57Z</time><speed>0.000</speed><sat>18</sat></trkpt>
  <trkpt lat="13.80075522" lon="100.37227101"><ele>-29.423</ele><time>2025-01-19T03:16:58Z</time><speed>0.000</speed><sat>17</sat></trkpt>
  <trkpt lat="13.80075522" lon="100.37227101"><ele>-29.395</ele><time>2025-01-19T03:16:59Z</time><speed>0.000</speed><sat>19</sat></trkpt>
  <trkpt lat="13.80075495" lon="100.37226653"><ele>-29.447</ele><time>2025-01-19T03:17:00Z</time><speed>0.329</speed><sat>17</sat></trkpt>
  <trkpt lat="13.80075565" lon="100.37226095"><ele>-29.074</ele><time>2025-01-19T03:17:01Z</time><speed>0.598</speed><sat>16</sat></trkpt>
  <trkpt lat="13.80075561" lon="100.37226093"><ele>-28.811</ele><time>2025-01-19T03:17:02Z</time><speed>0.000</speed><sat>15</sat></trkpt>
  <trkpt lat="13.80075561" lon="100.37226093"><ele>-28.605</ele><time>2025-01-19T03:17:03Z</time><speed>0.000</speed><sat>15</sat></trkpt>
  <trkpt lat="13.80075561" lon="100.37226093"><ele>-28.498</ele><time>2025-01-19T03:17:04Z</time><speed>0.000</speed><sat>16</sat></trkpt>
  <trkpt lat="13.80075561" lon="100.37226093"><ele>-28.514</ele><time>2025-01-19T03:17:05Z</time><speed>0.000</speed><sat>18</sat></trkpt>
  <trkpt lat="13.80075561" lon="100.37226093"><ele>-28.446</ele><time>2025-01-19T03:17:06Z</time><speed>0.000</speed><sat>18</sat></trkpt>
  <trkpt lat="13.80075561" lon="100.37226093"><ele>-28.502</ele><time>2025-01-19T03:17:07Z</time><speed>0.000</speed><sat>19</sat></trkpt>
  <trkpt lat="13.80075561" lon="100.37226093"><ele>-28.489</ele><time>2025-01-19T03:17:08Z</time><speed>0.000</speed><sat>18</sat></trkpt>
  <trkpt lat="13.80075561" lon="100.37226093"><ele>-28.385</ele><time>2025-01-19T03:17:09Z</time><speed>0.000</speed><sat>19</sat></trkpt>
  <trkpt lat="13.80075561" lon="100.37226093"><ele>-28.026</ele><time>2025-01-19T03:17:10Z</time><speed>0.000</speed><sat>20</sat></trkpt>
  <trkpt lat="13.80075561" lon="100.37226093"><ele>-28.007</ele><time>2025-01-19T03:17:11Z</time><speed>0.000</speed><sat>19</sat></trkpt>
  <trkpt lat="13.80075561" lon="100.37226093"><ele>-27.922</ele><time>2025-01-19T03:17:12Z</time><speed>0.000</speed><sat>22</sat></trkpt>
  <trkpt lat="13.80075561" lon="100.37226093"><ele>-28.122</ele><time>2025-01-19T03:17:13Z</time><speed>0.000</speed><sat>20</sat></trkpt>
  <trkpt lat="13.80076299" lon="100.37222315"><ele>-28.211</ele><time>2025-01-19T03:17:14Z</time><speed>2.605</speed><sat>19</sat></trkpt>
  <trkpt lat="13.80077023" lon="100.37216688"><ele>-28.421</ele><time>2025-01-19T03:17:15Z</time><speed>3.133</speed><sat>19</sat></trkpt>
  <trkpt lat="13.80077901" lon="100.37211041"><ele>-28.141</ele><time>2025-01-19T03:17:16Z</time><speed>3.717</speed><sat>19</sat></trkpt>
  <trkpt lat="13.80078343" lon="100.37205034"><ele>-27.908</ele><time>2025-01-19T03:17:17Z</time><speed>3.768</speed><sat>19</sat></trkpt>
  <trkpt lat="13.80078457" lon="100.37197958"><ele>-27.988</ele><time>2025-01-19T03:17:18Z</time><speed>4.077</speed><sat>21</sat></trkpt>
  <trkpt lat="13.80078646" lon="100.37191090"><ele>-28.250</ele><time>2025-01-19T03:17:19Z</time><speed>4.285</speed><sat>20</sat></trkpt>
  <trkpt lat="13.80079228" lon="100.37183678"><ele>-28.406</ele><time>2025-01-19T03:17:20Z</time><speed>4.693</speed><sat>19</sat></trkpt>
  <trkpt lat="13.80079431" lon="100.37177194"><ele>-28.618</ele><time>2025-01-19T03:17:21Z</time><speed>4.839</speed><sat>19</sat></trkpt>
  <trkpt lat="13.80079644" lon="100.37170984"><ele>-28.490</ele><time>2025-01-19T03:17:22Z</time><speed>5.055</speed><sat>20</sat></trkpt>
  <trkpt lat="13.80079477" lon="100.37164607"><ele>-27.899</ele><time>2025-01-19T03:17:23Z</time><speed>5.620</speed><sat>20</sat></trkpt>
  <trkpt lat="13.80079554" lon="100.37158236"><ele>-27.991</ele><time>2025-01-19T03:17:24Z</time><speed>5.711</speed><sat>18</sat></trkpt>
  <trkpt lat="13.80079484" lon="100.37151238"><ele>-28.130</ele><time>2025-01-19T03:17:25Z</time><speed>6.566</speed><sat>19</sat></trkpt>
  <trkpt lat="13.80080340" lon="100.37141433"><ele>-28.383</ele><time>2025-01-19T03:17:26Z</time><speed>6.951</speed><sat>20</sat></trkpt>
  <trkpt lat="13.80080471" lon="100.37131457"><ele>-29.104</ele><time>2025-01-19T03:17:27Z</time><speed>7.332</speed><sat>20</sat></trkpt>
  <trkpt lat="13.80080854" lon="100.37122441"><ele>-28.843</ele><time>2025-01-19T03:17:28Z</time><speed>7.812</speed><sat>19</sat></trkpt>
  <trkpt lat="13.80081136" lon="100.37113473"><ele>-29.115</ele><time>2025-01-19T03:17:29Z</time><speed>8.182</speed><sat>18</sat></trkpt>
  <trkpt lat="13.80081731" lon="100.37103249"><ele>-29.298</ele><time>2025-01-19T03:17:30Z</time><speed>8.349</speed><sat>17</sat></trkpt>
  <trkpt lat="13.80082340" lon="100.37093457"><ele>-29.171</ele><time>2025-01-19T03:17:31Z</time><speed>8.572</speed><sat>16</sat></trkpt>
  <trkpt lat="13.80082646" lon="100.37083691"><ele>-28.776</ele><time>2025-01-19T03:17:32Z</time><speed>8.982</speed><sat>17</sat></trkpt>
  <trkpt lat="13.80083342" lon="100.37074433"><ele>-28.958</ele><time>2025-01-19T03:17:33Z</time><speed>9.282</speed><sat>19</sat></trkpt>
  <trkpt lat="13.80083495" lon="100.37065257"><ele>-28.599</ele><time>2025-01-19T03:17:34Z</time><speed>9.640</speed><sat>19</sat></trkpt>
  <trkpt lat="13.80083760" lon="100.37055895"><ele>-28.473</ele><time>2025-01-19T03:17:35Z</time><speed>10.098</speed><sat>20</sat></trkpt>
  <trkpt lat="13.80083918" lon="100.37045640"><ele>-28.426</ele><time>2025-01-19T03:17:36Z</time><speed>10.266</speed><sat>22</sat></trkpt>
  <trkpt lat="13.80083572" lon="100.37035048"><ele>-28.920</ele><time>2025-01-19T03:17:37Z</time><speed>10.673</speed><sat>21</sat></trkpt>
  <trkpt lat="13.80083656" lon="100.37024454"><ele>-29.133</ele><time>2025-01-19T03:17:38Z</time><speed>10.686</speed><sat>21</sat></trkpt>
  <trkpt lat="13.80084727" lon="100.37014004"><ele>-28.702</ele><time>2025-01-19T03:17:39Z</time><speed>11.171</speed><sat>20</sat></trkpt>
  <trkpt lat="13.80085647" lon="100.37004002"><ele>-28.648</ele><time>2025-01-19T03:17:40Z</time><speed>11.267</speed><sat>20</sat></trkpt>
  <trkpt lat="13.80086110" lon="100.36992913"><ele>-29.217</ele><time>2025-01-19T03:17:41Z</time><speed>11.460</speed><sat>21</sat></trkpt>
  <trkpt lat="13.80086508" lon="100.36981173"><ele>-29.533</ele><time>2025-01-19T03:17:42Z</time><speed>11.583</speed><sat>21</sat></trkpt>
  <trkpt lat="13.80087165" lon="100.36968869"><ele>-29.844</ele><time>2025-01-19T03:17:43Z</time><speed>11.823</speed><sat>20</sat></trkpt>
  <trkpt lat="13.80087855" lon="100.36957557"><ele>-29.613</ele><time>2025-01-19T03:17:44Z</time><speed>11.791</speed><sat>19</sat></trkpt>
  <trkpt lat="13.80088337" lon="100.36945487"><ele>-28.970</ele><time>2025-01-19T03:17:45Z</time><speed>12.091</speed><sat>16</sat></trkpt>
  <trkpt lat="13.80089413" lon="100.36932870"><ele>-28.565</ele><time>2025-01-19T03:17:46Z</time><speed>12.411</speed><sat>16</sat></trkpt>
  <trkpt lat="13.80090202" lon="100.36919938"><ele>-27.795</ele><time>2025-01-19T03:17:47Z</time><speed>12.778</speed><sat>15</sat></trkpt>
  <trkpt lat="13.80090933" lon="100.36906994"><ele>-26.762</ele><time>2025-01-19T03:17:48Z</time><speed>13.224</speed><sat>14</sat></trkpt>
  <trkpt lat="13.80091759" lon="100.36893877"><ele>-26.217</ele><time>2025-01-19T03:17:49Z</time><speed>13.396</speed><sat>14</sat></trkpt>
  <trkpt lat="13.80092653" lon="100.36880483"><ele>-25.165</ele><time>2025-01-19T03:17:50Z</time><speed>13.751</speed><sat>17</sat></trkpt>
  <trkpt lat="13.80093300" lon="100.36866727"><ele>-24.852</ele><time>2025-01-19T03:17:51Z</time><speed>13.874</speed><sat>17</sat></trkpt>
  <trkpt lat="13.80093414" lon="100.36852612"><ele>-25.054</ele><time>2025-01-19T03:17:52Z</time><speed>14.272</speed><sat>18</sat></trkpt>
  <trkpt lat="13.80094071" lon="100.36838447"><ele>-24.524</ele><time>2025-01-19T03:17:53Z</time><speed>14.686</speed><sat>18</sat></trkpt>
  <trkpt lat="13.80094660" lon="100.36823480"><ele>-25.184</ele><time>2025-01-19T03:17:54Z</time><speed>14.851</speed><sat>16</sat></trkpt>
  <trkpt lat="13.80095533" lon="100.36807672"><ele>-26.191</ele><time>2025-01-19T03:17:55Z</time><speed>15.416</speed><sat>16</sat></trkpt>
  <trkpt lat="13.80096141" lon="100.36791880"><ele>-26.438</ele><time>2025-01-19T03:17:56Z</time><speed>15.886</speed><sat>16</sat></trkpt>
  <trkpt lat="13.80096405" lon="100.36776067"><ele>-26.411</ele><time>2025-01-19T03:17:57Z</time><speed>16.289</speed><sat>16</sat></trkpt>
  <trkpt lat="13.80096660" lon="100.36760104"><ele>-26.315</ele><time>2025-01-19T03:17:58Z</time><speed>16.659</speed><sat>16</sat></trkpt>
  <trkpt lat="13.80097006" lon="100.36743187"><ele>-26.673</ele><time>2025-01-19T03:17:59Z</time><speed>16.979</speed><sat>16</sat></trkpt>
  <trkpt lat="13.80097103" lon="100.36726404"><ele>-26.619</ele><time>2025-01-19T03:18:00Z</time><speed>17.215</speed><sat>16</sat></trkpt>
  <trkpt lat="13.80097152" lon="100.36709679"><ele>-27.183</ele><time>2025-01-19T03:18:01Z</time><speed>17.467</speed><sat>15</sat></trkpt>
  <trkpt lat="13.80097746" lon="100.36692665"><ele>-27.030</ele><time>2025-01-19T03:18:02Z</time><speed>17.719</speed><sat>14</sat></trkpt>
  <trkpt lat="13.80098569" lon="100.36675699"><ele>-26.936</ele><time>2025-01-19T03:18:03Z</time><speed>17.787</speed><sat>16</sat></trkpt>
  <trkpt lat="13.80099054" lon="100.36659388"><ele>-26.846</ele><time>2025-01-19T03:18:04Z</time><speed>18.014</speed><sat>17</sat></trkpt>
  <trkpt lat="13.80099569" lon="100.36641696"><ele>-27.283</ele><time>2025-01-19T03:18:05Z</time><speed>18.222</speed><sat>17</sat></trkpt>
  <trkpt lat="13.80100287" lon="100.36624261"><ele>-27.330</ele><time>2025-01-19T03:18:06Z</time><speed>18.484</speed><sat>18</sat></trkpt>
  <trkpt lat="13.80101058" lon="100.36606512"><ele>-27.027</ele><time>2025-01-19T03:18:07Z</time><speed>18.675</speed><sat>17</sat></trkpt>
  <trkpt lat="13.80101518" lon="100.36588885"><ele>-27.214</ele><time>2025-01-19T03:18:08Z</time><speed>18.881</speed><sat>16</sat></trkpt>
  <trkpt lat="13.80101890" lon="100.36570975"><ele>-27.294</ele><time>2025-01-19T03:18:09Z</time><speed>19.045</speed><sat>16</sat></trkpt>
  <trkpt lat="13.80102318" lon="100.36552661"><ele>-27.196</ele><time>2025-01-19T03:18:10Z</time><speed>19.452</speed><sat>15</sat></trkpt>
  <trkpt lat="13.80103046" lon="100.36534382"><ele>-26.862</ele><time>2025-01-19T03:18:11Z</time><speed>19.459</speed><sat>17</sat></trkpt>
  <trkpt lat="13.80103280" lon="100.36516102"><ele>-26.903</ele><time>2025-01-19T03:18:12Z</time><speed>19.640</speed><sat>17</sat></trkpt>
  <trkpt lat="13.80103890" lon="100.36497179"><ele>-27.488</ele><time>2025-01-19T03:18:13Z</time><speed>19.725</speed><sat>16</sat></trkpt>
  <trkpt lat="13.80104779" lon="100.36478652"><ele>-27.022</ele><time>2025-01-19T03:18:14Z</time><speed>19.834</speed><sat>16</sat></trkpt>
  <trkpt lat="13.80105634" lon="100.36459343"><ele>-28.410</ele><time>2025-01-19T03:18:15Z</time><speed>19.938</speed><sat>16</sat></trkpt>
  <trkpt lat="13.80106349" lon="100.36439755"><ele>-28.399</ele><time>2025-01-19T03:18:16Z</time><speed>20.416</speed><sat>16</sat></trkpt>
  <trkpt lat="13.80106264" lon="100.36420486"><ele>-27.546</ele><time>2025-01-19T03:18:17Z</time><speed>20.626</speed><sat>16</sat></trkpt>
  <trkpt lat="13.80106185" lon="100.36400411"><ele>-26.784</ele><time>2025-01-19T03:18:18Z</time><speed>20.767</speed><sat>16</sat></trkpt>
  <trkpt lat="13.80107292" lon="100.36381034"><ele>-26.486</ele><time>2025-01-19T03:18:19Z</time><speed>20.975</speed><sat>16</sat></trkpt>
  <trkpt lat="13.80109106" lon="100.36361679"><ele>-25.132</ele><time>2025-01-19T03:18:20Z</time><speed>21.039</speed><sat>17</sat></trkpt>
  <trkpt lat="13.80110379" lon="100.36341814"><ele>-25.481</ele><time>2025-01-19T03:18:21Z</time><speed>21.422</speed><sat>17</sat></trkpt>
  <trkpt lat="13.80111537" lon="100.36321644"><ele>-25.996</ele><time>2025-01-19T03:18:22Z</time><speed>21.624</speed><sat>15</sat></trkpt>
  <trkpt lat="13.80111846" lon="100.36301813"><ele>-25.846</ele><time>2025-01-19T03:18:23Z</time><speed>21.669</speed><sat>15</sat></trkpt>
  <trkpt lat="13.80112077" lon="100.36281146"><ele>-26.803</ele><time>2025-01-19T03:18:24Z</time><speed>21.766</speed><sat>16</sat></trkpt>
  <trkpt lat="13.80111713" lon="100.36261253"><ele>-26.601</ele><time>2025-01-19T03:18:25Z</time><speed>22.025</speed><sat>14</sat></trkpt>
  <trkpt lat="13.80112682" lon="100.36241504"><ele>-26.266</ele><time>2025-01-19T03:18:26Z</time><speed>22.132</speed><sat>14</sat></trkpt>
  <trkpt lat="13.80112804" lon="100.36220300"><ele>-26.387</ele><time>2025-01-19T03:18:27Z</time><speed>22.254</speed><sat>14</sat></trkpt>
  <trkpt lat="13.80114133" lon="100.36199119"><ele>-26.108</ele><time>2025-01-19T03:18:28Z</time><speed>22.350</speed><sat>14</sat></trkpt>
  <trkpt lat="13.80113706" lon="100.36177917"><ele>-26.483</ele><time>2025-01-19T03:18:29Z</time><speed>22.374</speed><sat>14</sat></trkpt>
  <trkpt lat="13.80114117" lon="100.36156935"><ele>-26.804</ele><time>2025-01-19T03:18:30Z</time><speed>22.521</speed><sat>13</sat></trkpt>
  <trkpt lat="13.80114867" lon="100.36135885"><ele>-26.687</ele><time>2025-01-19T03:18:31Z</time><speed>22.460</speed><sat>12</sat></trkpt>
  <trkpt lat="13.80117644" lon="100.36116831"><ele>-26.248</ele><time>2025-01-19T03:18:32Z</time><speed>22.887</speed><sat>14</sat></trkpt>
  <trkpt lat="13.80118056" lon="100.36095401"><ele>-25.509</ele><time>2025-01-19T03:18:33Z</time><speed>22.920</speed><sat>13</sat></trkpt>
  <trkpt lat="13.80118002" lon="100.36074135"><ele>-24.828</ele><time>2025-01-19T03:18:34Z</time><speed>23.102</speed><sat>12</sat></trkpt>
  <trkpt lat="13.80118030" lon="100.36052211"><ele>-25.131</ele><time>2025-01-19T03:18:35Z</time><speed>23.326</speed><sat>12</sat></trkpt>
  <trkpt lat="13.80119066" lon="100.36029519"><ele>-25.141</ele><time>2025-01-19T03:18:36Z</time><speed>23.528</speed><sat>11</sat></trkpt>
  <trkpt lat="13.80120073" lon="100.36006947"><ele>-24.036</ele><time>2025-01-19T03:18:37Z</time><speed>23.475</speed><sat>11</sat></trkpt>
  <trkpt lat="13.80119952" lon="100.35985526"><ele>-22.996</ele><time>2025-01-19T03:18:38Z</time><speed>23.739</speed><sat>13</sat></trkpt>
  <trkpt lat="13.80119160" lon="100.35963785"><ele>-22.426</ele><time>2025-01-19T03:18:39Z</time><speed>23.436</speed><sat>12</sat></trkpt>
  <trkpt lat="13.80120490" lon="100.35942298"><ele>-22.314</ele><time>2025-01-19T03:18:40Z</time><speed>23.467</speed><sat>12</sat></trkpt>
  <trkpt lat="13.80120667" lon="100.35920514"><ele>-21.302</ele><time>2025-01-19T03:18:41Z</time><speed>23.504</speed><sat>12</sat></trkpt>
  <trkpt lat="13.80122270" lon="100.35897851"><ele>-23.315</ele><time>2025-01-19T03:18:42Z</time><speed>23.743</speed><sat>13</sat></trkpt>
  <trkpt lat="13.80122423" lon="100.35875949"><ele>-23.722</ele><time>2025-01-19T03:18:43Z</time><speed>23.736</speed><sat>12</sat></trkpt>
  <trkpt lat="13.80122306" lon="100.35853339"><ele>-24.413</ele><time>2025-01-19T03:18:44Z</time><speed>23.555</speed><sat>13</sat></trkpt>
  <trkpt lat="13.80122619" lon="100.35830017"><ele>-25.905</ele><time>2025-01-19T03:18:45Z</time><speed>23.398</speed><sat>13</sat></trkpt>
  <trkpt lat="13.80123110" lon="100.35807958"><ele>-26.704</ele><time>2025-01-19T03:18:46Z</time><speed>23.522</speed><sat>13</sat></trkpt>
  <trkpt lat="13.80124682" lon="100.35786733"><ele>-27.631</ele><time>2025-01-19T03:18:47Z</time><speed>23.596</speed><sat>14</sat></trkpt>
  <trkpt lat="13.80125858" lon="100.35764899"><ele>-28.056</ele><time>2025-01-19T03:18:48Z</time><speed>23.654</speed><sat>14</sat></trkpt>
  <trkpt lat="13.80126816" lon="100.35742875"><ele>-28.485</ele><time>2025-01-19T03:18:49Z</time><speed>23.576</speed><sat>14</sat></trkpt>
  <trkpt lat="13.80127428" lon="100.35721227"><ele>-28.685</ele><time>2025-01-19T03:18:50Z</time><speed>23.497</speed><sat>14</sat></trkpt>
  <trkpt lat="13.80128030" lon="100.35699478"><ele>-29.067</ele><time>2025-01-19T03:18:51Z</time><speed>23.452</speed><sat>14</sat></trkpt>
  <trkpt lat="13.80129092" lon="100.35678212"><ele>-29.544</ele><time>2025-01-19T03:18:52Z</time><speed>23.355</speed><sat>14</sat></trkpt>
  <trkpt lat="13.80129657" lon="100.35656726"><ele>-30.074</ele><time>2025-01-19T03:18:53Z</time><speed>23.427</speed><sat>14</sat></trkpt>
  <trkpt lat="13.80131439" lon="100.35634707"><ele>-30.624</ele><time>2025-01-19T03:18:54Z</time><speed>23.444</speed><sat>13</sat></trkpt>
  <trkpt lat="13.80132016" lon="100.35613035"><ele>-31.322</ele><time>2025-01-19T03:18:55Z</time><speed>23.379</speed><sat>13</sat></trkpt>
  <trkpt lat="13.80132131" lon="100.35591770"><ele>-31.069</ele><time>2025-01-19T03:18:56Z</time><speed>23.244</speed><sat>13</sat></trkpt>
  <trkpt lat="13.80133176" lon="100.35570180"><ele>-31.057</ele><time>2025-01-19T03:18:57Z</time><speed>23.233</speed><sat>13</sat></trkpt>
  <trkpt lat="13.80133857" lon="100.35548842"><ele>-30.443</ele><time>2025-01-19T03:18:58Z</time><speed>23.062</speed><sat>13</sat></trkpt>
  <trkpt lat="13.80134985" lon="100.35528399"><ele>-29.750</ele><time>2025-01-19T03:18:59Z</time><speed>22.978</speed><sat>13</sat></trkpt>
  <trkpt lat="13.80136248" lon="100.35507281"><ele>-29.538</ele><time>2025-01-19T03:19:00Z</time><speed>22.995</speed><sat>13</sat></trkpt>
  <trkpt lat="13.80137724" lon="100.35486614"><ele>-29.058</ele><time>2025-01-19T03:19:01Z</time><speed>22.954</speed><sat>13</sat></trkpt>
  <trkpt lat="13.80139311" lon="100.35466020"><ele>-28.266</ele><time>2025-01-19T03:19:02Z</time><speed>22.774</speed><sat>13</sat></trkpt>
  <trkpt lat="13.80138609" lon="100.35444698"><ele>-27.961</ele><time>2025-01-19T03:19:03Z</time><speed>22.782</speed><sat>13</sat></trkpt>
  <trkpt lat="13.80139275" lon="100.35424423"><ele>-27.204</ele><time>2025-01-19T03:19:04Z</time><speed>22.619</speed><sat>13</sat></trkpt>
  <trkpt lat="13.80138882" lon="100.35402888"><ele>-27.018</ele><time>2025-01-19T03:19:05Z</time><speed>22.589</speed><sat>13</sat></trkpt>
  <trkpt lat="13.80139629" lon="100.35381905"><ele>-26.829</ele><time>2025-01-19T03:19:06Z</time><speed>22.642</speed><sat>13</sat></trkpt>
  <trkpt lat="13.80140895" lon="100.35361097"><ele>-25.098</ele><time>2025-01-19T03:19:07Z</time><speed>22.730</speed><sat>13</sat></trkpt>
  <trkpt lat="13.80142608" lon="100.35340234"><ele>-24.908</ele><time>2025-01-19T03:19:08Z</time><speed>22.658</speed><sat>13</sat></trkpt>
  <trkpt lat="13.80143995" lon="100.35318423"><ele>-25.497</ele><time>2025-01-19T03:19:09Z</time><speed>22.626</speed><sat>13</sat></trkpt>
  <trkpt lat="13.80144471" lon="100.35296955"><ele>-25.741</ele><time>2025-01-19T03:19:10Z</time><speed>22.610</speed><sat>13</sat></trkpt>
  <trkpt lat="13.80145744" lon="100.35276338"><ele>-25.572</ele><time>2025-01-19T03:19:11Z</time><speed>22.655</speed><sat>13</sat></trkpt>
  <trkpt lat="13.80146252" lon="100.35255174"><ele>-25.681</ele><time>2025-01-19T03:19:12Z</time><speed>22.555</speed><sat>13</sat></trkpt>
  <trkpt lat="13.80146358" lon="100.35233867"><ele>-26.218</ele><time>2025-01-19T03:19:13Z</time><speed>22.631</speed><sat>13</sat></trkpt>
  <trkpt lat="13.80146843" lon="100.35213162"><ele>-26.356</ele><time>2025-01-19T03:19:14Z</time><speed>22.542</speed><sat>14</sat></trkpt>
  <trkpt lat="13.80149247" lon="100.35192488"><ele>-26.668</ele><time>2025-01-19T03:19:15Z</time><speed>22.526</speed><sat>13</sat></trkpt>
  <trkpt lat="13.80150141" lon="100.35171959"><ele>-26.206</ele><time>2025-01-19T03:19:16Z</time><speed>22.489</speed><sat>14</sat></trkpt>
  <trkpt lat="13.80151124" lon="100.35150576"><ele>-26.301</ele><time>2025-01-19T03:19:17Z</time><speed>22.612</speed><sat>13</sat></trkpt>
  <trkpt lat="13.80151502" lon="100.35129024"><ele>-25.627</ele><time>2025-01-19T03:19:18Z</time><speed>22.744</speed><sat>13</sat></trkpt>
  <trkpt lat="13.80152126" lon="100.35108064"><ele>-25.822</ele><time>2025-01-19T03:19:19Z</time><speed>22.774</speed><sat>13</sat></trkpt>
  <trkpt lat="13.80153110" lon="100.35087871"><ele>-25.945</ele><time>2025-01-19T03:19:20Z</time><speed>22.661</speed><sat>13</sat></trkpt>
  <trkpt lat="13.80152808" lon="100.35066249"><ele>-25.680</ele><time>2025-01-19T03:19:21Z</time><speed>22.648</speed><sat>12</sat></trkpt>
  <trkpt lat="13.80153169" lon="100.35045316"><ele>-24.907</ele><time>2025-01-19T03:19:22Z</time><speed>22.729</speed><sat>12</sat></trkpt>
  <trkpt lat="13.80154072" lon="100.35023840"><ele>-24.570</ele><time>2025-01-19T03:19:23Z</time><speed>22.886</speed><sat>12</sat></trkpt>
  <trkpt lat="13.80154616" lon="100.35002546"><ele>-25.397</ele><time>2025-01-19T03:19:24Z</time><speed>22.803</speed><sat>12</sat></trkpt>
  <trkpt lat="13.80157006" lon="100.34982779"><ele>-25.279</ele><time>2025-01-19T03:19:25Z</time><speed>22.786</speed><sat>13</sat></trkpt>
  <trkpt lat="13.80157456" lon="100.34961206"><ele>-25.814</ele><time>2025-01-19T03:19:26Z</time><speed>22.940</speed><sat>14</sat></trkpt>
  <trkpt lat="13.80157866" lon="100.34939469"><ele>-25.038</ele><time>2025-01-19T03:19:27Z</time><speed>23.135</speed><sat>12</sat></trkpt>
  <trkpt lat="13.80157281" lon="100.34917966"><ele>-25.933</ele><time>2025-01-19T03:19:28Z</time><speed>23.096</speed><sat>12</sat></trkpt>
  <trkpt lat="13.80157082" lon="100.34897092"><ele>-26.472</ele><time>2025-01-19T03:19:29Z</time><speed>22.966</speed><sat>12</sat></trkpt>
  <trkpt lat="13.80157923" lon="100.34875491"><ele>-26.750</ele><time>2025-01-19T03:19:30Z</time><speed>23.000</speed><sat>12</sat></trkpt>
  <trkpt lat="13.80158960" lon="100.34854326"><ele>-26.608</ele><time>2025-01-19T03:19:31Z</time><speed>22.966</speed><sat>13</sat></trkpt>
  <trkpt lat="13.80159497" lon="100.34834479"><ele>-27.112</ele><time>2025-01-19T03:19:32Z</time><speed>23.018</speed><sat>12</sat></trkpt>
  <trkpt lat="13.80160502" lon="100.34812942"><ele>-28.153</ele><time>2025-01-19T03:19:33Z</time><speed>23.181</speed><sat>14</sat></trkpt>
  <trkpt lat="13.80160845" lon="100.34790720"><ele>-28.625</ele><time>2025-01-19T03:19:34Z</time><speed>23.260</speed><sat>14</sat></trkpt>
  <trkpt lat="13.80161089" lon="100.34769220"><ele>-29.074</ele><time>2025-01-19T03:19:35Z</time><speed>23.286</speed><sat>12</sat></trkpt>
  <trkpt lat="13.80163047" lon="100.34747113"><ele>-29.579</ele><time>2025-01-19T03:19:36Z</time><speed>23.128</speed><sat>13</sat></trkpt>
  <trkpt lat="13.80163520" lon="100.34726748"><ele>-29.763</ele><time>2025-01-19T03:19:37Z</time><speed>23.097</speed><sat>13</sat></trkpt>
  <trkpt lat="13.80164476" lon="100.34705725"><ele>-29.880</ele><time>2025-01-19T03:19:38Z</time><speed>23.157</speed><sat>13</sat></trkpt>
  <trkpt lat="13.80165900" lon="100.34683983"><ele>-29.786</ele><time>2025-01-19T03:19:39Z</time><speed>23.218</speed><sat>13</sat></trkpt>
  <trkpt lat="13.80166191" lon="100.34662928"><ele>-29.676</ele><time>2025-01-19T03:19:40Z</time><speed>23.308</speed><sat>12</sat></trkpt>
  <trkpt lat="13.80166668" lon="100.34641212"><ele>-30.427</ele><time>2025-01-19T03:19:41Z</time><speed>23.272</speed><sat>12</sat></trkpt>
  <trkpt lat="13.80167034" lon="100.34619471"><ele>-30.681</ele><time>2025-01-19T03:19:42Z</time><speed>23.317</speed><sat>12</sat></trkpt>
  <trkpt lat="13.80167324" lon="100.34598494"><ele>-30.685</ele><time>2025-01-19T03:19:43Z</time><speed>23.220</speed><sat>15</sat></trkpt>
  <trkpt lat="13.80168591" lon="100.34577640"><ele>-29.558</ele><time>2025-01-19T03:19:44Z</time><speed>23.131</speed><sat>14</sat></trkpt>
  <trkpt lat="13.80169870" lon="100.34556834"><ele>-29.049</ele><time>2025-01-19T03:19:45Z</time><speed>23.119</speed><sat>14</sat></trkpt>
  <trkpt lat="13.80171445" lon="100.34535552"><ele>-28.925</ele><time>2025-01-19T03:19:46Z</time><speed>22.849</speed><sat>14</sat></trkpt>
  <trkpt lat="13.80172146" lon="100.34514239"><ele>-29.270</ele><time>2025-01-19T03:19:47Z</time><speed>22.895</speed><sat>14</sat></trkpt>
  <trkpt lat="13.80172737" lon="100.34494033"><ele>-28.449</ele><time>2025-01-19T03:19:48Z</time><speed>22.886</speed><sat>14</sat></trkpt>
  <trkpt lat="13.80173670" lon="100.34473658"><ele>-28.695</ele><time>2025-01-19T03:19:49Z</time><speed>22.905</speed><sat>13</sat></trkpt>
  <trkpt lat="13.80175457" lon="100.34451581"><ele>-28.241</ele><time>2025-01-19T03:19:50Z</time><speed>22.767</speed><sat>14</sat></trkpt>
  <trkpt lat="13.80175240" lon="100.34429495"><ele>-27.834</ele><time>2025-01-19T03:19:51Z</time><speed>22.839</speed><sat>13</sat></trkpt>
  <trkpt lat="13.80175866" lon="100.34406944"><ele>-28.260</ele><time>2025-01-19T03:19:52Z</time><speed>22.766</speed><sat>13</sat></trkpt>
  <trkpt lat="13.80177521" lon="100.34387117"><ele>-28.871</ele><time>2025-01-19T03:19:53Z</time><speed>22.815</speed><sat>14</sat></trkpt>
  <trkpt lat="13.80178515" lon="100.34366412"><ele>-29.076</ele><time>2025-01-19T03:19:54Z</time><speed>22.740</speed><sat>14</sat></trkpt>
  <trkpt lat="13.80178950" lon="100.34345878"><ele>-29.208</ele><time>2025-01-19T03:19:55Z</time><speed>22.700</speed><sat>14</sat></trkpt>
  <trkpt lat="13.80179107" lon="100.34324925"><ele>-29.706</ele><time>2025-01-19T03:19:56Z</time><speed>22.727</speed><sat>13</sat></trkpt>
  <trkpt lat="13.80179766" lon="100.34303660"><ele>-29.995</ele><time>2025-01-19T03:19:57Z</time><speed>22.695</speed><sat>13</sat></trkpt>
  <trkpt lat="13.80179837" lon="100.34282451"><ele>-29.885</ele><time>2025-01-19T03:19:58Z</time><speed>22.777</speed><sat>13</sat></trkpt>
  <trkpt lat="13.80180520" lon="100.34259811"><ele>-29.765</ele><time>2025-01-19T03:19:59Z</time><speed>22.674</speed><sat>13</sat></trkpt>
  <trkpt lat="13.80182084" lon="100.34238167"><ele>-30.857</ele><time>2025-01-19T03:20:00Z</time><speed>22.615</speed><sat>14</sat></trkpt>
  <trkpt lat="13.80183576" lon="100.34217217"><ele>-31.401</ele><time>2025-01-19T03:20:01Z</time><speed>22.703</speed><sat>14</sat></trkpt>
  <trkpt lat="13.80183656" lon="100.34196626"><ele>-31.766</ele><time>2025-01-19T03:20:02Z</time><speed>22.584</speed><sat>13</sat></trkpt>
  <trkpt lat="13.80183849" lon="100.34175556"><ele>-31.572</ele><time>2025-01-19T03:20:03Z</time><speed>22.636</speed><sat>13</sat></trkpt>
  <trkpt lat="13.80184721" lon="100.34154638"><ele>-31.671</ele><time>2025-01-19T03:20:04Z</time><speed>22.667</speed><sat>13</sat></trkpt>
  <trkpt lat="13.80185205" lon="100.34134772"><ele>-31.318</ele><time>2025-01-19T03:20:05Z</time><speed>22.684</speed><sat>13</sat></trkpt>
  <trkpt lat="13.80185538" lon="100.34113898"><ele>-30.887</ele><time>2025-01-19T03:20:06Z</time><speed>22.477</speed><sat>13</sat></trkpt>
  <trkpt lat="13.80185278" lon="100.34094487"><ele>-30.310</ele><time>2025-01-19T03:20:07Z</time><speed>22.557</speed><sat>14</sat></trkpt>
  <trkpt lat="13.80186389" lon="100.34074188"><ele>-28.930</ele><time>2025-01-19T03:20:08Z</time><speed>22.750</speed><sat>14</sat></trkpt>
  <trkpt lat="13.80187373" lon="100.34053431"><ele>-27.884</ele><time>2025-01-19T03:20:09Z</time><speed>22.235</speed><sat>14</sat></trkpt>
  <trkpt lat="13.80188665" lon="100.34033596"><ele>-27.270</ele><time>2025-01-19T03:20:10Z</time><speed>22.046</speed><sat>14</sat></trkpt>
  <trkpt lat="13.80189915" lon="100.34012844"><ele>-27.684</ele><time>2025-01-19T03:20:11Z</time><speed>22.084</speed><sat>16</sat></trkpt>
  <trkpt lat="13.80190502" lon="100.33991944"><ele>-27.821</ele><time>2025-01-19T03:20:12Z</time><speed>22.016</speed><sat>15</sat></trkpt>
  <trkpt lat="13.80191814" lon="100.33972237"><ele>-26.744</ele><time>2025-01-19T03:20:13Z</time><speed>21.718</speed><sat>13</sat></trkpt>
  <trkpt lat="13.80194417" lon="100.33931811"><ele>-25.538</ele><time>2025-01-19T03:20:15Z</time><speed>21.453</speed><sat>13</sat></trkpt>
  <trkpt lat="13.80194064" lon="100.33912074"><ele>-26.483</ele><time>2025-01-19T03:20:16Z</time><speed>21.250</speed><sat>12</sat></trkpt>
  <trkpt lat="13.80194706" lon="100.33892266"><ele>-26.850</ele><time>2025-01-19T03:20:17Z</time><speed>21.067</speed><sat>11</sat></trkpt>
  <trkpt lat="13.80194941" lon="100.33872534"><ele>-26.848</ele><time>2025-01-19T03:20:18Z</time><speed>20.919</speed><sat>13</sat></trkpt>
  <trkpt lat="13.80195530" lon="100.33852680"><ele>-26.551</ele><time>2025-01-19T03:20:19Z</time><speed>20.615</speed><sat>12</sat></trkpt>
  <trkpt lat="13.80195585" lon="100.33834244"><ele>-25.724</ele><time>2025-01-19T03:20:20Z</time><speed>20.320</speed><sat>11</sat></trkpt>
  <trkpt lat="13.80194601" lon="100.33815138"><ele>-25.203</ele><time>2025-01-19T03:20:21Z</time><speed>20.021</speed><sat>12</sat></trkpt>
  <trkpt lat="13.80194474" lon="100.33796227"><ele>-24.738</ele><time>2025-01-19T03:20:22Z</time><speed>19.933</speed><sat>13</sat></trkpt>
  <trkpt lat="13.80195947" lon="100.33777213"><ele>-24.608</ele><time>2025-01-19T03:20:23Z</time><speed>19.563</speed><sat>14</sat></trkpt>
  <trkpt lat="13.80197606" lon="100.33759753"><ele>-24.222</ele><time>2025-01-19T03:20:24Z</time><speed>19.169</speed><sat>14</sat></trkpt>
  <trkpt lat="13.80197335" lon="100.33743495"><ele>-23.841</ele><time>2025-01-19T03:20:25Z</time><speed>18.956</speed><sat>14</sat></trkpt>
  <trkpt lat="13.80198402" lon="100.33726667"><ele>-24.113</ele><time>2025-01-19T03:20:26Z</time><speed>18.683</speed><sat>14</sat></trkpt>
  <trkpt lat="13.80199566" lon="100.33710009"><ele>-24.776</ele><time>2025-01-19T03:20:27Z</time><speed>18.226</speed><sat>15</sat></trkpt>
  <trkpt lat="13.80198808" lon="100.33692981"><ele>-25.741</ele><time>2025-01-19T03:20:28Z</time><speed>17.831</speed><sat>14</sat></trkpt>
  <trkpt lat="13.80199223" lon="100.33675883"><ele>-26.706</ele><time>2025-01-19T03:20:29Z</time><speed>17.487</speed><sat>14</sat></trkpt>
  <trkpt lat="13.80201542" lon="100.33660069"><ele>-27.074</ele><time>2025-01-19T03:20:30Z</time><speed>17.114</speed><sat>15</sat></trkpt>
  <trkpt lat="13.80201833" lon="100.33644897"><ele>-27.898</ele><time>2025-01-19T03:20:31Z</time><speed>17.005</speed><sat>14</sat></trkpt>
  <trkpt lat="13.80202017" lon="100.33630650"><ele>-28.140</ele><time>2025-01-19T03:20:32Z</time><speed>16.524</speed><sat>14</sat></trkpt>
  <trkpt lat="13.80202270" lon="100.33616398"><ele>-27.850</ele><time>2025-01-19T03:20:33Z</time><speed>16.180</speed><sat>15</sat></trkpt>
  <trkpt lat="13.80202678" lon="100.33601633"><ele>-27.925</ele><time>2025-01-19T03:20:34Z</time><speed>16.004</speed><sat>13</sat></trkpt>
  <trkpt lat="13.80204118" lon="100.33587445"><ele>-27.668</ele><time>2025-01-19T03:20:35Z</time><speed>15.609</speed><sat>14</sat></trkpt>
  <trkpt lat="13.80204961" lon="100.33573493"><ele>-27.715</ele><time>2025-01-19T03:20:36Z</time><speed>15.221</speed><sat>14</sat></trkpt>
  <trkpt lat="13.80205652" lon="100.33559992"><ele>-27.531</ele><time>2025-01-19T03:20:37Z</time><speed>14.856</speed><sat>14</sat></trkpt>
  <trkpt lat="13.80206068" lon="100.33547003"><ele>-27.306</ele><time>2025-01-19T03:20:38Z</time><speed>14.619</speed><sat>14</sat></trkpt>
  <trkpt lat="13.80205876" lon="100.33533606"><ele>-27.581</ele><time>2025-01-19T03:20:39Z</time><speed>14.374</speed><sat>14</sat></trkpt>
  <trkpt lat="13.80205979" lon="100.33521536"><ele>-26.912</ele><time>2025-01-19T03:20:40Z</time><speed>14.265</speed><sat>13</sat></trkpt>
  <trkpt lat="13.80206347" lon="100.33509413"><ele>-26.853</ele><time>2025-01-19T03:20:41Z</time><speed>13.921</speed><sat>13</sat></trkpt>
  <trkpt lat="13.80206231" lon="100.33498756"><ele>-26.539</ele><time>2025-01-19T03:20:42Z</time><speed>13.260</speed><sat>13</sat></trkpt>
  <trkpt lat="13.80206280" lon="100.33488138"><ele>-25.966</ele><time>2025-01-19T03:20:43Z</time><speed>12.654</speed><sat>14</sat></trkpt>
  <trkpt lat="13.80206008" lon="100.33477173"><ele>-25.345</ele><time>2025-01-19T03:20:44Z</time><speed>12.430</speed><sat>14</sat></trkpt>
  <trkpt lat="13.80205903" lon="100.33466500"><ele>-24.683</ele><time>2025-01-19T03:20:45Z</time><speed>12.007</speed><sat>14</sat></trkpt>
  <trkpt lat="13.80206822" lon="100.33455857"><ele>-24.750</ele><time>2025-01-19T03:20:46Z</time><speed>12.002</speed><sat>14</sat></trkpt>
  <trkpt lat="13.80206713" lon="100.33445378"><ele>-25.570</ele><time>2025-01-19T03:20:47Z</time><speed>11.756</speed><sat>14</sat></trkpt>
  <trkpt lat="13.80207404" lon="100.33435310"><ele>-26.043</ele><time>2025-01-19T03:20:48Z</time><speed>11.278</speed><sat>15</sat></trkpt>
  <trkpt lat="13.80208049" lon="100.33425588"><ele>-26.295</ele><time>2025-01-19T03:20:49Z</time><speed>10.860</speed><sat>15</sat></trkpt>
  <trkpt lat="13.80208219" lon="100.33415196"><ele>-26.802</ele><time>2025-01-19T03:20:50Z</time><speed>10.543</speed><sat>15</sat></trkpt>
  <trkpt lat="13.80209678" lon="100.33406332"><ele>-26.640</ele><time>2025-01-19T03:20:51Z</time><speed>10.026</speed><sat>15</sat></trkpt>
  <trkpt lat="13.80209676" lon="100.33398129"><ele>-27.196</ele><time>2025-01-19T03:20:52Z</time><speed>9.610</speed><sat>15</sat></trkpt>
  <trkpt lat="13.80210281" lon="100.33389362"><ele>-26.578</ele><time>2025-01-19T03:20:53Z</time><speed>9.530</speed><sat>15</sat></trkpt>
  <trkpt lat="13.80210239" lon="100.33380443"><ele>-26.636</ele><time>2025-01-19T03:20:54Z</time><speed>8.962</speed><sat>15</sat></trkpt>
  <trkpt lat="13.80210687" lon="100.33372667"><ele>-26.987</ele><time>2025-01-19T03:20:55Z</time><speed>8.691</speed><sat>16</sat></trkpt>
  <trkpt lat="13.80210945" lon="100.33365165"><ele>-26.441</ele><time>2025-01-19T03:20:56Z</time><speed>8.336</speed><sat>17</sat></trkpt>
  <trkpt lat="13.80211774" lon="100.33357550"><ele>-26.604</ele><time>2025-01-19T03:20:57Z</time><speed>8.296</speed><sat>15</sat></trkpt>
  <trkpt lat="13.80211970" lon="100.33351560"><ele>-26.520</ele><time>2025-01-19T03:20:58Z</time><speed>8.151</speed><sat>15</sat></trkpt>
  <trkpt lat="13.80212106" lon="100.33344917"><ele>-26.209</ele><time>2025-01-19T03:20:59Z</time><speed>8.022</speed><sat>16</sat></trkpt>
  <trkpt lat="13.80212292" lon="100.33338158"><ele>-25.316</ele><time>2025-01-19T03:21:00Z</time><speed>7.920</speed><sat>16</sat></trkpt>
  <trkpt lat="13.80212954" lon="100.33330524"><ele>-25.692</ele><time>2025-01-19T03:21:01Z</time><speed>8.051</speed><sat>16</sat></trkpt>
  <trkpt lat="13.80213725" lon="100.33322851"><ele>-26.117</ele><time>2025-01-19T03:21:02Z</time><speed>8.041</speed><sat>16</sat></trkpt>
  <trkpt lat="13.80214369" lon="100.33314348"><ele>-26.797</ele><time>2025-01-19T03:21:03Z</time><speed>8.217</speed><sat>17</sat></trkpt>
  <trkpt lat="13.80214668" lon="100.33307058"><ele>-27.413</ele><time>2025-01-19T03:21:04Z</time><speed>8.447</speed><sat>17</sat></trkpt>
  <trkpt lat="13.80215179" lon="100.33298966"><ele>-27.670</ele><time>2025-01-19T03:21:05Z</time><speed>8.533</speed><sat>16</sat></trkpt>
  <trkpt lat="13.80215822" lon="100.33291107"><ele>-27.886</ele><time>2025-01-19T03:21:06Z</time><speed>8.566</speed><sat>16</sat></trkpt>
  <trkpt lat="13.80216330" lon="100.33275169"><ele>-27.832</ele><time>2025-01-19T03:21:08Z</time><speed>8.716</speed><sat>15</sat></trkpt>
  <trkpt lat="13.80216213" lon="100.33266738"><ele>-27.546</ele><time>2025-01-19T03:21:09Z</time><speed>8.794</speed><sat>15</sat></trkpt>
  <trkpt lat="13.80216186" lon="100.33258221"><ele>-27.345</ele><time>2025-01-19T03:21:10Z</time><speed>8.933</speed><sat>15</sat></trkpt>
  <trkpt lat="13.80216452" lon="100.33250023"><ele>-27.057</ele><time>2025-01-19T03:21:11Z</time><speed>9.026</speed><sat>15</sat></trkpt>
  <trkpt lat="13.80216332" lon="100.33241692"><ele>-26.973</ele><time>2025-01-19T03:21:12Z</time><speed>9.005</speed><sat>15</sat></trkpt>
  <trkpt lat="13.80216707" lon="100.33233208"><ele>-26.798</ele><time>2025-01-19T03:21:13Z</time><speed>9.153</speed><sat>16</sat></trkpt>
  <trkpt lat="13.80216885" lon="100.33223869"><ele>-27.484</ele><time>2025-01-19T03:21:14Z</time><speed>9.349</speed><sat>15</sat></trkpt>
  <trkpt lat="13.80217204" lon="100.33214286"><ele>-28.022</ele><time>2025-01-19T03:21:15Z</time><speed>9.558</speed><sat>15</sat></trkpt>
  <trkpt lat="13.80217555" lon="100.33205255"><ele>-28.431</ele><time>2025-01-19T03:21:16Z</time><speed>9.596</speed><sat>15</sat></trkpt>
  <trkpt lat="13.80217869" lon="100.33195911"><ele>-28.306</ele><time>2025-01-19T03:21:17Z</time><speed>9.652</speed><sat>15</sat></trkpt>
  <trkpt lat="13.80218374" lon="100.33186309"><ele>-28.480</ele><time>2025-01-19T03:21:18Z</time><speed>9.879</speed><sat>14</sat></trkpt>
  <trkpt lat="13.80218880" lon="100.33176499"><ele>-28.561</ele><time>2025-01-19T03:21:19Z</time><speed>9.892</speed><sat>14</sat></trkpt>
  <trkpt lat="13.80219283" lon="100.33166595"><ele>-28.531</ele><time>2025-01-19T03:21:20Z</time><speed>10.029</speed><sat>15</sat></trkpt>
  <trkpt lat="13.80219860" lon="100.33156416"><ele>-28.724</ele><time>2025-01-19T03:21:21Z</time><speed>10.244</speed><sat>15</sat></trkpt>
  <trkpt lat="13.80220250" lon="100.33146642"><ele>-28.497</ele><time>2025-01-19T03:21:22Z</time><speed>10.296</speed><sat>15</sat></trkpt>
  <trkpt lat="13.80220628" lon="100.33136814"><ele>-28.645</ele><time>2025-01-19T03:21:23Z</time><speed>10.368</speed><sat>15</sat></trkpt>
  <trkpt lat="13.80221018" lon="100.33127352"><ele>-28.515</ele><time>2025-01-19T03:21:24Z</time><speed>10.399</speed><sat>15</sat></trkpt>
  <trkpt lat="13.80221256" lon="100.33117821"><ele>-29.092</ele><time>2025-01-19T03:21:25Z</time><speed>10.500</speed><sat>15</sat></trkpt>
  <trkpt lat="13.80221696" lon="100.33108087"><ele>-29.462</ele><time>2025-01-19T03:21:26Z</time><speed>10.659</speed><sat>15</sat></trkpt>
  <trkpt lat="13.80222155" lon="100.33098597"><ele>-29.023</ele><time>2025-01-19T03:21:27Z</time><speed>10.744</speed><sat>15</sat></trkpt>
  <trkpt lat="13.80222097" lon="100.33088387"><ele>-28.335</ele><time>2025-01-19T03:21:28Z</time><speed>10.707</speed><sat>15</sat></trkpt>
  <trkpt lat="13.80222017" lon="100.33078235"><ele>-28.143</ele><time>2025-01-19T03:21:29Z</time><speed>10.769</speed><sat>15</sat></trkpt>
  <trkpt lat="13.80222223" lon="100.33067929"><ele>-27.875</ele><time>2025-01-19T03:21:30Z</time><speed>10.865</speed><sat>15</sat></trkpt>
  <trkpt lat="13.80222357" lon="100.33057713"><ele>-27.572</ele><time>2025-01-19T03:21:31Z</time><speed>10.870</speed><sat>15</sat></trkpt>
  <trkpt lat="13.80222349" lon="100.33047518"><ele>-26.673</ele><time>2025-01-19T03:21:32Z</time><speed>11.045</speed><sat>15</sat></trkpt>
  <trkpt lat="13.80223095" lon="100.33026331"><ele>-25.426</ele><time>2025-01-19T03:21:34Z</time><speed>11.252</speed><sat>14</sat></trkpt>
  <trkpt lat="13.80223323" lon="100.33015306"><ele>-25.807</ele><time>2025-01-19T03:21:35Z</time><speed>11.399</speed><sat>14</sat></trkpt>
  <trkpt lat="13.80223800" lon="100.33004202"><ele>-25.991</ele><time>2025-01-19T03:21:36Z</time><speed>11.640</speed><sat>14</sat></trkpt>
  <trkpt lat="13.80224511" lon="100.32993263"><ele>-26.086</ele><time>2025-01-19T03:21:37Z</time><speed>11.765</speed><sat>14</sat></trkpt>
  <trkpt lat="13.80225014" lon="100.32982071"><ele>-25.783</ele><time>2025-01-19T03:21:38Z</time><speed>11.916</speed><sat>14</sat></trkpt>
  <trkpt lat="13.80225935" lon="100.32970600"><ele>-25.233</ele><time>2025-01-19T03:21:39Z</time><speed>11.922</speed><sat>12</sat></trkpt>
  <trkpt lat="13.80226732" lon="100.32959310"><ele>-24.851</ele><time>2025-01-19T03:21:40Z</time><speed>12.060</speed><sat>12</sat></trkpt>
  <trkpt lat="13.80227316" lon="100.32947857"><ele>-24.670</ele><time>2025-01-19T03:21:41Z</time><speed>12.159</speed><sat>12</sat></trkpt>
  <trkpt lat="13.80227739" lon="100.32936026"><ele>-24.111</ele><time>2025-01-19T03:21:42Z</time><speed>12.176</speed><sat>12</sat></trkpt>
  <trkpt lat="13.80228333" lon="100.32924485"><ele>-23.850</ele><time>2025-01-19T03:21:43Z</time><speed>12.258</speed><sat>12</sat></trkpt>
  <trkpt lat="13.80229138" lon="100.32912937"><ele>-23.742</ele><time>2025-01-19T03:21:44Z</time><speed>12.468</speed><sat>12</sat></trkpt>
  <trkpt lat="13.80229880" lon="100.32901532"><ele>-23.936</ele><time>2025-01-19T03:21:45Z</time><speed>12.569</speed><sat>13</sat></trkpt>
  <trkpt lat="13.80230540" lon="100.32890060"><ele>-23.033</ele><time>2025-01-19T03:21:46Z</time><speed>12.612</speed><sat>14</sat></trkpt>
  <trkpt lat="13.80230960" lon="100.32878545"><ele>-22.917</ele><time>2025-01-19T03:21:47Z</time><speed>12.665</speed><sat>15</sat></trkpt>
  <trkpt lat="13.80231199" lon="100.32866195"><ele>-22.747</ele><time>2025-01-19T03:21:48Z</time><speed>12.794</speed><sat>17</sat></trkpt>
  <trkpt lat="13.80231016" lon="100.32853083"><ele>-24.215</ele><time>2025-01-19T03:21:49Z</time><speed>12.935</speed><sat>17</sat></trkpt>
  <trkpt lat="13.80231168" lon="100.32840613"><ele>-25.289</ele><time>2025-01-19T03:21:50Z</time><speed>13.017</speed><sat>16</sat></trkpt>
  <trkpt lat="13.80231249" lon="100.32828497"><ele>-25.522</ele><time>2025-01-19T03:21:51Z</time><speed>13.130</speed><sat>16</sat></trkpt>
  <trkpt lat="13.80231288" lon="100.32816157"><ele>-25.320</ele><time>2025-01-19T03:21:52Z</time><speed>13.224</speed><sat>16</sat></trkpt>
  <trkpt lat="13.80231842" lon="100.32803556"><ele>-26.028</ele><time>2025-01-19T03:21:53Z</time><speed>13.244</speed><sat>16</sat></trkpt>
  <trkpt lat="13.80232676" lon="100.32791927"><ele>-26.672</ele><time>2025-01-19T03:21:54Z</time><speed>13.278</speed><sat>16</sat></trkpt>
  <trkpt lat="13.80233423" lon="100.32779416"><ele>-26.882</ele><time>2025-01-19T03:21:55Z</time><speed>13.306</speed><sat>16</sat></trkpt>
  <trkpt lat="13.80234330" lon="100.32766569"><ele>-26.881</ele><time>2025-01-19T03:21:56Z</time><speed>13.249</speed><sat>15</sat></trkpt>
  <trkpt lat="13.80234073" lon="100.32753741"><ele>-28.252</ele><time>2025-01-19T03:21:57Z</time><speed>13.126</speed><sat>16</sat></trkpt>
  <trkpt lat="13.80234340" lon="100.32741752"><ele>-28.928</ele><time>2025-01-19T03:21:58Z</time><speed>13.064</speed><sat>16</sat></trkpt>
  <trkpt lat="13.80235081" lon="100.32729848"><ele>-29.009</ele><time>2025-01-19T03:21:59Z</time><speed>12.875</speed><sat>15</sat></trkpt>
  <trkpt lat="13.80235713" lon="100.32718360"><ele>-29.131</ele><time>2025-01-19T03:22:00Z</time><speed>12.635</speed><sat>15</sat></trkpt>
  <trkpt lat="13.80236487" lon="100.32707174"><ele>-29.123</ele><time>2025-01-19T03:22:01Z</time><speed>12.499</speed><sat>15</sat></trkpt>
  <trkpt lat="13.80236812" lon="100.32695809"><ele>-29.941</ele><time>2025-01-19T03:22:02Z</time><speed>12.384</speed><sat>15</sat></trkpt>
  <trkpt lat="13.80237223" lon="100.32684595"><ele>-30.301</ele><time>2025-01-19T03:22:03Z</time><speed>12.262</speed><sat>15</sat></trkpt>
  <trkpt lat="13.80237523" lon="100.32673795"><ele>-30.117</ele><time>2025-01-19T03:22:04Z</time><speed>12.046</speed><sat>12</sat></trkpt>
  <trkpt lat="13.80237453" lon="100.32663958"><ele>-30.856</ele><time>2025-01-19T03:22:05Z</time><speed>11.918</speed><sat>13</sat></trkpt>
  <trkpt lat="13.80237464" lon="100.32653677"><ele>-31.771</ele><time>2025-01-19T03:22:06Z</time><speed>11.717</speed><sat>13</sat></trkpt>
  <trkpt lat="13.80237830" lon="100.32643864"><ele>-31.345</ele><time>2025-01-19T03:22:07Z</time><speed>11.378</speed><sat>14</sat></trkpt>
  <trkpt lat="13.80237677" lon="100.32634043"><ele>-30.642</ele><time>2025-01-19T03:22:08Z</time><speed>11.398</speed><sat>14</sat></trkpt>
  <trkpt lat="13.80237896" lon="100.32623538"><ele>-31.450</ele><time>2025-01-19T03:22:09Z</time><speed>11.184</speed><sat>13</sat></trkpt>
  <trkpt lat="13.80238402" lon="100.32613554"><ele>-31.539</ele><time>2025-01-19T03:22:10Z</time><speed>10.804</speed><sat>14</sat></trkpt>
  <trkpt lat="13.80238806" lon="100.32604434"><ele>-30.220</ele><time>2025-01-19T03:22:11Z</time><speed>10.359</speed><sat>13</sat></trkpt>
  <trkpt lat="13.80238689" lon="100.32594962"><ele>-29.723</ele><time>2025-01-19T03:22:12Z</time><speed>10.183</speed><sat>14</sat></trkpt>
  <trkpt lat="13.80238803" lon="100.32585922"><ele>-29.975</ele><time>2025-01-19T03:22:13Z</time><speed>9.867</speed><sat>14</sat></trkpt>
  <trkpt lat="13.80238752" lon="100.32577585"><ele>-29.098</ele><time>2025-01-19T03:22:14Z</time><speed>9.676</speed><sat>15</sat></trkpt>
  <trkpt lat="13.80238890" lon="100.32569873"><ele>-28.283</ele><time>2025-01-19T03:22:15Z</time><speed>9.268</speed><sat>14</sat></trkpt>
  <trkpt lat="13.80239065" lon="100.32562083"><ele>-27.638</ele><time>2025-01-19T03:22:16Z</time><speed>8.825</speed><sat>14</sat></trkpt>
  <trkpt lat="13.80239576" lon="100.32554284"><ele>-28.099</ele><time>2025-01-19T03:22:17Z</time><speed>8.637</speed><sat>13</sat></trkpt>
  <trkpt lat="13.80239229" lon="100.32546471"><ele>-28.307</ele><time>2025-01-19T03:22:18Z</time><speed>8.345</speed><sat>13</sat></trkpt>
  <trkpt lat="13.80240181" lon="100.32539153"><ele>-28.108</ele><time>2025-01-19T03:22:19Z</time><speed>8.232</speed><sat>14</sat></trkpt>
  <trkpt lat="13.80241399" lon="100.32532287"><ele>-28.740</ele><time>2025-01-19T03:22:20Z</time><speed>7.818</speed><sat>14</sat></trkpt>
  <trkpt lat="13.80242334" lon="100.32525412"><ele>-29.419</ele><time>2025-01-19T03:22:21Z</time><speed>7.534</speed><sat>13</sat></trkpt>
  <trkpt lat="13.80242954" lon="100.32518821"><ele>-29.991</ele><time>2025-01-19T03:22:22Z</time><speed>7.263</speed><sat>13</sat></trkpt>
  <trkpt lat="13.80243479" lon="100.32512953"><ele>-29.857</ele><time>2025-01-19T03:22:23Z</time><speed>6.754</speed><sat>14</sat></trkpt>
  <trkpt lat="13.80244019" lon="100.32506970"><ele>-30.142</ele><time>2025-01-19T03:22:24Z</time><speed>6.668</speed><sat>14</sat></trkpt>
  <trkpt lat="13.80244232" lon="100.32501540"><ele>-30.002</ele><time>2025-01-19T03:22:25Z</time><speed>6.197</speed><sat>14</sat></trkpt>
  <trkpt lat="13.80244572" lon="100.32496602"><ele>-29.816</ele><time>2025-01-19T03:22:26Z</time><speed>5.701</speed><sat>15</sat></trkpt>
  <trkpt lat="13.80244477" lon="100.32492051"><ele>-29.619</ele><time>2025-01-19T03:22:27Z</time><speed>5.190</speed><sat>16</sat></trkpt>
  <trkpt lat="13.80243689" lon="100.32487798"><ele>-29.401</ele><time>2025-01-19T03:22:28Z</time><speed>4.928</speed><sat>15</sat></trkpt>
  <trkpt lat="13.80243680" lon="100.32484329"><ele>-29.268</ele><time>2025-01-19T03:22:29Z</time><speed>4.799</speed><sat>14</sat></trkpt>
  <trkpt lat="13.80243614" lon="100.32481204"><ele>-29.506</ele><time>2025-01-19T03:22:30Z</time><speed>4.027</speed><sat>14</sat></trkpt>
  <trkpt lat="13.80243411" lon="100.32478096"><ele>-30.059</ele><time>2025-01-19T03:22:31Z</time><speed>3.447</speed><sat>14</sat></trkpt>
  <trkpt lat="13.80243136" lon="100.32475951"><ele>-29.724</ele><time>2025-01-19T03:22:32Z</time><speed>2.955</speed><sat>14</sat></trkpt>
  <trkpt lat="13.80242942" lon="100.32473574"><ele>-30.192</ele><time>2025-01-19T03:22:33Z</time><speed>2.876</speed><sat>14</sat></trkpt>
  <trkpt lat="13.80242883" lon="100.32471789"><ele>-30.418</ele><time>2025-01-19T03:22:34Z</time><speed>2.362</speed><sat>14</sat></trkpt>
  <trkpt lat="13.80242710" lon="100.32470585"><ele>-30.144</ele><time>2025-01-19T03:22:35Z</time><speed>2.186</speed><sat>13</sat></trkpt>
  <trkpt lat="13.80242570" lon="100.32469492"><ele>-30.117</ele><time>2025-01-19T03:22:36Z</time><speed>2.046</speed><sat>14</sat></trkpt>
  <trkpt lat="13.80242209" lon="100.32468784"><ele>-29.815</ele><time>2025-01-19T03:22:37Z</time><speed>1.900</speed><sat>14</sat></trkpt>
  <trkpt lat="13.80241917" lon="100.32468022"><ele>-30.561</ele><time>2025-01-19T03:22:38Z</time><speed>1.923</speed><sat>14</sat></trkpt>
  <trkpt lat="13.80241609" lon="100.32467689"><ele>-30.920</ele><time>2025-01-19T03:22:39Z</time><speed>1.376</speed><sat>14</sat></trkpt>
  <trkpt lat="13.80241547" lon="100.32467141"><ele>-31.252</ele><time>2025-01-19T03:22:40Z</time><speed>1.388</speed><sat>15</sat></trkpt>
  <trkpt lat="13.80241484" lon="100.32466831"><ele>-30.679</ele><time>2025-01-19T03:22:41Z</time><speed>1.281</speed><sat>15</sat></trkpt>
  <trkpt lat="13.80241618" lon="100.32466679"><ele>-30.182</ele><time>2025-01-19T03:22:42Z</time><speed>0.988</speed><sat>15</sat></trkpt>
  <trkpt lat="13.80241908" lon="100.32466831"><ele>-30.579</ele><time>2025-01-19T03:22:43Z</time><speed>0.469</speed><sat>15</sat></trkpt>
  <trkpt lat="13.80242061" lon="100.32467402"><ele>-30.934</ele><time>2025-01-19T03:22:44Z</time><speed>0.000</speed><sat>15</sat></trkpt>
  <trkpt lat="13.80242061" lon="100.32467402"><ele>-30.370</ele><time>2025-01-19T03:22:45Z</time><speed>0.000</speed><sat>15</sat></trkpt>
  <trkpt lat="13.80242061" lon="100.32467402"><ele>-30.753</ele><time>2025-01-19T03:22:46Z</time><speed>0.000</speed><sat>15</sat></trkpt>
  <trkpt lat="13.80242061" lon="100.32467402"><ele>-30.515</ele><time>2025-01-19T03:22:48Z</time><speed>0.000</speed><sat>16</sat></trkpt>
  <trkpt lat="13.80242061" lon="100.32467402"><ele>-30.450</ele><time>2025-01-19T03:22:49Z</time><speed>0.000</speed><sat>16</sat></trkpt>
  <trkpt lat="13.80242061" lon="100.32467402"><ele>-30.631</ele><time>2025-01-19T03:22:50Z</time><speed>0.000</speed><sat>17</sat></trkpt>
  <trkpt lat="13.80242061" lon="100.32467402"><ele>-30.714</ele><time>2025-01-19T03:22:51Z</time><speed>0.000</speed><sat>16</sat></trkpt>
  <trkpt lat="13.80242061" lon="100.32467402"><ele>-29.818</ele><time>2025-01-19T03:22:52Z</time><speed>0.000</speed><sat>17</sat></trkpt>
  <trkpt lat="13.80242061" lon="100.32467402"><ele>-30.007</ele><time>2025-01-19T03:22:53Z</time><speed>0.000</speed><sat>17</sat></trkpt>
  <trkpt lat="13.80242061" lon="100.32467402"><ele>-29.935</ele><time>2025-01-19T03:22:54Z</time><speed>0.000</speed><sat>19</sat></trkpt>
  <trkpt lat="13.80242061" lon="100.32467402"><ele>-29.809</ele><time>2025-01-19T03:22:55Z</time><speed>0.000</speed><sat>19</sat></trkpt>
  <trkpt lat="13.80242061" lon="100.32467402"><ele>-29.993</ele><time>2025-01-19T03:22:56Z</time><speed>0.000</speed><sat>16</sat></trkpt>
  <trkpt lat="13.80242061" lon="100.32467402"><ele>-29.602</ele><time>2025-01-19T03:22:57Z</time><speed>0.000</speed><sat>16</sat></trkpt>
  <trkpt lat="13.80242061" lon="100.32467402"><ele>-29.795</ele><time>2025-01-19T03:22:58Z</time><speed>0.000</speed><sat>16</sat></trkpt>
  <trkpt lat="13.80242061" lon="100.32467402"><ele>-29.194</ele><time>2025-01-19T03:22:59Z</time><speed>0.000</speed><sat>16</sat></trkpt>
  <trkpt lat="13.80242061" lon="100.32467402"><ele>-28.827</ele><time>2025-01-19T03:23:00Z</time><speed>0.000</speed><sat>16</sat></trkpt>
  <trkpt lat="13.80242061" lon="100.32467402"><ele>-28.468</ele><time>2025-01-19T03:23:01Z</time><speed>0.000</speed><sat>16</sat></trkpt>
  <trkpt lat="13.80242061" lon="100.32467402"><ele>-28.218</ele><time>2025-01-19T03:23:02Z</time><speed>0.000</speed><sat>16</sat></trkpt>
  <trkpt lat="13.80242061" lon="100.32467402"><ele>-27.965</ele><time>2025-01-19T03:23:03Z</time><speed>0.000</speed><sat>17</sat></trkpt>
  <trkpt lat="13.80242061" lon="100.32467402"><ele>-27.775</ele><time>2025-01-19T03:23:04Z</time><speed>0.000</speed><sat>17</sat></trkpt>
  <trkpt lat="13.80242061" lon="100.32467402"><ele>-27.623</ele><time>2025-01-19T03:23:05Z</time><speed>0.000</speed><sat>16</sat></trkpt>
  <trkpt lat="13.80242061" lon="100.32467402"><ele>-27.671</ele><time>2025-01-19T03:23:06Z</time><speed>0.000</speed><sat>16</sat></trkpt>
  <trkpt lat="13.80242061" lon="100.32467402"><ele>-27.486</ele><time>2025-01-19T03:23:07Z</time><speed>0.000</speed><sat>15</sat></trkpt>
  <trkpt lat="13.80242061" lon="100.32467402"><ele>-27.378</ele><time>2025-01-19T03:23:08Z</time><speed>0.000</speed><sat>14</sat></trkpt>
  <trkpt lat="13.80242061" lon="100.32467402"><ele>-27.212</ele><time>2025-01-19T03:23:09Z</time><speed>0.000</speed><sat>16</sat></trkpt>
  <trkpt lat="13.80242061" lon="100.32467402"><ele>-27.024</ele><time>2025-01-19T03:23:10Z</time><speed>0.000</speed><sat>16</sat></trkpt>
  <trkpt lat="13.80242061" lon="100.32467402"><ele>-26.946</ele><time>2025-01-19T03:23:11Z</time><speed>0.000</speed><sat>18</sat></trkpt>
  <trkpt lat="13.80242061" lon="100.32467402"><ele>-26.819</ele><time>2025-01-19T03:23:12Z</time><speed>0.000</speed><sat>17</sat></trkpt>
  <trkpt lat="13.80242061" lon="100.32467402"><ele>-26.733</ele><time>2025-01-19T03:23:13Z</time><speed>0.000</speed><sat>16</sat></trkpt>
  <trkpt lat="13.80242061" lon="100.32467402"><ele>-26.853</ele><time>2025-01-19T03:23:14Z</time><speed>0.000</speed><sat>14</sat></trkpt>
  <trkpt lat="13.80242061" lon="100.32467402"><ele>-26.933</ele><time>2025-01-19T03:23:15Z</time><speed>0.000</speed><sat>15</sat></trkpt>
  <trkpt lat="13.80242061" lon="100.32467402"><ele>-26.937</ele><time>2025-01-19T03:23:16Z</time><speed>0.000</speed><sat>16</sat></trkpt>
  <trkpt lat="13.80242061" lon="100.32467402"><ele>-26.942</ele><time>2025-01-19T03:23:17Z</time><speed>0.000</speed><sat>16</sat></trkpt>
  <trkpt lat="13.80242061" lon="100.32467402"><ele>-26.918</ele><time>2025-01-19T03:23:18Z</time><speed>0.000</speed><sat>17</sat></trkpt>
  <trkpt lat="13.80242061" lon="100.32467402"><ele>-26.781</ele><time>2025-01-19T03:23:19Z</time><speed>0.000</speed><sat>16</sat></trkpt>
  <trkpt lat="13.80242061" lon="100.32467402"><ele>-26.516</ele><time>2025-01-19T03:23:21Z</time><speed>0.000</speed><sat>16</sat></trkpt>
  <trkpt lat="13.80242061" lon="100.32467402"><ele>-26.483</ele><time>2025-01-19T03:23:22Z</time><speed>0.000</speed><sat>18</sat></trkpt>
  <trkpt lat="13.80242061" lon="100.32467402"><ele>-26.415</ele><time>2025-01-19T03:23:23Z</time><speed>0.000</speed><sat>18</sat></trkpt>
  <trkpt lat="13.80242061" lon="100.32467402"><ele>-26.328</ele><time>2025-01-19T03:23:24Z</time><speed>0.000</speed><sat>18</sat></trkpt>
  <trkpt lat="13.80242061" lon="100.32467402"><ele>-26.794</ele><time>2025-01-19T03:23:25Z</time><speed>0.000</speed><sat>17</sat></trkpt>
  <trkpt lat="13.80242061" lon="100.32467402"><ele>-26.863</ele><time>2025-01-19T03:23:26Z</time><speed>0.000</speed><sat>17</sat></trkpt>
  <trkpt lat="13.80242061" lon="100.32467402"><ele>-26.690</ele><time>2025-01-19T03:23:27Z</time><speed>0.000</speed><sat>18</sat></trkpt>
  <trkpt lat="13.80242061" lon="100.32467402"><ele>-26.722</ele><time>2025-01-19T03:23:28Z</time><speed>0.000</speed><sat>18</sat></trkpt>
  <trkpt lat="13.80242061" lon="100.32467402"><ele>-26.787</ele><time>2025-01-19T03:23:29Z</time><speed>0.000</speed><sat>18</sat></trkpt>
  <trkpt lat="13.80242061" lon="100.32467402"><ele>-26.831</ele><time>2025-01-19T03:23:30Z</time><speed>0.000</speed><sat>18</sat></trkpt>
  <trkpt lat="13.80242061" lon="100.32467402"><ele>-26.712</ele><time>2025-01-19T03:23:31Z</time><speed>0.000</speed><sat>18</sat></trkpt>
  <trkpt lat="13.80242061" lon="100.32467402"><ele>-26.597</ele><time>2025-01-19T03:23:33Z</time><speed>0.000</speed><sat>18</sat></trkpt>
  <trkpt lat="13.80242061" lon="100.32467402"><ele>-26.506</ele><time>2025-01-19T03:23:34Z</time><speed>0.000</speed><sat>17</sat></trkpt>
  <trkpt lat="13.80242061" lon="100.32467402"><ele>-26.411</ele><time>2025-01-19T03:23:35Z</time><speed>0.000</speed><sat>17</sat></trkpt>
  <trkpt lat="13.80242061" lon="100.32467402"><ele>-26.297</ele><time>2025-01-19T03:23:36Z</time><speed>0.000</speed><sat>15</sat></trkpt>
  <trkpt lat="13.80242061" lon="100.32467402"><ele>-26.054</ele><time>2025-01-19T03:23:37Z</time><speed>0.000</speed><sat>15</sat></trkpt>
  <trkpt lat="13.80242061" lon="100.32467402"><ele>-25.984</ele><time>2025-01-19T03:23:38Z</time><speed>0.000</speed><sat>15</sat></trkpt>
  <trkpt lat="13.80242061" lon="100.32467402"><ele>-25.740</ele><time>2025-01-19T03:23:39Z</time><speed>0.000</speed><sat>15</sat></trkpt>
  <trkpt lat="13.80242061" lon="100.32467402"><ele>-25.468</ele><time>2025-01-19T03:23:40Z</time><speed>0.000</speed><sat>15</sat></trkpt>
  <trkpt lat="13.80242061" lon="100.32467402"><ele>-25.355</ele><time>2025-01-19T03:23:41Z</time><speed>0.000</speed><sat>15</sat></trkpt>
  <trkpt lat="13.80242061" lon="100.32467402"><ele>-24.932</ele><time>2025-01-19T03:23:42Z</time><speed>0.000</speed><sat>13</sat></trkpt>
  <trkpt lat="13.80242061" lon="100.32467402"><ele>-24.615</ele><time>2025-01-19T03:23:43Z</time><speed>0.000</speed><sat>13</sat></trkpt>
  <trkpt lat="13.80242061" lon="100.32467402"><ele>-24.379</ele><time>2025-01-19T03:23:44Z</time><speed>0.000</speed><sat>14</sat></trkpt>
  <trkpt lat="13.80242061" lon="100.32467402"><ele>-24.155</ele><time>2025-01-19T03:23:45Z</time><speed>0.000</speed><sat>15</sat></trkpt>
  <trkpt lat="13.80242061" lon="100.32467402"><ele>-23.979</ele><time>2025-01-19T03:23:46Z</time><speed>0.000</speed><sat>14</sat></trkpt>
  <trkpt lat="13.80242061" lon="100.32467402"><ele>-23.810</ele><time>2025-01-19T03:23:47Z</time><speed>0.000</speed><sat>13</sat></trkpt>
  <trkpt lat="13.80242061" lon="100.32467402"><ele>-23.713</ele><time>2025-01-19T03:23:48Z</time><speed>0.000</speed><sat>15</sat></trkpt>
  <trkpt lat="13.80242061" lon="100.32467402"><ele>-23.621</ele><time>2025-01-19T03:23:49Z</time><speed>0.000</speed><sat>15</sat></trkpt>
  <trkpt lat="13.80242061" lon="100.32467402"><ele>-23.445</ele><time>2025-01-19T03:23:50Z</time><speed>0.000</speed><sat>16</sat></trkpt>
  <trkpt lat="13.80242061" lon="100.32467402"><ele>-23.275</ele><time>2025-01-19T03:23:51Z</time><speed>0.000</speed><sat>18</sat></trkpt>
  <trkpt lat="13.80242061" lon="100.32467402"><ele>-23.065</ele><time>2025-01-19T03:23:52Z</time><speed>0.000</speed><sat>14</sat></trkpt>
  <trkpt lat="13.80242061" lon="100.32467402"><ele>-22.884</ele><time>2025-01-19T03:23:53Z</time><speed>0.000</speed><sat>14</sat></trkpt>
  <trkpt lat="13.80242061" lon="100.32467402"><ele>-22.638</ele><time>2025-01-19T03:23:54Z</time><speed>0.000</speed><sat>16</sat></trkpt>
  <trkpt lat="13.80242061" lon="100.32467402"><ele>-22.459</ele><time>2025-01-19T03:23:55Z</time><speed>0.000</speed><sat>17</sat></trkpt>
  <trkpt lat="13.80242061" lon="100.32467402"><ele>-22.343</ele><time>2025-01-19T03:23:56Z</time><speed>0.000</speed><sat>15</sat></trkpt>
  <trkpt lat="13.80242061" lon="100.32467402"><ele>-22.292</ele><time>2025-01-19T03:23:57Z</time><speed>0.000</speed><sat>16</sat></trkpt>
  <trkpt lat="13.80242061" lon="100.32467402"><ele>-22.297</ele><time>2025-01-19T03:23:58Z</time><speed>0.000</speed><sat>16</sat></trkpt>
  <trkpt lat="13.80242061" lon="100.32467402"><ele>-22.204</ele><time>2025-01-19T03:23:59Z</time><speed>0.000</speed><sat>16</sat></trkpt>
  <trkpt lat="13.80242061" lon="100.32467402"><ele>-22.189</ele><time>2025-01-19T03:24:00Z</time><speed>0.000</speed><sat>16</sat></trkpt>
  <trkpt lat="13.80242061" lon="100.32467402"><ele>-22.190</ele><time>2025-01-19T03:24:01Z</time><speed>0.000</speed><sat>16</sat></trkpt>
  <trkpt lat="13.80242061" lon="100.32467402"><ele>-22.223</ele><time>2025-01-19T03:24:02Z</time><speed>0.000</speed><sat>14</sat></trkpt>
  <trkpt lat="13.80242061" lon="100.32467402"><ele>-22.210</ele><time>2025-01-19T03:24:03Z</time><speed>0.000</speed><sat>16</sat></trkpt>
  <trkpt lat="13.80242061" lon="100.32467402"><ele>-22.245</ele><time>2025-01-19T03:24:04Z</time><speed>0.000</speed><sat>15</sat></trkpt>
  <trkpt lat="13.80242061" lon="100.32467402"><ele>-22.282</ele><time>2025-01-19T03:24:05Z</time><speed>0.000</speed><sat>15</sat></trkpt>
  <trkpt lat="13.80242061" lon="100.32467402"><ele>-22.247</ele><time>2025-01-19T03:24:06Z</time><speed>0.000</speed><sat>15</sat></trkpt>
  <trkpt lat="13.80242061" lon="100.32467402"><ele>-22.200</ele><time>2025-01-19T03:24:07Z</time><speed>0.000</speed><sat>16</sat></trkpt>
  <trkpt lat="13.80242061" lon="100.32467402"><ele>-22.135</ele><time>2025-01-19T03:24:08Z</time><speed>0.000</speed><sat>15</sat></trkpt>
  <trkpt lat="13.80242061" lon="100.32467402"><ele>-22.197</ele><time>2025-01-19T03:24:09Z</time><speed>0.000</speed><sat>14</sat></trkpt>
  <trkpt lat="13.80242061" lon="100.32467402"><ele>-22.290</ele><time>2025-01-19T03:24:10Z</time><speed>0.000</speed><sat>14</sat></trkpt>
  <trkpt lat="13.80242061" lon="100.32467402"><ele>-22.439</ele><time>2025-01-19T03:24:11Z</time><speed>0.000</speed><sat>13</sat></trkpt>
  <trkpt lat="13.80242061" lon="100.32467402"><ele>-22.701</ele><time>2025-01-19T03:24:12Z</time><speed>0.000</speed><sat>13</sat></trkpt>
  <trkpt lat="13.80242061" lon="100.32467402"><ele>-22.903</ele><time>2025-01-19T03:24:13Z</time><speed>0.000</speed><sat>13</sat></trkpt>
  <trkpt lat="13.80242061" lon="100.32467402"><ele>-23.074</ele><time>2025-01-19T03:24:14Z</time><speed>0.000</speed><sat>14</sat></trkpt>
  <trkpt lat="13.80242061" lon="100.32467402"><ele>-23.285</ele><time>2025-01-19T03:24:15Z</time><speed>0.000</speed><sat>14</sat></trkpt>
  <trkpt lat="13.80242061" lon="100.32467402"><ele>-23.476</ele><time>2025-01-19T03:24:16Z</time><speed>0.000</speed><sat>15</sat></trkpt>
  <trkpt lat="13.80242061" lon="100.32467402"><ele>-23.702</ele><time>2025-01-19T03:24:17Z</time><speed>0.000</speed><sat>14</sat></trkpt>
  <trkpt lat="13.80242061" lon="100.32467402"><ele>-23.862</ele><time>2025-01-19T03:24:18Z</time><speed>0.000</speed><sat>14</sat></trkpt>
  <trkpt lat="13.80242061" lon="100.32467402"><ele>-23.924</ele><time>2025-01-19T03:24:19Z</time><speed>0.000</speed><sat>14</sat></trkpt>
  <trkpt lat="13.80242061" lon="100.32467402"><ele>-24.146</ele><time>2025-01-19T03:24:20Z</time><speed>0.000</speed><sat>14</sat></trkpt>
  <trkpt lat="13.80242061" lon="100.32467402"><ele>-24.258</ele><time>2025-01-19T03:24:21Z</time><speed>0.000</speed><sat>13</sat></trkpt>
  <trkpt lat="13.80242061" lon="100.32467402"><ele>-24.398</ele><time>2025-01-19T03:24:22Z</time><speed>0.000</speed><sat>14</sat></trkpt>
  <trkpt lat="13.80242061" lon="100.32467402"><ele>-24.474</ele><time>2025-01-19T03:24:23Z</time><speed>0.000</speed><sat>15</sat></trkpt>
  <trkpt lat="13.80242061" lon="100.32467402"><ele>-24.573</ele><time>2025-01-19T03:24:24Z</time><speed>0.000</speed><sat>15</sat></trkpt>
  <trkpt lat="13.80242061" lon="100.32467402"><ele>-24.633</ele><time>2025-01-19T03:24:25Z</time><speed>0.000</speed><sat>15</sat></trkpt>
  <trkpt lat="13.80243354" lon="100.32470091"><ele>-24.823</ele><time>2025-01-19T03:24:26Z</time><speed>0.363</speed><sat>13</sat></trkpt>
  <trkpt lat="13.80243358" lon="100.32470069"><ele>-24.804</ele><time>2025-01-19T03:24:27Z</time><speed>0.000</speed><sat>12</sat></trkpt>
  <trkpt lat="13.80243694" lon="100.32468513"><ele>-24.682</ele><time>2025-01-19T03:24:28Z</time><speed>1.088</speed><sat>11</sat></trkpt>
  <trkpt lat="13.80243322" lon="100.32464665"><ele>-25.051</ele><time>2025-01-19T03:24:29Z</time><speed>2.498</speed><sat>12</sat></trkpt>
  <trkpt lat="13.80243753" lon="100.32459471"><ele>-25.348</ele><time>2025-01-19T03:24:30Z</time><speed>3.357</speed><sat>12</sat></trkpt>
  <trkpt lat="13.80244090" lon="100.32454769"><ele>-25.697</ele><time>2025-01-19T03:24:31Z</time><speed>3.731</speed><sat>11</sat></trkpt>
  <trkpt lat="13.80243850" lon="100.32449199"><ele>-25.997</ele><time>2025-01-19T03:24:32Z</time><speed>3.972</speed><sat>12</sat></trkpt>
  <trkpt lat="13.80243621" lon="100.32443315"><ele>-26.455</ele><time>2025-01-19T03:24:33Z</time><speed>4.290</speed><sat>12</sat></trkpt>
  <trkpt lat="13.80243794" lon="100.32437016"><ele>-26.866</ele><time>2025-01-19T03:24:34Z</time><speed>4.440</speed><sat>12</sat></trkpt>
  <trkpt lat="13.80244314" lon="100.32431008"><ele>-26.690</ele><time>2025-01-19T03:24:35Z</time><speed>4.778</speed><sat>12</sat></trkpt>
  <trkpt lat="13.80244434" lon="100.32424401"><ele>-26.361</ele><time>2025-01-19T03:24:36Z</time><speed>4.898</speed><sat>14</sat></trkpt>
  <trkpt lat="13.80244719" lon="100.32418045"><ele>-26.094</ele><time>2025-01-19T03:24:37Z</time><speed>4.943</speed><sat>14</sat></trkpt>
  <trkpt lat="13.80244817" lon="100.32411974"><ele>-25.879</ele><time>2025-01-19T03:24:38Z</time><speed>5.168</speed><sat>15</sat></trkpt>
  <trkpt lat="13.80245168" lon="100.32406635"><ele>-25.745</ele><time>2025-01-19T03:24:39Z</time><speed>5.328</speed><sat>16</sat></trkpt>
  <trkpt lat="13.80245476" lon="100.32401002"><ele>-25.803</ele><time>2025-01-19T03:24:40Z</time><speed>5.394</speed><sat>14</sat></trkpt>
  <trkpt lat="13.80245964" lon="100.32395557"><ele>-25.834</ele><time>2025-01-19T03:24:41Z</time><speed>5.412</speed><sat>12</sat></trkpt>
  <trkpt lat="13.80245938" lon="100.32389791"><ele>-25.313</ele><time>2025-01-19T03:24:42Z</time><speed>5.599</speed><sat>13</sat></trkpt>
  <trkpt lat="13.80246048" lon="100.32383914"><ele>-24.457</ele><time>2025-01-19T03:24:43Z</time><speed>5.721</speed><sat>13</sat></trkpt>
  <trkpt lat="13.80246131" lon="100.32377351"><ele>-24.749</ele><time>2025-01-19T03:24:44Z</time><speed>5.922</speed><sat>12</sat></trkpt>
  <trkpt lat="13.80246135" lon="100.32370258"><ele>-25.186</ele><time>2025-01-19T03:24:45Z</time><speed>5.896</speed><sat>14</sat></trkpt>
  <trkpt lat="13.80246460" lon="100.32363812"><ele>-25.009</ele><time>2025-01-19T03:24:46Z</time><speed>6.100</speed><sat>15</sat></trkpt>
  <trkpt lat="13.80246458" lon="100.32358861"><ele>-24.388</ele><time>2025-01-19T03:24:47Z</time><speed>6.034</speed><sat>16</sat></trkpt>
  <trkpt lat="13.80247090" lon="100.32352461"><ele>-24.195</ele><time>2025-01-19T03:24:48Z</time><speed>6.093</speed><sat>17</sat></trkpt>
  <trkpt lat="13.80247425" lon="100.32347245"><ele>-23.780</ele><time>2025-01-19T03:24:49Z</time><speed>6.123</speed><sat>17</sat></trkpt>
  <trkpt lat="13.80247838" lon="100.32341900"><ele>-23.995</ele><time>2025-01-19T03:24:50Z</time><speed>6.341</speed><sat>15</sat></trkpt>
  <trkpt lat="13.80248459" lon="100.32335640"><ele>-24.046</ele><time>2025-01-19T03:24:51Z</time><speed>6.516</speed><sat>15</sat></trkpt>
  <trkpt lat="13.80248953" lon="100.32328640"><ele>-23.790</ele><time>2025-01-19T03:24:52Z</time><speed>6.807</speed><sat>14</sat></trkpt>
  <trkpt lat="13.80249689" lon="100.32321716"><ele>-23.004</ele><time>2025-01-19T03:24:53Z</time><speed>7.075</speed><sat>12</sat></trkpt>
  <trkpt lat="13.80249615" lon="100.32314818"><ele>-23.436</ele><time>2025-01-19T03:24:54Z</time><speed>7.227</speed><sat>12</sat></trkpt>
  <trkpt lat="13.80249726" lon="100.32307708"><ele>-23.973</ele><time>2025-01-19T03:24:55Z</time><speed>7.392</speed><sat>12</sat></trkpt>
  <trkpt lat="13.80249940" lon="100.32300192"><ele>-24.370</ele><time>2025-01-19T03:24:56Z</time><speed>7.687</speed><sat>13</sat></trkpt>
  <trkpt lat="13.80250172" lon="100.32292702"><ele>-24.193</ele><time>2025-01-19T03:24:57Z</time><speed>7.953</speed><sat>13</sat></trkpt>
  <trkpt lat="13.80249970" lon="100.32275923"><ele>-23.925</ele><time>2025-01-19T03:24:59Z</time><speed>8.707</speed><sat>10</sat></trkpt>
  <trkpt lat="13.80250324" lon="100.32267155"><ele>-24.469</ele><time>2025-01-19T03:25:00Z</time><speed>9.108</speed><sat>10</sat></trkpt>
  <trkpt lat="13.80250706" lon="100.32257998"><ele>-24.889</ele><time>2025-01-19T03:25:01Z</time><speed>9.496</speed><sat>11</sat></trkpt>
  <trkpt lat="13.80251171" lon="100.32248535"><ele>-25.347</ele><time>2025-01-19T03:25:02Z</time><speed>9.887</speed><sat>11</sat></trkpt>
  <trkpt lat="13.80251795" lon="100.32238827"><ele>-25.622</ele><time>2025-01-19T03:25:03Z</time><speed>10.239</speed><sat>11</sat></trkpt>
  <trkpt lat="13.80252139" lon="100.32228921"><ele>-25.857</ele><time>2025-01-19T03:25:04Z</time><speed>10.548</speed><sat>11</sat></trkpt>
  <trkpt lat="13.80252713" lon="100.32219180"><ele>-25.748</ele><time>2025-01-19T03:25:05Z</time><speed>10.807</speed><sat>11</sat></trkpt>
  <trkpt lat="13.80253236" lon="100.32209071"><ele>-25.889</ele><time>2025-01-19T03:25:06Z</time><speed>11.078</speed><sat>8</sat></trkpt>
  <trkpt lat="13.80253659" lon="100.32198971"><ele>-26.348</ele><time>2025-01-19T03:25:07Z</time><speed>11.286</speed><sat>12</sat></trkpt>
  <trkpt lat="13.80254156" lon="100.32188458"><ele>-27.133</ele><time>2025-01-19T03:25:08Z</time><speed>11.549</speed><sat>12</sat></trkpt>
  <trkpt lat="13.80254699" lon="100.32177772"><ele>-27.942</ele><time>2025-01-19T03:25:09Z</time><speed>11.743</speed><sat>13</sat></trkpt>
  <trkpt lat="13.80254938" lon="100.32167164"><ele>-28.725</ele><time>2025-01-19T03:25:10Z</time><speed>11.867</speed><sat>12</sat></trkpt>
  <trkpt lat="13.80255208" lon="100.32155821"><ele>-29.337</ele><time>2025-01-19T03:25:11Z</time><speed>12.088</speed><sat>12</sat></trkpt>
  <trkpt lat="13.80255692" lon="100.32143968"><ele>-30.124</ele><time>2025-01-19T03:25:12Z</time><speed>12.255</speed><sat>11</sat></trkpt>
  <trkpt lat="13.80256037" lon="100.32132267"><ele>-30.964</ele><time>2025-01-19T03:25:13Z</time><speed>12.423</speed><sat>10</sat></trkpt>
  <trkpt lat="13.80256446" lon="100.32120230"><ele>-31.334</ele><time>2025-01-19T03:25:14Z</time><speed>12.616</speed><sat>9</sat></trkpt>
  <trkpt lat="13.80256977" lon="100.32108382"><ele>-31.806</ele><time>2025-01-19T03:25:15Z</time><speed>12.788</speed><sat>9</sat></trkpt>
  <trkpt lat="13.80257252" lon="100.32096210"><ele>-31.689</ele><time>2025-01-19T03:25:16Z</time><speed>13.006</speed><sat>12</sat></trkpt>
  <trkpt lat="13.80257750" lon="100.32083562"><ele>-31.079</ele><time>2025-01-19T03:25:17Z</time><speed>13.256</speed><sat>11</sat></trkpt>
  <trkpt lat="13.80258567" lon="100.32070633"><ele>-29.473</ele><time>2025-01-19T03:25:18Z</time><speed>13.527</speed><sat>12</sat></trkpt>
  <trkpt lat="13.80259246" lon="100.32057749"><ele>-28.932</ele><time>2025-01-19T03:25:19Z</time><speed>13.795</speed><sat>10</sat></trkpt>
  <trkpt lat="13.80259931" lon="100.32044620"><ele>-28.622</ele><time>2025-01-19T03:25:20Z</time><speed>14.058</speed><sat>13</sat></trkpt>
  <trkpt lat="13.80260316" lon="100.32031658"><ele>-28.239</ele><time>2025-01-19T03:25:21Z</time><speed>14.212</speed><sat>14</sat></trkpt>
  <trkpt lat="13.80260703" lon="100.32018104"><ele>-28.123</ele><time>2025-01-19T03:25:22Z</time><speed>14.418</speed><sat>14</sat></trkpt>
  <trkpt lat="13.80261380" lon="100.31990473"><ele>-26.821</ele><time>2025-01-19T03:25:24Z</time><speed>14.971</speed><sat>12</sat></trkpt>
  <trkpt lat="13.80262023" lon="100.31976381"><ele>-26.970</ele><time>2025-01-19T03:25:25Z</time><speed>15.236</speed><sat>12</sat></trkpt>
  <trkpt lat="13.80262778" lon="100.31962165"><ele>-27.235</ele><time>2025-01-19T03:25:26Z</time><speed>15.439</speed><sat>13</sat></trkpt>
  <trkpt lat="13.80262784" lon="100.31947803"><ele>-27.120</ele><time>2025-01-19T03:25:27Z</time><speed>15.666</speed><sat>13</sat></trkpt>
  <trkpt lat="13.80262961" lon="100.31933125"><ele>-27.094</ele><time>2025-01-19T03:25:28Z</time><speed>15.865</speed><sat>12</sat></trkpt>
  <trkpt lat="13.80263307" lon="100.31918381"><ele>-26.961</ele><time>2025-01-19T03:25:29Z</time><speed>16.040</speed><sat>13</sat></trkpt>
  <trkpt lat="13.80264074" lon="100.31903346"><ele>-26.868</ele><time>2025-01-19T03:25:30Z</time><speed>16.226</speed><sat>13</sat></trkpt>
  <trkpt lat="13.80264365" lon="100.31888429"><ele>-26.781</ele><time>2025-01-19T03:25:31Z</time><speed>16.373</speed><sat>12</sat></trkpt>
  <trkpt lat="13.80265012" lon="100.31872881"><ele>-26.842</ele><time>2025-01-19T03:25:32Z</time><speed>16.542</speed><sat>12</sat></trkpt>
  <trkpt lat="13.80265616" lon="100.31857365"><ele>-26.868</ele><time>2025-01-19T03:25:33Z</time><speed>16.726</speed><sat>12</sat></trkpt>
  <trkpt lat="13.80266072" lon="100.31841951"><ele>-26.420</ele><time>2025-01-19T03:25:34Z</time><speed>16.839</speed><sat>12</sat></trkpt>
  <trkpt lat="13.80266261" lon="100.31826773"><ele>-25.643</ele><time>2025-01-19T03:25:35Z</time><speed>16.916</speed><sat>13</sat></trkpt>
  <trkpt lat="13.80266692" lon="100.31811381"><ele>-25.536</ele><time>2025-01-19T03:25:36Z</time><speed>17.024</speed><sat>12</sat></trkpt>
  <trkpt lat="13.80267191" lon="100.31795649"><ele>-25.942</ele><time>2025-01-19T03:25:37Z</time><speed>17.150</speed><sat>12</sat></trkpt>
  <trkpt lat="13.80267729" lon="100.31779781"><ele>-26.400</ele><time>2025-01-19T03:25:38Z</time><speed>17.264</speed><sat>12</sat></trkpt>
  <trkpt lat="13.80268605" lon="100.31763881"><ele>-26.437</ele><time>2025-01-19T03:25:39Z</time><speed>17.399</speed><sat>10</sat></trkpt>
  <trkpt lat="13.80269209" lon="100.31747939"><ele>-26.343</ele><time>2025-01-19T03:25:40Z</time><speed>17.517</speed><sat>9</sat></trkpt>
  <trkpt lat="13.80270048" lon="100.31731768"><ele>-26.150</ele><time>2025-01-19T03:25:41Z</time><speed>17.629</speed><sat>9</sat></trkpt>
  <trkpt lat="13.80270664" lon="100.31715190"><ele>-26.152</ele><time>2025-01-19T03:25:42Z</time><speed>17.776</speed><sat>10</sat></trkpt>
  <trkpt lat="13.80271257" lon="100.31698287"><ele>-26.250</ele><time>2025-01-19T03:25:43Z</time><speed>17.937</speed><sat>10</sat></trkpt>
  <trkpt lat="13.80271738" lon="100.31681643"><ele>-26.326</ele><time>2025-01-19T03:25:44Z</time><speed>17.994</speed><sat>11</sat></trkpt>
  <trkpt lat="13.80272376" lon="100.31664984"><ele>-25.991</ele><time>2025-01-19T03:25:45Z</time><speed>18.115</speed><sat>10</sat></trkpt>
  <trkpt lat="13.80272943" lon="100.31647800"><ele>-25.795</ele><time>2025-01-19T03:25:46Z</time><speed>18.297</speed><sat>10</sat></trkpt>
  <trkpt lat="13.80273336" lon="100.31630987"><ele>-25.694</ele><time>2025-01-19T03:25:47Z</time><speed>18.382</speed><sat>9</sat></trkpt>
  <trkpt lat="13.80273431" lon="100.31613869"><ele>-25.893</ele><time>2025-01-19T03:25:48Z</time><speed>18.453</speed><sat>10</sat></trkpt>
  <trkpt lat="13.80273717" lon="100.31596295"><ele>-25.966</ele><time>2025-01-19T03:25:49Z</time><speed>18.585</speed><sat>8</sat></trkpt>
  <trkpt lat="13.80274481" lon="100.31578613"><ele>-26.166</ele><time>2025-01-19T03:25:50Z</time><speed>18.677</speed><sat>10</sat></trkpt>
  <trkpt lat="13.80275113" lon="100.31561069"><ele>-26.174</ele><time>2025-01-19T03:25:51Z</time><speed>18.739</speed><sat>10</sat></trkpt>
  <trkpt lat="13.80275872" lon="100.31543512"><ele>-26.190</ele><time>2025-01-19T03:25:52Z</time><speed>18.816</speed><sat>9</sat></trkpt>
  <trkpt lat="13.80276694" lon="100.31525896"><ele>-25.915</ele><time>2025-01-19T03:25:53Z</time><speed>18.922</speed><sat>8</sat></trkpt>
  <trkpt lat="13.80277384" lon="100.31507892"><ele>-25.940</ele><time>2025-01-19T03:25:54Z</time><speed>19.063</speed><sat>7</sat></trkpt>
  <trkpt lat="13.80278185" lon="100.31489736"><ele>-25.749</ele><time>2025-01-19T03:25:55Z</time><speed>19.224</speed><sat>8</sat></trkpt>
  <trkpt lat="13.80279224" lon="100.31472082"><ele>-25.319</ele><time>2025-01-19T03:25:56Z</time><speed>19.274</speed><sat>8</sat></trkpt>
  <trkpt lat="13.80280145" lon="100.31453963"><ele>-25.150</ele><time>2025-01-19T03:25:57Z</time><speed>19.404</speed><sat>8</sat></trkpt>
  <trkpt lat="13.80281030" lon="100.31435615"><ele>-24.961</ele><time>2025-01-19T03:25:58Z</time><speed>19.577</speed><sat>8</sat></trkpt>
  <trkpt lat="13.80281828" lon="100.31416974"><ele>-24.932</ele><time>2025-01-19T03:25:59Z</time><speed>19.766</speed><sat>8</sat></trkpt>
  <trkpt lat="13.80282822" lon="100.31397935"><ele>-24.734</ele><time>2025-01-19T03:26:00Z</time><speed>19.937</speed><sat>8</sat></trkpt>
  <trkpt lat="13.80283726" lon="100.31379010"><ele>-23.904</ele><time>2025-01-19T03:26:01Z</time><speed>20.073</speed><sat>6</sat></trkpt>
  <trkpt lat="13.80284683" lon="100.31360825"><ele>-22.840</ele><time>2025-01-19T03:26:02Z</time><speed>20.164</speed><sat>6</sat></trkpt>
  <trkpt lat="13.80284728" lon="100.31341313"><ele>-22.521</ele><time>2025-01-19T03:26:03Z</time><speed>20.364</speed><sat>7</sat></trkpt>
  <trkpt lat="13.80285340" lon="100.31321838"><ele>-22.701</ele><time>2025-01-19T03:26:04Z</time><speed>20.560</speed><sat>8</sat></trkpt>
  <trkpt lat="13.80286232" lon="100.31302757"><ele>-22.924</ele><time>2025-01-19T03:26:05Z</time><speed>20.681</speed><sat>7</sat></trkpt>
  <trkpt lat="13.80287569" lon="100.31283718"><ele>-21.949</ele><time>2025-01-19T03:26:06Z</time><speed>20.781</speed><sat>7</sat></trkpt>
  <trkpt lat="13.80288086" lon="100.31264663"><ele>-21.267</ele><time>2025-01-19T03:26:07Z</time><speed>20.930</speed><sat>9</sat></trkpt>
  <trkpt lat="13.80288269" lon="100.31245350"><ele>-21.570</ele><time>2025-01-19T03:26:08Z</time><speed>21.036</speed><sat>9</sat></trkpt>
  <trkpt lat="13.80288682" lon="100.31225856"><ele>-22.126</ele><time>2025-01-19T03:26:09Z</time><speed>21.089</speed><sat>7</sat></trkpt>
  <trkpt lat="13.80289287" lon="100.31206328"><ele>-22.506</ele><time>2025-01-19T03:26:10Z</time><speed>21.111</speed><sat>9</sat></trkpt>
  <trkpt lat="13.80289895" lon="100.31186883"><ele>-22.725</ele><time>2025-01-19T03:26:11Z</time><speed>21.134</speed><sat>9</sat></trkpt>
  <trkpt lat="13.80290529" lon="100.31167555"><ele>-23.104</ele><time>2025-01-19T03:26:12Z</time><speed>21.146</speed><sat>7</sat></trkpt>
  <trkpt lat="13.80291606" lon="100.31147821"><ele>-22.690</ele><time>2025-01-19T03:26:13Z</time><speed>21.218</speed><sat>5</sat></trkpt>
  <trkpt lat="13.80292984" lon="100.31127811"><ele>-21.833</ele><time>2025-01-19T03:26:14Z</time><speed>21.340</speed><sat>6</sat></trkpt>
  <trkpt lat="13.80294777" lon="100.31107866"><ele>-20.902</ele><time>2025-01-19T03:26:15Z</time><speed>21.443</speed><sat>7</sat></trkpt>
  <trkpt lat="13.80296989" lon="100.31087544"><ele>-20.466</ele><time>2025-01-19T03:26:16Z</time><speed>21.650</speed><sat>7</sat></trkpt>
  <trkpt lat="13.80299173" lon="100.31066994"><ele>-19.607</ele><time>2025-01-19T03:26:17Z</time><speed>21.905</speed><sat>6</sat></trkpt>
  <trkpt lat="13.80301590" lon="100.31046679"><ele>-19.263</ele><time>2025-01-19T03:26:18Z</time><speed>22.083</speed><sat>7</sat></trkpt>
  <trkpt lat="13.80303865" lon="100.31026409"><ele>-19.575</ele><time>2025-01-19T03:26:19Z</time><speed>22.221</speed><sat>6</sat></trkpt>
  <trkpt lat="13.80306137" lon="100.31006111"><ele>-19.844</ele><time>2025-01-19T03:26:20Z</time><speed>22.308</speed><sat>7</sat></trkpt>
  <trkpt lat="13.80308318" lon="100.30985979"><ele>-19.387</ele><time>2025-01-19T03:26:21Z</time><speed>22.378</speed><sat>6</sat></trkpt>
  <trkpt lat="13.80310516" lon="100.30965654"><ele>-20.177</ele><time>2025-01-19T03:26:22Z</time><speed>22.412</speed><sat>7</sat></trkpt>
  <trkpt lat="13.80312387" lon="100.30945211"><ele>-20.985</ele><time>2025-01-19T03:26:23Z</time><speed>22.427</speed><sat>9</sat></trkpt>
  <trkpt lat="13.80314348" lon="100.30924822"><ele>-22.006</ele><time>2025-01-19T03:26:24Z</time><speed>22.436</speed><sat>7</sat></trkpt>
  <trkpt lat="13.80316604" lon="100.30904430"><ele>-22.842</ele><time>2025-01-19T03:26:25Z</time><speed>22.422</speed><sat>8</sat></trkpt>
  <trkpt lat="13.80318470" lon="100.30883766"><ele>-22.783</ele><time>2025-01-19T03:26:26Z</time><speed>22.449</speed><sat>7</sat></trkpt>
  <trkpt lat="13.80320413" lon="100.30863043"><ele>-22.864</ele><time>2025-01-19T03:26:27Z</time><speed>22.473</speed><sat>8</sat></trkpt>
  <trkpt lat="13.80322617" lon="100.30842351"><ele>-22.855</ele><time>2025-01-19T03:26:28Z</time><speed>22.510</speed><sat>7</sat></trkpt>
  <trkpt lat="13.80324552" lon="100.30821884"><ele>-22.197</ele><time>2025-01-19T03:26:29Z</time><speed>22.508</speed><sat>8</sat></trkpt>
  <trkpt lat="13.80326324" lon="100.30801109"><ele>-22.753</ele><time>2025-01-19T03:26:30Z</time><speed>22.533</speed><sat>9</sat></trkpt>
  <trkpt lat="13.80328486" lon="100.30780638"><ele>-23.149</ele><time>2025-01-19T03:26:31Z</time><speed>22.536</speed><sat>9</sat></trkpt>
  <trkpt lat="13.80330293" lon="100.30759949"><ele>-22.604</ele><time>2025-01-19T03:26:32Z</time><speed>22.553</speed><sat>9</sat></trkpt>
  <trkpt lat="13.80332105" lon="100.30739203"><ele>-21.534</ele><time>2025-01-19T03:26:33Z</time><speed>22.545</speed><sat>10</sat></trkpt>
  <trkpt lat="13.80333909" lon="100.30718437"><ele>-20.709</ele><time>2025-01-19T03:26:34Z</time><speed>22.569</speed><sat>10</sat></trkpt>
  <trkpt lat="13.80335593" lon="100.30697611"><ele>-20.232</ele><time>2025-01-19T03:26:35Z</time><speed>22.603</speed><sat>10</sat></trkpt>
  <trkpt lat="13.80337423" lon="100.30676539"><ele>-19.452</ele><time>2025-01-19T03:26:36Z</time><speed>22.638</speed><sat>10</sat></trkpt>
  <trkpt lat="13.80339375" lon="100.30655777"><ele>-19.156</ele><time>2025-01-19T03:26:37Z</time><speed>22.663</speed><sat>9</sat></trkpt>
  <trkpt lat="13.80341210" lon="100.30634958"><ele>-19.034</ele><time>2025-01-19T03:26:38Z</time><speed>22.687</speed><sat>10</sat></trkpt>
  <trkpt lat="13.80343570" lon="100.30614151"><ele>-18.969</ele><time>2025-01-19T03:26:39Z</time><speed>22.704</speed><sat>9</sat></trkpt>
  <trkpt lat="13.80345635" lon="100.30593013"><ele>-18.937</ele><time>2025-01-19T03:26:40Z</time><speed>22.755</speed><sat>9</sat></trkpt>
  <trkpt lat="13.80347744" lon="100.30572050"><ele>-18.841</ele><time>2025-01-19T03:26:41Z</time><speed>22.787</speed><sat>10</sat></trkpt>
  <trkpt lat="13.80349848" lon="100.30550866"><ele>-18.756</ele><time>2025-01-19T03:26:42Z</time><speed>22.899</speed><sat>9</sat></trkpt>
  <trkpt lat="13.80351836" lon="100.30529745"><ele>-18.618</ele><time>2025-01-19T03:26:43Z</time><speed>22.976</speed><sat>9</sat></trkpt>
  <trkpt lat="13.80353787" lon="100.30508627"><ele>-18.393</ele><time>2025-01-19T03:26:44Z</time><speed>23.034</speed><sat>8</sat></trkpt>
  <trkpt lat="13.80355933" lon="100.30487194"><ele>-18.824</ele><time>2025-01-19T03:26:45Z</time><speed>23.100</speed><sat>10</sat></trkpt>
  <trkpt lat="13.80358210" lon="100.30465762"><ele>-21.147</ele><time>2025-01-19T03:26:46Z</time><speed>23.174</speed><sat>9</sat></trkpt>
  <trkpt lat="13.80359983" lon="100.30444483"><ele>-20.927</ele><time>2025-01-19T03:26:47Z</time><speed>23.209</speed><sat>9</sat></trkpt>
  <trkpt lat="13.80362184" lon="100.30422923"><ele>-21.051</ele><time>2025-01-19T03:26:48Z</time><speed>23.230</speed><sat>7</sat></trkpt>
  <trkpt lat="13.80364105" lon="100.30401297"><ele>-21.140</ele><time>2025-01-19T03:26:49Z</time><speed>23.248</speed><sat>8</sat></trkpt>
  <trkpt lat="13.80365938" lon="100.30379352"><ele>-20.960</ele><time>2025-01-19T03:26:50Z</time><speed>23.307</speed><sat>9</sat></trkpt>
  <trkpt lat="13.80367796" lon="100.30358111"><ele>-20.674</ele><time>2025-01-19T03:26:51Z</time><speed>23.237</speed><sat>9</sat></trkpt>
  <trkpt lat="13.80369925" lon="100.30336789"><ele>-20.474</ele><time>2025-01-19T03:26:52Z</time><speed>23.171</speed><sat>9</sat></trkpt>
  <trkpt lat="13.80372070" lon="100.30314813"><ele>-20.498</ele><time>2025-01-19T03:26:53Z</time><speed>23.256</speed><sat>9</sat></trkpt>
  <trkpt lat="13.80374260" lon="100.30292815"><ele>-20.279</ele><time>2025-01-19T03:26:54Z</time><speed>23.366</speed><sat>8</sat></trkpt>
  <trkpt lat="13.80376484" lon="100.30270906"><ele>-20.242</ele><time>2025-01-19T03:26:55Z</time><speed>23.424</speed><sat>9</sat></trkpt>
  <trkpt lat="13.80378772" lon="100.30248978"><ele>-20.507</ele><time>2025-01-19T03:26:56Z</time><speed>23.522</speed><sat>10</sat></trkpt>
  <trkpt lat="13.80380827" lon="100.30226887"><ele>-20.760</ele><time>2025-01-19T03:26:57Z</time><speed>23.602</speed><sat>10</sat></trkpt>
  <trkpt lat="13.80382696" lon="100.30205154"><ele>-20.652</ele><time>2025-01-19T03:26:58Z</time><speed>23.599</speed><sat>10</sat></trkpt>
  <trkpt lat="13.80384567" lon="100.30183880"><ele>-20.202</ele><time>2025-01-19T03:26:59Z</time><speed>23.521</speed><sat>10</sat></trkpt>
  <trkpt lat="13.80386591" lon="100.30162391"><ele>-19.846</ele><time>2025-01-19T03:27:00Z</time><speed>23.473</speed><sat>9</sat></trkpt>
  <trkpt lat="13.80388604" lon="100.30140795"><ele>-19.786</ele><time>2025-01-19T03:27:01Z</time><speed>23.422</speed><sat>9</sat></trkpt>
  <trkpt lat="13.80390796" lon="100.30119067"><ele>-20.204</ele><time>2025-01-19T03:27:02Z</time><speed>23.381</speed><sat>9</sat></trkpt>
  <trkpt lat="13.80392905" lon="100.30097701"><ele>-20.001</ele><time>2025-01-19T03:27:03Z</time><speed>23.312</speed><sat>9</sat></trkpt>
  <trkpt lat="13.80395216" lon="100.30076488"><ele>-19.704</ele><time>2025-01-19T03:27:04Z</time><speed>23.225</speed><sat>9</sat></trkpt>
  <trkpt lat="13.80397365" lon="100.30055327"><ele>-19.510</ele><time>2025-01-19T03:27:05Z</time><speed>23.153</speed><sat>9</sat></trkpt>
  <trkpt lat="13.80399496" lon="100.30034297"><ele>-19.327</ele><time>2025-01-19T03:27:06Z</time><speed>23.050</speed><sat>8</sat></trkpt>
  <trkpt lat="13.80401783" lon="100.30013427"><ele>-18.992</ele><time>2025-01-19T03:27:07Z</time><speed>22.946</speed><sat>8</sat></trkpt>
  <trkpt lat="13.80403902" lon="100.29992375"><ele>-18.885</ele><time>2025-01-19T03:27:08Z</time><speed>22.878</speed><sat>10</sat></trkpt>
  <trkpt lat="13.80406118" lon="100.29971397"><ele>-18.720</ele><time>2025-01-19T03:27:09Z</time><speed>22.816</speed><sat>9</sat></trkpt>
  <trkpt lat="13.80408315" lon="100.29950400"><ele>-18.712</ele><time>2025-01-19T03:27:10Z</time><speed>22.750</speed><sat>10</sat></trkpt>
  <trkpt lat="13.80410589" lon="100.29929552"><ele>-18.788</ele><time>2025-01-19T03:27:11Z</time><speed>22.667</speed><sat>9</sat></trkpt>
  <trkpt lat="13.80412860" lon="100.29908821"><ele>-18.856</ele><time>2025-01-19T03:27:12Z</time><speed>22.576</speed><sat>10</sat></trkpt>
  <trkpt lat="13.80415061" lon="100.29888119"><ele>-18.688</ele><time>2025-01-19T03:27:13Z</time><speed>22.501</speed><sat>9</sat></trkpt>
  <trkpt lat="13.80417222" lon="100.29867359"><ele>-18.914</ele><time>2025-01-19T03:27:14Z</time><speed>22.445</speed><sat>10</sat></trkpt>
  <trkpt lat="13.80419242" lon="100.29845975"><ele>-19.850</ele><time>2025-01-19T03:27:15Z</time><speed>22.459</speed><sat>9</sat></trkpt>
  <trkpt lat="13.80421059" lon="100.29825437"><ele>-20.015</ele><time>2025-01-19T03:27:16Z</time><speed>22.371</speed><sat>10</sat></trkpt>
  <trkpt lat="13.80422943" lon="100.29804882"><ele>-20.198</ele><time>2025-01-19T03:27:17Z</time><speed>22.308</speed><sat>10</sat></trkpt>
  <trkpt lat="13.80425031" lon="100.29784317"><ele>-20.099</ele><time>2025-01-19T03:27:18Z</time><speed>22.266</speed><sat>10</sat></trkpt>
  <trkpt lat="13.80427161" lon="100.29763810"><ele>-20.530</ele><time>2025-01-19T03:27:19Z</time><speed>22.202</speed><sat>10</sat></trkpt>
  <trkpt lat="13.80429068" lon="100.29743227"><ele>-21.027</ele><time>2025-01-19T03:27:20Z</time><speed>22.227</speed><sat>11</sat></trkpt>
  <trkpt lat="13.80431044" lon="100.29722627"><ele>-21.427</ele><time>2025-01-19T03:27:21Z</time><speed>22.177</speed><sat>10</sat></trkpt>
  <trkpt lat="13.80432950" lon="100.29702060"><ele>-21.353</ele><time>2025-01-19T03:27:22Z</time><speed>22.130</speed><sat>10</sat></trkpt>
  <trkpt lat="13.80434970" lon="100.29681552"><ele>-21.573</ele><time>2025-01-19T03:27:23Z</time><speed>22.091</speed><sat>9</sat></trkpt>
  <trkpt lat="13.80437086" lon="100.29661082"><ele>-21.701</ele><time>2025-01-19T03:27:24Z</time><speed>22.048</speed><sat>9</sat></trkpt>
  <trkpt lat="13.80439158" lon="100.29640599"><ele>-21.861</ele><time>2025-01-19T03:27:25Z</time><speed>21.994</speed><sat>9</sat></trkpt>
  <trkpt lat="13.80441076" lon="100.29620165"><ele>-21.896</ele><time>2025-01-19T03:27:26Z</time><speed>21.958</speed><sat>8</sat></trkpt>
  <trkpt lat="13.80443144" lon="100.29599597"><ele>-21.953</ele><time>2025-01-19T03:27:27Z</time><speed>21.983</speed><sat>7</sat></trkpt>
  <trkpt lat="13.80445012" lon="100.29579157"><ele>-21.964</ele><time>2025-01-19T03:27:28Z</time><speed>21.975</speed><sat>8</sat></trkpt>
  <trkpt lat="13.80446748" lon="100.29559108"><ele>-21.628</ele><time>2025-01-19T03:27:29Z</time><speed>21.880</speed><sat>7</sat></trkpt>
  <trkpt lat="13.80448830" lon="100.29539008"><ele>-21.501</ele><time>2025-01-19T03:27:30Z</time><speed>21.802</speed><sat>7</sat></trkpt>
  <trkpt lat="13.80450794" lon="100.29518793"><ele>-21.218</ele><time>2025-01-19T03:27:31Z</time><speed>21.749</speed><sat>6</sat></trkpt>
  <trkpt lat="13.80452807" lon="100.29498941"><ele>-21.559</ele><time>2025-01-19T03:27:32Z</time><speed>21.655</speed><sat>10</sat></trkpt>
  <trkpt lat="13.80454516" lon="100.29478697"><ele>-21.346</ele><time>2025-01-19T03:27:33Z</time><speed>21.650</speed><sat>11</sat></trkpt>
  <trkpt lat="13.80456381" lon="100.29458244"><ele>-21.348</ele><time>2025-01-19T03:27:34Z</time><speed>21.663</speed><sat>9</sat></trkpt>
  <trkpt lat="13.80458268" lon="100.29438035"><ele>-21.598</ele><time>2025-01-19T03:27:35Z</time><speed>21.680</speed><sat>10</sat></trkpt>
  <trkpt lat="13.80460207" lon="100.29418033"><ele>-21.832</ele><time>2025-01-19T03:27:36Z</time><speed>21.843</speed><sat>9</sat></trkpt>
  <trkpt lat="13.80461964" lon="100.29398420"><ele>-21.676</ele><time>2025-01-19T03:27:37Z</time><speed>21.806</speed><sat>10</sat></trkpt>
  <trkpt lat="13.80463866" lon="100.29378325"><ele>-21.718</ele><time>2025-01-19T03:27:38Z</time><speed>21.811</speed><sat>9</sat></trkpt>
  <trkpt lat="13.80465946" lon="100.29357893"><ele>-21.754</ele><time>2025-01-19T03:27:39Z</time><speed>21.877</speed><sat>8</sat></trkpt>
  <trkpt lat="13.80468098" lon="100.29337584"><ele>-21.905</ele><time>2025-01-19T03:27:40Z</time><speed>21.882</speed><sat>9</sat></trkpt>
  <trkpt lat="13.80470202" lon="100.29317263"><ele>-21.884</ele><time>2025-01-19T03:27:41Z</time><speed>21.916</speed><sat>9</sat></trkpt>
  <trkpt lat="13.80472282" lon="100.29296921"><ele>-21.779</ele><time>2025-01-19T03:27:42Z</time><speed>21.968</speed><sat>8</sat></trkpt>
  <trkpt lat="13.80474207" lon="100.29276608"><ele>-21.562</ele><time>2025-01-19T03:27:43Z</time><speed>21.993</speed><sat>8</sat></trkpt>
  <trkpt lat="13.80476194" lon="100.29256146"><ele>-21.532</ele><time>2025-01-19T03:27:44Z</time><speed>22.022</speed><sat>9</sat></trkpt>
  <trkpt lat="13.80478061" lon="100.29235517"><ele>-21.629</ele><time>2025-01-19T03:27:45Z</time><speed>22.054</speed><sat>10</sat></trkpt>
  <trkpt lat="13.80479673" lon="100.29214685"><ele>-22.023</ele><time>2025-01-19T03:27:46Z</time><speed>22.119</speed><sat>10</sat></trkpt>
  <trkpt lat="13.80481319" lon="100.29194121"><ele>-22.190</ele><time>2025-01-19T03:27:47Z</time><speed>22.159</speed><sat>9</sat></trkpt>
  <trkpt lat="13.80483118" lon="100.29173793"><ele>-22.156</ele><time>2025-01-19T03:27:48Z</time><speed>22.136</speed><sat>9</sat></trkpt>
  <trkpt lat="13.80485095" lon="100.29153630"><ele>-22.233</ele><time>2025-01-19T03:27:49Z</time><speed>22.080</speed><sat>8</sat></trkpt>
  <trkpt lat="13.80487152" lon="100.29133710"><ele>-21.976</ele><time>2025-01-19T03:27:50Z</time><speed>22.000</speed><sat>9</sat></trkpt>
  <trkpt lat="13.80489657" lon="100.29113667"><ele>-21.964</ele><time>2025-01-19T03:27:51Z</time><speed>21.938</speed><sat>9</sat></trkpt>
  <trkpt lat="13.80492043" lon="100.29093584"><ele>-21.900</ele><time>2025-01-19T03:27:52Z</time><speed>21.907</speed><sat>8</sat></trkpt>
  <trkpt lat="13.80494284" lon="100.29073531"><ele>-21.896</ele><time>2025-01-19T03:27:53Z</time><speed>21.868</speed><sat>7</sat></trkpt>
  <trkpt lat="13.80496218" lon="100.29053501"><ele>-21.955</ele><time>2025-01-19T03:27:54Z</time><speed>21.815</speed><sat>7</sat></trkpt>
  <trkpt lat="13.80498358" lon="100.29033479"><ele>-22.192</ele><time>2025-01-19T03:27:55Z</time><speed>21.766</speed><sat>7</sat></trkpt>
  <trkpt lat="13.80500253" lon="100.29013676"><ele>-22.206</ele><time>2025-01-19T03:27:56Z</time><speed>21.637</speed><sat>9</sat></trkpt>
  <trkpt lat="13.80502376" lon="100.28993792"><ele>-22.273</ele><time>2025-01-19T03:27:57Z</time><speed>21.611</speed><sat>9</sat></trkpt>
  <trkpt lat="13.80504515" lon="100.28973963"><ele>-22.341</ele><time>2025-01-19T03:27:58Z</time><speed>21.552</speed><sat>9</sat></trkpt>
  <trkpt lat="13.80506610" lon="100.28954170"><ele>-22.292</ele><time>2025-01-19T03:27:59Z</time><speed>21.476</speed><sat>10</sat></trkpt>
  <trkpt lat="13.80508579" lon="100.28934574"><ele>-22.152</ele><time>2025-01-19T03:28:00Z</time><speed>21.452</speed><sat>9</sat></trkpt>
  <trkpt lat="13.80510439" lon="100.28915042"><ele>-22.379</ele><time>2025-01-19T03:28:01Z</time><speed>21.375</speed><sat>9</sat></trkpt>
  <trkpt lat="13.80512511" lon="100.28895572"><ele>-22.743</ele><time>2025-01-19T03:28:02Z</time><speed>21.306</speed><sat>8</sat></trkpt>
  <trkpt lat="13.80514376" lon="100.28875869"><ele>-22.661</ele><time>2025-01-19T03:28:03Z</time><speed>21.302</speed><sat>7</sat></trkpt>
  <trkpt lat="13.80516461" lon="100.28856352"><ele>-22.836</ele><time>2025-01-19T03:28:04Z</time><speed>21.275</speed><sat>7</sat></trkpt>
  <trkpt lat="13.80518403" lon="100.28836713"><ele>-22.959</ele><time>2025-01-19T03:28:05Z</time><speed>21.316</speed><sat>8</sat></trkpt>
  <trkpt lat="13.80520349" lon="100.28817106"><ele>-23.097</ele><time>2025-01-19T03:28:06Z</time><speed>21.224</speed><sat>10</sat></trkpt>
  <trkpt lat="13.80521882" lon="100.28798270"><ele>-22.538</ele><time>2025-01-19T03:28:07Z</time><speed>21.078</speed><sat>10</sat></trkpt>
  <trkpt lat="13.80523520" lon="100.28779056"><ele>-22.336</ele><time>2025-01-19T03:28:08Z</time><speed>21.086</speed><sat>10</sat></trkpt>
  <trkpt lat="13.80525296" lon="100.28759805"><ele>-22.392</ele><time>2025-01-19T03:28:09Z</time><speed>21.139</speed><sat>10</sat></trkpt>
  <trkpt lat="13.80527221" lon="100.28740668"><ele>-22.648</ele><time>2025-01-19T03:28:10Z</time><speed>21.079</speed><sat>11</sat></trkpt>
  <trkpt lat="13.80528862" lon="100.28721869"><ele>-22.857</ele><time>2025-01-19T03:28:11Z</time><speed>21.014</speed><sat>11</sat></trkpt>
  <trkpt lat="13.80530514" lon="100.28702907"><ele>-23.313</ele><time>2025-01-19T03:28:12Z</time><speed>20.950</speed><sat>10</sat></trkpt>
  <trkpt lat="13.80532230" lon="100.28684764"><ele>-22.970</ele><time>2025-01-19T03:28:13Z</time><speed>20.781</speed><sat>10</sat></trkpt>
  <trkpt lat="13.80533782" lon="100.28667196"><ele>-22.661</ele><time>2025-01-19T03:28:14Z</time><speed>20.438</speed><sat>9</sat></trkpt>
  <trkpt lat="13.80535451" lon="100.28650058"><ele>-22.770</ele><time>2025-01-19T03:28:15Z</time><speed>19.927</speed><sat>10</sat></trkpt>
  <trkpt lat="13.80537324" lon="100.28634918"><ele>-22.498</ele><time>2025-01-19T03:28:16Z</time><speed>18.927</speed><sat>9</sat></trkpt>
  <trkpt lat="13.80539004" lon="100.28617691"><ele>-22.469</ele><time>2025-01-19T03:28:17Z</time><speed>18.682</speed><sat>9</sat></trkpt>
  <trkpt lat="13.80540536" lon="100.28600653"><ele>-22.613</ele><time>2025-01-19T03:28:18Z</time><speed>18.380</speed><sat>9</sat></trkpt>
  <trkpt lat="13.80542222" lon="100.28583928"><ele>-23.413</ele><time>2025-01-19T03:28:19Z</time><speed>17.977</speed><sat>10</sat></trkpt>
  <trkpt lat="13.80543466" lon="100.28567718"><ele>-23.687</ele><time>2025-01-19T03:28:20Z</time><speed>17.556</speed><sat>13</sat></trkpt>
  <trkpt lat="13.80544815" lon="100.28551986"><ele>-23.434</ele><time>2025-01-19T03:28:21Z</time><speed>17.140</speed><sat>12</sat></trkpt>
  <trkpt lat="13.80546157" lon="100.28536760"><ele>-22.647</ele><time>2025-01-19T03:28:22Z</time><speed>16.738</speed><sat>11</sat></trkpt>
  <trkpt lat="13.80547413" lon="100.28522054"><ele>-22.369</ele><time>2025-01-19T03:28:23Z</time><speed>16.288</speed><sat>10</sat></trkpt>
  <trkpt lat="13.80548672" lon="100.28507264"><ele>-22.204</ele><time>2025-01-19T03:28:24Z</time><speed>15.994</speed><sat>12</sat></trkpt>
  <trkpt lat="13.80550029" lon="100.28492891"><ele>-22.065</ele><time>2025-01-19T03:28:25Z</time><speed>15.730</speed><sat>12</sat></trkpt>
  <trkpt lat="13.80551073" lon="100.28478908"><ele>-21.286</ele><time>2025-01-19T03:28:26Z</time><speed>15.453</speed><sat>13</sat></trkpt>
  <trkpt lat="13.80552124" lon="100.28465175"><ele>-20.998</ele><time>2025-01-19T03:28:27Z</time><speed>15.151</speed><sat>12</sat></trkpt>
  <trkpt lat="13.80553195" lon="100.28451864"><ele>-20.431</ele><time>2025-01-19T03:28:28Z</time><speed>14.814</speed><sat>11</sat></trkpt>
  <trkpt lat="13.80554328" lon="100.28438869"><ele>-20.032</ele><time>2025-01-19T03:28:29Z</time><speed>14.432</speed><sat>12</sat></trkpt>
  <trkpt lat="13.80555387" lon="100.28426339"><ele>-19.906</ele><time>2025-01-19T03:28:30Z</time><speed>13.951</speed><sat>13</sat></trkpt>
  <trkpt lat="13.80556494" lon="100.28413985"><ele>-19.877</ele><time>2025-01-19T03:28:31Z</time><speed>13.551</speed><sat>14</sat></trkpt>
  <trkpt lat="13.80557468" lon="100.28402408"><ele>-20.059</ele><time>2025-01-19T03:28:32Z</time><speed>13.044</speed><sat>14</sat></trkpt>
  <trkpt lat="13.80558506" lon="100.28391386"><ele>-20.302</ele><time>2025-01-19T03:28:33Z</time><speed>12.529</speed><sat>12</sat></trkpt>
  <trkpt lat="13.80559580" lon="100.28380729"><ele>-20.303</ele><time>2025-01-19T03:28:34Z</time><speed>12.044</speed><sat>13</sat></trkpt>
  <trkpt lat="13.80560588" lon="100.28370738"><ele>-20.344</ele><time>2025-01-19T03:28:35Z</time><speed>11.472</speed><sat>13</sat></trkpt>
  <trkpt lat="13.80561821" lon="100.28361295"><ele>-20.042</ele><time>2025-01-19T03:28:36Z</time><speed>10.945</speed><sat>13</sat></trkpt>
  <trkpt lat="13.80562788" lon="100.28352027"><ele>-20.173</ele><time>2025-01-19T03:28:37Z</time><speed>10.424</speed><sat>13</sat></trkpt>
  <trkpt lat="13.80563800" lon="100.28343952"><ele>-23.255</ele><time>2025-01-19T03:28:38Z</time><speed>9.840</speed><sat>12</sat></trkpt>
  <trkpt lat="13.80564563" lon="100.28336135"><ele>-23.532</ele><time>2025-01-19T03:28:39Z</time><speed>9.422</speed><sat>12</sat></trkpt>
  <trkpt lat="13.80565739" lon="100.28329113"><ele>-23.778</ele><time>2025-01-19T03:28:40Z</time><speed>9.042</speed><sat>13</sat></trkpt>
  <trkpt lat="13.80567331" lon="100.28322255"><ele>-24.329</ele><time>2025-01-19T03:28:41Z</time><speed>8.292</speed><sat>15</sat></trkpt>
  <trkpt lat="13.80568375" lon="100.28316630"><ele>-24.945</ele><time>2025-01-19T03:28:42Z</time><speed>7.926</speed><sat>14</sat></trkpt>
  <trkpt lat="13.80569023" lon="100.28311699"><ele>-26.010</ele><time>2025-01-19T03:28:43Z</time><speed>6.988</speed><sat>15</sat></trkpt>
  <trkpt lat="13.80569141" lon="100.28307645"><ele>-26.283</ele><time>2025-01-19T03:28:44Z</time><speed>6.336</speed><sat>15</sat></trkpt>
  <trkpt lat="13.80569312" lon="100.28303514"><ele>-26.316</ele><time>2025-01-19T03:28:45Z</time><speed>5.432</speed><sat>16</sat></trkpt>
  <trkpt lat="13.80569226" lon="100.28301928"><ele>-27.592</ele><time>2025-01-19T03:28:46Z</time><speed>3.866</speed><sat>13</sat></trkpt>
  <trkpt lat="13.80568865" lon="100.28300404"><ele>-27.906</ele><time>2025-01-19T03:28:47Z</time><speed>3.547</speed><sat>15</sat></trkpt>
  <trkpt lat="13.80567895" lon="100.28299204"><ele>-28.385</ele><time>2025-01-19T03:28:48Z</time><speed>2.694</speed><sat>14</sat></trkpt>
  <trkpt lat="13.80566765" lon="100.28297638"><ele>-30.142</ele><time>2025-01-19T03:28:49Z</time><speed>1.563</speed><sat>16</sat></trkpt>
  <trkpt lat="13.80566422" lon="100.28297598"><ele>-29.701</ele><time>2025-01-19T03:28:50Z</time><speed>0.000</speed><sat>15</sat></trkpt>
  <trkpt lat="13.80566422" lon="100.28297598"><ele>-30.673</ele><time>2025-01-19T03:28:51Z</time><speed>0.000</speed><sat>14</sat></trkpt>
  <trkpt lat="13.80566422" lon="100.28297598"><ele>-30.551</ele><time>2025-01-19T03:28:52Z</time><speed>0.000</speed><sat>16</sat></trkpt>
  <trkpt lat="13.80566422" lon="100.28297598"><ele>-29.849</ele><time>2025-01-19T03:28:53Z</time><speed>0.000</speed><sat>15</sat></trkpt>
  <trkpt lat="13.80566422" lon="100.28297598"><ele>-30.015</ele><time>2025-01-19T03:28:54Z</time><speed>0.000</speed><sat>14</sat></trkpt>
  <trkpt lat="13.80566422" lon="100.28297598"><ele>-29.923</ele><time>2025-01-19T03:28:55Z</time><speed>0.000</speed><sat>15</sat></trkpt>
  <trkpt lat="13.80566422" lon="100.28297598"><ele>-30.112</ele><time>2025-01-19T03:28:56Z</time><speed>0.000</speed><sat>12</sat></trkpt>
  <trkpt lat="13.80566422" lon="100.28297598"><ele>-30.312</ele><time>2025-01-19T03:28:57Z</time><speed>0.000</speed><sat>14</sat></trkpt>
  <trkpt lat="13.80566422" lon="100.28297598"><ele>-30.611</ele><time>2025-01-19T03:28:58Z</time><speed>0.000</speed><sat>16</sat></trkpt>
  <trkpt lat="13.80566422" lon="100.28297598"><ele>-30.864</ele><time>2025-01-19T03:28:59Z</time><speed>0.000</speed><sat>15</sat></trkpt>
  <trkpt lat="13.80566422" lon="100.28297598"><ele>-30.607</ele><time>2025-01-19T03:29:00Z</time><speed>0.000</speed><sat>15</sat></trkpt>
  <trkpt lat="13.80566422" lon="100.28297598"><ele>-30.225</ele><time>2025-01-19T03:29:01Z</time><speed>0.000</speed><sat>15</sat></trkpt>
  <trkpt lat="13.80566422" lon="100.28297598"><ele>-30.055</ele><time>2025-01-19T03:29:02Z</time><speed>0.000</speed><sat>16</sat></trkpt>
  <trkpt lat="13.80566422" lon="100.28297598"><ele>-30.272</ele><time>2025-01-19T03:29:03Z</time><speed>0.000</speed><sat>17</sat></trkpt>
  <trkpt lat="13.80566422" lon="100.28297598"><ele>-29.918</ele><time>2025-01-19T03:29:04Z</time><speed>0.000</speed><sat>16</sat></trkpt>
  <trkpt lat="13.80566422" lon="100.28297598"><ele>-29.361</ele><time>2025-01-19T03:29:05Z</time><speed>0.000</speed><sat>17</sat></trkpt>
  <trkpt lat="13.80566422" lon="100.28297598"><ele>-29.393</ele><time>2025-01-19T03:29:06Z</time><speed>0.000</speed><sat>17</sat></trkpt>
  <trkpt lat="13.80566422" lon="100.28297598"><ele>-29.211</ele><time>2025-01-19T03:29:07Z</time><speed>0.000</speed><sat>18</sat></trkpt>
  <trkpt lat="13.80566422" lon="100.28297598"><ele>-29.179</ele><time>2025-01-19T03:29:08Z</time><speed>0.000</speed><sat>18</sat></trkpt>
  <trkpt lat="13.80566422" lon="100.28297598"><ele>-28.882</ele><time>2025-01-19T03:29:09Z</time><speed>0.000</speed><sat>18</sat></trkpt>
  <trkpt lat="13.80566422" lon="100.28297598"><ele>-28.808</ele><time>2025-01-19T03:29:10Z</time><speed>0.000</speed><sat>18</sat></trkpt>
  <trkpt lat="13.80566422" lon="100.28297598"><ele>-28.743</ele><time>2025-01-19T03:29:11Z</time><speed>0.000</speed><sat>18</sat></trkpt>
  <trkpt lat="13.80566422" lon="100.28297598"><ele>-28.610</ele><time>2025-01-19T03:29:12Z</time><speed>0.000</speed><sat>16</sat></trkpt>
  <trkpt lat="13.80566422" lon="100.28297598"><ele>-28.408</ele><time>2025-01-19T03:29:13Z</time><speed>0.000</speed><sat>17</sat></trkpt>
  <trkpt lat="13.80566422" lon="100.28297598"><ele>-28.481</ele><time>2025-01-19T03:29:14Z</time><speed>0.000</speed><sat>18</sat></trkpt>
  <trkpt lat="13.80566422" lon="100.28297598"><ele>-28.519</ele><time>2025-01-19T03:29:15Z</time><speed>0.000</speed><sat>16</sat></trkpt>
  <trkpt lat="13.80566422" lon="100.28297598"><ele>-28.399</ele><time>2025-01-19T03:29:16Z</time><speed>0.000</speed><sat>17</sat></trkpt>
  <trkpt lat="13.80566422" lon="100.28297598"><ele>-28.265</ele><time>2025-01-19T03:29:17Z</time><speed>0.000</speed><sat>16</sat></trkpt>
  <trkpt lat="13.80566422" lon="100.28297598"><ele>-28.373</ele><time>2025-01-19T03:29:18Z</time><speed>0.000</speed><sat>17</sat></trkpt>
  <trkpt lat="13.80566422" lon="100.28297598"><ele>-28.430</ele><time>2025-01-19T03:29:19Z</time><speed>0.000</speed><sat>17</sat></trkpt>
  <trkpt lat="13.80566422" lon="100.28297598"><ele>-28.093</ele><time>2025-01-19T03:29:20Z</time><speed>0.000</speed><sat>19</sat></trkpt>
  <trkpt lat="13.80566422" lon="100.28297598"><ele>-27.917</ele><time>2025-01-19T03:29:21Z</time><speed>0.000</speed><sat>18</sat></trkpt>
  <trkpt lat="13.80566422" lon="100.28297598"><ele>-27.736</ele><time>2025-01-19T03:29:22Z</time><speed>0.000</speed><sat>18</sat></trkpt>
  <trkpt lat="13.80566422" lon="100.28297598"><ele>-27.750</ele><time>2025-01-19T03:29:23Z</time><speed>0.000</speed><sat>18</sat></trkpt>
  <trkpt lat="13.80566422" lon="100.28297598"><ele>-27.638</ele><time>2025-01-19T03:29:24Z</time><speed>0.000</speed><sat>18</sat></trkpt>
  <trkpt lat="13.80566422" lon="100.28297598"><ele>-27.512</ele><time>2025-01-19T03:29:25Z</time><speed>0.000</speed><sat>18</sat></trkpt>
  <trkpt lat="13.80566422" lon="100.28297598"><ele>-27.183</ele><time>2025-01-19T03:29:26Z</time><speed>0.000</speed><sat>18</sat></trkpt>
  <trkpt lat="13.80566422" lon="100.28297598"><ele>-27.057</ele><time>2025-01-19T03:29:27Z</time><speed>0.000</speed><sat>17</sat></trkpt>
  <trkpt lat="13.80566422" lon="100.28297598"><ele>-26.790</ele><time>2025-01-19T03:29:28Z</time><speed>0.000</speed><sat>17</sat></trkpt>
  <trkpt lat="13.80566422" lon="100.28297598"><ele>-26.631</ele><time>2025-01-19T03:29:29Z</time><speed>0.000</speed><sat>17</sat></trkpt>
  <trkpt lat="13.80566422" lon="100.28297598"><ele>-26.445</ele><time>2025-01-19T03:29:30Z</time><speed>0.000</speed><sat>17</sat></trkpt>
  <trkpt lat="13.80566422" lon="100.28297598"><ele>-26.276</ele><time>2025-01-19T03:29:31Z</time><speed>0.000</speed><sat>17</sat></trkpt>
  <trkpt lat="13.80568570" lon="100.28301727"><ele>-26.130</ele><time>2025-01-19T03:29:32Z</time><speed>0.000</speed><sat>17</sat></trkpt>
  <trkpt lat="13.80568570" lon="100.28301727"><ele>-26.004</ele><time>2025-01-19T03:29:33Z</time><speed>0.000</speed><sat>16</sat></trkpt>
  <trkpt lat="13.80568570" lon="100.28301727"><ele>-25.962</ele><time>2025-01-19T03:29:34Z</time><speed>0.000</speed><sat>17</sat></trkpt>
  <trkpt lat="13.80568570" lon="100.28301727"><ele>-25.954</ele><time>2025-01-19T03:29:35Z</time><speed>0.000</speed><sat>16</sat></trkpt>
  <trkpt lat="13.80568570" lon="100.28301727"><ele>-25.933</ele><time>2025-01-19T03:29:36Z</time><speed>0.000</speed><sat>17</sat></trkpt>
  <trkpt lat="13.80568570" lon="100.28301727"><ele>-25.721</ele><time>2025-01-19T03:29:37Z</time><speed>0.000</speed><sat>17</sat></trkpt>
  <trkpt lat="13.80568570" lon="100.28301727"><ele>-25.641</ele><time>2025-01-19T03:29:38Z</time><speed>0.000</speed><sat>18</sat></trkpt>
  <trkpt lat="13.80568570" lon="100.28301727"><ele>-25.665</ele><time>2025-01-19T03:29:39Z</time><speed>0.000</speed><sat>17</sat></trkpt>
  <trkpt lat="13.80568570" lon="100.28301727"><ele>-25.539</ele><time>2025-01-19T03:29:40Z</time><speed>0.000</speed><sat>17</sat></trkpt>
  <trkpt lat="13.80568570" lon="100.28301727"><ele>-25.494</ele><time>2025-01-19T03:29:41Z</time><speed>0.000</speed><sat>17</sat></trkpt>
  <trkpt lat="13.80568570" lon="100.28301727"><ele>-25.508</ele><time>2025-01-19T03:29:42Z</time><speed>0.000</speed><sat>17</sat></trkpt>
  <trkpt lat="13.80568570" lon="100.28301727"><ele>-25.448</ele><time>2025-01-19T03:29:43Z</time><speed>0.000</speed><sat>15</sat></trkpt>
  <trkpt lat="13.80568570" lon="100.28301727"><ele>-25.350</ele><time>2025-01-19T03:29:44Z</time><speed>0.000</speed><sat>15</sat></trkpt>
  <trkpt lat="13.80568814" lon="100.28301055"><ele>-25.350</ele><time>2025-01-19T03:29:45Z</time><speed>0.313</speed><sat>14</sat></trkpt>
  <trkpt lat="13.80568831" lon="100.28300674"><ele>-25.181</ele><time>2025-01-19T03:29:46Z</time><speed>0.398</speed><sat>15</sat></trkpt>
  <trkpt lat="13.80568856" lon="100.28300287"><ele>-25.184</ele><time>2025-01-19T03:29:47Z</time><speed>0.430</speed><sat>17</sat></trkpt>
  <trkpt lat="13.80568849" lon="100.28299728"><ele>-25.120</ele><time>2025-01-19T03:29:48Z</time><speed>0.541</speed><sat>18</sat></trkpt>
  <trkpt lat="13.80568909" lon="100.28299089"><ele>-25.062</ele><time>2025-01-19T03:29:49Z</time><speed>0.686</speed><sat>17</sat></trkpt>
  <trkpt lat="13.80568968" lon="100.28298268"><ele>-25.109</ele><time>2025-01-19T03:29:50Z</time><speed>0.898</speed><sat>17</sat></trkpt>
  <trkpt lat="13.80568923" lon="100.28297243"><ele>-25.071</ele><time>2025-01-19T03:29:51Z</time><speed>1.018</speed><sat>15</sat></trkpt>
  <trkpt lat="13.80568907" lon="100.28295879"><ele>-24.918</ele><time>2025-01-19T03:29:52Z</time><speed>1.406</speed><sat>18</sat></trkpt>
  <trkpt lat="13.80568994" lon="100.28294314"><ele>-24.917</ele><time>2025-01-19T03:29:53Z</time><speed>1.683</speed><sat>16</sat></trkpt>
  <trkpt lat="13.80569064" lon="100.28292543"><ele>-24.916</ele><time>2025-01-19T03:29:54Z</time><speed>1.882</speed><sat>17</sat></trkpt>
  <trkpt lat="13.80569169" lon="100.28290530"><ele>-24.768</ele><time>2025-01-19T03:29:55Z</time><speed>2.122</speed><sat>17</sat></trkpt>
  <trkpt lat="13.80569317" lon="100.28288286"><ele>-24.669</ele><time>2025-01-19T03:29:56Z</time><speed>2.413</speed><sat>16</sat></trkpt>
  <trkpt lat="13.80569439" lon="100.28285760"><ele>-24.711</ele><time>2025-01-19T03:29:57Z</time><speed>2.690</speed><sat>18</sat></trkpt>
  <trkpt lat="13.80569667" lon="100.28283041"><ele>-24.646</ele><time>2025-01-19T03:29:58Z</time><speed>2.876</speed><sat>18</sat></trkpt>
  <trkpt lat="13.80569945" lon="100.28280133"><ele>-24.576</ele><time>2025-01-19T03:29:59Z</time><speed>3.056</speed><sat>17</sat></trkpt>
  <trkpt lat="13.80570250" lon="100.28277058"><ele>-24.423</ele><time>2025-01-19T03:30:00Z</time><speed>3.163</speed><sat>18</sat></trkpt>
  <trkpt lat="13.80570435" lon="100.28273590"><ele>-24.435</ele><time>2025-01-19T03:30:01Z</time><speed>3.539</speed><sat>18</sat></trkpt>
  <trkpt lat="13.80570805" lon="100.28269891"><ele>-24.248</ele><time>2025-01-19T03:30:02Z</time><speed>3.801</speed><sat>15</sat></trkpt>
  <trkpt lat="13.80571273" lon="100.28266264"><ele>-24.245</ele><time>2025-01-19T03:30:03Z</time><speed>3.967</speed><sat>18</sat></trkpt>
  <trkpt lat="13.80571714" lon="100.28262354"><ele>-24.386</ele><time>2025-01-19T03:30:04Z</time><speed>4.207</speed><sat>17</sat></trkpt>
  <trkpt lat="13.80572317" lon="100.28258220"><ele>-24.571</ele><time>2025-01-19T03:30:05Z</time><speed>4.639</speed><sat>14</sat></trkpt>
  <trkpt lat="13.80572753" lon="100.28253887"><ele>-24.617</ele><time>2025-01-19T03:30:06Z</time><speed>4.919</speed><sat>13</sat></trkpt>
  <trkpt lat="13.80573102" lon="100.28249165"><ele>-24.331</ele><time>2025-01-19T03:30:07Z</time><speed>5.256</speed><sat>14</sat></trkpt>
  <trkpt lat="13.80573330" lon="100.28244192"><ele>-23.785</ele><time>2025-01-19T03:30:08Z</time><speed>5.572</speed><sat>16</sat></trkpt>
  <trkpt lat="13.80573960" lon="100.28238903"><ele>-23.237</ele><time>2025-01-19T03:30:09Z</time><speed>5.860</speed><sat>18</sat></trkpt>
  <trkpt lat="13.80574914" lon="100.28233717"><ele>-22.833</ele><time>2025-01-19T03:30:10Z</time><speed>6.030</speed><sat>17</sat></trkpt>
  <trkpt lat="13.80575638" lon="100.28228285"><ele>-22.686</ele><time>2025-01-19T03:30:11Z</time><speed>6.193</speed><sat>18</sat></trkpt>
  <trkpt lat="13.80576737" lon="100.28222151"><ele>-22.440</ele><time>2025-01-19T03:30:12Z</time><speed>6.599</speed><sat>17</sat></trkpt>
  <trkpt lat="13.80577478" lon="100.28216020"><ele>-22.349</ele><time>2025-01-19T03:30:13Z</time><speed>6.854</speed><sat>16</sat></trkpt>
  <trkpt lat="13.80578087" lon="100.28209478"><ele>-22.235</ele><time>2025-01-19T03:30:14Z</time><speed>7.153</speed><sat>15</sat></trkpt>
  <trkpt lat="13.80578721" lon="100.28202826"><ele>-22.414</ele><time>2025-01-19T03:30:15Z</time><speed>7.418</speed><sat>17</sat></trkpt>
  <trkpt lat="13.80579450" lon="100.28196050"><ele>-22.169</ele><time>2025-01-19T03:30:16Z</time><speed>7.656</speed><sat>17</sat></trkpt>
  <trkpt lat="13.80579735" lon="100.28188621"><ele>-22.148</ele><time>2025-01-19T03:30:17Z</time><speed>7.929</speed><sat>17</sat></trkpt>
  <trkpt lat="13.80580765" lon="100.28181231"><ele>-22.414</ele><time>2025-01-19T03:30:18Z</time><speed>8.172</speed><sat>16</sat></trkpt>
  <trkpt lat="13.80581805" lon="100.28173846"><ele>-22.371</ele><time>2025-01-19T03:30:19Z</time><speed>8.354</speed><sat>16</sat></trkpt>
  <trkpt lat="13.80582357" lon="100.28166124"><ele>-22.148</ele><time>2025-01-19T03:30:20Z</time><speed>8.567</speed><sat>17</sat></trkpt>
  <trkpt lat="13.80582640" lon="100.28158307"><ele>-21.792</ele><time>2025-01-19T03:30:21Z</time><speed>8.779</speed><sat>16</sat></trkpt>
  <trkpt lat="13.80582861" lon="100.28150257"><ele>-21.702</ele><time>2025-01-19T03:30:22Z</time><speed>8.982</speed><sat>14</sat></trkpt>
  <trkpt lat="13.80583438" lon="100.28142223"><ele>-21.365</ele><time>2025-01-19T03:30:23Z</time><speed>9.194</speed><sat>15</sat></trkpt>
  <trkpt lat="13.80584371" lon="100.28133914"><ele>-20.933</ele><time>2025-01-19T03:30:24Z</time><speed>9.441</speed><sat>13</sat></trkpt>
  <trkpt lat="13.80585055" lon="100.28125019"><ele>-20.881</ele><time>2025-01-19T03:30:25Z</time><speed>9.831</speed><sat>14</sat></trkpt>
  <trkpt lat="13.80585826" lon="100.28115789"><ele>-20.688</ele><time>2025-01-19T03:30:26Z</time><speed>10.149</speed><sat>13</sat></trkpt>
  <trkpt lat="13.80586576" lon="100.28106495"><ele>-20.684</ele><time>2025-01-19T03:30:27Z</time><speed>10.384</speed><sat>13</sat></trkpt>
  <trkpt lat="13.80587170" lon="100.28096956"><ele>-20.815</ele><time>2025-01-19T03:30:28Z</time><speed>10.572</speed><sat>13</sat></trkpt>
  <trkpt lat="13.80588166" lon="100.28087010"><ele>-20.872</ele><time>2025-01-19T03:30:29Z</time><speed>10.840</speed><sat>12</sat></trkpt>
  <trkpt lat="13.80589133" lon="100.28076841"><ele>-21.315</ele><time>2025-01-19T03:30:30Z</time><speed>11.092</speed><sat>11</sat></trkpt>
  <trkpt lat="13.80590054" lon="100.28066510"><ele>-21.835</ele><time>2025-01-19T03:30:31Z</time><speed>11.329</speed><sat>12</sat></trkpt>
  <trkpt lat="13.80590910" lon="100.28055825"><ele>-22.416</ele><time>2025-01-19T03:30:32Z</time><speed>11.623</speed><sat>12</sat></trkpt>
  <trkpt lat="13.80591947" lon="100.28044959"><ele>-22.608</ele><time>2025-01-19T03:30:33Z</time><speed>11.845</speed><sat>12</sat></trkpt>
  <trkpt lat="13.80593159" lon="100.28033869"><ele>-22.967</ele><time>2025-01-19T03:30:34Z</time><speed>12.050</speed><sat>13</sat></trkpt>
  <trkpt lat="13.80594325" lon="100.28022806"><ele>-23.195</ele><time>2025-01-19T03:30:35Z</time><speed>12.231</speed><sat>13</sat></trkpt>
  <trkpt lat="13.80596791" lon="100.27999408"><ele>-23.499</ele><time>2025-01-19T03:30:37Z</time><speed>12.746</speed><sat>10</sat></trkpt>
  <trkpt lat="13.80598129" lon="100.27987443"><ele>-23.452</ele><time>2025-01-19T03:30:38Z</time><speed>13.010</speed><sat>12</sat></trkpt>
  <trkpt lat="13.80599529" lon="100.27975365"><ele>-23.032</ele><time>2025-01-19T03:30:39Z</time><speed>13.212</speed><sat>11</sat></trkpt>
  <trkpt lat="13.80600805" lon="100.27963095"><ele>-22.756</ele><time>2025-01-19T03:30:40Z</time><speed>13.412</speed><sat>12</sat></trkpt>
  <trkpt lat="13.80601885" lon="100.27950377"><ele>-22.610</ele><time>2025-01-19T03:30:41Z</time><speed>13.636</speed><sat>11</sat></trkpt>
  <trkpt lat="13.80603205" lon="100.27937573"><ele>-22.251</ele><time>2025-01-19T03:30:42Z</time><speed>13.844</speed><sat>12</sat></trkpt>
  <trkpt lat="13.80604201" lon="100.27924831"><ele>-22.578</ele><time>2025-01-19T03:30:43Z</time><speed>13.995</speed><sat>12</sat></trkpt>
  <trkpt lat="13.80606037" lon="100.27898762"><ele>-23.642</ele><time>2025-01-19T03:30:45Z</time><speed>14.298</speed><sat>12</sat></trkpt>
  <trkpt lat="13.80607137" lon="100.27885463"><ele>-23.911</ele><time>2025-01-19T03:30:46Z</time><speed>14.451</speed><sat>11</sat></trkpt>
  <trkpt lat="13.80608226" lon="100.27871993"><ele>-23.377</ele><time>2025-01-19T03:30:47Z</time><speed>14.613</speed><sat>11</sat></trkpt>
  <trkpt lat="13.80609216" lon="100.27858356"><ele>-23.367</ele><time>2025-01-19T03:30:48Z</time><speed>14.810</speed><sat>12</sat></trkpt>
  <trkpt lat="13.80610398" lon="100.27844544"><ele>-22.769</ele><time>2025-01-19T03:30:49Z</time><speed>14.967</speed><sat>12</sat></trkpt>
  <trkpt lat="13.80611734" lon="100.27830590"><ele>-22.220</ele><time>2025-01-19T03:30:50Z</time><speed>15.150</speed><sat>12</sat></trkpt>
  <trkpt lat="13.80612931" lon="100.27816606"><ele>-21.524</ele><time>2025-01-19T03:30:51Z</time><speed>15.307</speed><sat>13</sat></trkpt>
  <trkpt lat="13.80614038" lon="100.27802598"><ele>-21.591</ele><time>2025-01-19T03:30:52Z</time><speed>15.446</speed><sat>15</sat></trkpt>
  <trkpt lat="13.80615145" lon="100.27788394"><ele>-21.802</ele><time>2025-01-19T03:30:53Z</time><speed>15.558</speed><sat>15</sat></trkpt>
  <trkpt lat="13.80616414" lon="100.27774073"><ele>-21.689</ele><time>2025-01-19T03:30:54Z</time><speed>15.707</speed><sat>15</sat></trkpt>
  <trkpt lat="13.80617625" lon="100.27759577"><ele>-21.874</ele><time>2025-01-19T03:30:55Z</time><speed>15.813</speed><sat>15</sat></trkpt>
  <trkpt lat="13.80618867" lon="100.27745156"><ele>-21.885</ele><time>2025-01-19T03:30:56Z</time><speed>15.892</speed><sat>14</sat></trkpt>
  <trkpt lat="13.80620193" lon="100.27730673"><ele>-22.048</ele><time>2025-01-19T03:30:57Z</time><speed>15.983</speed><sat>13</sat></trkpt>
  <trkpt lat="13.80621437" lon="100.27715818"><ele>-22.549</ele><time>2025-01-19T03:30:58Z</time><speed>16.118</speed><sat>13</sat></trkpt>
  <trkpt lat="13.80622866" lon="100.27700940"><ele>-22.831</ele><time>2025-01-19T03:30:59Z</time><speed>16.217</speed><sat>12</sat></trkpt>
  <trkpt lat="13.80624229" lon="100.27685719"><ele>-23.251</ele><time>2025-01-19T03:31:00Z</time><speed>16.348</speed><sat>11</sat></trkpt>
  <trkpt lat="13.80625793" lon="100.27670340"><ele>-23.422</ele><time>2025-01-19T03:31:01Z</time><speed>16.508</speed><sat>11</sat></trkpt>
  <trkpt lat="13.80627269" lon="100.27654890"><ele>-23.662</ele><time>2025-01-19T03:31:02Z</time><speed>16.632</speed><sat>10</sat></trkpt>
  <trkpt lat="13.80628695" lon="100.27639306"><ele>-23.859</ele><time>2025-01-19T03:31:03Z</time><speed>16.754</speed><sat>11</sat></trkpt>
  <trkpt lat="13.80630531" lon="100.27623663"><ele>-23.986</ele><time>2025-01-19T03:31:04Z</time><speed>16.895</speed><sat>12</sat></trkpt>
  <trkpt lat="13.80632271" lon="100.27608101"><ele>-24.110</ele><time>2025-01-19T03:31:05Z</time><speed>17.014</speed><sat>12</sat></trkpt>
  <trkpt lat="13.80633940" lon="100.27592456"><ele>-24.421</ele><time>2025-01-19T03:31:06Z</time><speed>17.140</speed><sat>11</sat></trkpt>
  <trkpt lat="13.80635582" lon="100.27576638"><ele>-24.818</ele><time>2025-01-19T03:31:07Z</time><speed>17.305</speed><sat>12</sat></trkpt>
  <trkpt lat="13.80637121" lon="100.27560738"><ele>-25.156</ele><time>2025-01-19T03:31:08Z</time><speed>17.445</speed><sat>12</sat></trkpt>
  <trkpt lat="13.80638684" lon="100.27544569"><ele>-25.338</ele><time>2025-01-19T03:31:09Z</time><speed>17.593</speed><sat>12</sat></trkpt>
  <trkpt lat="13.80640333" lon="100.27528313"><ele>-25.672</ele><time>2025-01-19T03:31:10Z</time><speed>17.712</speed><sat>11</sat></trkpt>
  <trkpt lat="13.80643728" lon="100.27495235"><ele>-25.930</ele><time>2025-01-19T03:31:12Z</time><speed>18.013</speed><sat>10</sat></trkpt>
  <trkpt lat="13.80645424" lon="100.27478412"><ele>-25.758</ele><time>2025-01-19T03:31:13Z</time><speed>18.175</speed><sat>11</sat></trkpt>
  <trkpt lat="13.80647222" lon="100.27461569"><ele>-25.629</ele><time>2025-01-19T03:31:14Z</time><speed>18.344</speed><sat>11</sat></trkpt>
  <trkpt lat="13.80648971" lon="100.27444679"><ele>-25.772</ele><time>2025-01-19T03:31:15Z</time><speed>18.482</speed><sat>11</sat></trkpt>
  <trkpt lat="13.80650880" lon="100.27427591"><ele>-25.844</ele><time>2025-01-19T03:31:16Z</time><speed>18.643</speed><sat>11</sat></trkpt>
  <trkpt lat="13.80652568" lon="100.27410289"><ele>-25.792</ele><time>2025-01-19T03:31:17Z</time><speed>18.763</speed><sat>12</sat></trkpt>
  <trkpt lat="13.80654369" lon="100.27392997"><ele>-26.087</ele><time>2025-01-19T03:31:18Z</time><speed>18.861</speed><sat>11</sat></trkpt>
  <trkpt lat="13.80656087" lon="100.27375384"><ele>-25.923</ele><time>2025-01-19T03:31:19Z</time><speed>19.048</speed><sat>10</sat></trkpt>
  <trkpt lat="13.80657952" lon="100.27357697"><ele>-26.134</ele><time>2025-01-19T03:31:20Z</time><speed>19.246</speed><sat>11</sat></trkpt>
  <trkpt lat="13.80659965" lon="100.27340085"><ele>-26.342</ele><time>2025-01-19T03:31:21Z</time><speed>19.378</speed><sat>12</sat></trkpt>
  <trkpt lat="13.80661723" lon="100.27322013"><ele>-26.575</ele><time>2025-01-19T03:31:22Z</time><speed>19.539</speed><sat>12</sat></trkpt>
  <trkpt lat="13.80663542" lon="100.27303875"><ele>-26.788</ele><time>2025-01-19T03:31:23Z</time><speed>19.699</speed><sat>12</sat></trkpt>
  <trkpt lat="13.80665328" lon="100.27285676"><ele>-26.656</ele><time>2025-01-19T03:31:24Z</time><speed>19.823</speed><sat>11</sat></trkpt>
  <trkpt lat="13.80667280" lon="100.27267393"><ele>-26.548</ele><time>2025-01-19T03:31:25Z</time><speed>20.003</speed><sat>12</sat></trkpt>
  <trkpt lat="13.80669124" lon="100.27249099"><ele>-26.798</ele><time>2025-01-19T03:31:26Z</time><speed>20.112</speed><sat>11</sat></trkpt>
  <trkpt lat="13.80671284" lon="100.27230720"><ele>-26.852</ele><time>2025-01-19T03:31:27Z</time><speed>20.217</speed><sat>11</sat></trkpt>
  <trkpt lat="13.80673252" lon="100.27212392"><ele>-26.439</ele><time>2025-01-19T03:31:28Z</time><speed>20.271</speed><sat>11</sat></trkpt>
  <trkpt lat="13.80674854" lon="100.27193806"><ele>-26.172</ele><time>2025-01-19T03:31:29Z</time><speed>20.378</speed><sat>10</sat></trkpt>
  <trkpt lat="13.80676494" lon="100.27175238"><ele>-26.061</ele><time>2025-01-19T03:31:30Z</time><speed>20.428</speed><sat>10</sat></trkpt>
  <trkpt lat="13.80678383" lon="100.27156657"><ele>-25.747</ele><time>2025-01-19T03:31:31Z</time><speed>20.481</speed><sat>10</sat></trkpt>
  <trkpt lat="13.80680364" lon="100.27137492"><ele>-25.921</ele><time>2025-01-19T03:31:32Z</time><speed>20.608</speed><sat>11</sat></trkpt>
  <trkpt lat="13.80682075" lon="100.27118515"><ele>-25.782</ele><time>2025-01-19T03:31:33Z</time><speed>20.672</speed><sat>9</sat></trkpt>
  <trkpt lat="13.80683921" lon="100.27099322"><ele>-25.753</ele><time>2025-01-19T03:31:34Z</time><speed>20.733</speed><sat>11</sat></trkpt>
  <trkpt lat="13.80685751" lon="100.27080137"><ele>-25.726</ele><time>2025-01-19T03:31:35Z</time><speed>20.793</speed><sat>10</sat></trkpt>
  <trkpt lat="13.80687379" lon="100.27060948"><ele>-25.749</ele><time>2025-01-19T03:31:36Z</time><speed>20.824</speed><sat>9</sat></trkpt>
  <trkpt lat="13.80689251" lon="100.27041642"><ele>-25.426</ele><time>2025-01-19T03:31:37Z</time><speed>20.894</speed><sat>11</sat></trkpt>
  <trkpt lat="13.80691293" lon="100.27022367"><ele>-25.198</ele><time>2025-01-19T03:31:38Z</time><speed>20.928</speed><sat>10</sat></trkpt>
  <trkpt lat="13.80693954" lon="100.27003012"><ele>-25.285</ele><time>2025-01-19T03:31:39Z</time><speed>20.992</speed><sat>10</sat></trkpt>
  <trkpt lat="13.80696761" lon="100.26983498"><ele>-24.779</ele><time>2025-01-19T03:31:40Z</time><speed>21.171</speed><sat>11</sat></trkpt>
  <trkpt lat="13.80699086" lon="100.26963772"><ele>-25.031</ele><time>2025-01-19T03:31:41Z</time><speed>21.290</speed><sat>10</sat></trkpt>
  <trkpt lat="13.80701500" lon="100.26943814"><ele>-25.007</ele><time>2025-01-19T03:31:42Z</time><speed>21.457</speed><sat>10</sat></trkpt>
  <trkpt lat="13.80704225" lon="100.26923853"><ele>-24.716</ele><time>2025-01-19T03:31:43Z</time><speed>21.653</speed><sat>10</sat></trkpt>
  <trkpt lat="13.80707054" lon="100.26903459"><ele>-24.421</ele><time>2025-01-19T03:31:44Z</time><speed>21.836</speed><sat>11</sat></trkpt>
  <trkpt lat="13.80709974" lon="100.26883347"><ele>-23.747</ele><time>2025-01-19T03:31:45Z</time><speed>21.967</speed><sat>11</sat></trkpt>
  <trkpt lat="13.80712781" lon="100.26863232"><ele>-22.897</ele><time>2025-01-19T03:31:46Z</time><speed>22.091</speed><sat>13</sat></trkpt>
  <trkpt lat="13.80715113" lon="100.26842928"><ele>-22.674</ele><time>2025-01-19T03:31:47Z</time><speed>22.182</speed><sat>12</sat></trkpt>
  <trkpt lat="13.80717099" lon="100.26822591"><ele>-22.983</ele><time>2025-01-19T03:31:48Z</time><speed>22.284</speed><sat>12</sat></trkpt>
  <trkpt lat="13.80719635" lon="100.26802321"><ele>-22.717</ele><time>2025-01-19T03:31:49Z</time><speed>22.345</speed><sat>11</sat></trkpt>
  <trkpt lat="13.80722303" lon="100.26781884"><ele>-22.601</ele><time>2025-01-19T03:31:50Z</time><speed>22.440</speed><sat>11</sat></trkpt>
  <trkpt lat="13.80724238" lon="100.26761139"><ele>-22.589</ele><time>2025-01-19T03:31:51Z</time><speed>22.514</speed><sat>11</sat></trkpt>
  <trkpt lat="13.80725312" lon="100.26740421"><ele>-22.527</ele><time>2025-01-19T03:31:52Z</time><speed>22.553</speed><sat>11</sat></trkpt>
  <trkpt lat="13.80726453" lon="100.26719765"><ele>-22.540</ele><time>2025-01-19T03:31:53Z</time><speed>22.547</speed><sat>11</sat></trkpt>
  <trkpt lat="13.80727445" lon="100.26698899"><ele>-22.746</ele><time>2025-01-19T03:31:54Z</time><speed>22.599</speed><sat>11</sat></trkpt>
  <trkpt lat="13.80728642" lon="100.26678374"><ele>-22.569</ele><time>2025-01-19T03:31:55Z</time><speed>22.571</speed><sat>11</sat></trkpt>
  <trkpt lat="13.80729637" lon="100.26657857"><ele>-22.082</ele><time>2025-01-19T03:31:56Z</time><speed>22.517</speed><sat>12</sat></trkpt>
  <trkpt lat="13.80730819" lon="100.26637412"><ele>-22.301</ele><time>2025-01-19T03:31:57Z</time><speed>22.469</speed><sat>12</sat></trkpt>
  <trkpt lat="13.80732306" lon="100.26616934"><ele>-22.439</ele><time>2025-01-19T03:31:58Z</time><speed>22.412</speed><sat>9</sat></trkpt>
  <trkpt lat="13.80734304" lon="100.26596271"><ele>-22.601</ele><time>2025-01-19T03:31:59Z</time><speed>22.405</speed><sat>10</sat></trkpt>
  <trkpt lat="13.80736136" lon="100.26575549"><ele>-22.772</ele><time>2025-01-19T03:32:00Z</time><speed>22.419</speed><sat>10</sat></trkpt>
  <trkpt lat="13.80737199" lon="100.26554902"><ele>-22.687</ele><time>2025-01-19T03:32:01Z</time><speed>22.405</speed><sat>11</sat></trkpt>
  <trkpt lat="13.80738511" lon="100.26534186"><ele>-22.678</ele><time>2025-01-19T03:32:02Z</time><speed>22.405</speed><sat>11</sat></trkpt>
  <trkpt lat="13.80739767" lon="100.26513510"><ele>-23.123</ele><time>2025-01-19T03:32:03Z</time><speed>22.386</speed><sat>11</sat></trkpt>
  <trkpt lat="13.80741127" lon="100.26492734"><ele>-23.367</ele><time>2025-01-19T03:32:04Z</time><speed>22.388</speed><sat>11</sat></trkpt>
  <trkpt lat="13.80742345" lon="100.26472092"><ele>-23.508</ele><time>2025-01-19T03:32:05Z</time><speed>22.337</speed><sat>11</sat></trkpt>
  <trkpt lat="13.80743936" lon="100.26451273"><ele>-23.571</ele><time>2025-01-19T03:32:06Z</time><speed>22.342</speed><sat>11</sat></trkpt>
  <trkpt lat="13.80745542" lon="100.26430689"><ele>-23.329</ele><time>2025-01-19T03:32:07Z</time><speed>22.327</speed><sat>12</sat></trkpt>
  <trkpt lat="13.80746898" lon="100.26409806"><ele>-23.313</ele><time>2025-01-19T03:32:08Z</time><speed>22.376</speed><sat>12</sat></trkpt>
  <trkpt lat="13.80748372" lon="100.26389182"><ele>-23.246</ele><time>2025-01-19T03:32:09Z</time><speed>22.279</speed><sat>11</sat></trkpt>
  <trkpt lat="13.80749999" lon="100.26368917"><ele>-23.594</ele><time>2025-01-19T03:32:10Z</time><speed>22.150</speed><sat>11</sat></trkpt>
  <trkpt lat="13.80751499" lon="100.26348455"><ele>-23.787</ele><time>2025-01-19T03:32:11Z</time><speed>22.143</speed><sat>10</sat></trkpt>
  <trkpt lat="13.80753019" lon="100.26328078"><ele>-23.723</ele><time>2025-01-19T03:32:12Z</time><speed>22.089</speed><sat>11</sat></trkpt>
  <trkpt lat="13.80754859" lon="100.26307861"><ele>-23.645</ele><time>2025-01-19T03:32:13Z</time><speed>22.005</speed><sat>11</sat></trkpt>
  <trkpt lat="13.80757105" lon="100.26287370"><ele>-23.848</ele><time>2025-01-19T03:32:14Z</time><speed>21.980</speed><sat>12</sat></trkpt>
  <trkpt lat="13.80759205" lon="100.26267084"><ele>-24.234</ele><time>2025-01-19T03:32:15Z</time><speed>21.928</speed><sat>11</sat></trkpt>
  <trkpt lat="13.80761449" lon="100.26246933"><ele>-24.283</ele><time>2025-01-19T03:32:16Z</time><speed>21.895</speed><sat>11</sat></trkpt>
  <trkpt lat="13.80763290" lon="100.26226704"><ele>-23.774</ele><time>2025-01-19T03:32:17Z</time><speed>21.839</speed><sat>10</sat></trkpt>
  <trkpt lat="13.80765488" lon="100.26206768"><ele>-23.697</ele><time>2025-01-19T03:32:18Z</time><speed>21.781</speed><sat>10</sat></trkpt>
  <trkpt lat="13.80767393" lon="100.26186621"><ele>-24.089</ele><time>2025-01-19T03:32:19Z</time><speed>21.783</speed><sat>10</sat></trkpt>
  <trkpt lat="13.80770171" lon="100.26166596"><ele>-23.568</ele><time>2025-01-19T03:32:20Z</time><speed>21.619</speed><sat>10</sat></trkpt>
  <trkpt lat="13.80772646" lon="100.26146688"><ele>-23.282</ele><time>2025-01-19T03:32:21Z</time><speed>21.519</speed><sat>10</sat></trkpt>
  <trkpt lat="13.80774516" lon="100.26126840"><ele>-23.258</ele><time>2025-01-19T03:32:22Z</time><speed>21.505</speed><sat>10</sat></trkpt>
  <trkpt lat="13.80776396" lon="100.26107063"><ele>-23.449</ele><time>2025-01-19T03:32:23Z</time><speed>21.428</speed><sat>10</sat></trkpt>
  <trkpt lat="13.80778321" lon="100.26087451"><ele>-23.340</ele><time>2025-01-19T03:32:24Z</time><speed>21.326</speed><sat>10</sat></trkpt>
  <trkpt lat="13.80780237" lon="100.26067854"><ele>-24.102</ele><time>2025-01-19T03:32:25Z</time><speed>21.301</speed><sat>10</sat></trkpt>
  <trkpt lat="13.80782118" lon="100.26048525"><ele>-24.362</ele><time>2025-01-19T03:32:26Z</time><speed>21.209</speed><sat>10</sat></trkpt>
  <trkpt lat="13.80784166" lon="100.26029316"><ele>-24.340</ele><time>2025-01-19T03:32:27Z</time><speed>21.065</speed><sat>10</sat></trkpt>
  <trkpt lat="13.80785968" lon="100.26010114"><ele>-24.263</ele><time>2025-01-19T03:32:28Z</time><speed>20.912</speed><sat>10</sat></trkpt>
  <trkpt lat="13.80787771" lon="100.25990979"><ele>-24.217</ele><time>2025-01-19T03:32:29Z</time><speed>20.825</speed><sat>8</sat></trkpt>
  <trkpt lat="13.80789430" lon="100.25971916"><ele>-24.487</ele><time>2025-01-19T03:32:30Z</time><speed>20.712</speed><sat>9</sat></trkpt>
  <trkpt lat="13.80791027" lon="100.25952925"><ele>-24.752</ele><time>2025-01-19T03:32:31Z</time><speed>20.566</speed><sat>9</sat></trkpt>
  <trkpt lat="13.80792586" lon="100.25934065"><ele>-25.274</ele><time>2025-01-19T03:32:32Z</time><speed>20.448</speed><sat>9</sat></trkpt>
  <trkpt lat="13.80793961" lon="100.25915500"><ele>-25.881</ele><time>2025-01-19T03:32:33Z</time><speed>20.282</speed><sat>9</sat></trkpt>
  <trkpt lat="13.80795187" lon="100.25896830"><ele>-26.552</ele><time>2025-01-19T03:32:34Z</time><speed>20.146</speed><sat>10</sat></trkpt>
  <trkpt lat="13.80796118" lon="100.25878322"><ele>-26.786</ele><time>2025-01-19T03:32:35Z</time><speed>19.986</speed><sat>10</sat></trkpt>
  <trkpt lat="13.80797550" lon="100.25860030"><ele>-26.600</ele><time>2025-01-19T03:32:36Z</time><speed>19.854</speed><sat>10</sat></trkpt>
  <trkpt lat="13.80798696" lon="100.25841851"><ele>-26.792</ele><time>2025-01-19T03:32:37Z</time><speed>19.694</speed><sat>10</sat></trkpt>
  <trkpt lat="13.80800027" lon="100.25823775"><ele>-26.844</ele><time>2025-01-19T03:32:38Z</time><speed>19.558</speed><sat>10</sat></trkpt>
  <trkpt lat="13.80801310" lon="100.25805897"><ele>-26.987</ele><time>2025-01-19T03:32:39Z</time><speed>19.425</speed><sat>10</sat></trkpt>
  <trkpt lat="13.80802872" lon="100.25787937"><ele>-27.231</ele><time>2025-01-19T03:32:40Z</time><speed>19.305</speed><sat>11</sat></trkpt>
  <trkpt lat="13.80804738" lon="100.25770106"><ele>-27.301</ele><time>2025-01-19T03:32:41Z</time><speed>19.196</speed><sat>10</sat></trkpt>
  <trkpt lat="13.80806622" lon="100.25752466"><ele>-27.119</ele><time>2025-01-19T03:32:42Z</time><speed>19.070</speed><sat>11</sat></trkpt>
  <trkpt lat="13.80808388" lon="100.25734996"><ele>-26.945</ele><time>2025-01-19T03:32:43Z</time><speed>18.925</speed><sat>11</sat></trkpt>
  <trkpt lat="13.80810233" lon="100.25717611"><ele>-27.114</ele><time>2025-01-19T03:32:44Z</time><speed>18.801</speed><sat>10</sat></trkpt>
  <trkpt lat="13.80811891" lon="100.25700427"><ele>-26.921</ele><time>2025-01-19T03:32:45Z</time><speed>18.634</speed><sat>10</sat></trkpt>
  <trkpt lat="13.80814666" lon="100.25683509"><ele>-26.829</ele><time>2025-01-19T03:32:46Z</time><speed>18.447</speed><sat>11</sat></trkpt>
  <trkpt lat="13.80817661" lon="100.25666638"><ele>-26.470</ele><time>2025-01-19T03:32:47Z</time><speed>18.287</speed><sat>12</sat></trkpt>
  <trkpt lat="13.80819631" lon="100.25649935"><ele>-26.364</ele><time>2025-01-19T03:32:48Z</time><speed>18.122</speed><sat>12</sat></trkpt>
  <trkpt lat="13.80820914" lon="100.25633621"><ele>-26.238</ele><time>2025-01-19T03:32:49Z</time><speed>17.912</speed><sat>12</sat></trkpt>
  <trkpt lat="13.80822489" lon="100.25617390"><ele>-26.046</ele><time>2025-01-19T03:32:50Z</time><speed>17.718</speed><sat>11</sat></trkpt>
  <trkpt lat="13.80824265" lon="100.25601056"><ele>-25.877</ele><time>2025-01-19T03:32:51Z</time><speed>17.535</speed><sat>11</sat></trkpt>
  <trkpt lat="13.80825707" lon="100.25584834"><ele>-25.362</ele><time>2025-01-19T03:32:52Z</time><speed>17.351</speed><sat>9</sat></trkpt>
  <trkpt lat="13.80826604" lon="100.25569209"><ele>-25.350</ele><time>2025-01-19T03:32:53Z</time><speed>17.044</speed><sat>9</sat></trkpt>
  <trkpt lat="13.80827953" lon="100.25553550"><ele>-25.144</ele><time>2025-01-19T03:32:54Z</time><speed>16.819</speed><sat>9</sat></trkpt>
  <trkpt lat="13.80829433" lon="100.25537862"><ele>-25.078</ele><time>2025-01-19T03:32:55Z</time><speed>16.641</speed><sat>11</sat></trkpt>
  <trkpt lat="13.80831094" lon="100.25522215"><ele>-24.932</ele><time>2025-01-19T03:32:56Z</time><speed>16.502</speed><sat>12</sat></trkpt>
  <trkpt lat="13.80832453" lon="100.25506800"><ele>-24.859</ele><time>2025-01-19T03:32:57Z</time><speed>16.320</speed><sat>12</sat></trkpt>
  <trkpt lat="13.80835255" lon="100.25476664"><ele>-24.796</ele><time>2025-01-19T03:32:59Z</time><speed>15.933</speed><sat>13</sat></trkpt>
  <trkpt lat="13.80836670" lon="100.25461806"><ele>-24.771</ele><time>2025-01-19T03:33:00Z</time><speed>15.770</speed><sat>13</sat></trkpt>
  <trkpt lat="13.80838419" lon="100.25447366"><ele>-24.257</ele><time>2025-01-19T03:33:01Z</time><speed>15.546</speed><sat>13</sat></trkpt>
  <trkpt lat="13.80839976" lon="100.25433335"><ele>-24.185</ele><time>2025-01-19T03:33:02Z</time><speed>15.346</speed><sat>11</sat></trkpt>
  <trkpt lat="13.80841027" lon="100.25419456"><ele>-24.239</ele><time>2025-01-19T03:33:03Z</time><speed>15.157</speed><sat>10</sat></trkpt>
  <trkpt lat="13.80842401" lon="100.25405754"><ele>-24.540</ele><time>2025-01-19T03:33:04Z</time><speed>14.868</speed><sat>10</sat></trkpt>
  <trkpt lat="13.80843861" lon="100.25392087"><ele>-24.963</ele><time>2025-01-19T03:33:05Z</time><speed>14.669</speed><sat>10</sat></trkpt>
  <trkpt lat="13.80845392" lon="100.25378434"><ele>-24.664</ele><time>2025-01-19T03:33:06Z</time><speed>14.424</speed><sat>10</sat></trkpt>
  <trkpt lat="13.80846311" lon="100.25364930"><ele>-25.018</ele><time>2025-01-19T03:33:07Z</time><speed>14.194</speed><sat>10</sat></trkpt>
  <trkpt lat="13.80847486" lon="100.25351956"><ele>-24.954</ele><time>2025-01-19T03:33:08Z</time><speed>13.925</speed><sat>10</sat></trkpt>
  <trkpt lat="13.80848737" lon="100.25339432"><ele>-24.740</ele><time>2025-01-19T03:33:09Z</time><speed>13.592</speed><sat>11</sat></trkpt>
  <trkpt lat="13.80850009" lon="100.25327052"><ele>-24.655</ele><time>2025-01-19T03:33:10Z</time><speed>13.349</speed><sat>10</sat></trkpt>
  <trkpt lat="13.80851399" lon="100.25314827"><ele>-24.785</ele><time>2025-01-19T03:33:11Z</time><speed>13.095</speed><sat>11</sat></trkpt>
  <trkpt lat="13.80853861" lon="100.25291524"><ele>-24.471</ele><time>2025-01-19T03:33:13Z</time><speed>12.520</speed><sat>8</sat></trkpt>
  <trkpt lat="13.80855247" lon="100.25280079"><ele>-24.488</ele><time>2025-01-19T03:33:14Z</time><speed>12.325</speed><sat>10</sat></trkpt>
  <trkpt lat="13.80856315" lon="100.25268935"><ele>-24.401</ele><time>2025-01-19T03:33:15Z</time><speed>12.057</speed><sat>8</sat></trkpt>
  <trkpt lat="13.80857532" lon="100.25258205"><ele>-24.306</ele><time>2025-01-19T03:33:16Z</time><speed>11.700</speed><sat>9</sat></trkpt>
  <trkpt lat="13.80858275" lon="100.25247889"><ele>-24.606</ele><time>2025-01-19T03:33:17Z</time><speed>11.317</speed><sat>10</sat></trkpt>
  <trkpt lat="13.80859226" lon="100.25237746"><ele>-24.312</ele><time>2025-01-19T03:33:18Z</time><speed>10.938</speed><sat>9</sat></trkpt>
  <trkpt lat="13.80860314" lon="100.25228342"><ele>-24.986</ele><time>2025-01-19T03:33:19Z</time><speed>10.526</speed><sat>8</sat></trkpt>
  <trkpt lat="13.80861212" lon="100.25219032"><ele>-24.881</ele><time>2025-01-19T03:33:20Z</time><speed>10.133</speed><sat>9</sat></trkpt>
  <trkpt lat="13.80861755" lon="100.25210081"><ele>-24.729</ele><time>2025-01-19T03:33:21Z</time><speed>9.705</speed><sat>10</sat></trkpt>
  <trkpt lat="13.80862552" lon="100.25201192"><ele>-24.634</ele><time>2025-01-19T03:33:22Z</time><speed>9.361</speed><sat>10</sat></trkpt>
  <trkpt lat="13.80863279" lon="100.25192686"><ele>-24.778</ele><time>2025-01-19T03:33:23Z</time><speed>8.991</speed><sat>8</sat></trkpt>
  <trkpt lat="13.80864010" lon="100.25184338"><ele>-24.924</ele><time>2025-01-19T03:33:24Z</time><speed>8.668</speed><sat>7</sat></trkpt>
  <trkpt lat="13.80864642" lon="100.25176421"><ele>-25.042</ele><time>2025-01-19T03:33:25Z</time><speed>8.327</speed><sat>7</sat></trkpt>
  <trkpt lat="13.80865275" lon="100.25168835"><ele>-25.069</ele><time>2025-01-19T03:33:26Z</time><speed>7.965</speed><sat>6</sat></trkpt>
  <trkpt lat="13.80865843" lon="100.25161623"><ele>-24.988</ele><time>2025-01-19T03:33:27Z</time><speed>7.585</speed><sat>8</sat></trkpt>
  <trkpt lat="13.80866189" lon="100.25154302"><ele>-25.075</ele><time>2025-01-19T03:33:28Z</time><speed>7.258</speed><sat>8</sat></trkpt>
  <trkpt lat="13.80867444" lon="100.25147422"><ele>-25.090</ele><time>2025-01-19T03:33:29Z</time><speed>6.926</speed><sat>8</sat></trkpt>
  <trkpt lat="13.80868063" lon="100.25141119"><ele>-24.996</ele><time>2025-01-19T03:33:30Z</time><speed>6.521</speed><sat>8</sat></trkpt>
  <trkpt lat="13.80868526" lon="100.25135387"><ele>-24.979</ele><time>2025-01-19T03:33:31Z</time><speed>6.076</speed><sat>6</sat></trkpt>
  <trkpt lat="13.80869015" lon="100.25130547"><ele>-24.763</ele><time>2025-01-19T03:33:32Z</time><speed>5.586</speed><sat>8</sat></trkpt>
  <trkpt lat="13.80869299" lon="100.25125984"><ele>-24.532</ele><time>2025-01-19T03:33:33Z</time><speed>5.099</speed><sat>9</sat></trkpt>
  <trkpt lat="13.80869427" lon="100.25121781"><ele>-24.331</ele><time>2025-01-19T03:33:34Z</time><speed>4.659</speed><sat>7</sat></trkpt>
  <trkpt lat="13.80869623" lon="100.25118207"><ele>-24.181</ele><time>2025-01-19T03:33:35Z</time><speed>4.194</speed><sat>8</sat></trkpt>
  <trkpt lat="13.80869787" lon="100.25114976"><ele>-23.974</ele><time>2025-01-19T03:33:36Z</time><speed>3.728</speed><sat>9</sat></trkpt>
  <trkpt lat="13.80870124" lon="100.25111654"><ele>-23.896</ele><time>2025-01-19T03:33:37Z</time><speed>3.399</speed><sat>8</sat></trkpt>
  <trkpt lat="13.80870564" lon="100.25108505"><ele>-23.897</ele><time>2025-01-19T03:33:38Z</time><speed>3.100</speed><sat>8</sat></trkpt>
  <trkpt lat="13.80870876" lon="100.25105609"><ele>-23.776</ele><time>2025-01-19T03:33:39Z</time><speed>2.848</speed><sat>7</sat></trkpt>
  <trkpt lat="13.80871508" lon="100.25102878"><ele>-23.608</ele><time>2025-01-19T03:33:40Z</time><speed>2.578</speed><sat>9</sat></trkpt>
  <trkpt lat="13.80872211" lon="100.25100372"><ele>-23.536</ele><time>2025-01-19T03:33:41Z</time><speed>2.259</speed><sat>9</sat></trkpt>
  <trkpt lat="13.80872219" lon="100.25099159"><ele>-23.751</ele><time>2025-01-19T03:33:42Z</time><speed>1.909</speed><sat>10</sat></trkpt>
  <trkpt lat="13.80872303" lon="100.25098207"><ele>-23.732</ele><time>2025-01-19T03:33:43Z</time><speed>1.472</speed><sat>9</sat></trkpt>
  <trkpt lat="13.80872378" lon="100.25097409"><ele>-23.576</ele><time>2025-01-19T03:33:44Z</time><speed>1.166</speed><sat>9</sat></trkpt>
  <trkpt lat="13.80872403" lon="100.25097174"><ele>-23.304</ele><time>2025-01-19T03:33:45Z</time><speed>0.858</speed><sat>10</sat></trkpt>
  <trkpt lat="13.80872409" lon="100.25097135"><ele>-23.047</ele><time>2025-01-19T03:33:46Z</time><speed>0.607</speed><sat>10</sat></trkpt>
  <trkpt lat="13.80872425" lon="100.25096982"><ele>-22.942</ele><time>2025-01-19T03:33:47Z</time><speed>0.419</speed><sat>8</sat></trkpt>
  <trkpt lat="13.80872391" lon="100.25097360"><ele>-22.828</ele><time>2025-01-19T03:33:48Z</time><speed>0.351</speed><sat>9</sat></trkpt>
  <trkpt lat="13.80872363" lon="100.25097673"><ele>-22.831</ele><time>2025-01-19T03:33:49Z</time><speed>0.303</speed><sat>7</sat></trkpt>
  <trkpt lat="13.80872337" lon="100.25097971"><ele>-23.001</ele><time>2025-01-19T03:33:50Z</time><speed>0.246</speed><sat>7</sat></trkpt>
  <trkpt lat="13.80872291" lon="100.25098457"><ele>-22.847</ele><time>2025-01-19T03:33:51Z</time><speed>0.001</speed><sat>6</sat></trkpt>
  <trkpt lat="13.80872233" lon="100.25098969"><ele>-22.969</ele><time>2025-01-19T03:33:52Z</time><speed>0.007</speed><sat>7</sat></trkpt>
  <trkpt lat="13.80872214" lon="100.25099141"><ele>-22.877</ele><time>2025-01-19T03:33:53Z</time><speed>0.004</speed><sat>7</sat></trkpt>
  <trkpt lat="13.80872209" lon="100.25099186"><ele>-22.906</ele><time>2025-01-19T03:33:54Z</time><speed>0.002</speed><sat>10</sat></trkpt>
  <trkpt lat="13.80872175" lon="100.25099494"><ele>-23.272</ele><time>2025-01-19T03:33:55Z</time><speed>0.007</speed><sat>9</sat></trkpt>
  <trkpt lat="13.80872142" lon="100.25099799"><ele>-23.510</ele><time>2025-01-19T03:33:56Z</time><speed>0.013</speed><sat>10</sat></trkpt>
  <trkpt lat="13.80872136" lon="100.25099859"><ele>-23.575</ele><time>2025-01-19T03:33:57Z</time><speed>0.021</speed><sat>8</sat></trkpt>
  <trkpt lat="13.80872129" lon="100.25099930"><ele>-23.579</ele><time>2025-01-19T03:33:58Z</time><speed>0.021</speed><sat>8</sat></trkpt>
  <trkpt lat="13.80872102" lon="100.25100179"><ele>-23.618</ele><time>2025-01-19T03:33:59Z</time><speed>0.019</speed><sat>7</sat></trkpt>
  <trkpt lat="13.80872100" lon="100.25100189"><ele>-23.329</ele><time>2025-01-19T03:34:00Z</time><speed>0.000</speed><sat>7</sat></trkpt>
  <trkpt lat="13.80872098" lon="100.25100212"><ele>-22.973</ele><time>2025-01-19T03:34:01Z</time><speed>0.000</speed><sat>8</sat></trkpt>
  <trkpt lat="13.80872097" lon="100.25100224"><ele>-22.795</ele><time>2025-01-19T03:34:02Z</time><speed>0.001</speed><sat>8</sat></trkpt>
  <trkpt lat="13.80872019" lon="100.25100908"><ele>-22.736</ele><time>2025-01-19T03:34:03Z</time><speed>0.007</speed><sat>7</sat></trkpt>
  <trkpt lat="13.80871940" lon="100.25101601"><ele>-22.628</ele><time>2025-01-19T03:34:04Z</time><speed>0.018</speed><sat>8</sat></trkpt>
  <trkpt lat="13.80871875" lon="100.25102171"><ele>-22.473</ele><time>2025-01-19T03:34:05Z</time><speed>0.022</speed><sat>8</sat></trkpt>
  <trkpt lat="13.80871818" lon="100.25102681"><ele>-22.326</ele><time>2025-01-19T03:34:06Z</time><speed>0.036</speed><sat>8</sat></trkpt>
  <trkpt lat="13.80871773" lon="100.25103082"><ele>-22.256</ele><time>2025-01-19T03:34:07Z</time><speed>0.065</speed><sat>8</sat></trkpt>
  <trkpt lat="13.80871740" lon="100.25103382"><ele>-22.115</ele><time>2025-01-19T03:34:08Z</time><speed>0.075</speed><sat>9</sat></trkpt>
  <trkpt lat="13.80871710" lon="100.25103645"><ele>-22.062</ele><time>2025-01-19T03:34:09Z</time><speed>0.086</speed><sat>9</sat></trkpt>
  <trkpt lat="13.80871700" lon="100.25103717"><ele>-21.953</ele><time>2025-01-19T03:34:10Z</time><speed>0.152</speed><sat>10</sat></trkpt>
  <trkpt lat="13.80871648" lon="100.25104162"><ele>-22.033</ele><time>2025-01-19T03:34:11Z</time><speed>0.001</speed><sat>9</sat></trkpt>
  <trkpt lat="13.80871664" lon="100.25104026"><ele>-21.923</ele><time>2025-01-19T03:34:12Z</time><speed>0.012</speed><sat>10</sat></trkpt>
  <trkpt lat="13.80871685" lon="100.25103852"><ele>-21.637</ele><time>2025-01-19T03:34:13Z</time><speed>0.014</speed><sat>12</sat></trkpt>
  <trkpt lat="13.80871690" lon="100.25103808"><ele>-21.648</ele><time>2025-01-19T03:34:14Z</time><speed>0.009</speed><sat>11</sat></trkpt>
  <trkpt lat="13.80871690" lon="100.25103806"><ele>-21.662</ele><time>2025-01-19T03:34:15Z</time><speed>0.001</speed><sat>10</sat></trkpt>
  <trkpt lat="13.80871689" lon="100.25103819"><ele>-21.704</ele><time>2025-01-19T03:34:16Z</time><speed>0.003</speed><sat>11</sat></trkpt>
  <trkpt lat="13.80871688" lon="100.25103825"><ele>-21.686</ele><time>2025-01-19T03:34:17Z</time><speed>0.001</speed><sat>10</sat></trkpt>
  <trkpt lat="13.80871745" lon="100.25103335"><ele>-21.820</ele><time>2025-01-19T03:34:18Z</time><speed>0.033</speed><sat>11</sat></trkpt>
  <trkpt lat="13.80871797" lon="100.25102896"><ele>-21.792</ele><time>2025-01-19T03:34:19Z</time><speed>0.124</speed><sat>10</sat></trkpt>
  <trkpt lat="13.80871852" lon="100.25102423"><ele>-21.873</ele><time>2025-01-19T03:34:20Z</time><speed>0.273</speed><sat>8</sat></trkpt>
  <trkpt lat="13.80871972" lon="100.25101395"><ele>-21.901</ele><time>2025-01-19T03:34:21Z</time><speed>0.445</speed><sat>8</sat></trkpt>
  <trkpt lat="13.80872166" lon="100.25099742"><ele>-22.002</ele><time>2025-01-19T03:34:22Z</time><speed>0.679</speed><sat>11</sat></trkpt>
  <trkpt lat="13.80872403" lon="100.25097732"><ele>-22.145</ele><time>2025-01-19T03:34:23Z</time><speed>0.938</speed><sat>10</sat></trkpt>
  <trkpt lat="13.80872658" lon="100.25095596"><ele>-22.368</ele><time>2025-01-19T03:34:24Z</time><speed>1.263</speed><sat>8</sat></trkpt>
  <trkpt lat="13.80872963" lon="100.25093466"><ele>-22.544</ele><time>2025-01-19T03:34:25Z</time><speed>1.644</speed><sat>8</sat></trkpt>
  <trkpt lat="13.80873317" lon="100.25090872"><ele>-22.716</ele><time>2025-01-19T03:34:26Z</time><speed>2.078</speed><sat>8</sat></trkpt>
  <trkpt lat="13.80873850" lon="100.25087727"><ele>-22.846</ele><time>2025-01-19T03:34:27Z</time><speed>2.526</speed><sat>8</sat></trkpt>
  <trkpt lat="13.80874399" lon="100.25084457"><ele>-22.881</ele><time>2025-01-19T03:34:28Z</time><speed>2.881</speed><sat>9</sat></trkpt>
  <trkpt lat="13.80875083" lon="100.25080439"><ele>-22.924</ele><time>2025-01-19T03:34:29Z</time><speed>3.289</speed><sat>11</sat></trkpt>
  <trkpt lat="13.80875814" lon="100.25076837"><ele>-22.963</ele><time>2025-01-19T03:34:30Z</time><speed>3.593</speed><sat>8</sat></trkpt>
  <trkpt lat="13.80876631" lon="100.25072834"><ele>-23.100</ele><time>2025-01-19T03:34:31Z</time><speed>3.969</speed><sat>7</sat></trkpt>
  <trkpt lat="13.80877648" lon="100.25066935"><ele>-23.528</ele><time>2025-01-19T03:34:32Z</time><speed>4.650</speed><sat>9</sat></trkpt>
  <trkpt lat="13.80878788" lon="100.25060108"><ele>-24.475</ele><time>2025-01-19T03:34:33Z</time><speed>5.292</speed><sat>9</sat></trkpt>
  <trkpt lat="13.80879783" lon="100.25053737"><ele>-25.106</ele><time>2025-01-19T03:34:34Z</time><speed>5.730</speed><sat>9</sat></trkpt>
  <trkpt lat="13.80880700" lon="100.25047497"><ele>-25.367</ele><time>2025-01-19T03:34:35Z</time><speed>6.112</speed><sat>9</sat></trkpt>
  <trkpt lat="13.80881805" lon="100.25041030"><ele>-25.552</ele><time>2025-01-19T03:34:36Z</time><speed>6.573</speed><sat>7</sat></trkpt>
  <trkpt lat="13.80882750" lon="100.25033734"><ele>-25.831</ele><time>2025-01-19T03:34:37Z</time><speed>6.995</speed><sat>8</sat></trkpt>
  <trkpt lat="13.80883560" lon="100.25026535"><ele>-26.084</ele><time>2025-01-19T03:34:38Z</time><speed>7.322</speed><sat>8</sat></trkpt>
  <trkpt lat="13.80884166" lon="100.25019466"><ele>-26.286</ele><time>2025-01-19T03:34:39Z</time><speed>7.614</speed><sat>6</sat></trkpt>
  <trkpt lat="13.80884787" lon="100.25011074"><ele>-25.906</ele><time>2025-01-19T03:34:40Z</time><speed>7.972</speed><sat>8</sat></trkpt>
  <trkpt lat="13.80885500" lon="100.25002789"><ele>-25.446</ele><time>2025-01-19T03:34:41Z</time><speed>8.262</speed><sat>9</sat></trkpt>
  <trkpt lat="13.80886285" lon="100.24994618"><ele>-24.983</ele><time>2025-01-19T03:34:42Z</time><speed>8.548</speed><sat>9</sat></trkpt>
  <trkpt lat="13.80887046" lon="100.24985826"><ele>-25.069</ele><time>2025-01-19T03:34:43Z</time><speed>8.947</speed><sat>8</sat></trkpt>
  <trkpt lat="13.80887894" lon="100.24976948"><ele>-24.997</ele><time>2025-01-19T03:34:44Z</time><speed>9.272</speed><sat>9</sat></trkpt>
  <trkpt lat="13.80888908" lon="100.24967940"><ele>-24.819</ele><time>2025-01-19T03:34:45Z</time><speed>9.532</speed><sat>8</sat></trkpt>
  <trkpt lat="13.80889774" lon="100.24959337"><ele>-24.850</ele><time>2025-01-19T03:34:46Z</time><speed>9.529</speed><sat>8</sat></trkpt>
  <trkpt lat="13.80890128" lon="100.24950047"><ele>-24.543</ele><time>2025-01-19T03:34:47Z</time><speed>9.710</speed><sat>9</sat></trkpt>
  <trkpt lat="13.80890800" lon="100.24940927"><ele>-24.629</ele><time>2025-01-19T03:34:48Z</time><speed>9.910</speed><sat>9</sat></trkpt>
  <trkpt lat="13.80891770" lon="100.24931594"><ele>-25.035</ele><time>2025-01-19T03:34:49Z</time><speed>10.139</speed><sat>9</sat></trkpt>
  <trkpt lat="13.80892486" lon="100.24921752"><ele>-25.179</ele><time>2025-01-19T03:34:50Z</time><speed>10.402</speed><sat>10</sat></trkpt>
  <trkpt lat="13.80893648" lon="100.24911790"><ele>-25.201</ele><time>2025-01-19T03:34:51Z</time><speed>10.644</speed><sat>10</sat></trkpt>
  <trkpt lat="13.80894816" lon="100.24901833"><ele>-24.772</ele><time>2025-01-19T03:34:52Z</time><speed>10.860</speed><sat>10</sat></trkpt>
  <trkpt lat="13.80895995" lon="100.24891501"><ele>-24.507</ele><time>2025-01-19T03:34:53Z</time><speed>11.085</speed><sat>10</sat></trkpt>
  <trkpt lat="13.80897115" lon="100.24881115"><ele>-24.680</ele><time>2025-01-19T03:34:54Z</time><speed>11.308</speed><sat>9</sat></trkpt>
  <trkpt lat="13.80898162" lon="100.24870545"><ele>-24.685</ele><time>2025-01-19T03:34:55Z</time><speed>11.500</speed><sat>11</sat></trkpt>
  <trkpt lat="13.80899483" lon="100.24859791"><ele>-25.128</ele><time>2025-01-19T03:34:56Z</time><speed>11.689</speed><sat>11</sat></trkpt>
  <trkpt lat="13.80900731" lon="100.24848726"><ele>-25.517</ele><time>2025-01-19T03:34:57Z</time><speed>11.876</speed><sat>11</sat></trkpt>
  <trkpt lat="13.80901999" lon="100.24837650"><ele>-25.432</ele><time>2025-01-19T03:34:58Z</time><speed>12.054</speed><sat>10</sat></trkpt>
  <trkpt lat="13.80902918" lon="100.24826379"><ele>-25.216</ele><time>2025-01-19T03:34:59Z</time><speed>12.238</speed><sat>10</sat></trkpt>
  <trkpt lat="13.80904076" lon="100.24814929"><ele>-25.060</ele><time>2025-01-19T03:35:00Z</time><speed>12.422</speed><sat>9</sat></trkpt>
  <trkpt lat="13.80905166" lon="100.24803332"><ele>-24.937</ele><time>2025-01-19T03:35:01Z</time><speed>12.599</speed><sat>8</sat></trkpt>
  <trkpt lat="13.80906216" lon="100.24791525"><ele>-24.879</ele><time>2025-01-19T03:35:02Z</time><speed>12.782</speed><sat>9</sat></trkpt>
  <trkpt lat="13.80907323" lon="100.24779291"><ele>-24.457</ele><time>2025-01-19T03:35:03Z</time><speed>13.001</speed><sat>9</sat></trkpt>
  <trkpt lat="13.80908175" lon="100.24767127"><ele>-24.301</ele><time>2025-01-19T03:35:04Z</time><speed>13.152</speed><sat>9</sat></trkpt>
  <trkpt lat="13.80909398" lon="100.24754781"><ele>-24.054</ele><time>2025-01-19T03:35:05Z</time><speed>13.314</speed><sat>8</sat></trkpt>
  <trkpt lat="13.80910569" lon="100.24742407"><ele>-24.025</ele><time>2025-01-19T03:35:06Z</time><speed>13.516</speed><sat>9</sat></trkpt>
  <trkpt lat="13.80911732" lon="100.24729782"><ele>-24.108</ele><time>2025-01-19T03:35:07Z</time><speed>13.734</speed><sat>9</sat></trkpt>
  <trkpt lat="13.80913159" lon="100.24716834"><ele>-24.139</ele><time>2025-01-19T03:35:08Z</time><speed>14.000</speed><sat>10</sat></trkpt>
  <trkpt lat="13.80914313" lon="100.24703792"><ele>-24.151</ele><time>2025-01-19T03:35:09Z</time><speed>14.241</speed><sat>10</sat></trkpt>
  <trkpt lat="13.80915324" lon="100.24690592"><ele>-24.008</ele><time>2025-01-19T03:35:10Z</time><speed>14.437</speed><sat>11</sat></trkpt>
  <trkpt lat="13.80917045" lon="100.24677161"><ele>-23.768</ele><time>2025-01-19T03:35:11Z</time><speed>14.645</speed><sat>10</sat></trkpt>
  <trkpt lat="13.80918475" lon="100.24663513"><ele>-23.517</ele><time>2025-01-19T03:35:12Z</time><speed>14.857</speed><sat>10</sat></trkpt>
  <trkpt lat="13.80919613" lon="100.24649669"><ele>-23.590</ele><time>2025-01-19T03:35:13Z</time><speed>15.079</speed><sat>10</sat></trkpt>
  <trkpt lat="13.80921373" lon="100.24635667"><ele>-23.454</ele><time>2025-01-19T03:35:14Z</time><speed>15.268</speed><sat>8</sat></trkpt>
  <trkpt lat="13.80922810" lon="100.24621613"><ele>-23.232</ele><time>2025-01-19T03:35:15Z</time><speed>15.450</speed><sat>11</sat></trkpt>
  <trkpt lat="13.80924107" lon="100.24607256"><ele>-23.223</ele><time>2025-01-19T03:35:16Z</time><speed>15.676</speed><sat>11</sat></trkpt>
  <trkpt lat="13.80925361" lon="100.24592871"><ele>-23.075</ele><time>2025-01-19T03:35:17Z</time><speed>15.816</speed><sat>11</sat></trkpt>
  <trkpt lat="13.80926547" lon="100.24578351"><ele>-22.815</ele><time>2025-01-19T03:35:18Z</time><speed>15.910</speed><sat>11</sat></trkpt>
  <trkpt lat="13.80927879" lon="100.24563669"><ele>-22.607</ele><time>2025-01-19T03:35:19Z</time><speed>16.059</speed><sat>11</sat></trkpt>
  <trkpt lat="13.80929302" lon="100.24548985"><ele>-22.256</ele><time>2025-01-19T03:35:20Z</time><speed>16.150</speed><sat>11</sat></trkpt>
  <trkpt lat="13.80931036" lon="100.24534176"><ele>-22.000</ele><time>2025-01-19T03:35:21Z</time><speed>16.276</speed><sat>9</sat></trkpt>
  <trkpt lat="13.80932667" lon="100.24519185"><ele>-22.201</ele><time>2025-01-19T03:35:22Z</time><speed>16.397</speed><sat>10</sat></trkpt>
  <trkpt lat="13.80934550" lon="100.24504472"><ele>-22.179</ele><time>2025-01-19T03:35:23Z</time><speed>16.458</speed><sat>11</sat></trkpt>
  <trkpt lat="13.80936193" lon="100.24489605"><ele>-22.324</ele><time>2025-01-19T03:35:24Z</time><speed>16.562</speed><sat>10</sat></trkpt>
  <trkpt lat="13.80937773" lon="100.24474486"><ele>-22.196</ele><time>2025-01-19T03:35:25Z</time><speed>16.694</speed><sat>9</sat></trkpt>
  <trkpt lat="13.80939267" lon="100.24459135"><ele>-22.305</ele><time>2025-01-19T03:35:26Z</time><speed>16.798</speed><sat>8</sat></trkpt>
  <trkpt lat="13.80940604" lon="100.24443789"><ele>-22.564</ele><time>2025-01-19T03:35:27Z</time><speed>16.913</speed><sat>9</sat></trkpt>
  <trkpt lat="13.80941692" lon="100.24428150"><ele>-22.877</ele><time>2025-01-19T03:35:28Z</time><speed>17.028</speed><sat>11</sat></trkpt>
  <trkpt lat="13.80942908" lon="100.24412376"><ele>-22.911</ele><time>2025-01-19T03:35:29Z</time><speed>17.141</speed><sat>12</sat></trkpt>
  <trkpt lat="13.80944106" lon="100.24396625"><ele>-23.111</ele><time>2025-01-19T03:35:30Z</time><speed>17.231</speed><sat>10</sat></trkpt>
  <trkpt lat="13.80945604" lon="100.24380721"><ele>-23.007</ele><time>2025-01-19T03:35:31Z</time><speed>17.300</speed><sat>10</sat></trkpt>
  <trkpt lat="13.80946876" lon="100.24364685"><ele>-22.921</ele><time>2025-01-19T03:35:32Z</time><speed>17.328</speed><sat>8</sat></trkpt>
  <trkpt lat="13.80948695" lon="100.24348681"><ele>-22.361</ele><time>2025-01-19T03:35:33Z</time><speed>17.329</speed><sat>10</sat></trkpt>
  <trkpt lat="13.80949907" lon="100.24332586"><ele>-21.965</ele><time>2025-01-19T03:35:34Z</time><speed>17.321</speed><sat>11</sat></trkpt>
  <trkpt lat="13.80950970" lon="100.24316454"><ele>-21.746</ele><time>2025-01-19T03:35:35Z</time><speed>17.364</speed><sat>10</sat></trkpt>
  <trkpt lat="13.80951683" lon="100.24300062"><ele>-21.528</ele><time>2025-01-19T03:35:36Z</time><speed>17.436</speed><sat>11</sat></trkpt>
  <trkpt lat="13.80951720" lon="100.24284348"><ele>-21.415</ele><time>2025-01-19T03:35:37Z</time><speed>17.334</speed><sat>8</sat></trkpt>
  <trkpt lat="13.80951150" lon="100.24268294"><ele>-21.117</ele><time>2025-01-19T03:35:38Z</time><speed>17.308</speed><sat>10</sat></trkpt>
  <trkpt lat="13.80950364" lon="100.24251830"><ele>-20.692</ele><time>2025-01-19T03:35:39Z</time><speed>17.373</speed><sat>10</sat></trkpt>
  <trkpt lat="13.80949948" lon="100.24234872"><ele>-20.281</ele><time>2025-01-19T03:35:40Z</time><speed>17.595</speed><sat>10</sat></trkpt>
  <trkpt lat="13.80949406" lon="100.24218324"><ele>-19.594</ele><time>2025-01-19T03:35:41Z</time><speed>17.733</speed><sat>11</sat></trkpt>
  <trkpt lat="13.80948747" lon="100.24201663"><ele>-18.975</ele><time>2025-01-19T03:35:42Z</time><speed>17.926</speed><sat>11</sat></trkpt>
  <trkpt lat="13.80948108" lon="100.24184628"><ele>-18.731</ele><time>2025-01-19T03:35:43Z</time><speed>18.156</speed><sat>11</sat></trkpt>
  <trkpt lat="13.80947341" lon="100.24167408"><ele>-18.563</ele><time>2025-01-19T03:35:44Z</time><speed>18.403</speed><sat>10</sat></trkpt>
  <trkpt lat="13.80946475" lon="100.24150513"><ele>-18.506</ele><time>2025-01-19T03:35:45Z</time><speed>18.495</speed><sat>10</sat></trkpt>
  <trkpt lat="13.80945498" lon="100.24133270"><ele>-18.276</ele><time>2025-01-19T03:35:46Z</time><speed>18.625</speed><sat>9</sat></trkpt>
  <trkpt lat="13.80944258" lon="100.24115970"><ele>-17.860</ele><time>2025-01-19T03:35:47Z</time><speed>18.727</speed><sat>11</sat></trkpt>
  <trkpt lat="13.80942684" lon="100.24098763"><ele>-18.349</ele><time>2025-01-19T03:35:48Z</time><speed>18.823</speed><sat>12</sat></trkpt>
  <trkpt lat="13.80941121" lon="100.24081135"><ele>-18.995</ele><time>2025-01-19T03:35:49Z</time><speed>18.970</speed><sat>12</sat></trkpt>
  <trkpt lat="13.80939759" lon="100.24063854"><ele>-20.402</ele><time>2025-01-19T03:35:50Z</time><speed>19.068</speed><sat>13</sat></trkpt>
  <trkpt lat="13.80938530" lon="100.24046318"><ele>-21.085</ele><time>2025-01-19T03:35:51Z</time><speed>19.225</speed><sat>12</sat></trkpt>
  <trkpt lat="13.80937010" lon="100.24028354"><ele>-21.329</ele><time>2025-01-19T03:35:52Z</time><speed>19.364</speed><sat>13</sat></trkpt>
  <trkpt lat="13.80935376" lon="100.24010580"><ele>-21.880</ele><time>2025-01-19T03:35:53Z</time><speed>19.488</speed><sat>14</sat></trkpt>
  <trkpt lat="13.80933693" lon="100.23992597"><ele>-21.901</ele><time>2025-01-19T03:35:54Z</time><speed>19.592</speed><sat>15</sat></trkpt>
  <trkpt lat="13.80932218" lon="100.23974416"><ele>-22.137</ele><time>2025-01-19T03:35:55Z</time><speed>19.700</speed><sat>16</sat></trkpt>
  <trkpt lat="13.80930895" lon="100.23956129"><ele>-22.372</ele><time>2025-01-19T03:35:56Z</time><speed>19.831</speed><sat>14</sat></trkpt>
  <trkpt lat="13.80929487" lon="100.23937997"><ele>-23.080</ele><time>2025-01-19T03:35:57Z</time><speed>19.927</speed><sat>14</sat></trkpt>
  <trkpt lat="13.80928163" lon="100.23919455"><ele>-23.748</ele><time>2025-01-19T03:35:58Z</time><speed>20.072</speed><sat>15</sat></trkpt>
  <trkpt lat="13.80926815" lon="100.23900741"><ele>-23.779</ele><time>2025-01-19T03:35:59Z</time><speed>20.204</speed><sat>14</sat></trkpt>
  <trkpt lat="13.80925476" lon="100.23882111"><ele>-23.379</ele><time>2025-01-19T03:36:00Z</time><speed>20.307</speed><sat>14</sat></trkpt>
  <trkpt lat="13.80924251" lon="100.23863365"><ele>-23.614</ele><time>2025-01-19T03:36:01Z</time><speed>20.394</speed><sat>13</sat></trkpt>
  <trkpt lat="13.80922787" lon="100.23844481"><ele>-23.709</ele><time>2025-01-19T03:36:02Z</time><speed>20.506</speed><sat>11</sat></trkpt>
  <trkpt lat="13.80921599" lon="100.23825546"><ele>-23.794</ele><time>2025-01-19T03:36:03Z</time><speed>20.606</speed><sat>13</sat></trkpt>
  <trkpt lat="13.80920419" lon="100.23806626"><ele>-24.475</ele><time>2025-01-19T03:36:04Z</time><speed>20.672</speed><sat>12</sat></trkpt>
  <trkpt lat="13.80919126" lon="100.23787670"><ele>-24.452</ele><time>2025-01-19T03:36:05Z</time><speed>20.763</speed><sat>13</sat></trkpt>
  <trkpt lat="13.80917783" lon="100.23768389"><ele>-24.437</ele><time>2025-01-19T03:36:06Z</time><speed>20.867</speed><sat>13</sat></trkpt>
  <trkpt lat="13.80916291" lon="100.23748921"><ele>-24.306</ele><time>2025-01-19T03:36:07Z</time><speed>21.009</speed><sat>15</sat></trkpt>
  <trkpt lat="13.80915026" lon="100.23729500"><ele>-24.350</ele><time>2025-01-19T03:36:08Z</time><speed>21.083</speed><sat>13</sat></trkpt>
  <trkpt lat="13.80913895" lon="100.23710004"><ele>-24.680</ele><time>2025-01-19T03:36:09Z</time><speed>21.195</speed><sat>15</sat></trkpt>
  <trkpt lat="13.80912782" lon="100.23690595"><ele>-24.911</ele><time>2025-01-19T03:36:10Z</time><speed>21.277</speed><sat>15</sat></trkpt>
  <trkpt lat="13.80911808" lon="100.23670798"><ele>-24.790</ele><time>2025-01-19T03:36:11Z</time><speed>21.363</speed><sat>14</sat></trkpt>
  <trkpt lat="13.80910702" lon="100.23650991"><ele>-24.794</ele><time>2025-01-19T03:36:12Z</time><speed>21.455</speed><sat>13</sat></trkpt>
  <trkpt lat="13.80909297" lon="100.23631151"><ele>-25.602</ele><time>2025-01-19T03:36:13Z</time><speed>21.558</speed><sat>15</sat></trkpt>
  <trkpt lat="13.80907750" lon="100.23611293"><ele>-26.180</ele><time>2025-01-19T03:36:14Z</time><speed>21.651</speed><sat>14</sat></trkpt>
  <trkpt lat="13.80906452" lon="100.23591360"><ele>-26.757</ele><time>2025-01-19T03:36:15Z</time><speed>21.733</speed><sat>14</sat></trkpt>
  <trkpt lat="13.80905292" lon="100.23571133"><ele>-26.787</ele><time>2025-01-19T03:36:16Z</time><speed>21.829</speed><sat>15</sat></trkpt>
  <trkpt lat="13.80904408" lon="100.23550792"><ele>-26.413</ele><time>2025-01-19T03:36:17Z</time><speed>21.914</speed><sat>14</sat></trkpt>
  <trkpt lat="13.80902906" lon="100.23530484"><ele>-26.208</ele><time>2025-01-19T03:36:18Z</time><speed>21.979</speed><sat>12</sat></trkpt>
  <trkpt lat="13.80901719" lon="100.23510080"><ele>-26.242</ele><time>2025-01-19T03:36:19Z</time><speed>22.066</speed><sat>13</sat></trkpt>
  <trkpt lat="13.80900478" lon="100.23489557"><ele>-26.067</ele><time>2025-01-19T03:36:20Z</time><speed>22.144</speed><sat>10</sat></trkpt>
  <trkpt lat="13.80899076" lon="100.23469053"><ele>-26.045</ele><time>2025-01-19T03:36:21Z</time><speed>22.226</speed><sat>10</sat></trkpt>
  <trkpt lat="13.80897884" lon="100.23448390"><ele>-25.854</ele><time>2025-01-19T03:36:22Z</time><speed>22.331</speed><sat>13</sat></trkpt>
  <trkpt lat="13.80896617" lon="100.23427862"><ele>-25.633</ele><time>2025-01-19T03:36:23Z</time><speed>22.386</speed><sat>12</sat></trkpt>
  <trkpt lat="13.80895278" lon="100.23407090"><ele>-25.303</ele><time>2025-01-19T03:36:24Z</time><speed>22.405</speed><sat>14</sat></trkpt>
  <trkpt lat="13.80894211" lon="100.23386472"><ele>-25.560</ele><time>2025-01-19T03:36:25Z</time><speed>22.415</speed><sat>13</sat></trkpt>
  <trkpt lat="13.80893390" lon="100.23365906"><ele>-25.545</ele><time>2025-01-19T03:36:26Z</time><speed>22.400</speed><sat>13</sat></trkpt>
  <trkpt lat="13.80892331" lon="100.23345183"><ele>-25.602</ele><time>2025-01-19T03:36:27Z</time><speed>22.354</speed><sat>11</sat></trkpt>
  <trkpt lat="13.80891273" lon="100.23324774"><ele>-25.464</ele><time>2025-01-19T03:36:28Z</time><speed>22.189</speed><sat>12</sat></trkpt>
  <trkpt lat="13.80890154" lon="100.23304332"><ele>-25.393</ele><time>2025-01-19T03:36:29Z</time><speed>22.081</speed><sat>12</sat></trkpt>
  <trkpt lat="13.80889141" lon="100.23283970"><ele>-25.067</ele><time>2025-01-19T03:36:30Z</time><speed>21.978</speed><sat>12</sat></trkpt>
  <trkpt lat="13.80888220" lon="100.23263696"><ele>-25.165</ele><time>2025-01-19T03:36:31Z</time><speed>21.877</speed><sat>11</sat></trkpt>
  <trkpt lat="13.80887262" lon="100.23243521"><ele>-25.234</ele><time>2025-01-19T03:36:32Z</time><speed>21.801</speed><sat>12</sat></trkpt>
  <trkpt lat="13.80885716" lon="100.23223486"><ele>-25.173</ele><time>2025-01-19T03:36:33Z</time><speed>21.735</speed><sat>11</sat></trkpt>
  <trkpt lat="13.80883884" lon="100.23203516"><ele>-25.252</ele><time>2025-01-19T03:36:34Z</time><speed>21.685</speed><sat>12</sat></trkpt>
  <trkpt lat="13.80882229" lon="100.23183507"><ele>-25.229</ele><time>2025-01-19T03:36:35Z</time><speed>21.673</speed><sat>13</sat></trkpt>
  <trkpt lat="13.80881319" lon="100.23163656"><ele>-25.209</ele><time>2025-01-19T03:36:36Z</time><speed>21.583</speed><sat>13</sat></trkpt>
  <trkpt lat="13.80880176" lon="100.23143701"><ele>-25.361</ele><time>2025-01-19T03:36:37Z</time><speed>21.515</speed><sat>13</sat></trkpt>
  <trkpt lat="13.80879057" lon="100.23123923"><ele>-25.238</ele><time>2025-01-19T03:36:38Z</time><speed>21.364</speed><sat>14</sat></trkpt>
  <trkpt lat="13.80878332" lon="100.23104198"><ele>-25.050</ele><time>2025-01-19T03:36:39Z</time><speed>21.187</speed><sat>14</sat></trkpt>
  <trkpt lat="13.80877256" lon="100.23084710"><ele>-25.261</ele><time>2025-01-19T03:36:40Z</time><speed>21.004</speed><sat>14</sat></trkpt>
  <trkpt lat="13.80876040" lon="100.23065457"><ele>-25.127</ele><time>2025-01-19T03:36:41Z</time><speed>20.805</speed><sat>13</sat></trkpt>
  <trkpt lat="13.80875021" lon="100.23046288"><ele>-25.054</ele><time>2025-01-19T03:36:42Z</time><speed>20.634</speed><sat>13</sat></trkpt>
  <trkpt lat="13.80873756" lon="100.23027329"><ele>-24.970</ele><time>2025-01-19T03:36:43Z</time><speed>20.446</speed><sat>11</sat></trkpt>
  <trkpt lat="13.80872541" lon="100.23008671"><ele>-25.557</ele><time>2025-01-19T03:36:44Z</time><speed>20.243</speed><sat>14</sat></trkpt>
  <trkpt lat="13.80871449" lon="100.22990146"><ele>-25.576</ele><time>2025-01-19T03:36:45Z</time><speed>20.049</speed><sat>14</sat></trkpt>
  <trkpt lat="13.80870516" lon="100.22971759"><ele>-25.317</ele><time>2025-01-19T03:36:46Z</time><speed>19.863</speed><sat>12</sat></trkpt>
  <trkpt lat="13.80869537" lon="100.22953697"><ele>-25.253</ele><time>2025-01-19T03:36:47Z</time><speed>19.663</speed><sat>12</sat></trkpt>
  <trkpt lat="13.80868443" lon="100.22935778"><ele>-25.163</ele><time>2025-01-19T03:36:48Z</time><speed>19.461</speed><sat>13</sat></trkpt>
  <trkpt lat="13.80867525" lon="100.22917941"><ele>-25.240</ele><time>2025-01-19T03:36:49Z</time><speed>19.314</speed><sat>12</sat></trkpt>
  <trkpt lat="13.80866763" lon="100.22900343"><ele>-25.158</ele><time>2025-01-19T03:36:50Z</time><speed>19.155</speed><sat>12</sat></trkpt>
  <trkpt lat="13.80865965" lon="100.22882676"><ele>-25.092</ele><time>2025-01-19T03:36:51Z</time><speed>19.083</speed><sat>11</sat></trkpt>
  <trkpt lat="13.80864937" lon="100.22865125"><ele>-25.043</ele><time>2025-01-19T03:36:52Z</time><speed>19.042</speed><sat>11</sat></trkpt>
  <trkpt lat="13.80863949" lon="100.22847612"><ele>-24.872</ele><time>2025-01-19T03:36:53Z</time><speed>19.040</speed><sat>12</sat></trkpt>
  <trkpt lat="13.80862701" lon="100.22830072"><ele>-24.772</ele><time>2025-01-19T03:36:54Z</time><speed>19.077</speed><sat>12</sat></trkpt>
  <trkpt lat="13.80861443" lon="100.22812537"><ele>-24.619</ele><time>2025-01-19T03:36:55Z</time><speed>19.104</speed><sat>12</sat></trkpt>
  <trkpt lat="13.80860507" lon="100.22795065"><ele>-24.798</ele><time>2025-01-19T03:36:56Z</time><speed>19.107</speed><sat>12</sat></trkpt>
  <trkpt lat="13.80859816" lon="100.22777458"><ele>-24.709</ele><time>2025-01-19T03:36:56.999Z</time><speed>19.167</speed><sat>12</sat></trkpt>
  <trkpt lat="13.80858968" lon="100.22759543"><ele>-24.781</ele><time>2025-01-19T03:36:57.999Z</time><speed>19.232</speed><sat>11</sat></trkpt>
  <trkpt lat="13.80858319" lon="100.22741733"><ele>-25.004</ele><time>2025-01-19T03:36:58.999Z</time><speed>19.241</speed><sat>11</sat></trkpt>
  <trkpt lat="13.80857359" lon="100.22723824"><ele>-24.810</ele><time>2025-01-19T03:36:59.999Z</time><speed>19.282</speed><sat>11</sat></trkpt>
  <trkpt lat="13.80856095" lon="100.22705820"><ele>-24.373</ele><time>2025-01-19T03:37:00.999Z</time><speed>19.384</speed><sat>12</sat></trkpt>
  <trkpt lat="13.80854962" lon="100.22687983"><ele>-24.460</ele><time>2025-01-19T03:37:01.999Z</time><speed>19.430</speed><sat>11</sat></trkpt>
  <trkpt lat="13.80854854" lon="100.22671087"><ele>-25.244</ele><time>2025-01-19T03:37:02.999Z</time><speed>19.373</speed><sat>12</sat></trkpt>
  <trkpt lat="13.80854217" lon="100.22652728"><ele>-25.832</ele><time>2025-01-19T03:37:03.999Z</time><speed>19.422</speed><sat>12</sat></trkpt>
  <trkpt lat="13.80853629" lon="100.22634758"><ele>-26.084</ele><time>2025-01-19T03:37:04.999Z</time><speed>19.575</speed><sat>12</sat></trkpt>
  <trkpt lat="13.80850264" lon="100.22616327"><ele>-25.710</ele><time>2025-01-19T03:37:05.999Z</time><speed>19.506</speed><sat>10</sat></trkpt>
  <trkpt lat="13.80848911" lon="100.22598273"><ele>-25.940</ele><time>2025-01-19T03:37:06.999Z</time><speed>19.538</speed><sat>9</sat></trkpt>
  <trkpt lat="13.80847910" lon="100.22580202"><ele>-26.022</ele><time>2025-01-19T03:37:07.999Z</time><speed>19.532</speed><sat>11</sat></trkpt>
  <trkpt lat="13.80847073" lon="100.22562150"><ele>-25.926</ele><time>2025-01-19T03:37:08.999Z</time><speed>19.533</speed><sat>11</sat></trkpt>
  <trkpt lat="13.80846264" lon="100.22544226"><ele>-26.171</ele><time>2025-01-19T03:37:09.999Z</time><speed>19.508</speed><sat>11</sat></trkpt>
  <trkpt lat="13.80845234" lon="100.22526334"><ele>-26.485</ele><time>2025-01-19T03:37:10.999Z</time><speed>19.480</speed><sat>11</sat></trkpt>
  <trkpt lat="13.80844401" lon="100.22508405"><ele>-26.509</ele><time>2025-01-19T03:37:11.999Z</time><speed>19.441</speed><sat>11</sat></trkpt>
  <trkpt lat="13.80843655" lon="100.22490775"><ele>-26.550</ele><time>2025-01-19T03:37:12.999Z</time><speed>19.374</speed><sat>12</sat></trkpt>
  <trkpt lat="13.80842332" lon="100.22473060"><ele>-26.670</ele><time>2025-01-19T03:37:13.999Z</time><speed>19.348</speed><sat>11</sat></trkpt>
  <trkpt lat="13.80841380" lon="100.22455376"><ele>-27.081</ele><time>2025-01-19T03:37:14.999Z</time><speed>19.305</speed><sat>10</sat></trkpt>
  <trkpt lat="13.80840135" lon="100.22437724"><ele>-27.197</ele><time>2025-01-19T03:37:15.999Z</time><speed>19.263</speed><sat>11</sat></trkpt>
  <trkpt lat="13.80839191" lon="100.22419898"><ele>-27.292</ele><time>2025-01-19T03:37:16.999Z</time><speed>19.226</speed><sat>10</sat></trkpt>
  <trkpt lat="13.80838621" lon="100.22402184"><ele>-27.540</ele><time>2025-01-19T03:37:17.999Z</time><speed>19.140</speed><sat>10</sat></trkpt>
  <trkpt lat="13.80837608" lon="100.22384292"><ele>-27.769</ele><time>2025-01-19T03:37:18.999Z</time><speed>19.125</speed><sat>11</sat></trkpt>
  <trkpt lat="13.80836776" lon="100.22366478"><ele>-27.865</ele><time>2025-01-19T03:37:19.999Z</time><speed>19.106</speed><sat>11</sat></trkpt>
  <trkpt lat="13.80835940" lon="100.22348692"><ele>-27.982</ele><time>2025-01-19T03:37:20.999Z</time><speed>19.114</speed><sat>10</sat></trkpt>
  <trkpt lat="13.80834858" lon="100.22330701"><ele>-27.642</ele><time>2025-01-19T03:37:21.999Z</time><speed>19.137</speed><sat>11</sat></trkpt>
  <trkpt lat="13.80833852" lon="100.22313061"><ele>-27.646</ele><time>2025-01-19T03:37:22.999Z</time><speed>19.005</speed><sat>10</sat></trkpt>
  <trkpt lat="13.80832717" lon="100.22295983"><ele>-27.702</ele><time>2025-01-19T03:37:23.999Z</time><speed>18.809</speed><sat>10</sat></trkpt>
  <trkpt lat="13.80831859" lon="100.22278871"><ele>-27.998</ele><time>2025-01-19T03:37:24.999Z</time><speed>18.738</speed><sat>10</sat></trkpt>
  <trkpt lat="13.80830900" lon="100.22261858"><ele>-27.655</ele><time>2025-01-19T03:37:25.999Z</time><speed>18.589</speed><sat>10</sat></trkpt>
  <trkpt lat="13.80829885" lon="100.22244843"><ele>-27.076</ele><time>2025-01-19T03:37:26.999Z</time><speed>18.425</speed><sat>9</sat></trkpt>
  <trkpt lat="13.80828813" lon="100.22228052"><ele>-26.797</ele><time>2025-01-19T03:37:27.999Z</time><speed>18.254</speed><sat>9</sat></trkpt>
  <trkpt lat="13.80827873" lon="100.22211330"><ele>-26.538</ele><time>2025-01-19T03:37:28.999Z</time><speed>18.123</speed><sat>9</sat></trkpt>
  <trkpt lat="13.80826951" lon="100.22194834"><ele>-26.781</ele><time>2025-01-19T03:37:29.999Z</time><speed>17.939</speed><sat>9</sat></trkpt>
  <trkpt lat="13.80826157" lon="100.22178503"><ele>-27.075</ele><time>2025-01-19T03:37:30.999Z</time><speed>17.771</speed><sat>8</sat></trkpt>
  <trkpt lat="13.80825279" lon="100.22162256"><ele>-27.158</ele><time>2025-01-19T03:37:31.999Z</time><speed>17.582</speed><sat>8</sat></trkpt>
  <trkpt lat="13.80824313" lon="100.22146053"><ele>-27.244</ele><time>2025-01-19T03:37:32.999Z</time><speed>17.431</speed><sat>9</sat></trkpt>
  <trkpt lat="13.80823491" lon="100.22129820"><ele>-27.162</ele><time>2025-01-19T03:37:33.999Z</time><speed>17.332</speed><sat>9</sat></trkpt>
  <trkpt lat="13.80822358" lon="100.22113824"><ele>-26.865</ele><time>2025-01-19T03:37:34.999Z</time><speed>17.166</speed><sat>9</sat></trkpt>
  <trkpt lat="13.80821516" lon="100.22097984"><ele>-26.437</ele><time>2025-01-19T03:37:35.999Z</time><speed>16.960</speed><sat>9</sat></trkpt>
  <trkpt lat="13.80820780" lon="100.22082453"><ele>-26.513</ele><time>2025-01-19T03:37:36.999Z</time><speed>16.708</speed><sat>10</sat></trkpt>
  <trkpt lat="13.80820428" lon="100.22067120"><ele>-26.798</ele><time>2025-01-19T03:37:37.999Z</time><speed>16.529</speed><sat>10</sat></trkpt>
  <trkpt lat="13.80819513" lon="100.22051902"><ele>-26.619</ele><time>2025-01-19T03:37:38.999Z</time><speed>16.356</speed><sat>10</sat></trkpt>
  <trkpt lat="13.80818304" lon="100.22036964"><ele>-26.534</ele><time>2025-01-19T03:37:39.999Z</time><speed>16.202</speed><sat>10</sat></trkpt>
  <trkpt lat="13.80817184" lon="100.22022275"><ele>-26.403</ele><time>2025-01-19T03:37:40.999Z</time><speed>16.022</speed><sat>9</sat></trkpt>
  <trkpt lat="13.80816613" lon="100.22007717"><ele>-26.181</ele><time>2025-01-19T03:37:41.999Z</time><speed>15.849</speed><sat>9</sat></trkpt>
  <trkpt lat="13.80816037" lon="100.21993411"><ele>-26.348</ele><time>2025-01-19T03:37:42.999Z</time><speed>15.672</speed><sat>10</sat></trkpt>
  <trkpt lat="13.80815164" lon="100.21979204"><ele>-26.495</ele><time>2025-01-19T03:37:43.999Z</time><speed>15.541</speed><sat>12</sat></trkpt>
  <trkpt lat="13.80813253" lon="100.21965056"><ele>-26.391</ele><time>2025-01-19T03:37:44.999Z</time><speed>15.328</speed><sat>12</sat></trkpt>
  <trkpt lat="13.80812209" lon="100.21951032"><ele>-26.637</ele><time>2025-01-19T03:37:45.999Z</time><speed>15.164</speed><sat>12</sat></trkpt>
  <trkpt lat="13.80811904" lon="100.21937341"><ele>-26.828</ele><time>2025-01-19T03:37:46.999Z</time><speed>14.933</speed><sat>12</sat></trkpt>
  <trkpt lat="13.80811151" lon="100.21923768"><ele>-26.600</ele><time>2025-01-19T03:37:47.999Z</time><speed>14.737</speed><sat>11</sat></trkpt>
  <trkpt lat="13.80810456" lon="100.21910384"><ele>-26.885</ele><time>2025-01-19T03:37:48.999Z</time><speed>14.560</speed><sat>10</sat></trkpt>
  <trkpt lat="13.80809658" lon="100.21897204"><ele>-27.012</ele><time>2025-01-19T03:37:49.999Z</time><speed>14.385</speed><sat>11</sat></trkpt>
  <trkpt lat="13.80808376" lon="100.21883746"><ele>-26.314</ele><time>2025-01-19T03:37:50.999Z</time><speed>14.257</speed><sat>12</sat></trkpt>
  <trkpt lat="13.80807229" lon="100.21870146"><ele>-25.573</ele><time>2025-01-19T03:37:51.999Z</time><speed>14.089</speed><sat>12</sat></trkpt>
  <trkpt lat="13.80806440" lon="100.21857498"><ele>-25.970</ele><time>2025-01-19T03:37:52.999Z</time><speed>13.776</speed><sat>11</sat></trkpt>
  <trkpt lat="13.80805691" lon="100.21844901"><ele>-25.805</ele><time>2025-01-19T03:37:53.999Z</time><speed>13.395</speed><sat>9</sat></trkpt>
  <trkpt lat="13.80804863" lon="100.21832612"><ele>-26.045</ele><time>2025-01-19T03:37:54.999Z</time><speed>13.063</speed><sat>10</sat></trkpt>
  <trkpt lat="13.80804423" lon="100.21820674"><ele>-26.255</ele><time>2025-01-19T03:37:55.999Z</time><speed>12.716</speed><sat>10</sat></trkpt>
  <trkpt lat="13.80803871" lon="100.21808945"><ele>-26.042</ele><time>2025-01-19T03:37:56.999Z</time><speed>12.446</speed><sat>10</sat></trkpt>
  <trkpt lat="13.80802935" lon="100.21797462"><ele>-26.005</ele><time>2025-01-19T03:37:57.999Z</time><speed>12.156</speed><sat>10</sat></trkpt>
  <trkpt lat="13.80802204" lon="100.21786191"><ele>-26.048</ele><time>2025-01-19T03:37:58.999Z</time><speed>11.859</speed><sat>10</sat></trkpt>
  <trkpt lat="13.80801650" lon="100.21775149"><ele>-25.737</ele><time>2025-01-19T03:37:59.999Z</time><speed>11.574</speed><sat>10</sat></trkpt>
  <trkpt lat="13.80801112" lon="100.21764710"><ele>-25.996</ele><time>2025-01-19T03:38:00.999Z</time><speed>11.177</speed><sat>9</sat></trkpt>
  <trkpt lat="13.80800888" lon="100.21754609"><ele>-26.301</ele><time>2025-01-19T03:38:01.999Z</time><speed>10.796</speed><sat>8</sat></trkpt>
  <trkpt lat="13.80800215" lon="100.21744794"><ele>-26.580</ele><time>2025-01-19T03:38:02.999Z</time><speed>10.418</speed><sat>10</sat></trkpt>
  <trkpt lat="13.80799494" lon="100.21735488"><ele>-26.638</ele><time>2025-01-19T03:38:03.999Z</time><speed>10.006</speed><sat>10</sat></trkpt>
  <trkpt lat="13.80799148" lon="100.21726887"><ele>-26.738</ele><time>2025-01-19T03:38:04.999Z</time><speed>9.498</speed><sat>9</sat></trkpt>
  <trkpt lat="13.80798835" lon="100.21718572"><ele>-26.763</ele><time>2025-01-19T03:38:05.999Z</time><speed>8.963</speed><sat>9</sat></trkpt>
  <trkpt lat="13.80798475" lon="100.21710839"><ele>-26.680</ele><time>2025-01-19T03:38:06.999Z</time><speed>8.360</speed><sat>10</sat></trkpt>
  <trkpt lat="13.80797975" lon="100.21702978"><ele>-26.491</ele><time>2025-01-19T03:38:07.999Z</time><speed>7.809</speed><sat>9</sat></trkpt>
  <trkpt lat="13.80797609" lon="100.21695585"><ele>-26.455</ele><time>2025-01-19T03:38:08.999Z</time><speed>7.261</speed><sat>8</sat></trkpt>
  <trkpt lat="13.80796574" lon="100.21689401"><ele>-26.450</ele><time>2025-01-19T03:38:09.999Z</time><speed>6.574</speed><sat>8</sat></trkpt>
  <trkpt lat="13.80795726" lon="100.21683668"><ele>-26.388</ele><time>2025-01-19T03:38:10.999Z</time><speed>5.908</speed><sat>9</sat></trkpt>
  <trkpt lat="13.80795165" lon="100.21678709"><ele>-25.874</ele><time>2025-01-19T03:38:11.999Z</time><speed>5.273</speed><sat>9</sat></trkpt>
  <trkpt lat="13.80794907" lon="100.21674247"><ele>-25.673</ele><time>2025-01-19T03:38:12.999Z</time><speed>4.694</speed><sat>10</sat></trkpt>
  <trkpt lat="13.80793852" lon="100.21666598"><ele>-25.375</ele><time>2025-01-19T03:38:14.999Z</time><speed>3.488</speed><sat>11</sat></trkpt>
  <trkpt lat="13.80793955" lon="100.21663838"><ele>-25.400</ele><time>2025-01-19T03:38:15.999Z</time><speed>2.902</speed><sat>11</sat></trkpt>
  <trkpt lat="13.80793074" lon="100.21661781"><ele>-25.604</ele><time>2025-01-19T03:38:16.999Z</time><speed>2.282</speed><sat>10</sat></trkpt>
  <trkpt lat="13.80792253" lon="100.21659822"><ele>-25.013</ele><time>2025-01-19T03:38:17.999Z</time><speed>1.842</speed><sat>10</sat></trkpt>
  <trkpt lat="13.80792195" lon="100.21658319"><ele>-25.019</ele><time>2025-01-19T03:38:18.999Z</time><speed>1.419</speed><sat>11</sat></trkpt>
  <trkpt lat="13.80792139" lon="100.21657681"><ele>-25.092</ele><time>2025-01-19T03:38:19.999Z</time><speed>0.865</speed><sat>13</sat></trkpt>
  <trkpt lat="13.80792217" lon="100.21657261"><ele>-25.419</ele><time>2025-01-19T03:38:20.999Z</time><speed>0.453</speed><sat>13</sat></trkpt>
  <trkpt lat="13.80792177" lon="100.21657200"><ele>-25.663</ele><time>2025-01-19T03:38:21.999Z</time><speed>0.268</speed><sat>11</sat></trkpt>
  <trkpt lat="13.80792218" lon="100.21657213"><ele>-25.395</ele><time>2025-01-19T03:38:22.999Z</time><speed>0.170</speed><sat>11</sat></trkpt>
  <trkpt lat="13.80792212" lon="100.21657174"><ele>-24.806</ele><time>2025-01-19T03:38:23.999Z</time><speed>0.115</speed><sat>10</sat></trkpt>
  <trkpt lat="13.80792358" lon="100.21657402"><ele>-24.921</ele><time>2025-01-19T03:38:24.999Z</time><speed>0.129</speed><sat>11</sat></trkpt>
  <trkpt lat="13.80792444" lon="100.21657675"><ele>-24.786</ele><time>2025-01-19T03:38:25.999Z</time><speed>0.157</speed><sat>10</sat></trkpt>
  <trkpt lat="13.80792365" lon="100.21657964"><ele>-24.748</ele><time>2025-01-19T03:38:26.999Z</time><speed>0.184</speed><sat>10</sat></trkpt>
  <trkpt lat="13.80792429" lon="100.21657381"><ele>-25.169</ele><time>2025-01-19T03:38:28.999Z</time><speed>0.001</speed><sat>11</sat></trkpt>
  <trkpt lat="13.80792540" lon="100.21657368"><ele>-25.202</ele><time>2025-01-19T03:38:29.999Z</time><speed>0.003</speed><sat>10</sat></trkpt>
  <trkpt lat="13.80792580" lon="100.21657329"><ele>-25.248</ele><time>2025-01-19T03:38:30.999Z</time><speed>0.002</speed><sat>9</sat></trkpt>
  <trkpt lat="13.80792602" lon="100.21657318"><ele>-25.223</ele><time>2025-01-19T03:38:31.999Z</time><speed>0.001</speed><sat>10</sat></trkpt>
  <trkpt lat="13.80792492" lon="100.21657334"><ele>-25.218</ele><time>2025-01-19T03:38:32.999Z</time><speed>0.000</speed><sat>10</sat></trkpt>
  <trkpt lat="13.80792520" lon="100.21657332"><ele>-25.167</ele><time>2025-01-19T03:38:33.999Z</time><speed>0.000</speed><sat>10</sat></trkpt>
  <trkpt lat="13.80792517" lon="100.21657336"><ele>-25.109</ele><time>2025-01-19T03:38:34.999Z</time><speed>0.001</speed><sat>10</sat></trkpt>
  <trkpt lat="13.80792524" lon="100.21657339"><ele>-25.047</ele><time>2025-01-19T03:38:35.999Z</time><speed>0.000</speed><sat>11</sat></trkpt>
  <trkpt lat="13.80792512" lon="100.21657342"><ele>-24.990</ele><time>2025-01-19T03:38:36.999Z</time><speed>0.001</speed><sat>13</sat></trkpt>
  <trkpt lat="13.80792522" lon="100.21657344"><ele>-24.924</ele><time>2025-01-19T03:38:37.999Z</time><speed>0.001</speed><sat>11</sat></trkpt>
  <trkpt lat="13.80792528" lon="100.21657346"><ele>-24.856</ele><time>2025-01-19T03:38:38.999Z</time><speed>0.001</speed><sat>11</sat></trkpt>
  <trkpt lat="13.80792538" lon="100.21657347"><ele>-24.785</ele><time>2025-01-19T03:38:39.999Z</time><speed>0.001</speed><sat>11</sat></trkpt>
  <trkpt lat="13.80792532" lon="100.21657351"><ele>-24.715</ele><time>2025-01-19T03:38:40.999Z</time><speed>0.001</speed><sat>10</sat></trkpt>
  <trkpt lat="13.80792531" lon="100.21657354"><ele>-24.640</ele><time>2025-01-19T03:38:41.999Z</time><speed>0.001</speed><sat>11</sat></trkpt>
  <trkpt lat="13.80792538" lon="100.21657356"><ele>-24.560</ele><time>2025-01-19T03:38:42.999Z</time><speed>0.001</speed><sat>11</sat></trkpt>
  <trkpt lat="13.80792684" lon="100.21657235"><ele>-24.518</ele><time>2025-01-19T03:38:43.999Z</time><speed>0.007</speed><sat>11</sat></trkpt>
  <trkpt lat="13.80792704" lon="100.21657234"><ele>-24.497</ele><time>2025-01-19T03:38:44.999Z</time><speed>0.001</speed><sat>11</sat></trkpt>
  <trkpt lat="13.80792703" lon="100.21657243"><ele>-24.378</ele><time>2025-01-19T03:38:45.999Z</time><speed>0.001</speed><sat>11</sat></trkpt>
  <trkpt lat="13.80793040" lon="100.21657152"><ele>-23.713</ele><time>2025-01-19T03:38:46.999Z</time><speed>0.004</speed><sat>11</sat></trkpt>
  <trkpt lat="13.80793048" lon="100.21657157"><ele>-23.651</ele><time>2025-01-19T03:38:47.999Z</time><speed>0.001</speed><sat>11</sat></trkpt>
  <trkpt lat="13.80793043" lon="100.21657168"><ele>-23.511</ele><time>2025-01-19T03:38:48.999Z</time><speed>0.001</speed><sat>11</sat></trkpt>
  <trkpt lat="13.80793217" lon="100.21657467"><ele>-23.543</ele><time>2025-01-19T03:38:49.999Z</time><speed>0.008</speed><sat>11</sat></trkpt>
  <trkpt lat="13.80793307" lon="100.21657616"><ele>-23.244</ele><time>2025-01-19T03:38:50.999Z</time><speed>0.015</speed><sat>11</sat></trkpt>
  <trkpt lat="13.80793751" lon="100.21657872"><ele>-22.953</ele><time>2025-01-19T03:38:51.999Z</time><speed>0.018</speed><sat>12</sat></trkpt>
  <trkpt lat="13.80793463" lon="100.21657754"><ele>-23.096</ele><time>2025-01-19T03:38:52.999Z</time><speed>0.120</speed><sat>13</sat></trkpt>
  <trkpt lat="13.80793386" lon="100.21657557"><ele>-23.130</ele><time>2025-01-19T03:38:53.999Z</time><speed>0.147</speed><sat>9</sat></trkpt>
  <trkpt lat="13.80793807" lon="100.21657503"><ele>-22.657</ele><time>2025-01-19T03:38:54.999Z</time><speed>0.214</speed><sat>10</sat></trkpt>
  <trkpt lat="13.80793815" lon="100.21657882"><ele>-22.624</ele><time>2025-01-19T03:38:55.999Z</time><speed>0.002</speed><sat>11</sat></trkpt>
  <trkpt lat="13.80793623" lon="100.21657734"><ele>-22.806</ele><time>2025-01-19T03:38:56.999Z</time><speed>0.040</speed><sat>12</sat></trkpt>
  <trkpt lat="13.80793505" lon="100.21657434"><ele>-23.265</ele><time>2025-01-19T03:38:57.999Z</time><speed>0.117</speed><sat>13</sat></trkpt>
  <trkpt lat="13.80793199" lon="100.21656860"><ele>-23.082</ele><time>2025-01-19T03:38:58.999Z</time><speed>0.324</speed><sat>14</sat></trkpt>
  <trkpt lat="13.80793224" lon="100.21657048"><ele>-23.175</ele><time>2025-01-19T03:38:59.999Z</time><speed>0.010</speed><sat>15</sat></trkpt>
  <trkpt lat="13.80793158" lon="100.21656689"><ele>-23.065</ele><time>2025-01-19T03:39:00.999Z</time><speed>0.050</speed><sat>14</sat></trkpt>
  <trkpt lat="13.80793219" lon="100.21655943"><ele>-22.734</ele><time>2025-01-19T03:39:01.999Z</time><speed>0.105</speed><sat>15</sat></trkpt>
  <trkpt lat="13.80793231" lon="100.21655606"><ele>-22.347</ele><time>2025-01-19T03:39:02.999Z</time><speed>0.145</speed><sat>12</sat></trkpt>
  <trkpt lat="13.80793338" lon="100.21655073"><ele>-22.163</ele><time>2025-01-19T03:39:03.999Z</time><speed>0.248</speed><sat>10</sat></trkpt>
  <trkpt lat="13.80793364" lon="100.21653763"><ele>-22.184</ele><time>2025-01-19T03:39:04.999Z</time><speed>0.845</speed><sat>11</sat></trkpt>
  <trkpt lat="13.80793368" lon="100.21652500"><ele>-22.295</ele><time>2025-01-19T03:39:05.999Z</time><speed>1.174</speed><sat>13</sat></trkpt>
  <trkpt lat="13.80793652" lon="100.21650893"><ele>-22.201</ele><time>2025-01-19T03:39:06.999Z</time><speed>1.523</speed><sat>13</sat></trkpt>
  <trkpt lat="13.80793672" lon="100.21648978"><ele>-22.177</ele><time>2025-01-19T03:39:07.999Z</time><speed>1.889</speed><sat>12</sat></trkpt>
  <trkpt lat="13.80793272" lon="100.21646571"><ele>-22.309</ele><time>2025-01-19T03:39:08.999Z</time><speed>2.264</speed><sat>13</sat></trkpt>
  <trkpt lat="13.80792793" lon="100.21644052"><ele>-22.356</ele><time>2025-01-19T03:39:09.999Z</time><speed>2.536</speed><sat>14</sat></trkpt>
  <trkpt lat="13.80792639" lon="100.21641490"><ele>-22.242</ele><time>2025-01-19T03:39:10.999Z</time><speed>2.777</speed><sat>15</sat></trkpt>
  <trkpt lat="13.80793124" lon="100.21638008"><ele>-22.120</ele><time>2025-01-19T03:39:11.999Z</time><speed>3.130</speed><sat>12</sat></trkpt>
  <trkpt lat="13.80793185" lon="100.21634729"><ele>-22.093</ele><time>2025-01-19T03:39:12.999Z</time><speed>3.395</speed><sat>10</sat></trkpt>
  <trkpt lat="13.80793067" lon="100.21631430"><ele>-21.929</ele><time>2025-01-19T03:39:13.999Z</time><speed>3.603</speed><sat>11</sat></trkpt>
  <trkpt lat="13.80792818" lon="100.21627867"><ele>-21.818</ele><time>2025-01-19T03:39:14.999Z</time><speed>3.834</speed><sat>11</sat></trkpt>
  <trkpt lat="13.80792753" lon="100.21623911"><ele>-21.379</ele><time>2025-01-19T03:39:15.999Z</time><speed>4.118</speed><sat>11</sat></trkpt>
  <trkpt lat="13.80792763" lon="100.21619775"><ele>-21.116</ele><time>2025-01-19T03:39:16.999Z</time><speed>4.385</speed><sat>13</sat></trkpt>
  <trkpt lat="13.80793223" lon="100.21615222"><ele>-20.567</ele><time>2025-01-19T03:39:17.999Z</time><speed>4.658</speed><sat>14</sat></trkpt>
  <trkpt lat="13.80793287" lon="100.21610615"><ele>-20.289</ele><time>2025-01-19T03:39:18.999Z</time><speed>4.897</speed><sat>12</sat></trkpt>
  <trkpt lat="13.80793465" lon="100.21606167"><ele>-20.049</ele><time>2025-01-19T03:39:19.999Z</time><speed>5.077</speed><sat>14</sat></trkpt>
  <trkpt lat="13.80793613" lon="100.21601129"><ele>-19.842</ele><time>2025-01-19T03:39:20.999Z</time><speed>5.307</speed><sat>14</sat></trkpt>
  <trkpt lat="13.80793517" lon="100.21595440"><ele>-19.799</ele><time>2025-01-19T03:39:21.999Z</time><speed>5.643</speed><sat>12</sat></trkpt>
  <trkpt lat="13.80793523" lon="100.21589539"><ele>-19.780</ele><time>2025-01-19T03:39:22.999Z</time><speed>5.886</speed><sat>11</sat></trkpt>
  <trkpt lat="13.80792804" lon="100.21583593"><ele>-19.939</ele><time>2025-01-19T03:39:23.999Z</time><speed>6.144</speed><sat>13</sat></trkpt>
  <trkpt lat="13.80792593" lon="100.21577650"><ele>-19.853</ele><time>2025-01-19T03:39:24.999Z</time><speed>6.350</speed><sat>13</sat></trkpt>
  <trkpt lat="13.80792213" lon="100.21571283"><ele>-19.934</ele><time>2025-01-19T03:39:25.999Z</time><speed>6.644</speed><sat>12</sat></trkpt>
  <trkpt lat="13.80791905" lon="100.21564765"><ele>-19.884</ele><time>2025-01-19T03:39:26.999Z</time><speed>6.915</speed><sat>11</sat></trkpt>
  <trkpt lat="13.80791654" lon="100.21558104"><ele>-19.879</ele><time>2025-01-19T03:39:27.999Z</time><speed>7.162</speed><sat>12</sat></trkpt>
  <trkpt lat="13.80791051" lon="100.21551176"><ele>-19.943</ele><time>2025-01-19T03:39:28.999Z</time><speed>7.398</speed><sat>11</sat></trkpt>
  <trkpt lat="13.80790272" lon="100.21544184"><ele>-19.892</ele><time>2025-01-19T03:39:29.999Z</time><speed>7.597</speed><sat>12</sat></trkpt>
  <trkpt lat="13.80789860" lon="100.21537050"><ele>-20.023</ele><time>2025-01-19T03:39:30.999Z</time><speed>7.773</speed><sat>13</sat></trkpt>
  <trkpt lat="13.80789318" lon="100.21529821"><ele>-20.264</ele><time>2025-01-19T03:39:31.999Z</time><speed>7.983</speed><sat>12</sat></trkpt>
  <trkpt lat="13.80788778" lon="100.21522387"><ele>-20.412</ele><time>2025-01-19T03:39:32.999Z</time><speed>8.197</speed><sat>10</sat></trkpt>
  <trkpt lat="13.80788340" lon="100.21514601"><ele>-20.529</ele><time>2025-01-19T03:39:33.999Z</time><speed>8.514</speed><sat>12</sat></trkpt>
  <trkpt lat="13.80787948" lon="100.21506308"><ele>-20.747</ele><time>2025-01-19T03:39:34.999Z</time><speed>8.916</speed><sat>13</sat></trkpt>
  <trkpt lat="13.80787745" lon="100.21497901"><ele>-20.883</ele><time>2025-01-19T03:39:35.999Z</time><speed>9.247</speed><sat>12</sat></trkpt>
  <trkpt lat="13.80787472" lon="100.21489295"><ele>-20.961</ele><time>2025-01-19T03:39:36.999Z</time><speed>9.519</speed><sat>11</sat></trkpt>
  <trkpt lat="13.80787013" lon="100.21480339"><ele>-21.063</ele><time>2025-01-19T03:39:37.999Z</time><speed>9.756</speed><sat>12</sat></trkpt>
  <trkpt lat="13.80787006" lon="100.21471119"><ele>-20.925</ele><time>2025-01-19T03:39:38.999Z</time><speed>9.979</speed><sat>13</sat></trkpt>
  <trkpt lat="13.80786416" lon="100.21461662"><ele>-20.760</ele><time>2025-01-19T03:39:39.999Z</time><speed>10.232</speed><sat>12</sat></trkpt>
  <trkpt lat="13.80786081" lon="100.21451975"><ele>-20.863</ele><time>2025-01-19T03:39:40.999Z</time><speed>10.472</speed><sat>12</sat></trkpt>
  <trkpt lat="13.80785761" lon="100.21442255"><ele>-20.906</ele><time>2025-01-19T03:39:41.999Z</time><speed>10.712</speed><sat>12</sat></trkpt>
  <trkpt lat="13.80785536" lon="100.21432050"><ele>-20.810</ele><time>2025-01-19T03:39:42.999Z</time><speed>11.005</speed><sat>12</sat></trkpt>
  <trkpt lat="13.80784986" lon="100.21421701"><ele>-20.793</ele><time>2025-01-19T03:39:43.999Z</time><speed>11.267</speed><sat>12</sat></trkpt>
  <trkpt lat="13.80784180" lon="100.21410862"><ele>-20.981</ele><time>2025-01-19T03:39:44.999Z</time><speed>11.561</speed><sat>11</sat></trkpt>
  <trkpt lat="13.80783712" lon="100.21400232"><ele>-21.097</ele><time>2025-01-19T03:39:45.999Z</time><speed>11.734</speed><sat>11</sat></trkpt>
  <trkpt lat="13.80782658" lon="100.21388988"><ele>-21.292</ele><time>2025-01-19T03:39:46.999Z</time><speed>11.999</speed><sat>11</sat></trkpt>
  <trkpt lat="13.80781394" lon="100.21377358"><ele>-21.433</ele><time>2025-01-19T03:39:47.999Z</time><speed>12.302</speed><sat>11</sat></trkpt>
  <trkpt lat="13.80780594" lon="100.21365894"><ele>-21.545</ele><time>2025-01-19T03:39:48.999Z</time><speed>12.523</speed><sat>11</sat></trkpt>
  <trkpt lat="13.80779018" lon="100.21354099"><ele>-21.609</ele><time>2025-01-19T03:39:49.999Z</time><speed>12.679</speed><sat>12</sat></trkpt>
  <trkpt lat="13.80777904" lon="100.21342052"><ele>-21.720</ele><time>2025-01-19T03:39:50.999Z</time><speed>12.851</speed><sat>11</sat></trkpt>
  <trkpt lat="13.80776821" lon="100.21329819"><ele>-21.835</ele><time>2025-01-19T03:39:51.999Z</time><speed>13.090</speed><sat>10</sat></trkpt>
  <trkpt lat="13.80775568" lon="100.21317402"><ele>-21.894</ele><time>2025-01-19T03:39:52.999Z</time><speed>13.332</speed><sat>10</sat></trkpt>
  <trkpt lat="13.80774198" lon="100.21304794"><ele>-21.941</ele><time>2025-01-19T03:39:53.999Z</time><speed>13.533</speed><sat>11</sat></trkpt>
  <trkpt lat="13.80773173" lon="100.21291935"><ele>-21.766</ele><time>2025-01-19T03:39:54.999Z</time><speed>13.738</speed><sat>11</sat></trkpt>
  <trkpt lat="13.80772451" lon="100.21279036"><ele>-21.616</ele><time>2025-01-19T03:39:55.999Z</time><speed>13.902</speed><sat>11</sat></trkpt>
  <trkpt lat="13.80771369" lon="100.21265860"><ele>-21.366</ele><time>2025-01-19T03:39:56.999Z</time><speed>14.103</speed><sat>12</sat></trkpt>
  <trkpt lat="13.80770450" lon="100.21252523"><ele>-21.046</ele><time>2025-01-19T03:39:57.999Z</time><speed>14.324</speed><sat>12</sat></trkpt>
  <trkpt lat="13.80768318" lon="100.21238729"><ele>-22.214</ele><time>2025-01-19T03:39:58.999Z</time><speed>14.225</speed><sat>10</sat></trkpt>
  <trkpt lat="13.80768135" lon="100.21225526"><ele>-22.235</ele><time>2025-01-19T03:39:59.999Z</time><speed>14.404</speed><sat>12</sat></trkpt>
  <trkpt lat="13.80767906" lon="100.21211919"><ele>-22.180</ele><time>2025-01-19T03:40:00.999Z</time><speed>14.596</speed><sat>13</sat></trkpt>
  <trkpt lat="13.80767528" lon="100.21198326"><ele>-20.597</ele><time>2025-01-19T03:40:01.999Z</time><speed>14.984</speed><sat>13</sat></trkpt>
  <trkpt lat="13.80766653" lon="100.21184358"><ele>-20.441</ele><time>2025-01-19T03:40:02.999Z</time><speed>15.148</speed><sat>12</sat></trkpt>
  <trkpt lat="13.80765422" lon="100.21170316"><ele>-20.043</ele><time>2025-01-19T03:40:03.999Z</time><speed>15.325</speed><sat>11</sat></trkpt>
  <trkpt lat="13.80764640" lon="100.21156149"><ele>-19.923</ele><time>2025-01-19T03:40:04.999Z</time><speed>15.474</speed><sat>13</sat></trkpt>
  <trkpt lat="13.80763791" lon="100.21142020"><ele>-19.678</ele><time>2025-01-19T03:40:05.999Z</time><speed>15.576</speed><sat>12</sat></trkpt>
  <trkpt lat="13.80763096" lon="100.21127578"><ele>-19.520</ele><time>2025-01-19T03:40:06.999Z</time><speed>15.714</speed><sat>14</sat></trkpt>
  <trkpt lat="13.80762093" lon="100.21113020"><ele>-19.587</ele><time>2025-01-19T03:40:07.999Z</time><speed>15.867</speed><sat>14</sat></trkpt>
  <trkpt lat="13.80760623" lon="100.21098295"><ele>-19.538</ele><time>2025-01-19T03:40:08.999Z</time><speed>15.996</speed><sat>12</sat></trkpt>
  <trkpt lat="13.80759595" lon="100.21083414"><ele>-19.502</ele><time>2025-01-19T03:40:09.999Z</time><speed>16.147</speed><sat>14</sat></trkpt>
  <trkpt lat="13.80759069" lon="100.21068427"><ele>-19.438</ele><time>2025-01-19T03:40:10.999Z</time><speed>16.284</speed><sat>14</sat></trkpt>
  <trkpt lat="13.80758223" lon="100.21053206"><ele>-19.513</ele><time>2025-01-19T03:40:11.999Z</time><speed>16.447</speed><sat>13</sat></trkpt>
  <trkpt lat="13.80757366" lon="100.21037829"><ele>-19.346</ele><time>2025-01-19T03:40:12.999Z</time><speed>16.610</speed><sat>13</sat></trkpt>
  <trkpt lat="13.80756642" lon="100.21022365"><ele>-19.501</ele><time>2025-01-19T03:40:13.999Z</time><speed>16.756</speed><sat>13</sat></trkpt>
  <trkpt lat="13.80755791" lon="100.21006651"><ele>-19.747</ele><time>2025-01-19T03:40:14.999Z</time><speed>16.920</speed><sat>11</sat></trkpt>
  <trkpt lat="13.80755168" lon="100.20990867"><ele>-19.911</ele><time>2025-01-19T03:40:15.999Z</time><speed>17.049</speed><sat>13</sat></trkpt>
  <trkpt lat="13.80754423" lon="100.20974992"><ele>-19.981</ele><time>2025-01-19T03:40:16.999Z</time><speed>17.180</speed><sat>13</sat></trkpt>
  <trkpt lat="13.80753769" lon="100.20958969"><ele>-19.832</ele><time>2025-01-19T03:40:17.999Z</time><speed>17.328</speed><sat>13</sat></trkpt>
  <trkpt lat="13.80752970" lon="100.20942795"><ele>-19.821</ele><time>2025-01-19T03:40:18.999Z</time><speed>17.460</speed><sat>13</sat></trkpt>
  <trkpt lat="13.80751917" lon="100.20926486"><ele>-20.095</ele><time>2025-01-19T03:40:19.999Z</time><speed>17.594</speed><sat>14</sat></trkpt>
  <trkpt lat="13.80751362" lon="100.20910098"><ele>-20.071</ele><time>2025-01-19T03:40:20.999Z</time><speed>17.726</speed><sat>14</sat></trkpt>
  <trkpt lat="13.80750791" lon="100.20893588"><ele>-19.730</ele><time>2025-01-19T03:40:21.999Z</time><speed>17.870</speed><sat>13</sat></trkpt>
  <trkpt lat="13.80749763" lon="100.20876807"><ele>-19.566</ele><time>2025-01-19T03:40:22.999Z</time><speed>18.043</speed><sat>13</sat></trkpt>
  <trkpt lat="13.80748929" lon="100.20859899"><ele>-19.271</ele><time>2025-01-19T03:40:23.999Z</time><speed>18.212</speed><sat>13</sat></trkpt>
  <trkpt lat="13.80748213" lon="100.20842926"><ele>-18.933</ele><time>2025-01-19T03:40:24.999Z</time><speed>18.339</speed><sat>13</sat></trkpt>
  <trkpt lat="13.80747379" lon="100.20825848"><ele>-18.922</ele><time>2025-01-19T03:40:25.999Z</time><speed>18.441</speed><sat>13</sat></trkpt>
  <trkpt lat="13.80746665" lon="100.20808696"><ele>-19.021</ele><time>2025-01-19T03:40:26.999Z</time><speed>18.555</speed><sat>13</sat></trkpt>
  <trkpt lat="13.80746155" lon="100.20791396"><ele>-18.483</ele><time>2025-01-19T03:40:27.999Z</time><speed>18.685</speed><sat>13</sat></trkpt>
  <trkpt lat="13.80745215" lon="100.20773956"><ele>-18.406</ele><time>2025-01-19T03:40:28.999Z</time><speed>18.837</speed><sat>13</sat></trkpt>
  <trkpt lat="13.80744108" lon="100.20756283"><ele>-18.497</ele><time>2025-01-19T03:40:29.999Z</time><speed>18.961</speed><sat>12</sat></trkpt>
  <trkpt lat="13.80742888" lon="100.20738646"><ele>-18.493</ele><time>2025-01-19T03:40:30.999Z</time><speed>19.064</speed><sat>14</sat></trkpt>
  <trkpt lat="13.80741764" lon="100.20720942"><ele>-18.410</ele><time>2025-01-19T03:40:31.999Z</time><speed>19.205</speed><sat>14</sat></trkpt>
  <trkpt lat="13.80740654" lon="100.20703092"><ele>-18.326</ele><time>2025-01-19T03:40:32.999Z</time><speed>19.357</speed><sat>13</sat></trkpt>
  <trkpt lat="13.80739512" lon="100.20685153"><ele>-18.523</ele><time>2025-01-19T03:40:33.999Z</time><speed>19.462</speed><sat>14</sat></trkpt>
  <trkpt lat="13.80738180" lon="100.20667083"><ele>-18.770</ele><time>2025-01-19T03:40:34.999Z</time><speed>19.558</speed><sat>14</sat></trkpt>
  <trkpt lat="13.80737170" lon="100.20648798"><ele>-19.088</ele><time>2025-01-19T03:40:35.999Z</time><speed>19.707</speed><sat>13</sat></trkpt>
  <trkpt lat="13.80736396" lon="100.20630367"><ele>-19.244</ele><time>2025-01-19T03:40:36.999Z</time><speed>19.870</speed><sat>13</sat></trkpt>
  <trkpt lat="13.80735406" lon="100.20611892"><ele>-19.374</ele><time>2025-01-19T03:40:37.999Z</time><speed>20.043</speed><sat>12</sat></trkpt>
  <trkpt lat="13.80734623" lon="100.20593585"><ele>-19.550</ele><time>2025-01-19T03:40:38.999Z</time><speed>20.121</speed><sat>12</sat></trkpt>
  <trkpt lat="13.80733752" lon="100.20575221"><ele>-19.670</ele><time>2025-01-19T03:40:39.999Z</time><speed>20.174</speed><sat>12</sat></trkpt>
  <trkpt lat="13.80732622" lon="100.20556510"><ele>-19.497</ele><time>2025-01-19T03:40:40.999Z</time><speed>20.276</speed><sat>13</sat></trkpt>
  <trkpt lat="13.80731269" lon="100.20537600"><ele>-19.487</ele><time>2025-01-19T03:40:41.999Z</time><speed>20.397</speed><sat>13</sat></trkpt>
  <trkpt lat="13.80729998" lon="100.20518743"><ele>-19.706</ele><time>2025-01-19T03:40:42.999Z</time><speed>20.493</speed><sat>13</sat></trkpt>
  <trkpt lat="13.80728627" lon="100.20499942"><ele>-20.201</ele><time>2025-01-19T03:40:43.999Z</time><speed>20.533</speed><sat>13</sat></trkpt>
  <trkpt lat="13.80727368" lon="100.20481092"><ele>-20.359</ele><time>2025-01-19T03:40:44.999Z</time><speed>20.545</speed><sat>12</sat></trkpt>
  <trkpt lat="13.80726021" lon="100.20462064"><ele>-20.094</ele><time>2025-01-19T03:40:45.999Z</time><speed>20.507</speed><sat>12</sat></trkpt>
  <trkpt lat="13.80724555" lon="100.20442996"><ele>-19.652</ele><time>2025-01-19T03:40:46.999Z</time><speed>20.465</speed><sat>13</sat></trkpt>
  <trkpt lat="13.80723560" lon="100.20424050"><ele>-19.338</ele><time>2025-01-19T03:40:47.999Z</time><speed>20.403</speed><sat>13</sat></trkpt>
  <trkpt lat="13.80721867" lon="100.20405071"><ele>-19.351</ele><time>2025-01-19T03:40:48.999Z</time><speed>20.353</speed><sat>12</sat></trkpt>
  <trkpt lat="13.80720549" lon="100.20386341"><ele>-19.621</ele><time>2025-01-19T03:40:49.999Z</time><speed>20.253</speed><sat>12</sat></trkpt>
  <trkpt lat="13.80719326" lon="100.20367805"><ele>-20.086</ele><time>2025-01-19T03:40:50.999Z</time><speed>20.136</speed><sat>13</sat></trkpt>
  <trkpt lat="13.80718409" lon="100.20349386"><ele>-19.882</ele><time>2025-01-19T03:40:51.999Z</time><speed>20.004</speed><sat>13</sat></trkpt>
  <trkpt lat="13.80717288" lon="100.20330952"><ele>-19.606</ele><time>2025-01-19T03:40:52.999Z</time><speed>19.895</speed><sat>13</sat></trkpt>
  <trkpt lat="13.80715824" lon="100.20312650"><ele>-19.568</ele><time>2025-01-19T03:40:53.999Z</time><speed>19.765</speed><sat>13</sat></trkpt>
  <trkpt lat="13.80714459" lon="100.20294360"><ele>-19.397</ele><time>2025-01-19T03:40:54.999Z</time><speed>19.665</speed><sat>13</sat></trkpt>
  <trkpt lat="13.80713299" lon="100.20276166"><ele>-19.234</ele><time>2025-01-19T03:40:55.999Z</time><speed>19.517</speed><sat>13</sat></trkpt>
  <trkpt lat="13.80712036" lon="100.20258241"><ele>-19.519</ele><time>2025-01-19T03:40:56.999Z</time><speed>19.316</speed><sat>13</sat></trkpt>
  <trkpt lat="13.80710739" lon="100.20240439"><ele>-19.678</ele><time>2025-01-19T03:40:57.999Z</time><speed>19.189</speed><sat>11</sat></trkpt>
  <trkpt lat="13.80709446" lon="100.20222828"><ele>-19.690</ele><time>2025-01-19T03:40:58.999Z</time><speed>18.994</speed><sat>13</sat></trkpt>
  <trkpt lat="13.80708376" lon="100.20205412"><ele>-19.828</ele><time>2025-01-19T03:40:59.999Z</time><speed>18.827</speed><sat>12</sat></trkpt>
  <trkpt lat="13.80707205" lon="100.20188219"><ele>-19.949</ele><time>2025-01-19T03:41:00.999Z</time><speed>18.648</speed><sat>12</sat></trkpt>
  <trkpt lat="13.80706208" lon="100.20171119"><ele>-19.903</ele><time>2025-01-19T03:41:01.999Z</time><speed>18.397</speed><sat>11</sat></trkpt>
  <trkpt lat="13.80705209" lon="100.20154309"><ele>-19.918</ele><time>2025-01-19T03:41:02.999Z</time><speed>18.109</speed><sat>11</sat></trkpt>
  <trkpt lat="13.80704274" lon="100.20137899"><ele>-20.128</ele><time>2025-01-19T03:41:03.999Z</time><speed>17.827</speed><sat>12</sat></trkpt>
  <trkpt lat="13.80703108" lon="100.20121801"><ele>-20.403</ele><time>2025-01-19T03:41:04.999Z</time><speed>17.515</speed><sat>11</sat></trkpt>
  <trkpt lat="13.80702512" lon="100.20105991"><ele>-20.643</ele><time>2025-01-19T03:41:05.999Z</time><speed>17.198</speed><sat>12</sat></trkpt>
  <trkpt lat="13.80701724" lon="100.20090470"><ele>-20.819</ele><time>2025-01-19T03:41:06.999Z</time><speed>16.860</speed><sat>12</sat></trkpt>
  <trkpt lat="13.80701012" lon="100.20075071"><ele>-20.914</ele><time>2025-01-19T03:41:07.999Z</time><speed>16.550</speed><sat>11</sat></trkpt>
  <trkpt lat="13.80700570" lon="100.20059848"><ele>-21.106</ele><time>2025-01-19T03:41:08.999Z</time><speed>16.303</speed><sat>12</sat></trkpt>
  <trkpt lat="13.80699995" lon="100.20045274"><ele>-20.908</ele><time>2025-01-19T03:41:09.999Z</time><speed>15.991</speed><sat>12</sat></trkpt>
  <trkpt lat="13.80699570" lon="100.20031065"><ele>-20.904</ele><time>2025-01-19T03:41:10.999Z</time><speed>15.633</speed><sat>12</sat></trkpt>
  <trkpt lat="13.80699063" lon="100.20017101"><ele>-21.085</ele><time>2025-01-19T03:41:11.999Z</time><speed>15.298</speed><sat>12</sat></trkpt>
  <trkpt lat="13.80698463" lon="100.20003288"><ele>-21.227</ele><time>2025-01-19T03:41:12.999Z</time><speed>15.020</speed><sat>12</sat></trkpt>
  <trkpt lat="13.80697412" lon="100.19989641"><ele>-21.553</ele><time>2025-01-19T03:41:13.999Z</time><speed>14.771</speed><sat>12</sat></trkpt>
  <trkpt lat="13.80696210" lon="100.19976016"><ele>-21.881</ele><time>2025-01-19T03:41:14.999Z</time><speed>14.583</speed><sat>12</sat></trkpt>
  <trkpt lat="13.80694937" lon="100.19962750"><ele>-22.184</ele><time>2025-01-19T03:41:15.999Z</time><speed>14.377</speed><sat>12</sat></trkpt>
  <trkpt lat="13.80694150" lon="100.19949833"><ele>-22.425</ele><time>2025-01-19T03:41:16.999Z</time><speed>14.164</speed><sat>11</sat></trkpt>
  <trkpt lat="13.80693327" lon="100.19937053"><ele>-22.613</ele><time>2025-01-19T03:41:17.999Z</time><speed>13.984</speed><sat>10</sat></trkpt>
  <trkpt lat="13.80692511" lon="100.19924424"><ele>-22.776</ele><time>2025-01-19T03:41:18.999Z</time><speed>13.798</speed><sat>10</sat></trkpt>
  <trkpt lat="13.80691661" lon="100.19911887"><ele>-22.999</ele><time>2025-01-19T03:41:19.999Z</time><speed>13.576</speed><sat>10</sat></trkpt>
  <trkpt lat="13.80690914" lon="100.19899509"><ele>-22.900</ele><time>2025-01-19T03:41:20.999Z</time><speed>13.336</speed><sat>9</sat></trkpt>
  <trkpt lat="13.80690375" lon="100.19887454"><ele>-23.044</ele><time>2025-01-19T03:41:21.999Z</time><speed>13.067</speed><sat>11</sat></trkpt>
  <trkpt lat="13.80689755" lon="100.19875695"><ele>-22.986</ele><time>2025-01-19T03:41:22.999Z</time><speed>12.790</speed><sat>9</sat></trkpt>
  <trkpt lat="13.80689195" lon="100.19864057"><ele>-23.158</ele><time>2025-01-19T03:41:23.999Z</time><speed>12.572</speed><sat>11</sat></trkpt>
  <trkpt lat="13.80688604" lon="100.19852654"><ele>-23.371</ele><time>2025-01-19T03:41:24.999Z</time><speed>12.377</speed><sat>11</sat></trkpt>
  <trkpt lat="13.80687905" lon="100.19841330"><ele>-23.553</ele><time>2025-01-19T03:41:25.999Z</time><speed>12.230</speed><sat>11</sat></trkpt>
  <trkpt lat="13.80687533" lon="100.19830242"><ele>-23.661</ele><time>2025-01-19T03:41:26.999Z</time><speed>12.104</speed><sat>12</sat></trkpt>
  <trkpt lat="13.80687360" lon="100.19819179"><ele>-23.722</ele><time>2025-01-19T03:41:27.999Z</time><speed>11.992</speed><sat>13</sat></trkpt>
  <trkpt lat="13.80686573" lon="100.19808145"><ele>-24.067</ele><time>2025-01-19T03:41:28.999Z</time><speed>11.951</speed><sat>13</sat></trkpt>
  <trkpt lat="13.80685619" lon="100.19797217"><ele>-24.488</ele><time>2025-01-19T03:41:29.999Z</time><speed>11.929</speed><sat>13</sat></trkpt>
  <trkpt lat="13.80684997" lon="100.19786370"><ele>-24.707</ele><time>2025-01-19T03:41:30.999Z</time><speed>11.872</speed><sat>13</sat></trkpt>
  <trkpt lat="13.80684450" lon="100.19775378"><ele>-25.287</ele><time>2025-01-19T03:41:31.999Z</time><speed>11.878</speed><sat>13</sat></trkpt>
  <trkpt lat="13.80683746" lon="100.19764515"><ele>-25.910</ele><time>2025-01-19T03:41:32.999Z</time><speed>11.890</speed><sat>13</sat></trkpt>
  <trkpt lat="13.80683072" lon="100.19753586"><ele>-26.506</ele><time>2025-01-19T03:41:33.999Z</time><speed>11.906</speed><sat>12</sat></trkpt>
  <trkpt lat="13.80682600" lon="100.19742645"><ele>-26.763</ele><time>2025-01-19T03:41:34.999Z</time><speed>11.912</speed><sat>13</sat></trkpt>
  <trkpt lat="13.80682091" lon="100.19731604"><ele>-26.996</ele><time>2025-01-19T03:41:35.999Z</time><speed>11.927</speed><sat>12</sat></trkpt>
  <trkpt lat="13.80681496" lon="100.19720475"><ele>-27.217</ele><time>2025-01-19T03:41:36.999Z</time><speed>11.948</speed><sat>12</sat></trkpt>
  <trkpt lat="13.80681010" lon="100.19709671"><ele>-27.082</ele><time>2025-01-19T03:41:37.999Z</time><speed>11.941</speed><sat>13</sat></trkpt>
  <trkpt lat="13.80680505" lon="100.19698522"><ele>-27.191</ele><time>2025-01-19T03:41:38.999Z</time><speed>11.967</speed><sat>13</sat></trkpt>
  <trkpt lat="13.80679946" lon="100.19687451"><ele>-27.086</ele><time>2025-01-19T03:41:39.999Z</time><speed>11.996</speed><sat>13</sat></trkpt>
  <trkpt lat="13.80679196" lon="100.19676292"><ele>-27.205</ele><time>2025-01-19T03:41:40.999Z</time><speed>12.007</speed><sat>13</sat></trkpt>
  <trkpt lat="13.80678418" lon="100.19665043"><ele>-27.369</ele><time>2025-01-19T03:41:41.999Z</time><speed>12.023</speed><sat>13</sat></trkpt>
  <trkpt lat="13.80677565" lon="100.19654122"><ele>-27.682</ele><time>2025-01-19T03:41:42.999Z</time><speed>12.015</speed><sat>11</sat></trkpt>
  <trkpt lat="13.80676656" lon="100.19643105"><ele>-27.792</ele><time>2025-01-19T03:41:43.999Z</time><speed>12.030</speed><sat>11</sat></trkpt>
  <trkpt lat="13.80675765" lon="100.19631982"><ele>-27.900</ele><time>2025-01-19T03:41:44.999Z</time><speed>12.089</speed><sat>11</sat></trkpt>
  <trkpt lat="13.80674978" lon="100.19620607"><ele>-28.003</ele><time>2025-01-19T03:41:45.999Z</time><speed>12.224</speed><sat>11</sat></trkpt>
  <trkpt lat="13.80674211" lon="100.19609252"><ele>-28.053</ele><time>2025-01-19T03:41:46.999Z</time><speed>12.357</speed><sat>12</sat></trkpt>
  <trkpt lat="13.80673647" lon="100.19597825"><ele>-27.935</ele><time>2025-01-19T03:41:47.999Z</time><speed>12.544</speed><sat>12</sat></trkpt>
  <trkpt lat="13.80672754" lon="100.19585957"><ele>-27.954</ele><time>2025-01-19T03:41:48.999Z</time><speed>12.786</speed><sat>11</sat></trkpt>
  <trkpt lat="13.80671861" lon="100.19573843"><ele>-27.639</ele><time>2025-01-19T03:41:49.999Z</time><speed>13.016</speed><sat>10</sat></trkpt>
  <trkpt lat="13.80670933" lon="100.19561714"><ele>-27.383</ele><time>2025-01-19T03:41:50.999Z</time><speed>13.173</speed><sat>10</sat></trkpt>
  <trkpt lat="13.80669940" lon="100.19549304"><ele>-27.216</ele><time>2025-01-19T03:41:51.999Z</time><speed>13.359</speed><sat>10</sat></trkpt>
  <trkpt lat="13.80669098" lon="100.19536889"><ele>-26.992</ele><time>2025-01-19T03:41:52.999Z</time><speed>13.510</speed><sat>10</sat></trkpt>
  <trkpt lat="13.80668263" lon="100.19524242"><ele>-26.891</ele><time>2025-01-19T03:41:53.999Z</time><speed>13.684</speed><sat>10</sat></trkpt>
  <trkpt lat="13.80667572" lon="100.19511839"><ele>-26.838</ele><time>2025-01-19T03:41:54.999Z</time><speed>13.743</speed><sat>12</sat></trkpt>
  <trkpt lat="13.80666801" lon="100.19499288"><ele>-26.847</ele><time>2025-01-19T03:41:55.999Z</time><speed>13.856</speed><sat>12</sat></trkpt>
  <trkpt lat="13.80666061" lon="100.19486360"><ele>-27.050</ele><time>2025-01-19T03:41:56.999Z</time><speed>13.989</speed><sat>12</sat></trkpt>
  <trkpt lat="13.80665476" lon="100.19473365"><ele>-27.294</ele><time>2025-01-19T03:41:57.999Z</time><speed>14.102</speed><sat>10</sat></trkpt>
  <trkpt lat="13.80664795" lon="100.19460066"><ele>-27.330</ele><time>2025-01-19T03:41:58.999Z</time><speed>14.236</speed><sat>11</sat></trkpt>
  <trkpt lat="13.80663914" lon="100.19446785"><ele>-27.117</ele><time>2025-01-19T03:41:59.999Z</time><speed>14.338</speed><sat>12</sat></trkpt>
  <trkpt lat="13.80663091" lon="100.19433439"><ele>-26.850</ele><time>2025-01-19T03:42:00.999Z</time><speed>14.452</speed><sat>12</sat></trkpt>
  <trkpt lat="13.80662247" lon="100.19419988"><ele>-26.578</ele><time>2025-01-19T03:42:01.999Z</time><speed>14.556</speed><sat>11</sat></trkpt>
  <trkpt lat="13.80661453" lon="100.19406449"><ele>-26.531</ele><time>2025-01-19T03:42:02.999Z</time><speed>14.716</speed><sat>10</sat></trkpt>
  <trkpt lat="13.80660577" lon="100.19392704"><ele>-26.975</ele><time>2025-01-19T03:42:03.999Z</time><speed>14.884</speed><sat>11</sat></trkpt>
  <trkpt lat="13.80659900" lon="100.19378758"><ele>-26.800</ele><time>2025-01-19T03:42:04.999Z</time><speed>15.052</speed><sat>12</sat></trkpt>
  <trkpt lat="13.80659081" lon="100.19364737"><ele>-26.607</ele><time>2025-01-19T03:42:05.999Z</time><speed>15.166</speed><sat>11</sat></trkpt>
  <trkpt lat="13.80658165" lon="100.19350603"><ele>-26.331</ele><time>2025-01-19T03:42:06.999Z</time><speed>15.250</speed><sat>11</sat></trkpt>
  <trkpt lat="13.80657339" lon="100.19336460"><ele>-26.150</ele><time>2025-01-19T03:42:07.999Z</time><speed>15.371</speed><sat>10</sat></trkpt>
  <trkpt lat="13.80656310" lon="100.19322530"><ele>-26.515</ele><time>2025-01-19T03:42:08.999Z</time><speed>15.415</speed><sat>10</sat></trkpt>
  <trkpt lat="13.80655473" lon="100.19308035"><ele>-26.299</ele><time>2025-01-19T03:42:09.999Z</time><speed>15.604</speed><sat>10</sat></trkpt>
  <trkpt lat="13.80654574" lon="100.19293594"><ele>-26.003</ele><time>2025-01-19T03:42:10.999Z</time><speed>15.735</speed><sat>10</sat></trkpt>
  <trkpt lat="13.80653782" lon="100.19278941"><ele>-25.839</ele><time>2025-01-19T03:42:11.999Z</time><speed>15.885</speed><sat>10</sat></trkpt>
  <trkpt lat="13.80652983" lon="100.19263989"><ele>-25.879</ele><time>2025-01-19T03:42:12.999Z</time><speed>16.076</speed><sat>10</sat></trkpt>
  <trkpt lat="13.80652042" lon="100.19249005"><ele>-25.810</ele><time>2025-01-19T03:42:13.999Z</time><speed>16.213</speed><sat>10</sat></trkpt>
  <trkpt lat="13.80651216" lon="100.19233910"><ele>-25.657</ele><time>2025-01-19T03:42:14.999Z</time><speed>16.337</speed><sat>10</sat></trkpt>
  <trkpt lat="13.80650355" lon="100.19218527"><ele>-25.205</ele><time>2025-01-19T03:42:15.999Z</time><speed>16.489</speed><sat>10</sat></trkpt>
  <trkpt lat="13.80649363" lon="100.19203014"><ele>-24.962</ele><time>2025-01-19T03:42:16.999Z</time><speed>16.604</speed><sat>13</sat></trkpt>
  <trkpt lat="13.80648266" lon="100.19187111"><ele>-24.592</ele><time>2025-01-19T03:42:17.999Z</time><speed>16.756</speed><sat>13</sat></trkpt>
  <trkpt lat="13.80647390" lon="100.19171273"><ele>-24.102</ele><time>2025-01-19T03:42:18.999Z</time><speed>16.902</speed><sat>13</sat></trkpt>
  <trkpt lat="13.80646656" lon="100.19155139"><ele>-23.592</ele><time>2025-01-19T03:42:19.999Z</time><speed>17.085</speed><sat>14</sat></trkpt>
  <trkpt lat="13.80645883" lon="100.19139207"><ele>-23.131</ele><time>2025-01-19T03:42:20.999Z</time><speed>17.209</speed><sat>13</sat></trkpt>
  <trkpt lat="13.80644922" lon="100.19123068"><ele>-23.026</ele><time>2025-01-19T03:42:21.999Z</time><speed>17.351</speed><sat>13</sat></trkpt>
  <trkpt lat="13.80643733" lon="100.19106752"><ele>-22.545</ele><time>2025-01-19T03:42:22.999Z</time><speed>17.471</speed><sat>14</sat></trkpt>
  <trkpt lat="13.80643242" lon="100.19090720"><ele>-22.458</ele><time>2025-01-19T03:42:23.999Z</time><speed>17.569</speed><sat>14</sat></trkpt>
  <trkpt lat="13.80641870" lon="100.19074304"><ele>-22.253</ele><time>2025-01-19T03:42:24.999Z</time><speed>17.696</speed><sat>14</sat></trkpt>
  <trkpt lat="13.80640454" lon="100.19057916"><ele>-22.156</ele><time>2025-01-19T03:42:25.999Z</time><speed>17.812</speed><sat>15</sat></trkpt>
  <trkpt lat="13.80639383" lon="100.19041614"><ele>-22.319</ele><time>2025-01-19T03:42:26.999Z</time><speed>17.878</speed><sat>14</sat></trkpt>
  <trkpt lat="13.80638188" lon="100.19025175"><ele>-22.363</ele><time>2025-01-19T03:42:27.999Z</time><speed>17.959</speed><sat>15</sat></trkpt>
  <trkpt lat="13.80636863" lon="100.19008487"><ele>-22.249</ele><time>2025-01-19T03:42:28.999Z</time><speed>18.079</speed><sat>14</sat></trkpt>
  <trkpt lat="13.80636080" lon="100.18991872"><ele>-22.365</ele><time>2025-01-19T03:42:29.999Z</time><speed>18.179</speed><sat>13</sat></trkpt>
  <trkpt lat="13.80635276" lon="100.18975246"><ele>-22.336</ele><time>2025-01-19T03:42:30.999Z</time><speed>18.255</speed><sat>14</sat></trkpt>
  <trkpt lat="13.80634211" lon="100.18958439"><ele>-22.369</ele><time>2025-01-19T03:42:31.999Z</time><speed>18.327</speed><sat>13</sat></trkpt>
  <trkpt lat="13.80632948" lon="100.18941464"><ele>-22.136</ele><time>2025-01-19T03:42:32.999Z</time><speed>18.408</speed><sat>15</sat></trkpt>
  <trkpt lat="13.80631890" lon="100.18924374"><ele>-22.095</ele><time>2025-01-19T03:42:33.999Z</time><speed>18.475</speed><sat>14</sat></trkpt>
  <trkpt lat="13.80630978" lon="100.18907099"><ele>-21.817</ele><time>2025-01-19T03:42:34.999Z</time><speed>18.576</speed><sat>14</sat></trkpt>
  <trkpt lat="13.80629989" lon="100.18889829"><ele>-21.582</ele><time>2025-01-19T03:42:35.999Z</time><speed>18.676</speed><sat>12</sat></trkpt>
  <trkpt lat="13.80628955" lon="100.18872411"><ele>-21.398</ele><time>2025-01-19T03:42:36.999Z</time><speed>18.771</speed><sat>13</sat></trkpt>
  <trkpt lat="13.80628086" lon="100.18854947"><ele>-21.093</ele><time>2025-01-19T03:42:37.999Z</time><speed>18.874</speed><sat>13</sat></trkpt>
  <trkpt lat="13.80627192" lon="100.18837382"><ele>-20.633</ele><time>2025-01-19T03:42:38.999Z</time><speed>18.985</speed><sat>14</sat></trkpt>
  <trkpt lat="13.80626391" lon="100.18819645"><ele>-20.288</ele><time>2025-01-19T03:42:39.999Z</time><speed>19.095</speed><sat>12</sat></trkpt>
  <trkpt lat="13.80625752" lon="100.18801851"><ele>-19.754</ele><time>2025-01-19T03:42:40.999Z</time><speed>19.185</speed><sat>12</sat></trkpt>
  <trkpt lat="13.80624702" lon="100.18784122"><ele>-19.430</ele><time>2025-01-19T03:42:41.999Z</time><speed>19.272</speed><sat>13</sat></trkpt>
  <trkpt lat="13.80623464" lon="100.18766335"><ele>-19.359</ele><time>2025-01-19T03:42:42.999Z</time><speed>19.367</speed><sat>13</sat></trkpt>
  <trkpt lat="13.80622143" lon="100.18748386"><ele>-19.266</ele><time>2025-01-19T03:42:43.999Z</time><speed>19.458</speed><sat>12</sat></trkpt>
  <trkpt lat="13.80621112" lon="100.18730413"><ele>-19.388</ele><time>2025-01-19T03:42:44.999Z</time><speed>19.525</speed><sat>13</sat></trkpt>
  <trkpt lat="13.80620380" lon="100.18712424"><ele>-19.619</ele><time>2025-01-19T03:42:45.999Z</time><speed>19.579</speed><sat>13</sat></trkpt>
  <trkpt lat="13.80619557" lon="100.18694320"><ele>-20.030</ele><time>2025-01-19T03:42:46.999Z</time><speed>19.645</speed><sat>14</sat></trkpt>
  <trkpt lat="13.80618553" lon="100.18676015"><ele>-20.330</ele><time>2025-01-19T03:42:47.999Z</time><speed>19.736</speed><sat>15</sat></trkpt>
  <trkpt lat="13.80617551" lon="100.18657536"><ele>-20.605</ele><time>2025-01-19T03:42:48.999Z</time><speed>19.818</speed><sat>13</sat></trkpt>
  <trkpt lat="13.80616708" lon="100.18639176"><ele>-20.791</ele><time>2025-01-19T03:42:49.999Z</time><speed>19.836</speed><sat>12</sat></trkpt>
  <trkpt lat="13.80615197" lon="100.18620603"><ele>-21.084</ele><time>2025-01-19T03:42:50.999Z</time><speed>19.902</speed><sat>17</sat></trkpt>
  <trkpt lat="13.80614235" lon="100.18601919"><ele>-21.098</ele><time>2025-01-19T03:42:51.999Z</time><speed>19.900</speed><sat>16</sat></trkpt>
  <trkpt lat="13.80612400" lon="100.18583333"><ele>-21.300</ele><time>2025-01-19T03:42:52.999Z</time><speed>19.967</speed><sat>16</sat></trkpt>
  <trkpt lat="13.80611299" lon="100.18564237"><ele>-21.598</ele><time>2025-01-19T03:42:53.999Z</time><speed>20.043</speed><sat>15</sat></trkpt>
  <trkpt lat="13.80609988" lon="100.18545356"><ele>-21.119</ele><time>2025-01-19T03:42:54.999Z</time><speed>20.140</speed><sat>16</sat></trkpt>
  <trkpt lat="13.80608966" lon="100.18526957"><ele>-20.883</ele><time>2025-01-19T03:42:55.999Z</time><speed>20.164</speed><sat>17</sat></trkpt>
  <trkpt lat="13.80608024" lon="100.18508332"><ele>-20.487</ele><time>2025-01-19T03:42:56.999Z</time><speed>20.198</speed><sat>14</sat></trkpt>
  <trkpt lat="13.80607067" lon="100.18489900"><ele>-20.607</ele><time>2025-01-19T03:42:57.999Z</time><speed>20.206</speed><sat>14</sat></trkpt>
  <trkpt lat="13.80606162" lon="100.18471394"><ele>-20.314</ele><time>2025-01-19T03:42:58.999Z</time><speed>20.230</speed><sat>14</sat></trkpt>
  <trkpt lat="13.80605245" lon="100.18452781"><ele>-20.008</ele><time>2025-01-19T03:42:59.999Z</time><speed>20.234</speed><sat>13</sat></trkpt>
  <trkpt lat="13.80604483" lon="100.18434010"><ele>-19.924</ele><time>2025-01-19T03:43:00.999Z</time><speed>20.257</speed><sat>12</sat></trkpt>
  <trkpt lat="13.80603445" lon="100.18415050"><ele>-19.819</ele><time>2025-01-19T03:43:01.999Z</time><speed>20.325</speed><sat>14</sat></trkpt>
  <trkpt lat="13.80602409" lon="100.18396080"><ele>-19.741</ele><time>2025-01-19T03:43:02.999Z</time><speed>20.379</speed><sat>13</sat></trkpt>
  <trkpt lat="13.80601349" lon="100.18377124"><ele>-19.722</ele><time>2025-01-19T03:43:03.999Z</time><speed>20.460</speed><sat>12</sat></trkpt>
  <trkpt lat="13.80600162" lon="100.18358237"><ele>-19.555</ele><time>2025-01-19T03:43:04.999Z</time><speed>20.481</speed><sat>12</sat></trkpt>
  <trkpt lat="13.80599131" lon="100.18339205"><ele>-19.571</ele><time>2025-01-19T03:43:05.999Z</time><speed>20.514</speed><sat>12</sat></trkpt>
  <trkpt lat="13.80598221" lon="100.18320320"><ele>-19.505</ele><time>2025-01-19T03:43:06.999Z</time><speed>20.527</speed><sat>11</sat></trkpt>
  <trkpt lat="13.80597295" lon="100.18301224"><ele>-19.662</ele><time>2025-01-19T03:43:07.999Z</time><speed>20.565</speed><sat>10</sat></trkpt>
  <trkpt lat="13.80596121" lon="100.18282021"><ele>-19.809</ele><time>2025-01-19T03:43:08.999Z</time><speed>20.638</speed><sat>10</sat></trkpt>
  <trkpt lat="13.80595080" lon="100.18263088"><ele>-19.792</ele><time>2025-01-19T03:43:09.999Z</time><speed>20.657</speed><sat>9</sat></trkpt>
  <trkpt lat="13.80594270" lon="100.18244308"><ele>-19.671</ele><time>2025-01-19T03:43:10.999Z</time><speed>20.601</speed><sat>10</sat></trkpt>
  <trkpt lat="13.80593368" lon="100.18225568"><ele>-19.568</ele><time>2025-01-19T03:43:11.999Z</time><speed>20.550</speed><sat>10</sat></trkpt>
  <trkpt lat="13.80592684" lon="100.18206869"><ele>-19.474</ele><time>2025-01-19T03:43:12.999Z</time><speed>20.319</speed><sat>8</sat></trkpt>
  <trkpt lat="13.80591967" lon="100.18188280"><ele>-19.541</ele><time>2025-01-19T03:43:13.999Z</time><speed>20.189</speed><sat>10</sat></trkpt>
  <trkpt lat="13.80591226" lon="100.18169649"><ele>-19.438</ele><time>2025-01-19T03:43:14.999Z</time><speed>20.171</speed><sat>10</sat></trkpt>
  <trkpt lat="13.80590241" lon="100.18151077"><ele>-19.699</ele><time>2025-01-19T03:43:15.999Z</time><speed>20.068</speed><sat>11</sat></trkpt>
  <trkpt lat="13.80589086" lon="100.18132477"><ele>-19.863</ele><time>2025-01-19T03:43:16.999Z</time><speed>19.943</speed><sat>12</sat></trkpt>
  <trkpt lat="13.80588184" lon="100.18113988"><ele>-20.189</ele><time>2025-01-19T03:43:17.999Z</time><speed>19.844</speed><sat>10</sat></trkpt>
  <trkpt lat="13.80586936" lon="100.18095574"><ele>-20.502</ele><time>2025-01-19T03:43:18.999Z</time><speed>19.750</speed><sat>10</sat></trkpt>
  <trkpt lat="13.80585741" lon="100.18077312"><ele>-20.744</ele><time>2025-01-19T03:43:19.999Z</time><speed>19.579</speed><sat>12</sat></trkpt>
  <trkpt lat="13.80584597" lon="100.18059299"><ele>-20.901</ele><time>2025-01-19T03:43:20.999Z</time><speed>19.339</speed><sat>12</sat></trkpt>
  <trkpt lat="13.80583450" lon="100.18041449"><ele>-20.743</ele><time>2025-01-19T03:43:21.999Z</time><speed>19.124</speed><sat>12</sat></trkpt>
  <trkpt lat="13.80582413" lon="100.18023928"><ele>-20.478</ele><time>2025-01-19T03:43:22.999Z</time><speed>18.851</speed><sat>12</sat></trkpt>
  <trkpt lat="13.80581514" lon="100.18006455"><ele>-19.815</ele><time>2025-01-19T03:43:23.999Z</time><speed>18.581</speed><sat>12</sat></trkpt>
  <trkpt lat="13.80580230" lon="100.17989391"><ele>-19.402</ele><time>2025-01-19T03:43:24.999Z</time><speed>18.334</speed><sat>15</sat></trkpt>
  <trkpt lat="13.80579143" lon="100.17972235"><ele>-18.901</ele><time>2025-01-19T03:43:25.999Z</time><speed>18.142</speed><sat>13</sat></trkpt>
  <trkpt lat="13.80578884" lon="100.17955466"><ele>-18.075</ele><time>2025-01-19T03:43:26.999Z</time><speed>17.963</speed><sat>12</sat></trkpt>
  <trkpt lat="13.80579000" lon="100.17939205"><ele>-17.320</ele><time>2025-01-19T03:43:27.999Z</time><speed>17.736</speed><sat>10</sat></trkpt>
  <trkpt lat="13.80579123" lon="100.17922932"><ele>-16.884</ele><time>2025-01-19T03:43:28.999Z</time><speed>17.580</speed><sat>9</sat></trkpt>
  <trkpt lat="13.80579386" lon="100.17906761"><ele>-16.636</ele><time>2025-01-19T03:43:29.999Z</time><speed>17.401</speed><sat>11</sat></trkpt>
  <trkpt lat="13.80580484" lon="100.17891130"><ele>-16.581</ele><time>2025-01-19T03:43:30.999Z</time><speed>17.102</speed><sat>12</sat></trkpt>
  <trkpt lat="13.80581506" lon="100.17875682"><ele>-16.618</ele><time>2025-01-19T03:43:31.999Z</time><speed>16.759</speed><sat>14</sat></trkpt>
  <trkpt lat="13.80582875" lon="100.17860311"><ele>-16.312</ele><time>2025-01-19T03:43:32.999Z</time><speed>16.391</speed><sat>13</sat></trkpt>
  <trkpt lat="13.80584033" lon="100.17845184"><ele>-16.113</ele><time>2025-01-19T03:43:33.999Z</time><speed>16.008</speed><sat>14</sat></trkpt>
  <trkpt lat="13.80585310" lon="100.17830696"><ele>-15.860</ele><time>2025-01-19T03:43:34.999Z</time><speed>15.532</speed><sat>13</sat></trkpt>
  <trkpt lat="13.80586488" lon="100.17816654"><ele>-15.608</ele><time>2025-01-19T03:43:35.999Z</time><speed>14.983</speed><sat>12</sat></trkpt>
  <trkpt lat="13.80587862" lon="100.17803024"><ele>-15.403</ele><time>2025-01-19T03:43:36.999Z</time><speed>14.513</speed><sat>11</sat></trkpt>
  <trkpt lat="13.80589474" lon="100.17789863"><ele>-14.829</ele><time>2025-01-19T03:43:37.999Z</time><speed>14.015</speed><sat>13</sat></trkpt>
  <trkpt lat="13.80591069" lon="100.17777311"><ele>-14.332</ele><time>2025-01-19T03:43:38.999Z</time><speed>13.479</speed><sat>12</sat></trkpt>
  <trkpt lat="13.80592798" lon="100.17765039"><ele>-14.150</ele><time>2025-01-19T03:43:39.999Z</time><speed>13.016</speed><sat>13</sat></trkpt>
  <trkpt lat="13.80594027" lon="100.17753500"><ele>-13.993</ele><time>2025-01-19T03:43:40.999Z</time><speed>12.481</speed><sat>14</sat></trkpt>
  <trkpt lat="13.80595407" lon="100.17742604"><ele>-13.825</ele><time>2025-01-19T03:43:41.999Z</time><speed>11.907</speed><sat>13</sat></trkpt>
  <trkpt lat="13.80596648" lon="100.17732127"><ele>-13.477</ele><time>2025-01-19T03:43:42.999Z</time><speed>11.346</speed><sat>13</sat></trkpt>
  <trkpt lat="13.80597929" lon="100.17721941"><ele>-13.497</ele><time>2025-01-19T03:43:43.999Z</time><speed>10.846</speed><sat>14</sat></trkpt>
  <trkpt lat="13.80599072" lon="100.17712526"><ele>-13.456</ele><time>2025-01-19T03:43:44.999Z</time><speed>10.313</speed><sat>14</sat></trkpt>
  <trkpt lat="13.80599935" lon="100.17703501"><ele>-13.321</ele><time>2025-01-19T03:43:45.999Z</time><speed>9.753</speed><sat>13</sat></trkpt>
  <trkpt lat="13.80601445" lon="100.17687226"><ele>-13.230</ele><time>2025-01-19T03:43:47.999Z</time><speed>8.614</speed><sat>15</sat></trkpt>
  <trkpt lat="13.80602140" lon="100.17680015"><ele>-13.418</ele><time>2025-01-19T03:43:48.999Z</time><speed>8.090</speed><sat>14</sat></trkpt>
  <trkpt lat="13.80602759" lon="100.17673022"><ele>-13.213</ele><time>2025-01-19T03:43:49.999Z</time><speed>7.640</speed><sat>10</sat></trkpt>
  <trkpt lat="13.80603537" lon="100.17666659"><ele>-13.088</ele><time>2025-01-19T03:43:50.999Z</time><speed>7.180</speed><sat>13</sat></trkpt>
  <trkpt lat="13.80604560" lon="100.17660814"><ele>-12.977</ele><time>2025-01-19T03:43:51.999Z</time><speed>6.725</speed><sat>11</sat></trkpt>
  <trkpt lat="13.80605312" lon="100.17655341"><ele>-13.079</ele><time>2025-01-19T03:43:52.999Z</time><speed>6.247</speed><sat>11</sat></trkpt>
  <trkpt lat="13.80606020" lon="100.17650179"><ele>-13.200</ele><time>2025-01-19T03:43:53.999Z</time><speed>5.780</speed><sat>10</sat></trkpt>
  <trkpt lat="13.80606621" lon="100.17645493"><ele>-13.115</ele><time>2025-01-19T03:43:54.999Z</time><speed>5.294</speed><sat>11</sat></trkpt>
  <trkpt lat="13.80607418" lon="100.17641045"><ele>-13.128</ele><time>2025-01-19T03:43:55.999Z</time><speed>4.830</speed><sat>12</sat></trkpt>
  <trkpt lat="13.80608210" lon="100.17637438"><ele>-13.157</ele><time>2025-01-19T03:43:56.999Z</time><speed>4.312</speed><sat>12</sat></trkpt>
  <trkpt lat="13.80608996" lon="100.17633822"><ele>-13.167</ele><time>2025-01-19T03:43:57.999Z</time><speed>3.890</speed><sat>11</sat></trkpt>
  <trkpt lat="13.80609359" lon="100.17631241"><ele>-13.778</ele><time>2025-01-19T03:43:58.999Z</time><speed>3.343</speed><sat>12</sat></trkpt>
  <trkpt lat="13.80609848" lon="100.17628986"><ele>-14.058</ele><time>2025-01-19T03:43:59.999Z</time><speed>2.864</speed><sat>12</sat></trkpt>
  <trkpt lat="13.80609942" lon="100.17626629"><ele>-14.406</ele><time>2025-01-19T03:44:00.999Z</time><speed>2.498</speed><sat>12</sat></trkpt>
  <trkpt lat="13.80609998" lon="100.17624614"><ele>-14.607</ele><time>2025-01-19T03:44:01.999Z</time><speed>2.158</speed><sat>12</sat></trkpt>
  <trkpt lat="13.80610156" lon="100.17622748"><ele>-14.935</ele><time>2025-01-19T03:44:02.999Z</time><speed>1.871</speed><sat>13</sat></trkpt>
  <trkpt lat="13.80610306" lon="100.17620695"><ele>-14.847</ele><time>2025-01-19T03:44:03.999Z</time><speed>1.735</speed><sat>13</sat></trkpt>
  <trkpt lat="13.80610551" lon="100.17619667"><ele>-15.034</ele><time>2025-01-19T03:44:04.999Z</time><speed>1.423</speed><sat>14</sat></trkpt>
  <trkpt lat="13.80610936" lon="100.17618508"><ele>-15.091</ele><time>2025-01-19T03:44:05.999Z</time><speed>1.146</speed><sat>14</sat></trkpt>
  <trkpt lat="13.80611316" lon="100.17618078"><ele>-15.505</ele><time>2025-01-19T03:44:06.999Z</time><speed>0.776</speed><sat>14</sat></trkpt>
  <trkpt lat="13.80611428" lon="100.17617770"><ele>-15.552</ele><time>2025-01-19T03:44:07.999Z</time><speed>0.458</speed><sat>15</sat></trkpt>
  <trkpt lat="13.80611554" lon="100.17617733"><ele>-15.781</ele><time>2025-01-19T03:44:08.999Z</time><speed>0.243</speed><sat>16</sat></trkpt>
  <trkpt lat="13.80611536" lon="100.17617889"><ele>-15.841</ele><time>2025-01-19T03:44:09.999Z</time><speed>0.068</speed><sat>15</sat></trkpt>
  <trkpt lat="13.80611424" lon="100.17617785"><ele>-16.167</ele><time>2025-01-19T03:44:10.999Z</time><speed>0.053</speed><sat>13</sat></trkpt>
  <trkpt lat="13.80611434" lon="100.17617621"><ele>-16.330</ele><time>2025-01-19T03:44:11.999Z</time><speed>0.066</speed><sat>14</sat></trkpt>
  <trkpt lat="13.80611349" lon="100.17617740"><ele>-16.317</ele><time>2025-01-19T03:44:12.999Z</time><speed>0.071</speed><sat>13</sat></trkpt>
  <trkpt lat="13.80611297" lon="100.17617949"><ele>-16.657</ele><time>2025-01-19T03:44:13.999Z</time><speed>0.000</speed><sat>14</sat></trkpt>
  <trkpt lat="13.80611288" lon="100.17618008"><ele>-16.781</ele><time>2025-01-19T03:44:14.999Z</time><speed>0.002</speed><sat>16</sat></trkpt>
  <trkpt lat="13.80611283" lon="100.17618039"><ele>-16.851</ele><time>2025-01-19T03:44:15.999Z</time><speed>0.001</speed><sat>15</sat></trkpt>
  <trkpt lat="13.80611291" lon="100.17618032"><ele>-16.845</ele><time>2025-01-19T03:44:16.999Z</time><speed>0.000</speed><sat>14</sat></trkpt>
  <trkpt lat="13.80611289" lon="100.17618041"><ele>-16.862</ele><time>2025-01-19T03:44:17.999Z</time><speed>0.002</speed><sat>13</sat></trkpt>
  <trkpt lat="13.80611287" lon="100.17618045"><ele>-16.880</ele><time>2025-01-19T03:44:18.999Z</time><speed>0.001</speed><sat>12</sat></trkpt>
  <trkpt lat="13.80611288" lon="100.17618044"><ele>-16.879</ele><time>2025-01-19T03:44:19.999Z</time><speed>0.001</speed><sat>13</sat></trkpt>
  <trkpt lat="13.80611357" lon="100.17617909"><ele>-17.247</ele><time>2025-01-19T03:44:20.999Z</time><speed>0.002</speed><sat>12</sat></trkpt>
  <trkpt lat="13.80611334" lon="100.17617894"><ele>-17.021</ele><time>2025-01-19T03:44:21.999Z</time><speed>0.000</speed><sat>11</sat></trkpt>
  <trkpt lat="13.80611312" lon="100.17618274"><ele>-17.143</ele><time>2025-01-19T03:44:22.999Z</time><speed>0.004</speed><sat>13</sat></trkpt>
  <trkpt lat="13.80611328" lon="100.17618292"><ele>-17.373</ele><time>2025-01-19T03:44:23.999Z</time><speed>0.001</speed><sat>11</sat></trkpt>
  <trkpt lat="13.80611332" lon="100.17618296"><ele>-17.438</ele><time>2025-01-19T03:44:24.999Z</time><speed>0.001</speed><sat>12</sat></trkpt>
  <trkpt lat="13.80611244" lon="100.17618221"><ele>-17.193</ele><time>2025-01-19T03:44:25.999Z</time><speed>0.068</speed><sat>12</sat></trkpt>
  <trkpt lat="13.80611584" lon="100.17618338"><ele>-16.773</ele><time>2025-01-19T03:44:26.999Z</time><speed>0.165</speed><sat>12</sat></trkpt>
  <trkpt lat="13.80611460" lon="100.17618207"><ele>-16.996</ele><time>2025-01-19T03:44:27.999Z</time><speed>0.259</speed><sat>12</sat></trkpt>
  <trkpt lat="13.80611432" lon="100.17618447"><ele>-16.943</ele><time>2025-01-19T03:44:28.999Z</time><speed>0.006</speed><sat>11</sat></trkpt>
  <trkpt lat="13.80611430" lon="100.17618443"><ele>-16.933</ele><time>2025-01-19T03:44:29.999Z</time><speed>0.001</speed><sat>14</sat></trkpt>
  <trkpt lat="13.80611440" lon="100.17618606"><ele>-17.015</ele><time>2025-01-19T03:44:30.999Z</time><speed>0.003</speed><sat>12</sat></trkpt>
  <trkpt lat="13.80611436" lon="100.17618610"><ele>-16.990</ele><time>2025-01-19T03:44:31.999Z</time><speed>0.002</speed><sat>12</sat></trkpt>
  <trkpt lat="13.80611436" lon="100.17618611"><ele>-16.998</ele><time>2025-01-19T03:44:32.999Z</time><speed>0.006</speed><sat>13</sat></trkpt>
  <trkpt lat="13.80611436" lon="100.17618606"><ele>-17.006</ele><time>2025-01-19T03:44:33.999Z</time><speed>0.005</speed><sat>12</sat></trkpt>
  <trkpt lat="13.80611622" lon="100.17618145"><ele>-16.918</ele><time>2025-01-19T03:44:34.999Z</time><speed>0.013</speed><sat>14</sat></trkpt>
  <trkpt lat="13.80611631" lon="100.17618153"><ele>-17.032</ele><time>2025-01-19T03:44:35.999Z</time><speed>0.001</speed><sat>10</sat></trkpt>
  <trkpt lat="13.80611851" lon="100.17617613"><ele>-16.994</ele><time>2025-01-19T03:44:36.999Z</time><speed>0.006</speed><sat>12</sat></trkpt>
  <trkpt lat="13.80612055" lon="100.17617555"><ele>-17.074</ele><time>2025-01-19T03:44:37.999Z</time><speed>0.009</speed><sat>10</sat></trkpt>
  <trkpt lat="13.80612342" lon="100.17617408"><ele>-17.034</ele><time>2025-01-19T03:44:38.999Z</time><speed>0.030</speed><sat>11</sat></trkpt>
  <trkpt lat="13.80612142" lon="100.17616628"><ele>-17.283</ele><time>2025-01-19T03:44:39.999Z</time><speed>0.076</speed><sat>10</sat></trkpt>
  <trkpt lat="13.80612333" lon="100.17615762"><ele>-17.460</ele><time>2025-01-19T03:44:40.999Z</time><speed>0.177</speed><sat>12</sat></trkpt>
  <trkpt lat="13.80612358" lon="100.17614593"><ele>-17.796</ele><time>2025-01-19T03:44:41.999Z</time><speed>0.354</speed><sat>12</sat></trkpt>
  <trkpt lat="13.80612664" lon="100.17613095"><ele>-18.050</ele><time>2025-01-19T03:44:42.999Z</time><speed>0.599</speed><sat>12</sat></trkpt>
  <trkpt lat="13.80612964" lon="100.17611302"><ele>-18.528</ele><time>2025-01-19T03:44:43.999Z</time><speed>0.877</speed><sat>12</sat></trkpt>
  <trkpt lat="13.80612960" lon="100.17609385"><ele>-19.066</ele><time>2025-01-19T03:44:44.999Z</time><speed>1.219</speed><sat>9</sat></trkpt>
  <trkpt lat="13.80613071" lon="100.17606988"><ele>-19.542</ele><time>2025-01-19T03:44:45.999Z</time><speed>1.639</speed><sat>12</sat></trkpt>
  <trkpt lat="13.80613329" lon="100.17604327"><ele>-20.072</ele><time>2025-01-19T03:44:46.999Z</time><speed>2.078</speed><sat>13</sat></trkpt>
  <trkpt lat="13.80613523" lon="100.17601252"><ele>-20.396</ele><time>2025-01-19T03:44:47.999Z</time><speed>2.588</speed><sat>10</sat></trkpt>
  <trkpt lat="13.80613787" lon="100.17597864"><ele>-20.948</ele><time>2025-01-19T03:44:48.999Z</time><speed>3.093</speed><sat>12</sat></trkpt>
  <trkpt lat="13.80614061" lon="100.17594806"><ele>-21.096</ele><time>2025-01-19T03:44:49.999Z</time><speed>3.526</speed><sat>11</sat></trkpt>
  <trkpt lat="13.80614368" lon="100.17590285"><ele>-21.294</ele><time>2025-01-19T03:44:50.999Z</time><speed>4.007</speed><sat>13</sat></trkpt>
  <trkpt lat="13.80614712" lon="100.17586154"><ele>-21.402</ele><time>2025-01-19T03:44:51.999Z</time><speed>4.331</speed><sat>13</sat></trkpt>
  <trkpt lat="13.80615302" lon="100.17581438"><ele>-21.535</ele><time>2025-01-19T03:44:52.999Z</time><speed>4.735</speed><sat>12</sat></trkpt>
  <trkpt lat="13.80615749" lon="100.17576383"><ele>-22.027</ele><time>2025-01-19T03:44:53.999Z</time><speed>5.110</speed><sat>13</sat></trkpt>
  <trkpt lat="13.80616408" lon="100.17571484"><ele>-22.284</ele><time>2025-01-19T03:44:54.999Z</time><speed>5.405</speed><sat>13</sat></trkpt>
  <trkpt lat="13.80617121" lon="100.17565945"><ele>-22.315</ele><time>2025-01-19T03:44:55.999Z</time><speed>5.732</speed><sat>11</sat></trkpt>
  <trkpt lat="13.80617889" lon="100.17560434"><ele>-22.422</ele><time>2025-01-19T03:44:56.999Z</time><speed>5.988</speed><sat>11</sat></trkpt>
  <trkpt lat="13.80618628" lon="100.17554571"><ele>-22.659</ele><time>2025-01-19T03:44:57.999Z</time><speed>6.244</speed><sat>11</sat></trkpt>
  <trkpt lat="13.80619471" lon="100.17548269"><ele>-22.982</ele><time>2025-01-19T03:44:58.999Z</time><speed>6.538</speed><sat>11</sat></trkpt>
  <trkpt lat="13.80620224" lon="100.17541908"><ele>-22.984</ele><time>2025-01-19T03:44:59.999Z</time><speed>6.811</speed><sat>10</sat></trkpt>
  <trkpt lat="13.80620754" lon="100.17535491"><ele>-23.097</ele><time>2025-01-19T03:45:00.999Z</time><speed>7.053</speed><sat>10</sat></trkpt>
  <trkpt lat="13.80621845" lon="100.17528537"><ele>-22.768</ele><time>2025-01-19T03:45:01.999Z</time><speed>7.359</speed><sat>11</sat></trkpt>
  <trkpt lat="13.80622988" lon="100.17521330"><ele>-22.690</ele><time>2025-01-19T03:45:02.999Z</time><speed>7.617</speed><sat>11</sat></trkpt>
  <trkpt lat="13.80624115" lon="100.17514052"><ele>-22.520</ele><time>2025-01-19T03:45:03.999Z</time><speed>7.872</speed><sat>11</sat></trkpt>
  <trkpt lat="13.80625175" lon="100.17506569"><ele>-22.429</ele><time>2025-01-19T03:45:04.999Z</time><speed>8.069</speed><sat>11</sat></trkpt>
  <trkpt lat="13.80626415" lon="100.17499234"><ele>-21.984</ele><time>2025-01-19T03:45:05.999Z</time><speed>8.245</speed><sat>12</sat></trkpt>
  <trkpt lat="13.80627743" lon="100.17491383"><ele>-21.901</ele><time>2025-01-19T03:45:06.999Z</time><speed>8.479</speed><sat>11</sat></trkpt>
  <trkpt lat="13.80628955" lon="100.17483250"><ele>-21.782</ele><time>2025-01-19T03:45:07.999Z</time><speed>8.735</speed><sat>12</sat></trkpt>
  <trkpt lat="13.80630096" lon="100.17475038"><ele>-21.614</ele><time>2025-01-19T03:45:08.999Z</time><speed>9.007</speed><sat>13</sat></trkpt>
  <trkpt lat="13.80631375" lon="100.17466647"><ele>-21.474</ele><time>2025-01-19T03:45:09.999Z</time><speed>9.298</speed><sat>13</sat></trkpt>
  <trkpt lat="13.80632222" lon="100.17457931"><ele>-21.568</ele><time>2025-01-19T03:45:10.999Z</time><speed>9.575</speed><sat>13</sat></trkpt>
  <trkpt lat="13.80633013" lon="100.17448854"><ele>-21.557</ele><time>2025-01-19T03:45:11.999Z</time><speed>9.823</speed><sat>13</sat></trkpt>
  <trkpt lat="13.80634567" lon="100.17439832"><ele>-21.596</ele><time>2025-01-19T03:45:12.999Z</time><speed>10.021</speed><sat>13</sat></trkpt>
  <trkpt lat="13.80636112" lon="100.17430513"><ele>-21.817</ele><time>2025-01-19T03:45:13.999Z</time><speed>10.227</speed><sat>13</sat></trkpt>
  <trkpt lat="13.80637828" lon="100.17421123"><ele>-22.026</ele><time>2025-01-19T03:45:14.999Z</time><speed>10.403</speed><sat>12</sat></trkpt>
  <trkpt lat="13.80639328" lon="100.17411230"><ele>-22.138</ele><time>2025-01-19T03:45:15.999Z</time><speed>10.625</speed><sat>14</sat></trkpt>
  <trkpt lat="13.80640435" lon="100.17400851"><ele>-22.097</ele><time>2025-01-19T03:45:16.999Z</time><speed>10.892</speed><sat>12</sat></trkpt>
  <trkpt lat="13.80641771" lon="100.17390521"><ele>-21.993</ele><time>2025-01-19T03:45:17.999Z</time><speed>11.117</speed><sat>10</sat></trkpt>
  <trkpt lat="13.80643190" lon="100.17379863"><ele>-21.938</ele><time>2025-01-19T03:45:18.999Z</time><speed>11.387</speed><sat>11</sat></trkpt>
  <trkpt lat="13.80644706" lon="100.17368835"><ele>-22.102</ele><time>2025-01-19T03:45:19.999Z</time><speed>11.640</speed><sat>9</sat></trkpt>
  <trkpt lat="13.80646299" lon="100.17357984"><ele>-22.131</ele><time>2025-01-19T03:45:20.999Z</time><speed>11.856</speed><sat>9</sat></trkpt>
  <trkpt lat="13.80647867" lon="100.17346312"><ele>-22.084</ele><time>2025-01-19T03:45:21.999Z</time><speed>12.177</speed><sat>10</sat></trkpt>
  <trkpt lat="13.80649098" lon="100.17334386"><ele>-21.906</ele><time>2025-01-19T03:45:22.999Z</time><speed>12.447</speed><sat>11</sat></trkpt>
  <trkpt lat="13.80650657" lon="100.17322321"><ele>-21.090</ele><time>2025-01-19T03:45:23.999Z</time><speed>12.714</speed><sat>9</sat></trkpt>
  <trkpt lat="13.80652199" lon="100.17310122"><ele>-21.067</ele><time>2025-01-19T03:45:24.999Z</time><speed>12.951</speed><sat>9</sat></trkpt>
  <trkpt lat="13.80653888" lon="100.17298128"><ele>-21.098</ele><time>2025-01-19T03:45:25.999Z</time><speed>13.111</speed><sat>10</sat></trkpt>
  <trkpt lat="13.80655543" lon="100.17285474"><ele>-21.069</ele><time>2025-01-19T03:45:26.999Z</time><speed>13.367</speed><sat>10</sat></trkpt>
  <trkpt lat="13.80657457" lon="100.17272904"><ele>-20.398</ele><time>2025-01-19T03:45:27.999Z</time><speed>13.530</speed><sat>10</sat></trkpt>
  <trkpt lat="13.80659481" lon="100.17260022"><ele>-20.047</ele><time>2025-01-19T03:45:28.999Z</time><speed>13.761</speed><sat>8</sat></trkpt>
  <trkpt lat="13.80661398" lon="100.17247030"><ele>-19.893</ele><time>2025-01-19T03:45:29.999Z</time><speed>13.973</speed><sat>9</sat></trkpt>
  <trkpt lat="13.80663145" lon="100.17234096"><ele>-19.672</ele><time>2025-01-19T03:45:30.999Z</time><speed>14.142</speed><sat>8</sat></trkpt>
  <trkpt lat="13.80664629" lon="100.17221210"><ele>-19.212</ele><time>2025-01-19T03:45:31.999Z</time><speed>14.261</speed><sat>10</sat></trkpt>
  <trkpt lat="13.80666308" lon="100.17208046"><ele>-19.047</ele><time>2025-01-19T03:45:32.999Z</time><speed>14.428</speed><sat>11</sat></trkpt>
  <trkpt lat="13.80668228" lon="100.17194643"><ele>-19.057</ele><time>2025-01-19T03:45:33.999Z</time><speed>14.595</speed><sat>9</sat></trkpt>
  <trkpt lat="13.80670406" lon="100.17181515"><ele>-19.032</ele><time>2025-01-19T03:45:34.999Z</time><speed>14.657</speed><sat>9</sat></trkpt>
  <trkpt lat="13.80672489" lon="100.17168036"><ele>-19.462</ele><time>2025-01-19T03:45:35.999Z</time><speed>14.778</speed><sat>10</sat></trkpt>
  <trkpt lat="13.80673926" lon="100.17154139"><ele>-19.762</ele><time>2025-01-19T03:45:36.999Z</time><speed>14.962</speed><sat>10</sat></trkpt>
  <trkpt lat="13.80675766" lon="100.17140265"><ele>-19.919</ele><time>2025-01-19T03:45:37.999Z</time><speed>15.124</speed><sat>9</sat></trkpt>
  <trkpt lat="13.80677750" lon="100.17126063"><ele>-19.911</ele><time>2025-01-19T03:45:38.999Z</time><speed>15.297</speed><sat>8</sat></trkpt>
  <trkpt lat="13.80679753" lon="100.17111577"><ele>-20.026</ele><time>2025-01-19T03:45:39.999Z</time><speed>15.493</speed><sat>7</sat></trkpt>
  <trkpt lat="13.80681707" lon="100.17097009"><ele>-20.090</ele><time>2025-01-19T03:45:40.999Z</time><speed>15.656</speed><sat>8</sat></trkpt>
  <trkpt lat="13.80683923" lon="100.17082322"><ele>-20.073</ele><time>2025-01-19T03:45:41.999Z</time><speed>15.847</speed><sat>9</sat></trkpt>
  <trkpt lat="13.80685787" lon="100.17067944"><ele>-20.365</ele><time>2025-01-19T03:45:42.999Z</time><speed>15.973</speed><sat>11</sat></trkpt>
  <trkpt lat="13.80687426" lon="100.17053185"><ele>-20.369</ele><time>2025-01-19T03:45:43.999Z</time><speed>16.111</speed><sat>11</sat></trkpt>
  <trkpt lat="13.80689435" lon="100.17038550"><ele>-20.330</ele><time>2025-01-19T03:45:44.999Z</time><speed>16.197</speed><sat>10</sat></trkpt>
  <trkpt lat="13.80691345" lon="100.17023730"><ele>-20.363</ele><time>2025-01-19T03:45:45.999Z</time><speed>16.323</speed><sat>10</sat></trkpt>
  <trkpt lat="13.80693899" lon="100.17008839"><ele>-20.542</ele><time>2025-01-19T03:45:46.999Z</time><speed>16.439</speed><sat>11</sat></trkpt>
  <trkpt lat="13.80696073" lon="100.16994038"><ele>-20.682</ele><time>2025-01-19T03:45:47.999Z</time><speed>16.547</speed><sat>10</sat></trkpt>
  <trkpt lat="13.80697785" lon="100.16978766"><ele>-20.639</ele><time>2025-01-19T03:45:48.999Z</time><speed>16.709</speed><sat>11</sat></trkpt>
  <trkpt lat="13.80699037" lon="100.16963162"><ele>-21.109</ele><time>2025-01-19T03:45:49.999Z</time><speed>16.912</speed><sat>10</sat></trkpt>
  <trkpt lat="13.80700689" lon="100.16947413"><ele>-21.534</ele><time>2025-01-19T03:45:50.999Z</time><speed>17.074</speed><sat>8</sat></trkpt>
  <trkpt lat="13.80702846" lon="100.16931619"><ele>-21.304</ele><time>2025-01-19T03:45:51.999Z</time><speed>17.249</speed><sat>11</sat></trkpt>
  <trkpt lat="13.80704892" lon="100.16915495"><ele>-21.229</ele><time>2025-01-19T03:45:52.999Z</time><speed>17.430</speed><sat>10</sat></trkpt>
  <trkpt lat="13.80707113" lon="100.16899041"><ele>-21.139</ele><time>2025-01-19T03:45:53.999Z</time><speed>17.631</speed><sat>11</sat></trkpt>
  <trkpt lat="13.80709582" lon="100.16882601"><ele>-20.870</ele><time>2025-01-19T03:45:54.999Z</time><speed>17.828</speed><sat>10</sat></trkpt>
  <trkpt lat="13.80711589" lon="100.16866035"><ele>-20.797</ele><time>2025-01-19T03:45:55.999Z</time><speed>18.011</speed><sat>11</sat></trkpt>
  <trkpt lat="13.80713874" lon="100.16849465"><ele>-20.755</ele><time>2025-01-19T03:45:56.999Z</time><speed>18.137</speed><sat>11</sat></trkpt>
  <trkpt lat="13.80716479" lon="100.16832697"><ele>-20.764</ele><time>2025-01-19T03:45:57.999Z</time><speed>18.291</speed><sat>11</sat></trkpt>
  <trkpt lat="13.80718968" lon="100.16815766"><ele>-20.727</ele><time>2025-01-19T03:45:58.999Z</time><speed>18.474</speed><sat>10</sat></trkpt>
  <trkpt lat="13.80721484" lon="100.16798121"><ele>-20.041</ele><time>2025-01-19T03:45:59.999Z</time><speed>18.697</speed><sat>10</sat></trkpt>
  <trkpt lat="13.80723560" lon="100.16780470"><ele>-20.355</ele><time>2025-01-19T03:46:00.999Z</time><speed>18.910</speed><sat>9</sat></trkpt>
  <trkpt lat="13.80726258" lon="100.16763244"><ele>-20.390</ele><time>2025-01-19T03:46:01.999Z</time><speed>19.059</speed><sat>8</sat></trkpt>
  <trkpt lat="13.80728949" lon="100.16745997"><ele>-19.993</ele><time>2025-01-19T03:46:02.999Z</time><speed>19.130</speed><sat>8</sat></trkpt>
  <trkpt lat="13.80731576" lon="100.16728570"><ele>-19.543</ele><time>2025-01-19T03:46:03.999Z</time><speed>19.199</speed><sat>8</sat></trkpt>
  <trkpt lat="13.80734094" lon="100.16711046"><ele>-19.210</ele><time>2025-01-19T03:46:04.999Z</time><speed>19.318</speed><sat>10</sat></trkpt>
  <trkpt lat="13.80736675" lon="100.16693950"><ele>-18.952</ele><time>2025-01-19T03:46:05.999Z</time><speed>19.313</speed><sat>10</sat></trkpt>
  <trkpt lat="13.80738982" lon="100.16676280"><ele>-18.263</ele><time>2025-01-19T03:46:06.999Z</time><speed>19.380</speed><sat>10</sat></trkpt>
  <trkpt lat="13.80741270" lon="100.16658576"><ele>-17.845</ele><time>2025-01-19T03:46:07.999Z</time><speed>19.408</speed><sat>10</sat></trkpt>
  <trkpt lat="13.80743689" lon="100.16640307"><ele>-17.055</ele><time>2025-01-19T03:46:08.999Z</time><speed>19.544</speed><sat>10</sat></trkpt>
  <trkpt lat="13.80746198" lon="100.16622025"><ele>-16.435</ele><time>2025-01-19T03:46:09.999Z</time><speed>19.667</speed><sat>10</sat></trkpt>
  <trkpt lat="13.80748729" lon="100.16603780"><ele>-16.210</ele><time>2025-01-19T03:46:10.999Z</time><speed>19.778</speed><sat>10</sat></trkpt>
  <trkpt lat="13.80751139" lon="100.16585454"><ele>-16.120</ele><time>2025-01-19T03:46:11.999Z</time><speed>19.861</speed><sat>8</sat></trkpt>
  <trkpt lat="13.80753684" lon="100.16566994"><ele>-16.350</ele><time>2025-01-19T03:46:12.999Z</time><speed>20.006</speed><sat>8</sat></trkpt>
  <trkpt lat="13.80756097" lon="100.16548557"><ele>-16.113</ele><time>2025-01-19T03:46:13.999Z</time><speed>20.116</speed><sat>9</sat></trkpt>
  <trkpt lat="13.80758542" lon="100.16529975"><ele>-16.117</ele><time>2025-01-19T03:46:14.999Z</time><speed>20.251</speed><sat>9</sat></trkpt>
  <trkpt lat="13.80761106" lon="100.16511167"><ele>-15.960</ele><time>2025-01-19T03:46:15.999Z</time><speed>20.358</speed><sat>10</sat></trkpt>
  <trkpt lat="13.80763885" lon="100.16492329"><ele>-15.889</ele><time>2025-01-19T03:46:16.999Z</time><speed>20.470</speed><sat>9</sat></trkpt>
  <trkpt lat="13.80766748" lon="100.16473611"><ele>-16.013</ele><time>2025-01-19T03:46:17.999Z</time><speed>20.556</speed><sat>8</sat></trkpt>
  <trkpt lat="13.80769049" lon="100.16453997"><ele>-16.128</ele><time>2025-01-19T03:46:18.999Z</time><speed>20.785</speed><sat>8</sat></trkpt>
  <trkpt lat="13.80770748" lon="100.16434225"><ele>-15.748</ele><time>2025-01-19T03:46:19.999Z</time><speed>20.993</speed><sat>8</sat></trkpt>
  <trkpt lat="13.80773522" lon="100.16414928"><ele>-15.994</ele><time>2025-01-19T03:46:20.999Z</time><speed>21.088</speed><sat>8</sat></trkpt>
  <trkpt lat="13.80775955" lon="100.16395158"><ele>-16.308</ele><time>2025-01-19T03:46:21.999Z</time><speed>21.252</speed><sat>9</sat></trkpt>
  <trkpt lat="13.80778656" lon="100.16375298"><ele>-16.425</ele><time>2025-01-19T03:46:22.999Z</time><speed>21.427</speed><sat>8</sat></trkpt>
  <trkpt lat="13.80781441" lon="100.16355525"><ele>-16.495</ele><time>2025-01-19T03:46:23.999Z</time><speed>21.555</speed><sat>8</sat></trkpt>
  <trkpt lat="13.80783927" lon="100.16336359"><ele>-16.811</ele><time>2025-01-19T03:46:24.999Z</time><speed>21.574</speed><sat>7</sat></trkpt>
  <trkpt lat="13.80786991" lon="100.16317393"><ele>-17.678</ele><time>2025-01-19T03:46:25.999Z</time><speed>21.542</speed><sat>8</sat></trkpt>
  <trkpt lat="13.80790265" lon="100.16298029"><ele>-18.094</ele><time>2025-01-19T03:46:26.999Z</time><speed>21.570</speed><sat>9</sat></trkpt>
  <trkpt lat="13.80793270" lon="100.16278587"><ele>-18.232</ele><time>2025-01-19T03:46:27.999Z</time><speed>21.560</speed><sat>8</sat></trkpt>
  <trkpt lat="13.80796117" lon="100.16259125"><ele>-18.204</ele><time>2025-01-19T03:46:28.999Z</time><speed>21.584</speed><sat>8</sat></trkpt>
  <trkpt lat="13.80798596" lon="100.16239036"><ele>-18.086</ele><time>2025-01-19T03:46:29.999Z</time><speed>21.734</speed><sat>9</sat></trkpt>
  <trkpt lat="13.80801215" lon="100.16218837"><ele>-17.600</ele><time>2025-01-19T03:46:30.999Z</time><speed>21.844</speed><sat>8</sat></trkpt>
  <trkpt lat="13.80803815" lon="100.16199110"><ele>-17.263</ele><time>2025-01-19T03:46:31.999Z</time><speed>21.831</speed><sat>11</sat></trkpt>
  <trkpt lat="13.80806597" lon="100.16179111"><ele>-16.866</ele><time>2025-01-19T03:46:32.999Z</time><speed>21.898</speed><sat>11</sat></trkpt>
  <trkpt lat="13.80809363" lon="100.16158707"><ele>-16.477</ele><time>2025-01-19T03:46:33.999Z</time><speed>22.016</speed><sat>8</sat></trkpt>
  <trkpt lat="13.80812062" lon="100.16138663"><ele>-16.468</ele><time>2025-01-19T03:46:34.999Z</time><speed>22.081</speed><sat>10</sat></trkpt>
  <trkpt lat="13.80814805" lon="100.16118309"><ele>-16.674</ele><time>2025-01-19T03:46:35.999Z</time><speed>22.159</speed><sat>8</sat></trkpt>
  <trkpt lat="13.80816798" lon="100.16097923"><ele>-16.345</ele><time>2025-01-19T03:46:36.999Z</time><speed>22.216</speed><sat>9</sat></trkpt>
  <trkpt lat="13.80818386" lon="100.16077758"><ele>-16.020</ele><time>2025-01-19T03:46:37.999Z</time><speed>22.133</speed><sat>7</sat></trkpt>
  <trkpt lat="13.80820355" lon="100.16057491"><ele>-16.485</ele><time>2025-01-19T03:46:38.999Z</time><speed>22.157</speed><sat>7</sat></trkpt>
  <trkpt lat="13.80822540" lon="100.16036304"><ele>-15.814</ele><time>2025-01-19T03:46:39.999Z</time><speed>22.295</speed><sat>8</sat></trkpt>
  <trkpt lat="13.80824188" lon="100.16014910"><ele>-15.385</ele><time>2025-01-19T03:46:40.999Z</time><speed>22.445</speed><sat>8</sat></trkpt>
  <trkpt lat="13.80825790" lon="100.15993565"><ele>-15.141</ele><time>2025-01-19T03:46:41.999Z</time><speed>22.546</speed><sat>8</sat></trkpt>
  <trkpt lat="13.80828122" lon="100.15972655"><ele>-15.264</ele><time>2025-01-19T03:46:42.999Z</time><speed>22.617</speed><sat>8</sat></trkpt>
  <trkpt lat="13.80830552" lon="100.15952165"><ele>-15.462</ele><time>2025-01-19T03:46:43.999Z</time><speed>22.625</speed><sat>7</sat></trkpt>
  <trkpt lat="13.80832642" lon="100.15931287"><ele>-15.567</ele><time>2025-01-19T03:46:44.999Z</time><speed>22.661</speed><sat>8</sat></trkpt>
  <trkpt lat="13.80834473" lon="100.15910277"><ele>-15.674</ele><time>2025-01-19T03:46:45.999Z</time><speed>22.693</speed><sat>7</sat></trkpt>
  <trkpt lat="13.80837478" lon="100.15889617"><ele>-15.606</ele><time>2025-01-19T03:46:46.999Z</time><speed>22.713</speed><sat>6</sat></trkpt>
  <trkpt lat="13.80840853" lon="100.15869315"><ele>-16.375</ele><time>2025-01-19T03:46:47.999Z</time><speed>22.700</speed><sat>7</sat></trkpt>
  <trkpt lat="13.80843582" lon="100.15848080"><ele>-16.582</ele><time>2025-01-19T03:46:48.999Z</time><speed>22.800</speed><sat>6</sat></trkpt>
  <trkpt lat="13.80846994" lon="100.15827332"><ele>-16.827</ele><time>2025-01-19T03:46:49.999Z</time><speed>22.831</speed><sat>7</sat></trkpt>
  <trkpt lat="13.80850707" lon="100.15806633"><ele>-17.093</ele><time>2025-01-19T03:46:50.999Z</time><speed>22.838</speed><sat>8</sat></trkpt>
  <trkpt lat="13.80853986" lon="100.15785781"><ele>-17.244</ele><time>2025-01-19T03:46:51.999Z</time><speed>22.870</speed><sat>8</sat></trkpt>
  <trkpt lat="13.80857954" lon="100.15764746"><ele>-16.624</ele><time>2025-01-19T03:46:52.999Z</time><speed>22.930</speed><sat>7</sat></trkpt>
  <trkpt lat="13.80861362" lon="100.15744098"><ele>-16.237</ele><time>2025-01-19T03:46:53.999Z</time><speed>22.915</speed><sat>6</sat></trkpt>
  <trkpt lat="13.80864644" lon="100.15723262"><ele>-15.880</ele><time>2025-01-19T03:46:54.999Z</time><speed>22.917</speed><sat>7</sat></trkpt>
  <trkpt lat="13.80867752" lon="100.15702776"><ele>-16.094</ele><time>2025-01-19T03:46:55.999Z</time><speed>22.897</speed><sat>7</sat></trkpt>
  <trkpt lat="13.80870695" lon="100.15682602"><ele>-17.136</ele><time>2025-01-19T03:46:56.999Z</time><speed>22.844</speed><sat>7</sat></trkpt>
  <trkpt lat="13.80873679" lon="100.15661905"><ele>-16.688</ele><time>2025-01-19T03:46:57.999Z</time><speed>22.844</speed><sat>7</sat></trkpt>
  <trkpt lat="13.80876799" lon="100.15640908"><ele>-16.028</ele><time>2025-01-19T03:46:58.999Z</time><speed>22.865</speed><sat>8</sat></trkpt>
  <trkpt lat="13.80879725" lon="100.15619879"><ele>-15.426</ele><time>2025-01-19T03:46:59.999Z</time><speed>22.929</speed><sat>8</sat></trkpt>
  <trkpt lat="13.80882634" lon="100.15598712"><ele>-15.116</ele><time>2025-01-19T03:47:00.999Z</time><speed>22.950</speed><sat>8</sat></trkpt>
  <trkpt lat="13.80885477" lon="100.15578723"><ele>-16.063</ele><time>2025-01-19T03:47:01.999Z</time><speed>22.863</speed><sat>7</sat></trkpt>
  <trkpt lat="13.80888408" lon="100.15558450"><ele>-16.862</ele><time>2025-01-19T03:47:02.999Z</time><speed>22.823</speed><sat>9</sat></trkpt>
  <trkpt lat="13.80891578" lon="100.15538147"><ele>-17.283</ele><time>2025-01-19T03:47:03.999Z</time><speed>22.824</speed><sat>9</sat></trkpt>
  <trkpt lat="13.80894626" lon="100.15517464"><ele>-17.263</ele><time>2025-01-19T03:47:04.999Z</time><speed>22.815</speed><sat>7</sat></trkpt>
  <trkpt lat="13.80897665" lon="100.15496756"><ele>-17.569</ele><time>2025-01-19T03:47:05.999Z</time><speed>22.818</speed><sat>8</sat></trkpt>
  <trkpt lat="13.80900745" lon="100.15476059"><ele>-17.907</ele><time>2025-01-19T03:47:06.999Z</time><speed>22.805</speed><sat>8</sat></trkpt>
  <trkpt lat="13.80903786" lon="100.15455656"><ele>-18.050</ele><time>2025-01-19T03:47:07.999Z</time><speed>22.765</speed><sat>9</sat></trkpt>
  <trkpt lat="13.80906728" lon="100.15434722"><ele>-18.172</ele><time>2025-01-19T03:47:08.999Z</time><speed>22.809</speed><sat>8</sat></trkpt>
  <trkpt lat="13.80909454" lon="100.15414101"><ele>-18.695</ele><time>2025-01-19T03:47:09.999Z</time><speed>22.759</speed><sat>8</sat></trkpt>
  <trkpt lat="13.80912981" lon="100.15393566"><ele>-18.606</ele><time>2025-01-19T03:47:10.999Z</time><speed>22.755</speed><sat>8</sat></trkpt>
  <trkpt lat="13.80916081" lon="100.15372939"><ele>-18.418</ele><time>2025-01-19T03:47:11.999Z</time><speed>22.750</speed><sat>8</sat></trkpt>
  <trkpt lat="13.80919343" lon="100.15352296"><ele>-18.271</ele><time>2025-01-19T03:47:12.999Z</time><speed>22.757</speed><sat>8</sat></trkpt>
  <trkpt lat="13.80922329" lon="100.15331395"><ele>-18.125</ele><time>2025-01-19T03:47:13.999Z</time><speed>22.765</speed><sat>7</sat></trkpt>
  <trkpt lat="13.80924801" lon="100.15310225"><ele>-17.647</ele><time>2025-01-19T03:47:14.999Z</time><speed>22.825</speed><sat>7</sat></trkpt>
  <trkpt lat="13.80928167" lon="100.15289413"><ele>-17.552</ele><time>2025-01-19T03:47:15.999Z</time><speed>22.825</speed><sat>7</sat></trkpt>
  <trkpt lat="13.80931172" lon="100.15268397"><ele>-17.585</ele><time>2025-01-19T03:47:16.999Z</time><speed>22.868</speed><sat>7</sat></trkpt>
  <trkpt lat="13.80934542" lon="100.15247662"><ele>-17.698</ele><time>2025-01-19T03:47:17.999Z</time><speed>22.906</speed><sat>7</sat></trkpt>
  <trkpt lat="13.80937585" lon="100.15226759"><ele>-17.973</ele><time>2025-01-19T03:47:18.999Z</time><speed>22.907</speed><sat>7</sat></trkpt>
  <trkpt lat="13.80940704" lon="100.15205873"><ele>-18.454</ele><time>2025-01-19T03:47:19.999Z</time><speed>22.886</speed><sat>7</sat></trkpt>
  <trkpt lat="13.80943353" lon="100.15184891"><ele>-19.179</ele><time>2025-01-19T03:47:20.999Z</time><speed>22.853</speed><sat>8</sat></trkpt>
  <trkpt lat="13.80946203" lon="100.15163849"><ele>-19.641</ele><time>2025-01-19T03:47:21.999Z</time><speed>22.852</speed><sat>8</sat></trkpt>
  <trkpt lat="13.80949127" lon="100.15142538"><ele>-19.779</ele><time>2025-01-19T03:47:22.999Z</time><speed>22.895</speed><sat>8</sat></trkpt>
  <trkpt lat="13.80951912" lon="100.15121126"><ele>-19.985</ele><time>2025-01-19T03:47:23.999Z</time><speed>22.954</speed><sat>9</sat></trkpt>
  <trkpt lat="13.80954451" lon="100.15099821"><ele>-19.953</ele><time>2025-01-19T03:47:24.999Z</time><speed>22.982</speed><sat>9</sat></trkpt>
  <trkpt lat="13.80957266" lon="100.15078554"><ele>-20.024</ele><time>2025-01-19T03:47:25.999Z</time><speed>23.008</speed><sat>7</sat></trkpt>
  <trkpt lat="13.80959926" lon="100.15057028"><ele>-20.006</ele><time>2025-01-19T03:47:26.999Z</time><speed>23.051</speed><sat>8</sat></trkpt>
  <trkpt lat="13.80962774" lon="100.15035596"><ele>-19.771</ele><time>2025-01-19T03:47:27.999Z</time><speed>23.084</speed><sat>8</sat></trkpt>
  <trkpt lat="13.80965929" lon="100.15014113"><ele>-20.204</ele><time>2025-01-19T03:47:28.999Z</time><speed>23.140</speed><sat>8</sat></trkpt>
  <trkpt lat="13.80968798" lon="100.14992676"><ele>-20.099</ele><time>2025-01-19T03:47:29.999Z</time><speed>23.183</speed><sat>6</sat></trkpt>
  <trkpt lat="13.80971613" lon="100.14971611"><ele>-19.740</ele><time>2025-01-19T03:47:30.999Z</time><speed>23.161</speed><sat>5</sat></trkpt>
  <trkpt lat="13.80974500" lon="100.14950672"><ele>-19.571</ele><time>2025-01-19T03:47:31.999Z</time><speed>23.110</speed><sat>7</sat></trkpt>
  <trkpt lat="13.80977373" lon="100.14929353"><ele>-19.150</ele><time>2025-01-19T03:47:32.999Z</time><speed>23.164</speed><sat>5</sat></trkpt>
  <trkpt lat="13.80980223" lon="100.14908562"><ele>-18.924</ele><time>2025-01-19T03:47:33.999Z</time><speed>23.086</speed><sat>6</sat></trkpt>
  <trkpt lat="13.80983231" lon="100.14887252"><ele>-18.601</ele><time>2025-01-19T03:47:34.999Z</time><speed>23.091</speed><sat>8</sat></trkpt>
  <trkpt lat="13.80986061" lon="100.14865936"><ele>-18.498</ele><time>2025-01-19T03:47:35.999Z</time><speed>23.084</speed><sat>7</sat></trkpt>
  <trkpt lat="13.80989169" lon="100.14844397"><ele>-18.220</ele><time>2025-01-19T03:47:36.999Z</time><speed>23.138</speed><sat>7</sat></trkpt>
  <trkpt lat="13.80991661" lon="100.14822007"><ele>-16.362</ele><time>2025-01-19T03:47:37.999Z</time><speed>23.437</speed><sat>7</sat></trkpt>
  <trkpt lat="13.80994224" lon="100.14801924"><ele>-16.995</ele><time>2025-01-19T03:47:38.999Z</time><speed>23.346</speed><sat>7</sat></trkpt>
  <trkpt lat="13.80996661" lon="100.14780817"><ele>-17.373</ele><time>2025-01-19T03:47:39.999Z</time><speed>23.523</speed><sat>7</sat></trkpt>
  <trkpt lat="13.80998451" lon="100.14760471"><ele>-17.659</ele><time>2025-01-19T03:47:40.999Z</time><speed>22.842</speed><sat>7</sat></trkpt>
  <trkpt lat="13.81001337" lon="100.14738739"><ele>-17.296</ele><time>2025-01-19T03:47:41.999Z</time><speed>22.998</speed><sat>8</sat></trkpt>
  <trkpt lat="13.81003912" lon="100.14716679"><ele>-17.337</ele><time>2025-01-19T03:47:42.999Z</time><speed>23.177</speed><sat>9</sat></trkpt>
  <trkpt lat="13.81006575" lon="100.14694904"><ele>-17.672</ele><time>2025-01-19T03:47:43.999Z</time><speed>23.253</speed><sat>8</sat></trkpt>
  <trkpt lat="13.81009891" lon="100.14673132"><ele>-18.228</ele><time>2025-01-19T03:47:44.999Z</time><speed>23.331</speed><sat>9</sat></trkpt>
  <trkpt lat="13.81012787" lon="100.14652308"><ele>-18.637</ele><time>2025-01-19T03:47:45.999Z</time><speed>23.299</speed><sat>9</sat></trkpt>
  <trkpt lat="13.81015961" lon="100.14631006"><ele>-18.339</ele><time>2025-01-19T03:47:46.999Z</time><speed>23.311</speed><sat>8</sat></trkpt>
  <trkpt lat="13.81019133" lon="100.14609675"><ele>-18.428</ele><time>2025-01-19T03:47:47.999Z</time><speed>23.314</speed><sat>7</sat></trkpt>
  <trkpt lat="13.81022252" lon="100.14588494"><ele>-18.346</ele><time>2025-01-19T03:47:48.999Z</time><speed>23.291</speed><sat>8</sat></trkpt>
  <trkpt lat="13.81025008" lon="100.14567080"><ele>-18.568</ele><time>2025-01-19T03:47:49.999Z</time><speed>23.307</speed><sat>8</sat></trkpt>
  <trkpt lat="13.81028106" lon="100.14545908"><ele>-18.480</ele><time>2025-01-19T03:47:50.999Z</time><speed>23.241</speed><sat>9</sat></trkpt>
  <trkpt lat="13.81031233" lon="100.14524802"><ele>-18.412</ele><time>2025-01-19T03:47:51.999Z</time><speed>23.198</speed><sat>9</sat></trkpt>
  <trkpt lat="13.81034112" lon="100.14503753"><ele>-18.740</ele><time>2025-01-19T03:47:52.999Z</time><speed>23.153</speed><sat>7</sat></trkpt>
  <trkpt lat="13.81036998" lon="100.14482753"><ele>-19.222</ele><time>2025-01-19T03:47:53.999Z</time><speed>23.098</speed><sat>9</sat></trkpt>
  <trkpt lat="13.81039494" lon="100.14461918"><ele>-19.396</ele><time>2025-01-19T03:47:54.999Z</time><speed>23.007</speed><sat>8</sat></trkpt>
  <trkpt lat="13.81041908" lon="100.14440818"><ele>-19.580</ele><time>2025-01-19T03:47:55.999Z</time><speed>22.973</speed><sat>8</sat></trkpt>
  <trkpt lat="13.81044579" lon="100.14419771"><ele>-19.735</ele><time>2025-01-19T03:47:56.999Z</time><speed>22.950</speed><sat>9</sat></trkpt>
  <trkpt lat="13.81047443" lon="100.14398354"><ele>-19.417</ele><time>2025-01-19T03:47:57.999Z</time><speed>22.967</speed><sat>8</sat></trkpt>
  <trkpt lat="13.81050389" lon="100.14377167"><ele>-19.072</ele><time>2025-01-19T03:47:58.999Z</time><speed>22.959</speed><sat>9</sat></trkpt>
  <trkpt lat="13.81053547" lon="100.14356243"><ele>-18.492</ele><time>2025-01-19T03:47:59.999Z</time><speed>22.902</speed><sat>8</sat></trkpt>
  <trkpt lat="13.81056616" lon="100.14335067"><ele>-18.142</ele><time>2025-01-19T03:48:00.999Z</time><speed>22.927</speed><sat>7</sat></trkpt>
  <trkpt lat="13.81059760" lon="100.14313963"><ele>-18.015</ele><time>2025-01-19T03:48:01.999Z</time><speed>22.900</speed><sat>7</sat></trkpt>
  <trkpt lat="13.81062761" lon="100.14293356"><ele>-17.911</ele><time>2025-01-19T03:48:02.999Z</time><speed>22.816</speed><sat>7</sat></trkpt>
  <trkpt lat="13.81065830" lon="100.14272582"><ele>-17.775</ele><time>2025-01-19T03:48:03.999Z</time><speed>22.740</speed><sat>9</sat></trkpt>
  <trkpt lat="13.81068396" lon="100.14251656"><ele>-17.763</ele><time>2025-01-19T03:48:04.999Z</time><speed>22.698</speed><sat>9</sat></trkpt>
  <trkpt lat="13.81071238" lon="100.14230980"><ele>-17.775</ele><time>2025-01-19T03:48:05.999Z</time><speed>22.626</speed><sat>9</sat></trkpt>
  <trkpt lat="13.81074620" lon="100.14210443"><ele>-17.645</ele><time>2025-01-19T03:48:06.999Z</time><speed>22.576</speed><sat>9</sat></trkpt>
  <trkpt lat="13.81077560" lon="100.14189852"><ele>-17.684</ele><time>2025-01-19T03:48:07.999Z</time><speed>22.556</speed><sat>8</sat></trkpt>
  <trkpt lat="13.81080374" lon="100.14169384"><ele>-17.895</ele><time>2025-01-19T03:48:08.999Z</time><speed>22.510</speed><sat>8</sat></trkpt>
  <trkpt lat="13.81083065" lon="100.14148769"><ele>-17.691</ele><time>2025-01-19T03:48:09.999Z</time><speed>22.470</speed><sat>7</sat></trkpt>
  <trkpt lat="13.81085772" lon="100.14128218"><ele>-17.993</ele><time>2025-01-19T03:48:10.999Z</time><speed>22.450</speed><sat>9</sat></trkpt>
  <trkpt lat="13.81088037" lon="100.14107619"><ele>-17.876</ele><time>2025-01-19T03:48:11.999Z</time><speed>22.267</speed><sat>8</sat></trkpt>
  <trkpt lat="13.81090386" lon="100.14086611"><ele>-18.395</ele><time>2025-01-19T03:48:12.999Z</time><speed>22.338</speed><sat>8</sat></trkpt>
  <trkpt lat="13.81093136" lon="100.14066067"><ele>-18.486</ele><time>2025-01-19T03:48:13.999Z</time><speed>22.295</speed><sat>8</sat></trkpt>
  <trkpt lat="13.81095901" lon="100.14045440"><ele>-18.414</ele><time>2025-01-19T03:48:14.999Z</time><speed>22.272</speed><sat>9</sat></trkpt>
  <trkpt lat="13.81098763" lon="100.14024997"><ele>-18.346</ele><time>2025-01-19T03:48:15.999Z</time><speed>22.228</speed><sat>7</sat></trkpt>
  <trkpt lat="13.81101501" lon="100.14004676"><ele>-18.647</ele><time>2025-01-19T03:48:16.999Z</time><speed>22.252</speed><sat>9</sat></trkpt>
  <trkpt lat="13.81104223" lon="100.13984255"><ele>-18.631</ele><time>2025-01-19T03:48:17.999Z</time><speed>22.205</speed><sat>9</sat></trkpt>
  <trkpt lat="13.81107156" lon="100.13963894"><ele>-18.516</ele><time>2025-01-19T03:48:18.999Z</time><speed>22.198</speed><sat>7</sat></trkpt>
  <trkpt lat="13.81110081" lon="100.13943496"><ele>-18.509</ele><time>2025-01-19T03:48:19.999Z</time><speed>22.214</speed><sat>9</sat></trkpt>
  <trkpt lat="13.81113240" lon="100.13922985"><ele>-18.630</ele><time>2025-01-19T03:48:20.999Z</time><speed>22.246</speed><sat>7</sat></trkpt>
  <trkpt lat="13.81116480" lon="100.13902688"><ele>-18.424</ele><time>2025-01-19T03:48:21.999Z</time><speed>22.223</speed><sat>9</sat></trkpt>
  <trkpt lat="13.81119105" lon="100.13882141"><ele>-17.979</ele><time>2025-01-19T03:48:22.999Z</time><speed>22.186</speed><sat>10</sat></trkpt>
  <trkpt lat="13.81121339" lon="100.13862000"><ele>-18.522</ele><time>2025-01-19T03:48:23.999Z</time><speed>22.153</speed><sat>10</sat></trkpt>
  <trkpt lat="13.81124075" lon="100.13841918"><ele>-19.234</ele><time>2025-01-19T03:48:24.999Z</time><speed>22.125</speed><sat>10</sat></trkpt>
  <trkpt lat="13.81126628" lon="100.13821798"><ele>-19.740</ele><time>2025-01-19T03:48:25.999Z</time><speed>22.084</speed><sat>10</sat></trkpt>
  <trkpt lat="13.81129872" lon="100.13801713"><ele>-20.128</ele><time>2025-01-19T03:48:26.999Z</time><speed>22.067</speed><sat>9</sat></trkpt>
  <trkpt lat="13.81133234" lon="100.13781664"><ele>-20.550</ele><time>2025-01-19T03:48:27.999Z</time><speed>22.059</speed><sat>9</sat></trkpt>
  <trkpt lat="13.81136426" lon="100.13761450"><ele>-20.959</ele><time>2025-01-19T03:48:28.999Z</time><speed>22.033</speed><sat>7</sat></trkpt>
  <trkpt lat="13.81139077" lon="100.13740948"><ele>-21.180</ele><time>2025-01-19T03:48:29.999Z</time><speed>22.063</speed><sat>8</sat></trkpt>
  <trkpt lat="13.81141403" lon="100.13719834"><ele>-20.785</ele><time>2025-01-19T03:48:30.999Z</time><speed>22.155</speed><sat>10</sat></trkpt>
  <trkpt lat="13.81144106" lon="100.13699743"><ele>-21.433</ele><time>2025-01-19T03:48:31.999Z</time><speed>22.068</speed><sat>10</sat></trkpt>
  <trkpt lat="13.81146659" lon="100.13679536"><ele>-21.817</ele><time>2025-01-19T03:48:32.999Z</time><speed>22.031</speed><sat>11</sat></trkpt>
  <trkpt lat="13.81148909" lon="100.13659702"><ele>-21.885</ele><time>2025-01-19T03:48:33.999Z</time><speed>21.936</speed><sat>9</sat></trkpt>
  <trkpt lat="13.81151320" lon="100.13640107"><ele>-21.705</ele><time>2025-01-19T03:48:34.999Z</time><speed>21.830</speed><sat>9</sat></trkpt>
  <trkpt lat="13.81154166" lon="100.13620369"><ele>-21.806</ele><time>2025-01-19T03:48:35.999Z</time><speed>21.763</speed><sat>9</sat></trkpt>
  <trkpt lat="13.81156638" lon="100.13600464"><ele>-21.649</ele><time>2025-01-19T03:48:36.999Z</time><speed>21.733</speed><sat>10</sat></trkpt>
  <trkpt lat="13.81159443" lon="100.13580380"><ele>-21.748</ele><time>2025-01-19T03:48:37.999Z</time><speed>21.739</speed><sat>8</sat></trkpt>
  <trkpt lat="13.81162278" lon="100.13560349"><ele>-21.720</ele><time>2025-01-19T03:48:38.999Z</time><speed>21.748</speed><sat>7</sat></trkpt>
  <trkpt lat="13.81164731" lon="100.13540666"><ele>-22.138</ele><time>2025-01-19T03:48:39.999Z</time><speed>21.703</speed><sat>7</sat></trkpt>
  <trkpt lat="13.81167666" lon="100.13520580"><ele>-22.233</ele><time>2025-01-19T03:48:40.999Z</time><speed>21.753</speed><sat>7</sat></trkpt>
  <trkpt lat="13.81171133" lon="100.13500711"><ele>-22.166</ele><time>2025-01-19T03:48:41.999Z</time><speed>21.759</speed><sat>6</sat></trkpt>
  <trkpt lat="13.81174035" lon="100.13480950"><ele>-22.259</ele><time>2025-01-19T03:48:42.999Z</time><speed>21.700</speed><sat>6</sat></trkpt>
  <trkpt lat="13.81176500" lon="100.13461348"><ele>-22.448</ele><time>2025-01-19T03:48:43.999Z</time><speed>21.628</speed><sat>9</sat></trkpt>
  <trkpt lat="13.81178894" lon="100.13442002"><ele>-22.989</ele><time>2025-01-19T03:48:44.999Z</time><speed>21.559</speed><sat>9</sat></trkpt>
  <trkpt lat="13.81181195" lon="100.13422121"><ele>-23.030</ele><time>2025-01-19T03:48:45.999Z</time><speed>21.536</speed><sat>8</sat></trkpt>
  <trkpt lat="13.81184013" lon="100.13402208"><ele>-23.186</ele><time>2025-01-19T03:48:46.999Z</time><speed>21.532</speed><sat>8</sat></trkpt>
  <trkpt lat="13.81186711" lon="100.13382159"><ele>-23.254</ele><time>2025-01-19T03:48:47.999Z</time><speed>21.530</speed><sat>7</sat></trkpt>
  <trkpt lat="13.81189201" lon="100.13362372"><ele>-23.504</ele><time>2025-01-19T03:48:48.999Z</time><speed>21.529</speed><sat>8</sat></trkpt>
  <trkpt lat="13.81191794" lon="100.13342295"><ele>-23.367</ele><time>2025-01-19T03:48:49.999Z</time><speed>21.563</speed><sat>8</sat></trkpt>
  <trkpt lat="13.81194542" lon="100.13322113"><ele>-22.872</ele><time>2025-01-19T03:48:50.999Z</time><speed>21.604</speed><sat>9</sat></trkpt>
  <trkpt lat="13.81196890" lon="100.13302493"><ele>-22.926</ele><time>2025-01-19T03:48:51.999Z</time><speed>21.598</speed><sat>10</sat></trkpt>
  <trkpt lat="13.81199393" lon="100.13282902"><ele>-23.016</ele><time>2025-01-19T03:48:52.999Z</time><speed>21.545</speed><sat>10</sat></trkpt>
  <trkpt lat="13.81202140" lon="100.13263538"><ele>-22.886</ele><time>2025-01-19T03:48:53.999Z</time><speed>21.487</speed><sat>9</sat></trkpt>
  <trkpt lat="13.81204709" lon="100.13243675"><ele>-22.898</ele><time>2025-01-19T03:48:54.999Z</time><speed>21.442</speed><sat>11</sat></trkpt>
  <trkpt lat="13.81207359" lon="100.13223916"><ele>-22.754</ele><time>2025-01-19T03:48:55.999Z</time><speed>21.402</speed><sat>10</sat></trkpt>
  <trkpt lat="13.81209889" lon="100.13204448"><ele>-22.604</ele><time>2025-01-19T03:48:56.999Z</time><speed>21.330</speed><sat>8</sat></trkpt>
  <trkpt lat="13.81212385" lon="100.13184582"><ele>-22.382</ele><time>2025-01-19T03:48:57.999Z</time><speed>21.346</speed><sat>10</sat></trkpt>
  <trkpt lat="13.81215159" lon="100.13164618"><ele>-22.133</ele><time>2025-01-19T03:48:58.999Z</time><speed>21.388</speed><sat>11</sat></trkpt>
  <trkpt lat="13.81218019" lon="100.13144667"><ele>-22.158</ele><time>2025-01-19T03:48:59.999Z</time><speed>21.421</speed><sat>11</sat></trkpt>
  <trkpt lat="13.81220693" lon="100.13125213"><ele>-22.119</ele><time>2025-01-19T03:49:00.999Z</time><speed>21.380</speed><sat>9</sat></trkpt>
  <trkpt lat="13.81223281" lon="100.13105644"><ele>-22.211</ele><time>2025-01-19T03:49:01.999Z</time><speed>21.358</speed><sat>10</sat></trkpt>
  <trkpt lat="13.81225927" lon="100.13086108"><ele>-22.368</ele><time>2025-01-19T03:49:02.999Z</time><speed>21.365</speed><sat>10</sat></trkpt>
  <trkpt lat="13.81228672" lon="100.13066273"><ele>-22.221</ele><time>2025-01-19T03:49:03.999Z</time><speed>21.392</speed><sat>10</sat></trkpt>
  <trkpt lat="13.81231350" lon="100.13046501"><ele>-22.243</ele><time>2025-01-19T03:49:04.999Z</time><speed>21.412</speed><sat>10</sat></trkpt>
  <trkpt lat="13.81233966" lon="100.13026991"><ele>-22.248</ele><time>2025-01-19T03:49:05.999Z</time><speed>21.405</speed><sat>11</sat></trkpt>
  <trkpt lat="13.81236667" lon="100.13007304"><ele>-22.435</ele><time>2025-01-19T03:49:06.999Z</time><speed>21.425</speed><sat>10</sat></trkpt>
  <trkpt lat="13.81239228" lon="100.12987569"><ele>-22.463</ele><time>2025-01-19T03:49:07.999Z</time><speed>21.448</speed><sat>9</sat></trkpt>
  <trkpt lat="13.81242086" lon="100.12968160"><ele>-22.389</ele><time>2025-01-19T03:49:08.999Z</time><speed>21.435</speed><sat>10</sat></trkpt>
  <trkpt lat="13.81244439" lon="100.12948585"><ele>-22.441</ele><time>2025-01-19T03:49:09.999Z</time><speed>21.404</speed><sat>10</sat></trkpt>
  <trkpt lat="13.81247123" lon="100.12929457"><ele>-22.215</ele><time>2025-01-19T03:49:10.999Z</time><speed>21.357</speed><sat>10</sat></trkpt>
  <trkpt lat="13.81249807" lon="100.12910140"><ele>-22.208</ele><time>2025-01-19T03:49:11.999Z</time><speed>21.318</speed><sat>10</sat></trkpt>
  <trkpt lat="13.81252453" lon="100.12890735"><ele>-22.309</ele><time>2025-01-19T03:49:12.999Z</time><speed>21.278</speed><sat>10</sat></trkpt>
  <trkpt lat="13.81254874" lon="100.12871290"><ele>-22.153</ele><time>2025-01-19T03:49:13.999Z</time><speed>21.248</speed><sat>9</sat></trkpt>
  <trkpt lat="13.81257372" lon="100.12851683"><ele>-22.284</ele><time>2025-01-19T03:49:14.999Z</time><speed>21.247</speed><sat>8</sat></trkpt>
  <trkpt lat="13.81260278" lon="100.12832401"><ele>-22.170</ele><time>2025-01-19T03:49:15.999Z</time><speed>21.199</speed><sat>8</sat></trkpt>
  <trkpt lat="13.81262854" lon="100.12813087"><ele>-21.877</ele><time>2025-01-19T03:49:16.999Z</time><speed>21.155</speed><sat>7</sat></trkpt>
  <trkpt lat="13.81265256" lon="100.12793632"><ele>-22.017</ele><time>2025-01-19T03:49:17.999Z</time><speed>21.133</speed><sat>6</sat></trkpt>
  <trkpt lat="13.81267850" lon="100.12774274"><ele>-22.306</ele><time>2025-01-19T03:49:18.999Z</time><speed>21.098</speed><sat>6</sat></trkpt>
  <trkpt lat="13.81270404" lon="100.12754876"><ele>-22.428</ele><time>2025-01-19T03:49:19.999Z</time><speed>21.084</speed><sat>7</sat></trkpt>
  <trkpt lat="13.81273059" lon="100.12735502"><ele>-22.375</ele><time>2025-01-19T03:49:20.999Z</time><speed>21.060</speed><sat>7</sat></trkpt>
  <trkpt lat="13.81275815" lon="100.12715859"><ele>-22.241</ele><time>2025-01-19T03:49:21.999Z</time><speed>21.082</speed><sat>7</sat></trkpt>
  <trkpt lat="13.81278322" lon="100.12696478"><ele>-22.349</ele><time>2025-01-19T03:49:22.999Z</time><speed>21.071</speed><sat>7</sat></trkpt>
  <trkpt lat="13.81280842" lon="100.12677204"><ele>-22.102</ele><time>2025-01-19T03:49:23.999Z</time><speed>21.050</speed><sat>7</sat></trkpt>
  <trkpt lat="13.81283619" lon="100.12657650"><ele>-22.191</ele><time>2025-01-19T03:49:24.999Z</time><speed>21.081</speed><sat>6</sat></trkpt>
  <trkpt lat="13.81285892" lon="100.12638432"><ele>-22.316</ele><time>2025-01-19T03:49:25.999Z</time><speed>21.023</speed><sat>6</sat></trkpt>
  <trkpt lat="13.81288026" lon="100.12619882"><ele>-22.393</ele><time>2025-01-19T03:49:26.999Z</time><speed>20.871</speed><sat>8</sat></trkpt>
  <trkpt lat="13.81290598" lon="100.12600806"><ele>-22.416</ele><time>2025-01-19T03:49:27.999Z</time><speed>20.819</speed><sat>8</sat></trkpt>
  <trkpt lat="13.81293404" lon="100.12581487"><ele>-22.456</ele><time>2025-01-19T03:49:28.999Z</time><speed>20.810</speed><sat>7</sat></trkpt>
  <trkpt lat="13.81296195" lon="100.12562013"><ele>-22.472</ele><time>2025-01-19T03:49:29.999Z</time><speed>20.854</speed><sat>8</sat></trkpt>
  <trkpt lat="13.81298954" lon="100.12542791"><ele>-22.257</ele><time>2025-01-19T03:49:30.999Z</time><speed>20.865</speed><sat>8</sat></trkpt>
  <trkpt lat="13.81301878" lon="100.12523562"><ele>-22.085</ele><time>2025-01-19T03:49:31.999Z</time><speed>20.880</speed><sat>9</sat></trkpt>
  <trkpt lat="13.81304792" lon="100.12504068"><ele>-22.063</ele><time>2025-01-19T03:49:32.999Z</time><speed>20.951</speed><sat>9</sat></trkpt>
  <trkpt lat="13.81307736" lon="100.12485305"><ele>-21.962</ele><time>2025-01-19T03:49:33.999Z</time><speed>20.853</speed><sat>7</sat></trkpt>
  <trkpt lat="13.81310275" lon="100.12466062"><ele>-22.448</ele><time>2025-01-19T03:49:34.999Z</time><speed>20.849</speed><sat>9</sat></trkpt>
  <trkpt lat="13.81314199" lon="100.12446180"><ele>-20.645</ele><time>2025-01-19T03:49:35.999Z</time><speed>20.862</speed><sat>10</sat></trkpt>
  <trkpt lat="13.81318489" lon="100.12427000"><ele>-19.853</ele><time>2025-01-19T03:49:36.999Z</time><speed>20.853</speed><sat>10</sat></trkpt>
  <trkpt lat="13.81322798" lon="100.12408063"><ele>-19.851</ele><time>2025-01-19T03:49:37.999Z</time><speed>20.857</speed><sat>13</sat></trkpt>
  <trkpt lat="13.81327593" lon="100.12389318"><ele>-20.448</ele><time>2025-01-19T03:49:38.999Z</time><speed>20.891</speed><sat>11</sat></trkpt>
  <trkpt lat="13.81332507" lon="100.12371574"><ele>-21.408</ele><time>2025-01-19T03:49:39.999Z</time><speed>20.823</speed><sat>13</sat></trkpt>
  <trkpt lat="13.81338226" lon="100.12353121"><ele>-21.608</ele><time>2025-01-19T03:49:40.999Z</time><speed>20.813</speed><sat>11</sat></trkpt>
  <trkpt lat="13.81343970" lon="100.12334839"><ele>-21.699</ele><time>2025-01-19T03:49:41.999Z</time><speed>20.726</speed><sat>12</sat></trkpt>
  <trkpt lat="13.81349936" lon="100.12317252"><ele>-21.907</ele><time>2025-01-19T03:49:42.999Z</time><speed>20.631</speed><sat>13</sat></trkpt>
  <trkpt lat="13.81356374" lon="100.12299683"><ele>-21.817</ele><time>2025-01-19T03:49:43.999Z</time><speed>20.590</speed><sat>14</sat></trkpt>
  <trkpt lat="13.81362934" lon="100.12282174"><ele>-21.897</ele><time>2025-01-19T03:49:44.999Z</time><speed>20.564</speed><sat>14</sat></trkpt>
  <trkpt lat="13.81370029" lon="100.12264517"><ele>-22.239</ele><time>2025-01-19T03:49:45.999Z</time><speed>20.546</speed><sat>12</sat></trkpt>
  <trkpt lat="13.81378328" lon="100.12246633"><ele>-22.322</ele><time>2025-01-19T03:49:46.999Z</time><speed>20.648</speed><sat>12</sat></trkpt>
  <trkpt lat="13.81386693" lon="100.12229058"><ele>-22.674</ele><time>2025-01-19T03:49:47.999Z</time><speed>20.742</speed><sat>9</sat></trkpt>
  <trkpt lat="13.81394884" lon="100.12211403"><ele>-22.952</ele><time>2025-01-19T03:49:48.999Z</time><speed>20.768</speed><sat>12</sat></trkpt>
  <trkpt lat="13.81403305" lon="100.12194095"><ele>-23.469</ele><time>2025-01-19T03:49:49.999Z</time><speed>20.783</speed><sat>10</sat></trkpt>
  <trkpt lat="13.81411846" lon="100.12176928"><ele>-24.006</ele><time>2025-01-19T03:49:50.999Z</time><speed>20.759</speed><sat>9</sat></trkpt>
  <trkpt lat="13.81420524" lon="100.12159650"><ele>-24.516</ele><time>2025-01-19T03:49:51.999Z</time><speed>20.814</speed><sat>7</sat></trkpt>
  <trkpt lat="13.81429175" lon="100.12142534"><ele>-24.974</ele><time>2025-01-19T03:49:52.999Z</time><speed>20.841</speed><sat>8</sat></trkpt>
  <trkpt lat="13.81437572" lon="100.12125436"><ele>-25.405</ele><time>2025-01-19T03:49:53.999Z</time><speed>20.863</speed><sat>8</sat></trkpt>
  <trkpt lat="13.81445654" lon="100.12108359"><ele>-25.105</ele><time>2025-01-19T03:49:54.999Z</time><speed>20.847</speed><sat>11</sat></trkpt>
  <trkpt lat="13.81454610" lon="100.12091653"><ele>-25.318</ele><time>2025-01-19T03:49:55.999Z</time><speed>20.807</speed><sat>10</sat></trkpt>
  <trkpt lat="13.81463713" lon="100.12074628"><ele>-25.230</ele><time>2025-01-19T03:49:56.999Z</time><speed>20.861</speed><sat>9</sat></trkpt>
  <trkpt lat="13.81472828" lon="100.12057060"><ele>-25.003</ele><time>2025-01-19T03:49:57.999Z</time><speed>21.022</speed><sat>9</sat></trkpt>
  <trkpt lat="13.81481753" lon="100.12039865"><ele>-24.722</ele><time>2025-01-19T03:49:58.999Z</time><speed>21.028</speed><sat>11</sat></trkpt>
  <trkpt lat="13.81490704" lon="100.12022666"><ele>-24.335</ele><time>2025-01-19T03:49:59.999Z</time><speed>21.025</speed><sat>11</sat></trkpt>
  <trkpt lat="13.81499156" lon="100.12005637"><ele>-24.132</ele><time>2025-01-19T03:50:00.999Z</time><speed>20.946</speed><sat>9</sat></trkpt>
  <trkpt lat="13.81508045" lon="100.11988207"><ele>-23.752</ele><time>2025-01-19T03:50:01.999Z</time><speed>20.985</speed><sat>10</sat></trkpt>
  <trkpt lat="13.81517062" lon="100.11970915"><ele>-23.298</ele><time>2025-01-19T03:50:02.999Z</time><speed>21.012</speed><sat>11</sat></trkpt>
  <trkpt lat="13.81525999" lon="100.11953950"><ele>-23.009</ele><time>2025-01-19T03:50:03.999Z</time><speed>20.960</speed><sat>10</sat></trkpt>
  <trkpt lat="13.81534725" lon="100.11937371"><ele>-23.153</ele><time>2025-01-19T03:50:04.999Z</time><speed>20.873</speed><sat>10</sat></trkpt>
  <trkpt lat="13.81543312" lon="100.11921093"><ele>-23.198</ele><time>2025-01-19T03:50:05.999Z</time><speed>20.689</speed><sat>10</sat></trkpt>
  <trkpt lat="13.81552196" lon="100.11904395"><ele>-23.236</ele><time>2025-01-19T03:50:06.999Z</time><speed>20.613</speed><sat>10</sat></trkpt>
  <trkpt lat="13.81561177" lon="100.11887508"><ele>-23.357</ele><time>2025-01-19T03:50:07.999Z</time><speed>20.603</speed><sat>8</sat></trkpt>
  <trkpt lat="13.81569811" lon="100.11870505"><ele>-23.380</ele><time>2025-01-19T03:50:08.999Z</time><speed>20.600</speed><sat>10</sat></trkpt>
  <trkpt lat="13.81578723" lon="100.11853828"><ele>-23.492</ele><time>2025-01-19T03:50:09.999Z</time><speed>20.568</speed><sat>7</sat></trkpt>
  <trkpt lat="13.81587630" lon="100.11837154"><ele>-23.579</ele><time>2025-01-19T03:50:10.999Z</time><speed>20.566</speed><sat>9</sat></trkpt>
  <trkpt lat="13.81596808" lon="100.11820357"><ele>-23.632</ele><time>2025-01-19T03:50:11.999Z</time><speed>20.585</speed><sat>8</sat></trkpt>
  <trkpt lat="13.81605617" lon="100.11803594"><ele>-23.361</ele><time>2025-01-19T03:50:12.999Z</time><speed>20.549</speed><sat>7</sat></trkpt>
  <trkpt lat="13.81614636" lon="100.11786945"><ele>-23.114</ele><time>2025-01-19T03:50:13.999Z</time><speed>20.548</speed><sat>9</sat></trkpt>
  <trkpt lat="13.81623679" lon="100.11770238"><ele>-23.198</ele><time>2025-01-19T03:50:14.999Z</time><speed>20.560</speed><sat>10</sat></trkpt>
  <trkpt lat="13.81632464" lon="100.11753492"><ele>-23.571</ele><time>2025-01-19T03:50:15.999Z</time><speed>20.533</speed><sat>10</sat></trkpt>
  <trkpt lat="13.81641352" lon="100.11736381"><ele>-23.321</ele><time>2025-01-19T03:50:16.999Z</time><speed>20.615</speed><sat>9</sat></trkpt>
  <trkpt lat="13.81650598" lon="100.11719351"><ele>-23.665</ele><time>2025-01-19T03:50:17.999Z</time><speed>20.718</speed><sat>11</sat></trkpt>
  <trkpt lat="13.81659794" lon="100.11702319"><ele>-23.585</ele><time>2025-01-19T03:50:18.999Z</time><speed>20.762</speed><sat>9</sat></trkpt>
  <trkpt lat="13.81668847" lon="100.11685042"><ele>-23.617</ele><time>2025-01-19T03:50:19.999Z</time><speed>20.870</speed><sat>10</sat></trkpt>
  <trkpt lat="13.81678025" lon="100.11668320"><ele>-23.630</ele><time>2025-01-19T03:50:20.999Z</time><speed>20.825</speed><sat>11</sat></trkpt>
  <trkpt lat="13.81686492" lon="100.11651516"><ele>-23.870</ele><time>2025-01-19T03:50:21.999Z</time><speed>20.787</speed><sat>11</sat></trkpt>
  <trkpt lat="13.81695373" lon="100.11634647"><ele>-24.250</ele><time>2025-01-19T03:50:22.999Z</time><speed>20.789</speed><sat>11</sat></trkpt>
  <trkpt lat="13.81704232" lon="100.11617723"><ele>-24.373</ele><time>2025-01-19T03:50:23.999Z</time><speed>20.799</speed><sat>10</sat></trkpt>
  <trkpt lat="13.81713043" lon="100.11600768"><ele>-24.684</ele><time>2025-01-19T03:50:24.999Z</time><speed>20.824</speed><sat>10</sat></trkpt>
  <trkpt lat="13.81721717" lon="100.11584109"><ele>-24.905</ele><time>2025-01-19T03:50:25.999Z</time><speed>20.726</speed><sat>10</sat></trkpt>
  <trkpt lat="13.81730266" lon="100.11567087"><ele>-25.315</ele><time>2025-01-19T03:50:26.999Z</time><speed>20.671</speed><sat>10</sat></trkpt>
  <trkpt lat="13.81738911" lon="100.11550165"><ele>-25.414</ele><time>2025-01-19T03:50:27.999Z</time><speed>20.651</speed><sat>9</sat></trkpt>
  <trkpt lat="13.81747591" lon="100.11533403"><ele>-25.073</ele><time>2025-01-19T03:50:28.999Z</time><speed>20.650</speed><sat>10</sat></trkpt>
  <trkpt lat="13.81756293" lon="100.11516311"><ele>-24.727</ele><time>2025-01-19T03:50:29.999Z</time><speed>20.717</speed><sat>9</sat></trkpt>
  <trkpt lat="13.81764964" lon="100.11499355"><ele>-24.434</ele><time>2025-01-19T03:50:30.999Z</time><speed>20.728</speed><sat>9</sat></trkpt>
  <trkpt lat="13.81773581" lon="100.11482476"><ele>-24.069</ele><time>2025-01-19T03:50:31.999Z</time><speed>20.683</speed><sat>7</sat></trkpt>
  <trkpt lat="13.81782402" lon="100.11465489"><ele>-24.006</ele><time>2025-01-19T03:50:32.999Z</time><speed>20.664</speed><sat>9</sat></trkpt>
  <trkpt lat="13.81791327" lon="100.11448601"><ele>-23.952</ele><time>2025-01-19T03:50:33.999Z</time><speed>20.685</speed><sat>10</sat></trkpt>
  <trkpt lat="13.81800326" lon="100.11431606"><ele>-23.686</ele><time>2025-01-19T03:50:34.999Z</time><speed>20.718</speed><sat>10</sat></trkpt>
  <trkpt lat="13.81809284" lon="100.11414603"><ele>-23.541</ele><time>2025-01-19T03:50:35.999Z</time><speed>20.754</speed><sat>8</sat></trkpt>
  <trkpt lat="13.81818206" lon="100.11397703"><ele>-23.032</ele><time>2025-01-19T03:50:36.999Z</time><speed>20.768</speed><sat>10</sat></trkpt>
  <trkpt lat="13.81827156" lon="100.11380422"><ele>-22.817</ele><time>2025-01-19T03:50:37.999Z</time><speed>20.821</speed><sat>10</sat></trkpt>
  <trkpt lat="13.81836054" lon="100.11363435"><ele>-22.879</ele><time>2025-01-19T03:50:38.999Z</time><speed>20.809</speed><sat>10</sat></trkpt>
  <trkpt lat="13.81844990" lon="100.11346165"><ele>-22.648</ele><time>2025-01-19T03:50:39.999Z</time><speed>20.875</speed><sat>10</sat></trkpt>
  <trkpt lat="13.81853641" lon="100.11328799"><ele>-22.258</ele><time>2025-01-19T03:50:40.999Z</time><speed>20.903</speed><sat>8</sat></trkpt>
  <trkpt lat="13.81862293" lon="100.11311660"><ele>-21.876</ele><time>2025-01-19T03:50:41.999Z</time><speed>20.873</speed><sat>8</sat></trkpt>
  <trkpt lat="13.81871043" lon="100.11294795"><ele>-21.557</ele><time>2025-01-19T03:50:42.999Z</time><speed>20.808</speed><sat>9</sat></trkpt>
  <trkpt lat="13.81879793" lon="100.11278344"><ele>-21.456</ele><time>2025-01-19T03:50:43.999Z</time><speed>20.738</speed><sat>8</sat></trkpt>
  <trkpt lat="13.81888786" lon="100.11261382"><ele>-21.403</ele><time>2025-01-19T03:50:44.999Z</time><speed>20.751</speed><sat>9</sat></trkpt>
  <trkpt lat="13.81897622" lon="100.11244512"><ele>-20.698</ele><time>2025-01-19T03:50:45.999Z</time><speed>20.720</speed><sat>9</sat></trkpt>
  <trkpt lat="13.81906401" lon="100.11227580"><ele>-20.515</ele><time>2025-01-19T03:50:46.999Z</time><speed>20.712</speed><sat>7</sat></trkpt>
  <trkpt lat="13.81914942" lon="100.11210604"><ele>-20.419</ele><time>2025-01-19T03:50:47.999Z</time><speed>20.670</speed><sat>9</sat></trkpt>
  <trkpt lat="13.81923430" lon="100.11193608"><ele>-20.103</ele><time>2025-01-19T03:50:48.999Z</time><speed>20.646</speed><sat>9</sat></trkpt>
  <trkpt lat="13.81932078" lon="100.11176706"><ele>-20.203</ele><time>2025-01-19T03:50:49.999Z</time><speed>20.588</speed><sat>6</sat></trkpt>
  <trkpt lat="13.81940575" lon="100.11159718"><ele>-20.295</ele><time>2025-01-19T03:50:50.999Z</time><speed>20.585</speed><sat>7</sat></trkpt>
  <trkpt lat="13.81949290" lon="100.11142492"><ele>-20.358</ele><time>2025-01-19T03:50:51.999Z</time><speed>20.634</speed><sat>8</sat></trkpt>
  <trkpt lat="13.81957907" lon="100.11125277"><ele>-20.544</ele><time>2025-01-19T03:50:52.999Z</time><speed>20.655</speed><sat>8</sat></trkpt>
  <trkpt lat="13.81966758" lon="100.11108013"><ele>-20.666</ele><time>2025-01-19T03:50:53.999Z</time><speed>20.741</speed><sat>8</sat></trkpt>
  <trkpt lat="13.81974738" lon="100.11092076"><ele>-23.323</ele><time>2025-01-19T03:50:54.999Z</time><speed>20.685</speed><sat>10</sat></trkpt>
  <trkpt lat="13.81983566" lon="100.11074915"><ele>-23.680</ele><time>2025-01-19T03:50:55.999Z</time><speed>20.740</speed><sat>9</sat></trkpt>
  <trkpt lat="13.81992468" lon="100.11057599"><ele>-23.863</ele><time>2025-01-19T03:50:56.999Z</time><speed>20.829</speed><sat>9</sat></trkpt>
  <trkpt lat="13.82001647" lon="100.11040145"><ele>-23.937</ele><time>2025-01-19T03:50:57.999Z</time><speed>20.887</speed><sat>8</sat></trkpt>
  <trkpt lat="13.82010827" lon="100.11022752"><ele>-23.777</ele><time>2025-01-19T03:50:58.999Z</time><speed>20.929</speed><sat>10</sat></trkpt>
  <trkpt lat="13.82019843" lon="100.11005361"><ele>-23.317</ele><time>2025-01-19T03:50:59.999Z</time><speed>20.956</speed><sat>7</sat></trkpt>
  <trkpt lat="13.82028791" lon="100.10988045"><ele>-22.680</ele><time>2025-01-19T03:51:00.999Z</time><speed>20.972</speed><sat>7</sat></trkpt>
  <trkpt lat="13.82037779" lon="100.10970920"><ele>-22.568</ele><time>2025-01-19T03:51:01.999Z</time><speed>20.969</speed><sat>7</sat></trkpt>
  <trkpt lat="13.82046960" lon="100.10953619"><ele>-22.275</ele><time>2025-01-19T03:51:02.999Z</time><speed>21.064</speed><sat>7</sat></trkpt>
  <trkpt lat="13.82056027" lon="100.10936416"><ele>-21.679</ele><time>2025-01-19T03:51:03.999Z</time><speed>21.074</speed><sat>8</sat></trkpt>
  <trkpt lat="13.82064788" lon="100.10919422"><ele>-21.095</ele><time>2025-01-19T03:51:04.999Z</time><speed>21.034</speed><sat>9</sat></trkpt>
  <trkpt lat="13.82073803" lon="100.10902130"><ele>-22.091</ele><time>2025-01-19T03:51:05.999Z</time><speed>21.022</speed><sat>9</sat></trkpt>
  <trkpt lat="13.82082536" lon="100.10884760"><ele>-22.443</ele><time>2025-01-19T03:51:06.999Z</time><speed>21.011</speed><sat>9</sat></trkpt>
  <trkpt lat="13.82091278" lon="100.10867450"><ele>-22.513</ele><time>2025-01-19T03:51:07.999Z</time><speed>20.994</speed><sat>9</sat></trkpt>
  <trkpt lat="13.82100132" lon="100.10850082"><ele>-22.499</ele><time>2025-01-19T03:51:08.999Z</time><speed>21.022</speed><sat>9</sat></trkpt>
  <trkpt lat="13.82108963" lon="100.10832656"><ele>-22.041</ele><time>2025-01-19T03:51:09.999Z</time><speed>21.071</speed><sat>8</sat></trkpt>
  <trkpt lat="13.82117681" lon="100.10815183"><ele>-22.110</ele><time>2025-01-19T03:51:10.999Z</time><speed>21.076</speed><sat>8</sat></trkpt>
  <trkpt lat="13.82126609" lon="100.10797643"><ele>-22.044</ele><time>2025-01-19T03:51:11.999Z</time><speed>21.144</speed><sat>8</sat></trkpt>
  <trkpt lat="13.82135573" lon="100.10780331"><ele>-21.641</ele><time>2025-01-19T03:51:12.999Z</time><speed>21.205</speed><sat>9</sat></trkpt>
  <trkpt lat="13.82144590" lon="100.10763346"><ele>-21.895</ele><time>2025-01-19T03:51:13.999Z</time><speed>21.155</speed><sat>7</sat></trkpt>
  <trkpt lat="13.82153389" lon="100.10746312"><ele>-21.792</ele><time>2025-01-19T03:51:14.999Z</time><speed>21.116</speed><sat>8</sat></trkpt>
  <trkpt lat="13.82162354" lon="100.10728970"><ele>-21.643</ele><time>2025-01-19T03:51:15.999Z</time><speed>21.167</speed><sat>7</sat></trkpt>
  <trkpt lat="13.82171293" lon="100.10711687"><ele>-21.826</ele><time>2025-01-19T03:51:16.999Z</time><speed>21.160</speed><sat>7</sat></trkpt>
  <trkpt lat="13.82180240" lon="100.10694448"><ele>-22.199</ele><time>2025-01-19T03:51:17.999Z</time><speed>21.175</speed><sat>8</sat></trkpt>
  <trkpt lat="13.82189101" lon="100.10677185"><ele>-22.409</ele><time>2025-01-19T03:51:18.999Z</time><speed>21.235</speed><sat>8</sat></trkpt>
  <trkpt lat="13.82197257" lon="100.10659806"><ele>-22.289</ele><time>2025-01-19T03:51:19.999Z</time><speed>21.213</speed><sat>8</sat></trkpt>
  <trkpt lat="13.82205796" lon="100.10642408"><ele>-22.207</ele><time>2025-01-19T03:51:20.999Z</time><speed>21.196</speed><sat>9</sat></trkpt>
  <trkpt lat="13.82214095" lon="100.10624840"><ele>-22.332</ele><time>2025-01-19T03:51:21.999Z</time><speed>21.184</speed><sat>9</sat></trkpt>
  <trkpt lat="13.82222800" lon="100.10607556"><ele>-22.227</ele><time>2025-01-19T03:51:22.999Z</time><speed>21.145</speed><sat>7</sat></trkpt>
  <trkpt lat="13.82231667" lon="100.10589901"><ele>-22.339</ele><time>2025-01-19T03:51:23.999Z</time><speed>21.180</speed><sat>8</sat></trkpt>
  <trkpt lat="13.82240643" lon="100.10572557"><ele>-22.090</ele><time>2025-01-19T03:51:24.999Z</time><speed>21.183</speed><sat>9</sat></trkpt>
  <trkpt lat="13.82249781" lon="100.10555283"><ele>-21.991</ele><time>2025-01-19T03:51:25.999Z</time><speed>21.157</speed><sat>9</sat></trkpt>
  <trkpt lat="13.82256779" lon="100.10536948"><ele>-19.291</ele><time>2025-01-19T03:51:26.999Z</time><speed>20.854</speed><sat>7</sat></trkpt>
  <trkpt lat="13.82266826" lon="100.10518648"><ele>-20.773</ele><time>2025-01-19T03:51:27.999Z</time><speed>21.116</speed><sat>7</sat></trkpt>
  <trkpt lat="13.82274614" lon="100.10502941"><ele>-25.391</ele><time>2025-01-19T03:51:28.999Z</time><speed>21.161</speed><sat>9</sat></trkpt>
  <trkpt lat="13.82284468" lon="100.10485996"><ele>-24.840</ele><time>2025-01-19T03:51:29.999Z</time><speed>21.175</speed><sat>9</sat></trkpt>
  <trkpt lat="13.82293516" lon="100.10468589"><ele>-24.689</ele><time>2025-01-19T03:51:30.999Z</time><speed>21.194</speed><sat>8</sat></trkpt>
  <trkpt lat="13.82302164" lon="100.10451025"><ele>-24.417</ele><time>2025-01-19T03:51:31.999Z</time><speed>21.160</speed><sat>8</sat></trkpt>
  <trkpt lat="13.82311943" lon="100.10432965"><ele>-24.226</ele><time>2025-01-19T03:51:32.999Z</time><speed>21.280</speed><sat>9</sat></trkpt>
  <trkpt lat="13.82321282" lon="100.10415429"><ele>-24.773</ele><time>2025-01-19T03:51:33.999Z</time><speed>21.308</speed><sat>9</sat></trkpt>
  <trkpt lat="13.82330490" lon="100.10397934"><ele>-24.760</ele><time>2025-01-19T03:51:34.999Z</time><speed>21.330</speed><sat>8</sat></trkpt>
  <trkpt lat="13.82339759" lon="100.10380607"><ele>-25.386</ele><time>2025-01-19T03:51:35.999Z</time><speed>21.335</speed><sat>9</sat></trkpt>
  <trkpt lat="13.82349181" lon="100.10363126"><ele>-25.326</ele><time>2025-01-19T03:51:36.999Z</time><speed>21.318</speed><sat>9</sat></trkpt>
  <trkpt lat="13.82358328" lon="100.10345463"><ele>-24.967</ele><time>2025-01-19T03:51:37.999Z</time><speed>21.333</speed><sat>8</sat></trkpt>
  <trkpt lat="13.82367607" lon="100.10328024"><ele>-24.919</ele><time>2025-01-19T03:51:38.999Z</time><speed>21.309</speed><sat>9</sat></trkpt>
  <trkpt lat="13.82376784" lon="100.10310464"><ele>-25.126</ele><time>2025-01-19T03:51:39.999Z</time><speed>21.344</speed><sat>9</sat></trkpt>
  <trkpt lat="13.82385810" lon="100.10293050"><ele>-25.007</ele><time>2025-01-19T03:51:40.999Z</time><speed>21.318</speed><sat>9</sat></trkpt>
  <trkpt lat="13.82394826" lon="100.10275956"><ele>-24.719</ele><time>2025-01-19T03:51:41.999Z</time><speed>21.237</speed><sat>9</sat></trkpt>
  <trkpt lat="13.82403803" lon="100.10258740"><ele>-24.854</ele><time>2025-01-19T03:51:42.999Z</time><speed>21.148</speed><sat>8</sat></trkpt>
  <trkpt lat="13.82412772" lon="100.10241648"><ele>-24.718</ele><time>2025-01-19T03:51:43.999Z</time><speed>21.083</speed><sat>8</sat></trkpt>
  <trkpt lat="13.82421888" lon="100.10224542"><ele>-24.563</ele><time>2025-01-19T03:51:44.999Z</time><speed>21.074</speed><sat>9</sat></trkpt>
  <trkpt lat="13.82431221" lon="100.10207342"><ele>-24.731</ele><time>2025-01-19T03:51:45.999Z</time><speed>21.005</speed><sat>9</sat></trkpt>
  <trkpt lat="13.82440170" lon="100.10190012"><ele>-24.727</ele><time>2025-01-19T03:51:46.999Z</time><speed>20.835</speed><sat>8</sat></trkpt>
  <trkpt lat="13.82449093" lon="100.10173030"><ele>-24.795</ele><time>2025-01-19T03:51:47.999Z</time><speed>20.733</speed><sat>11</sat></trkpt>
  <trkpt lat="13.82457670" lon="100.10156509"><ele>-24.993</ele><time>2025-01-19T03:51:48.999Z</time><speed>20.619</speed><sat>10</sat></trkpt>
  <trkpt lat="13.82466353" lon="100.10139338"><ele>-24.688</ele><time>2025-01-19T03:51:49.999Z</time><speed>20.547</speed><sat>10</sat></trkpt>
  <trkpt lat="13.82474598" lon="100.10122044"><ele>-24.052</ele><time>2025-01-19T03:51:50.999Z</time><speed>20.525</speed><sat>10</sat></trkpt>
  <trkpt lat="13.82482576" lon="100.10105279"><ele>-24.195</ele><time>2025-01-19T03:51:51.999Z</time><speed>20.472</speed><sat>9</sat></trkpt>
  <trkpt lat="13.82490722" lon="100.10088016"><ele>-23.990</ele><time>2025-01-19T03:51:52.999Z</time><speed>20.475</speed><sat>10</sat></trkpt>
  <trkpt lat="13.82498615" lon="100.10070379"><ele>-23.145</ele><time>2025-01-19T03:51:53.999Z</time><speed>20.516</speed><sat>10</sat></trkpt>
  <trkpt lat="13.82506014" lon="100.10052720"><ele>-22.183</ele><time>2025-01-19T03:51:54.999Z</time><speed>20.589</speed><sat>12</sat></trkpt>
  <trkpt lat="13.82512823" lon="100.10035185"><ele>-21.555</ele><time>2025-01-19T03:51:55.999Z</time><speed>20.531</speed><sat>10</sat></trkpt>
  <trkpt lat="13.82519082" lon="100.10017482"><ele>-21.402</ele><time>2025-01-19T03:51:56.999Z</time><speed>20.423</speed><sat>11</sat></trkpt>
  <trkpt lat="13.82525042" lon="100.10000119"><ele>-21.395</ele><time>2025-01-19T03:51:57.999Z</time><speed>20.229</speed><sat>9</sat></trkpt>
  <trkpt lat="13.82530763" lon="100.09982669"><ele>-21.457</ele><time>2025-01-19T03:51:58.999Z</time><speed>20.105</speed><sat>9</sat></trkpt>
  <trkpt lat="13.82535540" lon="100.09964966"><ele>-21.545</ele><time>2025-01-19T03:51:59.999Z</time><speed>19.967</speed><sat>8</sat></trkpt>
  <trkpt lat="13.82539952" lon="100.09947134"><ele>-21.237</ele><time>2025-01-19T03:52:00.999Z</time><speed>19.833</speed><sat>8</sat></trkpt>
  <trkpt lat="13.82544343" lon="100.09929449"><ele>-20.575</ele><time>2025-01-19T03:52:01.999Z</time><speed>19.712</speed><sat>7</sat></trkpt>
  <trkpt lat="13.82548607" lon="100.09911667"><ele>-20.164</ele><time>2025-01-19T03:52:02.999Z</time><speed>19.633</speed><sat>7</sat></trkpt>
  <trkpt lat="13.82552439" lon="100.09894000"><ele>-19.873</ele><time>2025-01-19T03:52:03.999Z</time><speed>19.518</speed><sat>7</sat></trkpt>
  <trkpt lat="13.82556004" lon="100.09876814"><ele>-19.892</ele><time>2025-01-19T03:52:04.999Z</time><speed>19.330</speed><sat>9</sat></trkpt>
  <trkpt lat="13.82559628" lon="100.09859678"><ele>-20.078</ele><time>2025-01-19T03:52:05.999Z</time><speed>19.180</speed><sat>11</sat></trkpt>
  <trkpt lat="13.82562624" lon="100.09842263"><ele>-20.141</ele><time>2025-01-19T03:52:06.999Z</time><speed>19.067</speed><sat>8</sat></trkpt>
  <trkpt lat="13.82565097" lon="100.09825395"><ele>-20.212</ele><time>2025-01-19T03:52:07.999Z</time><speed>18.869</speed><sat>8</sat></trkpt>
  <trkpt lat="13.82567093" lon="100.09808781"><ele>-20.010</ele><time>2025-01-19T03:52:08.999Z</time><speed>18.594</speed><sat>6</sat></trkpt>
  <trkpt lat="13.82569011" lon="100.09792057"><ele>-19.858</ele><time>2025-01-19T03:52:09.999Z</time><speed>18.435</speed><sat>8</sat></trkpt>
  <trkpt lat="13.82570635" lon="100.09775395"><ele>-19.649</ele><time>2025-01-19T03:52:10.999Z</time><speed>18.209</speed><sat>6</sat></trkpt>
  <trkpt lat="13.82572253" lon="100.09758304"><ele>-19.518</ele><time>2025-01-19T03:52:11.999Z</time><speed>18.106</speed><sat>7</sat></trkpt>
  <trkpt lat="13.82573493" lon="100.09741325"><ele>-19.099</ele><time>2025-01-19T03:52:12.999Z</time><speed>18.019</speed><sat>7</sat></trkpt>
  <trkpt lat="13.82574876" lon="100.09724693"><ele>-18.276</ele><time>2025-01-19T03:52:13.999Z</time><speed>17.824</speed><sat>7</sat></trkpt>
  <trkpt lat="13.82575831" lon="100.09708536"><ele>-17.927</ele><time>2025-01-19T03:52:14.999Z</time><speed>17.531</speed><sat>7</sat></trkpt>
  <trkpt lat="13.82576235" lon="100.09692098"><ele>-17.868</ele><time>2025-01-19T03:52:15.999Z</time><speed>17.367</speed><sat>8</sat></trkpt>
  <trkpt lat="13.82576326" lon="100.09676386"><ele>-18.699</ele><time>2025-01-19T03:52:16.999Z</time><speed>17.123</speed><sat>10</sat></trkpt>
  <trkpt lat="13.82576177" lon="100.09660859"><ele>-18.980</ele><time>2025-01-19T03:52:17.999Z</time><speed>16.923</speed><sat>10</sat></trkpt>
  <trkpt lat="13.82575886" lon="100.09645457"><ele>-19.517</ele><time>2025-01-19T03:52:18.999Z</time><speed>16.727</speed><sat>9</sat></trkpt>
  <trkpt lat="13.82575321" lon="100.09629946"><ele>-19.548</ele><time>2025-01-19T03:52:19.999Z</time><speed>16.577</speed><sat>7</sat></trkpt>
  <trkpt lat="13.82574793" lon="100.09614440"><ele>-19.389</ele><time>2025-01-19T03:52:20.999Z</time><speed>16.441</speed><sat>7</sat></trkpt>
  <trkpt lat="13.82572872" lon="100.09598864"><ele>-19.483</ele><time>2025-01-19T03:52:21.999Z</time><speed>16.295</speed><sat>8</sat></trkpt>
  <trkpt lat="13.82570570" lon="100.09583853"><ele>-19.471</ele><time>2025-01-19T03:52:22.999Z</time><speed>16.026</speed><sat>7</sat></trkpt>
  <trkpt lat="13.82568761" lon="100.09568864"><ele>-18.899</ele><time>2025-01-19T03:52:23.999Z</time><speed>15.812</speed><sat>7</sat></trkpt>
  <trkpt lat="13.82567693" lon="100.09554516"><ele>-18.885</ele><time>2025-01-19T03:52:24.999Z</time><speed>15.549</speed><sat>8</sat></trkpt>
  <trkpt lat="13.82567460" lon="100.09539764"><ele>-18.762</ele><time>2025-01-19T03:52:25.999Z</time><speed>15.463</speed><sat>9</sat></trkpt>
  <trkpt lat="13.82566821" lon="100.09525191"><ele>-18.026</ele><time>2025-01-19T03:52:26.999Z</time><speed>15.327</speed><sat>9</sat></trkpt>
  <trkpt lat="13.82566100" lon="100.09510979"><ele>-17.517</ele><time>2025-01-19T03:52:27.999Z</time><speed>15.189</speed><sat>8</sat></trkpt>
  <trkpt lat="13.82565737" lon="100.09496697"><ele>-16.768</ele><time>2025-01-19T03:52:28.999Z</time><speed>15.076</speed><sat>8</sat></trkpt>
  <trkpt lat="13.82565627" lon="100.09482889"><ele>-15.882</ele><time>2025-01-19T03:52:29.999Z</time><speed>14.861</speed><sat>8</sat></trkpt>
  <trkpt lat="13.82564980" lon="100.09469252"><ele>-15.248</ele><time>2025-01-19T03:52:30.999Z</time><speed>14.613</speed><sat>8</sat></trkpt>
  <trkpt lat="13.82565029" lon="100.09456197"><ele>-14.524</ele><time>2025-01-19T03:52:31.999Z</time><speed>14.343</speed><sat>8</sat></trkpt>
  <trkpt lat="13.82564442" lon="100.09443327"><ele>-14.091</ele><time>2025-01-19T03:52:32.999Z</time><speed>14.045</speed><sat>8</sat></trkpt>
  <trkpt lat="13.82564516" lon="100.09431104"><ele>-13.602</ele><time>2025-01-19T03:52:33.999Z</time><speed>13.711</speed><sat>8</sat></trkpt>
  <trkpt lat="13.82564295" lon="100.09418886"><ele>-13.004</ele><time>2025-01-19T03:52:34.999Z</time><speed>13.451</speed><sat>7</sat></trkpt>
  <trkpt lat="13.82563170" lon="100.09406668"><ele>-12.784</ele><time>2025-01-19T03:52:35.999Z</time><speed>13.223</speed><sat>8</sat></trkpt>
  <trkpt lat="13.82562767" lon="100.09394952"><ele>-12.826</ele><time>2025-01-19T03:52:36.999Z</time><speed>12.932</speed><sat>7</sat></trkpt>
  <trkpt lat="13.82561537" lon="100.09383358"><ele>-13.260</ele><time>2025-01-19T03:52:37.999Z</time><speed>12.711</speed><sat>8</sat></trkpt>
  <trkpt lat="13.82560627" lon="100.09371615"><ele>-13.261</ele><time>2025-01-19T03:52:38.999Z</time><speed>12.479</speed><sat>8</sat></trkpt>
  <trkpt lat="13.82559532" lon="100.09360000"><ele>-13.190</ele><time>2025-01-19T03:52:39.999Z</time><speed>12.385</speed><sat>8</sat></trkpt>
  <trkpt lat="13.82559515" lon="100.09348962"><ele>-12.714</ele><time>2025-01-19T03:52:40.999Z</time><speed>12.183</speed><sat>6</sat></trkpt>
  <trkpt lat="13.82559596" lon="100.09338997"><ele>-14.044</ele><time>2025-01-19T03:52:41.999Z</time><speed>11.738</speed><sat>7</sat></trkpt>
  <trkpt lat="13.82559542" lon="100.09328809"><ele>-14.899</ele><time>2025-01-19T03:52:42.999Z</time><speed>11.437</speed><sat>7</sat></trkpt>
  <trkpt lat="13.82559169" lon="100.09318774"><ele>-15.788</ele><time>2025-01-19T03:52:43.999Z</time><speed>11.125</speed><sat>8</sat></trkpt>
  <trkpt lat="13.82558831" lon="100.09308339"><ele>-15.847</ele><time>2025-01-19T03:52:44.999Z</time><speed>10.876</speed><sat>7</sat></trkpt>
  <trkpt lat="13.82556097" lon="100.09299342"><ele>-18.540</ele><time>2025-01-19T03:52:45.999Z</time><speed>10.968</speed><sat>9</sat></trkpt>
  <trkpt lat="13.82555426" lon="100.09289871"><ele>-19.105</ele><time>2025-01-19T03:52:46.999Z</time><speed>10.388</speed><sat>8</sat></trkpt>
  <trkpt lat="13.82555161" lon="100.09280663"><ele>-19.448</ele><time>2025-01-19T03:52:47.999Z</time><speed>10.074</speed><sat>9</sat></trkpt>
  <trkpt lat="13.82556891" lon="100.09271729"><ele>-19.433</ele><time>2025-01-19T03:52:48.999Z</time><speed>9.628</speed><sat>9</sat></trkpt>
  <trkpt lat="13.82556551" lon="100.09262820"><ele>-19.819</ele><time>2025-01-19T03:52:49.999Z</time><speed>9.405</speed><sat>9</sat></trkpt>
  <trkpt lat="13.82556217" lon="100.09254290"><ele>-20.409</ele><time>2025-01-19T03:52:50.999Z</time><speed>9.152</speed><sat>10</sat></trkpt>
  <trkpt lat="13.82556102" lon="100.09245786"><ele>-21.012</ele><time>2025-01-19T03:52:51.999Z</time><speed>8.959</speed><sat>10</sat></trkpt>
  <trkpt lat="13.82556115" lon="100.09237491"><ele>-21.191</ele><time>2025-01-19T03:52:52.999Z</time><speed>8.752</speed><sat>11</sat></trkpt>
  <trkpt lat="13.82556107" lon="100.09229437"><ele>-21.256</ele><time>2025-01-19T03:52:53.999Z</time><speed>8.449</speed><sat>12</sat></trkpt>
  <trkpt lat="13.82556261" lon="100.09221751"><ele>-21.262</ele><time>2025-01-19T03:52:54.999Z</time><speed>8.127</speed><sat>12</sat></trkpt>
  <trkpt lat="13.82556021" lon="100.09213974"><ele>-20.818</ele><time>2025-01-19T03:52:55.999Z</time><speed>7.821</speed><sat>12</sat></trkpt>
  <trkpt lat="13.82555732" lon="100.09206684"><ele>-20.693</ele><time>2025-01-19T03:52:56.999Z</time><speed>7.481</speed><sat>11</sat></trkpt>
  <trkpt lat="13.82555301" lon="100.09200042"><ele>-20.778</ele><time>2025-01-19T03:52:57.999Z</time><speed>7.047</speed><sat>10</sat></trkpt>
  <trkpt lat="13.82554816" lon="100.09193983"><ele>-21.126</ele><time>2025-01-19T03:52:58.999Z</time><speed>6.499</speed><sat>11</sat></trkpt>
  <trkpt lat="13.82554349" lon="100.09187714"><ele>-20.724</ele><time>2025-01-19T03:52:59.999Z</time><speed>6.016</speed><sat>12</sat></trkpt>
  <trkpt lat="13.82553411" lon="100.09182294"><ele>-20.600</ele><time>2025-01-19T03:53:00.999Z</time><speed>5.419</speed><sat>13</sat></trkpt>
  <trkpt lat="13.82553249" lon="100.09177903"><ele>-20.812</ele><time>2025-01-19T03:53:01.999Z</time><speed>4.713</speed><sat>11</sat></trkpt>
  <trkpt lat="13.82552686" lon="100.09174203"><ele>-20.702</ele><time>2025-01-19T03:53:02.999Z</time><speed>3.979</speed><sat>10</sat></trkpt>
  <trkpt lat="13.82552628" lon="100.09170964"><ele>-20.634</ele><time>2025-01-19T03:53:03.999Z</time><speed>3.276</speed><sat>10</sat></trkpt>
  <trkpt lat="13.82552813" lon="100.09168384"><ele>-20.203</ele><time>2025-01-19T03:53:04.999Z</time><speed>2.581</speed><sat>11</sat></trkpt>
  <trkpt lat="13.82552669" lon="100.09166279"><ele>-19.848</ele><time>2025-01-19T03:53:05.999Z</time><speed>1.865</speed><sat>11</sat></trkpt>
  <trkpt lat="13.82552440" lon="100.09164966"><ele>-19.537</ele><time>2025-01-19T03:53:06.999Z</time><speed>1.078</speed><sat>11</sat></trkpt>
  <trkpt lat="13.82552211" lon="100.09164763"><ele>-19.252</ele><time>2025-01-19T03:53:07.999Z</time><speed>0.327</speed><sat>10</sat></trkpt>
  <trkpt lat="13.82551987" lon="100.09164547"><ele>-19.033</ele><time>2025-01-19T03:53:08.999Z</time><speed>0.317</speed><sat>10</sat></trkpt>
  <trkpt lat="13.82551715" lon="100.09164289"><ele>-18.658</ele><time>2025-01-19T03:53:09.999Z</time><speed>0.311</speed><sat>11</sat></trkpt>
  <trkpt lat="13.82551627" lon="100.09164304"><ele>-18.415</ele><time>2025-01-19T03:53:10.999Z</time><speed>0.261</speed><sat>12</sat></trkpt>
  <trkpt lat="13.82551400" lon="100.09164362"><ele>-18.169</ele><time>2025-01-19T03:53:11.999Z</time><speed>0.203</speed><sat>11</sat></trkpt>
  <trkpt lat="13.82551170" lon="100.09164576"><ele>-18.009</ele><time>2025-01-19T03:53:12.999Z</time><speed>0.144</speed><sat>11</sat></trkpt>
  <trkpt lat="13.82551137" lon="100.09164723"><ele>-17.877</ele><time>2025-01-19T03:53:13.999Z</time><speed>0.089</speed><sat>11</sat></trkpt>
  <trkpt lat="13.82551069" lon="100.09164915"><ele>-18.176</ele><time>2025-01-19T03:53:14.999Z</time><speed>0.055</speed><sat>13</sat></trkpt>
  <trkpt lat="13.82551104" lon="100.09164854"><ele>-17.818</ele><time>2025-01-19T03:53:15.999Z</time><speed>0.031</speed><sat>12</sat></trkpt>
  <trkpt lat="13.82551067" lon="100.09164676"><ele>-16.945</ele><time>2025-01-19T03:53:16.999Z</time><speed>0.000</speed><sat>11</sat></trkpt>
  <trkpt lat="13.82551203" lon="100.09164670"><ele>-16.596</ele><time>2025-01-19T03:53:17.999Z</time><speed>0.031</speed><sat>11</sat></trkpt>
  <trkpt lat="13.82551054" lon="100.09164798"><ele>-16.415</ele><time>2025-01-19T03:53:18.999Z</time><speed>0.054</speed><sat>11</sat></trkpt>
  <trkpt lat="13.82551084" lon="100.09165001"><ele>-16.380</ele><time>2025-01-19T03:53:19.999Z</time><speed>0.075</speed><sat>11</sat></trkpt>
  <trkpt lat="13.82551191" lon="100.09165280"><ele>-16.162</ele><time>2025-01-19T03:53:20.999Z</time><speed>0.098</speed><sat>10</sat></trkpt>
  <trkpt lat="13.82551222" lon="100.09165310"><ele>-16.237</ele><time>2025-01-19T03:53:21.999Z</time><speed>0.001</speed><sat>12</sat></trkpt>
  <trkpt lat="13.82551460" lon="100.09165421"><ele>-15.853</ele><time>2025-01-19T03:53:22.999Z</time><speed>0.081</speed><sat>11</sat></trkpt>
  <trkpt lat="13.82551465" lon="100.09165429"><ele>-15.881</ele><time>2025-01-19T03:53:23.999Z</time><speed>0.011</speed><sat>10</sat></trkpt>
  <trkpt lat="13.82551459" lon="100.09165417"><ele>-15.850</ele><time>2025-01-19T03:53:24.999Z</time><speed>0.004</speed><sat>12</sat></trkpt>
  <trkpt lat="13.82550629" lon="100.09165371"><ele>-16.561</ele><time>2025-01-19T03:53:25.999Z</time><speed>0.005</speed><sat>12</sat></trkpt>
  <trkpt lat="13.82550201" lon="100.09165289"><ele>-16.561</ele><time>2025-01-19T03:53:26.999Z</time><speed>0.025</speed><sat>14</sat></trkpt>
  <trkpt lat="13.82549860" lon="100.09165298"><ele>-16.961</ele><time>2025-01-19T03:53:27.999Z</time><speed>0.042</speed><sat>14</sat></trkpt>
  <trkpt lat="13.82549657" lon="100.09165223"><ele>-16.974</ele><time>2025-01-19T03:53:28.999Z</time><speed>0.078</speed><sat>11</sat></trkpt>
  <trkpt lat="13.82549740" lon="100.09164605"><ele>-16.751</ele><time>2025-01-19T03:53:29.999Z</time><speed>0.351</speed><sat>10</sat></trkpt>
  <trkpt lat="13.82549847" lon="100.09164181"><ele>-16.697</ele><time>2025-01-19T03:53:30.999Z</time><speed>0.473</speed><sat>12</sat></trkpt>
  <trkpt lat="13.82550170" lon="100.09163570"><ele>-16.568</ele><time>2025-01-19T03:53:31.999Z</time><speed>0.642</speed><sat>11</sat></trkpt>
  <trkpt lat="13.82550201" lon="100.09162562"><ele>-16.530</ele><time>2025-01-19T03:53:32.999Z</time><speed>0.873</speed><sat>9</sat></trkpt>
  <trkpt lat="13.82550809" lon="100.09161723"><ele>-16.295</ele><time>2025-01-19T03:53:33.999Z</time><speed>1.049</speed><sat>7</sat></trkpt>
  <trkpt lat="13.82550756" lon="100.09160277"><ele>-16.269</ele><time>2025-01-19T03:53:34.999Z</time><speed>1.313</speed><sat>10</sat></trkpt>
  <trkpt lat="13.82550853" lon="100.09155822"><ele>-14.877</ele><time>2025-01-19T03:53:35.999Z</time><speed>1.576</speed><sat>10</sat></trkpt>
  <trkpt lat="13.82551049" lon="100.09154354"><ele>-15.060</ele><time>2025-01-19T03:53:36.999Z</time><speed>1.619</speed><sat>10</sat></trkpt>
  <trkpt lat="13.82551093" lon="100.09152746"><ele>-15.181</ele><time>2025-01-19T03:53:37.999Z</time><speed>1.544</speed><sat>6</sat></trkpt>
  <trkpt lat="13.82550696" lon="100.09154310"><ele>-17.050</ele><time>2025-01-19T03:53:38.999Z</time><speed>1.914</speed><sat>7</sat></trkpt>
  <trkpt lat="13.82550653" lon="100.09152676"><ele>-17.131</ele><time>2025-01-19T03:53:39.999Z</time><speed>1.988</speed><sat>6</sat></trkpt>
  <trkpt lat="13.82550609" lon="100.09151137"><ele>-17.574</ele><time>2025-01-19T03:53:40.999Z</time><speed>2.030</speed><sat>6</sat></trkpt>
  <trkpt lat="13.82550554" lon="100.09149642"><ele>-18.148</ele><time>2025-01-19T03:53:41.999Z</time><speed>2.047</speed><sat>6</sat></trkpt>
  <trkpt lat="13.82550467" lon="100.09147992"><ele>-18.807</ele><time>2025-01-19T03:53:42.999Z</time><speed>2.052</speed><sat>6</sat></trkpt>
  <trkpt lat="13.82550487" lon="100.09146438"><ele>-19.460</ele><time>2025-01-19T03:53:43.999Z</time><speed>2.041</speed><sat>7</sat></trkpt>
  <trkpt lat="13.82550231" lon="100.09143661"><ele>-20.208</ele><time>2025-01-19T03:53:44.999Z</time><speed>2.276</speed><sat>7</sat></trkpt>
  <trkpt lat="13.82549866" lon="100.09141071"><ele>-21.090</ele><time>2025-01-19T03:53:45.999Z</time><speed>2.379</speed><sat>6</sat></trkpt>
  <trkpt lat="13.82549491" lon="100.09137947"><ele>-22.046</ele><time>2025-01-19T03:53:46.999Z</time><speed>2.558</speed><sat>6</sat></trkpt>
  <trkpt lat="13.82549035" lon="100.09134572"><ele>-23.243</ele><time>2025-01-19T03:53:47.999Z</time><speed>2.759</speed><sat>5</sat></trkpt>
  <trkpt lat="13.82548563" lon="100.09130837"><ele>-24.201</ele><time>2025-01-19T03:53:48.999Z</time><speed>2.988</speed><sat>7</sat></trkpt>
  <trkpt lat="13.82548039" lon="100.09127857"><ele>-24.874</ele><time>2025-01-19T03:53:49.999Z</time><speed>3.056</speed><sat>6</sat></trkpt>
  <trkpt lat="13.82546921" lon="100.09123949"><ele>-25.794</ele><time>2025-01-19T03:53:50.999Z</time><speed>3.227</speed><sat>7</sat></trkpt>
  <trkpt lat="13.82546681" lon="100.09120418"><ele>-26.464</ele><time>2025-01-19T03:53:51.999Z</time><speed>3.380</speed><sat>6</sat></trkpt>
  <trkpt lat="13.82546354" lon="100.09117344"><ele>-27.254</ele><time>2025-01-19T03:53:52.999Z</time><speed>3.377</speed><sat>6</sat></trkpt>
  <trkpt lat="13.82546158" lon="100.09113325"><ele>-28.064</ele><time>2025-01-19T03:53:53.999Z</time><speed>3.548</speed><sat>6</sat></trkpt>
  <trkpt lat="13.82545648" lon="100.09108645"><ele>-28.938</ele><time>2025-01-19T03:53:54.999Z</time><speed>3.770</speed><sat>7</sat></trkpt>
  <trkpt lat="13.82545131" lon="100.09104465"><ele>-29.933</ele><time>2025-01-19T03:53:55.999Z</time><speed>3.927</speed><sat>8</sat></trkpt>
  <trkpt lat="13.82544498" lon="100.09100075"><ele>-30.850</ele><time>2025-01-19T03:53:56.999Z</time><speed>4.079</speed><sat>7</sat></trkpt>
  <trkpt lat="13.82543918" lon="100.09095757"><ele>-31.887</ele><time>2025-01-19T03:53:57.999Z</time><speed>4.209</speed><sat>6</sat></trkpt>
  <trkpt lat="13.82543317" lon="100.09091547"><ele>-32.962</ele><time>2025-01-19T03:53:58.999Z</time><speed>4.305</speed><sat>6</sat></trkpt>
  <trkpt lat="13.82547556" lon="100.09082356"><ele>-21.728</ele><time>2025-01-19T03:53:59.999Z</time><speed>4.491</speed><sat>7</sat></trkpt>
  <trkpt lat="13.82547599" lon="100.09078284"><ele>-21.624</ele><time>2025-01-19T03:54:00.999Z</time><speed>4.673</speed><sat>7</sat></trkpt>
  <trkpt lat="13.82548370" lon="100.09072388"><ele>-20.833</ele><time>2025-01-19T03:54:01.999Z</time><speed>4.876</speed><sat>9</sat></trkpt>
  <trkpt lat="13.82549414" lon="100.09065521"><ele>-18.973</ele><time>2025-01-19T03:54:02.999Z</time><speed>5.152</speed><sat>9</sat></trkpt>
  <trkpt lat="13.82546122" lon="100.09065749"><ele>-32.830</ele><time>2025-01-19T03:54:03.999Z</time><speed>4.716</speed><sat>8</sat></trkpt>
  <trkpt lat="13.82546442" lon="100.09060034"><ele>-32.862</ele><time>2025-01-19T03:54:04.999Z</time><speed>4.975</speed><sat>7</sat></trkpt>
  <trkpt lat="13.82546905" lon="100.09053004"><ele>-31.699</ele><time>2025-01-19T03:54:05.999Z</time><speed>5.610</speed><sat>7</sat></trkpt>
  <trkpt lat="13.82547272" lon="100.09046752"><ele>-31.248</ele><time>2025-01-19T03:54:06.999Z</time><speed>5.817</speed><sat>9</sat></trkpt>
  <trkpt lat="13.82547214" lon="100.09040801"><ele>-31.369</ele><time>2025-01-19T03:54:07.999Z</time><speed>6.033</speed><sat>11</sat></trkpt>
  <trkpt lat="13.82546425" lon="100.09034604"><ele>-31.837</ele><time>2025-01-19T03:54:08.999Z</time><speed>6.244</speed><sat>10</sat></trkpt>
  <trkpt lat="13.82546101" lon="100.09027959"><ele>-31.679</ele><time>2025-01-19T03:54:09.999Z</time><speed>6.469</speed><sat>10</sat></trkpt>
  <trkpt lat="13.82546295" lon="100.09021211"><ele>-31.756</ele><time>2025-01-19T03:54:10.999Z</time><speed>6.718</speed><sat>9</sat></trkpt>
  <trkpt lat="13.82546508" lon="100.09014214"><ele>-31.183</ele><time>2025-01-19T03:54:11.999Z</time><speed>6.948</speed><sat>9</sat></trkpt>
  <trkpt lat="13.82546842" lon="100.09007127"><ele>-31.323</ele><time>2025-01-19T03:54:12.999Z</time><speed>7.129</speed><sat>8</sat></trkpt>
  <trkpt lat="13.82546355" lon="100.09000035"><ele>-31.303</ele><time>2025-01-19T03:54:13.999Z</time><speed>7.317</speed><sat>9</sat></trkpt>
  <trkpt lat="13.82546327" lon="100.08992541"><ele>-30.741</ele><time>2025-01-19T03:54:14.999Z</time><speed>7.552</speed><sat>9</sat></trkpt>
  <trkpt lat="13.82546128" lon="100.08985175"><ele>-30.767</ele><time>2025-01-19T03:54:15.999Z</time><speed>7.774</speed><sat>9</sat></trkpt>
  <trkpt lat="13.82546056" lon="100.08977405"><ele>-30.411</ele><time>2025-01-19T03:54:16.999Z</time><speed>8.010</speed><sat>9</sat></trkpt>
  <trkpt lat="13.82545817" lon="100.08969844"><ele>-30.517</ele><time>2025-01-19T03:54:17.999Z</time><speed>8.197</speed><sat>8</sat></trkpt>
  <trkpt lat="13.82546010" lon="100.08962126"><ele>-30.427</ele><time>2025-01-19T03:54:18.999Z</time><speed>8.353</speed><sat>9</sat></trkpt>
  <trkpt lat="13.82546059" lon="100.08953952"><ele>-30.306</ele><time>2025-01-19T03:54:19.999Z</time><speed>8.573</speed><sat>9</sat></trkpt>
  <trkpt lat="13.82545782" lon="100.08945602"><ele>-29.975</ele><time>2025-01-19T03:54:20.999Z</time><speed>8.780</speed><sat>9</sat></trkpt>
  <trkpt lat="13.82545620" lon="100.08936865"><ele>-29.360</ele><time>2025-01-19T03:54:21.999Z</time><speed>9.004</speed><sat>8</sat></trkpt>
  <trkpt lat="13.82545287" lon="100.08927652"><ele>-28.770</ele><time>2025-01-19T03:54:22.999Z</time><speed>9.247</speed><sat>9</sat></trkpt>
  <trkpt lat="13.82544948" lon="100.08918513"><ele>-28.156</ele><time>2025-01-19T03:54:23.999Z</time><speed>9.501</speed><sat>8</sat></trkpt>
  <trkpt lat="13.82544609" lon="100.08909040"><ele>-27.735</ele><time>2025-01-19T03:54:24.999Z</time><speed>9.807</speed><sat>9</sat></trkpt>
  <trkpt lat="13.82544213" lon="100.08899360"><ele>-27.433</ele><time>2025-01-19T03:54:25.999Z</time><speed>10.123</speed><sat>9</sat></trkpt>
  <trkpt lat="13.82543989" lon="100.08889685"><ele>-27.132</ele><time>2025-01-19T03:54:26.999Z</time><speed>10.336</speed><sat>9</sat></trkpt>
  <trkpt lat="13.82543782" lon="100.08879960"><ele>-26.733</ele><time>2025-01-19T03:54:27.999Z</time><speed>10.493</speed><sat>9</sat></trkpt>
  <trkpt lat="13.82543497" lon="100.08869975"><ele>-26.378</ele><time>2025-01-19T03:54:28.999Z</time><speed>10.660</speed><sat>8</sat></trkpt>
  <trkpt lat="13.82543250" lon="100.08859802"><ele>-26.168</ele><time>2025-01-19T03:54:29.999Z</time><speed>10.830</speed><sat>9</sat></trkpt>
  <trkpt lat="13.82543201" lon="100.08849433"><ele>-25.779</ele><time>2025-01-19T03:54:30.999Z</time><speed>11.002</speed><sat>8</sat></trkpt>
  <trkpt lat="13.82543227" lon="100.08838715"><ele>-25.220</ele><time>2025-01-19T03:54:31.999Z</time><speed>11.217</speed><sat>7</sat></trkpt>
  <trkpt lat="13.82543225" lon="100.08828160"><ele>-24.861</ele><time>2025-01-19T03:54:32.999Z</time><speed>11.389</speed><sat>9</sat></trkpt>
  <trkpt lat="13.82543315" lon="100.08817472"><ele>-24.801</ele><time>2025-01-19T03:54:33.999Z</time><speed>11.573</speed><sat>9</sat></trkpt>
  <trkpt lat="13.82543313" lon="100.08806730"><ele>-24.381</ele><time>2025-01-19T03:54:34.999Z</time><speed>11.741</speed><sat>9</sat></trkpt>
  <trkpt lat="13.82543313" lon="100.08795720"><ele>-24.254</ele><time>2025-01-19T03:54:35.999Z</time><speed>11.899</speed><sat>9</sat></trkpt>
  <trkpt lat="13.82543043" lon="100.08784600"><ele>-23.928</ele><time>2025-01-19T03:54:36.999Z</time><speed>12.002</speed><sat>8</sat></trkpt>
  <trkpt lat="13.82542907" lon="100.08773364"><ele>-23.531</ele><time>2025-01-19T03:54:37.999Z</time><speed>12.106</speed><sat>9</sat></trkpt>
  <trkpt lat="13.82542609" lon="100.08761973"><ele>-23.291</ele><time>2025-01-19T03:54:38.999Z</time><speed>12.212</speed><sat>7</sat></trkpt>
  <trkpt lat="13.82542141" lon="100.08750277"><ele>-23.169</ele><time>2025-01-19T03:54:39.999Z</time><speed>12.394</speed><sat>9</sat></trkpt>
  <trkpt lat="13.82541639" lon="100.08738194"><ele>-23.039</ele><time>2025-01-19T03:54:40.999Z</time><speed>12.658</speed><sat>10</sat></trkpt>
  <trkpt lat="13.82540572" lon="100.08726910"><ele>-23.282</ele><time>2025-01-19T03:54:41.999Z</time><speed>12.703</speed><sat>11</sat></trkpt>
  <trkpt lat="13.82539861" lon="100.08715230"><ele>-23.397</ele><time>2025-01-19T03:54:42.999Z</time><speed>12.784</speed><sat>9</sat></trkpt>
  <trkpt lat="13.82539330" lon="100.08703301"><ele>-23.325</ele><time>2025-01-19T03:54:43.999Z</time><speed>12.877</speed><sat>9</sat></trkpt>
  <trkpt lat="13.82538787" lon="100.08691301"><ele>-23.160</ele><time>2025-01-19T03:54:44.999Z</time><speed>13.022</speed><sat>9</sat></trkpt>
  <trkpt lat="13.82538232" lon="100.08679367"><ele>-23.100</ele><time>2025-01-19T03:54:45.999Z</time><speed>13.107</speed><sat>9</sat></trkpt>
  <trkpt lat="13.82537955" lon="100.08667377"><ele>-23.007</ele><time>2025-01-19T03:54:46.999Z</time><speed>13.179</speed><sat>8</sat></trkpt>
  <trkpt lat="13.82537619" lon="100.08655058"><ele>-22.929</ele><time>2025-01-19T03:54:47.999Z</time><speed>13.288</speed><sat>9</sat></trkpt>
  <trkpt lat="13.82537079" lon="100.08642636"><ele>-22.925</ele><time>2025-01-19T03:54:48.999Z</time><speed>13.412</speed><sat>9</sat></trkpt>
  <trkpt lat="13.82537083" lon="100.08630170"><ele>-22.946</ele><time>2025-01-19T03:54:49.999Z</time><speed>13.519</speed><sat>10</sat></trkpt>
  <trkpt lat="13.82536699" lon="100.08617472"><ele>-22.774</ele><time>2025-01-19T03:54:50.999Z</time><speed>13.637</speed><sat>9</sat></trkpt>
  <trkpt lat="13.82536334" lon="100.08604832"><ele>-22.681</ele><time>2025-01-19T03:54:51.999Z</time><speed>13.734</speed><sat>8</sat></trkpt>
  <trkpt lat="13.82535685" lon="100.08592046"><ele>-22.476</ele><time>2025-01-19T03:54:52.999Z</time><speed>13.822</speed><sat>9</sat></trkpt>
  <trkpt lat="13.82535273" lon="100.08579166"><ele>-22.368</ele><time>2025-01-19T03:54:53.999Z</time><speed>13.908</speed><sat>9</sat></trkpt>
  <trkpt lat="13.82534548" lon="100.08566164"><ele>-22.024</ele><time>2025-01-19T03:54:54.999Z</time><speed>13.991</speed><sat>9</sat></trkpt>
  <trkpt lat="13.82533776" lon="100.08552938"><ele>-22.158</ele><time>2025-01-19T03:54:55.999Z</time><speed>14.101</speed><sat>9</sat></trkpt>
  <trkpt lat="13.82533207" lon="100.08539696"><ele>-22.145</ele><time>2025-01-19T03:54:56.999Z</time><speed>14.227</speed><sat>8</sat></trkpt>
  <trkpt lat="13.82532981" lon="100.08526362"><ele>-21.580</ele><time>2025-01-19T03:54:57.999Z</time><speed>14.321</speed><sat>7</sat></trkpt>
  <trkpt lat="13.82532674" lon="100.08512773"><ele>-21.057</ele><time>2025-01-19T03:54:58.999Z</time><speed>14.426</speed><sat>7</sat></trkpt>
  <trkpt lat="13.82531793" lon="100.08499240"><ele>-20.982</ele><time>2025-01-19T03:54:59.999Z</time><speed>14.523</speed><sat>8</sat></trkpt>
  <trkpt lat="13.82530796" lon="100.08485566"><ele>-20.817</ele><time>2025-01-19T03:55:00.999Z</time><speed>14.618</speed><sat>8</sat></trkpt>
  <trkpt lat="13.82530007" lon="100.08472040"><ele>-20.679</ele><time>2025-01-19T03:55:01.999Z</time><speed>14.691</speed><sat>8</sat></trkpt>
  <trkpt lat="13.82529304" lon="100.08458505"><ele>-20.820</ele><time>2025-01-19T03:55:02.999Z</time><speed>14.781</speed><sat>8</sat></trkpt>
  <trkpt lat="13.82528595" lon="100.08444788"><ele>-20.884</ele><time>2025-01-19T03:55:03.999Z</time><speed>14.857</speed><sat>8</sat></trkpt>
  <trkpt lat="13.82527999" lon="100.08431164"><ele>-21.369</ele><time>2025-01-19T03:55:04.999Z</time><speed>14.903</speed><sat>8</sat></trkpt>
  <trkpt lat="13.82527298" lon="100.08417177"><ele>-21.184</ele><time>2025-01-19T03:55:05.999Z</time><speed>15.012</speed><sat>8</sat></trkpt>
  <trkpt lat="13.82526487" lon="100.08403282"><ele>-21.286</ele><time>2025-01-19T03:55:06.999Z</time><speed>15.145</speed><sat>8</sat></trkpt>
  <trkpt lat="13.82525939" lon="100.08389240"><ele>-21.059</ele><time>2025-01-19T03:55:07.999Z</time><speed>15.214</speed><sat>7</sat></trkpt>
  <trkpt lat="13.82525245" lon="100.08375425"><ele>-21.259</ele><time>2025-01-19T03:55:08.999Z</time><speed>15.287</speed><sat>8</sat></trkpt>
  <trkpt lat="13.82524881" lon="100.08361544"><ele>-21.107</ele><time>2025-01-19T03:55:09.999Z</time><speed>15.325</speed><sat>7</sat></trkpt>
  <trkpt lat="13.82524484" lon="100.08347438"><ele>-20.983</ele><time>2025-01-19T03:55:10.999Z</time><speed>15.372</speed><sat>8</sat></trkpt>
  <trkpt lat="13.82524029" lon="100.08333293"><ele>-21.264</ele><time>2025-01-19T03:55:11.999Z</time><speed>15.452</speed><sat>9</sat></trkpt>
  <trkpt lat="13.82523737" lon="100.08318841"><ele>-21.196</ele><time>2025-01-19T03:55:12.999Z</time><speed>15.540</speed><sat>8</sat></trkpt>
  <trkpt lat="13.82523501" lon="100.08304193"><ele>-21.149</ele><time>2025-01-19T03:55:13.999Z</time><speed>15.708</speed><sat>9</sat></trkpt>
  <trkpt lat="13.82523223" lon="100.08289874"><ele>-21.378</ele><time>2025-01-19T03:55:14.999Z</time><speed>15.774</speed><sat>8</sat></trkpt>
  <trkpt lat="13.82522875" lon="100.08275764"><ele>-21.793</ele><time>2025-01-19T03:55:15.999Z</time><speed>15.797</speed><sat>9</sat></trkpt>
  <trkpt lat="13.82522375" lon="100.08261429"><ele>-21.795</ele><time>2025-01-19T03:55:16.999Z</time><speed>15.834</speed><sat>9</sat></trkpt>
  <trkpt lat="13.82521820" lon="100.08246741"><ele>-21.908</ele><time>2025-01-19T03:55:17.999Z</time><speed>15.963</speed><sat>9</sat></trkpt>
  <trkpt lat="13.82521199" lon="100.08232019"><ele>-22.044</ele><time>2025-01-19T03:55:18.999Z</time><speed>16.035</speed><sat>9</sat></trkpt>
  <trkpt lat="13.82520548" lon="100.08217436"><ele>-21.829</ele><time>2025-01-19T03:55:19.999Z</time><speed>16.032</speed><sat>9</sat></trkpt>
  <trkpt lat="13.82519909" lon="100.08202841"><ele>-21.693</ele><time>2025-01-19T03:55:20.999Z</time><speed>16.005</speed><sat>7</sat></trkpt>
  <trkpt lat="13.82519233" lon="100.08187947"><ele>-21.656</ele><time>2025-01-19T03:55:21.999Z</time><speed>16.050</speed><sat>9</sat></trkpt>
  <trkpt lat="13.82518631" lon="100.08173224"><ele>-21.839</ele><time>2025-01-19T03:55:22.999Z</time><speed>16.035</speed><sat>10</sat></trkpt>
  <trkpt lat="13.82517647" lon="100.08158771"><ele>-22.195</ele><time>2025-01-19T03:55:23.999Z</time><speed>15.853</speed><sat>9</sat></trkpt>
  <trkpt lat="13.82516630" lon="100.08144312"><ele>-22.571</ele><time>2025-01-19T03:55:24.999Z</time><speed>15.728</speed><sat>9</sat></trkpt>
  <trkpt lat="13.82515907" lon="100.08129736"><ele>-22.583</ele><time>2025-01-19T03:55:25.999Z</time><speed>15.679</speed><sat>8</sat></trkpt>
  <trkpt lat="13.82515249" lon="100.08115447"><ele>-22.782</ele><time>2025-01-19T03:55:26.999Z</time><speed>15.637</speed><sat>9</sat></trkpt>
  <trkpt lat="13.82514757" lon="100.08100923"><ele>-22.469</ele><time>2025-01-19T03:55:27.999Z</time><speed>15.514</speed><sat>9</sat></trkpt>
  <trkpt lat="13.82514486" lon="100.08086770"><ele>-21.996</ele><time>2025-01-19T03:55:28.999Z</time><speed>15.363</speed><sat>9</sat></trkpt>
  <trkpt lat="13.82514090" lon="100.08072558"><ele>-21.568</ele><time>2025-01-19T03:55:29.999Z</time><speed>15.220</speed><sat>8</sat></trkpt>
  <trkpt lat="13.82513735" lon="100.08058596"><ele>-21.592</ele><time>2025-01-19T03:55:30.999Z</time><speed>15.083</speed><sat>7</sat></trkpt>
  <trkpt lat="13.82513187" lon="100.08044742"><ele>-21.298</ele><time>2025-01-19T03:55:31.999Z</time><speed>14.961</speed><sat>8</sat></trkpt>
  <trkpt lat="13.82513239" lon="100.08031216"><ele>-21.122</ele><time>2025-01-19T03:55:32.999Z</time><speed>14.793</speed><sat>9</sat></trkpt>
  <trkpt lat="13.82513191" lon="100.08017975"><ele>-20.894</ele><time>2025-01-19T03:55:33.999Z</time><speed>14.595</speed><sat>8</sat></trkpt>
  <trkpt lat="13.82512865" lon="100.08004944"><ele>-20.881</ele><time>2025-01-19T03:55:34.999Z</time><speed>14.408</speed><sat>8</sat></trkpt>
  <trkpt lat="13.82512289" lon="100.07991909"><ele>-20.853</ele><time>2025-01-19T03:55:35.999Z</time><speed>14.277</speed><sat>8</sat></trkpt>
  <trkpt lat="13.82511639" lon="100.07978901"><ele>-20.948</ele><time>2025-01-19T03:55:36.999Z</time><speed>14.087</speed><sat>8</sat></trkpt>
  <trkpt lat="13.82511016" lon="100.07966121"><ele>-20.915</ele><time>2025-01-19T03:55:37.999Z</time><speed>13.829</speed><sat>8</sat></trkpt>
  <trkpt lat="13.82510656" lon="100.07953362"><ele>-20.590</ele><time>2025-01-19T03:55:38.999Z</time><speed>13.528</speed><sat>7</sat></trkpt>
  <trkpt lat="13.82510242" lon="100.07940915"><ele>-20.533</ele><time>2025-01-19T03:55:39.999Z</time><speed>13.149</speed><sat>8</sat></trkpt>
  <trkpt lat="13.82509513" lon="100.07929018"><ele>-20.496</ele><time>2025-01-19T03:55:40.999Z</time><speed>12.773</speed><sat>8</sat></trkpt>
  <trkpt lat="13.82508916" lon="100.07917248"><ele>-20.665</ele><time>2025-01-19T03:55:41.999Z</time><speed>12.439</speed><sat>8</sat></trkpt>
  <trkpt lat="13.82508301" lon="100.07905921"><ele>-20.375</ele><time>2025-01-19T03:55:42.999Z</time><speed>12.091</speed><sat>7</sat></trkpt>
  <trkpt lat="13.82507827" lon="100.07894959"><ele>-20.247</ele><time>2025-01-19T03:55:43.999Z</time><speed>11.733</speed><sat>9</sat></trkpt>
  <trkpt lat="13.82507400" lon="100.07884159"><ele>-20.300</ele><time>2025-01-19T03:55:44.999Z</time><speed>11.420</speed><sat>9</sat></trkpt>
  <trkpt lat="13.82506844" lon="100.07874016"><ele>-20.924</ele><time>2025-01-19T03:55:45.999Z</time><speed>11.070</speed><sat>9</sat></trkpt>
  <trkpt lat="13.82506787" lon="100.07863943"><ele>-21.503</ele><time>2025-01-19T03:55:46.999Z</time><speed>10.767</speed><sat>10</sat></trkpt>
  <trkpt lat="13.82507155" lon="100.07854475"><ele>-21.628</ele><time>2025-01-19T03:55:47.999Z</time><speed>10.445</speed><sat>9</sat></trkpt>
  <trkpt lat="13.82507497" lon="100.07845221"><ele>-21.571</ele><time>2025-01-19T03:55:48.999Z</time><speed>10.147</speed><sat>9</sat></trkpt>
  <trkpt lat="13.82507785" lon="100.07836118"><ele>-21.451</ele><time>2025-01-19T03:55:49.999Z</time><speed>9.823</speed><sat>9</sat></trkpt>
  <trkpt lat="13.82507430" lon="100.07827546"><ele>-21.824</ele><time>2025-01-19T03:55:50.999Z</time><speed>9.439</speed><sat>8</sat></trkpt>
  <trkpt lat="13.82507162" lon="100.07818873"><ele>-21.699</ele><time>2025-01-19T03:55:51.999Z</time><speed>9.095</speed><sat>8</sat></trkpt>
  <trkpt lat="13.82507076" lon="100.07810583"><ele>-21.591</ele><time>2025-01-19T03:55:52.999Z</time><speed>8.738</speed><sat>7</sat></trkpt>
  <trkpt lat="13.82506345" lon="100.07802357"><ele>-21.180</ele><time>2025-01-19T03:55:53.999Z</time><speed>8.458</speed><sat>8</sat></trkpt>
  <trkpt lat="13.82505550" lon="100.07794317"><ele>-20.779</ele><time>2025-01-19T03:55:54.999Z</time><speed>8.230</speed><sat>9</sat></trkpt>
  <trkpt lat="13.82504946" lon="100.07786513"><ele>-20.754</ele><time>2025-01-19T03:55:55.999Z</time><speed>8.056</speed><sat>9</sat></trkpt>
  <trkpt lat="13.82504432" lon="100.07779218"><ele>-21.228</ele><time>2025-01-19T03:55:56.999Z</time><speed>7.913</speed><sat>9</sat></trkpt>
  <trkpt lat="13.82504093" lon="100.07771976"><ele>-21.406</ele><time>2025-01-19T03:55:57.999Z</time><speed>7.838</speed><sat>8</sat></trkpt>
  <trkpt lat="13.82504266" lon="100.07764941"><ele>-21.589</ele><time>2025-01-19T03:55:58.999Z</time><speed>7.820</speed><sat>8</sat></trkpt>
  <trkpt lat="13.82504283" lon="100.07757683"><ele>-21.648</ele><time>2025-01-19T03:55:59.999Z</time><speed>7.911</speed><sat>8</sat></trkpt>
  <trkpt lat="13.82504386" lon="100.07750288"><ele>-21.591</ele><time>2025-01-19T03:56:00.999Z</time><speed>8.058</speed><sat>7</sat></trkpt>
  <trkpt lat="13.82504320" lon="100.07743597"><ele>-22.262</ele><time>2025-01-19T03:56:01.999Z</time><speed>8.205</speed><sat>9</sat></trkpt>
  <trkpt lat="13.82504610" lon="100.07735898"><ele>-22.038</ele><time>2025-01-19T03:56:02.999Z</time><speed>8.392</speed><sat>8</sat></trkpt>
  <trkpt lat="13.82504677" lon="100.07727866"><ele>-22.052</ele><time>2025-01-19T03:56:03.999Z</time><speed>8.585</speed><sat>7</sat></trkpt>
  <trkpt lat="13.82504704" lon="100.07719532"><ele>-21.613</ele><time>2025-01-19T03:56:04.999Z</time><speed>8.767</speed><sat>7</sat></trkpt>
  <trkpt lat="13.82504576" lon="100.07710995"><ele>-21.183</ele><time>2025-01-19T03:56:05.999Z</time><speed>9.021</speed><sat>8</sat></trkpt>
  <trkpt lat="13.82504380" lon="100.07702471"><ele>-20.563</ele><time>2025-01-19T03:56:06.999Z</time><speed>9.211</speed><sat>7</sat></trkpt>
  <trkpt lat="13.82504127" lon="100.07693974"><ele>-20.749</ele><time>2025-01-19T03:56:07.999Z</time><speed>9.362</speed><sat>7</sat></trkpt>
  <trkpt lat="13.82503825" lon="100.07685334"><ele>-20.647</ele><time>2025-01-19T03:56:08.999Z</time><speed>9.523</speed><sat>7</sat></trkpt>
  <trkpt lat="13.82503625" lon="100.07676754"><ele>-20.947</ele><time>2025-01-19T03:56:09.999Z</time><speed>9.659</speed><sat>7</sat></trkpt>
  <trkpt lat="13.82503310" lon="100.07667828"><ele>-21.132</ele><time>2025-01-19T03:56:10.999Z</time><speed>9.823</speed><sat>7</sat></trkpt>
  <trkpt lat="13.82503084" lon="100.07658652"><ele>-21.190</ele><time>2025-01-19T03:56:11.999Z</time><speed>10.023</speed><sat>7</sat></trkpt>
  <trkpt lat="13.82502434" lon="100.07648953"><ele>-21.366</ele><time>2025-01-19T03:56:12.999Z</time><speed>10.244</speed><sat>7</sat></trkpt>
  <trkpt lat="13.82501860" lon="100.07639441"><ele>-21.360</ele><time>2025-01-19T03:56:13.999Z</time><speed>10.379</speed><sat>7</sat></trkpt>
  <trkpt lat="13.82501399" lon="100.07629582"><ele>-21.409</ele><time>2025-01-19T03:56:14.999Z</time><speed>10.545</speed><sat>7</sat></trkpt>
  <trkpt lat="13.82501042" lon="100.07619772"><ele>-21.647</ele><time>2025-01-19T03:56:15.999Z</time><speed>10.660</speed><sat>6</sat></trkpt>
  <trkpt lat="13.82500478" lon="100.07609773"><ele>-21.669</ele><time>2025-01-19T03:56:16.999Z</time><speed>10.820</speed><sat>7</sat></trkpt>
  <trkpt lat="13.82499968" lon="100.07599469"><ele>-21.862</ele><time>2025-01-19T03:56:17.999Z</time><speed>11.005</speed><sat>7</sat></trkpt>
  <trkpt lat="13.82499487" lon="100.07588815"><ele>-21.997</ele><time>2025-01-19T03:56:18.999Z</time><speed>11.198</speed><sat>7</sat></trkpt>
  <trkpt lat="13.82498752" lon="100.07578701"><ele>-22.433</ele><time>2025-01-19T03:56:19.999Z</time><speed>11.378</speed><sat>9</sat></trkpt>
  <trkpt lat="13.82498089" lon="100.07568058"><ele>-22.082</ele><time>2025-01-19T03:56:20.999Z</time><speed>11.583</speed><sat>7</sat></trkpt>
  <trkpt lat="13.82497348" lon="100.07557559"><ele>-22.452</ele><time>2025-01-19T03:56:21.999Z</time><speed>11.706</speed><sat>8</sat></trkpt>
  <trkpt lat="13.82496949" lon="100.07546804"><ele>-22.170</ele><time>2025-01-19T03:56:22.999Z</time><speed>11.752</speed><sat>8</sat></trkpt>
  <trkpt lat="13.82496610" lon="100.07535914"><ele>-22.154</ele><time>2025-01-19T03:56:23.999Z</time><speed>11.852</speed><sat>9</sat></trkpt>
  <trkpt lat="13.82496393" lon="100.07525130"><ele>-21.927</ele><time>2025-01-19T03:56:24.999Z</time><speed>11.913</speed><sat>8</sat></trkpt>
  <trkpt lat="13.82496519" lon="100.07514779"><ele>-22.086</ele><time>2025-01-19T03:56:25.999Z</time><speed>11.941</speed><sat>9</sat></trkpt>
  <trkpt lat="13.82496240" lon="100.07503704"><ele>-22.725</ele><time>2025-01-19T03:56:26.999Z</time><speed>12.063</speed><sat>8</sat></trkpt>
  <trkpt lat="13.82495777" lon="100.07492690"><ele>-23.182</ele><time>2025-01-19T03:56:27.999Z</time><speed>12.165</speed><sat>9</sat></trkpt>
  <trkpt lat="13.82495350" lon="100.07481533"><ele>-24.246</ele><time>2025-01-19T03:56:28.999Z</time><speed>12.282</speed><sat>8</sat></trkpt>
  <trkpt lat="13.82494881" lon="100.07469896"><ele>-24.720</ele><time>2025-01-19T03:56:29.999Z</time><speed>12.428</speed><sat>9</sat></trkpt>
  <trkpt lat="13.82494665" lon="100.07457708"><ele>-24.463</ele><time>2025-01-19T03:56:30.999Z</time><speed>12.605</speed><sat>10</sat></trkpt>
  <trkpt lat="13.82494668" lon="100.07445663"><ele>-24.529</ele><time>2025-01-19T03:56:31.999Z</time><speed>12.732</speed><sat>8</sat></trkpt>
  <trkpt lat="13.82494736" lon="100.07433809"><ele>-24.775</ele><time>2025-01-19T03:56:32.999Z</time><speed>12.827</speed><sat>10</sat></trkpt>
  <trkpt lat="13.82494559" lon="100.07421729"><ele>-24.792</ele><time>2025-01-19T03:56:33.999Z</time><speed>12.955</speed><sat>9</sat></trkpt>
  <trkpt lat="13.82494205" lon="100.07409200"><ele>-24.711</ele><time>2025-01-19T03:56:34.999Z</time><speed>13.126</speed><sat>8</sat></trkpt>
  <trkpt lat="13.82494061" lon="100.07396893"><ele>-24.243</ele><time>2025-01-19T03:56:35.999Z</time><speed>13.225</speed><sat>10</sat></trkpt>
  <trkpt lat="13.82493527" lon="100.07384350"><ele>-24.559</ele><time>2025-01-19T03:56:36.999Z</time><speed>13.348</speed><sat>11</sat></trkpt>
  <trkpt lat="13.82492885" lon="100.07371783"><ele>-24.558</ele><time>2025-01-19T03:56:37.999Z</time><speed>13.449</speed><sat>10</sat></trkpt>
  <trkpt lat="13.82492105" lon="100.07358491"><ele>-24.345</ele><time>2025-01-19T03:56:38.999Z</time><speed>13.562</speed><sat>11</sat></trkpt>
  <trkpt lat="13.82491537" lon="100.07345628"><ele>-24.628</ele><time>2025-01-19T03:56:39.999Z</time><speed>13.653</speed><sat>12</sat></trkpt>
  <trkpt lat="13.82490686" lon="100.07332336"><ele>-24.571</ele><time>2025-01-19T03:56:40.999Z</time><speed>13.731</speed><sat>9</sat></trkpt>
  <trkpt lat="13.82490035" lon="100.07319367"><ele>-24.518</ele><time>2025-01-19T03:56:41.999Z</time><speed>13.717</speed><sat>9</sat></trkpt>
  <trkpt lat="13.82489582" lon="100.07306430"><ele>-24.399</ele><time>2025-01-19T03:56:42.999Z</time><speed>13.726</speed><sat>9</sat></trkpt>
  <trkpt lat="13.82489258" lon="100.07294002"><ele>-24.551</ele><time>2025-01-19T03:56:43.999Z</time><speed>13.634</speed><sat>11</sat></trkpt>
  <trkpt lat="13.82489026" lon="100.07281176"><ele>-23.915</ele><time>2025-01-19T03:56:44.999Z</time><speed>13.631</speed><sat>10</sat></trkpt>
  <trkpt lat="13.82488766" lon="100.07268405"><ele>-23.357</ele><time>2025-01-19T03:56:45.999Z</time><speed>13.620</speed><sat>10</sat></trkpt>
  <trkpt lat="13.82488452" lon="100.07255410"><ele>-23.228</ele><time>2025-01-19T03:56:46.999Z</time><speed>13.665</speed><sat>9</sat></trkpt>
  <trkpt lat="13.82488065" lon="100.07242619"><ele>-23.035</ele><time>2025-01-19T03:56:47.999Z</time><speed>13.656</speed><sat>8</sat></trkpt>
  <trkpt lat="13.82487503" lon="100.07229869"><ele>-23.061</ele><time>2025-01-19T03:56:48.999Z</time><speed>13.641</speed><sat>8</sat></trkpt>
  <trkpt lat="13.82486939" lon="100.07217019"><ele>-23.017</ele><time>2025-01-19T03:56:49.999Z</time><speed>13.682</speed><sat>8</sat></trkpt>
  <trkpt lat="13.82486450" lon="100.07204213"><ele>-23.078</ele><time>2025-01-19T03:56:50.999Z</time><speed>13.665</speed><sat>7</sat></trkpt>
  <trkpt lat="13.82485924" lon="100.07191504"><ele>-23.190</ele><time>2025-01-19T03:56:51.999Z</time><speed>13.637</speed><sat>8</sat></trkpt>
  <trkpt lat="13.82485586" lon="100.07179095"><ele>-23.476</ele><time>2025-01-19T03:56:52.999Z</time><speed>13.600</speed><sat>8</sat></trkpt>
  <trkpt lat="13.82485274" lon="100.07166340"><ele>-23.655</ele><time>2025-01-19T03:56:53.999Z</time><speed>13.589</speed><sat>8</sat></trkpt>
  <trkpt lat="13.82484795" lon="100.07153662"><ele>-23.937</ele><time>2025-01-19T03:56:54.999Z</time><speed>13.587</speed><sat>8</sat></trkpt>
  <trkpt lat="13.82484122" lon="100.07140734"><ele>-24.157</ele><time>2025-01-19T03:56:55.999Z</time><speed>13.674</speed><sat>8</sat></trkpt>
  <trkpt lat="13.82483894" lon="100.07128028"><ele>-24.362</ele><time>2025-01-19T03:56:56.999Z</time><speed>13.698</speed><sat>9</sat></trkpt>
  <trkpt lat="13.82483514" lon="100.07115685"><ele>-24.824</ele><time>2025-01-19T03:56:57.999Z</time><speed>13.642</speed><sat>9</sat></trkpt>
  <trkpt lat="13.82483216" lon="100.07102999"><ele>-25.019</ele><time>2025-01-19T03:56:58.999Z</time><speed>13.672</speed><sat>8</sat></trkpt>
  <trkpt lat="13.82483480" lon="100.07090826"><ele>-25.348</ele><time>2025-01-19T03:56:59.999Z</time><speed>13.615</speed><sat>9</sat></trkpt>
  <trkpt lat="13.82483451" lon="100.07078642"><ele>-25.754</ele><time>2025-01-19T03:57:00.999Z</time><speed>13.589</speed><sat>9</sat></trkpt>
  <trkpt lat="13.82482909" lon="100.07066544"><ele>-25.778</ele><time>2025-01-19T03:57:01.999Z</time><speed>13.489</speed><sat>9</sat></trkpt>
  <trkpt lat="13.82482438" lon="100.07053936"><ele>-25.773</ele><time>2025-01-19T03:57:02.999Z</time><speed>13.443</speed><sat>10</sat></trkpt>
  <trkpt lat="13.82481854" lon="100.07041407"><ele>-25.744</ele><time>2025-01-19T03:57:03.999Z</time><speed>13.323</speed><sat>9</sat></trkpt>
  <trkpt lat="13.82481427" lon="100.07029225"><ele>-25.600</ele><time>2025-01-19T03:57:04.999Z</time><speed>13.159</speed><sat>9</sat></trkpt>
  <trkpt lat="13.82481104" lon="100.07016998"><ele>-25.521</ele><time>2025-01-19T03:57:05.999Z</time><speed>13.053</speed><sat>10</sat></trkpt>
  <trkpt lat="13.82480708" lon="100.07004782"><ele>-25.445</ele><time>2025-01-19T03:57:06.999Z</time><speed>13.017</speed><sat>8</sat></trkpt>
  <trkpt lat="13.82480204" lon="100.06992776"><ele>-25.706</ele><time>2025-01-19T03:57:07.999Z</time><speed>12.947</speed><sat>9</sat></trkpt>
  <trkpt lat="13.82479648" lon="100.06980800"><ele>-25.668</ele><time>2025-01-19T03:57:08.999Z</time><speed>12.905</speed><sat>9</sat></trkpt>
  <trkpt lat="13.82479222" lon="100.06968653"><ele>-25.618</ele><time>2025-01-19T03:57:09.999Z</time><speed>12.947</speed><sat>9</sat></trkpt>
  <trkpt lat="13.82478910" lon="100.06956755"><ele>-25.747</ele><time>2025-01-19T03:57:10.999Z</time><speed>12.946</speed><sat>9</sat></trkpt>
  <trkpt lat="13.82478863" lon="100.06945567"><ele>-27.301</ele><time>2025-01-19T03:57:11.999Z</time><speed>12.975</speed><sat>9</sat></trkpt>
  <trkpt lat="13.82478593" lon="100.06933188"><ele>-27.860</ele><time>2025-01-19T03:57:12.999Z</time><speed>13.106</speed><sat>9</sat></trkpt>
  <trkpt lat="13.82478168" lon="100.06920754"><ele>-27.897</ele><time>2025-01-19T03:57:13.999Z</time><speed>13.240</speed><sat>9</sat></trkpt>
  <trkpt lat="13.82477918" lon="100.06908413"><ele>-27.905</ele><time>2025-01-19T03:57:14.999Z</time><speed>13.330</speed><sat>9</sat></trkpt>
  <trkpt lat="13.82477728" lon="100.06895744"><ele>-27.753</ele><time>2025-01-19T03:57:15.999Z</time><speed>13.499</speed><sat>8</sat></trkpt>
  <trkpt lat="13.82477178" lon="100.06882792"><ele>-27.654</ele><time>2025-01-19T03:57:16.999Z</time><speed>13.665</speed><sat>8</sat></trkpt>
  <trkpt lat="13.82476675" lon="100.06870047"><ele>-27.723</ele><time>2025-01-19T03:57:17.999Z</time><speed>13.712</speed><sat>9</sat></trkpt>
  <trkpt lat="13.82476280" lon="100.06857450"><ele>-27.575</ele><time>2025-01-19T03:57:18.999Z</time><speed>13.760</speed><sat>9</sat></trkpt>
  <trkpt lat="13.82475740" lon="100.06844843"><ele>-27.480</ele><time>2025-01-19T03:57:19.999Z</time><speed>13.810</speed><sat>10</sat></trkpt>
  <trkpt lat="13.82475636" lon="100.06832974"><ele>-28.438</ele><time>2025-01-19T03:57:20.999Z</time><speed>13.794</speed><sat>10</sat></trkpt>
  <trkpt lat="13.82475480" lon="100.06820817"><ele>-28.719</ele><time>2025-01-19T03:57:21.999Z</time><speed>13.796</speed><sat>10</sat></trkpt>
  <trkpt lat="13.82475201" lon="100.06808348"><ele>-28.877</ele><time>2025-01-19T03:57:22.999Z</time><speed>13.832</speed><sat>9</sat></trkpt>
  <trkpt lat="13.82475114" lon="100.06795927"><ele>-29.024</ele><time>2025-01-19T03:57:23.999Z</time><speed>13.856</speed><sat>9</sat></trkpt>
  <trkpt lat="13.82475085" lon="100.06783319"><ele>-29.378</ele><time>2025-01-19T03:57:24.999Z</time><speed>13.911</speed><sat>8</sat></trkpt>
  <trkpt lat="13.82475104" lon="100.06770669"><ele>-29.378</ele><time>2025-01-19T03:57:25.999Z</time><speed>13.943</speed><sat>8</sat></trkpt>
  <trkpt lat="13.82474884" lon="100.06757329"><ele>-29.497</ele><time>2025-01-19T03:57:26.999Z</time><speed>14.063</speed><sat>8</sat></trkpt>
  <trkpt lat="13.82474180" lon="100.06743767"><ele>-29.513</ele><time>2025-01-19T03:57:27.999Z</time><speed>14.204</speed><sat>8</sat></trkpt>
  <trkpt lat="13.82473156" lon="100.06730282"><ele>-29.598</ele><time>2025-01-19T03:57:28.999Z</time><speed>14.292</speed><sat>8</sat></trkpt>
  <trkpt lat="13.82472807" lon="100.06717134"><ele>-29.522</ele><time>2025-01-19T03:57:29.999Z</time><speed>14.291</speed><sat>7</sat></trkpt>
  <trkpt lat="13.82472354" lon="100.06703752"><ele>-29.313</ele><time>2025-01-19T03:57:30.999Z</time><speed>14.364</speed><sat>7</sat></trkpt>
  <trkpt lat="13.82471908" lon="100.06690252"><ele>-29.201</ele><time>2025-01-19T03:57:31.999Z</time><speed>14.380</speed><sat>6</sat></trkpt>
  <trkpt lat="13.82471636" lon="100.06677152"><ele>-28.970</ele><time>2025-01-19T03:57:32.999Z</time><speed>14.319</speed><sat>7</sat></trkpt>
  <trkpt lat="13.82471118" lon="100.06663645"><ele>-28.700</ele><time>2025-01-19T03:57:33.999Z</time><speed>14.347</speed><sat>7</sat></trkpt>
  <trkpt lat="13.82470578" lon="100.06650287"><ele>-28.583</ele><time>2025-01-19T03:57:34.999Z</time><speed>14.302</speed><sat>6</sat></trkpt>
  <trkpt lat="13.82470314" lon="100.06637071"><ele>-28.064</ele><time>2025-01-19T03:57:35.999Z</time><speed>14.268</speed><sat>6</sat></trkpt>
  <trkpt lat="13.82469467" lon="100.06623725"><ele>-27.780</ele><time>2025-01-19T03:57:36.999Z</time><speed>14.251</speed><sat>8</sat></trkpt>
  <trkpt lat="13.82467968" lon="100.06610620"><ele>-27.021</ele><time>2025-01-19T03:57:37.999Z</time><speed>14.182</speed><sat>8</sat></trkpt>
  <trkpt lat="13.82466954" lon="100.06597248"><ele>-26.685</ele><time>2025-01-19T03:57:38.999Z</time><speed>14.093</speed><sat>8</sat></trkpt>
  <trkpt lat="13.82466216" lon="100.06583849"><ele>-26.161</ele><time>2025-01-19T03:57:39.999Z</time><speed>14.023</speed><sat>8</sat></trkpt>
  <trkpt lat="13.82465825" lon="100.06570727"><ele>-25.727</ele><time>2025-01-19T03:57:40.999Z</time><speed>13.992</speed><sat>8</sat></trkpt>
  <trkpt lat="13.82465448" lon="100.06557447"><ele>-25.431</ele><time>2025-01-19T03:57:41.999Z</time><speed>13.932</speed><sat>9</sat></trkpt>
  <trkpt lat="13.82465114" lon="100.06544604"><ele>-25.377</ele><time>2025-01-19T03:57:42.999Z</time><speed>13.781</speed><sat>7</sat></trkpt>
  <trkpt lat="13.82464662" lon="100.06531759"><ele>-25.393</ele><time>2025-01-19T03:57:43.999Z</time><speed>13.640</speed><sat>9</sat></trkpt>
  <trkpt lat="13.82464332" lon="100.06519301"><ele>-25.312</ele><time>2025-01-19T03:57:44.999Z</time><speed>13.427</speed><sat>9</sat></trkpt>
  <trkpt lat="13.82464135" lon="100.06506989"><ele>-25.125</ele><time>2025-01-19T03:57:45.999Z</time><speed>13.179</speed><sat>9</sat></trkpt>
  <trkpt lat="13.82463679" lon="100.06494818"><ele>-24.965</ele><time>2025-01-19T03:57:46.999Z</time><speed>12.988</speed><sat>10</sat></trkpt>
  <trkpt lat="13.82463362" lon="100.06483626"><ele>-25.247</ele><time>2025-01-19T03:57:47.999Z</time><speed>12.697</speed><sat>12</sat></trkpt>
  <trkpt lat="13.82463531" lon="100.06472387"><ele>-25.509</ele><time>2025-01-19T03:57:48.999Z</time><speed>12.442</speed><sat>11</sat></trkpt>
  <trkpt lat="13.82463255" lon="100.06461056"><ele>-25.663</ele><time>2025-01-19T03:57:49.999Z</time><speed>12.285</speed><sat>11</sat></trkpt>
  <trkpt lat="13.82463138" lon="100.06449979"><ele>-25.726</ele><time>2025-01-19T03:57:50.999Z</time><speed>12.105</speed><sat>11</sat></trkpt>
  <trkpt lat="13.82462819" lon="100.06439010"><ele>-25.660</ele><time>2025-01-19T03:57:51.999Z</time><speed>11.918</speed><sat>12</sat></trkpt>
  <trkpt lat="13.82462666" lon="100.06428363"><ele>-25.595</ele><time>2025-01-19T03:57:52.999Z</time><speed>11.739</speed><sat>12</sat></trkpt>
  <trkpt lat="13.82462507" lon="100.06417869"><ele>-25.590</ele><time>2025-01-19T03:57:53.999Z</time><speed>11.454</speed><sat>12</sat></trkpt>
  <trkpt lat="13.82462230" lon="100.06407293"><ele>-25.472</ele><time>2025-01-19T03:57:54.999Z</time><speed>11.238</speed><sat>10</sat></trkpt>
  <trkpt lat="13.82461997" lon="100.06396946"><ele>-25.337</ele><time>2025-01-19T03:57:55.999Z</time><speed>10.957</speed><sat>12</sat></trkpt>
  <trkpt lat="13.82461794" lon="100.06386979"><ele>-25.096</ele><time>2025-01-19T03:57:56.999Z</time><speed>10.649</speed><sat>12</sat></trkpt>
  <trkpt lat="13.82461578" lon="100.06377049"><ele>-25.035</ele><time>2025-01-19T03:57:57.999Z</time><speed>10.427</speed><sat>10</sat></trkpt>
  <trkpt lat="13.82461035" lon="100.06367611"><ele>-24.773</ele><time>2025-01-19T03:57:58.999Z</time><speed>10.189</speed><sat>12</sat></trkpt>
  <trkpt lat="13.82460712" lon="100.06358195"><ele>-24.652</ele><time>2025-01-19T03:57:59.999Z</time><speed>10.032</speed><sat>9</sat></trkpt>
  <trkpt lat="13.82460389" lon="100.06349010"><ele>-24.420</ele><time>2025-01-19T03:58:00.999Z</time><speed>9.898</speed><sat>10</sat></trkpt>
  <trkpt lat="13.82460054" lon="100.06339835"><ele>-24.132</ele><time>2025-01-19T03:58:01.999Z</time><speed>9.797</speed><sat>11</sat></trkpt>
  <trkpt lat="13.82459555" lon="100.06330842"><ele>-24.142</ele><time>2025-01-19T03:58:02.999Z</time><speed>9.692</speed><sat>11</sat></trkpt>
  <trkpt lat="13.82459146" lon="100.06322173"><ele>-24.117</ele><time>2025-01-19T03:58:03.999Z</time><speed>9.542</speed><sat>11</sat></trkpt>
  <trkpt lat="13.82458955" lon="100.06313489"><ele>-24.225</ele><time>2025-01-19T03:58:04.999Z</time><speed>9.448</speed><sat>11</sat></trkpt>
  <trkpt lat="13.82458307" lon="100.06304900"><ele>-24.171</ele><time>2025-01-19T03:58:05.999Z</time><speed>9.394</speed><sat>10</sat></trkpt>
  <trkpt lat="13.82458032" lon="100.06296402"><ele>-24.227</ele><time>2025-01-19T03:58:06.999Z</time><speed>9.353</speed><sat>9</sat></trkpt>
  <trkpt lat="13.82457737" lon="100.06288014"><ele>-24.083</ele><time>2025-01-19T03:58:07.999Z</time><speed>9.277</speed><sat>10</sat></trkpt>
  <trkpt lat="13.82457459" lon="100.06279635"><ele>-24.301</ele><time>2025-01-19T03:58:08.999Z</time><speed>9.219</speed><sat>9</sat></trkpt>
  <trkpt lat="13.82456606" lon="100.06271529"><ele>-24.661</ele><time>2025-01-19T03:58:09.999Z</time><speed>9.097</speed><sat>10</sat></trkpt>
  <trkpt lat="13.82456111" lon="100.06263377"><ele>-24.581</ele><time>2025-01-19T03:58:10.999Z</time><speed>8.918</speed><sat>12</sat></trkpt>
  <trkpt lat="13.82455373" lon="100.06255439"><ele>-24.248</ele><time>2025-01-19T03:58:11.999Z</time><speed>8.707</speed><sat>12</sat></trkpt>
  <trkpt lat="13.82454841" lon="100.06247510"><ele>-23.911</ele><time>2025-01-19T03:58:12.999Z</time><speed>8.595</speed><sat>11</sat></trkpt>
  <trkpt lat="13.82454529" lon="100.06239605"><ele>-23.625</ele><time>2025-01-19T03:58:13.999Z</time><speed>8.482</speed><sat>11</sat></trkpt>
  <trkpt lat="13.82454515" lon="100.06231868"><ele>-23.235</ele><time>2025-01-19T03:58:14.999Z</time><speed>8.381</speed><sat>9</sat></trkpt>
  <trkpt lat="13.82454658" lon="100.06223984"><ele>-23.195</ele><time>2025-01-19T03:58:15.999Z</time><speed>8.317</speed><sat>8</sat></trkpt>
  <trkpt lat="13.82454599" lon="100.06216009"><ele>-22.951</ele><time>2025-01-19T03:58:16.999Z</time><speed>8.329</speed><sat>9</sat></trkpt>
  <trkpt lat="13.82454557" lon="100.06208225"><ele>-22.766</ele><time>2025-01-19T03:58:17.999Z</time><speed>8.307</speed><sat>10</sat></trkpt>
  <trkpt lat="13.82453098" lon="100.06198993"><ele>-21.744</ele><time>2025-01-19T03:58:18.999Z</time><speed>8.281</speed><sat>11</sat></trkpt>
  <trkpt lat="13.82453114" lon="100.06191247"><ele>-21.871</ele><time>2025-01-19T03:58:19.999Z</time><speed>8.075</speed><sat>9</sat></trkpt>
  <trkpt lat="13.82453129" lon="100.06184030"><ele>-22.496</ele><time>2025-01-19T03:58:20.999Z</time><speed>7.927</speed><sat>10</sat></trkpt>
  <trkpt lat="13.82452804" lon="100.06175887"><ele>-21.451</ele><time>2025-01-19T03:58:21.999Z</time><speed>8.108</speed><sat>10</sat></trkpt>
  <trkpt lat="13.82452100" lon="100.06167749"><ele>-20.917</ele><time>2025-01-19T03:58:22.999Z</time><speed>8.123</speed><sat>8</sat></trkpt>
  <trkpt lat="13.82451625" lon="100.06160257"><ele>-20.739</ele><time>2025-01-19T03:58:23.999Z</time><speed>8.150</speed><sat>7</sat></trkpt>
  <trkpt lat="13.82451173" lon="100.06153056"><ele>-20.378</ele><time>2025-01-19T03:58:24.999Z</time><speed>7.936</speed><sat>5</sat></trkpt>
  <trkpt lat="13.82450061" lon="100.06132059"><ele>-19.540</ele><time>2025-01-19T03:58:27.999Z</time><speed>7.687</speed><sat>5</sat></trkpt>
  <trkpt lat="13.82449330" lon="100.06124869"><ele>-20.004</ele><time>2025-01-19T03:58:28.999Z</time><speed>7.847</speed><sat>6</sat></trkpt>
  <trkpt lat="13.82448395" lon="100.06117818"><ele>-20.295</ele><time>2025-01-19T03:58:29.999Z</time><speed>7.787</speed><sat>7</sat></trkpt>
  <trkpt lat="13.82447645" lon="100.06111080"><ele>-20.593</ele><time>2025-01-19T03:58:30.999Z</time><speed>7.574</speed><sat>7</sat></trkpt>
  <trkpt lat="13.82447083" lon="100.06104733"><ele>-20.121</ele><time>2025-01-19T03:58:31.999Z</time><speed>7.508</speed><sat>5</sat></trkpt>
  <trkpt lat="13.82446426" lon="100.06090665"><ele>-18.210</ele><time>2025-01-19T03:58:33.999Z</time><speed>7.872</speed><sat>7</sat></trkpt>
  <trkpt lat="13.82446473" lon="100.06082678"><ele>-17.294</ele><time>2025-01-19T03:58:34.999Z</time><speed>8.165</speed><sat>10</sat></trkpt>
  <trkpt lat="13.82446669" lon="100.06075763"><ele>-16.715</ele><time>2025-01-19T03:58:35.999Z</time><speed>7.989</speed><sat>9</sat></trkpt>
  <trkpt lat="13.82444285" lon="100.06068945"><ele>-16.927</ele><time>2025-01-19T03:58:36.999Z</time><speed>7.747</speed><sat>8</sat></trkpt>
  <trkpt lat="13.82444717" lon="100.06061941"><ele>-16.478</ele><time>2025-01-19T03:58:37.999Z</time><speed>7.868</speed><sat>9</sat></trkpt>
  <trkpt lat="13.82445586" lon="100.06054626"><ele>-17.763</ele><time>2025-01-19T03:58:38.999Z</time><speed>8.131</speed><sat>9</sat></trkpt>
  <trkpt lat="13.82445880" lon="100.06048067"><ele>-18.514</ele><time>2025-01-19T03:58:39.999Z</time><speed>7.899</speed><sat>10</sat></trkpt>
  <trkpt lat="13.82445527" lon="100.06040345"><ele>-19.079</ele><time>2025-01-19T03:58:40.999Z</time><speed>8.417</speed><sat>11</sat></trkpt>
  <trkpt lat="13.82444616" lon="100.06033190"><ele>-19.367</ele><time>2025-01-19T03:58:41.999Z</time><speed>8.431</speed><sat>12</sat></trkpt>
  <trkpt lat="13.82444073" lon="100.06025784"><ele>-20.235</ele><time>2025-01-19T03:58:42.999Z</time><speed>8.204</speed><sat>12</sat></trkpt>
  <trkpt lat="13.82443438" lon="100.06018336"><ele>-20.752</ele><time>2025-01-19T03:58:43.999Z</time><speed>8.250</speed><sat>13</sat></trkpt>
  <trkpt lat="13.82443362" lon="100.06011444"><ele>-21.099</ele><time>2025-01-19T03:58:44.999Z</time><speed>8.326</speed><sat>12</sat></trkpt>
  <trkpt lat="13.82444301" lon="100.06003543"><ele>-21.113</ele><time>2025-01-19T03:58:45.999Z</time><speed>8.173</speed><sat>14</sat></trkpt>
  <trkpt lat="13.82443975" lon="100.05996113"><ele>-21.646</ele><time>2025-01-19T03:58:46.999Z</time><speed>7.961</speed><sat>12</sat></trkpt>
  <trkpt lat="13.82443698" lon="100.05988696"><ele>-21.596</ele><time>2025-01-19T03:58:47.999Z</time><speed>7.834</speed><sat>12</sat></trkpt>
  <trkpt lat="13.82443519" lon="100.05981542"><ele>-21.405</ele><time>2025-01-19T03:58:48.999Z</time><speed>7.705</speed><sat>12</sat></trkpt>
  <trkpt lat="13.82443486" lon="100.05974611"><ele>-22.426</ele><time>2025-01-19T03:58:49.999Z</time><speed>7.545</speed><sat>11</sat></trkpt>
  <trkpt lat="13.82443390" lon="100.05967715"><ele>-22.203</ele><time>2025-01-19T03:58:50.999Z</time><speed>7.432</speed><sat>11</sat></trkpt>
  <trkpt lat="13.82443253" lon="100.05961589"><ele>-21.498</ele><time>2025-01-19T03:58:51.999Z</time><speed>6.808</speed><sat>10</sat></trkpt>
  <trkpt lat="13.82443495" lon="100.05956223"><ele>-22.935</ele><time>2025-01-19T03:58:52.999Z</time><speed>6.756</speed><sat>11</sat></trkpt>
  <trkpt lat="13.82443340" lon="100.05951673"><ele>-23.449</ele><time>2025-01-19T03:58:53.999Z</time><speed>6.099</speed><sat>11</sat></trkpt>
  <trkpt lat="13.82443135" lon="100.05947721"><ele>-23.568</ele><time>2025-01-19T03:58:54.999Z</time><speed>6.126</speed><sat>11</sat></trkpt>
  <trkpt lat="13.82443159" lon="100.05943617"><ele>-23.842</ele><time>2025-01-19T03:58:55.999Z</time><speed>6.096</speed><sat>10</sat></trkpt>
  <trkpt lat="13.82443259" lon="100.05939075"><ele>-23.701</ele><time>2025-01-19T03:58:56.999Z</time><speed>6.054</speed><sat>10</sat></trkpt>
  <trkpt lat="13.82443670" lon="100.05933759"><ele>-23.652</ele><time>2025-01-19T03:58:57.999Z</time><speed>6.074</speed><sat>11</sat></trkpt>
  <trkpt lat="13.82443922" lon="100.05928602"><ele>-23.057</ele><time>2025-01-19T03:58:58.999Z</time><speed>5.970</speed><sat>10</sat></trkpt>
  <trkpt lat="13.82444131" lon="100.05923574"><ele>-22.680</ele><time>2025-01-19T03:58:59.999Z</time><speed>5.832</speed><sat>11</sat></trkpt>
  <trkpt lat="13.82444332" lon="100.05918468"><ele>-22.612</ele><time>2025-01-19T03:59:00.999Z</time><speed>5.714</speed><sat>11</sat></trkpt>
  <trkpt lat="13.82444511" lon="100.05913761"><ele>-22.654</ele><time>2025-01-19T03:59:01.999Z</time><speed>5.551</speed><sat>10</sat></trkpt>
  <trkpt lat="13.82444509" lon="100.05908928"><ele>-22.480</ele><time>2025-01-19T03:59:02.999Z</time><speed>5.523</speed><sat>9</sat></trkpt>
  <trkpt lat="13.82444550" lon="100.05904236"><ele>-22.512</ele><time>2025-01-19T03:59:03.999Z</time><speed>5.418</speed><sat>8</sat></trkpt>
  <trkpt lat="13.82444710" lon="100.05899572"><ele>-22.535</ele><time>2025-01-19T03:59:04.999Z</time><speed>5.293</speed><sat>8</sat></trkpt>
  <trkpt lat="13.82444959" lon="100.05895062"><ele>-22.349</ele><time>2025-01-19T03:59:05.999Z</time><speed>4.996</speed><sat>8</sat></trkpt>
  <trkpt lat="13.82444872" lon="100.05890947"><ele>-22.101</ele><time>2025-01-19T03:59:06.999Z</time><speed>4.610</speed><sat>9</sat></trkpt>
  <trkpt lat="13.82444967" lon="100.05886873"><ele>-22.285</ele><time>2025-01-19T03:59:07.999Z</time><speed>4.396</speed><sat>8</sat></trkpt>
  <trkpt lat="13.82444885" lon="100.05883052"><ele>-22.901</ele><time>2025-01-19T03:59:08.999Z</time><speed>4.065</speed><sat>8</sat></trkpt>
  <trkpt lat="13.82444959" lon="100.05878991"><ele>-23.448</ele><time>2025-01-19T03:59:09.999Z</time><speed>3.717</speed><sat>8</sat></trkpt>
  <trkpt lat="13.82444796" lon="100.05875014"><ele>-23.873</ele><time>2025-01-19T03:59:10.999Z</time><speed>3.187</speed><sat>6</sat></trkpt>
  <trkpt lat="13.82456305" lon="100.05822019"><ele>-19.488</ele><time>2025-01-19T04:00:02.999Z</time><speed>0.904</speed><sat>13</sat></trkpt>
  <trkpt lat="13.82456737" lon="100.05821287"><ele>-19.709</ele><time>2025-01-19T04:00:03.999Z</time><speed>0.557</speed><sat>13</sat></trkpt>
  <trkpt lat="13.82456389" lon="100.05820884"><ele>-19.827</ele><time>2025-01-19T04:00:04.999Z</time><speed>0.650</speed><sat>14</sat></trkpt>
  <trkpt lat="13.82456946" lon="100.05821021"><ele>-20.902</ele><time>2025-01-19T04:00:05.999Z</time><speed>0.641</speed><sat>11</sat></trkpt>
  <trkpt lat="13.82456496" lon="100.05820379"><ele>-20.537</ele><time>2025-01-19T04:00:06.999Z</time><speed>0.536</speed><sat>13</sat></trkpt>
  <trkpt lat="13.82455870" lon="100.05819540"><ele>-19.574</ele><time>2025-01-19T04:00:07.999Z</time><speed>0.448</speed><sat>15</sat></trkpt>
  <trkpt lat="13.82455397" lon="100.05818896"><ele>-19.481</ele><time>2025-01-19T04:00:08.999Z</time><speed>0.441</speed><sat>12</sat></trkpt>
  <trkpt lat="13.82455919" lon="100.05818620"><ele>-18.606</ele><time>2025-01-19T04:00:09.999Z</time><speed>0.000</speed><sat>11</sat></trkpt>
  <trkpt lat="13.82455919" lon="100.05818620"><ele>-18.857</ele><time>2025-01-19T04:00:10.999Z</time><speed>0.000</speed><sat>14</sat></trkpt>
  <trkpt lat="13.82455094" lon="100.05820302"><ele>-19.869</ele><time>2025-01-19T04:00:11.999Z</time><speed>0.351</speed><sat>17</sat></trkpt>
  <trkpt lat="13.82454395" lon="100.05820275"><ele>-22.287</ele><time>2025-01-19T04:00:12.999Z</time><speed>0.000</speed><sat>17</sat></trkpt>
  <trkpt lat="13.82452939" lon="100.05820015"><ele>-20.522</ele><time>2025-01-19T04:00:13.999Z</time><speed>0.347</speed><sat>15</sat></trkpt>
  <trkpt lat="13.82452719" lon="100.05818761"><ele>-19.236</ele><time>2025-01-19T04:00:14.999Z</time><speed>0.659</speed><sat>12</sat></trkpt>
  <trkpt lat="13.82452470" lon="100.05817917"><ele>-18.301</ele><time>2025-01-19T04:00:15.999Z</time><speed>0.365</speed><sat>10</sat></trkpt>
  <trkpt lat="13.82452083" lon="100.05817107"><ele>-17.389</ele><time>2025-01-19T04:00:16.999Z</time><speed>0.417</speed><sat>12</sat></trkpt>
  <trkpt lat="13.82451841" lon="100.05816462"><ele>-17.215</ele><time>2025-01-19T04:00:17.999Z</time><speed>0.000</speed><sat>11</sat></trkpt>
  <trkpt lat="13.82451754" lon="100.05816059"><ele>-17.038</ele><time>2025-01-19T04:00:18.999Z</time><speed>0.381</speed><sat>11</sat></trkpt>
  <trkpt lat="13.82451245" lon="100.05814812"><ele>-16.657</ele><time>2025-01-19T04:00:19.999Z</time><speed>0.551</speed><sat>19</sat></trkpt>
  <trkpt lat="13.82450517" lon="100.05814429"><ele>-16.191</ele><time>2025-01-19T04:00:20.999Z</time><speed>0.534</speed><sat>18</sat></trkpt>
  <trkpt lat="13.82449834" lon="100.05814443"><ele>-15.935</ele><time>2025-01-19T04:00:21.999Z</time><speed>0.643</speed><sat>15</sat></trkpt>
  <trkpt lat="13.82448949" lon="100.05815122"><ele>-15.930</ele><time>2025-01-19T04:00:22.999Z</time><speed>0.594</speed><sat>14</sat></trkpt>
  <trkpt lat="13.82448658" lon="100.05815294"><ele>-16.480</ele><time>2025-01-19T04:00:23.999Z</time><speed>0.640</speed><sat>19</sat></trkpt>
  <trkpt lat="13.82448204" lon="100.05815515"><ele>-16.526</ele><time>2025-01-19T04:00:24.999Z</time><speed>0.508</speed><sat>16</sat></trkpt>
  <trkpt lat="13.82447612" lon="100.05816371"><ele>-17.188</ele><time>2025-01-19T04:00:25.999Z</time><speed>0.638</speed><sat>18</sat></trkpt>
  <trkpt lat="13.82448120" lon="100.05818358"><ele>-18.323</ele><time>2025-01-19T04:00:26.999Z</time><speed>0.476</speed><sat>17</sat></trkpt>
  <trkpt lat="13.82448204" lon="100.05819234"><ele>-18.405</ele><time>2025-01-19T04:00:27.999Z</time><speed>0.444</speed><sat>19</sat></trkpt>
  <trkpt lat="13.82448171" lon="100.05819317"><ele>-17.492</ele><time>2025-01-19T04:00:28.999Z</time><speed>0.698</speed><sat>19</sat></trkpt>
  <trkpt lat="13.82447629" lon="100.05819617"><ele>-16.780</ele><time>2025-01-19T04:00:29.999Z</time><speed>1.042</speed><sat>16</sat></trkpt>
  <trkpt lat="13.82446961" lon="100.05818711"><ele>-16.396</ele><time>2025-01-19T04:00:30.999Z</time><speed>1.050</speed><sat>13</sat></trkpt>
  <trkpt lat="13.82446508" lon="100.05817953"><ele>-16.148</ele><time>2025-01-19T04:00:31.999Z</time><speed>1.190</speed><sat>12</sat></trkpt>
  <trkpt lat="13.82446251" lon="100.05817028"><ele>-15.663</ele><time>2025-01-19T04:00:32.999Z</time><speed>1.224</speed><sat>9</sat></trkpt>
  <trkpt lat="13.82445912" lon="100.05816284"><ele>-15.578</ele><time>2025-01-19T04:00:33.999Z</time><speed>1.108</speed><sat>8</sat></trkpt>
  <trkpt lat="13.82445225" lon="100.05815776"><ele>-15.785</ele><time>2025-01-19T04:00:34.999Z</time><speed>0.862</speed><sat>6</sat></trkpt>
  <trkpt lat="13.82444566" lon="100.05815173"><ele>-15.764</ele><time>2025-01-19T04:00:35.999Z</time><speed>0.676</speed><sat>5</sat></trkpt>
  <trkpt lat="13.82443953" lon="100.05815006"><ele>-15.703</ele><time>2025-01-19T04:00:36.999Z</time><speed>0.000</speed><sat>5</sat></trkpt>
  <trkpt lat="13.82443953" lon="100.05815006"><ele>-14.727</ele><time>2025-01-19T04:00:37.999Z</time><speed>0.000</speed><sat>7</sat></trkpt>
  <trkpt lat="13.82443953" lon="100.05815006"><ele>-14.327</ele><time>2025-01-19T04:00:38.999Z</time><speed>0.000</speed><sat>6</sat></trkpt>
  <trkpt lat="13.82443953" lon="100.05815006"><ele>-14.264</ele><time>2025-01-19T04:00:39.999Z</time><speed>0.000</speed><sat>5</sat></trkpt>
  <trkpt lat="13.82443465" lon="100.05810956"><ele>-14.348</ele><time>2025-01-19T04:00:40.999Z</time><speed>0.810</speed><sat>6</sat></trkpt>
  <trkpt lat="13.82440956" lon="100.05811075"><ele>-16.011</ele><time>2025-01-19T04:00:41.999Z</time><speed>0.836</speed><sat>7</sat></trkpt>
  <trkpt lat="13.82440683" lon="100.05810513"><ele>-16.469</ele><time>2025-01-19T04:00:42.999Z</time><speed>0.815</speed><sat>5</sat></trkpt>
  <trkpt lat="13.82436081" lon="100.05808906"><ele>-18.814</ele><time>2025-01-19T04:00:43.999Z</time><speed>0.425</speed><sat>8</sat></trkpt>
  <trkpt lat="13.82433371" lon="100.05808696"><ele>-22.154</ele><time>2025-01-19T04:00:44.999Z</time><speed>0.000</speed><sat>9</sat></trkpt>
  <trkpt lat="13.82433371" lon="100.05808696"><ele>-27.129</ele><time>2025-01-19T04:00:45.999Z</time><speed>0.000</speed><sat>10</sat></trkpt>
  <trkpt lat="13.82433371" lon="100.05808696"><ele>-28.813</ele><time>2025-01-19T04:00:46.999Z</time><speed>0.000</speed><sat>12</sat></trkpt>
  <trkpt lat="13.82433371" lon="100.05808696"><ele>-30.627</ele><time>2025-01-19T04:00:47.999Z</time><speed>0.000</speed><sat>12</sat></trkpt>
  <trkpt lat="13.82433371" lon="100.05808696"><ele>-31.650</ele><time>2025-01-19T04:00:48.999Z</time><speed>0.000</speed><sat>10</sat></trkpt>
  <trkpt lat="13.82426306" lon="100.05815804"><ele>-32.367</ele><time>2025-01-19T04:00:49.999Z</time><speed>0.000</speed><sat>14</sat></trkpt>
  <trkpt lat="13.82426306" lon="100.05815804"><ele>-33.124</ele><time>2025-01-19T04:00:50.999Z</time><speed>0.000</speed><sat>14</sat></trkpt>
  <trkpt lat="13.82426306" lon="100.05815804"><ele>-33.146</ele><time>2025-01-19T04:00:51.999Z</time><speed>0.000</speed><sat>16</sat></trkpt>
  <trkpt lat="13.82426306" lon="100.05815804"><ele>-32.922</ele><time>2025-01-19T04:00:52.999Z</time><speed>0.000</speed><sat>14</sat></trkpt>
  <trkpt lat="13.82426306" lon="100.05815804"><ele>-32.335</ele><time>2025-01-19T04:00:53.999Z</time><speed>0.000</speed><sat>13</sat></trkpt>
  <trkpt lat="13.82426306" lon="100.05815804"><ele>-31.447</ele><time>2025-01-19T04:00:54.999Z</time><speed>0.000</speed><sat>12</sat></trkpt>
  <trkpt lat="13.82420659" lon="100.05817174"><ele>-30.800</ele><time>2025-01-19T04:00:55.999Z</time><speed>0.438</speed><sat>15</sat></trkpt>
  <trkpt lat="13.82420824" lon="100.05817216"><ele>-29.982</ele><time>2025-01-19T04:00:56.999Z</time><speed>0.000</speed><sat>14</sat></trkpt>
  <trkpt lat="13.82420824" lon="100.05817216"><ele>-29.770</ele><time>2025-01-19T04:00:57.999Z</time><speed>0.000</speed><sat>15</sat></trkpt>
  <trkpt lat="13.82420311" lon="100.05817756"><ele>-29.558</ele><time>2025-01-19T04:00:58.999Z</time><speed>0.346</speed><sat>10</sat></trkpt>
  <trkpt lat="13.82420443" lon="100.05818168"><ele>-29.584</ele><time>2025-01-19T04:00:59.999Z</time><speed>0.362</speed><sat>10</sat></trkpt>
  <trkpt lat="13.82420654" lon="100.05818769"><ele>-29.648</ele><time>2025-01-19T04:01:00.999Z</time><speed>0.436</speed><sat>10</sat></trkpt>
  <trkpt lat="13.82420828" lon="100.05819705"><ele>-29.686</ele><time>2025-01-19T04:01:01.999Z</time><speed>0.961</speed><sat>9</sat></trkpt>
  <trkpt lat="13.82420626" lon="100.05820826"><ele>-29.740</ele><time>2025-01-19T04:01:02.999Z</time><speed>0.938</speed><sat>9</sat></trkpt>
  <trkpt lat="13.82419964" lon="100.05822011"><ele>-29.718</ele><time>2025-01-19T04:01:03.999Z</time><speed>0.567</speed><sat>9</sat></trkpt>
  <trkpt lat="13.82419729" lon="100.05822580"><ele>-29.496</ele><time>2025-01-19T04:01:04.999Z</time><speed>0.527</speed><sat>9</sat></trkpt>
  <trkpt lat="13.82419562" lon="100.05822740"><ele>-29.252</ele><time>2025-01-19T04:01:05.999Z</time><speed>0.725</speed><sat>9</sat></trkpt>
  <trkpt lat="13.82419798" lon="100.05823184"><ele>-29.290</ele><time>2025-01-19T04:01:06.999Z</time><speed>0.749</speed><sat>9</sat></trkpt>
  <trkpt lat="13.82419710" lon="100.05823210"><ele>-29.325</ele><time>2025-01-19T04:01:07.999Z</time><speed>0.513</speed><sat>9</sat></trkpt>
  <trkpt lat="13.82419370" lon="100.05823251"><ele>-29.185</ele><time>2025-01-19T04:01:08.999Z</time><speed>0.636</speed><sat>8</sat></trkpt>
  <trkpt lat="13.82418959" lon="100.05823805"><ele>-29.191</ele><time>2025-01-19T04:01:09.999Z</time><speed>0.718</speed><sat>8</sat></trkpt>
  <trkpt lat="13.82419145" lon="100.05825196"><ele>-29.173</ele><time>2025-01-19T04:01:10.999Z</time><speed>0.506</speed><sat>8</sat></trkpt>
  <trkpt lat="13.82419028" lon="100.05826262"><ele>-29.598</ele><time>2025-01-19T04:01:11.999Z</time><speed>0.866</speed><sat>10</sat></trkpt>
  <trkpt lat="13.82418401" lon="100.05827135"><ele>-29.589</ele><time>2025-01-19T04:01:12.999Z</time><speed>0.891</speed><sat>10</sat></trkpt>
  <trkpt lat="13.82418777" lon="100.05827522"><ele>-29.658</ele><time>2025-01-19T04:01:13.999Z</time><speed>0.850</speed><sat>10</sat></trkpt>
  <trkpt lat="13.82419047" lon="100.05828252"><ele>-29.915</ele><time>2025-01-19T04:01:14.999Z</time><speed>1.016</speed><sat>10</sat></trkpt>
  <trkpt lat="13.82418875" lon="100.05829343"><ele>-30.283</ele><time>2025-01-19T04:01:15.999Z</time><speed>0.990</speed><sat>11</sat></trkpt>
  <trkpt lat="13.82418579" lon="100.05830279"><ele>-30.272</ele><time>2025-01-19T04:01:16.999Z</time><speed>0.785</speed><sat>9</sat></trkpt>
  <trkpt lat="13.82418450" lon="100.05831419"><ele>-30.692</ele><time>2025-01-19T04:01:17.999Z</time><speed>0.720</speed><sat>10</sat></trkpt>
  <trkpt lat="13.82418391" lon="100.05831976"><ele>-31.623</ele><time>2025-01-19T04:01:18.999Z</time><speed>0.652</speed><sat>11</sat></trkpt>
  <trkpt lat="13.82418165" lon="100.05833210"><ele>-32.455</ele><time>2025-01-19T04:01:19.999Z</time><speed>0.614</speed><sat>11</sat></trkpt>
  <trkpt lat="13.82417696" lon="100.05834400"><ele>-32.785</ele><time>2025-01-19T04:01:20.999Z</time><speed>0.755</speed><sat>11</sat></trkpt>
  <trkpt lat="13.82417142" lon="100.05835916"><ele>-32.983</ele><time>2025-01-19T04:01:21.999Z</time><speed>0.978</speed><sat>9</sat></trkpt>
  <trkpt lat="13.82416454" lon="100.05837239"><ele>-32.977</ele><time>2025-01-19T04:01:22.999Z</time><speed>0.709</speed><sat>12</sat></trkpt>
  <trkpt lat="13.82415935" lon="100.05838370"><ele>-32.847</ele><time>2025-01-19T04:01:23.999Z</time><speed>0.497</speed><sat>12</sat></trkpt>
  <trkpt lat="13.82415385" lon="100.05839811"><ele>-32.752</ele><time>2025-01-19T04:01:24.999Z</time><speed>0.603</speed><sat>11</sat></trkpt>
  <trkpt lat="13.82414895" lon="100.05841010"><ele>-33.065</ele><time>2025-01-19T04:01:25.999Z</time><speed>0.462</speed><sat>12</sat></trkpt>
  <trkpt lat="13.82414651" lon="100.05843221"><ele>-32.398</ele><time>2025-01-19T04:01:26.999Z</time><speed>0.554</speed><sat>12</sat></trkpt>
  <trkpt lat="13.82415140" lon="100.05844894"><ele>-32.285</ele><time>2025-01-19T04:01:27.999Z</time><speed>0.718</speed><sat>12</sat></trkpt>
  <trkpt lat="13.82415221" lon="100.05846849"><ele>-32.339</ele><time>2025-01-19T04:01:28.999Z</time><speed>0.733</speed><sat>11</sat></trkpt>
  <trkpt lat="13.82415150" lon="100.05849149"><ele>-31.547</ele><time>2025-01-19T04:01:29.999Z</time><speed>0.630</speed><sat>12</sat></trkpt>
  <trkpt lat="13.82415090" lon="100.05851234"><ele>-30.794</ele><time>2025-01-19T04:01:30.999Z</time><speed>0.456</speed><sat>13</sat></trkpt>
  <trkpt lat="13.82415061" lon="100.05852349"><ele>-30.583</ele><time>2025-01-19T04:01:31.999Z</time><speed>0.426</speed><sat>13</sat></trkpt>
  <trkpt lat="13.82414913" lon="100.05852987"><ele>-29.615</ele><time>2025-01-19T04:01:32.999Z</time><speed>0.000</speed><sat>14</sat></trkpt>
  <trkpt lat="13.82414913" lon="100.05852987"><ele>-29.024</ele><time>2025-01-19T04:01:33.999Z</time><speed>0.000</speed><sat>14</sat></trkpt>
  <trkpt lat="13.82414913" lon="100.05852987"><ele>-29.563</ele><time>2025-01-19T04:01:34.999Z</time><speed>0.000</speed><sat>16</sat></trkpt>
  <trkpt lat="13.82414913" lon="100.05852987"><ele>-27.518</ele><time>2025-01-19T04:01:35.999Z</time><speed>0.000</speed><sat>17</sat></trkpt>
  <trkpt lat="13.82414913" lon="100.05852987"><ele>-26.796</ele><time>2025-01-19T04:01:36.999Z</time><speed>0.000</speed><sat>19</sat></trkpt>
  <trkpt lat="13.82414913" lon="100.05852987"><ele>-26.768</ele><time>2025-01-19T04:01:37.999Z</time><speed>0.000</speed><sat>19</sat></trkpt>
  <trkpt lat="13.82414913" lon="100.05852987"><ele>-26.949</ele><time>2025-01-19T04:01:38.999Z</time><speed>0.000</speed><sat>19</sat></trkpt>
  <trkpt lat="13.82414394" lon="100.05856618"><ele>-27.110</ele><time>2025-01-19T04:01:39.999Z</time><speed>0.381</speed><sat>16</sat></trkpt>
  <trkpt lat="13.82415220" lon="100.05857307"><ele>-27.312</ele><time>2025-01-19T04:01:40.999Z</time><speed>0.465</speed><sat>16</sat></trkpt>
  <trkpt lat="13.82416283" lon="100.05857613"><ele>-27.438</ele><time>2025-01-19T04:01:41.999Z</time><speed>0.297</speed><sat>15</sat></trkpt>
  <trkpt lat="13.82417523" lon="100.05858172"><ele>-27.844</ele><time>2025-01-19T04:01:42.999Z</time><speed>0.000</speed><sat>16</sat></trkpt>
  <trkpt lat="13.82417523" lon="100.05858172"><ele>-28.453</ele><time>2025-01-19T04:01:43.999Z</time><speed>0.000</speed><sat>15</sat></trkpt>
  <trkpt lat="13.82417523" lon="100.05858172"><ele>-28.646</ele><time>2025-01-19T04:01:44.999Z</time><speed>0.000</speed><sat>18</sat></trkpt>
  <trkpt lat="13.82417523" lon="100.05858172"><ele>-28.903</ele><time>2025-01-19T04:01:45.999Z</time><speed>0.000</speed><sat>18</sat></trkpt>
  <trkpt lat="13.82417523" lon="100.05858172"><ele>-28.834</ele><time>2025-01-19T04:01:46.999Z</time><speed>0.000</speed><sat>17</sat></trkpt>
  <trkpt lat="13.82417523" lon="100.05858172"><ele>-28.196</ele><time>2025-01-19T04:01:47.999Z</time><speed>0.000</speed><sat>18</sat></trkpt>
  <trkpt lat="13.82417523" lon="100.05858172"><ele>-27.725</ele><time>2025-01-19T04:01:48.999Z</time><speed>0.000</speed><sat>21</sat></trkpt>
  <trkpt lat="13.82417523" lon="100.05858172"><ele>-27.299</ele><time>2025-01-19T04:01:49.999Z</time><speed>0.000</speed><sat>21</sat></trkpt>
  <trkpt lat="13.82417523" lon="100.05858172"><ele>-27.073</ele><time>2025-01-19T04:01:50.999Z</time><speed>0.000</speed><sat>21</sat></trkpt>
  <trkpt lat="13.82417523" lon="100.05858172"><ele>-27.160</ele><time>2025-01-19T04:01:51.999Z</time><speed>0.000</speed><sat>21</sat></trkpt>
  <trkpt lat="13.82417523" lon="100.05858172"><ele>-26.640</ele><time>2025-01-19T04:01:52.999Z</time><speed>0.000</speed><sat>22</sat></trkpt>
  <trkpt lat="13.82417523" lon="100.05858172"><ele>-27.411</ele><time>2025-01-19T04:01:53.999Z</time><speed>0.000</speed><sat>22</sat></trkpt>
  <trkpt lat="13.82417523" lon="100.05858172"><ele>-27.951</ele><time>2025-01-19T04:01:54.999Z</time><speed>0.000</speed><sat>21</sat></trkpt>
  <trkpt lat="13.82417523" lon="100.05858172"><ele>-28.287</ele><time>2025-01-19T04:01:55.999Z</time><speed>0.000</speed><sat>21</sat></trkpt>
  <trkpt lat="13.82419734" lon="100.05860469"><ele>-27.840</ele><time>2025-01-19T04:01:56.999Z</time><speed>0.632</speed><sat>22</sat></trkpt>
  <trkpt lat="13.82420499" lon="100.05861124"><ele>-27.517</ele><time>2025-01-19T04:01:57.999Z</time><speed>0.851</speed><sat>22</sat></trkpt>
  <trkpt lat="13.82421041" lon="100.05862538"><ele>-27.030</ele><time>2025-01-19T04:01:58.999Z</time><speed>1.037</speed><sat>24</sat></trkpt>
  <trkpt lat="13.82421486" lon="100.05863491"><ele>-26.771</ele><time>2025-01-19T04:01:59.999Z</time><speed>0.985</speed><sat>24</sat></trkpt>
  <trkpt lat="13.82421839" lon="100.05865044"><ele>-26.588</ele><time>2025-01-19T04:02:00.999Z</time><speed>1.039</speed><sat>26</sat></trkpt>
  <trkpt lat="13.82422051" lon="100.05866015"><ele>-25.605</ele><time>2025-01-19T04:02:01.999Z</time><speed>1.362</speed><sat>24</sat></trkpt>
  <trkpt lat="13.82422490" lon="100.05867244"><ele>-25.119</ele><time>2025-01-19T04:02:02.999Z</time><speed>0.755</speed><sat>24</sat></trkpt>
  <trkpt lat="13.82423404" lon="100.05867554"><ele>-25.720</ele><time>2025-01-19T04:02:03.999Z</time><speed>0.654</speed><sat>25</sat></trkpt>
  <trkpt lat="13.82424535" lon="100.05866722"><ele>-25.752</ele><time>2025-01-19T04:02:04.999Z</time><speed>0.571</speed><sat>25</sat></trkpt>
  <trkpt lat="13.82425702" lon="100.05865689"><ele>-25.632</ele><time>2025-01-19T04:02:05.999Z</time><speed>0.710</speed><sat>25</sat></trkpt>
  <trkpt lat="13.82426995" lon="100.05864925"><ele>-25.438</ele><time>2025-01-19T04:02:06.999Z</time><speed>0.704</speed><sat>26</sat></trkpt>
  <trkpt lat="13.82428334" lon="100.05864646"><ele>-25.929</ele><time>2025-01-19T04:02:07.999Z</time><speed>0.873</speed><sat>26</sat></trkpt>
  <trkpt lat="13.82429276" lon="100.05864335"><ele>-26.348</ele><time>2025-01-19T04:02:08.999Z</time><speed>0.682</speed><sat>25</sat></trkpt>
  <trkpt lat="13.82430222" lon="100.05863190"><ele>-26.622</ele><time>2025-01-19T04:02:09.999Z</time><speed>0.540</speed><sat>26</sat></trkpt>
  <trkpt lat="13.82431188" lon="100.05862739"><ele>-26.834</ele><time>2025-01-19T04:02:10.999Z</time><speed>0.801</speed><sat>26</sat></trkpt>
  <trkpt lat="13.82432489" lon="100.05862432"><ele>-27.324</ele><time>2025-01-19T04:02:11.999Z</time><speed>0.969</speed><sat>26</sat></trkpt>
  <trkpt lat="13.82433299" lon="100.05862279"><ele>-27.825</ele><time>2025-01-19T04:02:12.999Z</time><speed>0.728</speed><sat>26</sat></trkpt>
  <trkpt lat="13.82434574" lon="100.05862911"><ele>-27.322</ele><time>2025-01-19T04:02:13.999Z</time><speed>0.391</speed><sat>26</sat></trkpt>
  <trkpt lat="13.82435391" lon="100.05863919"><ele>-27.102</ele><time>2025-01-19T04:02:14.999Z</time><speed>0.497</speed><sat>27</sat></trkpt>
  <trkpt lat="13.82435651" lon="100.05864982"><ele>-26.663</ele><time>2025-01-19T04:02:15.999Z</time><speed>0.839</speed><sat>27</sat></trkpt>
  <trkpt lat="13.82435873" lon="100.05866065"><ele>-26.582</ele><time>2025-01-19T04:02:16.999Z</time><speed>0.837</speed><sat>26</sat></trkpt>
  <trkpt lat="13.82433625" lon="100.05867282"><ele>-27.098</ele><time>2025-01-19T04:02:17.999Z</time><speed>1.003</speed><sat>26</sat></trkpt>
  <trkpt lat="13.82431133" lon="100.05867757"><ele>-26.741</ele><time>2025-01-19T04:02:18.999Z</time><speed>1.066</speed><sat>26</sat></trkpt>
  <trkpt lat="13.82429352" lon="100.05867855"><ele>-26.765</ele><time>2025-01-19T04:02:19.999Z</time><speed>0.912</speed><sat>25</sat></trkpt>
  <trkpt lat="13.82427298" lon="100.05867880"><ele>-26.351</ele><time>2025-01-19T04:02:20.999Z</time><speed>0.810</speed><sat>26</sat></trkpt>
  <trkpt lat="13.82426708" lon="100.05867617"><ele>-27.038</ele><time>2025-01-19T04:02:21.999Z</time><speed>0.280</speed><sat>24</sat></trkpt>
  <trkpt lat="13.82425904" lon="100.05867328"><ele>-26.905</ele><time>2025-01-19T04:02:22.999Z</time><speed>0.524</speed><sat>24</sat></trkpt>
  <trkpt lat="13.82424779" lon="100.05866913"><ele>-26.604</ele><time>2025-01-19T04:02:23.999Z</time><speed>0.441</speed><sat>27</sat></trkpt>
  <trkpt lat="13.82422804" lon="100.05866422"><ele>-26.190</ele><time>2025-01-19T04:02:24.999Z</time><speed>0.648</speed><sat>26</sat></trkpt>
  <trkpt lat="13.82421487" lon="100.05866136"><ele>-25.884</ele><time>2025-01-19T04:02:25.999Z</time><speed>0.436</speed><sat>23</sat></trkpt>
  <trkpt lat="13.82419886" lon="100.05865625"><ele>-24.448</ele><time>2025-01-19T04:02:26.999Z</time><speed>0.774</speed><sat>26</sat></trkpt>
  <trkpt lat="13.82418990" lon="100.05865196"><ele>-24.207</ele><time>2025-01-19T04:02:27.999Z</time><speed>0.593</speed><sat>25</sat></trkpt>
  <trkpt lat="13.82418256" lon="100.05865451"><ele>-24.055</ele><time>2025-01-19T04:02:28.999Z</time><speed>0.435</speed><sat>26</sat></trkpt>
  <trkpt lat="13.82417654" lon="100.05865776"><ele>-23.924</ele><time>2025-01-19T04:02:29.999Z</time><speed>0.485</speed><sat>25</sat></trkpt>
  <trkpt lat="13.82417417" lon="100.05866217"><ele>-24.343</ele><time>2025-01-19T04:02:30.999Z</time><speed>0.528</speed><sat>25</sat></trkpt>
  <trkpt lat="13.82417530" lon="100.05866821"><ele>-24.013</ele><time>2025-01-19T04:02:31.999Z</time><speed>0.000</speed><sat>26</sat></trkpt>
  <trkpt lat="13.82417086" lon="100.05866914"><ele>-24.273</ele><time>2025-01-19T04:02:32.999Z</time><speed>0.373</speed><sat>25</sat></trkpt>
  <trkpt lat="13.82416257" lon="100.05867713"><ele>-24.700</ele><time>2025-01-19T04:02:33.999Z</time><speed>0.424</speed><sat>26</sat></trkpt>
  <trkpt lat="13.82415782" lon="100.05868156"><ele>-25.348</ele><time>2025-01-19T04:02:34.999Z</time><speed>0.000</speed><sat>24</sat></trkpt>
  <trkpt lat="13.82415565" lon="100.05868735"><ele>-25.588</ele><time>2025-01-19T04:02:35.999Z</time><speed>0.451</speed><sat>25</sat></trkpt>
  <trkpt lat="13.82414204" lon="100.05869460"><ele>-25.917</ele><time>2025-01-19T04:02:36.999Z</time><speed>0.726</speed><sat>22</sat></trkpt>
  <trkpt lat="13.82413259" lon="100.05869984"><ele>-26.233</ele><time>2025-01-19T04:02:37.999Z</time><speed>0.782</speed><sat>24</sat></trkpt>
  <trkpt lat="13.82412180" lon="100.05870768"><ele>-26.564</ele><time>2025-01-19T04:02:38.999Z</time><speed>0.651</speed><sat>23</sat></trkpt>
  <trkpt lat="13.82411684" lon="100.05871366"><ele>-26.825</ele><time>2025-01-19T04:02:39.999Z</time><speed>0.501</speed><sat>24</sat></trkpt>
  <trkpt lat="13.82410853" lon="100.05871755"><ele>-27.031</ele><time>2025-01-19T04:02:40.999Z</time><speed>0.635</speed><sat>22</sat></trkpt>
  <trkpt lat="13.82410583" lon="100.05872252"><ele>-27.015</ele><time>2025-01-19T04:02:41.999Z</time><speed>0.682</speed><sat>23</sat></trkpt>
  <trkpt lat="13.82410875" lon="100.05873341"><ele>-26.303</ele><time>2025-01-19T04:02:42.999Z</time><speed>0.459</speed><sat>23</sat></trkpt>
  <trkpt lat="13.82411060" lon="100.05874800"><ele>-25.813</ele><time>2025-01-19T04:02:43.999Z</time><speed>0.613</speed><sat>23</sat></trkpt>
  <trkpt lat="13.82410737" lon="100.05876420"><ele>-25.699</ele><time>2025-01-19T04:02:44.999Z</time><speed>0.978</speed><sat>23</sat></trkpt>
  <trkpt lat="13.82410235" lon="100.05878218"><ele>-25.473</ele><time>2025-01-19T04:02:45.999Z</time><speed>1.067</speed><sat>23</sat></trkpt>
  <trkpt lat="13.82410626" lon="100.05880262"><ele>-25.155</ele><time>2025-01-19T04:02:46.999Z</time><speed>0.996</speed><sat>22</sat></trkpt>
  <trkpt lat="13.82411108" lon="100.05881885"><ele>-24.154</ele><time>2025-01-19T04:02:47.999Z</time><speed>0.986</speed><sat>21</sat></trkpt>
  <trkpt lat="13.82411767" lon="100.05883037"><ele>-24.283</ele><time>2025-01-19T04:02:48.999Z</time><speed>0.786</speed><sat>22</sat></trkpt>
  <trkpt lat="13.82412482" lon="100.05884025"><ele>-24.585</ele><time>2025-01-19T04:02:49.999Z</time><speed>0.644</speed><sat>22</sat></trkpt>
  <trkpt lat="13.82413410" lon="100.05885308"><ele>-24.272</ele><time>2025-01-19T04:02:50.999Z</time><speed>0.665</speed><sat>22</sat></trkpt>
  <trkpt lat="13.82413881" lon="100.05886802"><ele>-24.070</ele><time>2025-01-19T04:02:51.999Z</time><speed>0.872</speed><sat>21</sat></trkpt>
  <trkpt lat="13.82414450" lon="100.05888206"><ele>-23.369</ele><time>2025-01-19T04:02:52.999Z</time><speed>0.773</speed><sat>22</sat></trkpt>
  <trkpt lat="13.82414411" lon="100.05889178"><ele>-22.809</ele><time>2025-01-19T04:02:53.999Z</time><speed>0.828</speed><sat>22</sat></trkpt>
  <trkpt lat="13.82414619" lon="100.05890176"><ele>-22.351</ele><time>2025-01-19T04:02:54.999Z</time><speed>1.009</speed><sat>22</sat></trkpt>
  <trkpt lat="13.82414681" lon="100.05891283"><ele>-21.897</ele><time>2025-01-19T04:02:55.999Z</time><speed>0.602</speed><sat>21</sat></trkpt>
  <trkpt lat="13.82414645" lon="100.05892194"><ele>-21.773</ele><time>2025-01-19T04:02:56.999Z</time><speed>0.924</speed><sat>23</sat></trkpt>
  <trkpt lat="13.82415519" lon="100.05892878"><ele>-21.475</ele><time>2025-01-19T04:02:57.999Z</time><speed>1.021</speed><sat>22</sat></trkpt>
  <trkpt lat="13.82416223" lon="100.05893847"><ele>-20.942</ele><time>2025-01-19T04:02:58.999Z</time><speed>0.917</speed><sat>20</sat></trkpt>
  <trkpt lat="13.82417257" lon="100.05895125"><ele>-20.689</ele><time>2025-01-19T04:02:59.999Z</time><speed>1.165</speed><sat>24</sat></trkpt>
  <trkpt lat="13.82418192" lon="100.05896400"><ele>-19.662</ele><time>2025-01-19T04:03:00.999Z</time><speed>1.170</speed><sat>24</sat></trkpt>
  <trkpt lat="13.82418797" lon="100.05897448"><ele>-19.090</ele><time>2025-01-19T04:03:01.999Z</time><speed>0.985</speed><sat>22</sat></trkpt>
  <trkpt lat="13.82419448" lon="100.05898272"><ele>-18.707</ele><time>2025-01-19T04:03:02.999Z</time><speed>0.740</speed><sat>23</sat></trkpt>
  <trkpt lat="13.82419978" lon="100.05898919"><ele>-17.976</ele><time>2025-01-19T04:03:03.999Z</time><speed>0.637</speed><sat>23</sat></trkpt>
  <trkpt lat="13.82420224" lon="100.05899593"><ele>-17.622</ele><time>2025-01-19T04:03:04.999Z</time><speed>1.006</speed><sat>23</sat></trkpt>
  <trkpt lat="13.82420203" lon="100.05900438"><ele>-17.422</ele><time>2025-01-19T04:03:05.999Z</time><speed>1.122</speed><sat>23</sat></trkpt>
  <trkpt lat="13.82420145" lon="100.05901285"><ele>-17.499</ele><time>2025-01-19T04:03:06.999Z</time><speed>1.207</speed><sat>23</sat></trkpt>
  <trkpt lat="13.82420580" lon="100.05902470"><ele>-17.191</ele><time>2025-01-19T04:03:07.999Z</time><speed>1.091</speed><sat>23</sat></trkpt>
  <trkpt lat="13.82421288" lon="100.05904020"><ele>-17.488</ele><time>2025-01-19T04:03:08.999Z</time><speed>1.076</speed><sat>23</sat></trkpt>
  <trkpt lat="13.82421769" lon="100.05905371"><ele>-17.724</ele><time>2025-01-19T04:03:09.999Z</time><speed>1.272</speed><sat>22</sat></trkpt>
  <trkpt lat="13.82421369" lon="100.05907288"><ele>-17.713</ele><time>2025-01-19T04:03:10.999Z</time><speed>0.911</speed><sat>21</sat></trkpt>
  <trkpt lat="13.82420432" lon="100.05908819"><ele>-18.387</ele><time>2025-01-19T04:03:11.999Z</time><speed>0.963</speed><sat>22</sat></trkpt>
  <trkpt lat="13.82419962" lon="100.05910675"><ele>-18.702</ele><time>2025-01-19T04:03:12.999Z</time><speed>0.961</speed><sat>21</sat></trkpt>
  <trkpt lat="13.82418614" lon="100.05912258"><ele>-19.195</ele><time>2025-01-19T04:03:13.999Z</time><speed>0.584</speed><sat>24</sat></trkpt>
  <trkpt lat="13.82417696" lon="100.05912739"><ele>-18.439</ele><time>2025-01-19T04:03:14.999Z</time><speed>0.503</speed><sat>24</sat></trkpt>
  <trkpt lat="13.82417278" lon="100.05913890"><ele>-18.668</ele><time>2025-01-19T04:03:15.999Z</time><speed>0.532</speed><sat>24</sat></trkpt>
  <trkpt lat="13.82417101" lon="100.05914994"><ele>-18.845</ele><time>2025-01-19T04:03:16.999Z</time><speed>0.506</speed><sat>23</sat></trkpt>
  <trkpt lat="13.82416801" lon="100.05915427"><ele>-18.615</ele><time>2025-01-19T04:03:17.999Z</time><speed>0.000</speed><sat>24</sat></trkpt>
  <trkpt lat="13.82416063" lon="100.05916252"><ele>-18.079</ele><time>2025-01-19T04:03:18.999Z</time><speed>0.738</speed><sat>23</sat></trkpt>
  <trkpt lat="13.82415818" lon="100.05915545"><ele>-18.110</ele><time>2025-01-19T04:03:19.999Z</time><speed>0.000</speed><sat>23</sat></trkpt>
  <trkpt lat="13.82415818" lon="100.05915545"><ele>-19.133</ele><time>2025-01-19T04:03:20.999Z</time><speed>0.000</speed><sat>23</sat></trkpt>
  <trkpt lat="13.82415818" lon="100.05915545"><ele>-19.549</ele><time>2025-01-19T04:03:21.999Z</time><speed>0.000</speed><sat>23</sat></trkpt>
  <trkpt lat="13.82415818" lon="100.05915545"><ele>-20.186</ele><time>2025-01-19T04:03:22.999Z</time><speed>0.000</speed><sat>23</sat></trkpt>
  <trkpt lat="13.82415818" lon="100.05915545"><ele>-20.375</ele><time>2025-01-19T04:03:23.999Z</time><speed>0.000</speed><sat>24</sat></trkpt>
  <trkpt lat="13.82415818" lon="100.05915545"><ele>-20.462</ele><time>2025-01-19T04:03:24.999Z</time><speed>0.000</speed><sat>22</sat></trkpt>
  <trkpt lat="13.82415818" lon="100.05915545"><ele>-20.286</ele><time>2025-01-19T04:03:25.999Z</time><speed>0.000</speed><sat>23</sat></trkpt>
  <trkpt lat="13.82415736" lon="100.05913049"><ele>-20.411</ele><time>2025-01-19T04:03:26.999Z</time><speed>0.486</speed><sat>24</sat></trkpt>
  <trkpt lat="13.82415951" lon="100.05911311"><ele>-20.438</ele><time>2025-01-19T04:03:27.999Z</time><speed>0.534</speed><sat>23</sat></trkpt>
  <trkpt lat="13.82415385" lon="100.05909756"><ele>-20.667</ele><time>2025-01-19T04:03:28.999Z</time><speed>0.656</speed><sat>24</sat></trkpt>
  <trkpt lat="13.82414447" lon="100.05908451"><ele>-20.798</ele><time>2025-01-19T04:03:29.999Z</time><speed>0.438</speed><sat>22</sat></trkpt>
  <trkpt lat="13.82412866" lon="100.05908780"><ele>-21.462</ele><time>2025-01-19T04:03:30.999Z</time><speed>0.000</speed><sat>22</sat></trkpt>
  <trkpt lat="13.82412866" lon="100.05908780"><ele>-21.589</ele><time>2025-01-19T04:03:31.999Z</time><speed>0.000</speed><sat>23</sat></trkpt>
  <trkpt lat="13.82412866" lon="100.05908780"><ele>-22.073</ele><time>2025-01-19T04:03:32.999Z</time><speed>0.000</speed><sat>22</sat></trkpt>
  <trkpt lat="13.82412866" lon="100.05908780"><ele>-22.224</ele><time>2025-01-19T04:03:33.999Z</time><speed>0.000</speed><sat>22</sat></trkpt>
  <trkpt lat="13.82412866" lon="100.05908780"><ele>-22.384</ele><time>2025-01-19T04:03:34.999Z</time><speed>0.000</speed><sat>22</sat></trkpt>
  <trkpt lat="13.82412866" lon="100.05908780"><ele>-22.525</ele><time>2025-01-19T04:03:35.999Z</time><speed>0.000</speed><sat>22</sat></trkpt>
  <trkpt lat="13.82412866" lon="100.05908780"><ele>-23.033</ele><time>2025-01-19T04:03:36.999Z</time><speed>0.000</speed><sat>22</sat></trkpt>
  <trkpt lat="13.82412866" lon="100.05908780"><ele>-23.254</ele><time>2025-01-19T04:03:37.999Z</time><speed>0.000</speed><sat>22</sat></trkpt>
  <trkpt lat="13.82412866" lon="100.05908780"><ele>-23.122</ele><time>2025-01-19T04:03:38.999Z</time><speed>0.000</speed><sat>20</sat></trkpt>
  <trkpt lat="13.82412866" lon="100.05908780"><ele>-22.879</ele><time>2025-01-19T04:03:39.999Z</time><speed>0.000</speed><sat>22</sat></trkpt>
  <trkpt lat="13.82412866" lon="100.05908780"><ele>-22.708</ele><time>2025-01-19T04:03:40.999Z</time><speed>0.000</speed><sat>20</sat></trkpt>
  <trkpt lat="13.82412866" lon="100.05908780"><ele>-22.638</ele><time>2025-01-19T04:03:41.999Z</time><speed>0.000</speed><sat>21</sat></trkpt>
  <trkpt lat="13.82412866" lon="100.05908780"><ele>-22.557</ele><time>2025-01-19T04:03:42.999Z</time><speed>0.000</speed><sat>19</sat></trkpt>
  <trkpt lat="13.82412866" lon="100.05908780"><ele>-22.691</ele><time>2025-01-19T04:03:43.999Z</time><speed>0.000</speed><sat>20</sat></trkpt>
  <trkpt lat="13.82412866" lon="100.05908780"><ele>-22.715</ele><time>2025-01-19T04:03:44.999Z</time><speed>0.000</speed><sat>20</sat></trkpt>
  <trkpt lat="13.82412866" lon="100.05908780"><ele>-22.711</ele><time>2025-01-19T04:03:45.999Z</time><speed>0.000</speed><sat>19</sat></trkpt>
  <trkpt lat="13.82412866" lon="100.05908780"><ele>-22.824</ele><time>2025-01-19T04:03:46.999Z</time><speed>0.000</speed><sat>21</sat></trkpt>
  <trkpt lat="13.82408373" lon="100.05908001"><ele>-22.949</ele><time>2025-01-19T04:03:47.999Z</time><speed>0.000</speed><sat>20</sat></trkpt>
  <trkpt lat="13.82408373" lon="100.05908001"><ele>-23.330</ele><time>2025-01-19T04:03:48.999Z</time><speed>0.000</speed><sat>20</sat></trkpt>
  <trkpt lat="13.82408373" lon="100.05908001"><ele>-23.222</ele><time>2025-01-19T04:03:49.999Z</time><speed>0.000</speed><sat>19</sat></trkpt>
  <trkpt lat="13.82408373" lon="100.05908001"><ele>-23.477</ele><time>2025-01-19T04:03:50.999Z</time><speed>0.000</speed><sat>22</sat></trkpt>
  <trkpt lat="13.82408373" lon="100.05908001"><ele>-23.458</ele><time>2025-01-19T04:03:51.999Z</time><speed>0.000</speed><sat>23</sat></trkpt>
  <trkpt lat="13.82408373" lon="100.05908001"><ele>-23.586</ele><time>2025-01-19T04:03:52.999Z</time><speed>0.000</speed><sat>23</sat></trkpt>
  <trkpt lat="13.82408373" lon="100.05908001"><ele>-23.855</ele><time>2025-01-19T04:03:53.999Z</time><speed>0.000</speed><sat>20</sat></trkpt>
  <trkpt lat="13.82408373" lon="100.05908001"><ele>-24.015</ele><time>2025-01-19T04:03:54.999Z</time><speed>0.000</speed><sat>21</sat></trkpt>
  <trkpt lat="13.82408373" lon="100.05908001"><ele>-24.095</ele><time>2025-01-19T04:03:55.999Z</time><speed>0.000</speed><sat>21</sat></trkpt>
  <trkpt lat="13.82408373" lon="100.05908001"><ele>-24.253</ele><time>2025-01-19T04:03:56.999Z</time><speed>0.000</speed><sat>22</sat></trkpt>
  <trkpt lat="13.82408373" lon="100.05908001"><ele>-24.238</ele><time>2025-01-19T04:03:57.999Z</time><speed>0.000</speed><sat>23</sat></trkpt>
  <trkpt lat="13.82408373" lon="100.05908001"><ele>-24.213</ele><time>2025-01-19T04:03:58.999Z</time><speed>0.000</speed><sat>22</sat></trkpt>
  <trkpt lat="13.82408373" lon="100.05908001"><ele>-24.463</ele><time>2025-01-19T04:03:59.999Z</time><speed>0.000</speed><sat>22</sat></trkpt>
  <trkpt lat="13.82408373" lon="100.05908001"><ele>-24.636</ele><time>2025-01-19T04:04:00.999Z</time><speed>0.000</speed><sat>23</sat></trkpt>
  <trkpt lat="13.82409151" lon="100.05907472"><ele>-24.730</ele><time>2025-01-19T04:04:01.999Z</time><speed>0.317</speed><sat>22</sat></trkpt>
  <trkpt lat="13.82409758" lon="100.05907588"><ele>-25.028</ele><time>2025-01-19T04:04:02.999Z</time><speed>0.000</speed><sat>23</sat></trkpt>
  <trkpt lat="13.82410341" lon="100.05908299"><ele>-25.189</ele><time>2025-01-19T04:04:03.999Z</time><speed>0.516</speed><sat>24</sat></trkpt>
  <trkpt lat="13.82411371" lon="100.05910437"><ele>-25.007</ele><time>2025-01-19T04:04:04.999Z</time><speed>0.439</speed><sat>23</sat></trkpt>
  <trkpt lat="13.82412048" lon="100.05911897"><ele>-25.194</ele><time>2025-01-19T04:04:05.999Z</time><speed>0.617</speed><sat>23</sat></trkpt>
  <trkpt lat="13.82412392" lon="100.05913654"><ele>-24.851</ele><time>2025-01-19T04:04:06.999Z</time><speed>0.395</speed><sat>23</sat></trkpt>
  <trkpt lat="13.82412389" lon="100.05914723"><ele>-24.511</ele><time>2025-01-19T04:04:07.999Z</time><speed>0.851</speed><sat>22</sat></trkpt>
  <trkpt lat="13.82412310" lon="100.05915720"><ele>-24.002</ele><time>2025-01-19T04:04:08.999Z</time><speed>0.752</speed><sat>22</sat></trkpt>
  <trkpt lat="13.82412413" lon="100.05916626"><ele>-23.765</ele><time>2025-01-19T04:04:09.999Z</time><speed>0.866</speed><sat>24</sat></trkpt>
  <trkpt lat="13.82412454" lon="100.05917409"><ele>-23.572</ele><time>2025-01-19T04:04:10.999Z</time><speed>1.075</speed><sat>24</sat></trkpt>
  <trkpt lat="13.82412373" lon="100.05918517"><ele>-23.241</ele><time>2025-01-19T04:04:11.999Z</time><speed>1.220</speed><sat>22</sat></trkpt>
  <trkpt lat="13.82411669" lon="100.05919792"><ele>-22.860</ele><time>2025-01-19T04:04:12.999Z</time><speed>1.062</speed><sat>23</sat></trkpt>
  <trkpt lat="13.82410871" lon="100.05920972"><ele>-22.806</ele><time>2025-01-19T04:04:13.999Z</time><speed>0.790</speed><sat>24</sat></trkpt>
  <trkpt lat="13.82410615" lon="100.05922388"><ele>-22.362</ele><time>2025-01-19T04:04:14.999Z</time><speed>0.678</speed><sat>23</sat></trkpt>
  <trkpt lat="13.82410068" lon="100.05924191"><ele>-21.421</ele><time>2025-01-19T04:04:15.999Z</time><speed>0.692</speed><sat>23</sat></trkpt>
  <trkpt lat="13.82410062" lon="100.05924781"><ele>-20.637</ele><time>2025-01-19T04:04:16.999Z</time><speed>0.729</speed><sat>24</sat></trkpt>
  <trkpt lat="13.82409779" lon="100.05925919"><ele>-19.963</ele><time>2025-01-19T04:04:17.999Z</time><speed>0.927</speed><sat>23</sat></trkpt>
  <trkpt lat="13.82409190" lon="100.05927557"><ele>-20.304</ele><time>2025-01-19T04:04:18.999Z</time><speed>1.031</speed><sat>23</sat></trkpt>
  <trkpt lat="13.82409224" lon="100.05928610"><ele>-20.825</ele><time>2025-01-19T04:04:19.999Z</time><speed>0.687</speed><sat>23</sat></trkpt>
  <trkpt lat="13.82409424" lon="100.05928773"><ele>-20.532</ele><time>2025-01-19T04:04:20.999Z</time><speed>0.732</speed><sat>23</sat></trkpt>
  <trkpt lat="13.82409674" lon="100.05929702"><ele>-20.094</ele><time>2025-01-19T04:04:21.999Z</time><speed>1.024</speed><sat>21</sat></trkpt>
  <trkpt lat="13.82409821" lon="100.05930479"><ele>-20.118</ele><time>2025-01-19T04:04:22.999Z</time><speed>1.105</speed><sat>22</sat></trkpt>
  <trkpt lat="13.82410112" lon="100.05932132"><ele>-20.441</ele><time>2025-01-19T04:04:23.999Z</time><speed>0.592</speed><sat>23</sat></trkpt>
  <trkpt lat="13.82410032" lon="100.05932703"><ele>-20.649</ele><time>2025-01-19T04:04:24.999Z</time><speed>0.590</speed><sat>24</sat></trkpt>
  <trkpt lat="13.82409960" lon="100.05933254"><ele>-20.836</ele><time>2025-01-19T04:04:25.999Z</time><speed>0.905</speed><sat>23</sat></trkpt>
  <trkpt lat="13.82409987" lon="100.05934321"><ele>-21.160</ele><time>2025-01-19T04:04:26.999Z</time><speed>1.034</speed><sat>23</sat></trkpt>
  <trkpt lat="13.82409811" lon="100.05935098"><ele>-21.785</ele><time>2025-01-19T04:04:27.999Z</time><speed>1.034</speed><sat>22</sat></trkpt>
  <trkpt lat="13.82409570" lon="100.05936496"><ele>-21.273</ele><time>2025-01-19T04:04:28.999Z</time><speed>0.958</speed><sat>22</sat></trkpt>
  <trkpt lat="13.82409176" lon="100.05938339"><ele>-21.049</ele><time>2025-01-19T04:04:29.999Z</time><speed>0.890</speed><sat>21</sat></trkpt>
  <trkpt lat="13.82408988" lon="100.05939462"><ele>-20.465</ele><time>2025-01-19T04:04:30.999Z</time><speed>1.016</speed><sat>21</sat></trkpt>
  <trkpt lat="13.82408889" lon="100.05941391"><ele>-20.324</ele><time>2025-01-19T04:04:31.999Z</time><speed>0.849</speed><sat>23</sat></trkpt>
  <trkpt lat="13.82408788" lon="100.05942920"><ele>-20.529</ele><time>2025-01-19T04:04:32.999Z</time><speed>0.739</speed><sat>23</sat></trkpt>
  <trkpt lat="13.82410140" lon="100.05942881"><ele>-20.641</ele><time>2025-01-19T04:04:33.999Z</time><speed>0.000</speed><sat>23</sat></trkpt>
  <trkpt lat="13.82410140" lon="100.05942881"><ele>-20.878</ele><time>2025-01-19T04:04:34.999Z</time><speed>0.000</speed><sat>23</sat></trkpt>
  <trkpt lat="13.82410140" lon="100.05942881"><ele>-21.190</ele><time>2025-01-19T04:04:35.999Z</time><speed>0.000</speed><sat>24</sat></trkpt>
  <trkpt lat="13.82410140" lon="100.05942881"><ele>-21.608</ele><time>2025-01-19T04:04:36.999Z</time><speed>0.000</speed><sat>24</sat></trkpt>
  <trkpt lat="13.82411511" lon="100.05941304"><ele>-22.169</ele><time>2025-01-19T04:04:37.999Z</time><speed>0.588</speed><sat>21</sat></trkpt>
  <trkpt lat="13.82411396" lon="100.05941689"><ele>-22.331</ele><time>2025-01-19T04:04:38.999Z</time><speed>0.320</speed><sat>23</sat></trkpt>
  <trkpt lat="13.82411503" lon="100.05942668"><ele>-22.271</ele><time>2025-01-19T04:04:39.999Z</time><speed>0.354</speed><sat>23</sat></trkpt>
  <trkpt lat="13.82411530" lon="100.05944568"><ele>-22.263</ele><time>2025-01-19T04:04:40.999Z</time><speed>1.132</speed><sat>20</sat></trkpt>
  <trkpt lat="13.82411508" lon="100.05945790"><ele>-21.847</ele><time>2025-01-19T04:04:41.999Z</time><speed>1.713</speed><sat>19</sat></trkpt>
  <trkpt lat="13.82411506" lon="100.05946255"><ele>-21.934</ele><time>2025-01-19T04:04:42.999Z</time><speed>1.051</speed><sat>22</sat></trkpt>
  <trkpt lat="13.82411608" lon="100.05947306"><ele>-22.085</ele><time>2025-01-19T04:04:43.999Z</time><speed>0.755</speed><sat>24</sat></trkpt>
  <trkpt lat="13.82411433" lon="100.05949366"><ele>-22.372</ele><time>2025-01-19T04:04:44.999Z</time><speed>0.801</speed><sat>23</sat></trkpt>
  <trkpt lat="13.82411431" lon="100.05950629"><ele>-22.093</ele><time>2025-01-19T04:04:45.999Z</time><speed>0.749</speed><sat>24</sat></trkpt>
  <trkpt lat="13.82411385" lon="100.05952255"><ele>-21.989</ele><time>2025-01-19T04:04:46.999Z</time><speed>0.874</speed><sat>24</sat></trkpt>
  <trkpt lat="13.82411740" lon="100.05953157"><ele>-21.539</ele><time>2025-01-19T04:04:47.999Z</time><speed>0.831</speed><sat>23</sat></trkpt>
  <trkpt lat="13.82412083" lon="100.05953970"><ele>-21.239</ele><time>2025-01-19T04:04:48.999Z</time><speed>0.678</speed><sat>22</sat></trkpt>
  <trkpt lat="13.82412301" lon="100.05954912"><ele>-21.092</ele><time>2025-01-19T04:04:49.999Z</time><speed>1.011</speed><sat>22</sat></trkpt>
  <trkpt lat="13.82412250" lon="100.05956162"><ele>-20.461</ele><time>2025-01-19T04:04:50.999Z</time><speed>1.144</speed><sat>24</sat></trkpt>
  <trkpt lat="13.82412473" lon="100.05957195"><ele>-20.780</ele><time>2025-01-19T04:04:51.999Z</time><speed>0.893</speed><sat>23</sat></trkpt>
  <trkpt lat="13.82412871" lon="100.05958167"><ele>-20.946</ele><time>2025-01-19T04:04:52.999Z</time><speed>0.978</speed><sat>23</sat></trkpt>
  <trkpt lat="13.82412866" lon="100.05959073"><ele>-20.824</ele><time>2025-01-19T04:04:53.999Z</time><speed>1.086</speed><sat>24</sat></trkpt>
  <trkpt lat="13.82413058" lon="100.05959960"><ele>-20.939</ele><time>2025-01-19T04:04:54.999Z</time><speed>1.068</speed><sat>23</sat></trkpt>
  <trkpt lat="13.82413033" lon="100.05960604"><ele>-20.823</ele><time>2025-01-19T04:04:55.999Z</time><speed>0.662</speed><sat>21</sat></trkpt>
  <trkpt lat="13.82413629" lon="100.05960899"><ele>-21.336</ele><time>2025-01-19T04:04:56.999Z</time><speed>0.795</speed><sat>23</sat></trkpt>
  <trkpt lat="13.82414193" lon="100.05961324"><ele>-21.508</ele><time>2025-01-19T04:04:57.999Z</time><speed>0.952</speed><sat>22</sat></trkpt>
  <trkpt lat="13.82414424" lon="100.05962452"><ele>-21.643</ele><time>2025-01-19T04:04:58.999Z</time><speed>1.193</speed><sat>21</sat></trkpt>
  <trkpt lat="13.82414441" lon="100.05963501"><ele>-21.106</ele><time>2025-01-19T04:04:59.999Z</time><speed>1.148</speed><sat>21</sat></trkpt>
  <trkpt lat="13.82415407" lon="100.05964424"><ele>-21.375</ele><time>2025-01-19T04:05:00.999Z</time><speed>0.768</speed><sat>23</sat></trkpt>
  <trkpt lat="13.82416391" lon="100.05965527"><ele>-21.509</ele><time>2025-01-19T04:05:01.999Z</time><speed>0.372</speed><sat>23</sat></trkpt>
  <trkpt lat="13.82416771" lon="100.05966155"><ele>-21.811</ele><time>2025-01-19T04:05:02.999Z</time><speed>0.309</speed><sat>24</sat></trkpt>
  <trkpt lat="13.82416437" lon="100.05965964"><ele>-22.752</ele><time>2025-01-19T04:05:03.999Z</time><speed>0.517</speed><sat>21</sat></trkpt>
  <trkpt lat="13.82416047" lon="100.05966170"><ele>-23.840</ele><time>2025-01-19T04:05:04.999Z</time><speed>0.448</speed><sat>22</sat></trkpt>
  <trkpt lat="13.82415936" lon="100.05967652"><ele>-23.597</ele><time>2025-01-19T04:05:05.999Z</time><speed>0.519</speed><sat>22</sat></trkpt>
  <trkpt lat="13.82416727" lon="100.05967742"><ele>-23.623</ele><time>2025-01-19T04:05:06.999Z</time><speed>0.540</speed><sat>23</sat></trkpt>
  <trkpt lat="13.82417192" lon="100.05968036"><ele>-23.755</ele><time>2025-01-19T04:05:07.999Z</time><speed>0.519</speed><sat>22</sat></trkpt>
  <trkpt lat="13.82417012" lon="100.05968233"><ele>-24.430</ele><time>2025-01-19T04:05:08.999Z</time><speed>0.000</speed><sat>20</sat></trkpt>
  <trkpt lat="13.82417012" lon="100.05968233"><ele>-24.689</ele><time>2025-01-19T04:05:09.999Z</time><speed>0.000</speed><sat>22</sat></trkpt>
  <trkpt lat="13.82417012" lon="100.05968233"><ele>-25.350</ele><time>2025-01-19T04:05:10.999Z</time><speed>0.000</speed><sat>20</sat></trkpt>
  <trkpt lat="13.82417012" lon="100.05968233"><ele>-25.764</ele><time>2025-01-19T04:05:11.999Z</time><speed>0.000</speed><sat>20</sat></trkpt>
  <trkpt lat="13.82417012" lon="100.05968233"><ele>-25.881</ele><time>2025-01-19T04:05:12.999Z</time><speed>0.000</speed><sat>20</sat></trkpt>
  <trkpt lat="13.82417012" lon="100.05968233"><ele>-25.746</ele><time>2025-01-19T04:05:13.999Z</time><speed>0.000</speed><sat>21</sat></trkpt>
  <trkpt lat="13.82417012" lon="100.05968233"><ele>-25.130</ele><time>2025-01-19T04:05:14.999Z</time><speed>0.000</speed><sat>21</sat></trkpt>
  <trkpt lat="13.82417012" lon="100.05968233"><ele>-24.955</ele><time>2025-01-19T04:05:15.999Z</time><speed>0.000</speed><sat>20</sat></trkpt>
  <trkpt lat="13.82417089" lon="100.05967796"><ele>-24.886</ele><time>2025-01-19T04:05:16.999Z</time><speed>0.361</speed><sat>21</sat></trkpt>
  <trkpt lat="13.82417507" lon="100.05967923"><ele>-25.151</ele><time>2025-01-19T04:05:17.999Z</time><speed>0.000</speed><sat>20</sat></trkpt>
  <trkpt lat="13.82417507" lon="100.05967923"><ele>-25.160</ele><time>2025-01-19T04:05:18.999Z</time><speed>0.000</speed><sat>25</sat></trkpt>
  <trkpt lat="13.82417507" lon="100.05967923"><ele>-24.446</ele><time>2025-01-19T04:05:19.999Z</time><speed>0.000</speed><sat>27</sat></trkpt>
  <trkpt lat="13.82416294" lon="100.05966383"><ele>-24.861</ele><time>2025-01-19T04:05:20.999Z</time><speed>0.324</speed><sat>26</sat></trkpt>
  <trkpt lat="13.82416498" lon="100.05965579"><ele>-24.664</ele><time>2025-01-19T04:05:21.999Z</time><speed>0.401</speed><sat>26</sat></trkpt>
  <trkpt lat="13.82416387" lon="100.05964207"><ele>-24.717</ele><time>2025-01-19T04:05:22.999Z</time><speed>0.000</speed><sat>26</sat></trkpt>
  <trkpt lat="13.82416387" lon="100.05964207"><ele>-24.523</ele><time>2025-01-19T04:05:24.999Z</time><speed>0.000</speed><sat>27</sat></trkpt>
  <trkpt lat="13.82416387" lon="100.05964207"><ele>-24.571</ele><time>2025-01-19T04:05:25.999Z</time><speed>0.000</speed><sat>26</sat></trkpt>
  <trkpt lat="13.82416387" lon="100.05964207"><ele>-24.593</ele><time>2025-01-19T04:05:26.999Z</time><speed>0.000</speed><sat>27</sat></trkpt>
  <trkpt lat="13.82416387" lon="100.05964207"><ele>-24.708</ele><time>2025-01-19T04:05:27.999Z</time><speed>0.000</speed><sat>25</sat></trkpt>
  <trkpt lat="13.82416387" lon="100.05964207"><ele>-24.683</ele><time>2025-01-19T04:05:28.999Z</time><speed>0.000</speed><sat>25</sat></trkpt>
  <trkpt lat="13.82416387" lon="100.05964207"><ele>-25.147</ele><time>2025-01-19T04:05:29.999Z</time><speed>0.000</speed><sat>26</sat></trkpt>
  <trkpt lat="13.82416387" lon="100.05964207"><ele>-25.120</ele><time>2025-01-19T04:05:30.999Z</time><speed>0.000</speed><sat>26</sat></trkpt>
  <trkpt lat="13.82416387" lon="100.05964207"><ele>-25.289</ele><time>2025-01-19T04:05:31.999Z</time><speed>0.000</speed><sat>22</sat></trkpt>
  <trkpt lat="13.82416387" lon="100.05964207"><ele>-25.570</ele><time>2025-01-19T04:05:32.999Z</time><speed>0.000</speed><sat>24</sat></trkpt>
  <trkpt lat="13.82416387" lon="100.05964207"><ele>-25.785</ele><time>2025-01-19T04:05:33.999Z</time><speed>0.000</speed><sat>24</sat></trkpt>
  <trkpt lat="13.82416387" lon="100.05964207"><ele>-25.980</ele><time>2025-01-19T04:05:34.999Z</time><speed>0.000</speed><sat>23</sat></trkpt>
  <trkpt lat="13.82416387" lon="100.05964207"><ele>-26.082</ele><time>2025-01-19T04:05:35.999Z</time><speed>0.000</speed><sat>25</sat></trkpt>
  <trkpt lat="13.82416387" lon="100.05964207"><ele>-25.802</ele><time>2025-01-19T04:05:36.999Z</time><speed>0.000</speed><sat>24</sat></trkpt>
  <trkpt lat="13.82416387" lon="100.05964207"><ele>-25.601</ele><time>2025-01-19T04:05:37.999Z</time><speed>0.000</speed><sat>25</sat></trkpt>
  <trkpt lat="13.82416387" lon="100.05964207"><ele>-25.908</ele><time>2025-01-19T04:05:38.999Z</time><speed>0.000</speed><sat>26</sat></trkpt>
  <trkpt lat="13.82416387" lon="100.05964207"><ele>-25.926</ele><time>2025-01-19T04:05:39.999Z</time><speed>0.000</speed><sat>25</sat></trkpt>
  <trkpt lat="13.82416387" lon="100.05964207"><ele>-25.757</ele><time>2025-01-19T04:05:40.999Z</time><speed>0.000</speed><sat>25</sat></trkpt>
  <trkpt lat="13.82416387" lon="100.05964207"><ele>-25.146</ele><time>2025-01-19T04:05:41.999Z</time><speed>0.000</speed><sat>25</sat></trkpt>
  <trkpt lat="13.82416387" lon="100.05964207"><ele>-24.757</ele><time>2025-01-19T04:05:42.999Z</time><speed>0.000</speed><sat>26</sat></trkpt>
  <trkpt lat="13.82416387" lon="100.05964207"><ele>-24.536</ele><time>2025-01-19T04:05:43.999Z</time><speed>0.000</speed><sat>25</sat></trkpt>
  <trkpt lat="13.82416387" lon="100.05964207"><ele>-24.314</ele><time>2025-01-19T04:05:44.999Z</time><speed>0.000</speed><sat>25</sat></trkpt>
  <trkpt lat="13.82416387" lon="100.05964207"><ele>-24.650</ele><time>2025-01-19T04:05:45.999Z</time><speed>0.000</speed><sat>22</sat></trkpt>
  <trkpt lat="13.82416387" lon="100.05964207"><ele>-24.876</ele><time>2025-01-19T04:05:46.999Z</time><speed>0.000</speed><sat>24</sat></trkpt>
  <trkpt lat="13.82416387" lon="100.05964207"><ele>-25.141</ele><time>2025-01-19T04:05:47.999Z</time><speed>0.000</speed><sat>23</sat></trkpt>
  <trkpt lat="13.82416387" lon="100.05964207"><ele>-25.345</ele><time>2025-01-19T04:05:48.999Z</time><speed>0.000</speed><sat>25</sat></trkpt>
  <trkpt lat="13.82416387" lon="100.05964207"><ele>-25.613</ele><time>2025-01-19T04:05:49.999Z</time><speed>0.000</speed><sat>23</sat></trkpt>
  <trkpt lat="13.82416387" lon="100.05964207"><ele>-25.786</ele><time>2025-01-19T04:05:50.999Z</time><speed>0.000</speed><sat>22</sat></trkpt>
  <trkpt lat="13.82416387" lon="100.05964207"><ele>-26.070</ele><time>2025-01-19T04:05:51.999Z</time><speed>0.000</speed><sat>18</sat></trkpt>
  <trkpt lat="13.82416387" lon="100.05964207"><ele>-25.977</ele><time>2025-01-19T04:05:52.999Z</time><speed>0.000</speed><sat>21</sat></trkpt>
  <trkpt lat="13.82416387" lon="100.05964207"><ele>-25.902</ele><time>2025-01-19T04:05:53.999Z</time><speed>0.000</speed><sat>24</sat></trkpt>
  <trkpt lat="13.82416387" lon="100.05964207"><ele>-25.861</ele><time>2025-01-19T04:05:54.999Z</time><speed>0.000</speed><sat>24</sat></trkpt>
  <trkpt lat="13.82416387" lon="100.05964207"><ele>-25.939</ele><time>2025-01-19T04:05:55.999Z</time><speed>0.000</speed><sat>25</sat></trkpt>
  <trkpt lat="13.82416387" lon="100.05964207"><ele>-25.992</ele><time>2025-01-19T04:05:56.999Z</time><speed>0.000</speed><sat>23</sat></trkpt>
  <trkpt lat="13.82416387" lon="100.05964207"><ele>-26.051</ele><time>2025-01-19T04:05:57.999Z</time><speed>0.000</speed><sat>23</sat></trkpt>
  <trkpt lat="13.82416387" lon="100.05964207"><ele>-26.612</ele><time>2025-01-19T04:05:58.999Z</time><speed>0.000</speed><sat>23</sat></trkpt>
  <trkpt lat="13.82416387" lon="100.05964207"><ele>-26.910</ele><time>2025-01-19T04:05:59.999Z</time><speed>0.000</speed><sat>22</sat></trkpt>
  <trkpt lat="13.82416387" lon="100.05964207"><ele>-26.967</ele><time>2025-01-19T04:06:00.999Z</time><speed>0.000</speed><sat>24</sat></trkpt>
  <trkpt lat="13.82416387" lon="100.05964207"><ele>-26.849</ele><time>2025-01-19T04:06:01.999Z</time><speed>0.000</speed><sat>25</sat></trkpt>
  <trkpt lat="13.82416387" lon="100.05964207"><ele>-26.850</ele><time>2025-01-19T04:06:02.999Z</time><speed>0.000</speed><sat>24</sat></trkpt>
  <trkpt lat="13.82416387" lon="100.05964207"><ele>-26.934</ele><time>2025-01-19T04:06:03.999Z</time><speed>0.000</speed><sat>25</sat></trkpt>
  <trkpt lat="13.82416387" lon="100.05964207"><ele>-26.859</ele><time>2025-01-19T04:06:04.999Z</time><speed>0.000</speed><sat>25</sat></trkpt>
  <trkpt lat="13.82416387" lon="100.05964207"><ele>-26.769</ele><time>2025-01-19T04:06:05.999Z</time><speed>0.000</speed><sat>24</sat></trkpt>
  <trkpt lat="13.82416387" lon="100.05964207"><ele>-26.683</ele><time>2025-01-19T04:06:06.999Z</time><speed>0.000</speed><sat>21</sat></trkpt>
  <trkpt lat="13.82416387" lon="100.05964207"><ele>-26.646</ele><time>2025-01-19T04:06:07.999Z</time><speed>0.000</speed><sat>21</sat></trkpt>
  <trkpt lat="13.82416387" lon="100.05964207"><ele>-26.477</ele><time>2025-01-19T04:06:08.999Z</time><speed>0.000</speed><sat>21</sat></trkpt>
  <trkpt lat="13.82416387" lon="100.05964207"><ele>-26.325</ele><time>2025-01-19T04:06:09.999Z</time><speed>0.000</speed><sat>21</sat></trkpt>
  <trkpt lat="13.82416387" lon="100.05964207"><ele>-26.516</ele><time>2025-01-19T04:06:10.999Z</time><speed>0.000</speed><sat>19</sat></trkpt>
  <trkpt lat="13.82416387" lon="100.05964207"><ele>-26.417</ele><time>2025-01-19T04:06:11.999Z</time><speed>0.000</speed><sat>22</sat></trkpt>
  <trkpt lat="13.82416387" lon="100.05964207"><ele>-26.478</ele><time>2025-01-19T04:06:12.999Z</time><speed>0.000</speed><sat>22</sat></trkpt>
  <trkpt lat="13.82416387" lon="100.05964207"><ele>-26.447</ele><time>2025-01-19T04:06:13.999Z</time><speed>0.000</speed><sat>22</sat></trkpt>
  <trkpt lat="13.82416387" lon="100.05964207"><ele>-26.491</ele><time>2025-01-19T04:06:14.999Z</time><speed>0.000</speed><sat>24</sat></trkpt>
  <trkpt lat="13.82416387" lon="100.05964207"><ele>-26.469</ele><time>2025-01-19T04:06:15.999Z</time><speed>0.000</speed><sat>23</sat></trkpt>
  <trkpt lat="13.82416387" lon="100.05964207"><ele>-25.851</ele><time>2025-01-19T04:06:16.999Z</time><speed>0.000</speed><sat>24</sat></trkpt>
  <trkpt lat="13.82416387" lon="100.05964207"><ele>-25.612</ele><time>2025-01-19T04:06:17.999Z</time><speed>0.000</speed><sat>24</sat></trkpt>
  <trkpt lat="13.82416387" lon="100.05964207"><ele>-25.751</ele><time>2025-01-19T04:06:18.999Z</time><speed>0.000</speed><sat>23</sat></trkpt>
  <trkpt lat="13.82416387" lon="100.05964207"><ele>-25.573</ele><time>2025-01-19T04:06:19.999Z</time><speed>0.000</speed><sat>22</sat></trkpt>
  <trkpt lat="13.82416387" lon="100.05964207"><ele>-25.625</ele><time>2025-01-19T04:06:20.999Z</time><speed>0.000</speed><sat>21</sat></trkpt>
  <trkpt lat="13.82413000" lon="100.05967462"><ele>-25.680</ele><time>2025-01-19T04:06:21.999Z</time><speed>0.000</speed><sat>23</sat></trkpt>
  <trkpt lat="13.82413000" lon="100.05967462"><ele>-25.581</ele><time>2025-01-19T04:06:22.999Z</time><speed>0.000</speed><sat>26</sat></trkpt>
  <trkpt lat="13.82413000" lon="100.05967462"><ele>-25.675</ele><time>2025-01-19T04:06:23.999Z</time><speed>0.000</speed><sat>26</sat></trkpt>
  <trkpt lat="13.82413000" lon="100.05967462"><ele>-25.965</ele><time>2025-01-19T04:06:24.999Z</time><speed>0.000</speed><sat>25</sat></trkpt>
  <trkpt lat="13.82413000" lon="100.05967462"><ele>-26.004</ele><time>2025-01-19T04:06:25.999Z</time><speed>0.000</speed><sat>26</sat></trkpt>
  <trkpt lat="13.82413000" lon="100.05967462"><ele>-26.903</ele><time>2025-01-19T04:06:26.999Z</time><speed>0.000</speed><sat>25</sat></trkpt>
  <trkpt lat="13.82413000" lon="100.05967462"><ele>-27.215</ele><time>2025-01-19T04:06:27.999Z</time><speed>0.000</speed><sat>26</sat></trkpt>
  <trkpt lat="13.82413000" lon="100.05967462"><ele>-27.214</ele><time>2025-01-19T04:06:28.999Z</time><speed>0.000</speed><sat>25</sat></trkpt>
  <trkpt lat="13.82413000" lon="100.05967462"><ele>-27.084</ele><time>2025-01-19T04:06:29.999Z</time><speed>0.000</speed><sat>26</sat></trkpt>
  <trkpt lat="13.82413000" lon="100.05967462"><ele>-27.023</ele><time>2025-01-19T04:06:30.999Z</time><speed>0.000</speed><sat>25</sat></trkpt>
  <trkpt lat="13.82413000" lon="100.05967462"><ele>-27.077</ele><time>2025-01-19T04:06:31.999Z</time><speed>0.000</speed><sat>23</sat></trkpt>
  <trkpt lat="13.82413000" lon="100.05967462"><ele>-27.058</ele><time>2025-01-19T04:06:32.999Z</time><speed>0.000</speed><sat>23</sat></trkpt>
  <trkpt lat="13.82413000" lon="100.05967462"><ele>-27.126</ele><time>2025-01-19T04:06:33.999Z</time><speed>0.000</speed><sat>22</sat></trkpt>
  <trkpt lat="13.82413000" lon="100.05967462"><ele>-27.207</ele><time>2025-01-19T04:06:34.999Z</time><speed>0.000</speed><sat>21</sat></trkpt>
  <trkpt lat="13.82413000" lon="100.05967462"><ele>-27.243</ele><time>2025-01-19T04:06:35.999Z</time><speed>0.000</speed><sat>20</sat></trkpt>
  <trkpt lat="13.82413000" lon="100.05967462"><ele>-27.260</ele><time>2025-01-19T04:06:36.999Z</time><speed>0.000</speed><sat>24</sat></trkpt>
  <trkpt lat="13.82413000" lon="100.05967462"><ele>-27.349</ele><time>2025-01-19T04:06:37.999Z</time><speed>0.000</speed><sat>25</sat></trkpt>
  <trkpt lat="13.82413000" lon="100.05967462"><ele>-27.450</ele><time>2025-01-19T04:06:38.999Z</time><speed>0.000</speed><sat>24</sat></trkpt>
  <trkpt lat="13.82413000" lon="100.05967462"><ele>-27.437</ele><time>2025-01-19T04:06:39.999Z</time><speed>0.000</speed><sat>21</sat></trkpt>
  <trkpt lat="13.82413000" lon="100.05967462"><ele>-27.506</ele><time>2025-01-19T04:06:40.999Z</time><speed>0.000</speed><sat>23</sat></trkpt>
  <trkpt lat="13.82413000" lon="100.05967462"><ele>-27.605</ele><time>2025-01-19T04:06:41.999Z</time><speed>0.000</speed><sat>20</sat></trkpt>
  <trkpt lat="13.82413000" lon="100.05967462"><ele>-27.720</ele><time>2025-01-19T04:06:42.999Z</time><speed>0.000</speed><sat>20</sat></trkpt>
  <trkpt lat="13.82413000" lon="100.05967462"><ele>-27.825</ele><time>2025-01-19T04:06:43.999Z</time><speed>0.000</speed><sat>22</sat></trkpt>
  <trkpt lat="13.82413000" lon="100.05967462"><ele>-27.868</ele><time>2025-01-19T04:06:44.999Z</time><speed>0.000</speed><sat>22</sat></trkpt>
  <trkpt lat="13.82413000" lon="100.05967462"><ele>-27.852</ele><time>2025-01-19T04:06:45.999Z</time><speed>0.000</speed><sat>20</sat></trkpt>
  <trkpt lat="13.82413000" lon="100.05967462"><ele>-27.755</ele><time>2025-01-19T04:06:46.999Z</time><speed>0.000</speed><sat>19</sat></trkpt>
  <trkpt lat="13.82413000" lon="100.05967462"><ele>-27.738</ele><time>2025-01-19T04:06:47.999Z</time><speed>0.000</speed><sat>20</sat></trkpt>
  <trkpt lat="13.82413000" lon="100.05967462"><ele>-27.816</ele><time>2025-01-19T04:06:48.999Z</time><speed>0.000</speed><sat>21</sat></trkpt>
  <trkpt lat="13.82413000" lon="100.05967462"><ele>-27.796</ele><time>2025-01-19T04:06:49.999Z</time><speed>0.000</speed><sat>21</sat></trkpt>
  <trkpt lat="13.82413000" lon="100.05967462"><ele>-27.753</ele><time>2025-01-19T04:06:50.999Z</time><speed>0.000</speed><sat>22</sat></trkpt>
  <trkpt lat="13.82413000" lon="100.05967462"><ele>-27.690</ele><time>2025-01-19T04:06:51.999Z</time><speed>0.000</speed><sat>22</sat></trkpt>
  <trkpt lat="13.82413000" lon="100.05967462"><ele>-27.582</ele><time>2025-01-19T04:06:52.999Z</time><speed>0.000</speed><sat>21</sat></trkpt>
  <trkpt lat="13.82413000" lon="100.05967462"><ele>-27.482</ele><time>2025-01-19T04:06:53.999Z</time><speed>0.000</speed><sat>22</sat></trkpt>
  <trkpt lat="13.82413000" lon="100.05967462"><ele>-27.423</ele><time>2025-01-19T04:06:54.999Z</time><speed>0.000</speed><sat>23</sat></trkpt>
  <trkpt lat="13.82413000" lon="100.05967462"><ele>-27.310</ele><time>2025-01-19T04:06:55.999Z</time><speed>0.000</speed><sat>25</sat></trkpt>
  <trkpt lat="13.82413000" lon="100.05967462"><ele>-27.192</ele><time>2025-01-19T04:06:56.999Z</time><speed>0.000</speed><sat>23</sat></trkpt>
  <trkpt lat="13.82413000" lon="100.05967462"><ele>-27.035</ele><time>2025-01-19T04:06:57.999Z</time><speed>0.000</speed><sat>21</sat></trkpt>
  <trkpt lat="13.82413000" lon="100.05967462"><ele>-26.807</ele><time>2025-01-19T04:06:58.999Z</time><speed>0.000</speed><sat>24</sat></trkpt>
  <trkpt lat="13.82413000" lon="100.05967462"><ele>-26.717</ele><time>2025-01-19T04:06:59.999Z</time><speed>0.000</speed><sat>24</sat></trkpt>
  <trkpt lat="13.82413000" lon="100.05967462"><ele>-26.825</ele><time>2025-01-19T04:07:00.999Z</time><speed>0.000</speed><sat>23</sat></trkpt>
  <trkpt lat="13.82413000" lon="100.05967462"><ele>-26.860</ele><time>2025-01-19T04:07:01.999Z</time><speed>0.000</speed><sat>22</sat></trkpt>
  <trkpt lat="13.82413000" lon="100.05967462"><ele>-26.780</ele><time>2025-01-19T04:07:02.999Z</time><speed>0.000</speed><sat>26</sat></trkpt>
  <trkpt lat="13.82413000" lon="100.05967462"><ele>-26.661</ele><time>2025-01-19T04:07:03.999Z</time><speed>0.000</speed><sat>25</sat></trkpt>
  <trkpt lat="13.82413000" lon="100.05967462"><ele>-26.608</ele><time>2025-01-19T04:07:04.999Z</time><speed>0.000</speed><sat>23</sat></trkpt>
  <trkpt lat="13.82413000" lon="100.05967462"><ele>-26.591</ele><time>2025-01-19T04:07:05.999Z</time><speed>0.000</speed><sat>23</sat></trkpt>
  <trkpt lat="13.82413000" lon="100.05967462"><ele>-26.633</ele><time>2025-01-19T04:07:06.999Z</time><speed>0.000</speed><sat>23</sat></trkpt>
  <trkpt lat="13.82413000" lon="100.05967462"><ele>-26.576</ele><time>2025-01-19T04:07:07.999Z</time><speed>0.000</speed><sat>23</sat></trkpt>
  <trkpt lat="13.82413000" lon="100.05967462"><ele>-26.397</ele><time>2025-01-19T04:07:08.999Z</time><speed>0.000</speed><sat>24</sat></trkpt>
  <trkpt lat="13.82413000" lon="100.05967462"><ele>-26.459</ele><time>2025-01-19T04:07:09.999Z</time><speed>0.000</speed><sat>22</sat></trkpt>
  <trkpt lat="13.82413000" lon="100.05967462"><ele>-26.431</ele><time>2025-01-19T04:07:10.999Z</time><speed>0.000</speed><sat>22</sat></trkpt>
  <trkpt lat="13.82413000" lon="100.05967462"><ele>-26.398</ele><time>2025-01-19T04:07:11.999Z</time><speed>0.000</speed><sat>21</sat></trkpt>
  <trkpt lat="13.82413000" lon="100.05967462"><ele>-26.086</ele><time>2025-01-19T04:07:12.999Z</time><speed>0.000</speed><sat>24</sat></trkpt>
  <trkpt lat="13.82413000" lon="100.05967462"><ele>-26.110</ele><time>2025-01-19T04:07:13.999Z</time><speed>0.000</speed><sat>24</sat></trkpt>
  <trkpt lat="13.82413000" lon="100.05967462"><ele>-26.155</ele><time>2025-01-19T04:07:14.999Z</time><speed>0.000</speed><sat>24</sat></trkpt>
  <trkpt lat="13.82413000" lon="100.05967462"><ele>-26.235</ele><time>2025-01-19T04:07:15.999Z</time><speed>0.000</speed><sat>23</sat></trkpt>
  <trkpt lat="13.82413000" lon="100.05967462"><ele>-26.411</ele><time>2025-01-19T04:07:16.999Z</time><speed>0.000</speed><sat>23</sat></trkpt>
  <trkpt lat="13.82413000" lon="100.05967462"><ele>-26.459</ele><time>2025-01-19T04:07:17.999Z</time><speed>0.000</speed><sat>24</sat></trkpt>
  <trkpt lat="13.82413000" lon="100.05967462"><ele>-26.633</ele><time>2025-01-19T04:07:18.999Z</time><speed>0.000</speed><sat>23</sat></trkpt>
  <trkpt lat="13.82413000" lon="100.05967462"><ele>-26.746</ele><time>2025-01-19T04:07:19.999Z</time><speed>0.000</speed><sat>22</sat></trkpt>
  <trkpt lat="13.82413000" lon="100.05967462"><ele>-26.886</ele><time>2025-01-19T04:07:20.999Z</time><speed>0.000</speed><sat>23</sat></trkpt>
  <trkpt lat="13.82413000" lon="100.05967462"><ele>-27.011</ele><time>2025-01-19T04:07:21.999Z</time><speed>0.000</speed><sat>21</sat></trkpt>
  <trkpt lat="13.82413000" lon="100.05967462"><ele>-27.059</ele><time>2025-01-19T04:07:22.999Z</time><speed>0.000</speed><sat>21</sat></trkpt>
  <trkpt lat="13.82413000" lon="100.05967462"><ele>-27.092</ele><time>2025-01-19T04:07:23.999Z</time><speed>0.000</speed><sat>21</sat></trkpt>
  <trkpt lat="13.82413000" lon="100.05967462"><ele>-27.236</ele><time>2025-01-19T04:07:24.999Z</time><speed>0.000</speed><sat>21</sat></trkpt>
  <trkpt lat="13.82413000" lon="100.05967462"><ele>-27.194</ele><time>2025-01-19T04:07:25.999Z</time><speed>0.000</speed><sat>21</sat></trkpt>
  <trkpt lat="13.82413000" lon="100.05967462"><ele>-27.321</ele><time>2025-01-19T04:07:26.999Z</time><speed>0.000</speed><sat>19</sat></trkpt>
  <trkpt lat="13.82413000" lon="100.05967462"><ele>-27.393</ele><time>2025-01-19T04:07:27.999Z</time><speed>0.000</speed><sat>20</sat></trkpt>
  <trkpt lat="13.82413000" lon="100.05967462"><ele>-27.385</ele><time>2025-01-19T04:07:28.999Z</time><speed>0.000</speed><sat>18</sat></trkpt>
  <trkpt lat="13.82413000" lon="100.05967462"><ele>-27.427</ele><time>2025-01-19T04:07:29.999Z</time><speed>0.000</speed><sat>21</sat></trkpt>
  <trkpt lat="13.82413000" lon="100.05967462"><ele>-27.473</ele><time>2025-01-19T04:07:30.999Z</time><speed>0.000</speed><sat>22</sat></trkpt>
  <trkpt lat="13.82413000" lon="100.05967462"><ele>-27.553</ele><time>2025-01-19T04:07:31.999Z</time><speed>0.000</speed><sat>23</sat></trkpt>
  <trkpt lat="13.82413000" lon="100.05967462"><ele>-27.525</ele><time>2025-01-19T04:07:32.999Z</time><speed>0.000</speed><sat>20</sat></trkpt>
  <trkpt lat="13.82413000" lon="100.05967462"><ele>-27.609</ele><time>2025-01-19T04:07:33.999Z</time><speed>0.000</speed><sat>21</sat></trkpt>
  <trkpt lat="13.82413000" lon="100.05967462"><ele>-27.771</ele><time>2025-01-19T04:07:34.999Z</time><speed>0.000</speed><sat>21</sat></trkpt>
  <trkpt lat="13.82413000" lon="100.05967462"><ele>-27.778</ele><time>2025-01-19T04:07:35.999Z</time><speed>0.000</speed><sat>21</sat></trkpt>
  <trkpt lat="13.82413000" lon="100.05967462"><ele>-27.972</ele><time>2025-01-19T04:07:36.999Z</time><speed>0.000</speed><sat>21</sat></trkpt>
  <trkpt lat="13.82413000" lon="100.05967462"><ele>-27.946</ele><time>2025-01-19T04:07:37.999Z</time><speed>0.000</speed><sat>23</sat></trkpt>
  <trkpt lat="13.82413000" lon="100.05967462"><ele>-27.788</ele><time>2025-01-19T04:07:38.999Z</time><speed>0.000</speed><sat>19</sat></trkpt>
  <trkpt lat="13.82413000" lon="100.05967462"><ele>-27.849</ele><time>2025-01-19T04:07:39.999Z</time><speed>0.000</speed><sat>21</sat></trkpt>
  <trkpt lat="13.82413000" lon="100.05967462"><ele>-28.036</ele><time>2025-01-19T04:07:40.999Z</time><speed>0.000</speed><sat>22</sat></trkpt>
  <trkpt lat="13.82413000" lon="100.05967462"><ele>-27.925</ele><time>2025-01-19T04:07:41.999Z</time><speed>0.000</speed><sat>20</sat></trkpt>
  <trkpt lat="13.82413000" lon="100.05967462"><ele>-27.956</ele><time>2025-01-19T04:07:42.999Z</time><speed>0.000</speed><sat>22</sat></trkpt>
  <trkpt lat="13.82413000" lon="100.05967462"><ele>-27.920</ele><time>2025-01-19T04:07:43.999Z</time><speed>0.000</speed><sat>23</sat></trkpt>
  <trkpt lat="13.82413000" lon="100.05967462"><ele>-27.738</ele><time>2025-01-19T04:07:44.999Z</time><speed>0.000</speed><sat>24</sat></trkpt>
  <trkpt lat="13.82413000" lon="100.05967462"><ele>-27.802</ele><time>2025-01-19T04:07:45.999Z</time><speed>0.000</speed><sat>21</sat></trkpt>
  <trkpt lat="13.82413000" lon="100.05967462"><ele>-27.772</ele><time>2025-01-19T04:07:46.999Z</time><speed>0.000</speed><sat>20</sat></trkpt>
  <trkpt lat="13.82413000" lon="100.05967462"><ele>-27.757</ele><time>2025-01-19T04:07:47.999Z</time><speed>0.000</speed><sat>22</sat></trkpt>
  <trkpt lat="13.82413000" lon="100.05967462"><ele>-27.769</ele><time>2025-01-19T04:07:48.999Z</time><speed>0.000</speed><sat>22</sat></trkpt>
  <trkpt lat="13.82413000" lon="100.05967462"><ele>-28.071</ele><time>2025-01-19T04:07:49.999Z</time><speed>0.000</speed><sat>25</sat></trkpt>
  <trkpt lat="13.82413000" lon="100.05967462"><ele>-28.087</ele><time>2025-01-19T04:07:50.999Z</time><speed>0.000</speed><sat>24</sat></trkpt>
  <trkpt lat="13.82413000" lon="100.05967462"><ele>-28.116</ele><time>2025-01-19T04:07:51.999Z</time><speed>0.000</speed><sat>26</sat></trkpt>
  <trkpt lat="13.82413000" lon="100.05967462"><ele>-28.106</ele><time>2025-01-19T04:07:52.999Z</time><speed>0.000</speed><sat>24</sat></trkpt>
  <trkpt lat="13.82413000" lon="100.05967462"><ele>-28.233</ele><time>2025-01-19T04:07:53.999Z</time><speed>0.000</speed><sat>25</sat></trkpt>
  <trkpt lat="13.82413000" lon="100.05967462"><ele>-28.192</ele><time>2025-01-19T04:07:54.999Z</time><speed>0.000</speed><sat>25</sat></trkpt>
  <trkpt lat="13.82413000" lon="100.05967462"><ele>-28.206</ele><time>2025-01-19T04:07:55.999Z</time><speed>0.000</speed><sat>23</sat></trkpt>
  <trkpt lat="13.82413000" lon="100.05967462"><ele>-27.976</ele><time>2025-01-19T04:07:56.999Z</time><speed>0.000</speed><sat>23</sat></trkpt>
  <trkpt lat="13.82413000" lon="100.05967462"><ele>-28.008</ele><time>2025-01-19T04:07:57.999Z</time><speed>0.000</speed><sat>23</sat></trkpt>
  <trkpt lat="13.82414358" lon="100.05967219"><ele>-27.836</ele><time>2025-01-19T04:07:58.999Z</time><speed>0.321</speed><sat>26</sat></trkpt>
  <trkpt lat="13.82414610" lon="100.05967038"><ele>-27.738</ele><time>2025-01-19T04:07:59.999Z</time><speed>0.000</speed><sat>26</sat></trkpt>
  <trkpt lat="13.82414610" lon="100.05967038"><ele>-27.473</ele><time>2025-01-19T04:08:00.999Z</time><speed>0.000</speed><sat>26</sat></trkpt>
  <trkpt lat="13.82414610" lon="100.05967038"><ele>-27.420</ele><time>2025-01-19T04:08:01.999Z</time><speed>0.000</speed><sat>23</sat></trkpt>
  <trkpt lat="13.82414610" lon="100.05967038"><ele>-27.037</ele><time>2025-01-19T04:08:02.999Z</time><speed>0.000</speed><sat>23</sat></trkpt>
  <trkpt lat="13.82414610" lon="100.05967038"><ele>-27.157</ele><time>2025-01-19T04:08:03.999Z</time><speed>0.000</speed><sat>25</sat></trkpt>
  <trkpt lat="13.82414610" lon="100.05967038"><ele>-27.242</ele><time>2025-01-19T04:08:04.999Z</time><speed>0.000</speed><sat>24</sat></trkpt>
  <trkpt lat="13.82414610" lon="100.05967038"><ele>-27.175</ele><time>2025-01-19T04:08:05.999Z</time><speed>0.000</speed><sat>24</sat></trkpt>
  <trkpt lat="13.82414610" lon="100.05967038"><ele>-27.021</ele><time>2025-01-19T04:08:06.999Z</time><speed>0.000</speed><sat>25</sat></trkpt>
  <trkpt lat="13.82414610" lon="100.05967038"><ele>-26.898</ele><time>2025-01-19T04:08:07.999Z</time><speed>0.000</speed><sat>25</sat></trkpt>
  <trkpt lat="13.82414610" lon="100.05967038"><ele>-26.791</ele><time>2025-01-19T04:08:08.999Z</time><speed>0.000</speed><sat>25</sat></trkpt>
  <trkpt lat="13.82414610" lon="100.05967038"><ele>-26.717</ele><time>2025-01-19T04:08:09.999Z</time><speed>0.000</speed><sat>24</sat></trkpt>
  <trkpt lat="13.82414610" lon="100.05967038"><ele>-26.542</ele><time>2025-01-19T04:08:10.999Z</time><speed>0.000</speed><sat>24</sat></trkpt>
  <trkpt lat="13.82414610" lon="100.05967038"><ele>-26.568</ele><time>2025-01-19T04:08:11.999Z</time><speed>0.000</speed><sat>24</sat></trkpt>
  <trkpt lat="13.82414610" lon="100.05967038"><ele>-26.570</ele><time>2025-01-19T04:08:12.999Z</time><speed>0.000</speed><sat>24</sat></trkpt>
  <trkpt lat="13.82414610" lon="100.05967038"><ele>-26.532</ele><time>2025-01-19T04:08:13.999Z</time><speed>0.000</speed><sat>25</sat></trkpt>
  <trkpt lat="13.82414610" lon="100.05967038"><ele>-26.380</ele><time>2025-01-19T04:08:14.999Z</time><speed>0.000</speed><sat>25</sat></trkpt>
  <trkpt lat="13.82414610" lon="100.05967038"><ele>-26.340</ele><time>2025-01-19T04:08:15.999Z</time><speed>0.000</speed><sat>24</sat></trkpt>
  <trkpt lat="13.82414610" lon="100.05967038"><ele>-26.243</ele><time>2025-01-19T04:08:16.999Z</time><speed>0.000</speed><sat>24</sat></trkpt>
  <trkpt lat="13.82414610" lon="100.05967038"><ele>-26.319</ele><time>2025-01-19T04:08:17.999Z</time><speed>0.000</speed><sat>24</sat></trkpt>
  <trkpt lat="13.82414610" lon="100.05967038"><ele>-26.241</ele><time>2025-01-19T04:08:18.999Z</time><speed>0.000</speed><sat>24</sat></trkpt>
  <trkpt lat="13.82414610" lon="100.05967038"><ele>-26.296</ele><time>2025-01-19T04:08:19.999Z</time><speed>0.000</speed><sat>24</sat></trkpt>
  <trkpt lat="13.82414610" lon="100.05967038"><ele>-26.326</ele><time>2025-01-19T04:08:20.999Z</time><speed>0.000</speed><sat>24</sat></trkpt>
  <trkpt lat="13.82414610" lon="100.05967038"><ele>-26.198</ele><time>2025-01-19T04:08:21.999Z</time><speed>0.000</speed><sat>24</sat></trkpt>
  <trkpt lat="13.82414610" lon="100.05967038"><ele>-26.100</ele><time>2025-01-19T04:08:22.999Z</time><speed>0.000</speed><sat>24</sat></trkpt>
  <trkpt lat="13.82414610" lon="100.05967038"><ele>-26.039</ele><time>2025-01-19T04:08:23.999Z</time><speed>0.000</speed><sat>23</sat></trkpt>
  <trkpt lat="13.82414610" lon="100.05967038"><ele>-26.034</ele><time>2025-01-19T04:08:24.999Z</time><speed>0.000</speed><sat>23</sat></trkpt>
  <trkpt lat="13.82414610" lon="100.05967038"><ele>-25.907</ele><time>2025-01-19T04:08:25.999Z</time><speed>0.000</speed><sat>24</sat></trkpt>
  <trkpt lat="13.82414610" lon="100.05967038"><ele>-25.811</ele><time>2025-01-19T04:08:26.999Z</time><speed>0.000</speed><sat>23</sat></trkpt>
  <trkpt lat="13.82414610" lon="100.05967038"><ele>-25.800</ele><time>2025-01-19T04:08:27.999Z</time><speed>0.000</speed><sat>25</sat></trkpt>
  <trkpt lat="13.82414610" lon="100.05967038"><ele>-25.775</ele><time>2025-01-19T04:08:28.999Z</time><speed>0.000</speed><sat>25</sat></trkpt>
  <trkpt lat="13.82414610" lon="100.05967038"><ele>-25.840</ele><time>2025-01-19T04:08:29.999Z</time><speed>0.000</speed><sat>25</sat></trkpt>
  <trkpt lat="13.82414610" lon="100.05967038"><ele>-25.594</ele><time>2025-01-19T04:08:30.999Z</time><speed>0.000</speed><sat>25</sat></trkpt>
  <trkpt lat="13.82414610" lon="100.05967038"><ele>-25.543</ele><time>2025-01-19T04:08:31.999Z</time><speed>0.000</speed><sat>23</sat></trkpt>
  <trkpt lat="13.82414610" lon="100.05967038"><ele>-25.388</ele><time>2025-01-19T04:08:32.999Z</time><speed>0.000</speed><sat>24</sat></trkpt>
  <trkpt lat="13.82414610" lon="100.05967038"><ele>-25.230</ele><time>2025-01-19T04:08:33.999Z</time><speed>0.000</speed><sat>24</sat></trkpt>
  <trkpt lat="13.82414610" lon="100.05967038"><ele>-25.191</ele><time>2025-01-19T04:08:34.999Z</time><speed>0.000</speed><sat>25</sat></trkpt>
  <trkpt lat="13.82414610" lon="100.05967038"><ele>-25.213</ele><time>2025-01-19T04:08:35.999Z</time><speed>0.000</speed><sat>25</sat></trkpt>
  <trkpt lat="13.82414610" lon="100.05967038"><ele>-25.341</ele><time>2025-01-19T04:08:36.999Z</time><speed>0.000</speed><sat>25</sat></trkpt>
  <trkpt lat="13.82414610" lon="100.05967038"><ele>-25.129</ele><time>2025-01-19T04:08:37.999Z</time><speed>0.000</speed><sat>24</sat></trkpt>
  <trkpt lat="13.82414610" lon="100.05967038"><ele>-25.012</ele><time>2025-01-19T04:08:38.999Z</time><speed>0.000</speed><sat>21</sat></trkpt>
  <trkpt lat="13.82414610" lon="100.05967038"><ele>-25.197</ele><time>2025-01-19T04:08:39.999Z</time><speed>0.000</speed><sat>22</sat></trkpt>
  <trkpt lat="13.82414610" lon="100.05967038"><ele>-25.305</ele><time>2025-01-19T04:08:40.999Z</time><speed>0.000</speed><sat>23</sat></trkpt>
  <trkpt lat="13.82414610" lon="100.05967038"><ele>-25.311</ele><time>2025-01-19T04:08:41.999Z</time><speed>0.000</speed><sat>22</sat></trkpt>
  <trkpt lat="13.82414610" lon="100.05967038"><ele>-25.481</ele><time>2025-01-19T04:08:42.999Z</time><speed>0.000</speed><sat>23</sat></trkpt>
  <trkpt lat="13.82414879" lon="100.05964779"><ele>-25.072</ele><time>2025-01-19T04:08:43.999Z</time><speed>0.365</speed><sat>24</sat></trkpt>
  <trkpt lat="13.82414692" lon="100.05964571"><ele>-25.023</ele><time>2025-01-19T04:08:44.999Z</time><speed>0.000</speed><sat>23</sat></trkpt>
  <trkpt lat="13.82414692" lon="100.05964571"><ele>-25.027</ele><time>2025-01-19T04:08:45.999Z</time><speed>0.000</speed><sat>22</sat></trkpt>
  <trkpt lat="13.82413639" lon="100.05964821"><ele>-24.960</ele><time>2025-01-19T04:08:46.999Z</time><speed>0.537</speed><sat>22</sat></trkpt>
  <trkpt lat="13.82413370" lon="100.05965031"><ele>-25.431</ele><time>2025-01-19T04:08:47.999Z</time><speed>0.000</speed><sat>18</sat></trkpt>
  <trkpt lat="13.82413370" lon="100.05965031"><ele>-25.444</ele><time>2025-01-19T04:08:48.999Z</time><speed>0.000</speed><sat>20</sat></trkpt>
  <trkpt lat="13.82412465" lon="100.05964461"><ele>-25.607</ele><time>2025-01-19T04:08:49.999Z</time><speed>0.678</speed><sat>20</sat></trkpt>
  <trkpt lat="13.82411754" lon="100.05963628"><ele>-25.596</ele><time>2025-01-19T04:08:50.999Z</time><speed>1.101</speed><sat>22</sat></trkpt>
  <trkpt lat="13.82410870" lon="100.05962590"><ele>-25.679</ele><time>2025-01-19T04:08:51.999Z</time><speed>1.253</speed><sat>23</sat></trkpt>
  <trkpt lat="13.82409623" lon="100.05961607"><ele>-25.688</ele><time>2025-01-19T04:08:52.999Z</time><speed>1.355</speed><sat>24</sat></trkpt>
  <trkpt lat="13.82408318" lon="100.05960607"><ele>-25.094</ele><time>2025-01-19T04:08:53.999Z</time><speed>1.505</speed><sat>24</sat></trkpt>
  <trkpt lat="13.82407262" lon="100.05959727"><ele>-24.947</ele><time>2025-01-19T04:08:54.999Z</time><speed>1.277</speed><sat>24</sat></trkpt>
  <trkpt lat="13.82405806" lon="100.05958527"><ele>-25.010</ele><time>2025-01-19T04:08:55.999Z</time><speed>1.059</speed><sat>24</sat></trkpt>
  <trkpt lat="13.82404546" lon="100.05956907"><ele>-25.045</ele><time>2025-01-19T04:08:56.999Z</time><speed>1.150</speed><sat>23</sat></trkpt>
  <trkpt lat="13.82403350" lon="100.05955229"><ele>-24.912</ele><time>2025-01-19T04:08:57.999Z</time><speed>0.803</speed><sat>26</sat></trkpt>
  <trkpt lat="13.82402793" lon="100.05953949"><ele>-24.810</ele><time>2025-01-19T04:08:58.999Z</time><speed>0.943</speed><sat>26</sat></trkpt>
  <trkpt lat="13.82402164" lon="100.05952405"><ele>-24.736</ele><time>2025-01-19T04:08:59.999Z</time><speed>0.791</speed><sat>23</sat></trkpt>
  <trkpt lat="13.82401619" lon="100.05950151"><ele>-24.878</ele><time>2025-01-19T04:09:00.999Z</time><speed>0.646</speed><sat>24</sat></trkpt>
  <trkpt lat="13.82400932" lon="100.05948718"><ele>-24.786</ele><time>2025-01-19T04:09:01.999Z</time><speed>0.779</speed><sat>24</sat></trkpt>
  <trkpt lat="13.82400155" lon="100.05947199"><ele>-24.576</ele><time>2025-01-19T04:09:02.999Z</time><speed>0.592</speed><sat>23</sat></trkpt>
  <trkpt lat="13.82399655" lon="100.05945401"><ele>-24.571</ele><time>2025-01-19T04:09:03.999Z</time><speed>0.688</speed><sat>26</sat></trkpt>
  <trkpt lat="13.82399283" lon="100.05943733"><ele>-24.278</ele><time>2025-01-19T04:09:04.999Z</time><speed>0.685</speed><sat>25</sat></trkpt>
  <trkpt lat="13.82398613" lon="100.05941246"><ele>-23.901</ele><time>2025-01-19T04:09:05.999Z</time><speed>1.348</speed><sat>26</sat></trkpt>
  <trkpt lat="13.82397819" lon="100.05939876"><ele>-23.516</ele><time>2025-01-19T04:09:06.999Z</time><speed>1.196</speed><sat>24</sat></trkpt>
  <trkpt lat="13.82397487" lon="100.05938808"><ele>-22.914</ele><time>2025-01-19T04:09:07.999Z</time><speed>0.992</speed><sat>25</sat></trkpt>
  <trkpt lat="13.82397909" lon="100.05937780"><ele>-22.365</ele><time>2025-01-19T04:09:08.999Z</time><speed>0.635</speed><sat>25</sat></trkpt>
  <trkpt lat="13.82398474" lon="100.05937356"><ele>-21.964</ele><time>2025-01-19T04:09:09.999Z</time><speed>0.949</speed><sat>25</sat></trkpt>
  <trkpt lat="13.82398453" lon="100.05936737"><ele>-21.434</ele><time>2025-01-19T04:09:10.999Z</time><speed>0.952</speed><sat>25</sat></trkpt>
  <trkpt lat="13.82398704" lon="100.05936342"><ele>-21.296</ele><time>2025-01-19T04:09:11.999Z</time><speed>0.942</speed><sat>26</sat></trkpt>
  <trkpt lat="13.82399024" lon="100.05935048"><ele>-20.795</ele><time>2025-01-19T04:09:12.999Z</time><speed>0.918</speed><sat>25</sat></trkpt>
  <trkpt lat="13.82399156" lon="100.05933717"><ele>-20.778</ele><time>2025-01-19T04:09:13.999Z</time><speed>0.942</speed><sat>25</sat></trkpt>
  <trkpt lat="13.82398889" lon="100.05932455"><ele>-21.179</ele><time>2025-01-19T04:09:14.999Z</time><speed>1.308</speed><sat>24</sat></trkpt>
  <trkpt lat="13.82398724" lon="100.05930824"><ele>-21.217</ele><time>2025-01-19T04:09:15.999Z</time><speed>0.825</speed><sat>24</sat></trkpt>
  <trkpt lat="13.82399279" lon="100.05930134"><ele>-20.813</ele><time>2025-01-19T04:09:16.999Z</time><speed>0.836</speed><sat>22</sat></trkpt>
  <trkpt lat="13.82399321" lon="100.05928635"><ele>-20.348</ele><time>2025-01-19T04:09:17.999Z</time><speed>1.019</speed><sat>24</sat></trkpt>
  <trkpt lat="13.82399945" lon="100.05927398"><ele>-20.103</ele><time>2025-01-19T04:09:18.999Z</time><speed>0.977</speed><sat>24</sat></trkpt>
  <trkpt lat="13.82400277" lon="100.05926398"><ele>-19.655</ele><time>2025-01-19T04:09:19.999Z</time><speed>0.986</speed><sat>25</sat></trkpt>
  <trkpt lat="13.82400770" lon="100.05925929"><ele>-19.586</ele><time>2025-01-19T04:09:20.999Z</time><speed>1.109</speed><sat>26</sat></trkpt>
  <trkpt lat="13.82401695" lon="100.05924627"><ele>-19.571</ele><time>2025-01-19T04:09:21.999Z</time><speed>1.051</speed><sat>26</sat></trkpt>
  <trkpt lat="13.82402815" lon="100.05924104"><ele>-19.512</ele><time>2025-01-19T04:09:22.999Z</time><speed>0.816</speed><sat>24</sat></trkpt>
  <trkpt lat="13.82403173" lon="100.05923586"><ele>-19.029</ele><time>2025-01-19T04:09:23.999Z</time><speed>0.742</speed><sat>24</sat></trkpt>
  <trkpt lat="13.82403001" lon="100.05922421"><ele>-18.529</ele><time>2025-01-19T04:09:24.999Z</time><speed>0.819</speed><sat>25</sat></trkpt>
  <trkpt lat="13.82403138" lon="100.05920562"><ele>-18.440</ele><time>2025-01-19T04:09:25.999Z</time><speed>0.718</speed><sat>26</sat></trkpt>
  <trkpt lat="13.82403198" lon="100.05919406"><ele>-18.186</ele><time>2025-01-19T04:09:26.999Z</time><speed>0.425</speed><sat>26</sat></trkpt>
  <trkpt lat="13.82403480" lon="100.05918221"><ele>-18.409</ele><time>2025-01-19T04:09:27.999Z</time><speed>0.000</speed><sat>24</sat></trkpt>
  <trkpt lat="13.82403480" lon="100.05918221"><ele>-18.419</ele><time>2025-01-19T04:09:28.999Z</time><speed>0.000</speed><sat>26</sat></trkpt>
  <trkpt lat="13.82403439" lon="100.05915257"><ele>-17.746</ele><time>2025-01-19T04:09:29.999Z</time><speed>1.389</speed><sat>25</sat></trkpt>
  <trkpt lat="13.82403539" lon="100.05913305"><ele>-16.985</ele><time>2025-01-19T04:09:30.999Z</time><speed>1.454</speed><sat>26</sat></trkpt>
  <trkpt lat="13.82403704" lon="100.05912330"><ele>-17.244</ele><time>2025-01-19T04:09:31.999Z</time><speed>0.984</speed><sat>26</sat></trkpt>
  <trkpt lat="13.82403953" lon="100.05911894"><ele>-17.656</ele><time>2025-01-19T04:09:32.999Z</time><speed>0.947</speed><sat>26</sat></trkpt>
  <trkpt lat="13.82403906" lon="100.05911400"><ele>-18.129</ele><time>2025-01-19T04:09:33.999Z</time><speed>0.976</speed><sat>26</sat></trkpt>
  <trkpt lat="13.82403553" lon="100.05910585"><ele>-18.121</ele><time>2025-01-19T04:09:34.999Z</time><speed>0.781</speed><sat>26</sat></trkpt>
  <trkpt lat="13.82403289" lon="100.05909920"><ele>-18.831</ele><time>2025-01-19T04:09:35.999Z</time><speed>0.000</speed><sat>26</sat></trkpt>
  <trkpt lat="13.82403268" lon="100.05909392"><ele>-19.333</ele><time>2025-01-19T04:09:36.999Z</time><speed>0.405</speed><sat>25</sat></trkpt>
  <trkpt lat="13.82403559" lon="100.05909365"><ele>-18.950</ele><time>2025-01-19T04:09:37.999Z</time><speed>0.397</speed><sat>26</sat></trkpt>
  <trkpt lat="13.82403828" lon="100.05908848"><ele>-18.682</ele><time>2025-01-19T04:09:38.999Z</time><speed>0.507</speed><sat>24</sat></trkpt>
  <trkpt lat="13.82403982" lon="100.05908363"><ele>-19.817</ele><time>2025-01-19T04:09:39.999Z</time><speed>0.000</speed><sat>26</sat></trkpt>
  <trkpt lat="13.82403982" lon="100.05908363"><ele>-20.355</ele><time>2025-01-19T04:09:40.999Z</time><speed>0.000</speed><sat>26</sat></trkpt>
  <trkpt lat="13.82403982" lon="100.05908363"><ele>-20.591</ele><time>2025-01-19T04:09:41.999Z</time><speed>0.000</speed><sat>26</sat></trkpt>
  <trkpt lat="13.82403982" lon="100.05908363"><ele>-21.009</ele><time>2025-01-19T04:09:42.999Z</time><speed>0.000</speed><sat>26</sat></trkpt>
  <trkpt lat="13.82404033" lon="100.05908678"><ele>-21.388</ele><time>2025-01-19T04:09:43.999Z</time><speed>0.495</speed><sat>27</sat></trkpt>
  <trkpt lat="13.82403137" lon="100.05908940"><ele>-22.540</ele><time>2025-01-19T04:09:44.999Z</time><speed>0.630</speed><sat>27</sat></trkpt>
  <trkpt lat="13.82401837" lon="100.05909172"><ele>-23.317</ele><time>2025-01-19T04:09:45.999Z</time><speed>0.857</speed><sat>25</sat></trkpt>
  <trkpt lat="13.82400344" lon="100.05909352"><ele>-23.060</ele><time>2025-01-19T04:09:46.999Z</time><speed>1.457</speed><sat>26</sat></trkpt>
  <trkpt lat="13.82397950" lon="100.05910001"><ele>-23.663</ele><time>2025-01-19T04:09:47.999Z</time><speed>0.777</speed><sat>25</sat></trkpt>
  <trkpt lat="13.82397747" lon="100.05910085"><ele>-23.521</ele><time>2025-01-19T04:09:48.999Z</time><speed>0.000</speed><sat>25</sat></trkpt>
  <trkpt lat="13.82397747" lon="100.05910085"><ele>-23.612</ele><time>2025-01-19T04:09:49.999Z</time><speed>0.000</speed><sat>24</sat></trkpt>
  <trkpt lat="13.82397747" lon="100.05910085"><ele>-23.888</ele><time>2025-01-19T04:09:50.999Z</time><speed>0.000</speed><sat>25</sat></trkpt>
  <trkpt lat="13.82395510" lon="100.05910007"><ele>-24.142</ele><time>2025-01-19T04:09:51.999Z</time><speed>0.434</speed><sat>23</sat></trkpt>
  <trkpt lat="13.82394046" lon="100.05910646"><ele>-24.261</ele><time>2025-01-19T04:09:52.999Z</time><speed>0.000</speed><sat>23</sat></trkpt>
  <trkpt lat="13.82394046" lon="100.05910646"><ele>-24.269</ele><time>2025-01-19T04:09:53.999Z</time><speed>0.000</speed><sat>26</sat></trkpt>
  <trkpt lat="13.82394046" lon="100.05910646"><ele>-24.476</ele><time>2025-01-19T04:09:54.999Z</time><speed>0.000</speed><sat>25</sat></trkpt>
  <trkpt lat="13.82394046" lon="100.05910646"><ele>-24.510</ele><time>2025-01-19T04:09:55.999Z</time><speed>0.000</speed><sat>26</sat></trkpt>
  <trkpt lat="13.82394046" lon="100.05910646"><ele>-24.444</ele><time>2025-01-19T04:09:56.999Z</time><speed>0.000</speed><sat>26</sat></trkpt>
  <trkpt lat="13.82394046" lon="100.05910646"><ele>-24.377</ele><time>2025-01-19T04:09:57.999Z</time><speed>0.000</speed><sat>24</sat></trkpt>
  <trkpt lat="13.82394046" lon="100.05910646"><ele>-24.484</ele><time>2025-01-19T04:09:58.999Z</time><speed>0.000</speed><sat>22</sat></trkpt>
  <trkpt lat="13.82394046" lon="100.05910646"><ele>-24.429</ele><time>2025-01-19T04:09:59.999Z</time><speed>0.000</speed><sat>23</sat></trkpt>
  <trkpt lat="13.82394046" lon="100.05910646"><ele>-24.514</ele><time>2025-01-19T04:10:00.999Z</time><speed>0.000</speed><sat>20</sat></trkpt>
  <trkpt lat="13.82391203" lon="100.05910033"><ele>-24.734</ele><time>2025-01-19T04:10:01.999Z</time><speed>0.351</speed><sat>20</sat></trkpt>
  <trkpt lat="13.82390724" lon="100.05909457"><ele>-24.815</ele><time>2025-01-19T04:10:02.999Z</time><speed>0.000</speed><sat>20</sat></trkpt>
  <trkpt lat="13.82390724" lon="100.05909457"><ele>-24.822</ele><time>2025-01-19T04:10:03.999Z</time><speed>0.000</speed><sat>14</sat></trkpt>
  <trkpt lat="13.82390724" lon="100.05909457"><ele>-24.845</ele><time>2025-01-19T04:10:04.999Z</time><speed>0.000</speed><sat>12</sat></trkpt>
  <trkpt lat="13.82390724" lon="100.05909457"><ele>-24.882</ele><time>2025-01-19T04:10:05.999Z</time><speed>0.000</speed><sat>11</sat></trkpt>
  <trkpt lat="13.82390724" lon="100.05909457"><ele>-24.932</ele><time>2025-01-19T04:10:06.999Z</time><speed>0.000</speed><sat>9</sat></trkpt>
  <trkpt lat="13.82390724" lon="100.05909457"><ele>-24.863</ele><time>2025-01-19T04:10:07.999Z</time><speed>0.000</speed><sat>6</sat></trkpt>
  <trkpt lat="13.82405732" lon="100.05896729"><ele>-16.560</ele><time>2025-01-19T04:16:51Z</time><speed>1.137</speed><sat>9</sat></trkpt>
  <trkpt lat="13.82402737" lon="100.05899942"><ele>-16.565</ele><time>2025-01-19T04:16:52Z</time><speed>1.275</speed><sat>9</sat></trkpt>
  <trkpt lat="13.82402282" lon="100.05902135"><ele>-15.873</ele><time>2025-01-19T04:16:53Z</time><speed>1.678</speed><sat>9</sat></trkpt>
  <trkpt lat="13.82402767" lon="100.05904279"><ele>-15.482</ele><time>2025-01-19T04:16:54Z</time><speed>1.911</speed><sat>7</sat></trkpt>
  <trkpt lat="13.82403164" lon="100.05905706"><ele>-15.140</ele><time>2025-01-19T04:16:55Z</time><speed>1.762</speed><sat>6</sat></trkpt>
  <trkpt lat="13.82401803" lon="100.05905153"><ele>-15.138</ele><time>2025-01-19T04:16:56Z</time><speed>0.709</speed><sat>9</sat></trkpt>
  <trkpt lat="13.82400710" lon="100.05904662"><ele>-16.894</ele><time>2025-01-19T04:16:57Z</time><speed>0.762</speed><sat>11</sat></trkpt>
  <trkpt lat="13.82400292" lon="100.05903797"><ele>-15.840</ele><time>2025-01-19T04:16:58Z</time><speed>0.566</speed><sat>12</sat></trkpt>
  <trkpt lat="13.82397839" lon="100.05903220"><ele>-15.773</ele><time>2025-01-19T04:16:59Z</time><speed>0.419</speed><sat>13</sat></trkpt>
  <trkpt lat="13.82394620" lon="100.05903388"><ele>-15.916</ele><time>2025-01-19T04:17:00Z</time><speed>0.418</speed><sat>13</sat></trkpt>
  <trkpt lat="13.82394376" lon="100.05904375"><ele>-14.893</ele><time>2025-01-19T04:17:01Z</time><speed>0.373</speed><sat>13</sat></trkpt>
  <trkpt lat="13.82393108" lon="100.05903727"><ele>-14.355</ele><time>2025-01-19T04:17:02Z</time><speed>0.321</speed><sat>14</sat></trkpt>
  <trkpt lat="13.82392998" lon="100.05903643"><ele>-13.829</ele><time>2025-01-19T04:17:03Z</time><speed>0.000</speed><sat>14</sat></trkpt>
  <trkpt lat="13.82392998" lon="100.05903643"><ele>-15.426</ele><time>2025-01-19T04:17:04Z</time><speed>0.000</speed><sat>11</sat></trkpt>
  <trkpt lat="13.82392998" lon="100.05903643"><ele>-15.322</ele><time>2025-01-19T04:17:05Z</time><speed>0.000</speed><sat>10</sat></trkpt>
  <trkpt lat="13.82392998" lon="100.05903643"><ele>-15.102</ele><time>2025-01-19T04:17:06Z</time><speed>0.000</speed><sat>8</sat></trkpt>
  <trkpt lat="13.82392998" lon="100.05903643"><ele>-14.909</ele><time>2025-01-19T04:17:07Z</time><speed>0.000</speed><sat>7</sat></trkpt>
  <trkpt lat="13.82392998" lon="100.05903643"><ele>-15.007</ele><time>2025-01-19T04:17:08Z</time><speed>0.000</speed><sat>12</sat></trkpt>
  <trkpt lat="13.82392998" lon="100.05903643"><ele>-14.887</ele><time>2025-01-19T04:17:09Z</time><speed>0.000</speed><sat>12</sat></trkpt>
  <trkpt lat="13.82392998" lon="100.05903643"><ele>-15.290</ele><time>2025-01-19T04:17:10Z</time><speed>0.000</speed><sat>10</sat></trkpt>
  <trkpt lat="13.82392998" lon="100.05903643"><ele>-15.738</ele><time>2025-01-19T04:17:11Z</time><speed>0.000</speed><sat>10</sat></trkpt>
  <trkpt lat="13.82392998" lon="100.05903643"><ele>-16.152</ele><time>2025-01-19T04:17:12Z</time><speed>0.000</speed><sat>9</sat></trkpt>
  <trkpt lat="13.82392998" lon="100.05903643"><ele>-16.112</ele><time>2025-01-19T04:17:13Z</time><speed>0.000</speed><sat>9</sat></trkpt>
  <trkpt lat="13.82392998" lon="100.05903643"><ele>-15.941</ele><time>2025-01-19T04:17:14Z</time><speed>0.000</speed><sat>9</sat></trkpt>
  <trkpt lat="13.82392998" lon="100.05903643"><ele>-15.894</ele><time>2025-01-19T04:17:15Z</time><speed>0.000</speed><sat>11</sat></trkpt>
  <trkpt lat="13.82392998" lon="100.05903643"><ele>-15.781</ele><time>2025-01-19T04:17:16Z</time><speed>0.000</speed><sat>10</sat></trkpt>
  <trkpt lat="13.82392998" lon="100.05903643"><ele>-15.543</ele><time>2025-01-19T04:17:17Z</time><speed>0.000</speed><sat>9</sat></trkpt>
  <trkpt lat="13.82392998" lon="100.05903643"><ele>-15.802</ele><time>2025-01-19T04:17:18Z</time><speed>0.000</speed><sat>7</sat></trkpt>
  <trkpt lat="13.82392998" lon="100.05903643"><ele>-15.750</ele><time>2025-01-19T04:17:19Z</time><speed>0.000</speed><sat>8</sat></trkpt>
  <trkpt lat="13.82392998" lon="100.05903643"><ele>-15.992</ele><time>2025-01-19T04:17:20Z</time><speed>0.000</speed><sat>9</sat></trkpt>
  <trkpt lat="13.82392998" lon="100.05903643"><ele>-15.765</ele><time>2025-01-19T04:17:21Z</time><speed>0.000</speed><sat>10</sat></trkpt>
  <trkpt lat="13.82392998" lon="100.05903643"><ele>-15.767</ele><time>2025-01-19T04:17:22Z</time><speed>0.000</speed><sat>11</sat></trkpt>
  <trkpt lat="13.82392998" lon="100.05903643"><ele>-16.092</ele><time>2025-01-19T04:17:23Z</time><speed>0.000</speed><sat>12</sat></trkpt>
  <trkpt lat="13.82392998" lon="100.05903643"><ele>-14.792</ele><time>2025-01-19T04:17:24Z</time><speed>0.000</speed><sat>13</sat></trkpt>
  <trkpt lat="13.82392998" lon="100.05903643"><ele>-14.843</ele><time>2025-01-19T04:17:25Z</time><speed>0.000</speed><sat>15</sat></trkpt>
  <trkpt lat="13.82392998" lon="100.05903643"><ele>-15.586</ele><time>2025-01-19T04:17:26Z</time><speed>0.000</speed><sat>15</sat></trkpt>
  <trkpt lat="13.82392998" lon="100.05903643"><ele>-16.160</ele><time>2025-01-19T04:17:27Z</time><speed>0.000</speed><sat>14</sat></trkpt>
  <trkpt lat="13.82392998" lon="100.05903643"><ele>-16.592</ele><time>2025-01-19T04:17:28Z</time><speed>0.000</speed><sat>15</sat></trkpt>
  <trkpt lat="13.82392998" lon="100.05903643"><ele>-16.983</ele><time>2025-01-19T04:17:29Z</time><speed>0.000</speed><sat>15</sat></trkpt>
  <trkpt lat="13.82392998" lon="100.05903643"><ele>-16.935</ele><time>2025-01-19T04:17:30Z</time><speed>0.000</speed><sat>12</sat></trkpt>
  <trkpt lat="13.82392998" lon="100.05903643"><ele>-17.296</ele><time>2025-01-19T04:17:31Z</time><speed>0.000</speed><sat>16</sat></trkpt>
  <trkpt lat="13.82392998" lon="100.05903643"><ele>-17.938</ele><time>2025-01-19T04:17:32Z</time><speed>0.000</speed><sat>16</sat></trkpt>
  <trkpt lat="13.82392998" lon="100.05903643"><ele>-17.999</ele><time>2025-01-19T04:17:33Z</time><speed>0.000</speed><sat>17</sat></trkpt>
  <trkpt lat="13.82392998" lon="100.05903643"><ele>-18.650</ele><time>2025-01-19T04:17:34Z</time><speed>0.000</speed><sat>17</sat></trkpt>
  <trkpt lat="13.82392998" lon="100.05903643"><ele>-18.844</ele><time>2025-01-19T04:17:35Z</time><speed>0.000</speed><sat>16</sat></trkpt>
  <trkpt lat="13.82392998" lon="100.05903643"><ele>-19.501</ele><time>2025-01-19T04:17:36Z</time><speed>0.000</speed><sat>17</sat></trkpt>
  <trkpt lat="13.82387003" lon="100.05904603"><ele>-20.023</ele><time>2025-01-19T04:17:37Z</time><speed>0.000</speed><sat>16</sat></trkpt>
  <trkpt lat="13.82387003" lon="100.05904603"><ele>-21.188</ele><time>2025-01-19T04:17:38Z</time><speed>0.000</speed><sat>16</sat></trkpt>
  <trkpt lat="13.82387003" lon="100.05904603"><ele>-21.861</ele><time>2025-01-19T04:17:39Z</time><speed>0.000</speed><sat>18</sat></trkpt>
  <trkpt lat="13.82387003" lon="100.05904603"><ele>-22.155</ele><time>2025-01-19T04:17:40Z</time><speed>0.000</speed><sat>21</sat></trkpt>
  <trkpt lat="13.82387003" lon="100.05904603"><ele>-21.975</ele><time>2025-01-19T04:17:41Z</time><speed>0.000</speed><sat>16</sat></trkpt>
  <trkpt lat="13.82387003" lon="100.05904603"><ele>-21.930</ele><time>2025-01-19T04:17:42Z</time><speed>0.000</speed><sat>16</sat></trkpt>
  <trkpt lat="13.82387003" lon="100.05904603"><ele>-22.110</ele><time>2025-01-19T04:17:43Z</time><speed>0.000</speed><sat>16</sat></trkpt>
  <trkpt lat="13.82387003" lon="100.05904603"><ele>-21.957</ele><time>2025-01-19T04:17:44Z</time><speed>0.000</speed><sat>13</sat></trkpt>
  <trkpt lat="13.82387003" lon="100.05904603"><ele>-21.913</ele><time>2025-01-19T04:17:45Z</time><speed>0.000</speed><sat>13</sat></trkpt>
  <trkpt lat="13.82387003" lon="100.05904603"><ele>-21.698</ele><time>2025-01-19T04:17:46Z</time><speed>0.000</speed><sat>14</sat></trkpt>
  <trkpt lat="13.82387003" lon="100.05904603"><ele>-21.254</ele><time>2025-01-19T04:17:47Z</time><speed>0.000</speed><sat>14</sat></trkpt>
  <trkpt lat="13.82387003" lon="100.05904603"><ele>-21.064</ele><time>2025-01-19T04:17:48Z</time><speed>0.000</speed><sat>14</sat></trkpt>
  <trkpt lat="13.82387003" lon="100.05904603"><ele>-20.828</ele><time>2025-01-19T04:17:49Z</time><speed>0.000</speed><sat>15</sat></trkpt>
  <trkpt lat="13.82387003" lon="100.05904603"><ele>-20.599</ele><time>2025-01-19T04:17:50Z</time><speed>0.000</speed><sat>14</sat></trkpt>
  <trkpt lat="13.82387003" lon="100.05904603"><ele>-20.422</ele><time>2025-01-19T04:17:51Z</time><speed>0.000</speed><sat>14</sat></trkpt>
  <trkpt lat="13.82387003" lon="100.05904603"><ele>-20.325</ele><time>2025-01-19T04:17:52Z</time><speed>0.000</speed><sat>14</sat></trkpt>
  <trkpt lat="13.82387003" lon="100.05904603"><ele>-20.153</ele><time>2025-01-19T04:17:53Z</time><speed>0.000</speed><sat>13</sat></trkpt>
  <trkpt lat="13.82387003" lon="100.05904603"><ele>-20.044</ele><time>2025-01-19T04:17:54Z</time><speed>0.000</speed><sat>14</sat></trkpt>
  <trkpt lat="13.82387003" lon="100.05904603"><ele>-20.212</ele><time>2025-01-19T04:17:55Z</time><speed>0.000</speed><sat>15</sat></trkpt>
  <trkpt lat="13.82387003" lon="100.05904603"><ele>-20.209</ele><time>2025-01-19T04:17:56Z</time><speed>0.000</speed><sat>14</sat></trkpt>
  <trkpt lat="13.82387003" lon="100.05904603"><ele>-20.216</ele><time>2025-01-19T04:17:57Z</time><speed>0.000</speed><sat>12</sat></trkpt>
  <trkpt lat="13.82387003" lon="100.05904603"><ele>-20.207</ele><time>2025-01-19T04:17:58Z</time><speed>0.000</speed><sat>14</sat></trkpt>
  <trkpt lat="13.82387003" lon="100.05904603"><ele>-20.215</ele><time>2025-01-19T04:17:59Z</time><speed>0.000</speed><sat>14</sat></trkpt>
  <trkpt lat="13.82387003" lon="100.05904603"><ele>-20.204</ele><time>2025-01-19T04:18:00Z</time><speed>0.000</speed><sat>14</sat></trkpt>
  <trkpt lat="13.82387003" lon="100.05904603"><ele>-20.126</ele><time>2025-01-19T04:18:01Z</time><speed>0.000</speed><sat>15</sat></trkpt>
  <trkpt lat="13.82387003" lon="100.05904603"><ele>-20.170</ele><time>2025-01-19T04:18:02Z</time><speed>0.000</speed><sat>14</sat></trkpt>
  <trkpt lat="13.82387003" lon="100.05904603"><ele>-20.168</ele><time>2025-01-19T04:18:03Z</time><speed>0.000</speed><sat>13</sat></trkpt>
  <trkpt lat="13.82387003" lon="100.05904603"><ele>-20.178</ele><time>2025-01-19T04:18:04Z</time><speed>0.000</speed><sat>13</sat></trkpt>
  <trkpt lat="13.82387003" lon="100.05904603"><ele>-20.233</ele><time>2025-01-19T04:18:05Z</time><speed>0.000</speed><sat>14</sat></trkpt>
  <trkpt lat="13.82387003" lon="100.05904603"><ele>-20.194</ele><time>2025-01-19T04:18:06Z</time><speed>0.000</speed><sat>14</sat></trkpt>
  <trkpt lat="13.82387003" lon="100.05904603"><ele>-20.139</ele><time>2025-01-19T04:18:07Z</time><speed>0.000</speed><sat>14</sat></trkpt>
  <trkpt lat="13.82387003" lon="100.05904603"><ele>-20.315</ele><time>2025-01-19T04:18:08Z</time><speed>0.000</speed><sat>14</sat></trkpt>
  <trkpt lat="13.82387003" lon="100.05904603"><ele>-20.098</ele><time>2025-01-19T04:18:09Z</time><speed>0.000</speed><sat>12</sat></trkpt>
  <trkpt lat="13.82387003" lon="100.05904603"><ele>-20.479</ele><time>2025-01-19T04:18:10Z</time><speed>0.000</speed><sat>12</sat></trkpt>
  <trkpt lat="13.82387003" lon="100.05904603"><ele>-20.202</ele><time>2025-01-19T04:18:11Z</time><speed>0.000</speed><sat>12</sat></trkpt>
  <trkpt lat="13.82387003" lon="100.05904603"><ele>-20.119</ele><time>2025-01-19T04:18:12Z</time><speed>0.000</speed><sat>11</sat></trkpt>
  <trkpt lat="13.82387003" lon="100.05904603"><ele>-19.926</ele><time>2025-01-19T04:18:13Z</time><speed>0.000</speed><sat>12</sat></trkpt>
  <trkpt lat="13.82387003" lon="100.05904603"><ele>-19.818</ele><time>2025-01-19T04:18:14Z</time><speed>0.000</speed><sat>12</sat></trkpt>
  <trkpt lat="13.82387003" lon="100.05904603"><ele>-19.718</ele><time>2025-01-19T04:18:15Z</time><speed>0.000</speed><sat>12</sat></trkpt>
  <trkpt lat="13.82387003" lon="100.05904603"><ele>-19.635</ele><time>2025-01-19T04:18:16Z</time><speed>0.000</speed><sat>12</sat></trkpt>
  <trkpt lat="13.82387003" lon="100.05904603"><ele>-19.502</ele><time>2025-01-19T04:18:17Z</time><speed>0.000</speed><sat>12</sat></trkpt>
  <trkpt lat="13.82387003" lon="100.05904603"><ele>-19.395</ele><time>2025-01-19T04:18:18Z</time><speed>0.000</speed><sat>12</sat></trkpt>
  <trkpt lat="13.82387003" lon="100.05904603"><ele>-19.336</ele><time>2025-01-19T04:18:19Z</time><speed>0.000</speed><sat>14</sat></trkpt>
  <trkpt lat="13.82387003" lon="100.05904603"><ele>-19.140</ele><time>2025-01-19T04:18:20Z</time><speed>0.000</speed><sat>13</sat></trkpt>
  <trkpt lat="13.82387003" lon="100.05904603"><ele>-19.095</ele><time>2025-01-19T04:18:21Z</time><speed>0.000</speed><sat>14</sat></trkpt>
  <trkpt lat="13.82387003" lon="100.05904603"><ele>-18.911</ele><time>2025-01-19T04:18:22Z</time><speed>0.000</speed><sat>15</sat></trkpt>
  <trkpt lat="13.82387003" lon="100.05904603"><ele>-18.823</ele><time>2025-01-19T04:18:23Z</time><speed>0.000</speed><sat>13</sat></trkpt>
  <trkpt lat="13.82387003" lon="100.05904603"><ele>-18.692</ele><time>2025-01-19T04:18:24Z</time><speed>0.000</speed><sat>12</sat></trkpt>
  <trkpt lat="13.82387003" lon="100.05904603"><ele>-18.571</ele><time>2025-01-19T04:18:25Z</time><speed>0.000</speed><sat>12</sat></trkpt>
  <trkpt lat="13.82387003" lon="100.05904603"><ele>-18.369</ele><time>2025-01-19T04:18:26Z</time><speed>0.000</speed><sat>12</sat></trkpt>
  <trkpt lat="13.82387003" lon="100.05904603"><ele>-18.309</ele><time>2025-01-19T04:18:27Z</time><speed>0.000</speed><sat>13</sat></trkpt>
  <trkpt lat="13.82387003" lon="100.05904603"><ele>-18.339</ele><time>2025-01-19T04:18:28Z</time><speed>0.000</speed><sat>14</sat></trkpt>
  <trkpt lat="13.82387003" lon="100.05904603"><ele>-18.186</ele><time>2025-01-19T04:18:29Z</time><speed>0.000</speed><sat>15</sat></trkpt>
  <trkpt lat="13.82387003" lon="100.05904603"><ele>-17.978</ele><time>2025-01-19T04:18:30Z</time><speed>0.000</speed><sat>14</sat></trkpt>
  <trkpt lat="13.82387003" lon="100.05904603"><ele>-17.630</ele><time>2025-01-19T04:18:31Z</time><speed>0.000</speed><sat>14</sat></trkpt>
  <trkpt lat="13.82387003" lon="100.05904603"><ele>-17.467</ele><time>2025-01-19T04:18:32Z</time><speed>0.000</speed><sat>13</sat></trkpt>
  <trkpt lat="13.82387003" lon="100.05904603"><ele>-17.398</ele><time>2025-01-19T04:18:33Z</time><speed>0.000</speed><sat>13</sat></trkpt>
  <trkpt lat="13.82387003" lon="100.05904603"><ele>-17.262</ele><time>2025-01-19T04:18:34Z</time><speed>0.000</speed><sat>12</sat></trkpt>
  <trkpt lat="13.82387003" lon="100.05904603"><ele>-17.281</ele><time>2025-01-19T04:18:35Z</time><speed>0.000</speed><sat>10</sat></trkpt>
  <trkpt lat="13.82387003" lon="100.05904603"><ele>-17.253</ele><time>2025-01-19T04:18:36Z</time><speed>0.000</speed><sat>12</sat></trkpt>
  <trkpt lat="13.82387003" lon="100.05904603"><ele>-17.137</ele><time>2025-01-19T04:18:37Z</time><speed>0.000</speed><sat>12</sat></trkpt>
  <trkpt lat="13.82387003" lon="100.05904603"><ele>-17.205</ele><time>2025-01-19T04:18:38Z</time><speed>0.000</speed><sat>13</sat></trkpt>
  <trkpt lat="13.82387003" lon="100.05904603"><ele>-17.221</ele><time>2025-01-19T04:18:39Z</time><speed>0.000</speed><sat>13</sat></trkpt>
  <trkpt lat="13.82387003" lon="100.05904603"><ele>-17.208</ele><time>2025-01-19T04:18:40Z</time><speed>0.000</speed><sat>13</sat></trkpt>
  <trkpt lat="13.82387003" lon="100.05904603"><ele>-17.185</ele><time>2025-01-19T04:18:41Z</time><speed>0.000</speed><sat>13</sat></trkpt>
  <trkpt lat="13.82387003" lon="100.05904603"><ele>-17.190</ele><time>2025-01-19T04:18:42Z</time><speed>0.000</speed><sat>13</sat></trkpt>
  <trkpt lat="13.82387003" lon="100.05904603"><ele>-17.203</ele><time>2025-01-19T04:18:43Z</time><speed>0.000</speed><sat>13</sat></trkpt>
  <trkpt lat="13.82387003" lon="100.05904603"><ele>-17.256</ele><time>2025-01-19T04:18:44Z</time><speed>0.000</speed><sat>12</sat></trkpt>
  <trkpt lat="13.82387003" lon="100.05904603"><ele>-17.215</ele><time>2025-01-19T04:18:45Z</time><speed>0.000</speed><sat>12</sat></trkpt>
  <trkpt lat="13.82387003" lon="100.05904603"><ele>-17.244</ele><time>2025-01-19T04:18:46Z</time><speed>0.000</speed><sat>12</sat></trkpt>
  <trkpt lat="13.82387003" lon="100.05904603"><ele>-17.401</ele><time>2025-01-19T04:18:47Z</time><speed>0.000</speed><sat>12</sat></trkpt>
  <trkpt lat="13.82387003" lon="100.05904603"><ele>-17.531</ele><time>2025-01-19T04:18:48Z</time><speed>0.000</speed><sat>11</sat></trkpt>
  <trkpt lat="13.82387003" lon="100.05904603"><ele>-17.539</ele><time>2025-01-19T04:18:49Z</time><speed>0.000</speed><sat>13</sat></trkpt>
  <trkpt lat="13.82387003" lon="100.05904603"><ele>-17.496</ele><time>2025-01-19T04:18:50Z</time><speed>0.000</speed><sat>13</sat></trkpt>
  <trkpt lat="13.82387003" lon="100.05904603"><ele>-17.575</ele><time>2025-01-19T04:18:51Z</time><speed>0.000</speed><sat>13</sat></trkpt>
  <trkpt lat="13.82387003" lon="100.05904603"><ele>-17.606</ele><time>2025-01-19T04:18:52Z</time><speed>0.000</speed><sat>13</sat></trkpt>
  <trkpt lat="13.82387003" lon="100.05904603"><ele>-17.709</ele><time>2025-01-19T04:18:53Z</time><speed>0.000</speed><sat>12</sat></trkpt>
  <trkpt lat="13.82387003" lon="100.05904603"><ele>-17.744</ele><time>2025-01-19T04:18:54Z</time><speed>0.000</speed><sat>12</sat></trkpt>
  <trkpt lat="13.82387003" lon="100.05904603"><ele>-17.917</ele><time>2025-01-19T04:18:55Z</time><speed>0.000</speed><sat>12</sat></trkpt>
  <trkpt lat="13.82387003" lon="100.05904603"><ele>-17.957</ele><time>2025-01-19T04:18:56Z</time><speed>0.000</speed><sat>12</sat></trkpt>
  <trkpt lat="13.82387003" lon="100.05904603"><ele>-18.030</ele><time>2025-01-19T04:18:57Z</time><speed>0.000</speed><sat>12</sat></trkpt>
  <trkpt lat="13.82387003" lon="100.05904603"><ele>-18.048</ele><time>2025-01-19T04:18:58Z</time><speed>0.000</speed><sat>13</sat></trkpt>
  <trkpt lat="13.82387003" lon="100.05904603"><ele>-18.034</ele><time>2025-01-19T04:18:59Z</time><speed>0.000</speed><sat>12</sat></trkpt>
  <trkpt lat="13.82387003" lon="100.05904603"><ele>-17.989</ele><time>2025-01-19T04:19:00Z</time><speed>0.000</speed><sat>12</sat></trkpt>
  <trkpt lat="13.82387003" lon="100.05904603"><ele>-18.031</ele><time>2025-01-19T04:19:01Z</time><speed>0.000</speed><sat>12</sat></trkpt>
  <trkpt lat="13.82387003" lon="100.05904603"><ele>-17.968</ele><time>2025-01-19T04:19:02Z</time><speed>0.000</speed><sat>12</sat></trkpt>
  <trkpt lat="13.82387003" lon="100.05904603"><ele>-17.947</ele><time>2025-01-19T04:19:03Z</time><speed>0.000</speed><sat>12</sat></trkpt>
  <trkpt lat="13.82387003" lon="100.05904603"><ele>-17.851</ele><time>2025-01-19T04:19:04Z</time><speed>0.000</speed><sat>14</sat></trkpt>
  <trkpt lat="13.82387003" lon="100.05904603"><ele>-17.804</ele><time>2025-01-19T04:19:05Z</time><speed>0.000</speed><sat>14</sat></trkpt>
  <trkpt lat="13.82387003" lon="100.05904603"><ele>-17.827</ele><time>2025-01-19T04:19:06Z</time><speed>0.000</speed><sat>15</sat></trkpt>
  <trkpt lat="13.82387003" lon="100.05904603"><ele>-17.827</ele><time>2025-01-19T04:19:07Z</time><speed>0.000</speed><sat>13</sat></trkpt>
  <trkpt lat="13.82387003" lon="100.05904603"><ele>-17.794</ele><time>2025-01-19T04:19:08Z</time><speed>0.000</speed><sat>12</sat></trkpt>
  <trkpt lat="13.82387003" lon="100.05904603"><ele>-17.676</ele><time>2025-01-19T04:19:09Z</time><speed>0.000</speed><sat>12</sat></trkpt>
  <trkpt lat="13.82387003" lon="100.05904603"><ele>-17.548</ele><time>2025-01-19T04:19:10Z</time><speed>0.000</speed><sat>11</sat></trkpt>
  <trkpt lat="13.82387003" lon="100.05904603"><ele>-17.458</ele><time>2025-01-19T04:19:11Z</time><speed>0.000</speed><sat>11</sat></trkpt>
  <trkpt lat="13.82387003" lon="100.05904603"><ele>-17.462</ele><time>2025-01-19T04:19:12Z</time><speed>0.000</speed><sat>13</sat></trkpt>
  <trkpt lat="13.82387003" lon="100.05904603"><ele>-17.293</ele><time>2025-01-19T04:19:13Z</time><speed>0.000</speed><sat>14</sat></trkpt>
  <trkpt lat="13.82387003" lon="100.05904603"><ele>-17.182</ele><time>2025-01-19T04:19:14Z</time><speed>0.000</speed><sat>12</sat></trkpt>
  <trkpt lat="13.82387003" lon="100.05904603"><ele>-17.115</ele><time>2025-01-19T04:19:15Z</time><speed>0.000</speed><sat>12</sat></trkpt>
  <trkpt lat="13.82387003" lon="100.05904603"><ele>-17.105</ele><time>2025-01-19T04:19:16Z</time><speed>0.000</speed><sat>12</sat></trkpt>
  <trkpt lat="13.82387003" lon="100.05904603"><ele>-17.159</ele><time>2025-01-19T04:19:17Z</time><speed>0.000</speed><sat>12</sat></trkpt>
  <trkpt lat="13.82387003" lon="100.05904603"><ele>-17.174</ele><time>2025-01-19T04:19:18Z</time><speed>0.000</speed><sat>12</sat></trkpt>
  <trkpt lat="13.82387003" lon="100.05904603"><ele>-17.163</ele><time>2025-01-19T04:19:19Z</time><speed>0.000</speed><sat>12</sat></trkpt>
  <trkpt lat="13.82387003" lon="100.05904603"><ele>-17.226</ele><time>2025-01-19T04:19:20Z</time><speed>0.000</speed><sat>12</sat></trkpt>
  <trkpt lat="13.82387003" lon="100.05904603"><ele>-17.297</ele><time>2025-01-19T04:19:21Z</time><speed>0.000</speed><sat>12</sat></trkpt>
  <trkpt lat="13.82387003" lon="100.05904603"><ele>-17.380</ele><time>2025-01-19T04:19:22Z</time><speed>0.000</speed><sat>12</sat></trkpt>
  <trkpt lat="13.82387003" lon="100.05904603"><ele>-17.559</ele><time>2025-01-19T04:19:23Z</time><speed>0.000</speed><sat>12</sat></trkpt>
  <trkpt lat="13.82387003" lon="100.05904603"><ele>-17.630</ele><time>2025-01-19T04:19:24Z</time><speed>0.000</speed><sat>13</sat></trkpt>
  <trkpt lat="13.82387003" lon="100.05904603"><ele>-17.681</ele><time>2025-01-19T04:19:25Z</time><speed>0.000</speed><sat>11</sat></trkpt>
  <trkpt lat="13.82387003" lon="100.05904603"><ele>-17.749</ele><time>2025-01-19T04:19:26Z</time><speed>0.000</speed><sat>11</sat></trkpt>
  <trkpt lat="13.82387003" lon="100.05904603"><ele>-17.798</ele><time>2025-01-19T04:19:27Z</time><speed>0.000</speed><sat>11</sat></trkpt>
  <trkpt lat="13.82387003" lon="100.05904603"><ele>-17.824</ele><time>2025-01-19T04:19:28Z</time><speed>0.000</speed><sat>11</sat></trkpt>
  <trkpt lat="13.82387003" lon="100.05904603"><ele>-17.805</ele><time>2025-01-19T04:19:29Z</time><speed>0.000</speed><sat>10</sat></trkpt>
  <trkpt lat="13.82387003" lon="100.05904603"><ele>-17.819</ele><time>2025-01-19T04:19:30Z</time><speed>0.000</speed><sat>11</sat></trkpt>
  <trkpt lat="13.82387003" lon="100.05904603"><ele>-17.896</ele><time>2025-01-19T04:19:31Z</time><speed>0.000</speed><sat>11</sat></trkpt>
  <trkpt lat="13.82387003" lon="100.05904603"><ele>-17.942</ele><time>2025-01-19T04:19:32Z</time><speed>0.000</speed><sat>12</sat></trkpt>
  <trkpt lat="13.82387003" lon="100.05904603"><ele>-17.934</ele><time>2025-01-19T04:19:33Z</time><speed>0.000</speed><sat>11</sat></trkpt>
  <trkpt lat="13.82387003" lon="100.05904603"><ele>-17.944</ele><time>2025-01-19T04:19:34Z</time><speed>0.000</speed><sat>12</sat></trkpt>
  <trkpt lat="13.82387003" lon="100.05904603"><ele>-17.900</ele><time>2025-01-19T04:19:35Z</time><speed>0.000</speed><sat>12</sat></trkpt>
  <trkpt lat="13.82387003" lon="100.05904603"><ele>-18.056</ele><time>2025-01-19T04:19:36Z</time><speed>0.000</speed><sat>13</sat></trkpt>
  <trkpt lat="13.82387003" lon="100.05904603"><ele>-18.026</ele><time>2025-01-19T04:19:37Z</time><speed>0.000</speed><sat>13</sat></trkpt>
  <trkpt lat="13.82387003" lon="100.05904603"><ele>-17.939</ele><time>2025-01-19T04:19:38Z</time><speed>0.000</speed><sat>13</sat></trkpt>
  <trkpt lat="13.82387003" lon="100.05904603"><ele>-17.983</ele><time>2025-01-19T04:19:39Z</time><speed>0.000</speed><sat>13</sat></trkpt>
  <trkpt lat="13.82387003" lon="100.05904603"><ele>-18.065</ele><time>2025-01-19T04:19:40Z</time><speed>0.000</speed><sat>13</sat></trkpt>
  <trkpt lat="13.82387003" lon="100.05904603"><ele>-18.096</ele><time>2025-01-19T04:19:41Z</time><speed>0.000</speed><sat>13</sat></trkpt>
  <trkpt lat="13.82387003" lon="100.05904603"><ele>-18.118</ele><time>2025-01-19T04:19:42Z</time><speed>0.000</speed><sat>13</sat></trkpt>
  <trkpt lat="13.82387003" lon="100.05904603"><ele>-18.191</ele><time>2025-01-19T04:19:43Z</time><speed>0.000</speed><sat>14</sat></trkpt>
  <trkpt lat="13.82387003" lon="100.05904603"><ele>-18.188</ele><time>2025-01-19T04:19:44Z</time><speed>0.000</speed><sat>14</sat></trkpt>
  <trkpt lat="13.82387003" lon="100.05904603"><ele>-18.205</ele><time>2025-01-19T04:19:45Z</time><speed>0.000</speed><sat>13</sat></trkpt>
  <trkpt lat="13.82387003" lon="100.05904603"><ele>-18.352</ele><time>2025-01-19T04:19:46Z</time><speed>0.000</speed><sat>13</sat></trkpt>
  <trkpt lat="13.82387003" lon="100.05904603"><ele>-18.378</ele><time>2025-01-19T04:19:47Z</time><speed>0.000</speed><sat>13</sat></trkpt>
  <trkpt lat="13.82387003" lon="100.05904603"><ele>-18.396</ele><time>2025-01-19T04:19:48Z</time><speed>0.000</speed><sat>13</sat></trkpt>
  <trkpt lat="13.82387003" lon="100.05904603"><ele>-18.444</ele><time>2025-01-19T04:19:49Z</time><speed>0.000</speed><sat>12</sat></trkpt>
  <trkpt lat="13.82387003" lon="100.05904603"><ele>-18.461</ele><time>2025-01-19T04:19:50Z</time><speed>0.000</speed><sat>12</sat></trkpt>
  <trkpt lat="13.82387003" lon="100.05904603"><ele>-18.486</ele><time>2025-01-19T04:19:51Z</time><speed>0.000</speed><sat>12</sat></trkpt>
  <trkpt lat="13.82387003" lon="100.05904603"><ele>-18.591</ele><time>2025-01-19T04:19:52Z</time><speed>0.000</speed><sat>13</sat></trkpt>
  <trkpt lat="13.82387003" lon="100.05904603"><ele>-18.592</ele><time>2025-01-19T04:19:53Z</time><speed>0.000</speed><sat>13</sat></trkpt>
  <trkpt lat="13.82387003" lon="100.05904603"><ele>-18.570</ele><time>2025-01-19T04:19:54Z</time><speed>0.000</speed><sat>12</sat></trkpt>
  <trkpt lat="13.82387003" lon="100.05904603"><ele>-18.521</ele><time>2025-01-19T04:19:55Z</time><speed>0.000</speed><sat>12</sat></trkpt>
  <trkpt lat="13.82387003" lon="100.05904603"><ele>-18.530</ele><time>2025-01-19T04:19:56Z</time><speed>0.000</speed><sat>12</sat></trkpt>
  <trkpt lat="13.82387003" lon="100.05904603"><ele>-18.526</ele><time>2025-01-19T04:19:57Z</time><speed>0.000</speed><sat>12</sat></trkpt>
  <trkpt lat="13.82387003" lon="100.05904603"><ele>-18.543</ele><time>2025-01-19T04:19:58Z</time><speed>0.000</speed><sat>12</sat></trkpt>
  <trkpt lat="13.82387003" lon="100.05904603"><ele>-18.526</ele><time>2025-01-19T04:19:59Z</time><speed>0.000</speed><sat>16</sat></trkpt>
  <trkpt lat="13.82387003" lon="100.05904603"><ele>-18.410</ele><time>2025-01-19T04:20:00Z</time><speed>0.000</speed><sat>18</sat></trkpt>
  <trkpt lat="13.82387003" lon="100.05904603"><ele>-18.433</ele><time>2025-01-19T04:20:01Z</time><speed>0.000</speed><sat>21</sat></trkpt>
  <trkpt lat="13.82387003" lon="100.05904603"><ele>-18.611</ele><time>2025-01-19T04:20:02Z</time><speed>0.000</speed><sat>22</sat></trkpt>
  <trkpt lat="13.82387003" lon="100.05904603"><ele>-18.599</ele><time>2025-01-19T04:20:03Z</time><speed>0.000</speed><sat>21</sat></trkpt>
  <trkpt lat="13.82387003" lon="100.05904603"><ele>-18.456</ele><time>2025-01-19T04:20:04Z</time><speed>0.000</speed><sat>21</sat></trkpt>
  <trkpt lat="13.82387003" lon="100.05904603"><ele>-18.509</ele><time>2025-01-19T04:20:05Z</time><speed>0.000</speed><sat>16</sat></trkpt>
  <trkpt lat="13.82387003" lon="100.05904603"><ele>-18.544</ele><time>2025-01-19T04:20:06Z</time><speed>0.000</speed><sat>13</sat></trkpt>
  <trkpt lat="13.82387003" lon="100.05904603"><ele>-18.597</ele><time>2025-01-19T04:20:07Z</time><speed>0.000</speed><sat>14</sat></trkpt>
  <trkpt lat="13.82387003" lon="100.05904603"><ele>-18.605</ele><time>2025-01-19T04:20:08Z</time><speed>0.000</speed><sat>14</sat></trkpt>
  <trkpt lat="13.82387003" lon="100.05904603"><ele>-18.661</ele><time>2025-01-19T04:20:09Z</time><speed>0.000</speed><sat>15</sat></trkpt>
  <trkpt lat="13.82387003" lon="100.05904603"><ele>-18.595</ele><time>2025-01-19T04:20:10Z</time><speed>0.000</speed><sat>17</sat></trkpt>
  <trkpt lat="13.82387003" lon="100.05904603"><ele>-18.189</ele><time>2025-01-19T04:20:11Z</time><speed>0.000</speed><sat>18</sat></trkpt>
  <trkpt lat="13.82387003" lon="100.05904603"><ele>-18.056</ele><time>2025-01-19T04:20:12Z</time><speed>0.000</speed><sat>19</sat></trkpt>
  <trkpt lat="13.82387003" lon="100.05904603"><ele>-18.174</ele><time>2025-01-19T04:20:13Z</time><speed>0.000</speed><sat>18</sat></trkpt>
  <trkpt lat="13.82387003" lon="100.05904603"><ele>-18.157</ele><time>2025-01-19T04:20:14Z</time><speed>0.000</speed><sat>19</sat></trkpt>
  <trkpt lat="13.82387003" lon="100.05904603"><ele>-18.186</ele><time>2025-01-19T04:20:15Z</time><speed>0.000</speed><sat>17</sat></trkpt>
  <trkpt lat="13.82387003" lon="100.05904603"><ele>-18.248</ele><time>2025-01-19T04:20:16Z</time><speed>0.000</speed><sat>20</sat></trkpt>
  <trkpt lat="13.82387003" lon="100.05904603"><ele>-18.453</ele><time>2025-01-19T04:20:17Z</time><speed>0.000</speed><sat>19</sat></trkpt>
  <trkpt lat="13.82387003" lon="100.05904603"><ele>-18.649</ele><time>2025-01-19T04:20:18Z</time><speed>0.000</speed><sat>20</sat></trkpt>
  <trkpt lat="13.82387003" lon="100.05904603"><ele>-18.790</ele><time>2025-01-19T04:20:19Z</time><speed>0.000</speed><sat>19</sat></trkpt>
  <trkpt lat="13.82387003" lon="100.05904603"><ele>-18.956</ele><time>2025-01-19T04:20:20Z</time><speed>0.000</speed><sat>19</sat></trkpt>
  <trkpt lat="13.82387003" lon="100.05904603"><ele>-18.685</ele><time>2025-01-19T04:20:21Z</time><speed>0.000</speed><sat>19</sat></trkpt>
  <trkpt lat="13.82387003" lon="100.05904603"><ele>-18.620</ele><time>2025-01-19T04:20:22Z</time><speed>0.000</speed><sat>21</sat></trkpt>
  <trkpt lat="13.82387003" lon="100.05904603"><ele>-18.433</ele><time>2025-01-19T04:20:23Z</time><speed>0.000</speed><sat>21</sat></trkpt>
  <trkpt lat="13.82387003" lon="100.05904603"><ele>-18.330</ele><time>2025-01-19T04:20:24Z</time><speed>0.000</speed><sat>19</sat></trkpt>
  <trkpt lat="13.82387003" lon="100.05904603"><ele>-18.311</ele><time>2025-01-19T04:20:25Z</time><speed>0.000</speed><sat>18</sat></trkpt>
  <trkpt lat="13.82387003" lon="100.05904603"><ele>-18.301</ele><time>2025-01-19T04:20:26Z</time><speed>0.000</speed><sat>19</sat></trkpt>
  <trkpt lat="13.82387003" lon="100.05904603"><ele>-18.092</ele><time>2025-01-19T04:20:27Z</time><speed>0.000</speed><sat>18</sat></trkpt>
  <trkpt lat="13.82387003" lon="100.05904603"><ele>-17.928</ele><time>2025-01-19T04:20:28Z</time><speed>0.000</speed><sat>17</sat></trkpt>
  <trkpt lat="13.82387003" lon="100.05904603"><ele>-17.647</ele><time>2025-01-19T04:20:29Z</time><speed>0.000</speed><sat>17</sat></trkpt>
  <trkpt lat="13.82387003" lon="100.05904603"><ele>-17.314</ele><time>2025-01-19T04:20:30Z</time><speed>0.000</speed><sat>17</sat></trkpt>
  <trkpt lat="13.82387003" lon="100.05904603"><ele>-16.909</ele><time>2025-01-19T04:20:31Z</time><speed>0.000</speed><sat>18</sat></trkpt>
  <trkpt lat="13.82387003" lon="100.05904603"><ele>-16.653</ele><time>2025-01-19T04:20:32Z</time><speed>0.000</speed><sat>18</sat></trkpt>
  <trkpt lat="13.82387003" lon="100.05904603"><ele>-16.431</ele><time>2025-01-19T04:20:33Z</time><speed>0.000</speed><sat>18</sat></trkpt>
  <trkpt lat="13.82387003" lon="100.05904603"><ele>-16.104</ele><time>2025-01-19T04:20:34Z</time><speed>0.000</speed><sat>17</sat></trkpt>
  <trkpt lat="13.82387003" lon="100.05904603"><ele>-15.878</ele><time>2025-01-19T04:20:35Z</time><speed>0.000</speed><sat>18</sat></trkpt>
  <trkpt lat="13.82387003" lon="100.05904603"><ele>-15.690</ele><time>2025-01-19T04:20:36Z</time><speed>0.000</speed><sat>18</sat></trkpt>
  <trkpt lat="13.82387003" lon="100.05904603"><ele>-15.487</ele><time>2025-01-19T04:20:37Z</time><speed>0.000</speed><sat>18</sat></trkpt>
  <trkpt lat="13.82387003" lon="100.05904603"><ele>-15.444</ele><time>2025-01-19T04:20:38Z</time><speed>0.000</speed><sat>18</sat></trkpt>
  <trkpt lat="13.82387003" lon="100.05904603"><ele>-15.290</ele><time>2025-01-19T04:20:39Z</time><speed>0.000</speed><sat>18</sat></trkpt>
  <trkpt lat="13.82387003" lon="100.05904603"><ele>-15.127</ele><time>2025-01-19T04:20:40Z</time><speed>0.000</speed><sat>18</sat></trkpt>
  <trkpt lat="13.82387003" lon="100.05904603"><ele>-15.005</ele><time>2025-01-19T04:20:41Z</time><speed>0.000</speed><sat>19</sat></trkpt>
  <trkpt lat="13.82387003" lon="100.05904603"><ele>-14.834</ele><time>2025-01-19T04:20:42Z</time><speed>0.000</speed><sat>18</sat></trkpt>
  <trkpt lat="13.82387003" lon="100.05904603"><ele>-14.764</ele><time>2025-01-19T04:20:43Z</time><speed>0.000</speed><sat>17</sat></trkpt>
  <trkpt lat="13.82387003" lon="100.05904603"><ele>-14.710</ele><time>2025-01-19T04:20:44Z</time><speed>0.000</speed><sat>17</sat></trkpt>
  <trkpt lat="13.82387003" lon="100.05904603"><ele>-14.459</ele><time>2025-01-19T04:20:45Z</time><speed>0.000</speed><sat>17</sat></trkpt>
  <trkpt lat="13.82387003" lon="100.05904603"><ele>-14.535</ele><time>2025-01-19T04:20:46Z</time><speed>0.000</speed><sat>17</sat></trkpt>
  <trkpt lat="13.82387003" lon="100.05904603"><ele>-14.474</ele><time>2025-01-19T04:20:47Z</time><speed>0.000</speed><sat>18</sat></trkpt>
  <trkpt lat="13.82387003" lon="100.05904603"><ele>-14.321</ele><time>2025-01-19T04:20:48Z</time><speed>0.000</speed><sat>18</sat></trkpt>
  <trkpt lat="13.82387003" lon="100.05904603"><ele>-14.137</ele><time>2025-01-19T04:20:49Z</time><speed>0.000</speed><sat>19</sat></trkpt>
  <trkpt lat="13.82387003" lon="100.05904603"><ele>-14.007</ele><time>2025-01-19T04:20:50Z</time><speed>0.000</speed><sat>18</sat></trkpt>
  <trkpt lat="13.82387003" lon="100.05904603"><ele>-14.125</ele><time>2025-01-19T04:20:51Z</time><speed>0.000</speed><sat>19</sat></trkpt>
  <trkpt lat="13.82387003" lon="100.05904603"><ele>-14.467</ele><time>2025-01-19T04:20:52Z</time><speed>0.000</speed><sat>17</sat></trkpt>
  <trkpt lat="13.82387003" lon="100.05904603"><ele>-14.601</ele><time>2025-01-19T04:20:53Z</time><speed>0.000</speed><sat>17</sat></trkpt>
 </trkseg>
</trk>

</gpx>
 