<?xml version="1.0" encoding="UTF-8"?>
<!-- Created with BasicAirData GPS Logger for Android - ver. 3.2.3 -->
<!-- Track 61 = 5364 TrackPoints + 0 Placemarks -->

<!-- Track Statistics (based on Total Time | Time in Movement): -->
<!--  Distance = 13.3 km -->
<!--  Duration = 01:37:14 | 55:53 -->
<!--  Altitude Gap = 40 m -->
<!--  Max Speed = 39 km/h -->
<!--  Avg Speed = 8.3 | 14.4 km/h -->
<!--  Direction = SE -->
<!--  Activity = cycling -->
<!--  Altitudes = Raw -->

<gpx version="1.0"
     creator="BasicAirData GPS Logger 3.2.3"
     xmlns="http://www.topografix.com/GPX/1/0"
     xmlns:xsi="http://www.w3.org/2001/XMLSchema-instance"
     xsi:schemaLocation="http://www.topografix.com/GPX/1/0 http://www.topografix.com/GPX/1/0/gpx.xsd">
<name>GPS Logger 20250116-183212</name>
<time>2025-02-09T10:58:11Z</time>
<keywords>cycling</keywords>
<bounds minlat="10.76435982" minlon="106.69554448" maxlat="10.78946100" maxlon="106.72217024" />

<trk>
 <name>Track 20250116-183212</name>
 <trkseg>
  <trkpt lat="10.77665482" lon="106.70276672"><ele>18.316</ele><time>2025-01-16T11:32:12Z</time><speed>1.320</speed><sat>21</sat></trkpt>
  <trkpt lat="10.77664375" lon="106.70276087"><ele>18.383</ele><time>2025-01-16T11:32:13Z</time><speed>1.050</speed><sat>21</sat></trkpt>
  <trkpt lat="10.77663303" lon="106.70275515"><ele>18.560</ele><time>2025-01-16T11:32:14Z</time><speed>1.120</speed><sat>21</sat></trkpt>
  <trkpt lat="10.77662174" lon="106.70275066"><ele>17.691</ele><time>2025-01-16T11:32:15Z</time><speed>1.180</speed><sat>19</sat></trkpt>
  <trkpt lat="10.77660957" lon="106.70274628"><ele>16.758</ele><time>2025-01-16T11:32:16Z</time><speed>1.220</speed><sat>18</sat></trkpt>
  <trkpt lat="10.77659614" lon="106.70274236"><ele>17.926</ele><time>2025-01-16T11:32:17Z</time><speed>1.080</speed><sat>19</sat></trkpt>
  <trkpt lat="10.77658022" lon="106.70273867"><ele>17.528</ele><time>2025-01-16T11:32:18Z</time><speed>1.730</speed><sat>23</sat></trkpt>
  <trkpt lat="10.77656802" lon="106.70273843"><ele>16.667</ele><time>2025-01-16T11:32:19Z</time><speed>0.740</speed><sat>22</sat></trkpt>
  <trkpt lat="10.77655778" lon="106.70274054"><ele>18.018</ele><time>2025-01-16T11:32:20Z</time><speed>0.830</speed><sat>22</sat></trkpt>
  <trkpt lat="10.77654634" lon="106.70274358"><ele>20.816</ele><time>2025-01-16T11:32:21Z</time><speed>0.680</speed><sat>23</sat></trkpt>
  <trkpt lat="10.77653909" lon="106.70274571"><ele>20.824</ele><time>2025-01-16T11:32:22Z</time><speed>0.000</speed><sat>23</sat></trkpt>
  <trkpt lat="10.77652844" lon="106.70274843"><ele>21.740</ele><time>2025-01-16T11:32:23Z</time><speed>0.770</speed><sat>23</sat></trkpt>
  <trkpt lat="10.77651557" lon="106.70275476"><ele>23.033</ele><time>2025-01-16T11:32:24Z</time><speed>0.870</speed><sat>24</sat></trkpt>
  <trkpt lat="10.77650037" lon="106.70276225"><ele>21.844</ele><time>2025-01-16T11:32:25Z</time><speed>1.240</speed><sat>24</sat></trkpt>
  <trkpt lat="10.77648299" lon="106.70276941"><ele>20.916</ele><time>2025-01-16T11:32:26Z</time><speed>1.150</speed><sat>23</sat></trkpt>
  <trkpt lat="10.77646932" lon="106.70277665"><ele>22.447</ele><time>2025-01-16T11:32:27Z</time><speed>0.830</speed><sat>23</sat></trkpt>
  <trkpt lat="10.77644619" lon="106.70278503"><ele>23.365</ele><time>2025-01-16T11:32:28Z</time><speed>2.130</speed><sat>23</sat></trkpt>
  <trkpt lat="10.77641798" lon="106.70279442"><ele>22.815</ele><time>2025-01-16T11:32:29Z</time><speed>2.090</speed><sat>24</sat></trkpt>
  <trkpt lat="10.77639038" lon="106.70280460"><ele>22.434</ele><time>2025-01-16T11:32:30Z</time><speed>2.190</speed><sat>24</sat></trkpt>
  <trkpt lat="10.77635568" lon="106.70281262"><ele>22.909</ele><time>2025-01-16T11:32:31Z</time><speed>3.000</speed><sat>24</sat></trkpt>
  <trkpt lat="10.77632957" lon="106.70281623"><ele>22.513</ele><time>2025-01-16T11:32:32Z</time><speed>1.340</speed><sat>22</sat></trkpt>
  <trkpt lat="10.77631003" lon="106.70281939"><ele>21.886</ele><time>2025-01-16T11:32:33Z</time><speed>1.390</speed><sat>20</sat></trkpt>
  <trkpt lat="10.77628836" lon="106.70282305"><ele>22.959</ele><time>2025-01-16T11:32:34Z</time><speed>1.890</speed><sat>19</sat></trkpt>
  <trkpt lat="10.77627299" lon="106.70282694"><ele>23.969</ele><time>2025-01-16T11:32:35Z</time><speed>0.780</speed><sat>18</sat></trkpt>
  <trkpt lat="10.77625430" lon="106.70283403"><ele>26.130</ele><time>2025-01-16T11:32:36Z</time><speed>1.770</speed><sat>20</sat></trkpt>
  <trkpt lat="10.77623841" lon="106.70283992"><ele>23.831</ele><time>2025-01-16T11:32:37Z</time><speed>1.350</speed><sat>20</sat></trkpt>
  <trkpt lat="10.77621060" lon="106.70284747"><ele>23.954</ele><time>2025-01-16T11:32:38Z</time><speed>3.000</speed><sat>21</sat></trkpt>
  <trkpt lat="10.77620057" lon="106.70286044"><ele>23.518</ele><time>2025-01-16T11:32:39Z</time><speed>0.000</speed><sat>20</sat></trkpt>
  <trkpt lat="10.77620026" lon="106.70286706"><ele>23.216</ele><time>2025-01-16T11:32:40Z</time><speed>0.000</speed><sat>20</sat></trkpt>
  <trkpt lat="10.77620289" lon="106.70287570"><ele>22.823</ele><time>2025-01-16T11:32:41Z</time><speed>0.000</speed><sat>20</sat></trkpt>
  <trkpt lat="10.77619668" lon="106.70288562"><ele>22.061</ele><time>2025-01-16T11:32:42Z</time><speed>1.660</speed><sat>21</sat></trkpt>
  <trkpt lat="10.77619351" lon="106.70289381"><ele>20.607</ele><time>2025-01-16T11:32:43Z</time><speed>0.850</speed><sat>21</sat></trkpt>
  <trkpt lat="10.77619645" lon="106.70290671"><ele>19.983</ele><time>2025-01-16T11:32:44Z</time><speed>1.380</speed><sat>20</sat></trkpt>
  <trkpt lat="10.77619729" lon="106.70291865"><ele>19.084</ele><time>2025-01-16T11:32:45Z</time><speed>0.910</speed><sat>20</sat></trkpt>
  <trkpt lat="10.77620001" lon="106.70293472"><ele>18.945</ele><time>2025-01-16T11:32:46Z</time><speed>1.280</speed><sat>20</sat></trkpt>
  <trkpt lat="10.77620358" lon="106.70295294"><ele>17.435</ele><time>2025-01-16T11:32:47Z</time><speed>1.120</speed><sat>21</sat></trkpt>
  <trkpt lat="10.77619923" lon="106.70296201"><ele>18.252</ele><time>2025-01-16T11:32:48Z</time><speed>0.830</speed><sat>21</sat></trkpt>
  <trkpt lat="10.77618915" lon="106.70296486"><ele>17.655</ele><time>2025-01-16T11:32:49Z</time><speed>0.960</speed><sat>21</sat></trkpt>
  <trkpt lat="10.77618504" lon="106.70295862"><ele>15.662</ele><time>2025-01-16T11:32:50Z</time><speed>0.380</speed><sat>21</sat></trkpt>
  <trkpt lat="10.77617926" lon="106.70294565"><ele>15.216</ele><time>2025-01-16T11:32:51Z</time><speed>0.720</speed><sat>21</sat></trkpt>
  <trkpt lat="10.77617459" lon="106.70292602"><ele>16.073</ele><time>2025-01-16T11:32:52Z</time><speed>1.260</speed><sat>21</sat></trkpt>
  <trkpt lat="10.77617183" lon="106.70289600"><ele>15.492</ele><time>2025-01-16T11:32:53Z</time><speed>2.140</speed><sat>20</sat></trkpt>
  <trkpt lat="10.77616742" lon="106.70287232"><ele>15.027</ele><time>2025-01-16T11:32:54Z</time><speed>1.460</speed><sat>20</sat></trkpt>
  <trkpt lat="10.77616260" lon="106.70285039"><ele>17.348</ele><time>2025-01-16T11:32:55Z</time><speed>0.890</speed><sat>20</sat></trkpt>
  <trkpt lat="10.77616384" lon="106.70282416"><ele>17.254</ele><time>2025-01-16T11:32:56Z</time><speed>0.000</speed><sat>20</sat></trkpt>
  <trkpt lat="10.77617266" lon="106.70281524"><ele>16.135</ele><time>2025-01-16T11:32:57Z</time><speed>0.000</speed><sat>20</sat></trkpt>
  <trkpt lat="10.77617999" lon="106.70280007"><ele>17.073</ele><time>2025-01-16T11:32:58Z</time><speed>0.000</speed><sat>20</sat></trkpt>
  <trkpt lat="10.77618808" lon="106.70278948"><ele>16.899</ele><time>2025-01-16T11:32:59Z</time><speed>0.000</speed><sat>20</sat></trkpt>
  <trkpt lat="10.77619268" lon="106.70278218"><ele>16.894</ele><time>2025-01-16T11:33:00Z</time><speed>0.000</speed><sat>22</sat></trkpt>
  <trkpt lat="10.77619528" lon="106.70278050"><ele>16.973</ele><time>2025-01-16T11:33:01Z</time><speed>0.000</speed><sat>22</sat></trkpt>
  <trkpt lat="10.77619764" lon="106.70277903"><ele>17.027</ele><time>2025-01-16T11:33:02Z</time><speed>0.000</speed><sat>22</sat></trkpt>
  <trkpt lat="10.77620147" lon="106.70277853"><ele>16.863</ele><time>2025-01-16T11:33:03Z</time><speed>0.000</speed><sat>22</sat></trkpt>
  <trkpt lat="10.77620322" lon="106.70277898"><ele>16.893</ele><time>2025-01-16T11:33:04Z</time><speed>0.000</speed><sat>22</sat></trkpt>
  <trkpt lat="10.77620539" lon="106.70278262"><ele>16.888</ele><time>2025-01-16T11:33:05Z</time><speed>0.000</speed><sat>21</sat></trkpt>
  <trkpt lat="10.77620697" lon="106.70278421"><ele>16.381</ele><time>2025-01-16T11:33:06Z</time><speed>0.000</speed><sat>19</sat></trkpt>
  <trkpt lat="10.77620777" lon="106.70278474"><ele>16.293</ele><time>2025-01-16T11:33:07Z</time><speed>0.000</speed><sat>19</sat></trkpt>
  <trkpt lat="10.77620812" lon="106.70278502"><ele>16.279</ele><time>2025-01-16T11:33:08Z</time><speed>0.000</speed><sat>19</sat></trkpt>
  <trkpt lat="10.77620823" lon="106.70278498"><ele>16.288</ele><time>2025-01-16T11:33:09Z</time><speed>0.000</speed><sat>18</sat></trkpt>
  <trkpt lat="10.77621421" lon="106.70278172"><ele>17.659</ele><time>2025-01-16T11:33:10Z</time><speed>0.200</speed><sat>18</sat></trkpt>
  <trkpt lat="10.77622438" lon="106.70277058"><ele>17.364</ele><time>2025-01-16T11:33:11Z</time><speed>0.000</speed><sat>18</sat></trkpt>
  <trkpt lat="10.77623195" lon="106.70275978"><ele>17.164</ele><time>2025-01-16T11:33:12Z</time><speed>0.000</speed><sat>20</sat></trkpt>
  <trkpt lat="10.77623526" lon="106.70275209"><ele>17.340</ele><time>2025-01-16T11:33:13Z</time><speed>0.000</speed><sat>21</sat></trkpt>
  <trkpt lat="10.77623932" lon="106.70274611"><ele>17.017</ele><time>2025-01-16T11:33:14Z</time><speed>0.000</speed><sat>21</sat></trkpt>
  <trkpt lat="10.77624093" lon="106.70274182"><ele>17.366</ele><time>2025-01-16T11:33:15Z</time><speed>0.000</speed><sat>21</sat></trkpt>
  <trkpt lat="10.77624100" lon="106.70273927"><ele>17.306</ele><time>2025-01-16T11:33:16Z</time><speed>0.230</speed><sat>21</sat></trkpt>
  <trkpt lat="10.77624196" lon="106.70273918"><ele>19.403</ele><time>2025-01-16T11:33:17Z</time><speed>0.450</speed><sat>21</sat></trkpt>
  <trkpt lat="10.77624181" lon="106.70274158"><ele>19.487</ele><time>2025-01-16T11:33:18Z</time><speed>0.000</speed><sat>18</sat></trkpt>
  <trkpt lat="10.77624087" lon="106.70274336"><ele>19.938</ele><time>2025-01-16T11:33:19Z</time><speed>0.000</speed><sat>19</sat></trkpt>
  <trkpt lat="10.77623991" lon="106.70274517"><ele>19.722</ele><time>2025-01-16T11:33:20Z</time><speed>0.000</speed><sat>19</sat></trkpt>
  <trkpt lat="10.77624100" lon="106.70274386"><ele>19.441</ele><time>2025-01-16T11:33:21Z</time><speed>0.000</speed><sat>19</sat></trkpt>
  <trkpt lat="10.77624110" lon="106.70274382"><ele>19.259</ele><time>2025-01-16T11:33:22Z</time><speed>0.000</speed><sat>19</sat></trkpt>
  <trkpt lat="10.77624196" lon="106.70274345"><ele>18.430</ele><time>2025-01-16T11:33:23Z</time><speed>0.000</speed><sat>19</sat></trkpt>
  <trkpt lat="10.77624448" lon="106.70274161"><ele>17.867</ele><time>2025-01-16T11:33:24Z</time><speed>0.000</speed><sat>20</sat></trkpt>
  <trkpt lat="10.77624843" lon="106.70274092"><ele>17.496</ele><time>2025-01-16T11:33:25Z</time><speed>0.000</speed><sat>20</sat></trkpt>
  <trkpt lat="10.77625150" lon="106.70274032"><ele>17.037</ele><time>2025-01-16T11:33:26Z</time><speed>0.000</speed><sat>19</sat></trkpt>
  <trkpt lat="10.77625363" lon="106.70273595"><ele>17.756</ele><time>2025-01-16T11:33:27Z</time><speed>0.000</speed><sat>19</sat></trkpt>
  <trkpt lat="10.77625560" lon="106.70273168"><ele>18.791</ele><time>2025-01-16T11:33:28Z</time><speed>0.000</speed><sat>19</sat></trkpt>
  <trkpt lat="10.77625711" lon="106.70272883"><ele>19.058</ele><time>2025-01-16T11:33:29Z</time><speed>0.000</speed><sat>18</sat></trkpt>
  <trkpt lat="10.77625831" lon="106.70272732"><ele>19.058</ele><time>2025-01-16T11:33:30Z</time><speed>0.000</speed><sat>18</sat></trkpt>
  <trkpt lat="10.77625888" lon="106.70272696"><ele>19.072</ele><time>2025-01-16T11:33:31Z</time><speed>0.000</speed><sat>18</sat></trkpt>
  <trkpt lat="10.77625917" lon="106.70272679"><ele>19.056</ele><time>2025-01-16T11:33:32Z</time><speed>0.000</speed><sat>19</sat></trkpt>
  <trkpt lat="10.77625932" lon="106.70272671"><ele>19.045</ele><time>2025-01-16T11:33:33Z</time><speed>0.000</speed><sat>19</sat></trkpt>
  <trkpt lat="10.77625978" lon="106.70272580"><ele>19.059</ele><time>2025-01-16T11:33:34Z</time><speed>0.000</speed><sat>19</sat></trkpt>
  <trkpt lat="10.77626009" lon="106.70272556"><ele>19.052</ele><time>2025-01-16T11:33:35Z</time><speed>0.000</speed><sat>19</sat></trkpt>
  <trkpt lat="10.77626025" lon="106.70272543"><ele>19.046</ele><time>2025-01-16T11:33:36Z</time><speed>0.000</speed><sat>19</sat></trkpt>
  <trkpt lat="10.77626037" lon="106.70272540"><ele>19.075</ele><time>2025-01-16T11:33:37Z</time><speed>0.000</speed><sat>19</sat></trkpt>
  <trkpt lat="10.77626047" lon="106.70272548"><ele>19.018</ele><time>2025-01-16T11:33:38Z</time><speed>0.000</speed><sat>18</sat></trkpt>
  <trkpt lat="10.77626072" lon="106.70272568"><ele>18.986</ele><time>2025-01-16T11:33:39Z</time><speed>0.000</speed><sat>19</sat></trkpt>
  <trkpt lat="10.77626090" lon="106.70272609"><ele>19.097</ele><time>2025-01-16T11:33:40Z</time><speed>0.000</speed><sat>20</sat></trkpt>
  <trkpt lat="10.77626100" lon="106.70272625"><ele>19.096</ele><time>2025-01-16T11:33:41Z</time><speed>0.000</speed><sat>20</sat></trkpt>
  <trkpt lat="10.77626103" lon="106.70272675"><ele>19.163</ele><time>2025-01-16T11:33:42Z</time><speed>0.000</speed><sat>20</sat></trkpt>
  <trkpt lat="10.77626548" lon="106.70272729"><ele>18.493</ele><time>2025-01-16T11:33:43Z</time><speed>0.150</speed><sat>21</sat></trkpt>
  <trkpt lat="10.77626788" lon="106.70273260"><ele>19.265</ele><time>2025-01-16T11:33:44Z</time><speed>0.000</speed><sat>21</sat></trkpt>
  <trkpt lat="10.77627038" lon="106.70273529"><ele>19.241</ele><time>2025-01-16T11:33:45Z</time><speed>0.000</speed><sat>21</sat></trkpt>
  <trkpt lat="10.77627350" lon="106.70273611"><ele>18.756</ele><time>2025-01-16T11:33:46Z</time><speed>0.000</speed><sat>22</sat></trkpt>
  <trkpt lat="10.77627549" lon="106.70273478"><ele>17.528</ele><time>2025-01-16T11:33:47Z</time><speed>0.000</speed><sat>22</sat></trkpt>
  <trkpt lat="10.77627752" lon="106.70273286"><ele>16.825</ele><time>2025-01-16T11:33:48Z</time><speed>0.000</speed><sat>22</sat></trkpt>
  <trkpt lat="10.77627897" lon="106.70273104"><ele>16.561</ele><time>2025-01-16T11:33:49Z</time><speed>0.000</speed><sat>21</sat></trkpt>
  <trkpt lat="10.77628037" lon="106.70272954"><ele>16.536</ele><time>2025-01-16T11:33:50Z</time><speed>0.000</speed><sat>21</sat></trkpt>
  <trkpt lat="10.77628073" lon="106.70272833"><ele>16.570</ele><time>2025-01-16T11:33:51Z</time><speed>0.000</speed><sat>21</sat></trkpt>
  <trkpt lat="10.77628135" lon="106.70272661"><ele>16.148</ele><time>2025-01-16T11:33:52Z</time><speed>0.000</speed><sat>22</sat></trkpt>
  <trkpt lat="10.77628262" lon="106.70272549"><ele>15.944</ele><time>2025-01-16T11:33:53Z</time><speed>0.000</speed><sat>22</sat></trkpt>
  <trkpt lat="10.77628302" lon="106.70272509"><ele>16.048</ele><time>2025-01-16T11:33:54Z</time><speed>0.000</speed><sat>22</sat></trkpt>
  <trkpt lat="10.77628346" lon="106.70272541"><ele>16.166</ele><time>2025-01-16T11:33:55Z</time><speed>0.000</speed><sat>23</sat></trkpt>
  <trkpt lat="10.77628371" lon="106.70272567"><ele>16.113</ele><time>2025-01-16T11:33:56Z</time><speed>0.000</speed><sat>23</sat></trkpt>
  <trkpt lat="10.77628384" lon="106.70272581"><ele>16.124</ele><time>2025-01-16T11:33:57Z</time><speed>0.000</speed><sat>23</sat></trkpt>
  <trkpt lat="10.77628401" lon="106.70272596"><ele>16.141</ele><time>2025-01-16T11:33:58Z</time><speed>0.000</speed><sat>23</sat></trkpt>
  <trkpt lat="10.77628442" lon="106.70272532"><ele>16.146</ele><time>2025-01-16T11:33:59Z</time><speed>0.000</speed><sat>23</sat></trkpt>
  <trkpt lat="10.77628453" lon="106.70272493"><ele>16.174</ele><time>2025-01-16T11:34:00Z</time><speed>0.000</speed><sat>23</sat></trkpt>
  <trkpt lat="10.77628531" lon="106.70272741"><ele>15.850</ele><time>2025-01-16T11:34:01Z</time><speed>0.190</speed><sat>22</sat></trkpt>
  <trkpt lat="10.77628671" lon="106.70273135"><ele>15.911</ele><time>2025-01-16T11:34:02Z</time><speed>0.000</speed><sat>21</sat></trkpt>
  <trkpt lat="10.77628525" lon="106.70273434"><ele>15.028</ele><time>2025-01-16T11:34:03Z</time><speed>0.000</speed><sat>21</sat></trkpt>
  <trkpt lat="10.77628291" lon="106.70273782"><ele>15.035</ele><time>2025-01-16T11:34:04Z</time><speed>0.470</speed><sat>21</sat></trkpt>
  <trkpt lat="10.77627991" lon="106.70274342"><ele>14.642</ele><time>2025-01-16T11:34:05Z</time><speed>0.430</speed><sat>21</sat></trkpt>
  <trkpt lat="10.77627759" lon="106.70274691"><ele>13.766</ele><time>2025-01-16T11:34:06Z</time><speed>0.400</speed><sat>21</sat></trkpt>
  <trkpt lat="10.77627466" lon="106.70275147"><ele>12.845</ele><time>2025-01-16T11:34:07Z</time><speed>0.250</speed><sat>20</sat></trkpt>
  <trkpt lat="10.77627176" lon="106.70275728"><ele>13.740</ele><time>2025-01-16T11:34:08Z</time><speed>0.570</speed><sat>21</sat></trkpt>
  <trkpt lat="10.77626889" lon="106.70276338"><ele>13.611</ele><time>2025-01-16T11:34:09Z</time><speed>0.420</speed><sat>22</sat></trkpt>
  <trkpt lat="10.77626047" lon="106.70277004"><ele>13.612</ele><time>2025-01-16T11:34:10Z</time><speed>0.000</speed><sat>22</sat></trkpt>
  <trkpt lat="10.77625797" lon="106.70277464"><ele>12.978</ele><time>2025-01-16T11:34:11Z</time><speed>0.170</speed><sat>22</sat></trkpt>
  <trkpt lat="10.77625477" lon="106.70277959"><ele>13.134</ele><time>2025-01-16T11:34:12Z</time><speed>0.000</speed><sat>23</sat></trkpt>
  <trkpt lat="10.77625204" lon="106.70278295"><ele>12.547</ele><time>2025-01-16T11:34:13Z</time><speed>0.000</speed><sat>23</sat></trkpt>
  <trkpt lat="10.77625041" lon="106.70278762"><ele>11.893</ele><time>2025-01-16T11:34:14Z</time><speed>0.000</speed><sat>23</sat></trkpt>
  <trkpt lat="10.77625036" lon="106.70278929"><ele>11.713</ele><time>2025-01-16T11:34:15Z</time><speed>0.000</speed><sat>19</sat></trkpt>
  <trkpt lat="10.77625034" lon="106.70279013"><ele>11.713</ele><time>2025-01-16T11:34:16Z</time><speed>0.000</speed><sat>18</sat></trkpt>
  <trkpt lat="10.77624794" lon="106.70278942"><ele>11.810</ele><time>2025-01-16T11:34:17Z</time><speed>0.000</speed><sat>16</sat></trkpt>
  <trkpt lat="10.77624812" lon="106.70278950"><ele>11.141</ele><time>2025-01-16T11:34:18Z</time><speed>0.000</speed><sat>18</sat></trkpt>
  <trkpt lat="10.77624980" lon="106.70278941"><ele>10.440</ele><time>2025-01-16T11:34:19Z</time><speed>0.000</speed><sat>14</sat></trkpt>
  <trkpt lat="10.77625157" lon="106.70279047"><ele>10.099</ele><time>2025-01-16T11:34:20Z</time><speed>0.000</speed><sat>15</sat></trkpt>
  <trkpt lat="10.77625318" lon="106.70279134"><ele>10.288</ele><time>2025-01-16T11:34:21Z</time><speed>0.000</speed><sat>14</sat></trkpt>
  <trkpt lat="10.77625375" lon="106.70279002"><ele>10.455</ele><time>2025-01-16T11:34:22Z</time><speed>0.000</speed><sat>15</sat></trkpt>
  <trkpt lat="10.77625404" lon="106.70278936"><ele>10.455</ele><time>2025-01-16T11:34:23Z</time><speed>0.000</speed><sat>15</sat></trkpt>
  <trkpt lat="10.77625492" lon="106.70278863"><ele>10.405</ele><time>2025-01-16T11:34:24Z</time><speed>0.000</speed><sat>13</sat></trkpt>
  <trkpt lat="10.77625537" lon="106.70278826"><ele>10.405</ele><time>2025-01-16T11:34:25Z</time><speed>0.000</speed><sat>13</sat></trkpt>
  <trkpt lat="10.77625579" lon="106.70278917"><ele>10.201</ele><time>2025-01-16T11:34:26Z</time><speed>0.000</speed><sat>15</sat></trkpt>
  <trkpt lat="10.77625593" lon="106.70278967"><ele>10.229</ele><time>2025-01-16T11:34:27Z</time><speed>0.000</speed><sat>17</sat></trkpt>
  <trkpt lat="10.77625635" lon="106.70279084"><ele>10.293</ele><time>2025-01-16T11:34:28Z</time><speed>0.000</speed><sat>19</sat></trkpt>
  <trkpt lat="10.77625567" lon="106.70279358"><ele>9.985</ele><time>2025-01-16T11:34:29Z</time><speed>0.000</speed><sat>20</sat></trkpt>
  <trkpt lat="10.77625388" lon="106.70279558"><ele>9.561</ele><time>2025-01-16T11:34:30Z</time><speed>0.000</speed><sat>20</sat></trkpt>
  <trkpt lat="10.77625286" lon="106.70279763"><ele>9.433</ele><time>2025-01-16T11:34:31Z</time><speed>0.000</speed><sat>20</sat></trkpt>
  <trkpt lat="10.77625200" lon="106.70279925"><ele>9.360</ele><time>2025-01-16T11:34:32Z</time><speed>0.000</speed><sat>21</sat></trkpt>
  <trkpt lat="10.77625141" lon="106.70280062"><ele>9.306</ele><time>2025-01-16T11:34:33Z</time><speed>0.000</speed><sat>22</sat></trkpt>
  <trkpt lat="10.77625084" lon="106.70280133"><ele>9.286</ele><time>2025-01-16T11:34:34Z</time><speed>0.000</speed><sat>22</sat></trkpt>
  <trkpt lat="10.77625053" lon="106.70280170"><ele>9.289</ele><time>2025-01-16T11:34:35Z</time><speed>0.000</speed><sat>19</sat></trkpt>
  <trkpt lat="10.77625026" lon="106.70280194"><ele>9.295</ele><time>2025-01-16T11:34:36Z</time><speed>0.000</speed><sat>19</sat></trkpt>
  <trkpt lat="10.77625001" lon="106.70280206"><ele>9.306</ele><time>2025-01-16T11:34:37Z</time><speed>0.000</speed><sat>17</sat></trkpt>
  <trkpt lat="10.77624978" lon="106.70280214"><ele>9.317</ele><time>2025-01-16T11:34:38Z</time><speed>0.000</speed><sat>16</sat></trkpt>
  <trkpt lat="10.77624962" lon="106.70280219"><ele>9.329</ele><time>2025-01-16T11:34:39Z</time><speed>0.000</speed><sat>14</sat></trkpt>
  <trkpt lat="10.77624945" lon="106.70280225"><ele>9.335</ele><time>2025-01-16T11:34:40Z</time><speed>0.000</speed><sat>17</sat></trkpt>
  <trkpt lat="10.77624926" lon="106.70280227"><ele>9.332</ele><time>2025-01-16T11:34:41Z</time><speed>0.000</speed><sat>17</sat></trkpt>
  <trkpt lat="10.77624911" lon="106.70280226"><ele>9.328</ele><time>2025-01-16T11:34:42Z</time><speed>0.000</speed><sat>16</sat></trkpt>
  <trkpt lat="10.77624904" lon="106.70280225"><ele>9.328</ele><time>2025-01-16T11:34:43Z</time><speed>0.000</speed><sat>16</sat></trkpt>
  <trkpt lat="10.77624898" lon="106.70280228"><ele>9.359</ele><time>2025-01-16T11:34:44Z</time><speed>0.000</speed><sat>12</sat></trkpt>
  <trkpt lat="10.77624896" lon="106.70280230"><ele>9.359</ele><time>2025-01-16T11:34:45Z</time><speed>0.000</speed><sat>12</sat></trkpt>
  <trkpt lat="10.77624889" lon="106.70280240"><ele>9.377</ele><time>2025-01-16T11:34:46Z</time><speed>0.000</speed><sat>14</sat></trkpt>
  <trkpt lat="10.77624883" lon="106.70280331"><ele>9.370</ele><time>2025-01-16T11:34:47Z</time><speed>0.000</speed><sat>14</sat></trkpt>
  <trkpt lat="10.77624875" lon="106.70280382"><ele>9.370</ele><time>2025-01-16T11:34:48Z</time><speed>0.000</speed><sat>14</sat></trkpt>
  <trkpt lat="10.77624871" lon="106.70280407"><ele>9.370</ele><time>2025-01-16T11:34:49Z</time><speed>0.000</speed><sat>14</sat></trkpt>
  <trkpt lat="10.77624862" lon="106.70280426"><ele>9.395</ele><time>2025-01-16T11:34:50Z</time><speed>0.000</speed><sat>15</sat></trkpt>
  <trkpt lat="10.77624859" lon="106.70280436"><ele>9.405</ele><time>2025-01-16T11:34:51Z</time><speed>0.000</speed><sat>14</sat></trkpt>
  <trkpt lat="10.77624863" lon="106.70280501"><ele>9.395</ele><time>2025-01-16T11:34:52Z</time><speed>0.000</speed><sat>11</sat></trkpt>
  <trkpt lat="10.77624858" lon="106.70280536"><ele>9.382</ele><time>2025-01-16T11:34:53Z</time><speed>0.000</speed><sat>16</sat></trkpt>
  <trkpt lat="10.77624845" lon="106.70280579"><ele>9.388</ele><time>2025-01-16T11:34:54Z</time><speed>0.000</speed><sat>18</sat></trkpt>
  <trkpt lat="10.77624832" lon="106.70280618"><ele>9.404</ele><time>2025-01-16T11:34:55Z</time><speed>0.000</speed><sat>18</sat></trkpt>
  <trkpt lat="10.77624821" lon="106.70280643"><ele>9.409</ele><time>2025-01-16T11:34:56Z</time><speed>0.000</speed><sat>19</sat></trkpt>
  <trkpt lat="10.77624817" lon="106.70280682"><ele>9.406</ele><time>2025-01-16T11:34:57Z</time><speed>0.000</speed><sat>19</sat></trkpt>
  <trkpt lat="10.77624813" lon="106.70280707"><ele>9.412</ele><time>2025-01-16T11:34:58Z</time><speed>0.000</speed><sat>20</sat></trkpt>
  <trkpt lat="10.77624380" lon="106.70280651"><ele>8.893</ele><time>2025-01-16T11:34:59Z</time><speed>0.270</speed><sat>20</sat></trkpt>
  <trkpt lat="10.77624058" lon="106.70280660"><ele>9.620</ele><time>2025-01-16T11:35:00Z</time><speed>0.000</speed><sat>22</sat></trkpt>
  <trkpt lat="10.77623773" lon="106.70280097"><ele>10.120</ele><time>2025-01-16T11:35:01Z</time><speed>0.000</speed><sat>23</sat></trkpt>
  <trkpt lat="10.77623707" lon="106.70280066"><ele>10.419</ele><time>2025-01-16T11:35:02Z</time><speed>0.000</speed><sat>23</sat></trkpt>
  <trkpt lat="10.77623724" lon="106.70280409"><ele>11.435</ele><time>2025-01-16T11:35:03Z</time><speed>0.000</speed><sat>23</sat></trkpt>
  <trkpt lat="10.77624030" lon="106.70281039"><ele>11.089</ele><time>2025-01-16T11:35:04Z</time><speed>0.000</speed><sat>23</sat></trkpt>
  <trkpt lat="10.77624394" lon="106.70281760"><ele>10.947</ele><time>2025-01-16T11:35:05Z</time><speed>0.000</speed><sat>23</sat></trkpt>
  <trkpt lat="10.77624902" lon="106.70282428"><ele>10.806</ele><time>2025-01-16T11:35:06Z</time><speed>0.000</speed><sat>21</sat></trkpt>
  <trkpt lat="10.77625208" lon="106.70282810"><ele>11.088</ele><time>2025-01-16T11:35:07Z</time><speed>0.000</speed><sat>19</sat></trkpt>
  <trkpt lat="10.77625438" lon="106.70283076"><ele>10.901</ele><time>2025-01-16T11:35:08Z</time><speed>0.000</speed><sat>16</sat></trkpt>
  <trkpt lat="10.77625552" lon="106.70283208"><ele>10.901</ele><time>2025-01-16T11:35:09Z</time><speed>0.000</speed><sat>16</sat></trkpt>
  <trkpt lat="10.77625422" lon="106.70283118"><ele>11.141</ele><time>2025-01-16T11:35:10Z</time><speed>0.000</speed><sat>15</sat></trkpt>
  <trkpt lat="10.77625355" lon="106.70283011"><ele>11.247</ele><time>2025-01-16T11:35:11Z</time><speed>0.000</speed><sat>16</sat></trkpt>
  <trkpt lat="10.77625314" lon="106.70282915"><ele>11.261</ele><time>2025-01-16T11:35:12Z</time><speed>0.000</speed><sat>16</sat></trkpt>
  <trkpt lat="10.77625267" lon="106.70282818"><ele>11.274</ele><time>2025-01-16T11:35:13Z</time><speed>0.000</speed><sat>13</sat></trkpt>
  <trkpt lat="10.77625242" lon="106.70282763"><ele>11.268</ele><time>2025-01-16T11:35:14Z</time><speed>0.000</speed><sat>14</sat></trkpt>
  <trkpt lat="10.77625228" lon="106.70282719"><ele>11.264</ele><time>2025-01-16T11:35:15Z</time><speed>0.000</speed><sat>11</sat></trkpt>
  <trkpt lat="10.77625219" lon="106.70282694"><ele>11.259</ele><time>2025-01-16T11:35:16Z</time><speed>0.000</speed><sat>12</sat></trkpt>
  <trkpt lat="10.77625213" lon="106.70282678"><ele>11.261</ele><time>2025-01-16T11:35:17Z</time><speed>0.000</speed><sat>13</sat></trkpt>
  <trkpt lat="10.77625206" lon="106.70282668"><ele>11.267</ele><time>2025-01-16T11:35:18Z</time><speed>0.000</speed><sat>13</sat></trkpt>
  <trkpt lat="10.77625199" lon="106.70282660"><ele>11.274</ele><time>2025-01-16T11:35:19Z</time><speed>0.000</speed><sat>15</sat></trkpt>
  <trkpt lat="10.77625180" lon="106.70282678"><ele>11.334</ele><time>2025-01-16T11:35:20Z</time><speed>0.000</speed><sat>15</sat></trkpt>
  <trkpt lat="10.77625158" lon="106.70282687"><ele>11.370</ele><time>2025-01-16T11:35:21Z</time><speed>0.000</speed><sat>14</sat></trkpt>
  <trkpt lat="10.77625139" lon="106.70282691"><ele>11.389</ele><time>2025-01-16T11:35:22Z</time><speed>0.000</speed><sat>15</sat></trkpt>
  <trkpt lat="10.77625127" lon="106.70282692"><ele>11.384</ele><time>2025-01-16T11:35:23Z</time><speed>0.000</speed><sat>14</sat></trkpt>
  <trkpt lat="10.77625118" lon="106.70282702"><ele>11.416</ele><time>2025-01-16T11:35:24Z</time><speed>0.000</speed><sat>15</sat></trkpt>
  <trkpt lat="10.77625110" lon="106.70282714"><ele>11.476</ele><time>2025-01-16T11:35:25Z</time><speed>0.000</speed><sat>13</sat></trkpt>
  <trkpt lat="10.77625106" lon="106.70282721"><ele>11.476</ele><time>2025-01-16T11:35:26Z</time><speed>0.000</speed><sat>13</sat></trkpt>
  <trkpt lat="10.77625091" lon="106.70282728"><ele>11.536</ele><time>2025-01-16T11:35:27Z</time><speed>0.000</speed><sat>15</sat></trkpt>
  <trkpt lat="10.77625077" lon="106.70282735"><ele>11.557</ele><time>2025-01-16T11:35:28Z</time><speed>0.000</speed><sat>14</sat></trkpt>
  <trkpt lat="10.77625068" lon="106.70282739"><ele>11.561</ele><time>2025-01-16T11:35:29Z</time><speed>0.000</speed><sat>14</sat></trkpt>
  <trkpt lat="10.77625070" lon="106.70282782"><ele>11.564</ele><time>2025-01-16T11:35:30Z</time><speed>0.000</speed><sat>15</sat></trkpt>
  <trkpt lat="10.77625070" lon="106.70282809"><ele>11.580</ele><time>2025-01-16T11:35:31Z</time><speed>0.000</speed><sat>12</sat></trkpt>
  <trkpt lat="10.77625071" lon="106.70282824"><ele>11.580</ele><time>2025-01-16T11:35:32Z</time><speed>0.000</speed><sat>13</sat></trkpt>
  <trkpt lat="10.77625068" lon="106.70282838"><ele>11.604</ele><time>2025-01-16T11:35:33Z</time><speed>0.000</speed><sat>12</sat></trkpt>
  <trkpt lat="10.77625058" lon="106.70282854"><ele>11.551</ele><time>2025-01-16T11:35:34Z</time><speed>0.000</speed><sat>13</sat></trkpt>
  <trkpt lat="10.77625067" lon="106.70282933"><ele>11.604</ele><time>2025-01-16T11:35:35Z</time><speed>0.000</speed><sat>11</sat></trkpt>
  <trkpt lat="10.77625071" lon="106.70282973"><ele>11.604</ele><time>2025-01-16T11:35:36Z</time><speed>0.000</speed><sat>11</sat></trkpt>
  <trkpt lat="10.77625081" lon="106.70283027"><ele>11.684</ele><time>2025-01-16T11:35:37Z</time><speed>0.000</speed><sat>15</sat></trkpt>
  <trkpt lat="10.77625088" lon="106.70283055"><ele>11.679</ele><time>2025-01-16T11:35:38Z</time><speed>0.000</speed><sat>14</sat></trkpt>
  <trkpt lat="10.77625091" lon="106.70283070"><ele>11.695</ele><time>2025-01-16T11:35:39Z</time><speed>0.000</speed><sat>12</sat></trkpt>
  <trkpt lat="10.77625098" lon="106.70283090"><ele>11.713</ele><time>2025-01-16T11:35:40Z</time><speed>0.000</speed><sat>15</sat></trkpt>
  <trkpt lat="10.77625102" lon="106.70283103"><ele>11.719</ele><time>2025-01-16T11:35:41Z</time><speed>0.000</speed><sat>12</sat></trkpt>
  <trkpt lat="10.77625103" lon="106.70283108"><ele>11.726</ele><time>2025-01-16T11:35:42Z</time><speed>0.000</speed><sat>12</sat></trkpt>
  <trkpt lat="10.77625116" lon="106.70283071"><ele>11.820</ele><time>2025-01-16T11:35:43Z</time><speed>0.000</speed><sat>11</sat></trkpt>
  <trkpt lat="10.77625125" lon="106.70283049"><ele>11.801</ele><time>2025-01-16T11:35:44Z</time><speed>0.000</speed><sat>13</sat></trkpt>
  <trkpt lat="10.77625139" lon="106.70283133"><ele>11.832</ele><time>2025-01-16T11:35:45Z</time><speed>0.000</speed><sat>13</sat></trkpt>
  <trkpt lat="10.77625135" lon="106.70283178"><ele>11.817</ele><time>2025-01-16T11:35:46Z</time><speed>0.000</speed><sat>13</sat></trkpt>
  <trkpt lat="10.77625145" lon="106.70283194"><ele>11.861</ele><time>2025-01-16T11:35:47Z</time><speed>0.000</speed><sat>15</sat></trkpt>
  <trkpt lat="10.77625148" lon="106.70283203"><ele>11.879</ele><time>2025-01-16T11:35:48Z</time><speed>0.000</speed><sat>15</sat></trkpt>
  <trkpt lat="10.77625148" lon="106.70283208"><ele>11.886</ele><time>2025-01-16T11:35:49Z</time><speed>0.000</speed><sat>14</sat></trkpt>
  <trkpt lat="10.77625147" lon="106.70283224"><ele>11.887</ele><time>2025-01-16T11:35:50Z</time><speed>0.000</speed><sat>14</sat></trkpt>
  <trkpt lat="10.77625147" lon="106.70283231"><ele>11.887</ele><time>2025-01-16T11:35:51Z</time><speed>0.000</speed><sat>14</sat></trkpt>
  <trkpt lat="10.77625139" lon="106.70283243"><ele>11.879</ele><time>2025-01-16T11:35:52Z</time><speed>0.000</speed><sat>14</sat></trkpt>
  <trkpt lat="10.77625134" lon="106.70283254"><ele>11.893</ele><time>2025-01-16T11:35:53Z</time><speed>0.000</speed><sat>13</sat></trkpt>
  <trkpt lat="10.77625130" lon="106.70283268"><ele>11.916</ele><time>2025-01-16T11:35:54Z</time><speed>0.000</speed><sat>13</sat></trkpt>
  <trkpt lat="10.77625148" lon="106.70283361"><ele>12.010</ele><time>2025-01-16T11:35:55Z</time><speed>0.000</speed><sat>16</sat></trkpt>
  <trkpt lat="10.77625153" lon="106.70283410"><ele>12.024</ele><time>2025-01-16T11:35:56Z</time><speed>0.000</speed><sat>15</sat></trkpt>
  <trkpt lat="10.77625156" lon="106.70283434"><ele>12.024</ele><time>2025-01-16T11:35:57Z</time><speed>0.000</speed><sat>15</sat></trkpt>
  <trkpt lat="10.77625155" lon="106.70283446"><ele>12.036</ele><time>2025-01-16T11:35:58Z</time><speed>0.000</speed><sat>15</sat></trkpt>
  <trkpt lat="10.77625153" lon="106.70283454"><ele>12.052</ele><time>2025-01-16T11:35:59Z</time><speed>0.000</speed><sat>14</sat></trkpt>
  <trkpt lat="10.77625146" lon="106.70283479"><ele>12.080</ele><time>2025-01-16T11:36:00Z</time><speed>0.000</speed><sat>12</sat></trkpt>
  <trkpt lat="10.77625142" lon="106.70283492"><ele>12.080</ele><time>2025-01-16T11:36:01Z</time><speed>0.000</speed><sat>12</sat></trkpt>
  <trkpt lat="10.77625145" lon="106.70283490"><ele>12.125</ele><time>2025-01-16T11:36:02Z</time><speed>0.000</speed><sat>14</sat></trkpt>
  <trkpt lat="10.77625146" lon="106.70283488"><ele>12.126</ele><time>2025-01-16T11:36:03Z</time><speed>0.000</speed><sat>14</sat></trkpt>
  <trkpt lat="10.77625147" lon="106.70283486"><ele>12.124</ele><time>2025-01-16T11:36:04Z</time><speed>0.000</speed><sat>15</sat></trkpt>
  <trkpt lat="10.77625155" lon="106.70283571"><ele>12.147</ele><time>2025-01-16T11:36:05Z</time><speed>0.000</speed><sat>13</sat></trkpt>
  <trkpt lat="10.77625159" lon="106.70283611"><ele>12.146</ele><time>2025-01-16T11:36:06Z</time><speed>0.000</speed><sat>16</sat></trkpt>
  <trkpt lat="10.77625161" lon="106.70283632"><ele>12.142</ele><time>2025-01-16T11:36:07Z</time><speed>0.000</speed><sat>15</sat></trkpt>
  <trkpt lat="10.77625161" lon="106.70283642"><ele>12.154</ele><time>2025-01-16T11:36:08Z</time><speed>0.000</speed><sat>15</sat></trkpt>
  <trkpt lat="10.77625159" lon="106.70283645"><ele>12.160</ele><time>2025-01-16T11:36:09Z</time><speed>0.000</speed><sat>14</sat></trkpt>
  <trkpt lat="10.77625155" lon="106.70283647"><ele>12.179</ele><time>2025-01-16T11:36:10Z</time><speed>0.000</speed><sat>15</sat></trkpt>
  <trkpt lat="10.77625151" lon="106.70283647"><ele>12.191</ele><time>2025-01-16T11:36:11Z</time><speed>0.000</speed><sat>13</sat></trkpt>
  <trkpt lat="10.77625146" lon="106.70283647"><ele>12.212</ele><time>2025-01-16T11:36:12Z</time><speed>0.000</speed><sat>14</sat></trkpt>
  <trkpt lat="10.77625140" lon="106.70283706"><ele>12.254</ele><time>2025-01-16T11:36:13Z</time><speed>0.000</speed><sat>14</sat></trkpt>
  <trkpt lat="10.77625135" lon="106.70283734"><ele>12.267</ele><time>2025-01-16T11:36:14Z</time><speed>0.000</speed><sat>15</sat></trkpt>
  <trkpt lat="10.77625129" lon="106.70283748"><ele>12.285</ele><time>2025-01-16T11:36:15Z</time><speed>0.000</speed><sat>14</sat></trkpt>
  <trkpt lat="10.77625126" lon="106.70283754"><ele>12.285</ele><time>2025-01-16T11:36:16Z</time><speed>0.000</speed><sat>14</sat></trkpt>
  <trkpt lat="10.77625115" lon="106.70283764"><ele>12.335</ele><time>2025-01-16T11:36:17Z</time><speed>0.000</speed><sat>12</sat></trkpt>
  <trkpt lat="10.77625118" lon="106.70283833"><ele>12.355</ele><time>2025-01-16T11:36:18Z</time><speed>0.000</speed><sat>12</sat></trkpt>
  <trkpt lat="10.77625120" lon="106.70283869"><ele>12.367</ele><time>2025-01-16T11:36:19Z</time><speed>0.000</speed><sat>14</sat></trkpt>
  <trkpt lat="10.77625121" lon="106.70283887"><ele>12.367</ele><time>2025-01-16T11:36:20Z</time><speed>0.000</speed><sat>14</sat></trkpt>
  <trkpt lat="10.77625120" lon="106.70283891"><ele>12.372</ele><time>2025-01-16T11:36:21Z</time><speed>0.000</speed><sat>10</sat></trkpt>
  <trkpt lat="10.77625119" lon="106.70283893"><ele>12.372</ele><time>2025-01-16T11:36:22Z</time><speed>0.000</speed><sat>10</sat></trkpt>
  <trkpt lat="10.77625127" lon="106.70283970"><ele>12.403</ele><time>2025-01-16T11:36:23Z</time><speed>0.000</speed><sat>12</sat></trkpt>
  <trkpt lat="10.77625128" lon="106.70284012"><ele>12.418</ele><time>2025-01-16T11:36:24Z</time><speed>0.000</speed><sat>11</sat></trkpt>
  <trkpt lat="10.77625129" lon="106.70284033"><ele>12.415</ele><time>2025-01-16T11:36:25Z</time><speed>0.000</speed><sat>15</sat></trkpt>
  <trkpt lat="10.77625129" lon="106.70284045"><ele>12.430</ele><time>2025-01-16T11:36:26Z</time><speed>0.000</speed><sat>14</sat></trkpt>
  <trkpt lat="10.77625128" lon="106.70284049"><ele>12.433</ele><time>2025-01-16T11:36:27Z</time><speed>0.000</speed><sat>14</sat></trkpt>
  <trkpt lat="10.77625120" lon="106.70284097"><ele>12.468</ele><time>2025-01-16T11:36:28Z</time><speed>0.000</speed><sat>16</sat></trkpt>
  <trkpt lat="10.77625117" lon="106.70284126"><ele>12.486</ele><time>2025-01-16T11:36:29Z</time><speed>0.000</speed><sat>16</sat></trkpt>
  <trkpt lat="10.77625115" lon="106.70284141"><ele>12.488</ele><time>2025-01-16T11:36:30Z</time><speed>0.000</speed><sat>11</sat></trkpt>
  <trkpt lat="10.77625112" lon="106.70284148"><ele>12.489</ele><time>2025-01-16T11:36:31Z</time><speed>0.000</speed><sat>15</sat></trkpt>
  <trkpt lat="10.77625110" lon="106.70284157"><ele>12.518</ele><time>2025-01-16T11:36:32Z</time><speed>0.000</speed><sat>13</sat></trkpt>
  <trkpt lat="10.77625105" lon="106.70284196"><ele>12.549</ele><time>2025-01-16T11:36:33Z</time><speed>0.000</speed><sat>14</sat></trkpt>
  <trkpt lat="10.77625101" lon="106.70284216"><ele>12.561</ele><time>2025-01-16T11:36:34Z</time><speed>0.000</speed><sat>15</sat></trkpt>
  <trkpt lat="10.77625098" lon="106.70284230"><ele>12.575</ele><time>2025-01-16T11:36:35Z</time><speed>0.000</speed><sat>14</sat></trkpt>
  <trkpt lat="10.77625096" lon="106.70284237"><ele>12.575</ele><time>2025-01-16T11:36:36Z</time><speed>0.000</speed><sat>13</sat></trkpt>
  <trkpt lat="10.77625096" lon="106.70284241"><ele>12.566</ele><time>2025-01-16T11:36:37Z</time><speed>0.000</speed><sat>12</sat></trkpt>
  <trkpt lat="10.77625099" lon="106.70284264"><ele>12.570</ele><time>2025-01-16T11:36:38Z</time><speed>0.000</speed><sat>13</sat></trkpt>
  <trkpt lat="10.77625102" lon="106.70284273"><ele>12.562</ele><time>2025-01-16T11:36:39Z</time><speed>0.000</speed><sat>11</sat></trkpt>
  <trkpt lat="10.77625105" lon="106.70284276"><ele>12.557</ele><time>2025-01-16T11:36:40Z</time><speed>0.000</speed><sat>11</sat></trkpt>
  <trkpt lat="10.77625107" lon="106.70284277"><ele>12.550</ele><time>2025-01-16T11:36:41Z</time><speed>0.000</speed><sat>15</sat></trkpt>
  <trkpt lat="10.77625112" lon="106.70284279"><ele>12.555</ele><time>2025-01-16T11:36:42Z</time><speed>0.000</speed><sat>15</sat></trkpt>
  <trkpt lat="10.77625126" lon="106.70284356"><ele>12.582</ele><time>2025-01-16T11:36:43Z</time><speed>0.000</speed><sat>14</sat></trkpt>
  <trkpt lat="10.77625137" lon="106.70284394"><ele>12.588</ele><time>2025-01-16T11:36:44Z</time><speed>0.000</speed><sat>15</sat></trkpt>
  <trkpt lat="10.77625147" lon="106.70284411"><ele>12.583</ele><time>2025-01-16T11:36:45Z</time><speed>0.000</speed><sat>14</sat></trkpt>
  <trkpt lat="10.77625156" lon="106.70284419"><ele>12.585</ele><time>2025-01-16T11:36:46Z</time><speed>0.000</speed><sat>14</sat></trkpt>
  <trkpt lat="10.77625160" lon="106.70284422"><ele>12.595</ele><time>2025-01-16T11:36:47Z</time><speed>0.000</speed><sat>13</sat></trkpt>
  <trkpt lat="10.77625165" lon="106.70284422"><ele>12.601</ele><time>2025-01-16T11:36:48Z</time><speed>0.000</speed><sat>15</sat></trkpt>
  <trkpt lat="10.77625169" lon="106.70284419"><ele>12.597</ele><time>2025-01-16T11:36:49Z</time><speed>0.000</speed><sat>15</sat></trkpt>
  <trkpt lat="10.77625174" lon="106.70284417"><ele>12.601</ele><time>2025-01-16T11:36:50Z</time><speed>0.000</speed><sat>15</sat></trkpt>
  <trkpt lat="10.77625181" lon="106.70284448"><ele>12.621</ele><time>2025-01-16T11:36:51Z</time><speed>0.000</speed><sat>14</sat></trkpt>
  <trkpt lat="10.77625182" lon="106.70284460"><ele>12.627</ele><time>2025-01-16T11:36:52Z</time><speed>0.000</speed><sat>14</sat></trkpt>
  <trkpt lat="10.77625181" lon="106.70284463"><ele>12.633</ele><time>2025-01-16T11:36:53Z</time><speed>0.000</speed><sat>15</sat></trkpt>
  <trkpt lat="10.77625181" lon="106.70284462"><ele>12.632</ele><time>2025-01-16T11:36:54Z</time><speed>0.000</speed><sat>14</sat></trkpt>
  <trkpt lat="10.77625181" lon="106.70284459"><ele>12.630</ele><time>2025-01-16T11:36:55Z</time><speed>0.000</speed><sat>15</sat></trkpt>
  <trkpt lat="10.77625170" lon="106.70284496"><ele>12.662</ele><time>2025-01-16T11:36:56Z</time><speed>0.000</speed><sat>16</sat></trkpt>
  <trkpt lat="10.77625164" lon="106.70284514"><ele>12.665</ele><time>2025-01-16T11:36:57Z</time><speed>0.000</speed><sat>15</sat></trkpt>
  <trkpt lat="10.77625161" lon="106.70284521"><ele>12.669</ele><time>2025-01-16T11:36:58Z</time><speed>0.000</speed><sat>13</sat></trkpt>
  <trkpt lat="10.77625157" lon="106.70284524"><ele>12.669</ele><time>2025-01-16T11:36:59Z</time><speed>0.000</speed><sat>11</sat></trkpt>
  <trkpt lat="10.77625003" lon="106.70284361"><ele>12.760</ele><time>2025-01-16T11:37:00Z</time><speed>0.430</speed><sat>11</sat></trkpt>
  <trkpt lat="10.77624905" lon="106.70284569"><ele>12.347</ele><time>2025-01-16T11:37:01Z</time><speed>0.000</speed><sat>13</sat></trkpt>
  <trkpt lat="10.77624956" lon="106.70284777"><ele>12.270</ele><time>2025-01-16T11:37:02Z</time><speed>0.000</speed><sat>14</sat></trkpt>
  <trkpt lat="10.77624982" lon="106.70284881"><ele>12.270</ele><time>2025-01-16T11:37:03Z</time><speed>0.000</speed><sat>14</sat></trkpt>
  <trkpt lat="10.77625200" lon="106.70285205"><ele>10.473</ele><time>2025-01-16T11:37:04Z</time><speed>0.000</speed><sat>14</sat></trkpt>
  <trkpt lat="10.77625515" lon="106.70285691"><ele>9.546</ele><time>2025-01-16T11:37:05Z</time><speed>0.000</speed><sat>15</sat></trkpt>
  <trkpt lat="10.77625964" lon="106.70286056"><ele>8.964</ele><time>2025-01-16T11:37:06Z</time><speed>0.000</speed><sat>15</sat></trkpt>
  <trkpt lat="10.77626296" lon="106.70286266"><ele>8.282</ele><time>2025-01-16T11:37:07Z</time><speed>0.000</speed><sat>15</sat></trkpt>
  <trkpt lat="10.77626659" lon="106.70286226"><ele>8.193</ele><time>2025-01-16T11:37:08Z</time><speed>0.000</speed><sat>12</sat></trkpt>
  <trkpt lat="10.77626799" lon="106.70285969"><ele>8.618</ele><time>2025-01-16T11:37:09Z</time><speed>0.000</speed><sat>11</sat></trkpt>
  <trkpt lat="10.77626790" lon="106.70285783"><ele>8.395</ele><time>2025-01-16T11:37:10Z</time><speed>0.000</speed><sat>10</sat></trkpt>
  <trkpt lat="10.77626787" lon="106.70285825"><ele>8.318</ele><time>2025-01-16T11:37:11Z</time><speed>0.000</speed><sat>10</sat></trkpt>
  <trkpt lat="10.77626654" lon="106.70285598"><ele>9.142</ele><time>2025-01-16T11:37:12Z</time><speed>0.000</speed><sat>12</sat></trkpt>
  <trkpt lat="10.77626624" lon="106.70285613"><ele>9.391</ele><time>2025-01-16T11:37:13Z</time><speed>0.000</speed><sat>10</sat></trkpt>
  <trkpt lat="10.77626609" lon="106.70285620"><ele>9.391</ele><time>2025-01-16T11:37:14Z</time><speed>0.000</speed><sat>10</sat></trkpt>
  <trkpt lat="10.77626531" lon="106.70285602"><ele>9.540</ele><time>2025-01-16T11:37:15Z</time><speed>0.000</speed><sat>10</sat></trkpt>
  <trkpt lat="10.77626488" lon="106.70285629"><ele>9.519</ele><time>2025-01-16T11:37:16Z</time><speed>0.000</speed><sat>13</sat></trkpt>
  <trkpt lat="10.77626461" lon="106.70285641"><ele>9.519</ele><time>2025-01-16T11:37:17Z</time><speed>0.000</speed><sat>13</sat></trkpt>
  <trkpt lat="10.77626443" lon="106.70285643"><ele>9.536</ele><time>2025-01-16T11:37:18Z</time><speed>0.000</speed><sat>16</sat></trkpt>
  <trkpt lat="10.77626430" lon="106.70285641"><ele>9.556</ele><time>2025-01-16T11:37:19Z</time><speed>0.000</speed><sat>13</sat></trkpt>
  <trkpt lat="10.77626419" lon="106.70285636"><ele>9.578</ele><time>2025-01-16T11:37:20Z</time><speed>0.000</speed><sat>14</sat></trkpt>
  <trkpt lat="10.77626416" lon="106.70285738"><ele>9.523</ele><time>2025-01-16T11:37:21Z</time><speed>0.000</speed><sat>13</sat></trkpt>
  <trkpt lat="10.77626412" lon="106.70285789"><ele>9.538</ele><time>2025-01-16T11:37:22Z</time><speed>0.000</speed><sat>12</sat></trkpt>
  <trkpt lat="10.77626403" lon="106.70285814"><ele>9.558</ele><time>2025-01-16T11:37:23Z</time><speed>0.000</speed><sat>13</sat></trkpt>
  <trkpt lat="10.77626396" lon="106.70285824"><ele>9.566</ele><time>2025-01-16T11:37:24Z</time><speed>0.000</speed><sat>11</sat></trkpt>
  <trkpt lat="10.77626384" lon="106.70285827"><ele>9.567</ele><time>2025-01-16T11:37:25Z</time><speed>0.000</speed><sat>13</sat></trkpt>
  <trkpt lat="10.77626369" lon="106.70285838"><ele>9.551</ele><time>2025-01-16T11:37:26Z</time><speed>0.000</speed><sat>13</sat></trkpt>
  <trkpt lat="10.77626360" lon="106.70285844"><ele>9.573</ele><time>2025-01-16T11:37:27Z</time><speed>0.000</speed><sat>13</sat></trkpt>
  <trkpt lat="10.77626353" lon="106.70285844"><ele>9.557</ele><time>2025-01-16T11:37:28Z</time><speed>0.000</speed><sat>15</sat></trkpt>
  <trkpt lat="10.77626349" lon="106.70285851"><ele>9.565</ele><time>2025-01-16T11:37:29Z</time><speed>0.000</speed><sat>16</sat></trkpt>
  <trkpt lat="10.77626349" lon="106.70285856"><ele>9.558</ele><time>2025-01-16T11:37:30Z</time><speed>0.000</speed><sat>16</sat></trkpt>
  <trkpt lat="10.77626348" lon="106.70285859"><ele>9.557</ele><time>2025-01-16T11:37:31Z</time><speed>0.000</speed><sat>15</sat></trkpt>
  <trkpt lat="10.77626348" lon="106.70285862"><ele>9.553</ele><time>2025-01-16T11:37:32Z</time><speed>0.000</speed><sat>15</sat></trkpt>
  <trkpt lat="10.77626350" lon="106.70285867"><ele>9.539</ele><time>2025-01-16T11:37:33Z</time><speed>0.000</speed><sat>12</sat></trkpt>
  <trkpt lat="10.77626355" lon="106.70285963"><ele>9.485</ele><time>2025-01-16T11:37:34Z</time><speed>0.000</speed><sat>14</sat></trkpt>
  <trkpt lat="10.77626356" lon="106.70286012"><ele>9.477</ele><time>2025-01-16T11:37:35Z</time><speed>0.000</speed><sat>13</sat></trkpt>
  <trkpt lat="10.77626357" lon="106.70286034"><ele>9.470</ele><time>2025-01-16T11:37:36Z</time><speed>0.000</speed><sat>14</sat></trkpt>
  <trkpt lat="10.77626355" lon="106.70286042"><ele>9.465</ele><time>2025-01-16T11:37:37Z</time><speed>0.000</speed><sat>13</sat></trkpt>
  <trkpt lat="10.77626349" lon="106.70286046"><ele>9.466</ele><time>2025-01-16T11:37:38Z</time><speed>0.000</speed><sat>12</sat></trkpt>
  <trkpt lat="10.77626344" lon="106.70286046"><ele>9.460</ele><time>2025-01-16T11:37:39Z</time><speed>0.000</speed><sat>12</sat></trkpt>
  <trkpt lat="10.77626341" lon="106.70286047"><ele>9.463</ele><time>2025-01-16T11:37:40Z</time><speed>0.000</speed><sat>12</sat></trkpt>
  <trkpt lat="10.77626333" lon="106.70286047"><ele>9.471</ele><time>2025-01-16T11:37:41Z</time><speed>0.000</speed><sat>13</sat></trkpt>
  <trkpt lat="10.77626326" lon="106.70286109"><ele>9.432</ele><time>2025-01-16T11:37:42Z</time><speed>0.000</speed><sat>13</sat></trkpt>
  <trkpt lat="10.77626319" lon="106.70286135"><ele>9.444</ele><time>2025-01-16T11:37:43Z</time><speed>0.000</speed><sat>12</sat></trkpt>
  <trkpt lat="10.77626314" lon="106.70286145"><ele>9.439</ele><time>2025-01-16T11:37:44Z</time><speed>0.000</speed><sat>12</sat></trkpt>
  <trkpt lat="10.77626306" lon="106.70286147"><ele>9.445</ele><time>2025-01-16T11:37:45Z</time><speed>0.000</speed><sat>12</sat></trkpt>
  <trkpt lat="10.77626303" lon="106.70286144"><ele>9.441</ele><time>2025-01-16T11:37:46Z</time><speed>0.000</speed><sat>14</sat></trkpt>
  <trkpt lat="10.77626300" lon="106.70286142"><ele>9.451</ele><time>2025-01-16T11:37:47Z</time><speed>0.000</speed><sat>12</sat></trkpt>
  <trkpt lat="10.77626298" lon="106.70286140"><ele>9.459</ele><time>2025-01-16T11:37:48Z</time><speed>0.000</speed><sat>12</sat></trkpt>
  <trkpt lat="10.77626297" lon="106.70286137"><ele>9.479</ele><time>2025-01-16T11:37:49Z</time><speed>0.000</speed><sat>14</sat></trkpt>
  <trkpt lat="10.77626294" lon="106.70286133"><ele>9.493</ele><time>2025-01-16T11:37:50Z</time><speed>0.000</speed><sat>15</sat></trkpt>
  <trkpt lat="10.77626287" lon="106.70286124"><ele>9.515</ele><time>2025-01-16T11:37:51Z</time><speed>0.000</speed><sat>15</sat></trkpt>
  <trkpt lat="10.77626282" lon="106.70286116"><ele>9.529</ele><time>2025-01-16T11:37:52Z</time><speed>0.000</speed><sat>14</sat></trkpt>
  <trkpt lat="10.77626271" lon="106.70286142"><ele>9.523</ele><time>2025-01-16T11:37:53Z</time><speed>0.000</speed><sat>15</sat></trkpt>
  <trkpt lat="10.77626263" lon="106.70286153"><ele>9.534</ele><time>2025-01-16T11:37:54Z</time><speed>0.000</speed><sat>16</sat></trkpt>
  <trkpt lat="10.77626254" lon="106.70286160"><ele>9.550</ele><time>2025-01-16T11:37:55Z</time><speed>0.000</speed><sat>13</sat></trkpt>
  <trkpt lat="10.77626248" lon="106.70286164"><ele>9.559</ele><time>2025-01-16T11:37:56Z</time><speed>0.000</speed><sat>15</sat></trkpt>
  <trkpt lat="10.77626239" lon="106.70286219"><ele>9.542</ele><time>2025-01-16T11:37:57Z</time><speed>0.000</speed><sat>13</sat></trkpt>
  <trkpt lat="10.77626230" lon="106.70286249"><ele>9.570</ele><time>2025-01-16T11:37:58Z</time><speed>0.000</speed><sat>13</sat></trkpt>
  <trkpt lat="10.77626226" lon="106.70286263"><ele>9.570</ele><time>2025-01-16T11:37:59Z</time><speed>0.000</speed><sat>13</sat></trkpt>
  <trkpt lat="10.77626217" lon="106.70286266"><ele>9.622</ele><time>2025-01-16T11:38:00Z</time><speed>0.000</speed><sat>14</sat></trkpt>
  <trkpt lat="10.77626197" lon="106.70286302"><ele>9.596</ele><time>2025-01-16T11:38:01Z</time><speed>0.000</speed><sat>17</sat></trkpt>
  <trkpt lat="10.77626174" lon="106.70286403"><ele>9.524</ele><time>2025-01-16T11:38:02Z</time><speed>0.000</speed><sat>18</sat></trkpt>
  <trkpt lat="10.77626170" lon="106.70286474"><ele>9.575</ele><time>2025-01-16T11:38:03Z</time><speed>0.000</speed><sat>19</sat></trkpt>
  <trkpt lat="10.77626177" lon="106.70286512"><ele>9.660</ele><time>2025-01-16T11:38:04Z</time><speed>0.000</speed><sat>21</sat></trkpt>
  <trkpt lat="10.77626172" lon="106.70286547"><ele>9.658</ele><time>2025-01-16T11:38:05Z</time><speed>0.000</speed><sat>21</sat></trkpt>
  <trkpt lat="10.77626173" lon="106.70286635"><ele>9.620</ele><time>2025-01-16T11:38:06Z</time><speed>0.000</speed><sat>18</sat></trkpt>
  <trkpt lat="10.77626174" lon="106.70286679"><ele>9.620</ele><time>2025-01-16T11:38:07Z</time><speed>0.000</speed><sat>18</sat></trkpt>
  <trkpt lat="10.77626171" lon="106.70286702"><ele>9.655</ele><time>2025-01-16T11:38:08Z</time><speed>0.000</speed><sat>17</sat></trkpt>
  <trkpt lat="10.77626165" lon="106.70286710"><ele>9.677</ele><time>2025-01-16T11:38:09Z</time><speed>0.000</speed><sat>17</sat></trkpt>
  <trkpt lat="10.77626160" lon="106.70286713"><ele>9.687</ele><time>2025-01-16T11:38:10Z</time><speed>0.000</speed><sat>18</sat></trkpt>
  <trkpt lat="10.77626156" lon="106.70286713"><ele>9.687</ele><time>2025-01-16T11:38:11Z</time><speed>0.000</speed><sat>15</sat></trkpt>
  <trkpt lat="10.77626154" lon="106.70286712"><ele>9.693</ele><time>2025-01-16T11:38:12Z</time><speed>0.000</speed><sat>12</sat></trkpt>
  <trkpt lat="10.77626158" lon="106.70286812"><ele>9.634</ele><time>2025-01-16T11:38:13Z</time><speed>0.000</speed><sat>12</sat></trkpt>
  <trkpt lat="10.77626161" lon="106.70286858"><ele>9.638</ele><time>2025-01-16T11:38:14Z</time><speed>0.000</speed><sat>15</sat></trkpt>
  <trkpt lat="10.77626162" lon="106.70286879"><ele>9.643</ele><time>2025-01-16T11:38:15Z</time><speed>0.000</speed><sat>14</sat></trkpt>
  <trkpt lat="10.77626158" lon="106.70286893"><ele>9.669</ele><time>2025-01-16T11:38:16Z</time><speed>0.000</speed><sat>13</sat></trkpt>
  <trkpt lat="10.77626159" lon="106.70286994"><ele>9.629</ele><time>2025-01-16T11:38:17Z</time><speed>0.000</speed><sat>14</sat></trkpt>
  <trkpt lat="10.77626158" lon="106.70287045"><ele>9.642</ele><time>2025-01-16T11:38:18Z</time><speed>0.000</speed><sat>15</sat></trkpt>
  <trkpt lat="10.77626155" lon="106.70287072"><ele>9.653</ele><time>2025-01-16T11:38:19Z</time><speed>0.000</speed><sat>15</sat></trkpt>
  <trkpt lat="10.77626152" lon="106.70287085"><ele>9.665</ele><time>2025-01-16T11:38:20Z</time><speed>0.000</speed><sat>13</sat></trkpt>
  <trkpt lat="10.77626151" lon="106.70287091"><ele>9.665</ele><time>2025-01-16T11:38:21Z</time><speed>0.000</speed><sat>13</sat></trkpt>
  <trkpt lat="10.77626144" lon="106.70287096"><ele>9.704</ele><time>2025-01-16T11:38:22Z</time><speed>0.000</speed><sat>12</sat></trkpt>
  <trkpt lat="10.77626137" lon="106.70287139"><ele>9.690</ele><time>2025-01-16T11:38:23Z</time><speed>0.000</speed><sat>12</sat></trkpt>
  <trkpt lat="10.77626131" lon="106.70287159"><ele>9.710</ele><time>2025-01-16T11:38:24Z</time><speed>0.000</speed><sat>14</sat></trkpt>
  <trkpt lat="10.77626126" lon="106.70287170"><ele>9.721</ele><time>2025-01-16T11:38:25Z</time><speed>0.000</speed><sat>14</sat></trkpt>
  <trkpt lat="10.77626122" lon="106.70287173"><ele>9.737</ele><time>2025-01-16T11:38:26Z</time><speed>0.000</speed><sat>15</sat></trkpt>
  <trkpt lat="10.77626118" lon="106.70287173"><ele>9.756</ele><time>2025-01-16T11:38:27Z</time><speed>0.000</speed><sat>15</sat></trkpt>
  <trkpt lat="10.77626117" lon="106.70287179"><ele>9.779</ele><time>2025-01-16T11:38:28Z</time><speed>0.000</speed><sat>15</sat></trkpt>
  <trkpt lat="10.77626114" lon="106.70287183"><ele>9.797</ele><time>2025-01-16T11:38:29Z</time><speed>0.000</speed><sat>17</sat></trkpt>
  <trkpt lat="10.77626111" lon="106.70287184"><ele>9.814</ele><time>2025-01-16T11:38:30Z</time><speed>0.000</speed><sat>17</sat></trkpt>
  <trkpt lat="10.77626107" lon="106.70287288"><ele>9.771</ele><time>2025-01-16T11:38:31Z</time><speed>0.000</speed><sat>17</sat></trkpt>
  <trkpt lat="10.77626103" lon="106.70287341"><ele>9.793</ele><time>2025-01-16T11:38:32Z</time><speed>0.000</speed><sat>17</sat></trkpt>
  <trkpt lat="10.77626097" lon="106.70287368"><ele>9.816</ele><time>2025-01-16T11:38:33Z</time><speed>0.000</speed><sat>18</sat></trkpt>
  <trkpt lat="10.77626092" lon="106.70287380"><ele>9.836</ele><time>2025-01-16T11:38:34Z</time><speed>0.000</speed><sat>18</sat></trkpt>
  <trkpt lat="10.77626086" lon="106.70287385"><ele>9.862</ele><time>2025-01-16T11:38:35Z</time><speed>0.000</speed><sat>16</sat></trkpt>
  <trkpt lat="10.77626084" lon="106.70287431"><ele>9.835</ele><time>2025-01-16T11:38:36Z</time><speed>0.000</speed><sat>16</sat></trkpt>
  <trkpt lat="10.77626078" lon="106.70287450"><ele>9.863</ele><time>2025-01-16T11:38:37Z</time><speed>0.000</speed><sat>16</sat></trkpt>
  <trkpt lat="10.77626073" lon="106.70287459"><ele>9.882</ele><time>2025-01-16T11:38:38Z</time><speed>0.000</speed><sat>16</sat></trkpt>
  <trkpt lat="10.77626065" lon="106.70287464"><ele>9.908</ele><time>2025-01-16T11:38:39Z</time><speed>0.000</speed><sat>14</sat></trkpt>
  <trkpt lat="10.77626060" lon="106.70287462"><ele>9.925</ele><time>2025-01-16T11:38:40Z</time><speed>0.000</speed><sat>15</sat></trkpt>
  <trkpt lat="10.77626055" lon="106.70287461"><ele>9.939</ele><time>2025-01-16T11:38:41Z</time><speed>0.000</speed><sat>13</sat></trkpt>
  <trkpt lat="10.77626049" lon="106.70287458"><ele>9.958</ele><time>2025-01-16T11:38:42Z</time><speed>0.000</speed><sat>15</sat></trkpt>
  <trkpt lat="10.77626045" lon="106.70287451"><ele>9.977</ele><time>2025-01-16T11:38:43Z</time><speed>0.000</speed><sat>16</sat></trkpt>
  <trkpt lat="10.77626037" lon="106.70287465"><ele>9.981</ele><time>2025-01-16T11:38:44Z</time><speed>0.000</speed><sat>14</sat></trkpt>
  <trkpt lat="10.77626030" lon="106.70287468"><ele>9.992</ele><time>2025-01-16T11:38:45Z</time><speed>0.000</speed><sat>15</sat></trkpt>
  <trkpt lat="10.77626022" lon="106.70287469"><ele>10.000</ele><time>2025-01-16T11:38:46Z</time><speed>0.000</speed><sat>15</sat></trkpt>
  <trkpt lat="10.77626018" lon="106.70287469"><ele>10.000</ele><time>2025-01-16T11:38:47Z</time><speed>0.000</speed><sat>15</sat></trkpt>
  <trkpt lat="10.77626019" lon="106.70287470"><ele>10.014</ele><time>2025-01-16T11:38:48Z</time><speed>0.000</speed><sat>11</sat></trkpt>
  <trkpt lat="10.77626026" lon="106.70287597"><ele>9.963</ele><time>2025-01-16T11:38:49Z</time><speed>0.000</speed><sat>11</sat></trkpt>
  <trkpt lat="10.77626029" lon="106.70287660"><ele>9.963</ele><time>2025-01-16T11:38:50Z</time><speed>0.000</speed><sat>11</sat></trkpt>
  <trkpt lat="10.77626027" lon="106.70287696"><ele>9.989</ele><time>2025-01-16T11:38:51Z</time><speed>0.000</speed><sat>13</sat></trkpt>
  <trkpt lat="10.77626027" lon="106.70287713"><ele>9.989</ele><time>2025-01-16T11:38:52Z</time><speed>0.000</speed><sat>13</sat></trkpt>
  <trkpt lat="10.77626022" lon="106.70287726"><ele>10.000</ele><time>2025-01-16T11:38:53Z</time><speed>0.000</speed><sat>13</sat></trkpt>
  <trkpt lat="10.77626018" lon="106.70287734"><ele>10.015</ele><time>2025-01-16T11:38:54Z</time><speed>0.000</speed><sat>12</sat></trkpt>
  <trkpt lat="10.77626013" lon="106.70287741"><ele>10.030</ele><time>2025-01-16T11:38:55Z</time><speed>0.000</speed><sat>13</sat></trkpt>
  <trkpt lat="10.77626008" lon="106.70287749"><ele>10.046</ele><time>2025-01-16T11:38:56Z</time><speed>0.000</speed><sat>12</sat></trkpt>
  <trkpt lat="10.77626006" lon="106.70287753"><ele>10.046</ele><time>2025-01-16T11:38:57Z</time><speed>0.000</speed><sat>12</sat></trkpt>
  <trkpt lat="10.77626002" lon="106.70287755"><ele>10.044</ele><time>2025-01-16T11:38:58Z</time><speed>0.000</speed><sat>10</sat></trkpt>
  <trkpt lat="10.77625997" lon="106.70287755"><ele>10.044</ele><time>2025-01-16T11:38:59Z</time><speed>0.000</speed><sat>14</sat></trkpt>
  <trkpt lat="10.77625976" lon="106.70287832"><ele>10.002</ele><time>2025-01-16T11:39:00Z</time><speed>0.000</speed><sat>16</sat></trkpt>
  <trkpt lat="10.77625958" lon="106.70287870"><ele>10.018</ele><time>2025-01-16T11:39:01Z</time><speed>0.000</speed><sat>17</sat></trkpt>
  <trkpt lat="10.77625946" lon="106.70287893"><ele>10.029</ele><time>2025-01-16T11:39:02Z</time><speed>0.000</speed><sat>16</sat></trkpt>
  <trkpt lat="10.77625935" lon="106.70287908"><ele>10.028</ele><time>2025-01-16T11:39:03Z</time><speed>0.000</speed><sat>17</sat></trkpt>
  <trkpt lat="10.77625924" lon="106.70287923"><ele>10.022</ele><time>2025-01-16T11:39:04Z</time><speed>0.000</speed><sat>17</sat></trkpt>
  <trkpt lat="10.77625915" lon="106.70287937"><ele>10.029</ele><time>2025-01-16T11:39:05Z</time><speed>0.000</speed><sat>18</sat></trkpt>
  <trkpt lat="10.77625902" lon="106.70287917"><ele>10.025</ele><time>2025-01-16T11:39:06Z</time><speed>0.000</speed><sat>19</sat></trkpt>
  <trkpt lat="10.77625888" lon="106.70287893"><ele>10.028</ele><time>2025-01-16T11:39:07Z</time><speed>0.000</speed><sat>16</sat></trkpt>
  <trkpt lat="10.77625881" lon="106.70287882"><ele>10.028</ele><time>2025-01-16T11:39:08Z</time><speed>0.000</speed><sat>17</sat></trkpt>
  <trkpt lat="10.77625881" lon="106.70287996"><ele>9.965</ele><time>2025-01-16T11:39:09Z</time><speed>0.000</speed><sat>17</sat></trkpt>
  <trkpt lat="10.77625878" lon="106.70288054"><ele>9.975</ele><time>2025-01-16T11:39:10Z</time><speed>0.000</speed><sat>13</sat></trkpt>
  <trkpt lat="10.77625877" lon="106.70288083"><ele>9.975</ele><time>2025-01-16T11:39:11Z</time><speed>0.000</speed><sat>13</sat></trkpt>
  <trkpt lat="10.77625870" lon="106.70288099"><ele>10.002</ele><time>2025-01-16T11:39:12Z</time><speed>0.000</speed><sat>19</sat></trkpt>
  <trkpt lat="10.77625859" lon="106.70288099"><ele>9.999</ele><time>2025-01-16T11:39:13Z</time><speed>0.000</speed><sat>19</sat></trkpt>
  <trkpt lat="10.77625834" lon="106.70288112"><ele>9.977</ele><time>2025-01-16T11:39:14Z</time><speed>0.000</speed><sat>19</sat></trkpt>
  <trkpt lat="10.77625811" lon="106.70288124"><ele>9.960</ele><time>2025-01-16T11:39:15Z</time><speed>0.000</speed><sat>19</sat></trkpt>
  <trkpt lat="10.77625789" lon="106.70288130"><ele>9.980</ele><time>2025-01-16T11:39:16Z</time><speed>0.000</speed><sat>20</sat></trkpt>
  <trkpt lat="10.77625769" lon="106.70288136"><ele>9.983</ele><time>2025-01-16T11:39:17Z</time><speed>0.000</speed><sat>21</sat></trkpt>
  <trkpt lat="10.77625747" lon="106.70288139"><ele>9.986</ele><time>2025-01-16T11:39:18Z</time><speed>0.000</speed><sat>21</sat></trkpt>
  <trkpt lat="10.77625729" lon="106.70288140"><ele>10.019</ele><time>2025-01-16T11:39:19Z</time><speed>0.000</speed><sat>22</sat></trkpt>
  <trkpt lat="10.77625706" lon="106.70288233"><ele>9.968</ele><time>2025-01-16T11:39:20Z</time><speed>0.000</speed><sat>22</sat></trkpt>
  <trkpt lat="10.77625685" lon="106.70288283"><ele>9.979</ele><time>2025-01-16T11:39:21Z</time><speed>0.000</speed><sat>22</sat></trkpt>
  <trkpt lat="10.77625665" lon="106.70288313"><ele>9.992</ele><time>2025-01-16T11:39:22Z</time><speed>0.000</speed><sat>22</sat></trkpt>
  <trkpt lat="10.77625649" lon="106.70288333"><ele>9.994</ele><time>2025-01-16T11:39:23Z</time><speed>0.000</speed><sat>21</sat></trkpt>
  <trkpt lat="10.77625635" lon="106.70288379"><ele>9.976</ele><time>2025-01-16T11:39:24Z</time><speed>0.000</speed><sat>21</sat></trkpt>
  <trkpt lat="10.77625626" lon="106.70288435"><ele>10.069</ele><time>2025-01-16T11:39:25Z</time><speed>0.000</speed><sat>21</sat></trkpt>
  <trkpt lat="10.77625619" lon="106.70288462"><ele>10.064</ele><time>2025-01-16T11:39:26Z</time><speed>0.000</speed><sat>22</sat></trkpt>
  <trkpt lat="10.77625612" lon="106.70288496"><ele>10.097</ele><time>2025-01-16T11:39:27Z</time><speed>0.000</speed><sat>22</sat></trkpt>
  <trkpt lat="10.77625604" lon="106.70288528"><ele>10.126</ele><time>2025-01-16T11:39:28Z</time><speed>0.000</speed><sat>22</sat></trkpt>
  <trkpt lat="10.77625599" lon="106.70288558"><ele>10.169</ele><time>2025-01-16T11:39:29Z</time><speed>0.000</speed><sat>22</sat></trkpt>
  <trkpt lat="10.77625593" lon="106.70288678"><ele>10.109</ele><time>2025-01-16T11:39:30Z</time><speed>0.000</speed><sat>22</sat></trkpt>
  <trkpt lat="10.77625591" lon="106.70288737"><ele>10.108</ele><time>2025-01-16T11:39:31Z</time><speed>0.000</speed><sat>22</sat></trkpt>
  <trkpt lat="10.77625587" lon="106.70288770"><ele>10.108</ele><time>2025-01-16T11:39:32Z</time><speed>0.000</speed><sat>22</sat></trkpt>
  <trkpt lat="10.77625583" lon="106.70288792"><ele>10.114</ele><time>2025-01-16T11:39:33Z</time><speed>0.000</speed><sat>19</sat></trkpt>
  <trkpt lat="10.77625581" lon="106.70288803"><ele>10.114</ele><time>2025-01-16T11:39:34Z</time><speed>0.000</speed><sat>18</sat></trkpt>
  <trkpt lat="10.77625571" lon="106.70288928"><ele>10.045</ele><time>2025-01-16T11:39:35Z</time><speed>0.000</speed><sat>18</sat></trkpt>
  <trkpt lat="10.77625560" lon="106.70289005"><ele>10.050</ele><time>2025-01-16T11:39:36Z</time><speed>0.000</speed><sat>15</sat></trkpt>
  <trkpt lat="10.77625552" lon="106.70289050"><ele>10.052</ele><time>2025-01-16T11:39:37Z</time><speed>0.000</speed><sat>15</sat></trkpt>
  <trkpt lat="10.77625544" lon="106.70289078"><ele>10.058</ele><time>2025-01-16T11:39:38Z</time><speed>0.000</speed><sat>15</sat></trkpt>
  <trkpt lat="10.77625535" lon="106.70289098"><ele>10.072</ele><time>2025-01-16T11:39:39Z</time><speed>0.000</speed><sat>14</sat></trkpt>
  <trkpt lat="10.77625527" lon="106.70289197"><ele>10.013</ele><time>2025-01-16T11:39:40Z</time><speed>0.000</speed><sat>14</sat></trkpt>
  <trkpt lat="10.77625514" lon="106.70289263"><ele>10.040</ele><time>2025-01-16T11:39:41Z</time><speed>0.000</speed><sat>11</sat></trkpt>
  <trkpt lat="10.77625505" lon="106.70289302"><ele>10.053</ele><time>2025-01-16T11:39:42Z</time><speed>0.000</speed><sat>11</sat></trkpt>
  <trkpt lat="10.77625500" lon="106.70289321"><ele>10.057</ele><time>2025-01-16T11:39:43Z</time><speed>0.000</speed><sat>14</sat></trkpt>
  <trkpt lat="10.77625499" lon="106.70289431"><ele>10.000</ele><time>2025-01-16T11:39:44Z</time><speed>0.000</speed><sat>16</sat></trkpt>
  <trkpt lat="10.77625498" lon="106.70289485"><ele>10.007</ele><time>2025-01-16T11:39:45Z</time><speed>0.000</speed><sat>16</sat></trkpt>
  <trkpt lat="10.77625498" lon="106.70289512"><ele>10.022</ele><time>2025-01-16T11:39:46Z</time><speed>0.000</speed><sat>17</sat></trkpt>
  <trkpt lat="10.77625478" lon="106.70289537"><ele>9.960</ele><time>2025-01-16T11:39:47Z</time><speed>0.000</speed><sat>19</sat></trkpt>
  <trkpt lat="10.77625466" lon="106.70289553"><ele>9.962</ele><time>2025-01-16T11:39:48Z</time><speed>0.000</speed><sat>21</sat></trkpt>
  <trkpt lat="10.77625470" lon="106.70289603"><ele>9.939</ele><time>2025-01-16T11:39:49Z</time><speed>0.000</speed><sat>21</sat></trkpt>
  <trkpt lat="10.77625472" lon="106.70289629"><ele>9.940</ele><time>2025-01-16T11:39:50Z</time><speed>0.000</speed><sat>21</sat></trkpt>
  <trkpt lat="10.77625472" lon="106.70289649"><ele>9.950</ele><time>2025-01-16T11:39:51Z</time><speed>0.000</speed><sat>21</sat></trkpt>
  <trkpt lat="10.77625470" lon="106.70289664"><ele>9.962</ele><time>2025-01-16T11:39:52Z</time><speed>0.000</speed><sat>22</sat></trkpt>
  <trkpt lat="10.77625469" lon="106.70289673"><ele>9.966</ele><time>2025-01-16T11:39:53Z</time><speed>0.000</speed><sat>23</sat></trkpt>
  <trkpt lat="10.77625470" lon="106.70289763"><ele>9.921</ele><time>2025-01-16T11:39:54Z</time><speed>0.000</speed><sat>23</sat></trkpt>
  <trkpt lat="10.77625467" lon="106.70289810"><ele>9.929</ele><time>2025-01-16T11:39:55Z</time><speed>0.000</speed><sat>23</sat></trkpt>
  <trkpt lat="10.77625463" lon="106.70289832"><ele>9.931</ele><time>2025-01-16T11:39:56Z</time><speed>0.000</speed><sat>23</sat></trkpt>
  <trkpt lat="10.77625458" lon="106.70289844"><ele>9.941</ele><time>2025-01-16T11:39:57Z</time><speed>0.000</speed><sat>23</sat></trkpt>
  <trkpt lat="10.77625452" lon="106.70289849"><ele>9.941</ele><time>2025-01-16T11:39:58Z</time><speed>0.000</speed><sat>22</sat></trkpt>
  <trkpt lat="10.77625444" lon="106.70289847"><ele>9.947</ele><time>2025-01-16T11:39:59Z</time><speed>0.000</speed><sat>21</sat></trkpt>
  <trkpt lat="10.77625420" lon="106.70289866"><ele>9.964</ele><time>2025-01-16T11:40:00Z</time><speed>0.000</speed><sat>21</sat></trkpt>
  <trkpt lat="10.77625404" lon="106.70289874"><ele>9.979</ele><time>2025-01-16T11:40:01Z</time><speed>0.000</speed><sat>22</sat></trkpt>
  <trkpt lat="10.77625391" lon="106.70289877"><ele>9.985</ele><time>2025-01-16T11:40:02Z</time><speed>0.000</speed><sat>22</sat></trkpt>
  <trkpt lat="10.77625381" lon="106.70289876"><ele>10.000</ele><time>2025-01-16T11:40:03Z</time><speed>0.000</speed><sat>22</sat></trkpt>
  <trkpt lat="10.77625371" lon="106.70289870"><ele>10.027</ele><time>2025-01-16T11:40:04Z</time><speed>0.000</speed><sat>22</sat></trkpt>
  <trkpt lat="10.77625349" lon="106.70289935"><ele>10.036</ele><time>2025-01-16T11:40:05Z</time><speed>0.000</speed><sat>23</sat></trkpt>
  <trkpt lat="10.77625336" lon="106.70289964"><ele>10.047</ele><time>2025-01-16T11:40:06Z</time><speed>0.000</speed><sat>23</sat></trkpt>
  <trkpt lat="10.77625327" lon="106.70289979"><ele>10.059</ele><time>2025-01-16T11:40:07Z</time><speed>0.000</speed><sat>22</sat></trkpt>
  <trkpt lat="10.77625320" lon="106.70289985"><ele>10.073</ele><time>2025-01-16T11:40:08Z</time><speed>0.000</speed><sat>23</sat></trkpt>
  <trkpt lat="10.77625310" lon="106.70289973"><ele>10.134</ele><time>2025-01-16T11:40:09Z</time><speed>0.000</speed><sat>23</sat></trkpt>
  <trkpt lat="10.77625303" lon="106.70289927"><ele>10.165</ele><time>2025-01-16T11:40:10Z</time><speed>0.000</speed><sat>23</sat></trkpt>
  <trkpt lat="10.77625297" lon="106.70289900"><ele>10.171</ele><time>2025-01-16T11:40:11Z</time><speed>0.000</speed><sat>22</sat></trkpt>
  <trkpt lat="10.77625293" lon="106.70289889"><ele>10.177</ele><time>2025-01-16T11:40:12Z</time><speed>0.000</speed><sat>22</sat></trkpt>
  <trkpt lat="10.77625287" lon="106.70289887"><ele>10.192</ele><time>2025-01-16T11:40:13Z</time><speed>0.000</speed><sat>22</sat></trkpt>
  <trkpt lat="10.77625280" lon="106.70289888"><ele>10.202</ele><time>2025-01-16T11:40:14Z</time><speed>0.000</speed><sat>21</sat></trkpt>
  <trkpt lat="10.77625278" lon="106.70289975"><ele>10.083</ele><time>2025-01-16T11:40:15Z</time><speed>0.000</speed><sat>20</sat></trkpt>
  <trkpt lat="10.77625274" lon="106.70290042"><ele>10.070</ele><time>2025-01-16T11:40:16Z</time><speed>0.000</speed><sat>20</sat></trkpt>
  <trkpt lat="10.77625267" lon="106.70290068"><ele>10.100</ele><time>2025-01-16T11:40:17Z</time><speed>0.000</speed><sat>21</sat></trkpt>
  <trkpt lat="10.77625256" lon="106.70290079"><ele>10.151</ele><time>2025-01-16T11:40:18Z</time><speed>0.000</speed><sat>21</sat></trkpt>
  <trkpt lat="10.77625247" lon="106.70290086"><ele>10.162</ele><time>2025-01-16T11:40:19Z</time><speed>0.000</speed><sat>21</sat></trkpt>
  <trkpt lat="10.77625244" lon="106.70290059"><ele>10.196</ele><time>2025-01-16T11:40:20Z</time><speed>0.000</speed><sat>21</sat></trkpt>
  <trkpt lat="10.77625235" lon="106.70290054"><ele>10.226</ele><time>2025-01-16T11:40:21Z</time><speed>0.000</speed><sat>21</sat></trkpt>
  <trkpt lat="10.77625224" lon="106.70290057"><ele>10.252</ele><time>2025-01-16T11:40:22Z</time><speed>0.000</speed><sat>21</sat></trkpt>
  <trkpt lat="10.77625209" lon="106.70290065"><ele>10.288</ele><time>2025-01-16T11:40:23Z</time><speed>0.000</speed><sat>21</sat></trkpt>
  <trkpt lat="10.77625199" lon="106.70290077"><ele>10.297</ele><time>2025-01-16T11:40:24Z</time><speed>0.000</speed><sat>21</sat></trkpt>
  <trkpt lat="10.77625193" lon="106.70290185"><ele>10.259</ele><time>2025-01-16T11:40:25Z</time><speed>0.000</speed><sat>22</sat></trkpt>
  <trkpt lat="10.77625188" lon="106.70290232"><ele>10.288</ele><time>2025-01-16T11:40:26Z</time><speed>0.000</speed><sat>23</sat></trkpt>
  <trkpt lat="10.77625185" lon="106.70290254"><ele>10.301</ele><time>2025-01-16T11:40:27Z</time><speed>0.000</speed><sat>22</sat></trkpt>
  <trkpt lat="10.77625183" lon="106.70290255"><ele>10.334</ele><time>2025-01-16T11:40:28Z</time><speed>0.000</speed><sat>22</sat></trkpt>
  <trkpt lat="10.77625178" lon="106.70290260"><ele>10.343</ele><time>2025-01-16T11:40:29Z</time><speed>0.000</speed><sat>22</sat></trkpt>
  <trkpt lat="10.77625161" lon="106.70290341"><ele>10.321</ele><time>2025-01-16T11:40:30Z</time><speed>0.000</speed><sat>22</sat></trkpt>
  <trkpt lat="10.77625152" lon="106.70290378"><ele>10.338</ele><time>2025-01-16T11:40:31Z</time><speed>0.000</speed><sat>22</sat></trkpt>
  <trkpt lat="10.77625147" lon="106.70290390"><ele>10.362</ele><time>2025-01-16T11:40:32Z</time><speed>0.000</speed><sat>22</sat></trkpt>
  <trkpt lat="10.77625144" lon="106.70290390"><ele>10.383</ele><time>2025-01-16T11:40:33Z</time><speed>0.000</speed><sat>22</sat></trkpt>
  <trkpt lat="10.77625141" lon="106.70290384"><ele>10.400</ele><time>2025-01-16T11:40:34Z</time><speed>0.000</speed><sat>22</sat></trkpt>
  <trkpt lat="10.77625142" lon="106.70290381"><ele>10.418</ele><time>2025-01-16T11:40:35Z</time><speed>0.000</speed><sat>22</sat></trkpt>
  <trkpt lat="10.77625141" lon="106.70290367"><ele>10.443</ele><time>2025-01-16T11:40:36Z</time><speed>0.000</speed><sat>21</sat></trkpt>
  <trkpt lat="10.77625137" lon="106.70290362"><ele>10.453</ele><time>2025-01-16T11:40:37Z</time><speed>0.000</speed><sat>21</sat></trkpt>
  <trkpt lat="10.77625134" lon="106.70290358"><ele>10.467</ele><time>2025-01-16T11:40:38Z</time><speed>0.000</speed><sat>21</sat></trkpt>
  <trkpt lat="10.77625129" lon="106.70290356"><ele>10.475</ele><time>2025-01-16T11:40:39Z</time><speed>0.000</speed><sat>20</sat></trkpt>
  <trkpt lat="10.77625111" lon="106.70290450"><ele>10.434</ele><time>2025-01-16T11:40:40Z</time><speed>0.000</speed><sat>20</sat></trkpt>
  <trkpt lat="10.77625100" lon="106.70290500"><ele>10.451</ele><time>2025-01-16T11:40:41Z</time><speed>0.000</speed><sat>20</sat></trkpt>
  <trkpt lat="10.77625088" lon="106.70290524"><ele>10.465</ele><time>2025-01-16T11:40:42Z</time><speed>0.000</speed><sat>21</sat></trkpt>
  <trkpt lat="10.77625078" lon="106.70290539"><ele>10.469</ele><time>2025-01-16T11:40:43Z</time><speed>0.000</speed><sat>21</sat></trkpt>
  <trkpt lat="10.77625068" lon="106.70290550"><ele>10.471</ele><time>2025-01-16T11:40:44Z</time><speed>0.000</speed><sat>21</sat></trkpt>
  <trkpt lat="10.77625063" lon="106.70290626"><ele>10.444</ele><time>2025-01-16T11:40:45Z</time><speed>0.000</speed><sat>21</sat></trkpt>
  <trkpt lat="10.77625054" lon="106.70290673"><ele>10.441</ele><time>2025-01-16T11:40:46Z</time><speed>0.000</speed><sat>22</sat></trkpt>
  <trkpt lat="10.77625048" lon="106.70290713"><ele>10.443</ele><time>2025-01-16T11:40:47Z</time><speed>0.000</speed><sat>22</sat></trkpt>
  <trkpt lat="10.77625042" lon="106.70290745"><ele>10.451</ele><time>2025-01-16T11:40:48Z</time><speed>0.000</speed><sat>22</sat></trkpt>
  <trkpt lat="10.77625039" lon="106.70290761"><ele>10.456</ele><time>2025-01-16T11:40:49Z</time><speed>0.000</speed><sat>22</sat></trkpt>
  <trkpt lat="10.77625036" lon="106.70290784"><ele>10.464</ele><time>2025-01-16T11:40:50Z</time><speed>0.000</speed><sat>22</sat></trkpt>
  <trkpt lat="10.77625033" lon="106.70290803"><ele>10.475</ele><time>2025-01-16T11:40:51Z</time><speed>0.000</speed><sat>22</sat></trkpt>
  <trkpt lat="10.77625029" lon="106.70290818"><ele>10.493</ele><time>2025-01-16T11:40:52Z</time><speed>0.000</speed><sat>22</sat></trkpt>
  <trkpt lat="10.77625023" lon="106.70290829"><ele>10.499</ele><time>2025-01-16T11:40:53Z</time><speed>0.000</speed><sat>22</sat></trkpt>
  <trkpt lat="10.77625015" lon="106.70290844"><ele>10.516</ele><time>2025-01-16T11:40:54Z</time><speed>0.000</speed><sat>22</sat></trkpt>
  <trkpt lat="10.77625006" lon="106.70290829"><ele>10.566</ele><time>2025-01-16T11:40:55Z</time><speed>0.000</speed><sat>22</sat></trkpt>
  <trkpt lat="10.77625000" lon="106.70290827"><ele>10.582</ele><time>2025-01-16T11:40:56Z</time><speed>0.000</speed><sat>23</sat></trkpt>
  <trkpt lat="10.77624987" lon="106.70290826"><ele>10.581</ele><time>2025-01-16T11:40:57Z</time><speed>0.000</speed><sat>23</sat></trkpt>
  <trkpt lat="10.77624983" lon="106.70290838"><ele>10.616</ele><time>2025-01-16T11:40:58Z</time><speed>0.000</speed><sat>23</sat></trkpt>
  <trkpt lat="10.77624981" lon="106.70290851"><ele>10.641</ele><time>2025-01-16T11:40:59Z</time><speed>0.000</speed><sat>23</sat></trkpt>
  <trkpt lat="10.77624977" lon="106.70290887"><ele>10.652</ele><time>2025-01-16T11:41:00Z</time><speed>0.000</speed><sat>23</sat></trkpt>
  <trkpt lat="10.77624969" lon="106.70290906"><ele>10.669</ele><time>2025-01-16T11:41:01Z</time><speed>0.000</speed><sat>24</sat></trkpt>
  <trkpt lat="10.77624960" lon="106.70290918"><ele>10.673</ele><time>2025-01-16T11:41:02Z</time><speed>0.000</speed><sat>24</sat></trkpt>
  <trkpt lat="10.77624950" lon="106.70290924"><ele>10.678</ele><time>2025-01-16T11:41:03Z</time><speed>0.000</speed><sat>24</sat></trkpt>
  <trkpt lat="10.77624948" lon="106.70290933"><ele>10.703</ele><time>2025-01-16T11:41:04Z</time><speed>0.000</speed><sat>24</sat></trkpt>
  <trkpt lat="10.77624959" lon="106.70291041"><ele>10.655</ele><time>2025-01-16T11:41:05Z</time><speed>0.000</speed><sat>24</sat></trkpt>
  <trkpt lat="10.77624963" lon="106.70291095"><ele>10.649</ele><time>2025-01-16T11:41:06Z</time><speed>0.000</speed><sat>24</sat></trkpt>
  <trkpt lat="10.77624967" lon="106.70291122"><ele>10.662</ele><time>2025-01-16T11:41:07Z</time><speed>0.000</speed><sat>24</sat></trkpt>
  <trkpt lat="10.77624967" lon="106.70291141"><ele>10.661</ele><time>2025-01-16T11:41:08Z</time><speed>0.000</speed><sat>24</sat></trkpt>
  <trkpt lat="10.77624967" lon="106.70291148"><ele>10.656</ele><time>2025-01-16T11:41:09Z</time><speed>0.000</speed><sat>21</sat></trkpt>
  <trkpt lat="10.77624970" lon="106.70291135"><ele>10.666</ele><time>2025-01-16T11:41:10Z</time><speed>0.000</speed><sat>21</sat></trkpt>
  <trkpt lat="10.77624971" lon="106.70291133"><ele>10.667</ele><time>2025-01-16T11:41:11Z</time><speed>0.000</speed><sat>20</sat></trkpt>
  <trkpt lat="10.77624971" lon="106.70291132"><ele>10.667</ele><time>2025-01-16T11:41:12Z</time><speed>0.000</speed><sat>20</sat></trkpt>
  <trkpt lat="10.77624969" lon="106.70291136"><ele>10.675</ele><time>2025-01-16T11:41:13Z</time><speed>0.000</speed><sat>19</sat></trkpt>
  <trkpt lat="10.77624961" lon="106.70291152"><ele>10.693</ele><time>2025-01-16T11:41:14Z</time><speed>0.000</speed><sat>21</sat></trkpt>
  <trkpt lat="10.77624962" lon="106.70291223"><ele>10.681</ele><time>2025-01-16T11:41:15Z</time><speed>0.000</speed><sat>18</sat></trkpt>
  <trkpt lat="10.77624961" lon="106.70291264"><ele>10.697</ele><time>2025-01-16T11:41:16Z</time><speed>0.000</speed><sat>17</sat></trkpt>
  <trkpt lat="10.77624956" lon="106.70291290"><ele>10.711</ele><time>2025-01-16T11:41:17Z</time><speed>0.000</speed><sat>20</sat></trkpt>
  <trkpt lat="10.77624949" lon="106.70291307"><ele>10.715</ele><time>2025-01-16T11:41:18Z</time><speed>0.000</speed><sat>20</sat></trkpt>
  <trkpt lat="10.77624943" lon="106.70291318"><ele>10.733</ele><time>2025-01-16T11:41:19Z</time><speed>0.000</speed><sat>20</sat></trkpt>
  <trkpt lat="10.77624948" lon="106.70291374"><ele>10.722</ele><time>2025-01-16T11:41:20Z</time><speed>0.000</speed><sat>24</sat></trkpt>
  <trkpt lat="10.77624948" lon="106.70291408"><ele>10.736</ele><time>2025-01-16T11:41:21Z</time><speed>0.000</speed><sat>24</sat></trkpt>
  <trkpt lat="10.77624945" lon="106.70291430"><ele>10.752</ele><time>2025-01-16T11:41:22Z</time><speed>0.000</speed><sat>24</sat></trkpt>
  <trkpt lat="10.77624941" lon="106.70291448"><ele>10.762</ele><time>2025-01-16T11:41:23Z</time><speed>0.000</speed><sat>24</sat></trkpt>
  <trkpt lat="10.77624938" lon="106.70291463"><ele>10.770</ele><time>2025-01-16T11:41:24Z</time><speed>0.000</speed><sat>24</sat></trkpt>
  <trkpt lat="10.77624940" lon="106.70291556"><ele>10.737</ele><time>2025-01-16T11:41:25Z</time><speed>0.000</speed><sat>24</sat></trkpt>
  <trkpt lat="10.77624939" lon="106.70291605"><ele>10.747</ele><time>2025-01-16T11:41:26Z</time><speed>0.000</speed><sat>24</sat></trkpt>
  <trkpt lat="10.77624935" lon="106.70291634"><ele>10.758</ele><time>2025-01-16T11:41:27Z</time><speed>0.000</speed><sat>23</sat></trkpt>
  <trkpt lat="10.77624932" lon="106.70291649"><ele>10.769</ele><time>2025-01-16T11:41:28Z</time><speed>0.000</speed><sat>21</sat></trkpt>
  <trkpt lat="10.77624928" lon="106.70291663"><ele>10.772</ele><time>2025-01-16T11:41:29Z</time><speed>0.000</speed><sat>23</sat></trkpt>
  <trkpt lat="10.77624938" lon="106.70291713"><ele>10.760</ele><time>2025-01-16T11:41:30Z</time><speed>0.000</speed><sat>22</sat></trkpt>
  <trkpt lat="10.77624941" lon="106.70291745"><ele>10.757</ele><time>2025-01-16T11:41:31Z</time><speed>0.000</speed><sat>24</sat></trkpt>
  <trkpt lat="10.77624941" lon="106.70291770"><ele>10.766</ele><time>2025-01-16T11:41:32Z</time><speed>0.000</speed><sat>24</sat></trkpt>
  <trkpt lat="10.77624941" lon="106.70291793"><ele>10.767</ele><time>2025-01-16T11:41:33Z</time><speed>0.000</speed><sat>24</sat></trkpt>
  <trkpt lat="10.77624939" lon="106.70291815"><ele>10.771</ele><time>2025-01-16T11:41:34Z</time><speed>0.000</speed><sat>24</sat></trkpt>
  <trkpt lat="10.77624930" lon="106.70291833"><ele>10.770</ele><time>2025-01-16T11:41:35Z</time><speed>0.000</speed><sat>24</sat></trkpt>
  <trkpt lat="10.77624924" lon="106.70291836"><ele>10.777</ele><time>2025-01-16T11:41:36Z</time><speed>0.000</speed><sat>24</sat></trkpt>
  <trkpt lat="10.77624921" lon="106.70291835"><ele>10.792</ele><time>2025-01-16T11:41:37Z</time><speed>0.000</speed><sat>24</sat></trkpt>
  <trkpt lat="10.77624920" lon="106.70291833"><ele>10.807</ele><time>2025-01-16T11:41:38Z</time><speed>0.000</speed><sat>24</sat></trkpt>
  <trkpt lat="10.77624919" lon="106.70291830"><ele>10.811</ele><time>2025-01-16T11:41:39Z</time><speed>0.000</speed><sat>23</sat></trkpt>
  <trkpt lat="10.77624920" lon="106.70291868"><ele>10.802</ele><time>2025-01-16T11:41:40Z</time><speed>0.000</speed><sat>20</sat></trkpt>
  <trkpt lat="10.77624925" lon="106.70291878"><ele>10.815</ele><time>2025-01-16T11:41:41Z</time><speed>0.000</speed><sat>19</sat></trkpt>
  <trkpt lat="10.77624928" lon="106.70291901"><ele>10.803</ele><time>2025-01-16T11:41:42Z</time><speed>0.000</speed><sat>16</sat></trkpt>
  <trkpt lat="10.77624928" lon="106.70291908"><ele>10.805</ele><time>2025-01-16T11:41:43Z</time><speed>0.000</speed><sat>16</sat></trkpt>
  <trkpt lat="10.77624926" lon="106.70291909"><ele>10.808</ele><time>2025-01-16T11:41:44Z</time><speed>0.000</speed><sat>16</sat></trkpt>
  <trkpt lat="10.77624924" lon="106.70291903"><ele>10.822</ele><time>2025-01-16T11:41:45Z</time><speed>0.000</speed><sat>16</sat></trkpt>
  <trkpt lat="10.77624920" lon="106.70291899"><ele>10.821</ele><time>2025-01-16T11:41:46Z</time><speed>0.000</speed><sat>16</sat></trkpt>
  <trkpt lat="10.77624915" lon="106.70291918"><ele>10.812</ele><time>2025-01-16T11:41:47Z</time><speed>0.000</speed><sat>15</sat></trkpt>
  <trkpt lat="10.77624912" lon="106.70291926"><ele>10.817</ele><time>2025-01-16T11:41:48Z</time><speed>0.000</speed><sat>13</sat></trkpt>
  <trkpt lat="10.77624910" lon="106.70291929"><ele>10.825</ele><time>2025-01-16T11:41:49Z</time><speed>0.000</speed><sat>14</sat></trkpt>
  <trkpt lat="10.77624909" lon="106.70291926"><ele>10.838</ele><time>2025-01-16T11:41:50Z</time><speed>0.000</speed><sat>15</sat></trkpt>
  <trkpt lat="10.77624908" lon="106.70291926"><ele>10.843</ele><time>2025-01-16T11:41:51Z</time><speed>0.000</speed><sat>17</sat></trkpt>
  <trkpt lat="10.77624907" lon="106.70291926"><ele>10.853</ele><time>2025-01-16T11:41:52Z</time><speed>0.000</speed><sat>16</sat></trkpt>
  <trkpt lat="10.77624908" lon="106.70291923"><ele>10.854</ele><time>2025-01-16T11:41:53Z</time><speed>0.000</speed><sat>17</sat></trkpt>
  <trkpt lat="10.77624907" lon="106.70291920"><ele>10.847</ele><time>2025-01-16T11:41:54Z</time><speed>0.000</speed><sat>17</sat></trkpt>
  <trkpt lat="10.77624911" lon="106.70291942"><ele>10.834</ele><time>2025-01-16T11:41:55Z</time><speed>0.000</speed><sat>16</sat></trkpt>
  <trkpt lat="10.77624914" lon="106.70291950"><ele>10.832</ele><time>2025-01-16T11:41:56Z</time><speed>0.000</speed><sat>15</sat></trkpt>
  <trkpt lat="10.77624917" lon="106.70291949"><ele>10.840</ele><time>2025-01-16T11:41:57Z</time><speed>0.000</speed><sat>15</sat></trkpt>
  <trkpt lat="10.77624923" lon="106.70291942"><ele>10.855</ele><time>2025-01-16T11:41:58Z</time><speed>0.000</speed><sat>13</sat></trkpt>
  <trkpt lat="10.77624926" lon="106.70291938"><ele>10.855</ele><time>2025-01-16T11:41:59Z</time><speed>0.000</speed><sat>15</sat></trkpt>
  <trkpt lat="10.77624927" lon="106.70291933"><ele>10.845</ele><time>2025-01-16T11:42:00Z</time><speed>0.000</speed><sat>14</sat></trkpt>
  <trkpt lat="10.77624927" lon="106.70291926"><ele>10.850</ele><time>2025-01-16T11:42:01Z</time><speed>0.000</speed><sat>15</sat></trkpt>
  <trkpt lat="10.77624925" lon="106.70291922"><ele>10.858</ele><time>2025-01-16T11:42:02Z</time><speed>0.000</speed><sat>16</sat></trkpt>
  <trkpt lat="10.77624924" lon="106.70291922"><ele>10.880</ele><time>2025-01-16T11:42:03Z</time><speed>0.000</speed><sat>15</sat></trkpt>
  <trkpt lat="10.77624923" lon="106.70291921"><ele>10.880</ele><time>2025-01-16T11:42:04Z</time><speed>0.000</speed><sat>15</sat></trkpt>
  <trkpt lat="10.77624922" lon="106.70291926"><ele>10.886</ele><time>2025-01-16T11:42:05Z</time><speed>0.000</speed><sat>17</sat></trkpt>
  <trkpt lat="10.77624922" lon="106.70291927"><ele>10.889</ele><time>2025-01-16T11:42:06Z</time><speed>0.000</speed><sat>20</sat></trkpt>
  <trkpt lat="10.77624923" lon="106.70291924"><ele>10.899</ele><time>2025-01-16T11:42:07Z</time><speed>0.000</speed><sat>20</sat></trkpt>
  <trkpt lat="10.77624924" lon="106.70291920"><ele>10.905</ele><time>2025-01-16T11:42:08Z</time><speed>0.000</speed><sat>20</sat></trkpt>
  <trkpt lat="10.77624927" lon="106.70291915"><ele>10.899</ele><time>2025-01-16T11:42:09Z</time><speed>0.000</speed><sat>21</sat></trkpt>
  <trkpt lat="10.77624937" lon="106.70291988"><ele>10.863</ele><time>2025-01-16T11:42:10Z</time><speed>0.000</speed><sat>21</sat></trkpt>
  <trkpt lat="10.77624942" lon="106.70292021"><ele>10.870</ele><time>2025-01-16T11:42:11Z</time><speed>0.000</speed><sat>18</sat></trkpt>
  <trkpt lat="10.77624945" lon="106.70292038"><ele>10.870</ele><time>2025-01-16T11:42:12Z</time><speed>0.000</speed><sat>19</sat></trkpt>
  <trkpt lat="10.77624949" lon="106.70292055"><ele>10.877</ele><time>2025-01-16T11:42:13Z</time><speed>0.000</speed><sat>16</sat></trkpt>
  <trkpt lat="10.77624951" lon="106.70292064"><ele>10.877</ele><time>2025-01-16T11:42:14Z</time><speed>0.000</speed><sat>16</sat></trkpt>
  <trkpt lat="10.77624952" lon="106.70292060"><ele>10.891</ele><time>2025-01-16T11:42:15Z</time><speed>0.000</speed><sat>21</sat></trkpt>
  <trkpt lat="10.77624953" lon="106.70292053"><ele>10.904</ele><time>2025-01-16T11:42:16Z</time><speed>0.000</speed><sat>20</sat></trkpt>
  <trkpt lat="10.77624954" lon="106.70292045"><ele>10.911</ele><time>2025-01-16T11:42:17Z</time><speed>0.000</speed><sat>20</sat></trkpt>
  <trkpt lat="10.77624955" lon="106.70292037"><ele>10.920</ele><time>2025-01-16T11:42:18Z</time><speed>0.000</speed><sat>20</sat></trkpt>
  <trkpt lat="10.77624955" lon="106.70292031"><ele>10.929</ele><time>2025-01-16T11:42:19Z</time><speed>0.000</speed><sat>21</sat></trkpt>
  <trkpt lat="10.77624958" lon="106.70292075"><ele>10.918</ele><time>2025-01-16T11:42:20Z</time><speed>0.000</speed><sat>20</sat></trkpt>
  <trkpt lat="10.77624958" lon="106.70292092"><ele>10.937</ele><time>2025-01-16T11:42:21Z</time><speed>0.000</speed><sat>20</sat></trkpt>
  <trkpt lat="10.77624957" lon="106.70292096"><ele>10.951</ele><time>2025-01-16T11:42:22Z</time><speed>0.000</speed><sat>19</sat></trkpt>
  <trkpt lat="10.77624957" lon="106.70292172"><ele>10.922</ele><time>2025-01-16T11:42:23Z</time><speed>0.000</speed><sat>19</sat></trkpt>
  <trkpt lat="10.77624956" lon="106.70292208"><ele>10.931</ele><time>2025-01-16T11:42:24Z</time><speed>0.000</speed><sat>19</sat></trkpt>
  <trkpt lat="10.77624955" lon="106.70292223"><ele>10.947</ele><time>2025-01-16T11:42:25Z</time><speed>0.000</speed><sat>19</sat></trkpt>
  <trkpt lat="10.77624953" lon="106.70292225"><ele>10.965</ele><time>2025-01-16T11:42:26Z</time><speed>0.000</speed><sat>19</sat></trkpt>
  <trkpt lat="10.77624951" lon="106.70292222"><ele>10.979</ele><time>2025-01-16T11:42:27Z</time><speed>0.000</speed><sat>19</sat></trkpt>
  <trkpt lat="10.77624950" lon="106.70292219"><ele>10.985</ele><time>2025-01-16T11:42:28Z</time><speed>0.000</speed><sat>19</sat></trkpt>
  <trkpt lat="10.77624947" lon="106.70292214"><ele>11.004</ele><time>2025-01-16T11:42:29Z</time><speed>0.000</speed><sat>19</sat></trkpt>
  <trkpt lat="10.77624950" lon="106.70292288"><ele>10.980</ele><time>2025-01-16T11:42:30Z</time><speed>0.000</speed><sat>20</sat></trkpt>
  <trkpt lat="10.77624951" lon="106.70292320"><ele>10.993</ele><time>2025-01-16T11:42:31Z</time><speed>0.000</speed><sat>20</sat></trkpt>
  <trkpt lat="10.77624951" lon="106.70292331"><ele>11.000</ele><time>2025-01-16T11:42:32Z</time><speed>0.000</speed><sat>20</sat></trkpt>
  <trkpt lat="10.77624952" lon="106.70292349"><ele>11.004</ele><time>2025-01-16T11:42:33Z</time><speed>0.000</speed><sat>21</sat></trkpt>
  <trkpt lat="10.77624952" lon="106.70292353"><ele>11.015</ele><time>2025-01-16T11:42:34Z</time><speed>0.000</speed><sat>22</sat></trkpt>
  <trkpt lat="10.77624952" lon="106.70292350"><ele>11.028</ele><time>2025-01-16T11:42:35Z</time><speed>0.000</speed><sat>22</sat></trkpt>
  <trkpt lat="10.77624952" lon="106.70292343"><ele>11.042</ele><time>2025-01-16T11:42:36Z</time><speed>0.000</speed><sat>22</sat></trkpt>
  <trkpt lat="10.77624952" lon="106.70292335"><ele>11.048</ele><time>2025-01-16T11:42:37Z</time><speed>0.000</speed><sat>21</sat></trkpt>
  <trkpt lat="10.77624952" lon="106.70292325"><ele>11.058</ele><time>2025-01-16T11:42:38Z</time><speed>0.000</speed><sat>22</sat></trkpt>
  <trkpt lat="10.77624952" lon="106.70292313"><ele>11.070</ele><time>2025-01-16T11:42:39Z</time><speed>0.000</speed><sat>22</sat></trkpt>
  <trkpt lat="10.77624952" lon="106.70292371"><ele>11.050</ele><time>2025-01-16T11:42:40Z</time><speed>0.000</speed><sat>22</sat></trkpt>
  <trkpt lat="10.77624953" lon="106.70292394"><ele>11.051</ele><time>2025-01-16T11:42:41Z</time><speed>0.000</speed><sat>22</sat></trkpt>
  <trkpt lat="10.77624954" lon="106.70292401"><ele>11.059</ele><time>2025-01-16T11:42:42Z</time><speed>0.000</speed><sat>21</sat></trkpt>
  <trkpt lat="10.77624960" lon="106.70292438"><ele>11.051</ele><time>2025-01-16T11:42:43Z</time><speed>0.000</speed><sat>21</sat></trkpt>
  <trkpt lat="10.77624964" lon="106.70292453"><ele>11.051</ele><time>2025-01-16T11:42:44Z</time><speed>0.000</speed><sat>18</sat></trkpt>
  <trkpt lat="10.77624966" lon="106.70292460"><ele>11.051</ele><time>2025-01-16T11:42:45Z</time><speed>0.000</speed><sat>18</sat></trkpt>
  <trkpt lat="10.77624969" lon="106.70292457"><ele>11.047</ele><time>2025-01-16T11:42:46Z</time><speed>0.000</speed><sat>17</sat></trkpt>
  <trkpt lat="10.77624972" lon="106.70292452"><ele>11.048</ele><time>2025-01-16T11:42:47Z</time><speed>0.000</speed><sat>18</sat></trkpt>
  <trkpt lat="10.77624972" lon="106.70292449"><ele>11.054</ele><time>2025-01-16T11:42:48Z</time><speed>0.000</speed><sat>18</sat></trkpt>
  <trkpt lat="10.77624972" lon="106.70292449"><ele>11.053</ele><time>2025-01-16T11:42:49Z</time><speed>0.000</speed><sat>18</sat></trkpt>
  <trkpt lat="10.77624973" lon="106.70292448"><ele>11.055</ele><time>2025-01-16T11:42:50Z</time><speed>0.000</speed><sat>18</sat></trkpt>
  <trkpt lat="10.77624975" lon="106.70292447"><ele>11.052</ele><time>2025-01-16T11:42:51Z</time><speed>0.000</speed><sat>19</sat></trkpt>
  <trkpt lat="10.77624980" lon="106.70292445"><ele>11.054</ele><time>2025-01-16T11:42:52Z</time><speed>0.000</speed><sat>22</sat></trkpt>
  <trkpt lat="10.77624988" lon="106.70292439"><ele>11.065</ele><time>2025-01-16T11:42:53Z</time><speed>0.000</speed><sat>22</sat></trkpt>
  <trkpt lat="10.77624993" lon="106.70292432"><ele>11.076</ele><time>2025-01-16T11:42:54Z</time><speed>0.000</speed><sat>22</sat></trkpt>
  <trkpt lat="10.77624995" lon="106.70292428"><ele>11.078</ele><time>2025-01-16T11:42:55Z</time><speed>0.000</speed><sat>23</sat></trkpt>
  <trkpt lat="10.77624999" lon="106.70292499"><ele>11.051</ele><time>2025-01-16T11:42:56Z</time><speed>0.000</speed><sat>24</sat></trkpt>
  <trkpt lat="10.77625000" lon="106.70292534"><ele>11.061</ele><time>2025-01-16T11:42:57Z</time><speed>0.000</speed><sat>24</sat></trkpt>
  <trkpt lat="10.77625000" lon="106.70292551"><ele>11.066</ele><time>2025-01-16T11:42:58Z</time><speed>0.000</speed><sat>24</sat></trkpt>
  <trkpt lat="10.77625000" lon="106.70292553"><ele>11.083</ele><time>2025-01-16T11:42:59Z</time><speed>0.000</speed><sat>24</sat></trkpt>
  <trkpt lat="10.77625000" lon="106.70292555"><ele>11.090</ele><time>2025-01-16T11:43:00Z</time><speed>0.000</speed><sat>24</sat></trkpt>
  <trkpt lat="10.77625000" lon="106.70292556"><ele>11.085</ele><time>2025-01-16T11:43:01Z</time><speed>0.000</speed><sat>24</sat></trkpt>
  <trkpt lat="10.77625000" lon="106.70292553"><ele>11.080</ele><time>2025-01-16T11:43:02Z</time><speed>0.000</speed><sat>23</sat></trkpt>
  <trkpt lat="10.77625000" lon="106.70292548"><ele>11.075</ele><time>2025-01-16T11:43:03Z</time><speed>0.000</speed><sat>24</sat></trkpt>
  <trkpt lat="10.77624999" lon="106.70292543"><ele>11.072</ele><time>2025-01-16T11:43:04Z</time><speed>0.000</speed><sat>24</sat></trkpt>
  <trkpt lat="10.77624997" lon="106.70292540"><ele>11.075</ele><time>2025-01-16T11:43:05Z</time><speed>0.000</speed><sat>24</sat></trkpt>
  <trkpt lat="10.77624997" lon="106.70292538"><ele>11.074</ele><time>2025-01-16T11:43:06Z</time><speed>0.000</speed><sat>23</sat></trkpt>
  <trkpt lat="10.77624994" lon="106.70292542"><ele>11.081</ele><time>2025-01-16T11:43:07Z</time><speed>0.000</speed><sat>24</sat></trkpt>
  <trkpt lat="10.77624992" lon="106.70292547"><ele>11.090</ele><time>2025-01-16T11:43:08Z</time><speed>0.000</speed><sat>24</sat></trkpt>
  <trkpt lat="10.77624990" lon="106.70292552"><ele>11.092</ele><time>2025-01-16T11:43:09Z</time><speed>0.000</speed><sat>24</sat></trkpt>
  <trkpt lat="10.77624987" lon="106.70292555"><ele>11.095</ele><time>2025-01-16T11:43:10Z</time><speed>0.000</speed><sat>23</sat></trkpt>
  <trkpt lat="10.77624986" lon="106.70292558"><ele>11.102</ele><time>2025-01-16T11:43:11Z</time><speed>0.000</speed><sat>23</sat></trkpt>
  <trkpt lat="10.77624984" lon="106.70292592"><ele>11.094</ele><time>2025-01-16T11:43:12Z</time><speed>0.000</speed><sat>23</sat></trkpt>
  <trkpt lat="10.77624983" lon="106.70292613"><ele>11.102</ele><time>2025-01-16T11:43:13Z</time><speed>0.000</speed><sat>22</sat></trkpt>
  <trkpt lat="10.77624982" lon="106.70292626"><ele>11.104</ele><time>2025-01-16T11:43:14Z</time><speed>0.000</speed><sat>22</sat></trkpt>
  <trkpt lat="10.77624956" lon="106.70292657"><ele>11.082</ele><time>2025-01-16T11:43:15Z</time><speed>0.000</speed><sat>21</sat></trkpt>
  <trkpt lat="10.77624926" lon="106.70292688"><ele>11.072</ele><time>2025-01-16T11:43:16Z</time><speed>0.000</speed><sat>24</sat></trkpt>
  <trkpt lat="10.77624906" lon="106.70292707"><ele>11.067</ele><time>2025-01-16T11:43:17Z</time><speed>0.000</speed><sat>24</sat></trkpt>
  <trkpt lat="10.77624892" lon="106.70292705"><ele>11.070</ele><time>2025-01-16T11:43:18Z</time><speed>0.000</speed><sat>23</sat></trkpt>
  <trkpt lat="10.77624885" lon="106.70292703"><ele>11.072</ele><time>2025-01-16T11:43:19Z</time><speed>0.000</speed><sat>24</sat></trkpt>
  <trkpt lat="10.77624885" lon="106.70292698"><ele>11.078</ele><time>2025-01-16T11:43:20Z</time><speed>0.000</speed><sat>24</sat></trkpt>
  <trkpt lat="10.77624884" lon="106.70292694"><ele>11.078</ele><time>2025-01-16T11:43:21Z</time><speed>0.000</speed><sat>24</sat></trkpt>
  <trkpt lat="10.77624885" lon="106.70292688"><ele>11.079</ele><time>2025-01-16T11:43:22Z</time><speed>0.000</speed><sat>22</sat></trkpt>
  <trkpt lat="10.77624883" lon="106.70292684"><ele>11.092</ele><time>2025-01-16T11:43:23Z</time><speed>0.000</speed><sat>22</sat></trkpt>
  <trkpt lat="10.77624880" lon="106.70292681"><ele>11.088</ele><time>2025-01-16T11:43:24Z</time><speed>0.000</speed><sat>24</sat></trkpt>
  <trkpt lat="10.77624881" lon="106.70292667"><ele>11.093</ele><time>2025-01-16T11:43:25Z</time><speed>0.000</speed><sat>21</sat></trkpt>
  <trkpt lat="10.77624881" lon="106.70292694"><ele>11.074</ele><time>2025-01-16T11:43:26Z</time><speed>0.000</speed><sat>22</sat></trkpt>
  <trkpt lat="10.77624881" lon="106.70292710"><ele>11.072</ele><time>2025-01-16T11:43:27Z</time><speed>0.000</speed><sat>22</sat></trkpt>
  <trkpt lat="10.77624880" lon="106.70292722"><ele>11.080</ele><time>2025-01-16T11:43:28Z</time><speed>0.000</speed><sat>22</sat></trkpt>
  <trkpt lat="10.77624876" lon="106.70292733"><ele>11.087</ele><time>2025-01-16T11:43:29Z</time><speed>0.000</speed><sat>23</sat></trkpt>
  <trkpt lat="10.77624869" lon="106.70292743"><ele>11.094</ele><time>2025-01-16T11:43:30Z</time><speed>0.000</speed><sat>22</sat></trkpt>
  <trkpt lat="10.77624858" lon="106.70292753"><ele>11.104</ele><time>2025-01-16T11:43:31Z</time><speed>0.000</speed><sat>22</sat></trkpt>
  <trkpt lat="10.77624845" lon="106.70292759"><ele>11.110</ele><time>2025-01-16T11:43:32Z</time><speed>0.000</speed><sat>22</sat></trkpt>
  <trkpt lat="10.77624832" lon="106.70292767"><ele>11.119</ele><time>2025-01-16T11:43:33Z</time><speed>0.000</speed><sat>22</sat></trkpt>
  <trkpt lat="10.77624818" lon="106.70292778"><ele>11.134</ele><time>2025-01-16T11:43:34Z</time><speed>0.000</speed><sat>22</sat></trkpt>
  <trkpt lat="10.77624802" lon="106.70292786"><ele>11.153</ele><time>2025-01-16T11:43:35Z</time><speed>0.000</speed><sat>22</sat></trkpt>
  <trkpt lat="10.77624788" lon="106.70292791"><ele>11.161</ele><time>2025-01-16T11:43:36Z</time><speed>0.000</speed><sat>24</sat></trkpt>
  <trkpt lat="10.77624777" lon="106.70292800"><ele>11.171</ele><time>2025-01-16T11:43:37Z</time><speed>0.000</speed><sat>25</sat></trkpt>
  <trkpt lat="10.77624766" lon="106.70292807"><ele>11.174</ele><time>2025-01-16T11:43:38Z</time><speed>0.000</speed><sat>25</sat></trkpt>
  <trkpt lat="10.77624758" lon="106.70292813"><ele>11.179</ele><time>2025-01-16T11:43:39Z</time><speed>0.000</speed><sat>25</sat></trkpt>
  <trkpt lat="10.77624751" lon="106.70292816"><ele>11.182</ele><time>2025-01-16T11:43:40Z</time><speed>0.000</speed><sat>26</sat></trkpt>
  <trkpt lat="10.77624743" lon="106.70292818"><ele>11.189</ele><time>2025-01-16T11:43:41Z</time><speed>0.000</speed><sat>26</sat></trkpt>
  <trkpt lat="10.77624650" lon="106.70292503"><ele>11.008</ele><time>2025-01-16T11:43:42Z</time><speed>0.270</speed><sat>24</sat></trkpt>
  <trkpt lat="10.77624597" lon="106.70292009"><ele>10.317</ele><time>2025-01-16T11:43:43Z</time><speed>0.430</speed><sat>24</sat></trkpt>
  <trkpt lat="10.77624703" lon="106.70291569"><ele>10.389</ele><time>2025-01-16T11:43:44Z</time><speed>0.380</speed><sat>24</sat></trkpt>
  <trkpt lat="10.77624775" lon="106.70291341"><ele>10.810</ele><time>2025-01-16T11:43:45Z</time><speed>0.000</speed><sat>24</sat></trkpt>
  <trkpt lat="10.77624197" lon="106.70290712"><ele>10.536</ele><time>2025-01-16T11:43:46Z</time><speed>0.000</speed><sat>24</sat></trkpt>
  <trkpt lat="10.77623984" lon="106.70290158"><ele>10.187</ele><time>2025-01-16T11:43:47Z</time><speed>0.000</speed><sat>23</sat></trkpt>
  <trkpt lat="10.77623932" lon="106.70289903"><ele>10.310</ele><time>2025-01-16T11:43:48Z</time><speed>0.000</speed><sat>25</sat></trkpt>
  <trkpt lat="10.77623880" lon="106.70289797"><ele>10.456</ele><time>2025-01-16T11:43:49Z</time><speed>0.000</speed><sat>25</sat></trkpt>
  <trkpt lat="10.77623913" lon="106.70289735"><ele>10.565</ele><time>2025-01-16T11:43:50Z</time><speed>0.230</speed><sat>25</sat></trkpt>
  <trkpt lat="10.77623791" lon="106.70289728"><ele>10.576</ele><time>2025-01-16T11:43:51Z</time><speed>0.420</speed><sat>25</sat></trkpt>
  <trkpt lat="10.77623575" lon="106.70289901"><ele>10.661</ele><time>2025-01-16T11:43:52Z</time><speed>0.440</speed><sat>25</sat></trkpt>
  <trkpt lat="10.77623404" lon="106.70290145"><ele>10.755</ele><time>2025-01-16T11:43:53Z</time><speed>0.440</speed><sat>24</sat></trkpt>
  <trkpt lat="10.77623324" lon="106.70290385"><ele>10.672</ele><time>2025-01-16T11:43:54Z</time><speed>0.370</speed><sat>23</sat></trkpt>
  <trkpt lat="10.77623243" lon="106.70290405"><ele>10.562</ele><time>2025-01-16T11:43:55Z</time><speed>0.390</speed><sat>23</sat></trkpt>
  <trkpt lat="10.77623176" lon="106.70290467"><ele>10.546</ele><time>2025-01-16T11:43:56Z</time><speed>0.400</speed><sat>23</sat></trkpt>
  <trkpt lat="10.77623084" lon="106.70290629"><ele>10.772</ele><time>2025-01-16T11:43:57Z</time><speed>0.610</speed><sat>24</sat></trkpt>
  <trkpt lat="10.77622912" lon="106.70291103"><ele>10.771</ele><time>2025-01-16T11:43:58Z</time><speed>0.870</speed><sat>23</sat></trkpt>
  <trkpt lat="10.77622562" lon="106.70291855"><ele>10.772</ele><time>2025-01-16T11:43:59Z</time><speed>1.390</speed><sat>23</sat></trkpt>
  <trkpt lat="10.77622110" lon="106.70292806"><ele>10.804</ele><time>2025-01-16T11:44:00Z</time><speed>1.530</speed><sat>23</sat></trkpt>
  <trkpt lat="10.77621551" lon="106.70293821"><ele>11.259</ele><time>2025-01-16T11:44:01Z</time><speed>1.560</speed><sat>23</sat></trkpt>
  <trkpt lat="10.77620809" lon="106.70294850"><ele>11.435</ele><time>2025-01-16T11:44:02Z</time><speed>1.700</speed><sat>22</sat></trkpt>
  <trkpt lat="10.77619982" lon="106.70295781"><ele>11.320</ele><time>2025-01-16T11:44:03Z</time><speed>1.580</speed><sat>21</sat></trkpt>
  <trkpt lat="10.77619102" lon="106.70296670"><ele>11.523</ele><time>2025-01-16T11:44:04Z</time><speed>1.570</speed><sat>22</sat></trkpt>
  <trkpt lat="10.77618302" lon="106.70297417"><ele>11.465</ele><time>2025-01-16T11:44:05Z</time><speed>1.250</speed><sat>23</sat></trkpt>
  <trkpt lat="10.77617593" lon="106.70298223"><ele>11.443</ele><time>2025-01-16T11:44:06Z</time><speed>1.330</speed><sat>23</sat></trkpt>
  <trkpt lat="10.77616714" lon="106.70299333"><ele>12.057</ele><time>2025-01-16T11:44:07Z</time><speed>1.750</speed><sat>23</sat></trkpt>
  <trkpt lat="10.77615673" lon="106.70300512"><ele>11.832</ele><time>2025-01-16T11:44:08Z</time><speed>1.720</speed><sat>23</sat></trkpt>
  <trkpt lat="10.77614358" lon="106.70301715"><ele>11.717</ele><time>2025-01-16T11:44:09Z</time><speed>2.120</speed><sat>23</sat></trkpt>
  <trkpt lat="10.77612814" lon="106.70303051"><ele>11.605</ele><time>2025-01-16T11:44:10Z</time><speed>2.230</speed><sat>25</sat></trkpt>
  <trkpt lat="10.77611114" lon="106.70304527"><ele>11.724</ele><time>2025-01-16T11:44:11Z</time><speed>2.520</speed><sat>24</sat></trkpt>
  <trkpt lat="10.77609324" lon="106.70305966"><ele>11.747</ele><time>2025-01-16T11:44:12Z</time><speed>2.380</speed><sat>24</sat></trkpt>
  <trkpt lat="10.77607497" lon="106.70307282"><ele>11.618</ele><time>2025-01-16T11:44:13Z</time><speed>2.330</speed><sat>23</sat></trkpt>
  <trkpt lat="10.77605420" lon="106.70308675"><ele>11.767</ele><time>2025-01-16T11:44:14Z</time><speed>2.740</speed><sat>24</sat></trkpt>
  <trkpt lat="10.77603225" lon="106.70310385"><ele>11.819</ele><time>2025-01-16T11:44:15Z</time><speed>3.000</speed><sat>24</sat></trkpt>
  <trkpt lat="10.77601482" lon="106.70311965"><ele>10.984</ele><time>2025-01-16T11:44:16Z</time><speed>2.120</speed><sat>23</sat></trkpt>
  <trkpt lat="10.77599567" lon="106.70313558"><ele>10.817</ele><time>2025-01-16T11:44:17Z</time><speed>2.960</speed><sat>22</sat></trkpt>
  <trkpt lat="10.77597669" lon="106.70315131"><ele>10.813</ele><time>2025-01-16T11:44:18Z</time><speed>2.280</speed><sat>21</sat></trkpt>
  <trkpt lat="10.77595552" lon="106.70316824"><ele>10.778</ele><time>2025-01-16T11:44:19Z</time><speed>3.060</speed><sat>22</sat></trkpt>
  <trkpt lat="10.77593491" lon="106.70318875"><ele>10.777</ele><time>2025-01-16T11:44:20Z</time><speed>2.690</speed><sat>24</sat></trkpt>
  <trkpt lat="10.77591295" lon="106.70321171"><ele>11.649</ele><time>2025-01-16T11:44:21Z</time><speed>3.240</speed><sat>23</sat></trkpt>
  <trkpt lat="10.77589343" lon="106.70323512"><ele>12.180</ele><time>2025-01-16T11:44:22Z</time><speed>2.670</speed><sat>22</sat></trkpt>
  <trkpt lat="10.77587343" lon="106.70325990"><ele>11.844</ele><time>2025-01-16T11:44:23Z</time><speed>3.420</speed><sat>22</sat></trkpt>
  <trkpt lat="10.77585578" lon="106.70328831"><ele>11.065</ele><time>2025-01-16T11:44:24Z</time><speed>3.230</speed><sat>22</sat></trkpt>
  <trkpt lat="10.77584088" lon="106.70331528"><ele>10.970</ele><time>2025-01-16T11:44:25Z</time><speed>3.040</speed><sat>21</sat></trkpt>
  <trkpt lat="10.77583162" lon="106.70335058"><ele>11.848</ele><time>2025-01-16T11:44:26Z</time><speed>3.540</speed><sat>20</sat></trkpt>
  <trkpt lat="10.77582104" lon="106.70338332"><ele>11.668</ele><time>2025-01-16T11:44:27Z</time><speed>3.080</speed><sat>21</sat></trkpt>
  <trkpt lat="10.77580885" lon="106.70341342"><ele>11.862</ele><time>2025-01-16T11:44:28Z</time><speed>3.230</speed><sat>20</sat></trkpt>
  <trkpt lat="10.77579170" lon="106.70344092"><ele>11.821</ele><time>2025-01-16T11:44:29Z</time><speed>3.420</speed><sat>19</sat></trkpt>
  <trkpt lat="10.77577381" lon="106.70346177"><ele>12.531</ele><time>2025-01-16T11:44:30Z</time><speed>2.560</speed><sat>18</sat></trkpt>
  <trkpt lat="10.77575306" lon="106.70348451"><ele>13.334</ele><time>2025-01-16T11:44:31Z</time><speed>3.550</speed><sat>18</sat></trkpt>
  <trkpt lat="10.77573058" lon="106.70351169"><ele>13.655</ele><time>2025-01-16T11:44:32Z</time><speed>3.340</speed><sat>19</sat></trkpt>
  <trkpt lat="10.77571040" lon="106.70354019"><ele>13.093</ele><time>2025-01-16T11:44:33Z</time><speed>3.580</speed><sat>18</sat></trkpt>
  <trkpt lat="10.77569202" lon="106.70355858"><ele>13.400</ele><time>2025-01-16T11:44:34Z</time><speed>2.120</speed><sat>18</sat></trkpt>
  <trkpt lat="10.77567372" lon="106.70357340"><ele>12.801</ele><time>2025-01-16T11:44:35Z</time><speed>2.690</speed><sat>19</sat></trkpt>
  <trkpt lat="10.77565360" lon="106.70359074"><ele>13.645</ele><time>2025-01-16T11:44:36Z</time><speed>2.770</speed><sat>19</sat></trkpt>
  <trkpt lat="10.77562985" lon="106.70361026"><ele>12.732</ele><time>2025-01-16T11:44:37Z</time><speed>3.420</speed><sat>18</sat></trkpt>
  <trkpt lat="10.77560584" lon="106.70363762"><ele>12.274</ele><time>2025-01-16T11:44:38Z</time><speed>3.790</speed><sat>16</sat></trkpt>
  <trkpt lat="10.77558327" lon="106.70366722"><ele>11.482</ele><time>2025-01-16T11:44:39Z</time><speed>3.490</speed><sat>16</sat></trkpt>
  <trkpt lat="10.77556506" lon="106.70370060"><ele>11.090</ele><time>2025-01-16T11:44:40Z</time><speed>3.630</speed><sat>16</sat></trkpt>
  <trkpt lat="10.77555063" lon="106.70373266"><ele>9.926</ele><time>2025-01-16T11:44:41Z</time><speed>3.580</speed><sat>14</sat></trkpt>
  <trkpt lat="10.77553527" lon="106.70376277"><ele>9.613</ele><time>2025-01-16T11:44:42Z</time><speed>3.570</speed><sat>14</sat></trkpt>
  <trkpt lat="10.77551763" lon="106.70379131"><ele>9.932</ele><time>2025-01-16T11:44:43Z</time><speed>3.470</speed><sat>15</sat></trkpt>
  <trkpt lat="10.77549697" lon="106.70381599"><ele>10.382</ele><time>2025-01-16T11:44:44Z</time><speed>3.530</speed><sat>17</sat></trkpt>
  <trkpt lat="10.77547585" lon="106.70384175"><ele>9.656</ele><time>2025-01-16T11:44:45Z</time><speed>3.570</speed><sat>19</sat></trkpt>
  <trkpt lat="10.77545501" lon="106.70386634"><ele>9.282</ele><time>2025-01-16T11:44:46Z</time><speed>3.510</speed><sat>18</sat></trkpt>
  <trkpt lat="10.77543283" lon="106.70389110"><ele>9.353</ele><time>2025-01-16T11:44:47Z</time><speed>3.630</speed><sat>18</sat></trkpt>
  <trkpt lat="10.77540784" lon="106.70391558"><ele>9.694</ele><time>2025-01-16T11:44:48Z</time><speed>3.710</speed><sat>19</sat></trkpt>
  <trkpt lat="10.77538104" lon="106.70394159"><ele>10.456</ele><time>2025-01-16T11:44:49Z</time><speed>4.040</speed><sat>19</sat></trkpt>
  <trkpt lat="10.77535242" lon="106.70396957"><ele>10.834</ele><time>2025-01-16T11:44:50Z</time><speed>4.260</speed><sat>19</sat></trkpt>
  <trkpt lat="10.77532495" lon="106.70399649"><ele>10.250</ele><time>2025-01-16T11:44:51Z</time><speed>4.020</speed><sat>16</sat></trkpt>
  <trkpt lat="10.77529760" lon="106.70401884"><ele>10.892</ele><time>2025-01-16T11:44:52Z</time><speed>3.770</speed><sat>17</sat></trkpt>
  <trkpt lat="10.77527026" lon="106.70403998"><ele>11.224</ele><time>2025-01-16T11:44:53Z</time><speed>3.660</speed><sat>18</sat></trkpt>
  <trkpt lat="10.77524260" lon="106.70405914"><ele>11.518</ele><time>2025-01-16T11:44:54Z</time><speed>3.640</speed><sat>19</sat></trkpt>
  <trkpt lat="10.77521727" lon="106.70407768"><ele>10.963</ele><time>2025-01-16T11:44:55Z</time><speed>3.200</speed><sat>18</sat></trkpt>
  <trkpt lat="10.77519486" lon="106.70409518"><ele>10.466</ele><time>2025-01-16T11:44:56Z</time><speed>3.020</speed><sat>17</sat></trkpt>
  <trkpt lat="10.77517527" lon="106.70411211"><ele>10.473</ele><time>2025-01-16T11:44:57Z</time><speed>2.610</speed><sat>16</sat></trkpt>
  <trkpt lat="10.77515859" lon="106.70412609"><ele>10.033</ele><time>2025-01-16T11:44:58Z</time><speed>2.140</speed><sat>17</sat></trkpt>
  <trkpt lat="10.77514446" lon="106.70413725"><ele>9.655</ele><time>2025-01-16T11:44:59Z</time><speed>1.830</speed><sat>18</sat></trkpt>
  <trkpt lat="10.77513212" lon="106.70414674"><ele>9.699</ele><time>2025-01-16T11:45:00Z</time><speed>1.490</speed><sat>15</sat></trkpt>
  <trkpt lat="10.77512299" lon="106.70415266"><ele>9.348</ele><time>2025-01-16T11:45:01Z</time><speed>0.890</speed><sat>15</sat></trkpt>
  <trkpt lat="10.77511619" lon="106.70415658"><ele>9.158</ele><time>2025-01-16T11:45:02Z</time><speed>0.800</speed><sat>15</sat></trkpt>
  <trkpt lat="10.77511137" lon="106.70415893"><ele>8.835</ele><time>2025-01-16T11:45:03Z</time><speed>0.450</speed><sat>16</sat></trkpt>
  <trkpt lat="10.77510864" lon="106.70416021"><ele>8.539</ele><time>2025-01-16T11:45:04Z</time><speed>0.230</speed><sat>16</sat></trkpt>
  <trkpt lat="10.77510755" lon="106.70416008"><ele>8.482</ele><time>2025-01-16T11:45:05Z</time><speed>0.000</speed><sat>16</sat></trkpt>
  <trkpt lat="10.77510738" lon="106.70415958"><ele>8.195</ele><time>2025-01-16T11:45:06Z</time><speed>0.000</speed><sat>18</sat></trkpt>
  <trkpt lat="10.77510767" lon="106.70415844"><ele>7.916</ele><time>2025-01-16T11:45:07Z</time><speed>0.000</speed><sat>16</sat></trkpt>
  <trkpt lat="10.77510845" lon="106.70415771"><ele>7.759</ele><time>2025-01-16T11:45:08Z</time><speed>0.000</speed><sat>16</sat></trkpt>
  <trkpt lat="10.77510943" lon="106.70415668"><ele>7.532</ele><time>2025-01-16T11:45:09Z</time><speed>0.000</speed><sat>16</sat></trkpt>
  <trkpt lat="10.77510968" lon="106.70415510"><ele>7.402</ele><time>2025-01-16T11:45:10Z</time><speed>0.000</speed><sat>15</sat></trkpt>
  <trkpt lat="10.77511011" lon="106.70415413"><ele>7.212</ele><time>2025-01-16T11:45:11Z</time><speed>0.000</speed><sat>15</sat></trkpt>
  <trkpt lat="10.77511041" lon="106.70415336"><ele>7.047</ele><time>2025-01-16T11:45:12Z</time><speed>0.000</speed><sat>15</sat></trkpt>
  <trkpt lat="10.77511055" lon="106.70415246"><ele>6.960</ele><time>2025-01-16T11:45:13Z</time><speed>0.000</speed><sat>15</sat></trkpt>
  <trkpt lat="10.77510986" lon="106.70415147"><ele>6.890</ele><time>2025-01-16T11:45:14Z</time><speed>0.000</speed><sat>15</sat></trkpt>
  <trkpt lat="10.77510890" lon="106.70415000"><ele>6.911</ele><time>2025-01-16T11:45:15Z</time><speed>0.000</speed><sat>15</sat></trkpt>
  <trkpt lat="10.77510832" lon="106.70415000"><ele>6.830</ele><time>2025-01-16T11:45:16Z</time><speed>0.000</speed><sat>16</sat></trkpt>
  <trkpt lat="10.77510680" lon="106.70415079"><ele>6.736</ele><time>2025-01-16T11:45:17Z</time><speed>0.250</speed><sat>16</sat></trkpt>
  <trkpt lat="10.77510311" lon="106.70415418"><ele>6.688</ele><time>2025-01-16T11:45:18Z</time><speed>0.720</speed><sat>16</sat></trkpt>
  <trkpt lat="10.77509421" lon="106.70416251"><ele>6.564</ele><time>2025-01-16T11:45:19Z</time><speed>1.810</speed><sat>17</sat></trkpt>
  <trkpt lat="10.77508005" lon="106.70417506"><ele>6.399</ele><time>2025-01-16T11:45:20Z</time><speed>2.170</speed><sat>18</sat></trkpt>
  <trkpt lat="10.77506535" lon="106.70419039"><ele>6.028</ele><time>2025-01-16T11:45:21Z</time><speed>2.510</speed><sat>18</sat></trkpt>
  <trkpt lat="10.77504875" lon="106.70420851"><ele>6.290</ele><time>2025-01-16T11:45:22Z</time><speed>2.810</speed><sat>19</sat></trkpt>
  <trkpt lat="10.77503080" lon="106.70422695"><ele>6.538</ele><time>2025-01-16T11:45:23Z</time><speed>2.840</speed><sat>19</sat></trkpt>
  <trkpt lat="10.77501258" lon="106.70424389"><ele>6.410</ele><time>2025-01-16T11:45:24Z</time><speed>2.730</speed><sat>18</sat></trkpt>
  <trkpt lat="10.77499434" lon="106.70425985"><ele>6.396</ele><time>2025-01-16T11:45:25Z</time><speed>2.690</speed><sat>19</sat></trkpt>
  <trkpt lat="10.77497558" lon="106.70427672"><ele>6.380</ele><time>2025-01-16T11:45:26Z</time><speed>2.780</speed><sat>19</sat></trkpt>
  <trkpt lat="10.77495839" lon="106.70429415"><ele>6.088</ele><time>2025-01-16T11:45:27Z</time><speed>2.570</speed><sat>19</sat></trkpt>
  <trkpt lat="10.77494168" lon="106.70431091"><ele>6.450</ele><time>2025-01-16T11:45:28Z</time><speed>2.460</speed><sat>19</sat></trkpt>
  <trkpt lat="10.77492610" lon="106.70432478"><ele>6.419</ele><time>2025-01-16T11:45:29Z</time><speed>2.030</speed><sat>20</sat></trkpt>
  <trkpt lat="10.77490973" lon="106.70433608"><ele>7.107</ele><time>2025-01-16T11:45:30Z</time><speed>2.120</speed><sat>19</sat></trkpt>
  <trkpt lat="10.77489100" lon="106.70434410"><ele>7.486</ele><time>2025-01-16T11:45:31Z</time><speed>2.030</speed><sat>19</sat></trkpt>
  <trkpt lat="10.77486971" lon="106.70434704"><ele>7.817</ele><time>2025-01-16T11:45:32Z</time><speed>2.150</speed><sat>20</sat></trkpt>
  <trkpt lat="10.77484631" lon="106.70434538"><ele>8.166</ele><time>2025-01-16T11:45:33Z</time><speed>2.430</speed><sat>22</sat></trkpt>
  <trkpt lat="10.77482282" lon="106.70433708"><ele>8.755</ele><time>2025-01-16T11:45:34Z</time><speed>2.640</speed><sat>22</sat></trkpt>
  <trkpt lat="10.77480252" lon="106.70432316"><ele>8.890</ele><time>2025-01-16T11:45:35Z</time><speed>2.370</speed><sat>22</sat></trkpt>
  <trkpt lat="10.77478421" lon="106.70430590"><ele>8.651</ele><time>2025-01-16T11:45:36Z</time><speed>2.560</speed><sat>22</sat></trkpt>
  <trkpt lat="10.77476460" lon="106.70428547"><ele>8.636</ele><time>2025-01-16T11:45:37Z</time><speed>2.920</speed><sat>22</sat></trkpt>
  <trkpt lat="10.77474054" lon="106.70426177"><ele>8.662</ele><time>2025-01-16T11:45:38Z</time><speed>3.400</speed><sat>21</sat></trkpt>
  <trkpt lat="10.77471257" lon="106.70423830"><ele>8.046</ele><time>2025-01-16T11:45:39Z</time><speed>3.550</speed><sat>22</sat></trkpt>
  <trkpt lat="10.77468096" lon="106.70421308"><ele>8.144</ele><time>2025-01-16T11:45:40Z</time><speed>4.210</speed><sat>22</sat></trkpt>
  <trkpt lat="10.77464572" lon="106.70418413"><ele>8.620</ele><time>2025-01-16T11:45:41Z</time><speed>4.620</speed><sat>21</sat></trkpt>
  <trkpt lat="10.77461143" lon="106.70415374"><ele>8.244</ele><time>2025-01-16T11:45:42Z</time><speed>4.580</speed><sat>20</sat></trkpt>
  <trkpt lat="10.77457787" lon="106.70412274"><ele>8.996</ele><time>2025-01-16T11:45:43Z</time><speed>4.550</speed><sat>19</sat></trkpt>
  <trkpt lat="10.77454490" lon="106.70409171"><ele>8.831</ele><time>2025-01-16T11:45:44Z</time><speed>4.760</speed><sat>19</sat></trkpt>
  <trkpt lat="10.77451015" lon="106.70406008"><ele>9.624</ele><time>2025-01-16T11:45:45Z</time><speed>4.840</speed><sat>17</sat></trkpt>
  <trkpt lat="10.77447432" lon="106.70402854"><ele>10.671</ele><time>2025-01-16T11:45:46Z</time><speed>4.850</speed><sat>17</sat></trkpt>
  <trkpt lat="10.77443905" lon="106.70399755"><ele>10.659</ele><time>2025-01-16T11:45:47Z</time><speed>4.850</speed><sat>17</sat></trkpt>
  <trkpt lat="10.77440750" lon="106.70396865"><ele>10.065</ele><time>2025-01-16T11:45:48Z</time><speed>4.280</speed><sat>18</sat></trkpt>
  <trkpt lat="10.77437789" lon="106.70394283"><ele>10.718</ele><time>2025-01-16T11:45:49Z</time><speed>3.940</speed><sat>19</sat></trkpt>
  <trkpt lat="10.77435011" lon="106.70391849"><ele>10.511</ele><time>2025-01-16T11:45:50Z</time><speed>3.770</speed><sat>19</sat></trkpt>
  <trkpt lat="10.77432282" lon="106.70389446"><ele>10.360</ele><time>2025-01-16T11:45:51Z</time><speed>3.820</speed><sat>19</sat></trkpt>
  <trkpt lat="10.77429642" lon="106.70387119"><ele>9.928</ele><time>2025-01-16T11:45:52Z</time><speed>3.560</speed><sat>20</sat></trkpt>
  <trkpt lat="10.77427288" lon="106.70385146"><ele>9.963</ele><time>2025-01-16T11:45:53Z</time><speed>3.060</speed><sat>19</sat></trkpt>
  <trkpt lat="10.77424960" lon="106.70383312"><ele>11.662</ele><time>2025-01-16T11:45:54Z</time><speed>2.740</speed><sat>19</sat></trkpt>
  <trkpt lat="10.77422784" lon="106.70381240"><ele>13.044</ele><time>2025-01-16T11:45:55Z</time><speed>2.650</speed><sat>22</sat></trkpt>
  <trkpt lat="10.77420943" lon="106.70378850"><ele>14.947</ele><time>2025-01-16T11:45:56Z</time><speed>2.650</speed><sat>24</sat></trkpt>
  <trkpt lat="10.77419671" lon="106.70376517"><ele>14.947</ele><time>2025-01-16T11:45:57Z</time><speed>2.160</speed><sat>25</sat></trkpt>
  <trkpt lat="10.77418981" lon="106.70374106"><ele>15.542</ele><time>2025-01-16T11:45:58Z</time><speed>2.240</speed><sat>25</sat></trkpt>
  <trkpt lat="10.77418972" lon="106.70371326"><ele>16.540</ele><time>2025-01-16T11:45:59Z</time><speed>2.680</speed><sat>24</sat></trkpt>
  <trkpt lat="10.77419732" lon="106.70368372"><ele>17.071</ele><time>2025-01-16T11:46:00Z</time><speed>2.900</speed><sat>26</sat></trkpt>
  <trkpt lat="10.77421196" lon="106.70365513"><ele>17.387</ele><time>2025-01-16T11:46:01Z</time><speed>3.120</speed><sat>26</sat></trkpt>
  <trkpt lat="10.77423120" lon="106.70362897"><ele>18.329</ele><time>2025-01-16T11:46:02Z</time><speed>3.080</speed><sat>26</sat></trkpt>
  <trkpt lat="10.77425286" lon="106.70360450"><ele>18.936</ele><time>2025-01-16T11:46:03Z</time><speed>3.410</speed><sat>28</sat></trkpt>
  <trkpt lat="10.77427659" lon="106.70357974"><ele>18.929</ele><time>2025-01-16T11:46:04Z</time><speed>3.480</speed><sat>28</sat></trkpt>
  <trkpt lat="10.77430136" lon="106.70355410"><ele>18.871</ele><time>2025-01-16T11:46:05Z</time><speed>3.750</speed><sat>28</sat></trkpt>
  <trkpt lat="10.77432762" lon="106.70352839"><ele>18.797</ele><time>2025-01-16T11:46:06Z</time><speed>3.750</speed><sat>28</sat></trkpt>
  <trkpt lat="10.77435331" lon="106.70350269"><ele>18.715</ele><time>2025-01-16T11:46:07Z</time><speed>3.800</speed><sat>26</sat></trkpt>
  <trkpt lat="10.77437943" lon="106.70347566"><ele>18.334</ele><time>2025-01-16T11:46:08Z</time><speed>4.040</speed><sat>26</sat></trkpt>
  <trkpt lat="10.77440682" lon="106.70344606"><ele>18.594</ele><time>2025-01-16T11:46:09Z</time><speed>4.390</speed><sat>23</sat></trkpt>
  <trkpt lat="10.77443359" lon="106.70341642"><ele>18.485</ele><time>2025-01-16T11:46:10Z</time><speed>4.050</speed><sat>23</sat></trkpt>
  <trkpt lat="10.77446009" lon="106.70338756"><ele>18.142</ele><time>2025-01-16T11:46:11Z</time><speed>4.070</speed><sat>19</sat></trkpt>
  <trkpt lat="10.77448612" lon="106.70335858"><ele>18.564</ele><time>2025-01-16T11:46:12Z</time><speed>4.150</speed><sat>21</sat></trkpt>
  <trkpt lat="10.77451216" lon="106.70333024"><ele>18.727</ele><time>2025-01-16T11:46:13Z</time><speed>4.050</speed><sat>16</sat></trkpt>
  <trkpt lat="10.77453853" lon="106.70330211"><ele>18.389</ele><time>2025-01-16T11:46:14Z</time><speed>4.130</speed><sat>16</sat></trkpt>
  <trkpt lat="10.77456527" lon="106.70327354"><ele>18.169</ele><time>2025-01-16T11:46:15Z</time><speed>4.170</speed><sat>16</sat></trkpt>
  <trkpt lat="10.77459200" lon="106.70324574"><ele>17.613</ele><time>2025-01-16T11:46:16Z</time><speed>4.050</speed><sat>18</sat></trkpt>
  <trkpt lat="10.77461844" lon="106.70321861"><ele>17.328</ele><time>2025-01-16T11:46:17Z</time><speed>4.020</speed><sat>18</sat></trkpt>
  <trkpt lat="10.77464479" lon="106.70319192"><ele>17.153</ele><time>2025-01-16T11:46:18Z</time><speed>4.000</speed><sat>15</sat></trkpt>
  <trkpt lat="10.77467117" lon="106.70316568"><ele>17.048</ele><time>2025-01-16T11:46:19Z</time><speed>3.890</speed><sat>16</sat></trkpt>
  <trkpt lat="10.77469723" lon="106.70314010"><ele>17.005</ele><time>2025-01-16T11:46:20Z</time><speed>3.880</speed><sat>17</sat></trkpt>
  <trkpt lat="10.77472333" lon="106.70311460"><ele>16.743</ele><time>2025-01-16T11:46:21Z</time><speed>3.910</speed><sat>17</sat></trkpt>
  <trkpt lat="10.77474897" lon="106.70308852"><ele>16.784</ele><time>2025-01-16T11:46:22Z</time><speed>3.950</speed><sat>17</sat></trkpt>
  <trkpt lat="10.77477540" lon="106.70306182"><ele>17.035</ele><time>2025-01-16T11:46:23Z</time><speed>4.130</speed><sat>16</sat></trkpt>
  <trkpt lat="10.77480256" lon="106.70303551"><ele>16.584</ele><time>2025-01-16T11:46:24Z</time><speed>4.020</speed><sat>17</sat></trkpt>
  <trkpt lat="10.77482863" lon="106.70301099"><ele>16.783</ele><time>2025-01-16T11:46:25Z</time><speed>3.690</speed><sat>17</sat></trkpt>
  <trkpt lat="10.77485328" lon="106.70298669"><ele>17.023</ele><time>2025-01-16T11:46:26Z</time><speed>3.750</speed><sat>17</sat></trkpt>
  <trkpt lat="10.77487727" lon="106.70296236"><ele>17.487</ele><time>2025-01-16T11:46:27Z</time><speed>3.620</speed><sat>17</sat></trkpt>
  <trkpt lat="10.77490045" lon="106.70293856"><ele>17.328</ele><time>2025-01-16T11:46:28Z</time><speed>3.550</speed><sat>17</sat></trkpt>
  <trkpt lat="10.77492361" lon="106.70291446"><ele>17.309</ele><time>2025-01-16T11:46:29Z</time><speed>3.660</speed><sat>18</sat></trkpt>
  <trkpt lat="10.77494636" lon="106.70289112"><ele>17.333</ele><time>2025-01-16T11:46:30Z</time><speed>3.450</speed><sat>19</sat></trkpt>
  <trkpt lat="10.77496788" lon="106.70286761"><ele>17.996</ele><time>2025-01-16T11:46:31Z</time><speed>3.340</speed><sat>18</sat></trkpt>
  <trkpt lat="10.77498936" lon="106.70284500"><ele>17.543</ele><time>2025-01-16T11:46:32Z</time><speed>3.270</speed><sat>18</sat></trkpt>
  <trkpt lat="10.77501022" lon="106.70282356"><ele>17.860</ele><time>2025-01-16T11:46:33Z</time><speed>3.090</speed><sat>18</sat></trkpt>
  <trkpt lat="10.77502997" lon="106.70280236"><ele>18.324</ele><time>2025-01-16T11:46:34Z</time><speed>3.100</speed><sat>18</sat></trkpt>
  <trkpt lat="10.77504992" lon="106.70278097"><ele>18.155</ele><time>2025-01-16T11:46:35Z</time><speed>3.140</speed><sat>17</sat></trkpt>
  <trkpt lat="10.77506939" lon="106.70275852"><ele>18.248</ele><time>2025-01-16T11:46:36Z</time><speed>3.240</speed><sat>17</sat></trkpt>
  <trkpt lat="10.77508886" lon="106.70273594"><ele>18.657</ele><time>2025-01-16T11:46:37Z</time><speed>3.210</speed><sat>17</sat></trkpt>
  <trkpt lat="10.77510906" lon="106.70271339"><ele>18.760</ele><time>2025-01-16T11:46:38Z</time><speed>3.300</speed><sat>17</sat></trkpt>
  <trkpt lat="10.77513086" lon="106.70268871"><ele>19.577</ele><time>2025-01-16T11:46:39Z</time><speed>3.350</speed><sat>17</sat></trkpt>
  <trkpt lat="10.77515319" lon="106.70266445"><ele>19.502</ele><time>2025-01-16T11:46:40Z</time><speed>3.400</speed><sat>17</sat></trkpt>
  <trkpt lat="10.77517571" lon="106.70264019"><ele>19.213</ele><time>2025-01-16T11:46:41Z</time><speed>3.530</speed><sat>17</sat></trkpt>
  <trkpt lat="10.77519922" lon="106.70261645"><ele>19.632</ele><time>2025-01-16T11:46:42Z</time><speed>3.520</speed><sat>17</sat></trkpt>
  <trkpt lat="10.77522368" lon="106.70259301"><ele>19.338</ele><time>2025-01-16T11:46:43Z</time><speed>3.610</speed><sat>17</sat></trkpt>
  <trkpt lat="10.77524788" lon="106.70257073"><ele>19.616</ele><time>2025-01-16T11:46:44Z</time><speed>3.390</speed><sat>16</sat></trkpt>
  <trkpt lat="10.77527258" lon="106.70254793"><ele>19.716</ele><time>2025-01-16T11:46:45Z</time><speed>3.740</speed><sat>17</sat></trkpt>
  <trkpt lat="10.77529800" lon="106.70252286"><ele>20.286</ele><time>2025-01-16T11:46:46Z</time><speed>3.890</speed><sat>17</sat></trkpt>
  <trkpt lat="10.77532406" lon="106.70249663"><ele>20.169</ele><time>2025-01-16T11:46:47Z</time><speed>4.000</speed><sat>17</sat></trkpt>
  <trkpt lat="10.77535106" lon="106.70246762"><ele>20.968</ele><time>2025-01-16T11:46:48Z</time><speed>4.170</speed><sat>17</sat></trkpt>
  <trkpt lat="10.77537723" lon="106.70243938"><ele>21.021</ele><time>2025-01-16T11:46:49Z</time><speed>3.910</speed><sat>17</sat></trkpt>
  <trkpt lat="10.77539698" lon="106.70241739"><ele>21.642</ele><time>2025-01-16T11:46:50Z</time><speed>2.180</speed><sat>18</sat></trkpt>
  <trkpt lat="10.77540840" lon="106.70240484"><ele>22.432</ele><time>2025-01-16T11:46:51Z</time><speed>1.020</speed><sat>20</sat></trkpt>
  <trkpt lat="10.77541519" lon="106.70239914"><ele>21.750</ele><time>2025-01-16T11:46:52Z</time><speed>0.570</speed><sat>22</sat></trkpt>
  <trkpt lat="10.77541827" lon="106.70239843"><ele>20.819</ele><time>2025-01-16T11:46:53Z</time><speed>0.000</speed><sat>23</sat></trkpt>
  <trkpt lat="10.77541987" lon="106.70239973"><ele>20.241</ele><time>2025-01-16T11:46:54Z</time><speed>0.000</speed><sat>24</sat></trkpt>
  <trkpt lat="10.77542352" lon="106.70240341"><ele>20.102</ele><time>2025-01-16T11:46:55Z</time><speed>0.000</speed><sat>25</sat></trkpt>
  <trkpt lat="10.77542621" lon="106.70240647"><ele>19.922</ele><time>2025-01-16T11:46:56Z</time><speed>0.000</speed><sat>25</sat></trkpt>
  <trkpt lat="10.77542756" lon="106.70240828"><ele>19.856</ele><time>2025-01-16T11:46:57Z</time><speed>0.000</speed><sat>24</sat></trkpt>
  <trkpt lat="10.77542821" lon="106.70240963"><ele>19.795</ele><time>2025-01-16T11:46:58Z</time><speed>0.000</speed><sat>24</sat></trkpt>
  <trkpt lat="10.77542857" lon="106.70241023"><ele>19.524</ele><time>2025-01-16T11:46:59Z</time><speed>0.000</speed><sat>24</sat></trkpt>
  <trkpt lat="10.77543100" lon="106.70241295"><ele>18.756</ele><time>2025-01-16T11:47:00Z</time><speed>0.000</speed><sat>24</sat></trkpt>
  <trkpt lat="10.77543354" lon="106.70241632"><ele>18.131</ele><time>2025-01-16T11:47:01Z</time><speed>0.000</speed><sat>23</sat></trkpt>
  <trkpt lat="10.77543573" lon="106.70241783"><ele>17.955</ele><time>2025-01-16T11:47:02Z</time><speed>0.000</speed><sat>23</sat></trkpt>
  <trkpt lat="10.77543659" lon="106.70241775"><ele>18.137</ele><time>2025-01-16T11:47:03Z</time><speed>0.000</speed><sat>17</sat></trkpt>
  <trkpt lat="10.77543702" lon="106.70241772"><ele>18.137</ele><time>2025-01-16T11:47:04Z</time><speed>0.000</speed><sat>16</sat></trkpt>
  <trkpt lat="10.77543673" lon="106.70241732"><ele>18.134</ele><time>2025-01-16T11:47:05Z</time><speed>0.000</speed><sat>16</sat></trkpt>
  <trkpt lat="10.77543690" lon="106.70241673"><ele>18.229</ele><time>2025-01-16T11:47:06Z</time><speed>0.000</speed><sat>14</sat></trkpt>
  <trkpt lat="10.77543655" lon="106.70241658"><ele>18.202</ele><time>2025-01-16T11:47:07Z</time><speed>0.000</speed><sat>16</sat></trkpt>
  <trkpt lat="10.77543652" lon="106.70241662"><ele>18.181</ele><time>2025-01-16T11:47:08Z</time><speed>0.000</speed><sat>15</sat></trkpt>
  <trkpt lat="10.77543650" lon="106.70241662"><ele>18.186</ele><time>2025-01-16T11:47:09Z</time><speed>0.000</speed><sat>15</sat></trkpt>
  <trkpt lat="10.77543649" lon="106.70241664"><ele>18.180</ele><time>2025-01-16T11:47:10Z</time><speed>0.000</speed><sat>14</sat></trkpt>
  <trkpt lat="10.77543649" lon="106.70241665"><ele>18.178</ele><time>2025-01-16T11:47:11Z</time><speed>0.000</speed><sat>14</sat></trkpt>
  <trkpt lat="10.77543649" lon="106.70241666"><ele>18.178</ele><time>2025-01-16T11:47:12Z</time><speed>0.000</speed><sat>14</sat></trkpt>
  <trkpt lat="10.77543647" lon="106.70241666"><ele>18.176</ele><time>2025-01-16T11:47:13Z</time><speed>0.000</speed><sat>13</sat></trkpt>
  <trkpt lat="10.77543645" lon="106.70241666"><ele>18.175</ele><time>2025-01-16T11:47:14Z</time><speed>0.000</speed><sat>13</sat></trkpt>
  <trkpt lat="10.77543646" lon="106.70241664"><ele>18.179</ele><time>2025-01-16T11:47:15Z</time><speed>0.000</speed><sat>12</sat></trkpt>
  <trkpt lat="10.77543651" lon="106.70241679"><ele>18.146</ele><time>2025-01-16T11:47:16Z</time><speed>0.000</speed><sat>13</sat></trkpt>
  <trkpt lat="10.77543656" lon="106.70241693"><ele>18.129</ele><time>2025-01-16T11:47:17Z</time><speed>0.000</speed><sat>14</sat></trkpt>
  <trkpt lat="10.77543664" lon="106.70241712"><ele>18.091</ele><time>2025-01-16T11:47:18Z</time><speed>0.000</speed><sat>14</sat></trkpt>
  <trkpt lat="10.77543672" lon="106.70241729"><ele>18.071</ele><time>2025-01-16T11:47:19Z</time><speed>0.000</speed><sat>12</sat></trkpt>
  <trkpt lat="10.77543677" lon="106.70241738"><ele>18.062</ele><time>2025-01-16T11:47:20Z</time><speed>0.000</speed><sat>14</sat></trkpt>
  <trkpt lat="10.77543681" lon="106.70241745"><ele>18.056</ele><time>2025-01-16T11:47:21Z</time><speed>0.000</speed><sat>14</sat></trkpt>
  <trkpt lat="10.77543664" lon="106.70241750"><ele>18.026</ele><time>2025-01-16T11:47:22Z</time><speed>0.000</speed><sat>13</sat></trkpt>
  <trkpt lat="10.77543654" lon="106.70241754"><ele>18.026</ele><time>2025-01-16T11:47:23Z</time><speed>0.000</speed><sat>13</sat></trkpt>
  <trkpt lat="10.77543650" lon="106.70241757"><ele>18.017</ele><time>2025-01-16T11:47:24Z</time><speed>0.000</speed><sat>15</sat></trkpt>
  <trkpt lat="10.77543634" lon="106.70241759"><ele>17.988</ele><time>2025-01-16T11:47:25Z</time><speed>0.000</speed><sat>14</sat></trkpt>
  <trkpt lat="10.77543626" lon="106.70241760"><ele>17.987</ele><time>2025-01-16T11:47:26Z</time><speed>0.000</speed><sat>15</sat></trkpt>
  <trkpt lat="10.77543661" lon="106.70241766"><ele>18.041</ele><time>2025-01-16T11:47:27Z</time><speed>0.000</speed><sat>14</sat></trkpt>
  <trkpt lat="10.77543679" lon="106.70241768"><ele>18.045</ele><time>2025-01-16T11:47:28Z</time><speed>0.000</speed><sat>14</sat></trkpt>
  <trkpt lat="10.77543687" lon="106.70241769"><ele>18.046</ele><time>2025-01-16T11:47:29Z</time><speed>0.000</speed><sat>16</sat></trkpt>
  <trkpt lat="10.77543684" lon="106.70241769"><ele>18.032</ele><time>2025-01-16T11:47:30Z</time><speed>0.000</speed><sat>15</sat></trkpt>
  <trkpt lat="10.77543682" lon="106.70241769"><ele>18.032</ele><time>2025-01-16T11:47:31Z</time><speed>0.000</speed><sat>15</sat></trkpt>
  <trkpt lat="10.77543665" lon="106.70241816"><ele>17.863</ele><time>2025-01-16T11:47:32Z</time><speed>0.000</speed><sat>14</sat></trkpt>
  <trkpt lat="10.77543660" lon="106.70241838"><ele>17.874</ele><time>2025-01-16T11:47:33Z</time><speed>0.000</speed><sat>14</sat></trkpt>
  <trkpt lat="10.77543657" lon="106.70241848"><ele>17.878</ele><time>2025-01-16T11:47:34Z</time><speed>0.000</speed><sat>14</sat></trkpt>
  <trkpt lat="10.77543655" lon="106.70241853"><ele>17.874</ele><time>2025-01-16T11:47:35Z</time><speed>0.000</speed><sat>14</sat></trkpt>
  <trkpt lat="10.77544238" lon="106.70241401"><ele>17.627</ele><time>2025-01-16T11:47:36Z</time><speed>1.280</speed><sat>13</sat></trkpt>
  <trkpt lat="10.77545492" lon="106.70240303"><ele>17.429</ele><time>2025-01-16T11:47:37Z</time><speed>2.010</speed><sat>14</sat></trkpt>
  <trkpt lat="10.77546951" lon="106.70238798"><ele>17.508</ele><time>2025-01-16T11:47:38Z</time><speed>2.320</speed><sat>12</sat></trkpt>
  <trkpt lat="10.77548431" lon="106.70237159"><ele>17.687</ele><time>2025-01-16T11:47:39Z</time><speed>2.340</speed><sat>14</sat></trkpt>
  <trkpt lat="10.77549904" lon="106.70235582"><ele>17.505</ele><time>2025-01-16T11:47:40Z</time><speed>2.350</speed><sat>12</sat></trkpt>
  <trkpt lat="10.77551237" lon="106.70234036"><ele>17.695</ele><time>2025-01-16T11:47:41Z</time><speed>2.240</speed><sat>15</sat></trkpt>
  <trkpt lat="10.77552396" lon="106.70232532"><ele>17.736</ele><time>2025-01-16T11:47:42Z</time><speed>2.610</speed><sat>13</sat></trkpt>
  <trkpt lat="10.77553743" lon="106.70230940"><ele>17.776</ele><time>2025-01-16T11:47:43Z</time><speed>2.540</speed><sat>13</sat></trkpt>
  <trkpt lat="10.77555285" lon="106.70229242"><ele>18.821</ele><time>2025-01-16T11:47:44Z</time><speed>2.760</speed><sat>12</sat></trkpt>
  <trkpt lat="10.77556753" lon="106.70227583"><ele>18.939</ele><time>2025-01-16T11:47:45Z</time><speed>2.580</speed><sat>13</sat></trkpt>
  <trkpt lat="10.77558213" lon="106.70225872"><ele>19.019</ele><time>2025-01-16T11:47:46Z</time><speed>2.750</speed><sat>13</sat></trkpt>
  <trkpt lat="10.77559795" lon="106.70224040"><ele>18.676</ele><time>2025-01-16T11:47:47Z</time><speed>3.010</speed><sat>16</sat></trkpt>
  <trkpt lat="10.77561449" lon="106.70222095"><ele>18.790</ele><time>2025-01-16T11:47:48Z</time><speed>2.920</speed><sat>16</sat></trkpt>
  <trkpt lat="10.77563104" lon="106.70220160"><ele>18.740</ele><time>2025-01-16T11:47:49Z</time><speed>2.920</speed><sat>16</sat></trkpt>
  <trkpt lat="10.77564917" lon="106.70218065"><ele>19.025</ele><time>2025-01-16T11:47:50Z</time><speed>3.110</speed><sat>14</sat></trkpt>
  <trkpt lat="10.77566780" lon="106.70216008"><ele>18.884</ele><time>2025-01-16T11:47:51Z</time><speed>3.040</speed><sat>14</sat></trkpt>
  <trkpt lat="10.77568683" lon="106.70214027"><ele>18.834</ele><time>2025-01-16T11:47:52Z</time><speed>3.040</speed><sat>14</sat></trkpt>
  <trkpt lat="10.77570587" lon="106.70211900"><ele>18.620</ele><time>2025-01-16T11:47:53Z</time><speed>3.520</speed><sat>12</sat></trkpt>
  <trkpt lat="10.77572600" lon="106.70209638"><ele>18.679</ele><time>2025-01-16T11:47:54Z</time><speed>3.400</speed><sat>12</sat></trkpt>
  <trkpt lat="10.77574593" lon="106.70207378"><ele>19.538</ele><time>2025-01-16T11:47:55Z</time><speed>3.370</speed><sat>11</sat></trkpt>
  <trkpt lat="10.77576579" lon="106.70205188"><ele>19.428</ele><time>2025-01-16T11:47:56Z</time><speed>3.340</speed><sat>12</sat></trkpt>
  <trkpt lat="10.77578637" lon="106.70203065"><ele>18.917</ele><time>2025-01-16T11:47:57Z</time><speed>3.330</speed><sat>12</sat></trkpt>
  <trkpt lat="10.77580608" lon="106.70201002"><ele>18.802</ele><time>2025-01-16T11:47:58Z</time><speed>3.020</speed><sat>11</sat></trkpt>
  <trkpt lat="10.77582563" lon="106.70198982"><ele>18.696</ele><time>2025-01-16T11:47:59Z</time><speed>3.310</speed><sat>10</sat></trkpt>
  <trkpt lat="10.77584622" lon="106.70196882"><ele>18.654</ele><time>2025-01-16T11:48:00Z</time><speed>3.280</speed><sat>10</sat></trkpt>
  <trkpt lat="10.77586579" lon="106.70195216"><ele>18.939</ele><time>2025-01-16T11:48:01Z</time><speed>2.860</speed><sat>10</sat></trkpt>
  <trkpt lat="10.77588528" lon="106.70193306"><ele>18.561</ele><time>2025-01-16T11:48:02Z</time><speed>3.210</speed><sat>14</sat></trkpt>
  <trkpt lat="10.77590766" lon="106.70190753"><ele>19.160</ele><time>2025-01-16T11:48:03Z</time><speed>3.560</speed><sat>18</sat></trkpt>
  <trkpt lat="10.77592993" lon="106.70188122"><ele>18.970</ele><time>2025-01-16T11:48:04Z</time><speed>3.500</speed><sat>18</sat></trkpt>
  <trkpt lat="10.77595209" lon="106.70185334"><ele>19.307</ele><time>2025-01-16T11:48:05Z</time><speed>3.580</speed><sat>19</sat></trkpt>
  <trkpt lat="10.77597451" lon="106.70182458"><ele>20.123</ele><time>2025-01-16T11:48:06Z</time><speed>3.570</speed><sat>20</sat></trkpt>
  <trkpt lat="10.77599691" lon="106.70179570"><ele>20.315</ele><time>2025-01-16T11:48:07Z</time><speed>3.700</speed><sat>20</sat></trkpt>
  <trkpt lat="10.77601921" lon="106.70176800"><ele>20.327</ele><time>2025-01-16T11:48:08Z</time><speed>3.610</speed><sat>20</sat></trkpt>
  <trkpt lat="10.77604106" lon="106.70174146"><ele>20.618</ele><time>2025-01-16T11:48:09Z</time><speed>3.530</speed><sat>20</sat></trkpt>
  <trkpt lat="10.77606253" lon="106.70171612"><ele>20.416</ele><time>2025-01-16T11:48:10Z</time><speed>3.400</speed><sat>20</sat></trkpt>
  <trkpt lat="10.77608341" lon="106.70169227"><ele>20.346</ele><time>2025-01-16T11:48:11Z</time><speed>3.300</speed><sat>20</sat></trkpt>
  <trkpt lat="10.77610459" lon="106.70166817"><ele>20.372</ele><time>2025-01-16T11:48:12Z</time><speed>3.490</speed><sat>19</sat></trkpt>
  <trkpt lat="10.77612606" lon="106.70164348"><ele>20.485</ele><time>2025-01-16T11:48:13Z</time><speed>3.470</speed><sat>17</sat></trkpt>
  <trkpt lat="10.77614716" lon="106.70161937"><ele>20.773</ele><time>2025-01-16T11:48:14Z</time><speed>3.410</speed><sat>17</sat></trkpt>
  <trkpt lat="10.77616809" lon="106.70159627"><ele>20.647</ele><time>2025-01-16T11:48:15Z</time><speed>3.320</speed><sat>16</sat></trkpt>
  <trkpt lat="10.77618932" lon="106.70157263"><ele>20.678</ele><time>2025-01-16T11:48:16Z</time><speed>3.500</speed><sat>16</sat></trkpt>
  <trkpt lat="10.77621126" lon="106.70154873"><ele>20.635</ele><time>2025-01-16T11:48:17Z</time><speed>3.490</speed><sat>16</sat></trkpt>
  <trkpt lat="10.77623294" lon="106.70152573"><ele>20.591</ele><time>2025-01-16T11:48:18Z</time><speed>3.370</speed><sat>14</sat></trkpt>
  <trkpt lat="10.77625498" lon="106.70150298"><ele>21.108</ele><time>2025-01-16T11:48:19Z</time><speed>3.520</speed><sat>15</sat></trkpt>
  <trkpt lat="10.77627800" lon="106.70147933"><ele>21.312</ele><time>2025-01-16T11:48:20Z</time><speed>3.680</speed><sat>14</sat></trkpt>
  <trkpt lat="10.77630374" lon="106.70145406"><ele>22.017</ele><time>2025-01-16T11:48:21Z</time><speed>4.030</speed><sat>14</sat></trkpt>
  <trkpt lat="10.77633064" lon="106.70142746"><ele>21.845</ele><time>2025-01-16T11:48:22Z</time><speed>4.110</speed><sat>15</sat></trkpt>
  <trkpt lat="10.77635729" lon="106.70140061"><ele>21.709</ele><time>2025-01-16T11:48:23Z</time><speed>4.170</speed><sat>15</sat></trkpt>
  <trkpt lat="10.77638194" lon="106.70137242"><ele>21.973</ele><time>2025-01-16T11:48:24Z</time><speed>4.100</speed><sat>16</sat></trkpt>
  <trkpt lat="10.77640283" lon="106.70134392"><ele>21.834</ele><time>2025-01-16T11:48:25Z</time><speed>3.890</speed><sat>18</sat></trkpt>
  <trkpt lat="10.77641878" lon="106.70131333"><ele>20.265</ele><time>2025-01-16T11:48:26Z</time><speed>4.200</speed><sat>19</sat></trkpt>
  <trkpt lat="10.77642909" lon="106.70127789"><ele>20.600</ele><time>2025-01-16T11:48:27Z</time><speed>3.970</speed><sat>23</sat></trkpt>
  <trkpt lat="10.77643140" lon="106.70124166"><ele>19.545</ele><time>2025-01-16T11:48:28Z</time><speed>3.810</speed><sat>24</sat></trkpt>
  <trkpt lat="10.77642776" lon="106.70120697"><ele>18.973</ele><time>2025-01-16T11:48:29Z</time><speed>3.730</speed><sat>26</sat></trkpt>
  <trkpt lat="10.77641495" lon="106.70117040"><ele>18.931</ele><time>2025-01-16T11:48:30Z</time><speed>4.310</speed><sat>26</sat></trkpt>
  <trkpt lat="10.77639618" lon="106.70113837"><ele>17.809</ele><time>2025-01-16T11:48:31Z</time><speed>3.570</speed><sat>27</sat></trkpt>
  <trkpt lat="10.77637086" lon="106.70111084"><ele>17.196</ele><time>2025-01-16T11:48:32Z</time><speed>4.110</speed><sat>28</sat></trkpt>
  <trkpt lat="10.77634250" lon="106.70108482"><ele>16.662</ele><time>2025-01-16T11:48:33Z</time><speed>3.800</speed><sat>29</sat></trkpt>
  <trkpt lat="10.77631385" lon="106.70106258"><ele>15.790</ele><time>2025-01-16T11:48:34Z</time><speed>3.590</speed><sat>27</sat></trkpt>
  <trkpt lat="10.77628474" lon="106.70104551"><ele>15.121</ele><time>2025-01-16T11:48:35Z</time><speed>3.270</speed><sat>29</sat></trkpt>
  <trkpt lat="10.77625335" lon="106.70103543"><ele>15.074</ele><time>2025-01-16T11:48:36Z</time><speed>3.480</speed><sat>28</sat></trkpt>
  <trkpt lat="10.77622083" lon="106.70103211"><ele>14.628</ele><time>2025-01-16T11:48:37Z</time><speed>3.280</speed><sat>30</sat></trkpt>
  <trkpt lat="10.77618793" lon="106.70103553"><ele>13.979</ele><time>2025-01-16T11:48:38Z</time><speed>3.400</speed><sat>31</sat></trkpt>
  <trkpt lat="10.77615342" lon="106.70104340"><ele>13.831</ele><time>2025-01-16T11:48:39Z</time><speed>3.710</speed><sat>30</sat></trkpt>
  <trkpt lat="10.77612193" lon="106.70105637"><ele>12.795</ele><time>2025-01-16T11:48:40Z</time><speed>3.190</speed><sat>30</sat></trkpt>
  <trkpt lat="10.77609657" lon="106.70107458"><ele>12.041</ele><time>2025-01-16T11:48:41Z</time><speed>2.990</speed><sat>31</sat></trkpt>
  <trkpt lat="10.77607578" lon="106.70109515"><ele>11.685</ele><time>2025-01-16T11:48:42Z</time><speed>2.700</speed><sat>31</sat></trkpt>
  <trkpt lat="10.77605919" lon="106.70111806"><ele>10.965</ele><time>2025-01-16T11:48:43Z</time><speed>2.740</speed><sat>31</sat></trkpt>
  <trkpt lat="10.77604559" lon="106.70114161"><ele>10.577</ele><time>2025-01-16T11:48:44Z</time><speed>2.580</speed><sat>31</sat></trkpt>
  <trkpt lat="10.77603477" lon="106.70116541"><ele>9.679</ele><time>2025-01-16T11:48:45Z</time><speed>2.580</speed><sat>29</sat></trkpt>
  <trkpt lat="10.77602416" lon="106.70118906"><ele>9.047</ele><time>2025-01-16T11:48:46Z</time><speed>2.670</speed><sat>28</sat></trkpt>
  <trkpt lat="10.77601183" lon="106.70121090"><ele>7.624</ele><time>2025-01-16T11:48:47Z</time><speed>2.480</speed><sat>29</sat></trkpt>
  <trkpt lat="10.77599930" lon="106.70122942"><ele>7.684</ele><time>2025-01-16T11:48:48Z</time><speed>2.290</speed><sat>27</sat></trkpt>
  <trkpt lat="10.77598633" lon="106.70124572"><ele>7.512</ele><time>2025-01-16T11:48:49Z</time><speed>2.110</speed><sat>27</sat></trkpt>
  <trkpt lat="10.77597228" lon="106.70126197"><ele>7.184</ele><time>2025-01-16T11:48:50Z</time><speed>2.350</speed><sat>25</sat></trkpt>
  <trkpt lat="10.77595707" lon="106.70127839"><ele>7.493</ele><time>2025-01-16T11:48:51Z</time><speed>2.380</speed><sat>24</sat></trkpt>
  <trkpt lat="10.77594155" lon="106.70129564"><ele>6.980</ele><time>2025-01-16T11:48:52Z</time><speed>2.480</speed><sat>24</sat></trkpt>
  <trkpt lat="10.77592618" lon="106.70131222"><ele>6.353</ele><time>2025-01-16T11:48:53Z</time><speed>2.370</speed><sat>23</sat></trkpt>
  <trkpt lat="10.77591161" lon="106.70132780"><ele>5.834</ele><time>2025-01-16T11:48:54Z</time><speed>2.270</speed><sat>21</sat></trkpt>
  <trkpt lat="10.77589706" lon="106.70134351"><ele>5.185</ele><time>2025-01-16T11:48:55Z</time><speed>2.400</speed><sat>21</sat></trkpt>
  <trkpt lat="10.77588195" lon="106.70135951"><ele>5.151</ele><time>2025-01-16T11:48:56Z</time><speed>2.480</speed><sat>22</sat></trkpt>
  <trkpt lat="10.77586789" lon="106.70137640"><ele>5.380</ele><time>2025-01-16T11:48:57Z</time><speed>2.330</speed><sat>15</sat></trkpt>
  <trkpt lat="10.77585450" lon="106.70139309"><ele>5.370</ele><time>2025-01-16T11:48:58Z</time><speed>2.330</speed><sat>15</sat></trkpt>
  <trkpt lat="10.77584502" lon="106.70140760"><ele>5.818</ele><time>2025-01-16T11:48:59Z</time><speed>1.600</speed><sat>14</sat></trkpt>
  <trkpt lat="10.77583850" lon="106.70141886"><ele>5.461</ele><time>2025-01-16T11:49:00Z</time><speed>1.210</speed><sat>15</sat></trkpt>
  <trkpt lat="10.77583193" lon="106.70142926"><ele>5.615</ele><time>2025-01-16T11:49:01Z</time><speed>1.330</speed><sat>13</sat></trkpt>
  <trkpt lat="10.77582409" lon="106.70143981"><ele>5.608</ele><time>2025-01-16T11:49:02Z</time><speed>1.500</speed><sat>15</sat></trkpt>
  <trkpt lat="10.77581557" lon="106.70145094"><ele>5.343</ele><time>2025-01-16T11:49:03Z</time><speed>1.540</speed><sat>13</sat></trkpt>
  <trkpt lat="10.77580665" lon="106.70146234"><ele>4.957</ele><time>2025-01-16T11:49:04Z</time><speed>1.570</speed><sat>13</sat></trkpt>
  <trkpt lat="10.77579808" lon="106.70147282"><ele>4.911</ele><time>2025-01-16T11:49:05Z</time><speed>1.390</speed><sat>10</sat></trkpt>
  <trkpt lat="10.77579008" lon="106.70148301"><ele>4.785</ele><time>2025-01-16T11:49:06Z</time><speed>1.430</speed><sat>10</sat></trkpt>
  <trkpt lat="10.77578214" lon="106.70149376"><ele>4.568</ele><time>2025-01-16T11:49:07Z</time><speed>1.460</speed><sat>12</sat></trkpt>
  <trkpt lat="10.77577381" lon="106.70150463"><ele>4.646</ele><time>2025-01-16T11:49:08Z</time><speed>1.500</speed><sat>12</sat></trkpt>
  <trkpt lat="10.77576863" lon="106.70151294"><ele>4.282</ele><time>2025-01-16T11:49:09Z</time><speed>0.910</speed><sat>14</sat></trkpt>
  <trkpt lat="10.77576554" lon="106.70151735"><ele>4.492</ele><time>2025-01-16T11:49:10Z</time><speed>0.480</speed><sat>14</sat></trkpt>
  <trkpt lat="10.77576309" lon="106.70152007"><ele>3.925</ele><time>2025-01-16T11:49:11Z</time><speed>0.550</speed><sat>20</sat></trkpt>
  <trkpt lat="10.77575914" lon="106.70152330"><ele>3.901</ele><time>2025-01-16T11:49:12Z</time><speed>0.690</speed><sat>21</sat></trkpt>
  <trkpt lat="10.77575328" lon="106.70152717"><ele>3.800</ele><time>2025-01-16T11:49:13Z</time><speed>0.840</speed><sat>21</sat></trkpt>
  <trkpt lat="10.77574714" lon="106.70153212"><ele>3.760</ele><time>2025-01-16T11:49:14Z</time><speed>0.820</speed><sat>22</sat></trkpt>
  <trkpt lat="10.77574162" lon="106.70153628"><ele>3.729</ele><time>2025-01-16T11:49:15Z</time><speed>0.580</speed><sat>23</sat></trkpt>
  <trkpt lat="10.77573678" lon="106.70153935"><ele>4.025</ele><time>2025-01-16T11:49:16Z</time><speed>0.460</speed><sat>24</sat></trkpt>
  <trkpt lat="10.77573179" lon="106.70154194"><ele>4.062</ele><time>2025-01-16T11:49:17Z</time><speed>0.550</speed><sat>17</sat></trkpt>
  <trkpt lat="10.77572686" lon="106.70154496"><ele>4.072</ele><time>2025-01-16T11:49:18Z</time><speed>0.550</speed><sat>16</sat></trkpt>
  <trkpt lat="10.77572135" lon="106.70154635"><ele>4.307</ele><time>2025-01-16T11:49:19Z</time><speed>0.420</speed><sat>16</sat></trkpt>
  <trkpt lat="10.77571553" lon="106.70154568"><ele>4.338</ele><time>2025-01-16T11:49:20Z</time><speed>0.000</speed><sat>14</sat></trkpt>
  <trkpt lat="10.77571222" lon="106.70154586"><ele>4.267</ele><time>2025-01-16T11:49:21Z</time><speed>0.000</speed><sat>13</sat></trkpt>
  <trkpt lat="10.77571184" lon="106.70154565"><ele>4.368</ele><time>2025-01-16T11:49:22Z</time><speed>0.000</speed><sat>20</sat></trkpt>
  <trkpt lat="10.77571238" lon="106.70154487"><ele>4.471</ele><time>2025-01-16T11:49:23Z</time><speed>0.000</speed><sat>20</sat></trkpt>
  <trkpt lat="10.77571261" lon="106.70154461"><ele>4.628</ele><time>2025-01-16T11:49:24Z</time><speed>0.000</speed><sat>21</sat></trkpt>
  <trkpt lat="10.77571348" lon="106.70154411"><ele>4.658</ele><time>2025-01-16T11:49:25Z</time><speed>0.000</speed><sat>21</sat></trkpt>
  <trkpt lat="10.77571348" lon="106.70154411"><ele>4.680</ele><time>2025-01-16T11:49:26Z</time><speed>0.000</speed><sat>21</sat></trkpt>
  <trkpt lat="10.77571425" lon="106.70154545"><ele>4.837</ele><time>2025-01-16T11:49:27Z</time><speed>0.000</speed><sat>21</sat></trkpt>
  <trkpt lat="10.77571522" lon="106.70154577"><ele>4.688</ele><time>2025-01-16T11:49:28Z</time><speed>0.000</speed><sat>22</sat></trkpt>
  <trkpt lat="10.77571678" lon="106.70154627"><ele>4.474</ele><time>2025-01-16T11:49:29Z</time><speed>0.000</speed><sat>16</sat></trkpt>
  <trkpt lat="10.77571755" lon="106.70154652"><ele>4.473</ele><time>2025-01-16T11:49:30Z</time><speed>0.000</speed><sat>16</sat></trkpt>
  <trkpt lat="10.77571744" lon="106.70154615"><ele>4.389</ele><time>2025-01-16T11:49:31Z</time><speed>0.000</speed><sat>16</sat></trkpt>
  <trkpt lat="10.77571739" lon="106.70154597"><ele>4.389</ele><time>2025-01-16T11:49:32Z</time><speed>0.000</speed><sat>16</sat></trkpt>
  <trkpt lat="10.77571729" lon="106.70154568"><ele>4.377</ele><time>2025-01-16T11:49:33Z</time><speed>0.000</speed><sat>16</sat></trkpt>
  <trkpt lat="10.77571740" lon="106.70154583"><ele>4.374</ele><time>2025-01-16T11:49:34Z</time><speed>0.000</speed><sat>18</sat></trkpt>
  <trkpt lat="10.77571014" lon="106.70155339"><ele>4.400</ele><time>2025-01-16T11:49:35Z</time><speed>1.620</speed><sat>22</sat></trkpt>
  <trkpt lat="10.77569797" lon="106.70156465"><ele>4.580</ele><time>2025-01-16T11:49:36Z</time><speed>1.760</speed><sat>21</sat></trkpt>
  <trkpt lat="10.77568558" lon="106.70157811"><ele>3.590</ele><time>2025-01-16T11:49:37Z</time><speed>2.130</speed><sat>21</sat></trkpt>
  <trkpt lat="10.77567203" lon="106.70159195"><ele>3.743</ele><time>2025-01-16T11:49:38Z</time><speed>2.210</speed><sat>22</sat></trkpt>
  <trkpt lat="10.77565903" lon="106.70160585"><ele>4.118</ele><time>2025-01-16T11:49:39Z</time><speed>2.070</speed><sat>22</sat></trkpt>
  <trkpt lat="10.77564512" lon="106.70162018"><ele>4.144</ele><time>2025-01-16T11:49:40Z</time><speed>2.400</speed><sat>22</sat></trkpt>
  <trkpt lat="10.77562958" lon="106.70163647"><ele>4.605</ele><time>2025-01-16T11:49:41Z</time><speed>2.620</speed><sat>23</sat></trkpt>
  <trkpt lat="10.77561224" lon="106.70165594"><ele>4.463</ele><time>2025-01-16T11:49:42Z</time><speed>3.120</speed><sat>23</sat></trkpt>
  <trkpt lat="10.77559299" lon="106.70167725"><ele>4.982</ele><time>2025-01-16T11:49:43Z</time><speed>3.240</speed><sat>23</sat></trkpt>
  <trkpt lat="10.77557400" lon="106.70169832"><ele>4.732</ele><time>2025-01-16T11:49:44Z</time><speed>3.130</speed><sat>23</sat></trkpt>
  <trkpt lat="10.77555515" lon="106.70171837"><ele>4.852</ele><time>2025-01-16T11:49:45Z</time><speed>3.110</speed><sat>24</sat></trkpt>
  <trkpt lat="10.77553554" lon="106.70174028"><ele>4.900</ele><time>2025-01-16T11:49:46Z</time><speed>3.330</speed><sat>25</sat></trkpt>
  <trkpt lat="10.77551498" lon="106.70176235"><ele>4.646</ele><time>2025-01-16T11:49:47Z</time><speed>3.130</speed><sat>24</sat></trkpt>
  <trkpt lat="10.77549248" lon="106.70178686"><ele>5.002</ele><time>2025-01-16T11:49:48Z</time><speed>4.020</speed><sat>24</sat></trkpt>
  <trkpt lat="10.77546540" lon="106.70181369"><ele>3.929</ele><time>2025-01-16T11:49:49Z</time><speed>4.330</speed><sat>25</sat></trkpt>
  <trkpt lat="10.77543757" lon="106.70184354"><ele>4.148</ele><time>2025-01-16T11:49:50Z</time><speed>4.660</speed><sat>26</sat></trkpt>
  <trkpt lat="10.77541019" lon="106.70187551"><ele>4.165</ele><time>2025-01-16T11:49:51Z</time><speed>4.730</speed><sat>26</sat></trkpt>
  <trkpt lat="10.77538304" lon="106.70190763"><ele>4.446</ele><time>2025-01-16T11:49:52Z</time><speed>4.620</speed><sat>25</sat></trkpt>
  <trkpt lat="10.77535583" lon="106.70194038"><ele>4.603</ele><time>2025-01-16T11:49:53Z</time><speed>4.750</speed><sat>25</sat></trkpt>
  <trkpt lat="10.77532818" lon="106.70197350"><ele>4.661</ele><time>2025-01-16T11:49:54Z</time><speed>4.740</speed><sat>24</sat></trkpt>
  <trkpt lat="10.77530035" lon="106.70200666"><ele>4.896</ele><time>2025-01-16T11:49:55Z</time><speed>4.760</speed><sat>26</sat></trkpt>
  <trkpt lat="10.77527191" lon="106.70203941"><ele>5.126</ele><time>2025-01-16T11:49:56Z</time><speed>4.730</speed><sat>27</sat></trkpt>
  <trkpt lat="10.77524327" lon="106.70207196"><ele>5.589</ele><time>2025-01-16T11:49:57Z</time><speed>4.620</speed><sat>20</sat></trkpt>
  <trkpt lat="10.77521483" lon="106.70210404"><ele>5.619</ele><time>2025-01-16T11:49:58Z</time><speed>4.640</speed><sat>20</sat></trkpt>
  <trkpt lat="10.77518623" lon="106.70213606"><ele>5.629</ele><time>2025-01-16T11:49:59Z</time><speed>4.660</speed><sat>20</sat></trkpt>
  <trkpt lat="10.77515946" lon="106.70216773"><ele>5.866</ele><time>2025-01-16T11:50:00Z</time><speed>4.600</speed><sat>26</sat></trkpt>
  <trkpt lat="10.77513251" lon="106.70219764"><ele>6.073</ele><time>2025-01-16T11:50:01Z</time><speed>4.600</speed><sat>28</sat></trkpt>
  <trkpt lat="10.77510585" lon="106.70222825"><ele>6.583</ele><time>2025-01-16T11:50:02Z</time><speed>4.490</speed><sat>27</sat></trkpt>
  <trkpt lat="10.77507987" lon="106.70225925"><ele>6.135</ele><time>2025-01-16T11:50:03Z</time><speed>4.580</speed><sat>27</sat></trkpt>
  <trkpt lat="10.77505424" lon="106.70229068"><ele>5.801</ele><time>2025-01-16T11:50:04Z</time><speed>4.490</speed><sat>26</sat></trkpt>
  <trkpt lat="10.77502849" lon="106.70232120"><ele>5.834</ele><time>2025-01-16T11:50:05Z</time><speed>4.440</speed><sat>26</sat></trkpt>
  <trkpt lat="10.77500232" lon="106.70235201"><ele>5.958</ele><time>2025-01-16T11:50:06Z</time><speed>4.450</speed><sat>25</sat></trkpt>
  <trkpt lat="10.77497602" lon="106.70238167"><ele>5.892</ele><time>2025-01-16T11:50:07Z</time><speed>4.420</speed><sat>24</sat></trkpt>
  <trkpt lat="10.77494958" lon="106.70241166"><ele>5.902</ele><time>2025-01-16T11:50:08Z</time><speed>4.420</speed><sat>18</sat></trkpt>
  <trkpt lat="10.77492361" lon="106.70244123"><ele>6.417</ele><time>2025-01-16T11:50:09Z</time><speed>4.260</speed><sat>16</sat></trkpt>
  <trkpt lat="10.77489816" lon="106.70247058"><ele>6.594</ele><time>2025-01-16T11:50:10Z</time><speed>4.290</speed><sat>16</sat></trkpt>
  <trkpt lat="10.77487274" lon="106.70249983"><ele>6.488</ele><time>2025-01-16T11:50:11Z</time><speed>4.310</speed><sat>17</sat></trkpt>
  <trkpt lat="10.77484450" lon="106.70253149"><ele>6.269</ele><time>2025-01-16T11:50:12Z</time><speed>4.590</speed><sat>23</sat></trkpt>
  <trkpt lat="10.77481574" lon="106.70256238"><ele>6.394</ele><time>2025-01-16T11:50:13Z</time><speed>4.580</speed><sat>24</sat></trkpt>
  <trkpt lat="10.77478637" lon="106.70259227"><ele>6.451</ele><time>2025-01-16T11:50:14Z</time><speed>4.630</speed><sat>23</sat></trkpt>
  <trkpt lat="10.77475633" lon="106.70261921"><ele>5.966</ele><time>2025-01-16T11:50:15Z</time><speed>4.560</speed><sat>23</sat></trkpt>
  <trkpt lat="10.77472618" lon="106.70264670"><ele>6.079</ele><time>2025-01-16T11:50:16Z</time><speed>4.610</speed><sat>23</sat></trkpt>
  <trkpt lat="10.77469597" lon="106.70267516"><ele>6.012</ele><time>2025-01-16T11:50:17Z</time><speed>4.640</speed><sat>23</sat></trkpt>
  <trkpt lat="10.77466631" lon="106.70270385"><ele>5.966</ele><time>2025-01-16T11:50:18Z</time><speed>4.540</speed><sat>23</sat></trkpt>
  <trkpt lat="10.77463726" lon="106.70273331"><ele>5.806</ele><time>2025-01-16T11:50:19Z</time><speed>4.650</speed><sat>16</sat></trkpt>
  <trkpt lat="10.77460797" lon="106.70276326"><ele>5.765</ele><time>2025-01-16T11:50:20Z</time><speed>4.650</speed><sat>16</sat></trkpt>
  <trkpt lat="10.77457968" lon="106.70279156"><ele>5.300</ele><time>2025-01-16T11:50:21Z</time><speed>4.560</speed><sat>16</sat></trkpt>
  <trkpt lat="10.77455193" lon="106.70282025"><ele>5.291</ele><time>2025-01-16T11:50:22Z</time><speed>4.550</speed><sat>16</sat></trkpt>
  <trkpt lat="10.77452506" lon="106.70284599"><ele>5.302</ele><time>2025-01-16T11:50:23Z</time><speed>4.190</speed><sat>14</sat></trkpt>
  <trkpt lat="10.77450103" lon="106.70286738"><ele>4.412</ele><time>2025-01-16T11:50:24Z</time><speed>3.510</speed><sat>19</sat></trkpt>
  <trkpt lat="10.77447709" lon="106.70288982"><ele>3.905</ele><time>2025-01-16T11:50:25Z</time><speed>4.070</speed><sat>22</sat></trkpt>
  <trkpt lat="10.77444950" lon="106.70291595"><ele>3.954</ele><time>2025-01-16T11:50:26Z</time><speed>4.300</speed><sat>23</sat></trkpt>
  <trkpt lat="10.77442151" lon="106.70294104"><ele>3.893</ele><time>2025-01-16T11:50:27Z</time><speed>3.840</speed><sat>24</sat></trkpt>
  <trkpt lat="10.77439375" lon="106.70296733"><ele>4.666</ele><time>2025-01-16T11:50:28Z</time><speed>4.290</speed><sat>24</sat></trkpt>
  <trkpt lat="10.77436600" lon="106.70299519"><ele>4.850</ele><time>2025-01-16T11:50:29Z</time><speed>4.050</speed><sat>26</sat></trkpt>
  <trkpt lat="10.77434081" lon="106.70302424"><ele>5.537</ele><time>2025-01-16T11:50:30Z</time><speed>4.030</speed><sat>26</sat></trkpt>
  <trkpt lat="10.77431649" lon="106.70305302"><ele>5.577</ele><time>2025-01-16T11:50:31Z</time><speed>3.890</speed><sat>24</sat></trkpt>
  <trkpt lat="10.77429233" lon="106.70308159"><ele>6.091</ele><time>2025-01-16T11:50:32Z</time><speed>3.920</speed><sat>26</sat></trkpt>
  <trkpt lat="10.77426734" lon="106.70311175"><ele>6.920</ele><time>2025-01-16T11:50:33Z</time><speed>4.020</speed><sat>27</sat></trkpt>
  <trkpt lat="10.77424140" lon="106.70314308"><ele>7.441</ele><time>2025-01-16T11:50:34Z</time><speed>4.310</speed><sat>27</sat></trkpt>
  <trkpt lat="10.77421605" lon="106.70317346"><ele>7.219</ele><time>2025-01-16T11:50:35Z</time><speed>3.920</speed><sat>27</sat></trkpt>
  <trkpt lat="10.77419149" lon="106.70320341"><ele>7.473</ele><time>2025-01-16T11:50:36Z</time><speed>4.040</speed><sat>27</sat></trkpt>
  <trkpt lat="10.77416769" lon="106.70323150"><ele>7.531</ele><time>2025-01-16T11:50:37Z</time><speed>3.540</speed><sat>28</sat></trkpt>
  <trkpt lat="10.77414618" lon="106.70325731"><ele>6.775</ele><time>2025-01-16T11:50:38Z</time><speed>3.290</speed><sat>27</sat></trkpt>
  <trkpt lat="10.77412412" lon="106.70328288"><ele>6.817</ele><time>2025-01-16T11:50:39Z</time><speed>3.540</speed><sat>26</sat></trkpt>
  <trkpt lat="10.77410337" lon="106.70330728"><ele>6.046</ele><time>2025-01-16T11:50:40Z</time><speed>2.990</speed><sat>26</sat></trkpt>
  <trkpt lat="10.77408390" lon="106.70332922"><ele>6.245</ele><time>2025-01-16T11:50:41Z</time><speed>2.870</speed><sat>27</sat></trkpt>
  <trkpt lat="10.77406397" lon="106.70335267"><ele>6.467</ele><time>2025-01-16T11:50:42Z</time><speed>3.230</speed><sat>27</sat></trkpt>
  <trkpt lat="10.77404310" lon="106.70337827"><ele>6.199</ele><time>2025-01-16T11:50:43Z</time><speed>3.440</speed><sat>27</sat></trkpt>
  <trkpt lat="10.77402293" lon="106.70340737"><ele>6.325</ele><time>2025-01-16T11:50:44Z</time><speed>3.690</speed><sat>27</sat></trkpt>
  <trkpt lat="10.77400370" lon="106.70343783"><ele>6.442</ele><time>2025-01-16T11:50:45Z</time><speed>3.530</speed><sat>26</sat></trkpt>
  <trkpt lat="10.77398494" lon="106.70346651"><ele>6.416</ele><time>2025-01-16T11:50:46Z</time><speed>3.360</speed><sat>27</sat></trkpt>
  <trkpt lat="10.77396624" lon="106.70349537"><ele>6.430</ele><time>2025-01-16T11:50:47Z</time><speed>3.590</speed><sat>27</sat></trkpt>
  <trkpt lat="10.77394297" lon="106.70352420"><ele>6.371</ele><time>2025-01-16T11:50:48Z</time><speed>3.960</speed><sat>27</sat></trkpt>
  <trkpt lat="10.77391533" lon="106.70355160"><ele>6.513</ele><time>2025-01-16T11:50:49Z</time><speed>3.980</speed><sat>26</sat></trkpt>
  <trkpt lat="10.77388585" lon="106.70357898"><ele>6.378</ele><time>2025-01-16T11:50:50Z</time><speed>4.370</speed><sat>28</sat></trkpt>
  <trkpt lat="10.77385396" lon="106.70360872"><ele>7.197</ele><time>2025-01-16T11:50:51Z</time><speed>4.610</speed><sat>27</sat></trkpt>
  <trkpt lat="10.77382546" lon="106.70363689"><ele>7.414</ele><time>2025-01-16T11:50:52Z</time><speed>3.520</speed><sat>28</sat></trkpt>
  <trkpt lat="10.77379575" lon="106.70366563"><ele>8.046</ele><time>2025-01-16T11:50:53Z</time><speed>4.870</speed><sat>28</sat></trkpt>
  <trkpt lat="10.77376461" lon="106.70369429"><ele>7.483</ele><time>2025-01-16T11:50:54Z</time><speed>3.790</speed><sat>28</sat></trkpt>
  <trkpt lat="10.77373459" lon="106.70371961"><ele>7.391</ele><time>2025-01-16T11:50:55Z</time><speed>4.330</speed><sat>28</sat></trkpt>
  <trkpt lat="10.77370249" lon="106.70375133"><ele>7.198</ele><time>2025-01-16T11:50:56Z</time><speed>4.970</speed><sat>27</sat></trkpt>
  <trkpt lat="10.77367152" lon="106.70378588"><ele>7.169</ele><time>2025-01-16T11:50:57Z</time><speed>4.610</speed><sat>27</sat></trkpt>
  <trkpt lat="10.77364408" lon="106.70382057"><ele>7.245</ele><time>2025-01-16T11:50:58Z</time><speed>4.520</speed><sat>28</sat></trkpt>
  <trkpt lat="10.77361738" lon="106.70385498"><ele>6.792</ele><time>2025-01-16T11:50:59Z</time><speed>4.540</speed><sat>28</sat></trkpt>
  <trkpt lat="10.77359160" lon="106.70388708"><ele>6.692</ele><time>2025-01-16T11:51:00Z</time><speed>4.180</speed><sat>28</sat></trkpt>
  <trkpt lat="10.77356716" lon="106.70391519"><ele>5.529</ele><time>2025-01-16T11:51:01Z</time><speed>4.010</speed><sat>27</sat></trkpt>
  <trkpt lat="10.77354093" lon="106.70394376"><ele>5.562</ele><time>2025-01-16T11:51:02Z</time><speed>4.270</speed><sat>27</sat></trkpt>
  <trkpt lat="10.77351220" lon="106.70397427"><ele>6.263</ele><time>2025-01-16T11:51:03Z</time><speed>4.640</speed><sat>27</sat></trkpt>
  <trkpt lat="10.77348406" lon="106.70400634"><ele>6.424</ele><time>2025-01-16T11:51:04Z</time><speed>4.390</speed><sat>26</sat></trkpt>
  <trkpt lat="10.77345662" lon="106.70403710"><ele>6.496</ele><time>2025-01-16T11:51:05Z</time><speed>4.390</speed><sat>26</sat></trkpt>
  <trkpt lat="10.77342978" lon="106.70406571"><ele>5.783</ele><time>2025-01-16T11:51:06Z</time><speed>4.150</speed><sat>26</sat></trkpt>
  <trkpt lat="10.77340168" lon="106.70409623"><ele>6.354</ele><time>2025-01-16T11:51:07Z</time><speed>4.760</speed><sat>20</sat></trkpt>
  <trkpt lat="10.77337236" lon="106.70412476"><ele>6.472</ele><time>2025-01-16T11:51:08Z</time><speed>4.490</speed><sat>18</sat></trkpt>
  <trkpt lat="10.77334361" lon="106.70415274"><ele>6.434</ele><time>2025-01-16T11:51:09Z</time><speed>4.530</speed><sat>18</sat></trkpt>
  <trkpt lat="10.77331564" lon="106.70417770"><ele>6.523</ele><time>2025-01-16T11:51:10Z</time><speed>4.100</speed><sat>15</sat></trkpt>
  <trkpt lat="10.77328964" lon="106.70420404"><ele>7.395</ele><time>2025-01-16T11:51:11Z</time><speed>4.210</speed><sat>22</sat></trkpt>
  <trkpt lat="10.77326231" lon="106.70423375"><ele>7.681</ele><time>2025-01-16T11:51:12Z</time><speed>4.600</speed><sat>21</sat></trkpt>
  <trkpt lat="10.77323394" lon="106.70426505"><ele>7.520</ele><time>2025-01-16T11:51:13Z</time><speed>4.650</speed><sat>22</sat></trkpt>
  <trkpt lat="10.77320557" lon="106.70429686"><ele>7.502</ele><time>2025-01-16T11:51:14Z</time><speed>4.680</speed><sat>22</sat></trkpt>
  <trkpt lat="10.77317831" lon="106.70432766"><ele>7.323</ele><time>2025-01-16T11:51:15Z</time><speed>4.490</speed><sat>23</sat></trkpt>
  <trkpt lat="10.77315161" lon="106.70435790"><ele>7.266</ele><time>2025-01-16T11:51:16Z</time><speed>4.410</speed><sat>25</sat></trkpt>
  <trkpt lat="10.77312533" lon="106.70438607"><ele>7.381</ele><time>2025-01-16T11:51:17Z</time><speed>4.140</speed><sat>25</sat></trkpt>
  <trkpt lat="10.77310088" lon="106.70441158"><ele>7.898</ele><time>2025-01-16T11:51:18Z</time><speed>3.610</speed><sat>16</sat></trkpt>
  <trkpt lat="10.77307733" lon="106.70443515"><ele>7.848</ele><time>2025-01-16T11:51:19Z</time><speed>3.610</speed><sat>16</sat></trkpt>
  <trkpt lat="10.77305236" lon="106.70444899"><ele>8.551</ele><time>2025-01-16T11:51:20Z</time><speed>3.550</speed><sat>14</sat></trkpt>
  <trkpt lat="10.77303050" lon="106.70446583"><ele>8.327</ele><time>2025-01-16T11:51:21Z</time><speed>3.250</speed><sat>12</sat></trkpt>
  <trkpt lat="10.77301043" lon="106.70448200"><ele>7.612</ele><time>2025-01-16T11:51:22Z</time><speed>3.060</speed><sat>16</sat></trkpt>
  <trkpt lat="10.77299311" lon="106.70449685"><ele>7.611</ele><time>2025-01-16T11:51:23Z</time><speed>2.710</speed><sat>15</sat></trkpt>
  <trkpt lat="10.77297636" lon="106.70450712"><ele>6.954</ele><time>2025-01-16T11:51:24Z</time><speed>2.220</speed><sat>16</sat></trkpt>
  <trkpt lat="10.77296390" lon="106.70451611"><ele>6.776</ele><time>2025-01-16T11:51:25Z</time><speed>1.600</speed><sat>12</sat></trkpt>
  <trkpt lat="10.77295495" lon="106.70452181"><ele>7.333</ele><time>2025-01-16T11:51:26Z</time><speed>0.920</speed><sat>14</sat></trkpt>
  <trkpt lat="10.77294777" lon="106.70452651"><ele>7.715</ele><time>2025-01-16T11:51:27Z</time><speed>0.980</speed><sat>15</sat></trkpt>
  <trkpt lat="10.77294286" lon="106.70453320"><ele>7.337</ele><time>2025-01-16T11:51:28Z</time><speed>0.490</speed><sat>13</sat></trkpt>
  <trkpt lat="10.77293946" lon="106.70453785"><ele>7.463</ele><time>2025-01-16T11:51:29Z</time><speed>0.490</speed><sat>13</sat></trkpt>
  <trkpt lat="10.77294307" lon="106.70454627"><ele>7.648</ele><time>2025-01-16T11:51:30Z</time><speed>0.000</speed><sat>14</sat></trkpt>
  <trkpt lat="10.77294687" lon="106.70455320"><ele>8.010</ele><time>2025-01-16T11:51:31Z</time><speed>0.000</speed><sat>14</sat></trkpt>
  <trkpt lat="10.77294876" lon="106.70455667"><ele>8.008</ele><time>2025-01-16T11:51:32Z</time><speed>0.000</speed><sat>14</sat></trkpt>
  <trkpt lat="10.77294935" lon="106.70456003"><ele>8.316</ele><time>2025-01-16T11:51:33Z</time><speed>0.000</speed><sat>15</sat></trkpt>
  <trkpt lat="10.77294964" lon="106.70456172"><ele>8.315</ele><time>2025-01-16T11:51:34Z</time><speed>0.000</speed><sat>15</sat></trkpt>
  <trkpt lat="10.77295130" lon="106.70456595"><ele>8.335</ele><time>2025-01-16T11:51:35Z</time><speed>0.000</speed><sat>12</sat></trkpt>
  <trkpt lat="10.77294562" lon="106.70457343"><ele>8.136</ele><time>2025-01-16T11:51:36Z</time><speed>1.400</speed><sat>15</sat></trkpt>
  <trkpt lat="10.77293556" lon="106.70458517"><ele>8.708</ele><time>2025-01-16T11:51:37Z</time><speed>1.570</speed><sat>14</sat></trkpt>
  <trkpt lat="10.77292437" lon="106.70459846"><ele>8.981</ele><time>2025-01-16T11:51:38Z</time><speed>2.000</speed><sat>14</sat></trkpt>
  <trkpt lat="10.77291054" lon="106.70461632"><ele>8.046</ele><time>2025-01-16T11:51:39Z</time><speed>2.610</speed><sat>11</sat></trkpt>
  <trkpt lat="10.77289599" lon="106.70463482"><ele>8.017</ele><time>2025-01-16T11:51:40Z</time><speed>2.350</speed><sat>11</sat></trkpt>
  <trkpt lat="10.77287890" lon="106.70465184"><ele>7.615</ele><time>2025-01-16T11:51:41Z</time><speed>2.900</speed><sat>12</sat></trkpt>
  <trkpt lat="10.77285911" lon="106.70467305"><ele>8.007</ele><time>2025-01-16T11:51:42Z</time><speed>3.430</speed><sat>11</sat></trkpt>
  <trkpt lat="10.77283882" lon="106.70469614"><ele>8.218</ele><time>2025-01-16T11:51:43Z</time><speed>3.320</speed><sat>11</sat></trkpt>
  <trkpt lat="10.77281849" lon="106.70472090"><ele>7.722</ele><time>2025-01-16T11:51:44Z</time><speed>3.770</speed><sat>12</sat></trkpt>
  <trkpt lat="10.77279727" lon="106.70474554"><ele>6.909</ele><time>2025-01-16T11:51:45Z</time><speed>3.300</speed><sat>13</sat></trkpt>
  <trkpt lat="10.77277264" lon="106.70477159"><ele>7.177</ele><time>2025-01-16T11:51:46Z</time><speed>4.280</speed><sat>11</sat></trkpt>
  <trkpt lat="10.77274551" lon="106.70479974"><ele>7.179</ele><time>2025-01-16T11:51:47Z</time><speed>4.110</speed><sat>11</sat></trkpt>
  <trkpt lat="10.77271659" lon="106.70482663"><ele>6.489</ele><time>2025-01-16T11:51:48Z</time><speed>5.000</speed><sat>11</sat></trkpt>
  <trkpt lat="10.77269285" lon="106.70484647"><ele>6.139</ele><time>2025-01-16T11:51:49Z</time><speed>4.250</speed><sat>14</sat></trkpt>
  <trkpt lat="10.77266556" lon="106.70488054"><ele>5.997</ele><time>2025-01-16T11:51:50Z</time><speed>4.270</speed><sat>15</sat></trkpt>
  <trkpt lat="10.77264229" lon="106.70491393"><ele>6.592</ele><time>2025-01-16T11:51:51Z</time><speed>4.090</speed><sat>14</sat></trkpt>
  <trkpt lat="10.77261776" lon="106.70493945"><ele>6.150</ele><time>2025-01-16T11:51:52Z</time><speed>4.090</speed><sat>13</sat></trkpt>
  <trkpt lat="10.77258821" lon="106.70494800"><ele>5.146</ele><time>2025-01-16T11:51:53Z</time><speed>4.400</speed><sat>12</sat></trkpt>
  <trkpt lat="10.77256666" lon="106.70498050"><ele>4.949</ele><time>2025-01-16T11:51:54Z</time><speed>4.370</speed><sat>13</sat></trkpt>
  <trkpt lat="10.77254730" lon="106.70502013"><ele>3.515</ele><time>2025-01-16T11:51:55Z</time><speed>4.210</speed><sat>12</sat></trkpt>
  <trkpt lat="10.77250258" lon="106.70504205"><ele>3.715</ele><time>2025-01-16T11:51:56Z</time><speed>4.580</speed><sat>13</sat></trkpt>
  <trkpt lat="10.77247542" lon="106.70507281"><ele>3.893</ele><time>2025-01-16T11:51:57Z</time><speed>4.510</speed><sat>13</sat></trkpt>
  <trkpt lat="10.77246388" lon="106.70512084"><ele>4.258</ele><time>2025-01-16T11:51:58Z</time><speed>4.480</speed><sat>11</sat></trkpt>
  <trkpt lat="10.77243678" lon="106.70515245"><ele>4.581</ele><time>2025-01-16T11:51:59Z</time><speed>4.360</speed><sat>14</sat></trkpt>
  <trkpt lat="10.77241063" lon="106.70518319"><ele>4.539</ele><time>2025-01-16T11:52:00Z</time><speed>4.390</speed><sat>14</sat></trkpt>
  <trkpt lat="10.77238487" lon="106.70521628"><ele>4.431</ele><time>2025-01-16T11:52:01Z</time><speed>4.450</speed><sat>11</sat></trkpt>
  <trkpt lat="10.77235830" lon="106.70524720"><ele>4.454</ele><time>2025-01-16T11:52:02Z</time><speed>4.250</speed><sat>13</sat></trkpt>
  <trkpt lat="10.77233121" lon="106.70527744"><ele>4.729</ele><time>2025-01-16T11:52:03Z</time><speed>4.410</speed><sat>14</sat></trkpt>
  <trkpt lat="10.77230344" lon="106.70530886"><ele>5.350</ele><time>2025-01-16T11:52:04Z</time><speed>4.470</speed><sat>15</sat></trkpt>
  <trkpt lat="10.77227563" lon="106.70534060"><ele>5.276</ele><time>2025-01-16T11:52:05Z</time><speed>4.540</speed><sat>15</sat></trkpt>
  <trkpt lat="10.77224788" lon="106.70537313"><ele>5.767</ele><time>2025-01-16T11:52:06Z</time><speed>4.510</speed><sat>13</sat></trkpt>
  <trkpt lat="10.77222039" lon="106.70540431"><ele>5.507</ele><time>2025-01-16T11:52:07Z</time><speed>4.370</speed><sat>13</sat></trkpt>
  <trkpt lat="10.77219387" lon="106.70543627"><ele>5.481</ele><time>2025-01-16T11:52:08Z</time><speed>4.590</speed><sat>12</sat></trkpt>
  <trkpt lat="10.77216712" lon="106.70546937"><ele>5.044</ele><time>2025-01-16T11:52:09Z</time><speed>4.350</speed><sat>12</sat></trkpt>
  <trkpt lat="10.77214113" lon="106.70550147"><ele>5.122</ele><time>2025-01-16T11:52:10Z</time><speed>4.390</speed><sat>12</sat></trkpt>
  <trkpt lat="10.77211546" lon="106.70553050"><ele>4.938</ele><time>2025-01-16T11:52:11Z</time><speed>4.280</speed><sat>12</sat></trkpt>
  <trkpt lat="10.77209001" lon="106.70556162"><ele>5.172</ele><time>2025-01-16T11:52:12Z</time><speed>4.710</speed><sat>13</sat></trkpt>
  <trkpt lat="10.77206478" lon="106.70559455"><ele>5.229</ele><time>2025-01-16T11:52:13Z</time><speed>4.570</speed><sat>13</sat></trkpt>
  <trkpt lat="10.77203977" lon="106.70562762"><ele>5.242</ele><time>2025-01-16T11:52:14Z</time><speed>4.520</speed><sat>14</sat></trkpt>
  <trkpt lat="10.77201281" lon="106.70565952"><ele>5.542</ele><time>2025-01-16T11:52:15Z</time><speed>4.570</speed><sat>13</sat></trkpt>
  <trkpt lat="10.77198479" lon="106.70569094"><ele>5.639</ele><time>2025-01-16T11:52:16Z</time><speed>4.630</speed><sat>12</sat></trkpt>
  <trkpt lat="10.77195605" lon="106.70572195"><ele>5.763</ele><time>2025-01-16T11:52:17Z</time><speed>4.620</speed><sat>12</sat></trkpt>
  <trkpt lat="10.77192684" lon="106.70575278"><ele>5.944</ele><time>2025-01-16T11:52:18Z</time><speed>4.680</speed><sat>13</sat></trkpt>
  <trkpt lat="10.77189780" lon="106.70578450"><ele>6.397</ele><time>2025-01-16T11:52:19Z</time><speed>4.680</speed><sat>14</sat></trkpt>
  <trkpt lat="10.77186828" lon="106.70581463"><ele>6.235</ele><time>2025-01-16T11:52:20Z</time><speed>4.610</speed><sat>13</sat></trkpt>
  <trkpt lat="10.77183887" lon="106.70584528"><ele>5.925</ele><time>2025-01-16T11:52:21Z</time><speed>4.650</speed><sat>14</sat></trkpt>
  <trkpt lat="10.77181020" lon="106.70587665"><ele>5.934</ele><time>2025-01-16T11:52:22Z</time><speed>4.640</speed><sat>14</sat></trkpt>
  <trkpt lat="10.77178221" lon="106.70590932"><ele>4.734</ele><time>2025-01-16T11:52:23Z</time><speed>4.850</speed><sat>14</sat></trkpt>
  <trkpt lat="10.77175364" lon="106.70594313"><ele>5.541</ele><time>2025-01-16T11:52:24Z</time><speed>4.920</speed><sat>13</sat></trkpt>
  <trkpt lat="10.77172613" lon="106.70597556"><ele>5.981</ele><time>2025-01-16T11:52:25Z</time><speed>4.570</speed><sat>13</sat></trkpt>
  <trkpt lat="10.77169966" lon="106.70600754"><ele>6.066</ele><time>2025-01-16T11:52:26Z</time><speed>4.580</speed><sat>14</sat></trkpt>
  <trkpt lat="10.77167585" lon="106.70604055"><ele>5.365</ele><time>2025-01-16T11:52:27Z</time><speed>4.550</speed><sat>13</sat></trkpt>
  <trkpt lat="10.77165297" lon="106.70607194"><ele>5.143</ele><time>2025-01-16T11:52:28Z</time><speed>4.150</speed><sat>15</sat></trkpt>
  <trkpt lat="10.77163159" lon="106.70610029"><ele>4.326</ele><time>2025-01-16T11:52:29Z</time><speed>4.010</speed><sat>16</sat></trkpt>
  <trkpt lat="10.77160959" lon="106.70612785"><ele>4.013</ele><time>2025-01-16T11:52:30Z</time><speed>3.950</speed><sat>14</sat></trkpt>
  <trkpt lat="10.77158714" lon="106.70615289"><ele>4.038</ele><time>2025-01-16T11:52:31Z</time><speed>3.460</speed><sat>14</sat></trkpt>
  <trkpt lat="10.77156622" lon="106.70617537"><ele>3.269</ele><time>2025-01-16T11:52:32Z</time><speed>3.460</speed><sat>14</sat></trkpt>
  <trkpt lat="10.77154571" lon="106.70619680"><ele>3.265</ele><time>2025-01-16T11:52:33Z</time><speed>3.360</speed><sat>15</sat></trkpt>
  <trkpt lat="10.77152823" lon="106.70621964"><ele>3.562</ele><time>2025-01-16T11:52:34Z</time><speed>3.200</speed><sat>16</sat></trkpt>
  <trkpt lat="10.77151171" lon="106.70624275"><ele>3.706</ele><time>2025-01-16T11:52:35Z</time><speed>3.100</speed><sat>16</sat></trkpt>
  <trkpt lat="10.77149590" lon="106.70626434"><ele>3.483</ele><time>2025-01-16T11:52:36Z</time><speed>2.800</speed><sat>15</sat></trkpt>
  <trkpt lat="10.77147973" lon="106.70628107"><ele>2.710</ele><time>2025-01-16T11:52:37Z</time><speed>2.710</speed><sat>15</sat></trkpt>
  <trkpt lat="10.77146257" lon="106.70629687"><ele>3.216</ele><time>2025-01-16T11:52:38Z</time><speed>2.610</speed><sat>15</sat></trkpt>
  <trkpt lat="10.77144179" lon="106.70631124"><ele>3.255</ele><time>2025-01-16T11:52:39Z</time><speed>3.070</speed><sat>15</sat></trkpt>
  <trkpt lat="10.77141630" lon="106.70632234"><ele>3.352</ele><time>2025-01-16T11:52:40Z</time><speed>3.270</speed><sat>15</sat></trkpt>
  <trkpt lat="10.77138637" lon="106.70632798"><ele>3.357</ele><time>2025-01-16T11:52:41Z</time><speed>3.510</speed><sat>17</sat></trkpt>
  <trkpt lat="10.77135230" lon="106.70632820"><ele>3.508</ele><time>2025-01-16T11:52:42Z</time><speed>3.960</speed><sat>15</sat></trkpt>
  <trkpt lat="10.77131084" lon="106.70632494"><ele>3.523</ele><time>2025-01-16T11:52:43Z</time><speed>4.840</speed><sat>14</sat></trkpt>
  <trkpt lat="10.77126481" lon="106.70631955"><ele>3.075</ele><time>2025-01-16T11:52:44Z</time><speed>4.940</speed><sat>15</sat></trkpt>
  <trkpt lat="10.77120915" lon="106.70629723"><ele>3.057</ele><time>2025-01-16T11:52:45Z</time><speed>5.390</speed><sat>12</sat></trkpt>
  <trkpt lat="10.77116236" lon="106.70629863"><ele>3.359</ele><time>2025-01-16T11:52:46Z</time><speed>5.490</speed><sat>15</sat></trkpt>
  <trkpt lat="10.77112031" lon="106.70628991"><ele>3.296</ele><time>2025-01-16T11:52:47Z</time><speed>5.830</speed><sat>14</sat></trkpt>
  <trkpt lat="10.77105919" lon="106.70627504"><ele>1.940</ele><time>2025-01-16T11:52:48Z</time><speed>6.100</speed><sat>16</sat></trkpt>
  <trkpt lat="10.77100736" lon="106.70625813"><ele>1.918</ele><time>2025-01-16T11:52:49Z</time><speed>6.260</speed><sat>15</sat></trkpt>
  <trkpt lat="10.77094540" lon="106.70625242"><ele>2.508</ele><time>2025-01-16T11:52:50Z</time><speed>6.350</speed><sat>18</sat></trkpt>
  <trkpt lat="10.77088498" lon="106.70624562"><ele>2.873</ele><time>2025-01-16T11:52:51Z</time><speed>6.380</speed><sat>17</sat></trkpt>
  <trkpt lat="10.77082576" lon="106.70624228"><ele>3.129</ele><time>2025-01-16T11:52:52Z</time><speed>6.480</speed><sat>16</sat></trkpt>
  <trkpt lat="10.77076612" lon="106.70624145"><ele>3.642</ele><time>2025-01-16T11:52:53Z</time><speed>6.560</speed><sat>16</sat></trkpt>
  <trkpt lat="10.77070578" lon="106.70623862"><ele>3.831</ele><time>2025-01-16T11:52:54Z</time><speed>6.410</speed><sat>17</sat></trkpt>
  <trkpt lat="10.77065113" lon="106.70622936"><ele>3.452</ele><time>2025-01-16T11:52:55Z</time><speed>6.430</speed><sat>17</sat></trkpt>
  <trkpt lat="10.77059278" lon="106.70622115"><ele>3.677</ele><time>2025-01-16T11:52:56Z</time><speed>6.520</speed><sat>18</sat></trkpt>
  <trkpt lat="10.77053363" lon="106.70621393"><ele>3.534</ele><time>2025-01-16T11:52:57Z</time><speed>6.590</speed><sat>15</sat></trkpt>
  <trkpt lat="10.77046776" lon="106.70620443"><ele>3.919</ele><time>2025-01-16T11:52:58Z</time><speed>6.930</speed><sat>16</sat></trkpt>
  <trkpt lat="10.77040490" lon="106.70619333"><ele>4.123</ele><time>2025-01-16T11:52:59Z</time><speed>7.030</speed><sat>16</sat></trkpt>
  <trkpt lat="10.77035503" lon="106.70616915"><ele>4.519</ele><time>2025-01-16T11:53:00Z</time><speed>6.860</speed><sat>18</sat></trkpt>
  <trkpt lat="10.77029394" lon="106.70615315"><ele>4.487</ele><time>2025-01-16T11:53:01Z</time><speed>7.040</speed><sat>15</sat></trkpt>
  <trkpt lat="10.77023429" lon="106.70613879"><ele>4.596</ele><time>2025-01-16T11:53:02Z</time><speed>6.990</speed><sat>17</sat></trkpt>
  <trkpt lat="10.77017038" lon="106.70611936"><ele>4.637</ele><time>2025-01-16T11:53:03Z</time><speed>7.210</speed><sat>16</sat></trkpt>
  <trkpt lat="10.77010573" lon="106.70610126"><ele>4.871</ele><time>2025-01-16T11:53:04Z</time><speed>7.250</speed><sat>14</sat></trkpt>
  <trkpt lat="10.77005040" lon="106.70608354"><ele>4.569</ele><time>2025-01-16T11:53:05Z</time><speed>6.270</speed><sat>18</sat></trkpt>
  <trkpt lat="10.76999532" lon="106.70606272"><ele>4.484</ele><time>2025-01-16T11:53:06Z</time><speed>6.470</speed><sat>18</sat></trkpt>
  <trkpt lat="10.76993383" lon="106.70604052"><ele>5.337</ele><time>2025-01-16T11:53:07Z</time><speed>6.910</speed><sat>16</sat></trkpt>
  <trkpt lat="10.76987617" lon="106.70602148"><ele>6.100</ele><time>2025-01-16T11:53:08Z</time><speed>6.970</speed><sat>14</sat></trkpt>
  <trkpt lat="10.76981680" lon="106.70599885"><ele>6.592</ele><time>2025-01-16T11:53:09Z</time><speed>6.800</speed><sat>13</sat></trkpt>
  <trkpt lat="10.76976083" lon="106.70597292"><ele>6.508</ele><time>2025-01-16T11:53:10Z</time><speed>6.820</speed><sat>14</sat></trkpt>
  <trkpt lat="10.76970509" lon="106.70594145"><ele>6.743</ele><time>2025-01-16T11:53:11Z</time><speed>6.790</speed><sat>13</sat></trkpt>
  <trkpt lat="10.76965328" lon="106.70591092"><ele>7.138</ele><time>2025-01-16T11:53:12Z</time><speed>6.730</speed><sat>15</sat></trkpt>
  <trkpt lat="10.76959777" lon="106.70587844"><ele>7.546</ele><time>2025-01-16T11:53:13Z</time><speed>6.720</speed><sat>13</sat></trkpt>
  <trkpt lat="10.76954851" lon="106.70584613"><ele>8.184</ele><time>2025-01-16T11:53:14Z</time><speed>6.550</speed><sat>15</sat></trkpt>
  <trkpt lat="10.76949187" lon="106.70581215"><ele>8.390</ele><time>2025-01-16T11:53:15Z</time><speed>6.530</speed><sat>17</sat></trkpt>
  <trkpt lat="10.76943595" lon="106.70578774"><ele>9.224</ele><time>2025-01-16T11:53:16Z</time><speed>6.510</speed><sat>15</sat></trkpt>
  <trkpt lat="10.76939128" lon="106.70575689"><ele>9.752</ele><time>2025-01-16T11:53:17Z</time><speed>6.380</speed><sat>13</sat></trkpt>
  <trkpt lat="10.76933969" lon="106.70573040"><ele>9.544</ele><time>2025-01-16T11:53:18Z</time><speed>6.570</speed><sat>13</sat></trkpt>
  <trkpt lat="10.76928334" lon="106.70570823"><ele>9.343</ele><time>2025-01-16T11:53:19Z</time><speed>6.540</speed><sat>14</sat></trkpt>
  <trkpt lat="10.76922903" lon="106.70568530"><ele>9.508</ele><time>2025-01-16T11:53:20Z</time><speed>6.870</speed><sat>15</sat></trkpt>
  <trkpt lat="10.76916761" lon="106.70566821"><ele>9.324</ele><time>2025-01-16T11:53:21Z</time><speed>6.820</speed><sat>12</sat></trkpt>
  <trkpt lat="10.76910520" lon="106.70564905"><ele>9.485</ele><time>2025-01-16T11:53:22Z</time><speed>6.970</speed><sat>15</sat></trkpt>
  <trkpt lat="10.76904431" lon="106.70563168"><ele>9.714</ele><time>2025-01-16T11:53:23Z</time><speed>7.020</speed><sat>14</sat></trkpt>
  <trkpt lat="10.76898164" lon="106.70561587"><ele>9.872</ele><time>2025-01-16T11:53:24Z</time><speed>7.180</speed><sat>15</sat></trkpt>
  <trkpt lat="10.76891838" lon="106.70559987"><ele>9.550</ele><time>2025-01-16T11:53:25Z</time><speed>7.060</speed><sat>14</sat></trkpt>
  <trkpt lat="10.76885365" lon="106.70559010"><ele>9.410</ele><time>2025-01-16T11:53:26Z</time><speed>7.050</speed><sat>15</sat></trkpt>
  <trkpt lat="10.76878890" lon="106.70557972"><ele>9.488</ele><time>2025-01-16T11:53:27Z</time><speed>6.870</speed><sat>15</sat></trkpt>
  <trkpt lat="10.76872617" lon="106.70557429"><ele>9.399</ele><time>2025-01-16T11:53:28Z</time><speed>6.570</speed><sat>17</sat></trkpt>
  <trkpt lat="10.76866623" lon="106.70557190"><ele>9.126</ele><time>2025-01-16T11:53:29Z</time><speed>6.580</speed><sat>16</sat></trkpt>
  <trkpt lat="10.76860889" lon="106.70557223"><ele>9.132</ele><time>2025-01-16T11:53:30Z</time><speed>6.220</speed><sat>16</sat></trkpt>
  <trkpt lat="10.76854664" lon="106.70557546"><ele>9.916</ele><time>2025-01-16T11:53:31Z</time><speed>6.350</speed><sat>15</sat></trkpt>
  <trkpt lat="10.76847829" lon="106.70557720"><ele>10.056</ele><time>2025-01-16T11:53:32Z</time><speed>6.360</speed><sat>15</sat></trkpt>
  <trkpt lat="10.76842565" lon="106.70559020"><ele>9.492</ele><time>2025-01-16T11:53:33Z</time><speed>6.510</speed><sat>14</sat></trkpt>
  <trkpt lat="10.76836142" lon="106.70559676"><ele>9.670</ele><time>2025-01-16T11:53:34Z</time><speed>6.660</speed><sat>16</sat></trkpt>
  <trkpt lat="10.76830631" lon="106.70561144"><ele>8.424</ele><time>2025-01-16T11:53:35Z</time><speed>6.840</speed><sat>17</sat></trkpt>
  <trkpt lat="10.76824442" lon="106.70562498"><ele>8.080</ele><time>2025-01-16T11:53:36Z</time><speed>7.010</speed><sat>17</sat></trkpt>
  <trkpt lat="10.76818165" lon="106.70564697"><ele>7.658</ele><time>2025-01-16T11:53:37Z</time><speed>7.160</speed><sat>17</sat></trkpt>
  <trkpt lat="10.76811775" lon="106.70567132"><ele>7.750</ele><time>2025-01-16T11:53:38Z</time><speed>7.140</speed><sat>18</sat></trkpt>
  <trkpt lat="10.76805377" lon="106.70569427"><ele>7.566</ele><time>2025-01-16T11:53:39Z</time><speed>7.120</speed><sat>16</sat></trkpt>
  <trkpt lat="10.76799683" lon="106.70572736"><ele>7.955</ele><time>2025-01-16T11:53:40Z</time><speed>7.220</speed><sat>15</sat></trkpt>
  <trkpt lat="10.76792980" lon="106.70575319"><ele>7.860</ele><time>2025-01-16T11:53:41Z</time><speed>7.260</speed><sat>15</sat></trkpt>
  <trkpt lat="10.76786976" lon="106.70578207"><ele>6.790</ele><time>2025-01-16T11:53:42Z</time><speed>7.290</speed><sat>13</sat></trkpt>
  <trkpt lat="10.76780734" lon="106.70581923"><ele>6.653</ele><time>2025-01-16T11:53:43Z</time><speed>8.130</speed><sat>15</sat></trkpt>
  <trkpt lat="10.76774753" lon="106.70585117"><ele>6.189</ele><time>2025-01-16T11:53:44Z</time><speed>8.040</speed><sat>14</sat></trkpt>
  <trkpt lat="10.76768645" lon="106.70588687"><ele>5.858</ele><time>2025-01-16T11:53:45Z</time><speed>8.060</speed><sat>15</sat></trkpt>
  <trkpt lat="10.76762429" lon="106.70592684"><ele>5.934</ele><time>2025-01-16T11:53:46Z</time><speed>8.070</speed><sat>16</sat></trkpt>
  <trkpt lat="10.76756056" lon="106.70596316"><ele>6.170</ele><time>2025-01-16T11:53:47Z</time><speed>7.900</speed><sat>15</sat></trkpt>
  <trkpt lat="10.76749533" lon="106.70599052"><ele>5.998</ele><time>2025-01-16T11:53:48Z</time><speed>7.860</speed><sat>11</sat></trkpt>
  <trkpt lat="10.76744142" lon="106.70602315"><ele>5.737</ele><time>2025-01-16T11:53:49Z</time><speed>6.770</speed><sat>16</sat></trkpt>
  <trkpt lat="10.76738459" lon="106.70605448"><ele>5.025</ele><time>2025-01-16T11:53:50Z</time><speed>7.440</speed><sat>12</sat></trkpt>
  <trkpt lat="10.76732628" lon="106.70608476"><ele>5.332</ele><time>2025-01-16T11:53:51Z</time><speed>7.420</speed><sat>13</sat></trkpt>
  <trkpt lat="10.76727343" lon="106.70611728"><ele>4.614</ele><time>2025-01-16T11:53:52Z</time><speed>6.860</speed><sat>14</sat></trkpt>
  <trkpt lat="10.76722332" lon="106.70615349"><ele>3.634</ele><time>2025-01-16T11:53:53Z</time><speed>6.710</speed><sat>15</sat></trkpt>
  <trkpt lat="10.76717367" lon="106.70618128"><ele>3.697</ele><time>2025-01-16T11:53:54Z</time><speed>6.290</speed><sat>15</sat></trkpt>
  <trkpt lat="10.76713088" lon="106.70621340"><ele>2.389</ele><time>2025-01-16T11:53:55Z</time><speed>5.860</speed><sat>14</sat></trkpt>
  <trkpt lat="10.76709549" lon="106.70624014"><ele>1.266</ele><time>2025-01-16T11:53:56Z</time><speed>5.000</speed><sat>15</sat></trkpt>
  <trkpt lat="10.76704932" lon="106.70625559"><ele>1.314</ele><time>2025-01-16T11:53:57Z</time><speed>5.170</speed><sat>14</sat></trkpt>
  <trkpt lat="10.76700393" lon="106.70627414"><ele>0.853</ele><time>2025-01-16T11:53:58Z</time><speed>5.410</speed><sat>14</sat></trkpt>
  <trkpt lat="10.76696031" lon="106.70628946"><ele>0.474</ele><time>2025-01-16T11:53:59Z</time><speed>5.090</speed><sat>12</sat></trkpt>
  <trkpt lat="10.76692047" lon="106.70630953"><ele>0.477</ele><time>2025-01-16T11:54:00Z</time><speed>4.750</speed><sat>14</sat></trkpt>
  <trkpt lat="10.76689262" lon="106.70632404"><ele>0.138</ele><time>2025-01-16T11:54:01Z</time><speed>4.340</speed><sat>14</sat></trkpt>
  <trkpt lat="10.76684966" lon="106.70633800"><ele>1.117</ele><time>2025-01-16T11:54:02Z</time><speed>3.920</speed><sat>16</sat></trkpt>
  <trkpt lat="10.76681857" lon="106.70634711"><ele>0.778</ele><time>2025-01-16T11:54:03Z</time><speed>3.380</speed><sat>13</sat></trkpt>
  <trkpt lat="10.76678760" lon="106.70634772"><ele>1.436</ele><time>2025-01-16T11:54:04Z</time><speed>3.000</speed><sat>17</sat></trkpt>
  <trkpt lat="10.76676657" lon="106.70634291"><ele>0.767</ele><time>2025-01-16T11:54:05Z</time><speed>3.270</speed><sat>19</sat></trkpt>
  <trkpt lat="10.76673797" lon="106.70633834"><ele>1.234</ele><time>2025-01-16T11:54:06Z</time><speed>3.470</speed><sat>16</sat></trkpt>
  <trkpt lat="10.76670938" lon="106.70632762"><ele>1.289</ele><time>2025-01-16T11:54:07Z</time><speed>3.390</speed><sat>16</sat></trkpt>
  <trkpt lat="10.76666748" lon="106.70630215"><ele>3.184</ele><time>2025-01-16T11:54:08Z</time><speed>4.090</speed><sat>16</sat></trkpt>
  <trkpt lat="10.76666459" lon="106.70626468"><ele>4.046</ele><time>2025-01-16T11:54:09Z</time><speed>4.550</speed><sat>19</sat></trkpt>
  <trkpt lat="10.76665530" lon="106.70622515"><ele>4.203</ele><time>2025-01-16T11:54:10Z</time><speed>4.420</speed><sat>18</sat></trkpt>
  <trkpt lat="10.76663818" lon="106.70618801"><ele>4.667</ele><time>2025-01-16T11:54:11Z</time><speed>4.130</speed><sat>18</sat></trkpt>
  <trkpt lat="10.76662094" lon="106.70613329"><ele>4.717</ele><time>2025-01-16T11:54:12Z</time><speed>5.350</speed><sat>22</sat></trkpt>
  <trkpt lat="10.76661037" lon="106.70609249"><ele>2.800</ele><time>2025-01-16T11:54:13Z</time><speed>5.270</speed><sat>26</sat></trkpt>
  <trkpt lat="10.76658479" lon="106.70604576"><ele>1.702</ele><time>2025-01-16T11:54:14Z</time><speed>5.430</speed><sat>26</sat></trkpt>
  <trkpt lat="10.76655944" lon="106.70599953"><ele>3.271</ele><time>2025-01-16T11:54:15Z</time><speed>5.980</speed><sat>25</sat></trkpt>
  <trkpt lat="10.76653477" lon="106.70594696"><ele>3.629</ele><time>2025-01-16T11:54:16Z</time><speed>6.620</speed><sat>25</sat></trkpt>
  <trkpt lat="10.76651202" lon="106.70588598"><ele>4.233</ele><time>2025-01-16T11:54:17Z</time><speed>6.610</speed><sat>26</sat></trkpt>
  <trkpt lat="10.76648143" lon="106.70583294"><ele>5.534</ele><time>2025-01-16T11:54:18Z</time><speed>6.760</speed><sat>25</sat></trkpt>
  <trkpt lat="10.76645565" lon="106.70577187"><ele>5.665</ele><time>2025-01-16T11:54:19Z</time><speed>6.760</speed><sat>26</sat></trkpt>
  <trkpt lat="10.76642806" lon="106.70571506"><ele>6.611</ele><time>2025-01-16T11:54:20Z</time><speed>6.870</speed><sat>26</sat></trkpt>
  <trkpt lat="10.76640147" lon="106.70565680"><ele>7.273</ele><time>2025-01-16T11:54:21Z</time><speed>6.800</speed><sat>26</sat></trkpt>
  <trkpt lat="10.76637776" lon="106.70559872"><ele>7.614</ele><time>2025-01-16T11:54:22Z</time><speed>6.770</speed><sat>18</sat></trkpt>
  <trkpt lat="10.76635201" lon="106.70554246"><ele>7.624</ele><time>2025-01-16T11:54:23Z</time><speed>6.770</speed><sat>18</sat></trkpt>
  <trkpt lat="10.76633260" lon="106.70548454"><ele>7.006</ele><time>2025-01-16T11:54:24Z</time><speed>6.720</speed><sat>15</sat></trkpt>
  <trkpt lat="10.76631209" lon="106.70542967"><ele>7.969</ele><time>2025-01-16T11:54:25Z</time><speed>6.620</speed><sat>12</sat></trkpt>
  <trkpt lat="10.76628794" lon="106.70537424"><ele>8.091</ele><time>2025-01-16T11:54:26Z</time><speed>6.620</speed><sat>12</sat></trkpt>
  <trkpt lat="10.76626843" lon="106.70530073"><ele>8.204</ele><time>2025-01-16T11:54:27Z</time><speed>7.510</speed><sat>14</sat></trkpt>
  <trkpt lat="10.76624124" lon="106.70523965"><ele>9.176</ele><time>2025-01-16T11:54:28Z</time><speed>7.190</speed><sat>11</sat></trkpt>
  <trkpt lat="10.76621674" lon="106.70517844"><ele>9.198</ele><time>2025-01-16T11:54:29Z</time><speed>7.210</speed><sat>11</sat></trkpt>
  <trkpt lat="10.76616019" lon="106.70513811"><ele>9.377</ele><time>2025-01-16T11:54:30Z</time><speed>6.590</speed><sat>15</sat></trkpt>
  <trkpt lat="10.76612761" lon="106.70508480"><ele>9.429</ele><time>2025-01-16T11:54:31Z</time><speed>6.510</speed><sat>21</sat></trkpt>
  <trkpt lat="10.76609548" lon="106.70504067"><ele>10.537</ele><time>2025-01-16T11:54:32Z</time><speed>6.460</speed><sat>21</sat></trkpt>
  <trkpt lat="10.76606950" lon="106.70498286"><ele>11.605</ele><time>2025-01-16T11:54:33Z</time><speed>6.980</speed><sat>24</sat></trkpt>
  <trkpt lat="10.76604648" lon="106.70492106"><ele>11.973</ele><time>2025-01-16T11:54:34Z</time><speed>6.910</speed><sat>23</sat></trkpt>
  <trkpt lat="10.76601615" lon="106.70486590"><ele>12.551</ele><time>2025-01-16T11:54:35Z</time><speed>6.770</speed><sat>24</sat></trkpt>
  <trkpt lat="10.76599341" lon="106.70481620"><ele>12.301</ele><time>2025-01-16T11:54:36Z</time><speed>6.160</speed><sat>24</sat></trkpt>
  <trkpt lat="10.76597789" lon="106.70476386"><ele>13.183</ele><time>2025-01-16T11:54:37Z</time><speed>6.000</speed><sat>23</sat></trkpt>
  <trkpt lat="10.76594639" lon="106.70472739"><ele>13.340</ele><time>2025-01-16T11:54:38Z</time><speed>4.530</speed><sat>24</sat></trkpt>
  <trkpt lat="10.76593092" lon="106.70468335"><ele>13.931</ele><time>2025-01-16T11:54:39Z</time><speed>4.720</speed><sat>25</sat></trkpt>
  <trkpt lat="10.76590489" lon="106.70464678"><ele>15.857</ele><time>2025-01-16T11:54:40Z</time><speed>4.010</speed><sat>25</sat></trkpt>
  <trkpt lat="10.76587774" lon="106.70462073"><ele>15.784</ele><time>2025-01-16T11:54:41Z</time><speed>3.770</speed><sat>26</sat></trkpt>
  <trkpt lat="10.76584859" lon="106.70459972"><ele>15.643</ele><time>2025-01-16T11:54:42Z</time><speed>3.870</speed><sat>25</sat></trkpt>
  <trkpt lat="10.76581628" lon="106.70458656"><ele>15.051</ele><time>2025-01-16T11:54:43Z</time><speed>3.730</speed><sat>25</sat></trkpt>
  <trkpt lat="10.76577846" lon="106.70458612"><ele>14.499</ele><time>2025-01-16T11:54:44Z</time><speed>3.850</speed><sat>27</sat></trkpt>
  <trkpt lat="10.76573070" lon="106.70455795"><ele>14.614</ele><time>2025-01-16T11:54:45Z</time><speed>4.810</speed><sat>27</sat></trkpt>
  <trkpt lat="10.76571271" lon="106.70458148"><ele>13.040</ele><time>2025-01-16T11:54:46Z</time><speed>3.750</speed><sat>27</sat></trkpt>
  <trkpt lat="10.76568168" lon="106.70459633"><ele>12.678</ele><time>2025-01-16T11:54:47Z</time><speed>3.760</speed><sat>25</sat></trkpt>
  <trkpt lat="10.76565276" lon="106.70461422"><ele>11.038</ele><time>2025-01-16T11:54:48Z</time><speed>4.370</speed><sat>25</sat></trkpt>
  <trkpt lat="10.76561809" lon="106.70463750"><ele>10.431</ele><time>2025-01-16T11:54:49Z</time><speed>5.010</speed><sat>24</sat></trkpt>
  <trkpt lat="10.76557702" lon="106.70465905"><ele>10.129</ele><time>2025-01-16T11:54:50Z</time><speed>5.270</speed><sat>24</sat></trkpt>
  <trkpt lat="10.76553168" lon="106.70468097"><ele>10.064</ele><time>2025-01-16T11:54:51Z</time><speed>5.720</speed><sat>24</sat></trkpt>
  <trkpt lat="10.76548399" lon="106.70470527"><ele>9.734</ele><time>2025-01-16T11:54:52Z</time><speed>6.010</speed><sat>24</sat></trkpt>
  <trkpt lat="10.76543510" lon="106.70472733"><ele>9.549</ele><time>2025-01-16T11:54:53Z</time><speed>6.250</speed><sat>25</sat></trkpt>
  <trkpt lat="10.76538256" lon="106.70475315"><ele>9.454</ele><time>2025-01-16T11:54:54Z</time><speed>6.350</speed><sat>25</sat></trkpt>
  <trkpt lat="10.76533039" lon="106.70477671"><ele>9.291</ele><time>2025-01-16T11:54:55Z</time><speed>6.330</speed><sat>25</sat></trkpt>
  <trkpt lat="10.76527658" lon="106.70480084"><ele>9.117</ele><time>2025-01-16T11:54:56Z</time><speed>6.410</speed><sat>25</sat></trkpt>
  <trkpt lat="10.76522307" lon="106.70482614"><ele>9.035</ele><time>2025-01-16T11:54:57Z</time><speed>6.610</speed><sat>25</sat></trkpt>
  <trkpt lat="10.76516939" lon="106.70485471"><ele>9.053</ele><time>2025-01-16T11:54:58Z</time><speed>6.730</speed><sat>25</sat></trkpt>
  <trkpt lat="10.76511318" lon="106.70487601"><ele>9.193</ele><time>2025-01-16T11:54:59Z</time><speed>6.760</speed><sat>25</sat></trkpt>
  <trkpt lat="10.76505842" lon="106.70490006"><ele>9.160</ele><time>2025-01-16T11:55:00Z</time><speed>6.590</speed><sat>24</sat></trkpt>
  <trkpt lat="10.76500372" lon="106.70492139"><ele>8.928</ele><time>2025-01-16T11:55:01Z</time><speed>6.680</speed><sat>24</sat></trkpt>
  <trkpt lat="10.76495067" lon="106.70494951"><ele>9.059</ele><time>2025-01-16T11:55:02Z</time><speed>6.680</speed><sat>17</sat></trkpt>
  <trkpt lat="10.76489523" lon="106.70497374"><ele>9.027</ele><time>2025-01-16T11:55:03Z</time><speed>6.680</speed><sat>17</sat></trkpt>
  <trkpt lat="10.76483883" lon="106.70500133"><ele>9.454</ele><time>2025-01-16T11:55:04Z</time><speed>6.720</speed><sat>17</sat></trkpt>
  <trkpt lat="10.76479614" lon="106.70503762"><ele>8.673</ele><time>2025-01-16T11:55:05Z</time><speed>6.460</speed><sat>13</sat></trkpt>
  <trkpt lat="10.76474501" lon="106.70506182"><ele>8.549</ele><time>2025-01-16T11:55:06Z</time><speed>6.400</speed><sat>13</sat></trkpt>
  <trkpt lat="10.76469738" lon="106.70509083"><ele>7.982</ele><time>2025-01-16T11:55:07Z</time><speed>6.340</speed><sat>15</sat></trkpt>
  <trkpt lat="10.76464323" lon="106.70511304"><ele>8.335</ele><time>2025-01-16T11:55:08Z</time><speed>6.170</speed><sat>15</sat></trkpt>
  <trkpt lat="10.76460125" lon="106.70514513"><ele>7.697</ele><time>2025-01-16T11:55:09Z</time><speed>5.560</speed><sat>13</sat></trkpt>
  <trkpt lat="10.76455708" lon="106.70516536"><ele>7.384</ele><time>2025-01-16T11:55:10Z</time><speed>5.400</speed><sat>18</sat></trkpt>
  <trkpt lat="10.76451451" lon="106.70518677"><ele>7.198</ele><time>2025-01-16T11:55:11Z</time><speed>5.030</speed><sat>13</sat></trkpt>
  <trkpt lat="10.76447554" lon="106.70520865"><ele>7.191</ele><time>2025-01-16T11:55:12Z</time><speed>4.510</speed><sat>14</sat></trkpt>
  <trkpt lat="10.76443856" lon="106.70522874"><ele>7.296</ele><time>2025-01-16T11:55:13Z</time><speed>4.630</speed><sat>14</sat></trkpt>
  <trkpt lat="10.76441555" lon="106.70524984"><ele>7.421</ele><time>2025-01-16T11:55:14Z</time><speed>3.790</speed><sat>11</sat></trkpt>
  <trkpt lat="10.76441583" lon="106.70525664"><ele>4.314</ele><time>2025-01-16T11:55:15Z</time><speed>3.890</speed><sat>14</sat></trkpt>
  <trkpt lat="10.76440122" lon="106.70528194"><ele>2.791</ele><time>2025-01-16T11:55:16Z</time><speed>4.350</speed><sat>15</sat></trkpt>
  <trkpt lat="10.76438169" lon="106.70532224"><ele>3.011</ele><time>2025-01-16T11:55:17Z</time><speed>5.090</speed><sat>13</sat></trkpt>
  <trkpt lat="10.76436988" lon="106.70535911"><ele>3.118</ele><time>2025-01-16T11:55:18Z</time><speed>4.830</speed><sat>14</sat></trkpt>
  <trkpt lat="10.76435982" lon="106.70540202"><ele>3.234</ele><time>2025-01-16T11:55:19Z</time><speed>4.820</speed><sat>14</sat></trkpt>
  <trkpt lat="10.76436385" lon="106.70543469"><ele>3.601</ele><time>2025-01-16T11:55:20Z</time><speed>5.250</speed><sat>14</sat></trkpt>
  <trkpt lat="10.76437918" lon="106.70548342"><ele>3.080</ele><time>2025-01-16T11:55:21Z</time><speed>5.560</speed><sat>16</sat></trkpt>
  <trkpt lat="10.76439950" lon="106.70552754"><ele>2.905</ele><time>2025-01-16T11:55:22Z</time><speed>5.840</speed><sat>15</sat></trkpt>
  <trkpt lat="10.76442015" lon="106.70558041"><ele>2.972</ele><time>2025-01-16T11:55:23Z</time><speed>6.230</speed><sat>16</sat></trkpt>
  <trkpt lat="10.76444237" lon="106.70563874"><ele>3.130</ele><time>2025-01-16T11:55:24Z</time><speed>6.580</speed><sat>15</sat></trkpt>
  <trkpt lat="10.76446721" lon="106.70569168"><ele>3.017</ele><time>2025-01-16T11:55:25Z</time><speed>6.640</speed><sat>16</sat></trkpt>
  <trkpt lat="10.76448698" lon="106.70574593"><ele>2.698</ele><time>2025-01-16T11:55:26Z</time><speed>6.650</speed><sat>16</sat></trkpt>
  <trkpt lat="10.76451153" lon="106.70580587"><ele>2.510</ele><time>2025-01-16T11:55:27Z</time><speed>6.820</speed><sat>17</sat></trkpt>
  <trkpt lat="10.76453474" lon="106.70586122"><ele>2.311</ele><time>2025-01-16T11:55:28Z</time><speed>6.770</speed><sat>16</sat></trkpt>
  <trkpt lat="10.76456314" lon="106.70591116"><ele>1.084</ele><time>2025-01-16T11:55:29Z</time><speed>6.630</speed><sat>16</sat></trkpt>
  <trkpt lat="10.76458452" lon="106.70597016"><ele>1.415</ele><time>2025-01-16T11:55:30Z</time><speed>6.720</speed><sat>19</sat></trkpt>
  <trkpt lat="10.76461070" lon="106.70601997"><ele>1.147</ele><time>2025-01-16T11:55:31Z</time><speed>6.410</speed><sat>17</sat></trkpt>
  <trkpt lat="10.76463879" lon="106.70607701"><ele>0.988</ele><time>2025-01-16T11:55:32Z</time><speed>6.300</speed><sat>15</sat></trkpt>
  <trkpt lat="10.76465408" lon="106.70613159"><ele>1.580</ele><time>2025-01-16T11:55:33Z</time><speed>5.950</speed><sat>18</sat></trkpt>
  <trkpt lat="10.76467390" lon="106.70618543"><ele>1.784</ele><time>2025-01-16T11:55:34Z</time><speed>5.870</speed><sat>16</sat></trkpt>
  <trkpt lat="10.76468984" lon="106.70623815"><ele>2.057</ele><time>2025-01-16T11:55:35Z</time><speed>5.920</speed><sat>15</sat></trkpt>
  <trkpt lat="10.76471077" lon="106.70628660"><ele>2.200</ele><time>2025-01-16T11:55:36Z</time><speed>5.870</speed><sat>15</sat></trkpt>
  <trkpt lat="10.76473119" lon="106.70633633"><ele>2.077</ele><time>2025-01-16T11:55:37Z</time><speed>5.740</speed><sat>14</sat></trkpt>
  <trkpt lat="10.76474871" lon="106.70638587"><ele>2.078</ele><time>2025-01-16T11:55:38Z</time><speed>5.740</speed><sat>16</sat></trkpt>
  <trkpt lat="10.76476553" lon="106.70642604"><ele>1.341</ele><time>2025-01-16T11:55:39Z</time><speed>5.190</speed><sat>16</sat></trkpt>
  <trkpt lat="10.76478461" lon="106.70647243"><ele>1.083</ele><time>2025-01-16T11:55:40Z</time><speed>4.890</speed><sat>15</sat></trkpt>
  <trkpt lat="10.76479921" lon="106.70651558"><ele>0.901</ele><time>2025-01-16T11:55:41Z</time><speed>4.730</speed><sat>17</sat></trkpt>
  <trkpt lat="10.76481442" lon="106.70655242"><ele>1.236</ele><time>2025-01-16T11:55:42Z</time><speed>3.720</speed><sat>14</sat></trkpt>
  <trkpt lat="10.76482699" lon="106.70658465"><ele>1.593</ele><time>2025-01-16T11:55:43Z</time><speed>3.260</speed><sat>15</sat></trkpt>
  <trkpt lat="10.76482903" lon="106.70661109"><ele>2.030</ele><time>2025-01-16T11:55:44Z</time><speed>2.910</speed><sat>17</sat></trkpt>
  <trkpt lat="10.76483669" lon="106.70663147"><ele>1.759</ele><time>2025-01-16T11:55:45Z</time><speed>2.450</speed><sat>15</sat></trkpt>
  <trkpt lat="10.76484454" lon="106.70664323"><ele>1.390</ele><time>2025-01-16T11:55:46Z</time><speed>1.760</speed><sat>16</sat></trkpt>
  <trkpt lat="10.76485024" lon="106.70665854"><ele>1.716</ele><time>2025-01-16T11:55:47Z</time><speed>1.340</speed><sat>14</sat></trkpt>
  <trkpt lat="10.76485683" lon="106.70666918"><ele>2.061</ele><time>2025-01-16T11:55:48Z</time><speed>0.880</speed><sat>15</sat></trkpt>
  <trkpt lat="10.76485718" lon="106.70667818"><ele>2.286</ele><time>2025-01-16T11:55:49Z</time><speed>0.780</speed><sat>13</sat></trkpt>
  <trkpt lat="10.76486010" lon="106.70668471"><ele>2.317</ele><time>2025-01-16T11:55:50Z</time><speed>0.780</speed><sat>13</sat></trkpt>
  <trkpt lat="10.76486251" lon="106.70668961"><ele>2.139</ele><time>2025-01-16T11:55:51Z</time><speed>0.670</speed><sat>12</sat></trkpt>
  <trkpt lat="10.76487398" lon="106.70669767"><ele>4.955</ele><time>2025-01-16T11:55:52Z</time><speed>0.430</speed><sat>14</sat></trkpt>
  <trkpt lat="10.76493583" lon="106.70676021"><ele>12.941</ele><time>2025-01-16T11:55:55.542Z</time><speed>0.270</speed></trkpt>
  <trkpt lat="10.76496988" lon="106.70667074"><ele>50.812</ele><time>2025-01-16T11:55:56.525Z</time><speed>0.000</speed><sat>12</sat></trkpt>
  <trkpt lat="10.76505937" lon="106.70673663"><ele>73.364</ele><time>2025-01-16T11:55:57.525Z</time><speed>0.000</speed><sat>15</sat></trkpt>
  <trkpt lat="10.76510700" lon="106.70669255"><ele>92.861</ele><time>2025-01-16T11:55:58.525Z</time><speed>0.000</speed><sat>19</sat></trkpt>
  <trkpt lat="10.76512812" lon="106.70669344"><ele>91.449</ele><time>2025-01-16T11:55:59.525Z</time><speed>0.000</speed><sat>19</sat></trkpt>
  <trkpt lat="10.76506243" lon="106.70672914"><ele>67.712</ele><time>2025-01-16T11:56:00.525Z</time><speed>0.000</speed><sat>20</sat></trkpt>
  <trkpt lat="10.76505807" lon="106.70674894"><ele>63.863</ele><time>2025-01-16T11:56:01.525Z</time><speed>0.000</speed><sat>21</sat></trkpt>
  <trkpt lat="10.76488981" lon="106.70641965"><ele>5.791</ele><time>2025-01-16T11:56:02Z</time><speed>1.570</speed><sat>21</sat></trkpt>
  <trkpt lat="10.76489346" lon="106.70646246"><ele>-0.346</ele><time>2025-01-16T11:56:04Z</time><speed>0.000</speed><sat>23</sat></trkpt>
  <trkpt lat="10.76489479" lon="106.70648641"><ele>-1.975</ele><time>2025-01-16T11:56:05Z</time><speed>0.000</speed><sat>23</sat></trkpt>
  <trkpt lat="10.76489654" lon="106.70650670"><ele>-2.369</ele><time>2025-01-16T11:56:06Z</time><speed>0.000</speed><sat>24</sat></trkpt>
  <trkpt lat="10.76489570" lon="106.70652313"><ele>-2.997</ele><time>2025-01-16T11:56:07Z</time><speed>0.000</speed><sat>24</sat></trkpt>
  <trkpt lat="10.76489047" lon="106.70653517"><ele>-4.078</ele><time>2025-01-16T11:56:08Z</time><speed>0.000</speed><sat>24</sat></trkpt>
  <trkpt lat="10.76488891" lon="106.70654299"><ele>-3.570</ele><time>2025-01-16T11:56:09Z</time><speed>0.000</speed><sat>24</sat></trkpt>
  <trkpt lat="10.76488638" lon="106.70654999"><ele>-4.045</ele><time>2025-01-16T11:56:10Z</time><speed>0.000</speed><sat>24</sat></trkpt>
  <trkpt lat="10.76488469" lon="106.70655685"><ele>-4.300</ele><time>2025-01-16T11:56:11Z</time><speed>0.000</speed><sat>24</sat></trkpt>
  <trkpt lat="10.76488215" lon="106.70656207"><ele>-4.379</ele><time>2025-01-16T11:56:12Z</time><speed>0.000</speed><sat>23</sat></trkpt>
  <trkpt lat="10.76488091" lon="106.70656872"><ele>-3.713</ele><time>2025-01-16T11:56:13Z</time><speed>0.000</speed><sat>24</sat></trkpt>
  <trkpt lat="10.76487978" lon="106.70657374"><ele>-3.227</ele><time>2025-01-16T11:56:14Z</time><speed>0.000</speed><sat>24</sat></trkpt>
  <trkpt lat="10.76487937" lon="106.70657771"><ele>-2.760</ele><time>2025-01-16T11:56:15Z</time><speed>0.000</speed><sat>24</sat></trkpt>
  <trkpt lat="10.76487926" lon="106.70658008"><ele>-2.705</ele><time>2025-01-16T11:56:16Z</time><speed>0.000</speed><sat>24</sat></trkpt>
  <trkpt lat="10.76487913" lon="106.70658145"><ele>-2.673</ele><time>2025-01-16T11:56:17Z</time><speed>0.000</speed><sat>25</sat></trkpt>
  <trkpt lat="10.76487681" lon="106.70657883"><ele>-3.737</ele><time>2025-01-16T11:56:18Z</time><speed>0.000</speed><sat>25</sat></trkpt>
  <trkpt lat="10.76487436" lon="106.70657565"><ele>-4.343</ele><time>2025-01-16T11:56:19Z</time><speed>0.000</speed><sat>24</sat></trkpt>
  <trkpt lat="10.76487182" lon="106.70657216"><ele>-4.952</ele><time>2025-01-16T11:56:20Z</time><speed>0.000</speed><sat>24</sat></trkpt>
  <trkpt lat="10.76486924" lon="106.70656854"><ele>-5.562</ele><time>2025-01-16T11:56:21Z</time><speed>0.000</speed><sat>24</sat></trkpt>
  <trkpt lat="10.76486667" lon="106.70656485"><ele>-6.159</ele><time>2025-01-16T11:56:22Z</time><speed>0.000</speed><sat>24</sat></trkpt>
  <trkpt lat="10.76486411" lon="106.70656114"><ele>-6.742</ele><time>2025-01-16T11:56:23Z</time><speed>0.000</speed><sat>24</sat></trkpt>
  <trkpt lat="10.76486280" lon="106.70655938"><ele>-6.732</ele><time>2025-01-16T11:56:24Z</time><speed>0.000</speed><sat>24</sat></trkpt>
  <trkpt lat="10.76486299" lon="106.70656262"><ele>-6.772</ele><time>2025-01-16T11:56:25Z</time><speed>0.440</speed><sat>24</sat></trkpt>
  <trkpt lat="10.76486598" lon="106.70657391"><ele>-6.518</ele><time>2025-01-16T11:56:26Z</time><speed>1.350</speed><sat>25</sat></trkpt>
  <trkpt lat="10.76487254" lon="106.70659265"><ele>-5.311</ele><time>2025-01-16T11:56:27Z</time><speed>2.120</speed><sat>24</sat></trkpt>
  <trkpt lat="10.76487949" lon="106.70661476"><ele>-5.093</ele><time>2025-01-16T11:56:28Z</time><speed>2.300</speed><sat>24</sat></trkpt>
  <trkpt lat="10.76488754" lon="106.70663934"><ele>-4.668</ele><time>2025-01-16T11:56:29Z</time><speed>2.760</speed><sat>25</sat></trkpt>
  <trkpt lat="10.76489775" lon="106.70666708"><ele>-4.065</ele><time>2025-01-16T11:56:30Z</time><speed>2.990</speed><sat>25</sat></trkpt>
  <trkpt lat="10.76490868" lon="106.70669549"><ele>-4.090</ele><time>2025-01-16T11:56:31Z</time><speed>2.900</speed><sat>26</sat></trkpt>
  <trkpt lat="10.76491874" lon="106.70672129"><ele>-4.140</ele><time>2025-01-16T11:56:32Z</time><speed>2.520</speed><sat>27</sat></trkpt>
  <trkpt lat="10.76492907" lon="106.70674772"><ele>-3.032</ele><time>2025-01-16T11:56:33Z</time><speed>2.800</speed><sat>27</sat></trkpt>
  <trkpt lat="10.76494055" lon="106.70677608"><ele>-2.634</ele><time>2025-01-16T11:56:34Z</time><speed>2.990</speed><sat>29</sat></trkpt>
  <trkpt lat="10.76495312" lon="106.70680594"><ele>-1.934</ele><time>2025-01-16T11:56:35Z</time><speed>3.050</speed><sat>28</sat></trkpt>
  <trkpt lat="10.76496434" lon="106.70683415"><ele>-1.869</ele><time>2025-01-16T11:56:36Z</time><speed>2.820</speed><sat>28</sat></trkpt>
  <trkpt lat="10.76497459" lon="106.70686079"><ele>-1.152</ele><time>2025-01-16T11:56:37Z</time><speed>2.570</speed><sat>15</sat></trkpt>
  <trkpt lat="10.76498287" lon="106.70688303"><ele>-1.082</ele><time>2025-01-16T11:56:38Z</time><speed>1.870</speed><sat>16</sat></trkpt>
  <trkpt lat="10.76498902" lon="106.70690020"><ele>-0.722</ele><time>2025-01-16T11:56:39Z</time><speed>1.340</speed><sat>16</sat></trkpt>
  <trkpt lat="10.76499307" lon="106.70691310"><ele>-0.492</ele><time>2025-01-16T11:56:40Z</time><speed>0.830</speed><sat>18</sat></trkpt>
  <trkpt lat="10.76499560" lon="106.70692523"><ele>0.047</ele><time>2025-01-16T11:56:41Z</time><speed>0.000</speed><sat>15</sat></trkpt>
  <trkpt lat="10.76499761" lon="106.70693263"><ele>0.682</ele><time>2025-01-16T11:56:42Z</time><speed>0.000</speed><sat>17</sat></trkpt>
  <trkpt lat="10.76499945" lon="106.70693910"><ele>1.564</ele><time>2025-01-16T11:56:43Z</time><speed>0.000</speed><sat>13</sat></trkpt>
  <trkpt lat="10.76499987" lon="106.70694261"><ele>1.494</ele><time>2025-01-16T11:56:44Z</time><speed>0.000</speed><sat>17</sat></trkpt>
  <trkpt lat="10.76500179" lon="106.70694563"><ele>2.043</ele><time>2025-01-16T11:56:45Z</time><speed>0.000</speed><sat>15</sat></trkpt>
  <trkpt lat="10.76500318" lon="106.70694832"><ele>2.312</ele><time>2025-01-16T11:56:46Z</time><speed>0.000</speed><sat>15</sat></trkpt>
  <trkpt lat="10.76500285" lon="106.70694906"><ele>2.073</ele><time>2025-01-16T11:56:47Z</time><speed>0.000</speed><sat>16</sat></trkpt>
  <trkpt lat="10.76500321" lon="106.70694996"><ele>2.510</ele><time>2025-01-16T11:56:48Z</time><speed>0.000</speed><sat>15</sat></trkpt>
  <trkpt lat="10.76500371" lon="106.70695074"><ele>2.586</ele><time>2025-01-16T11:56:49Z</time><speed>0.000</speed><sat>13</sat></trkpt>
  <trkpt lat="10.76500445" lon="106.70695179"><ele>2.703</ele><time>2025-01-16T11:56:50Z</time><speed>0.000</speed><sat>14</sat></trkpt>
  <trkpt lat="10.76500412" lon="106.70695249"><ele>2.554</ele><time>2025-01-16T11:56:51Z</time><speed>0.000</speed><sat>14</sat></trkpt>
  <trkpt lat="10.76500409" lon="106.70695276"><ele>2.592</ele><time>2025-01-16T11:56:52Z</time><speed>0.000</speed><sat>15</sat></trkpt>
  <trkpt lat="10.76500407" lon="106.70695296"><ele>2.632</ele><time>2025-01-16T11:56:53Z</time><speed>0.000</speed><sat>12</sat></trkpt>
  <trkpt lat="10.76500401" lon="106.70695309"><ele>2.643</ele><time>2025-01-16T11:56:54Z</time><speed>0.000</speed><sat>15</sat></trkpt>
  <trkpt lat="10.76500397" lon="106.70695318"><ele>2.644</ele><time>2025-01-16T11:56:55Z</time><speed>0.000</speed><sat>13</sat></trkpt>
  <trkpt lat="10.76500392" lon="106.70695324"><ele>2.643</ele><time>2025-01-16T11:56:56Z</time><speed>0.000</speed><sat>14</sat></trkpt>
  <trkpt lat="10.76500389" lon="106.70695330"><ele>2.646</ele><time>2025-01-16T11:56:57Z</time><speed>0.000</speed><sat>15</sat></trkpt>
  <trkpt lat="10.76500387" lon="106.70695335"><ele>2.649</ele><time>2025-01-16T11:56:58Z</time><speed>0.000</speed><sat>13</sat></trkpt>
  <trkpt lat="10.76500386" lon="106.70695339"><ele>2.651</ele><time>2025-01-16T11:56:59Z</time><speed>0.000</speed><sat>15</sat></trkpt>
  <trkpt lat="10.76500385" lon="106.70695342"><ele>2.652</ele><time>2025-01-16T11:57:00Z</time><speed>0.000</speed><sat>15</sat></trkpt>
  <trkpt lat="10.76500386" lon="106.70695345"><ele>2.657</ele><time>2025-01-16T11:57:01Z</time><speed>0.000</speed><sat>14</sat></trkpt>
  <trkpt lat="10.76500387" lon="106.70695348"><ele>2.661</ele><time>2025-01-16T11:57:02Z</time><speed>0.000</speed><sat>15</sat></trkpt>
  <trkpt lat="10.76500388" lon="106.70695353"><ele>2.668</ele><time>2025-01-16T11:57:03Z</time><speed>0.000</speed><sat>15</sat></trkpt>
  <trkpt lat="10.76500389" lon="106.70695357"><ele>2.672</ele><time>2025-01-16T11:57:04Z</time><speed>0.000</speed><sat>14</sat></trkpt>
  <trkpt lat="10.76500388" lon="106.70695360"><ele>2.678</ele><time>2025-01-16T11:57:05Z</time><speed>0.000</speed><sat>14</sat></trkpt>
  <trkpt lat="10.76500388" lon="106.70695363"><ele>2.679</ele><time>2025-01-16T11:57:06Z</time><speed>0.000</speed><sat>13</sat></trkpt>
  <trkpt lat="10.76500390" lon="106.70695367"><ele>2.694</ele><time>2025-01-16T11:57:07Z</time><speed>0.000</speed><sat>15</sat></trkpt>
  <trkpt lat="10.76500391" lon="106.70695372"><ele>2.699</ele><time>2025-01-16T11:57:08Z</time><speed>0.000</speed><sat>13</sat></trkpt>
  <trkpt lat="10.76500394" lon="106.70695375"><ele>2.707</ele><time>2025-01-16T11:57:09Z</time><speed>0.000</speed><sat>15</sat></trkpt>
  <trkpt lat="10.76500396" lon="106.70695378"><ele>2.717</ele><time>2025-01-16T11:57:10Z</time><speed>0.000</speed><sat>14</sat></trkpt>
  <trkpt lat="10.76500396" lon="106.70695381"><ele>2.722</ele><time>2025-01-16T11:57:11Z</time><speed>0.000</speed><sat>16</sat></trkpt>
  <trkpt lat="10.76500397" lon="106.70695385"><ele>2.740</ele><time>2025-01-16T11:57:12Z</time><speed>0.000</speed><sat>16</sat></trkpt>
  <trkpt lat="10.76500398" lon="106.70695389"><ele>2.753</ele><time>2025-01-16T11:57:13Z</time><speed>0.000</speed><sat>15</sat></trkpt>
  <trkpt lat="10.76500399" lon="106.70695392"><ele>2.757</ele><time>2025-01-16T11:57:14Z</time><speed>0.000</speed><sat>15</sat></trkpt>
  <trkpt lat="10.76500400" lon="106.70695397"><ele>2.770</ele><time>2025-01-16T11:57:15Z</time><speed>0.000</speed><sat>15</sat></trkpt>
  <trkpt lat="10.76500400" lon="106.70695399"><ele>2.770</ele><time>2025-01-16T11:57:16Z</time><speed>0.000</speed><sat>17</sat></trkpt>
  <trkpt lat="10.76500403" lon="106.70695404"><ele>2.790</ele><time>2025-01-16T11:57:17Z</time><speed>0.000</speed><sat>16</sat></trkpt>
  <trkpt lat="10.76500405" lon="106.70695406"><ele>2.796</ele><time>2025-01-16T11:57:18Z</time><speed>0.000</speed><sat>18</sat></trkpt>
  <trkpt lat="10.76500406" lon="106.70695411"><ele>2.813</ele><time>2025-01-16T11:57:19Z</time><speed>0.000</speed><sat>17</sat></trkpt>
  <trkpt lat="10.76500407" lon="106.70695416"><ele>2.823</ele><time>2025-01-16T11:57:20Z</time><speed>0.000</speed><sat>18</sat></trkpt>
  <trkpt lat="10.76500407" lon="106.70695420"><ele>2.825</ele><time>2025-01-16T11:57:21Z</time><speed>0.000</speed><sat>17</sat></trkpt>
  <trkpt lat="10.76500408" lon="106.70695424"><ele>2.831</ele><time>2025-01-16T11:57:22Z</time><speed>0.000</speed><sat>17</sat></trkpt>
  <trkpt lat="10.76500409" lon="106.70695427"><ele>2.833</ele><time>2025-01-16T11:57:23Z</time><speed>0.000</speed><sat>18</sat></trkpt>
  <trkpt lat="10.76500409" lon="106.70695428"><ele>2.831</ele><time>2025-01-16T11:57:24Z</time><speed>0.000</speed><sat>16</sat></trkpt>
  <trkpt lat="10.76500409" lon="106.70695430"><ele>2.832</ele><time>2025-01-16T11:57:25Z</time><speed>0.000</speed><sat>16</sat></trkpt>
  <trkpt lat="10.76500408" lon="106.70695431"><ele>2.830</ele><time>2025-01-16T11:57:26Z</time><speed>0.000</speed><sat>17</sat></trkpt>
  <trkpt lat="10.76500407" lon="106.70695431"><ele>2.830</ele><time>2025-01-16T11:57:27Z</time><speed>0.000</speed><sat>16</sat></trkpt>
  <trkpt lat="10.76500407" lon="106.70695432"><ele>2.830</ele><time>2025-01-16T11:57:28Z</time><speed>0.000</speed><sat>16</sat></trkpt>
  <trkpt lat="10.76500407" lon="106.70695432"><ele>2.828</ele><time>2025-01-16T11:57:29Z</time><speed>0.000</speed><sat>15</sat></trkpt>
  <trkpt lat="10.76500406" lon="106.70695432"><ele>2.828</ele><time>2025-01-16T11:57:30Z</time><speed>0.000</speed><sat>15</sat></trkpt>
  <trkpt lat="10.76500407" lon="106.70695432"><ele>2.828</ele><time>2025-01-16T11:57:31Z</time><speed>0.000</speed><sat>15</sat></trkpt>
  <trkpt lat="10.76500407" lon="106.70695433"><ele>2.829</ele><time>2025-01-16T11:57:32Z</time><speed>0.000</speed><sat>15</sat></trkpt>
  <trkpt lat="10.76500407" lon="106.70695435"><ele>2.830</ele><time>2025-01-16T11:57:33Z</time><speed>0.000</speed><sat>14</sat></trkpt>
  <trkpt lat="10.76500407" lon="106.70695436"><ele>2.830</ele><time>2025-01-16T11:57:34Z</time><speed>0.000</speed><sat>15</sat></trkpt>
  <trkpt lat="10.76500409" lon="106.70695436"><ele>2.828</ele><time>2025-01-16T11:57:35Z</time><speed>0.000</speed><sat>16</sat></trkpt>
  <trkpt lat="10.76500408" lon="106.70695436"><ele>2.824</ele><time>2025-01-16T11:57:36Z</time><speed>0.000</speed><sat>14</sat></trkpt>
  <trkpt lat="10.76500409" lon="106.70695437"><ele>2.826</ele><time>2025-01-16T11:57:37Z</time><speed>0.000</speed><sat>16</sat></trkpt>
  <trkpt lat="10.76500409" lon="106.70695438"><ele>2.831</ele><time>2025-01-16T11:57:38Z</time><speed>0.000</speed><sat>16</sat></trkpt>
  <trkpt lat="10.76500411" lon="106.70695439"><ele>2.831</ele><time>2025-01-16T11:57:39Z</time><speed>0.000</speed><sat>16</sat></trkpt>
  <trkpt lat="10.76500414" lon="106.70695442"><ele>2.844</ele><time>2025-01-16T11:57:40Z</time><speed>0.000</speed><sat>15</sat></trkpt>
  <trkpt lat="10.76500415" lon="106.70695445"><ele>2.844</ele><time>2025-01-16T11:57:41Z</time><speed>0.000</speed><sat>16</sat></trkpt>
  <trkpt lat="10.76500415" lon="106.70695447"><ele>2.846</ele><time>2025-01-16T11:57:42Z</time><speed>0.000</speed><sat>14</sat></trkpt>
  <trkpt lat="10.76500415" lon="106.70695448"><ele>2.844</ele><time>2025-01-16T11:57:43Z</time><speed>0.000</speed><sat>15</sat></trkpt>
  <trkpt lat="10.76500416" lon="106.70695450"><ele>2.844</ele><time>2025-01-16T11:57:44Z</time><speed>0.000</speed><sat>15</sat></trkpt>
  <trkpt lat="10.76500415" lon="106.70695450"><ele>2.845</ele><time>2025-01-16T11:57:45Z</time><speed>0.000</speed><sat>14</sat></trkpt>
  <trkpt lat="10.76500416" lon="106.70695449"><ele>2.843</ele><time>2025-01-16T11:57:46Z</time><speed>0.000</speed><sat>16</sat></trkpt>
  <trkpt lat="10.76500416" lon="106.70695450"><ele>2.845</ele><time>2025-01-16T11:57:47Z</time><speed>0.000</speed><sat>15</sat></trkpt>
  <trkpt lat="10.76500411" lon="106.70695439"><ele>2.812</ele><time>2025-01-16T11:57:48Z</time><speed>0.000</speed><sat>15</sat></trkpt>
  <trkpt lat="10.76500408" lon="106.70695434"><ele>2.813</ele><time>2025-01-16T11:57:49Z</time><speed>0.000</speed><sat>17</sat></trkpt>
  <trkpt lat="10.76500407" lon="106.70695431"><ele>2.815</ele><time>2025-01-16T11:57:50Z</time><speed>0.000</speed><sat>16</sat></trkpt>
  <trkpt lat="10.76500406" lon="106.70695431"><ele>2.815</ele><time>2025-01-16T11:57:51Z</time><speed>0.000</speed><sat>16</sat></trkpt>
  <trkpt lat="10.76500405" lon="106.70695432"><ele>2.815</ele><time>2025-01-16T11:57:52Z</time><speed>0.000</speed><sat>17</sat></trkpt>
  <trkpt lat="10.76500405" lon="106.70695434"><ele>2.821</ele><time>2025-01-16T11:57:53Z</time><speed>0.000</speed><sat>16</sat></trkpt>
  <trkpt lat="10.76500406" lon="106.70695435"><ele>2.818</ele><time>2025-01-16T11:57:54Z</time><speed>0.000</speed><sat>17</sat></trkpt>
  <trkpt lat="10.76500407" lon="106.70695437"><ele>2.819</ele><time>2025-01-16T11:57:55Z</time><speed>0.000</speed><sat>17</sat></trkpt>
  <trkpt lat="10.76500408" lon="106.70695440"><ele>2.828</ele><time>2025-01-16T11:57:56Z</time><speed>0.000</speed><sat>17</sat></trkpt>
  <trkpt lat="10.76500409" lon="106.70695444"><ele>2.831</ele><time>2025-01-16T11:57:57Z</time><speed>0.000</speed><sat>16</sat></trkpt>
  <trkpt lat="10.76500410" lon="106.70695446"><ele>2.833</ele><time>2025-01-16T11:57:58Z</time><speed>0.000</speed><sat>16</sat></trkpt>
  <trkpt lat="10.76500409" lon="106.70695448"><ele>2.834</ele><time>2025-01-16T11:57:59Z</time><speed>0.000</speed><sat>16</sat></trkpt>
  <trkpt lat="10.76500409" lon="106.70695449"><ele>2.836</ele><time>2025-01-16T11:58:00Z</time><speed>0.000</speed><sat>16</sat></trkpt>
  <trkpt lat="10.76500409" lon="106.70695450"><ele>2.839</ele><time>2025-01-16T11:58:01Z</time><speed>0.000</speed><sat>16</sat></trkpt>
  <trkpt lat="10.76500409" lon="106.70695453"><ele>2.843</ele><time>2025-01-16T11:58:02Z</time><speed>0.000</speed><sat>16</sat></trkpt>
  <trkpt lat="10.76500399" lon="106.70695458"><ele>2.820</ele><time>2025-01-16T11:58:03Z</time><speed>0.000</speed><sat>17</sat></trkpt>
  <trkpt lat="10.76500393" lon="106.70695460"><ele>2.820</ele><time>2025-01-16T11:58:04Z</time><speed>0.000</speed><sat>17</sat></trkpt>
  <trkpt lat="10.76500390" lon="106.70695462"><ele>2.818</ele><time>2025-01-16T11:58:05Z</time><speed>0.000</speed><sat>17</sat></trkpt>
  <trkpt lat="10.76500389" lon="106.70695463"><ele>2.820</ele><time>2025-01-16T11:58:06Z</time><speed>0.000</speed><sat>17</sat></trkpt>
  <trkpt lat="10.76500389" lon="106.70695465"><ele>2.819</ele><time>2025-01-16T11:58:07Z</time><speed>0.000</speed><sat>15</sat></trkpt>
  <trkpt lat="10.76500389" lon="106.70695467"><ele>2.820</ele><time>2025-01-16T11:58:08Z</time><speed>0.000</speed><sat>14</sat></trkpt>
  <trkpt lat="10.76500390" lon="106.70695470"><ele>2.820</ele><time>2025-01-16T11:58:09Z</time><speed>0.000</speed><sat>14</sat></trkpt>
  <trkpt lat="10.76500390" lon="106.70695472"><ele>2.825</ele><time>2025-01-16T11:58:10Z</time><speed>0.000</speed><sat>15</sat></trkpt>
  <trkpt lat="10.76500390" lon="106.70695475"><ele>2.826</ele><time>2025-01-16T11:58:11Z</time><speed>0.000</speed><sat>12</sat></trkpt>
  <trkpt lat="10.76500390" lon="106.70695477"><ele>2.827</ele><time>2025-01-16T11:58:12Z</time><speed>0.000</speed><sat>16</sat></trkpt>
  <trkpt lat="10.76500420" lon="106.70695509"><ele>2.963</ele><time>2025-01-16T11:58:13Z</time><speed>0.000</speed><sat>16</sat></trkpt>
  <trkpt lat="10.76500436" lon="106.70695525"><ele>2.968</ele><time>2025-01-16T11:58:14Z</time><speed>0.000</speed><sat>16</sat></trkpt>
  <trkpt lat="10.76500443" lon="106.70695533"><ele>2.969</ele><time>2025-01-16T11:58:15Z</time><speed>0.000</speed><sat>16</sat></trkpt>
  <trkpt lat="10.76500884" lon="106.70696910"><ele>3.559</ele><time>2025-01-16T11:58:16Z</time><speed>2.340</speed><sat>17</sat></trkpt>
  <trkpt lat="10.76501639" lon="106.70698964"><ele>1.460</ele><time>2025-01-16T11:58:17Z</time><speed>2.200</speed><sat>18</sat></trkpt>
  <trkpt lat="10.76502352" lon="106.70701004"><ele>0.800</ele><time>2025-01-16T11:58:18Z</time><speed>2.540</speed><sat>18</sat></trkpt>
  <trkpt lat="10.76503458" lon="106.70703231"><ele>1.729</ele><time>2025-01-16T11:58:19Z</time><speed>2.650</speed><sat>18</sat></trkpt>
  <trkpt lat="10.76504964" lon="106.70705508"><ele>1.133</ele><time>2025-01-16T11:58:20Z</time><speed>3.020</speed><sat>18</sat></trkpt>
  <trkpt lat="10.76506929" lon="106.70707747"><ele>-0.041</ele><time>2025-01-16T11:58:21Z</time><speed>3.190</speed><sat>15</sat></trkpt>
  <trkpt lat="10.76509406" lon="106.70709734"><ele>0.146</ele><time>2025-01-16T11:58:22Z</time><speed>3.630</speed><sat>17</sat></trkpt>
  <trkpt lat="10.76512461" lon="106.70711494"><ele>0.266</ele><time>2025-01-16T11:58:23Z</time><speed>3.910</speed><sat>19</sat></trkpt>
  <trkpt lat="10.76515955" lon="106.70712615"><ele>0.289</ele><time>2025-01-16T11:58:24Z</time><speed>3.960</speed><sat>17</sat></trkpt>
  <trkpt lat="10.76519624" lon="106.70713113"><ele>0.627</ele><time>2025-01-16T11:58:25Z</time><speed>4.030</speed><sat>20</sat></trkpt>
  <trkpt lat="10.76523653" lon="106.70713094"><ele>-0.061</ele><time>2025-01-16T11:58:26Z</time><speed>4.500</speed><sat>16</sat></trkpt>
  <trkpt lat="10.76529493" lon="106.70710713"><ele>1.205</ele><time>2025-01-16T11:58:27Z</time><speed>5.090</speed><sat>17</sat></trkpt>
  <trkpt lat="10.76534235" lon="106.70709732"><ele>2.313</ele><time>2025-01-16T11:58:28Z</time><speed>5.180</speed><sat>17</sat></trkpt>
  <trkpt lat="10.76538424" lon="106.70707841"><ele>2.568</ele><time>2025-01-16T11:58:29Z</time><speed>5.240</speed><sat>15</sat></trkpt>
  <trkpt lat="10.76542794" lon="106.70706054"><ele>2.586</ele><time>2025-01-16T11:58:30Z</time><speed>5.210</speed><sat>15</sat></trkpt>
  <trkpt lat="10.76547485" lon="106.70703331"><ele>3.163</ele><time>2025-01-16T11:58:31Z</time><speed>5.780</speed><sat>13</sat></trkpt>
  <trkpt lat="10.76552275" lon="106.70701088"><ele>2.907</ele><time>2025-01-16T11:58:32Z</time><speed>5.920</speed><sat>12</sat></trkpt>
  <trkpt lat="10.76557024" lon="106.70698670"><ele>2.666</ele><time>2025-01-16T11:58:33Z</time><speed>6.070</speed><sat>12</sat></trkpt>
  <trkpt lat="10.76562566" lon="106.70696567"><ele>2.047</ele><time>2025-01-16T11:58:34Z</time><speed>6.330</speed><sat>12</sat></trkpt>
  <trkpt lat="10.76567696" lon="106.70693280"><ele>2.540</ele><time>2025-01-16T11:58:35Z</time><speed>6.340</speed><sat>18</sat></trkpt>
  <trkpt lat="10.76572934" lon="106.70691757"><ele>3.603</ele><time>2025-01-16T11:58:36Z</time><speed>6.270</speed><sat>16</sat></trkpt>
  <trkpt lat="10.76578563" lon="106.70689287"><ele>3.999</ele><time>2025-01-16T11:58:37Z</time><speed>6.830</speed><sat>16</sat></trkpt>
  <trkpt lat="10.76583631" lon="106.70686814"><ele>4.047</ele><time>2025-01-16T11:58:38Z</time><speed>5.990</speed><sat>15</sat></trkpt>
  <trkpt lat="10.76589229" lon="106.70684528"><ele>4.680</ele><time>2025-01-16T11:58:39Z</time><speed>7.040</speed><sat>16</sat></trkpt>
  <trkpt lat="10.76593998" lon="106.70680520"><ele>4.319</ele><time>2025-01-16T11:58:40Z</time><speed>6.420</speed><sat>17</sat></trkpt>
  <trkpt lat="10.76599588" lon="106.70678219"><ele>4.693</ele><time>2025-01-16T11:58:41Z</time><speed>6.770</speed><sat>15</sat></trkpt>
  <trkpt lat="10.76605142" lon="106.70676301"><ele>5.946</ele><time>2025-01-16T11:58:42Z</time><speed>6.530</speed><sat>17</sat></trkpt>
  <trkpt lat="10.76610287" lon="106.70674300"><ele>7.188</ele><time>2025-01-16T11:58:43Z</time><speed>6.660</speed><sat>15</sat></trkpt>
  <trkpt lat="10.76615747" lon="106.70671936"><ele>7.206</ele><time>2025-01-16T11:58:44Z</time><speed>6.570</speed><sat>15</sat></trkpt>
  <trkpt lat="10.76620670" lon="106.70669425"><ele>6.596</ele><time>2025-01-16T11:58:45Z</time><speed>6.240</speed><sat>13</sat></trkpt>
  <trkpt lat="10.76625385" lon="106.70666900"><ele>6.556</ele><time>2025-01-16T11:58:46Z</time><speed>6.340</speed><sat>13</sat></trkpt>
  <trkpt lat="10.76631231" lon="106.70664559"><ele>6.862</ele><time>2025-01-16T11:58:47Z</time><speed>6.700</speed><sat>14</sat></trkpt>
  <trkpt lat="10.76635443" lon="106.70660784"><ele>7.498</ele><time>2025-01-16T11:58:48Z</time><speed>5.840</speed><sat>14</sat></trkpt>
  <trkpt lat="10.76640367" lon="106.70658417"><ele>7.394</ele><time>2025-01-16T11:58:49Z</time><speed>6.000</speed><sat>14</sat></trkpt>
  <trkpt lat="10.76645734" lon="106.70656600"><ele>8.239</ele><time>2025-01-16T11:58:50Z</time><speed>5.820</speed><sat>16</sat></trkpt>
  <trkpt lat="10.76650862" lon="106.70654180"><ele>8.304</ele><time>2025-01-16T11:58:51Z</time><speed>5.920</speed><sat>15</sat></trkpt>
  <trkpt lat="10.76655845" lon="106.70652447"><ele>8.436</ele><time>2025-01-16T11:58:52Z</time><speed>5.260</speed><sat>19</sat></trkpt>
  <trkpt lat="10.76660289" lon="106.70650622"><ele>7.898</ele><time>2025-01-16T11:58:53Z</time><speed>5.050</speed><sat>19</sat></trkpt>
  <trkpt lat="10.76664535" lon="106.70648725"><ele>7.802</ele><time>2025-01-16T11:58:54Z</time><speed>5.120</speed><sat>19</sat></trkpt>
  <trkpt lat="10.76669256" lon="106.70645642"><ele>7.516</ele><time>2025-01-16T11:58:55Z</time><speed>5.510</speed><sat>17</sat></trkpt>
  <trkpt lat="10.76673865" lon="106.70644174"><ele>7.755</ele><time>2025-01-16T11:58:56Z</time><speed>5.890</speed><sat>16</sat></trkpt>
  <trkpt lat="10.76678836" lon="106.70641974"><ele>7.932</ele><time>2025-01-16T11:58:57Z</time><speed>6.330</speed><sat>25</sat></trkpt>
  <trkpt lat="10.76684334" lon="106.70640710"><ele>7.200</ele><time>2025-01-16T11:58:58Z</time><speed>6.100</speed><sat>26</sat></trkpt>
  <trkpt lat="10.76689404" lon="106.70638889"><ele>7.315</ele><time>2025-01-16T11:58:59Z</time><speed>6.140</speed><sat>27</sat></trkpt>
  <trkpt lat="10.76694369" lon="106.70636339"><ele>7.703</ele><time>2025-01-16T11:59:00Z</time><speed>6.310</speed><sat>26</sat></trkpt>
  <trkpt lat="10.76699033" lon="106.70634220"><ele>6.745</ele><time>2025-01-16T11:59:01Z</time><speed>6.280</speed><sat>18</sat></trkpt>
  <trkpt lat="10.76705326" lon="106.70631540"><ele>7.158</ele><time>2025-01-16T11:59:02Z</time><speed>6.180</speed><sat>18</sat></trkpt>
  <trkpt lat="10.76710425" lon="106.70628894"><ele>6.841</ele><time>2025-01-16T11:59:03Z</time><speed>6.210</speed><sat>16</sat></trkpt>
  <trkpt lat="10.76714953" lon="106.70626057"><ele>6.797</ele><time>2025-01-16T11:59:04Z</time><speed>6.250</speed><sat>18</sat></trkpt>
  <trkpt lat="10.76720454" lon="106.70623370"><ele>6.654</ele><time>2025-01-16T11:59:05Z</time><speed>6.370</speed><sat>15</sat></trkpt>
  <trkpt lat="10.76724950" lon="106.70620495"><ele>6.499</ele><time>2025-01-16T11:59:06Z</time><speed>6.180</speed><sat>18</sat></trkpt>
  <trkpt lat="10.76730654" lon="106.70617296"><ele>7.678</ele><time>2025-01-16T11:59:07Z</time><speed>6.570</speed><sat>19</sat></trkpt>
  <trkpt lat="10.76736087" lon="106.70613657"><ele>8.614</ele><time>2025-01-16T11:59:08Z</time><speed>6.570</speed><sat>19</sat></trkpt>
  <trkpt lat="10.76741494" lon="106.70610335"><ele>8.412</ele><time>2025-01-16T11:59:09Z</time><speed>6.580</speed><sat>18</sat></trkpt>
  <trkpt lat="10.76745355" lon="106.70607566"><ele>7.525</ele><time>2025-01-16T11:59:10Z</time><speed>6.620</speed><sat>19</sat></trkpt>
  <trkpt lat="10.76750459" lon="106.70604763"><ele>7.134</ele><time>2025-01-16T11:59:11Z</time><speed>6.720</speed><sat>15</sat></trkpt>
  <trkpt lat="10.76755380" lon="106.70601858"><ele>7.427</ele><time>2025-01-16T11:59:12Z</time><speed>6.690</speed><sat>19</sat></trkpt>
  <trkpt lat="10.76760719" lon="106.70598880"><ele>7.822</ele><time>2025-01-16T11:59:13Z</time><speed>6.720</speed><sat>19</sat></trkpt>
  <trkpt lat="10.76765790" lon="106.70595841"><ele>7.349</ele><time>2025-01-16T11:59:14Z</time><speed>6.260</speed><sat>19</sat></trkpt>
  <trkpt lat="10.76770772" lon="106.70592659"><ele>7.414</ele><time>2025-01-16T11:59:15Z</time><speed>6.520</speed><sat>18</sat></trkpt>
  <trkpt lat="10.76775814" lon="106.70589320"><ele>8.012</ele><time>2025-01-16T11:59:16Z</time><speed>6.720</speed><sat>19</sat></trkpt>
  <trkpt lat="10.76780904" lon="106.70586390"><ele>8.173</ele><time>2025-01-16T11:59:17Z</time><speed>6.430</speed><sat>18</sat></trkpt>
  <trkpt lat="10.76785898" lon="106.70583166"><ele>8.274</ele><time>2025-01-16T11:59:18Z</time><speed>6.510</speed><sat>17</sat></trkpt>
  <trkpt lat="10.76791316" lon="106.70580477"><ele>7.904</ele><time>2025-01-16T11:59:19Z</time><speed>6.350</speed><sat>17</sat></trkpt>
  <trkpt lat="10.76796447" lon="106.70577906"><ele>8.074</ele><time>2025-01-16T11:59:20Z</time><speed>6.130</speed><sat>17</sat></trkpt>
  <trkpt lat="10.76801324" lon="106.70575900"><ele>8.615</ele><time>2025-01-16T11:59:21Z</time><speed>5.940</speed><sat>15</sat></trkpt>
  <trkpt lat="10.76806258" lon="106.70574026"><ele>8.208</ele><time>2025-01-16T11:59:22Z</time><speed>5.980</speed><sat>15</sat></trkpt>
  <trkpt lat="10.76811288" lon="106.70571790"><ele>8.250</ele><time>2025-01-16T11:59:23Z</time><speed>6.120</speed><sat>16</sat></trkpt>
  <trkpt lat="10.76816267" lon="106.70569776"><ele>8.400</ele><time>2025-01-16T11:59:24Z</time><speed>6.170</speed><sat>18</sat></trkpt>
  <trkpt lat="10.76821478" lon="106.70568607"><ele>8.259</ele><time>2025-01-16T11:59:25Z</time><speed>6.410</speed><sat>16</sat></trkpt>
  <trkpt lat="10.76827399" lon="106.70567115"><ele>8.377</ele><time>2025-01-16T11:59:26Z</time><speed>6.580</speed><sat>18</sat></trkpt>
  <trkpt lat="10.76832828" lon="106.70565777"><ele>8.582</ele><time>2025-01-16T11:59:27Z</time><speed>6.490</speed><sat>16</sat></trkpt>
  <trkpt lat="10.76838403" lon="106.70564818"><ele>9.391</ele><time>2025-01-16T11:59:28Z</time><speed>6.600</speed><sat>18</sat></trkpt>
  <trkpt lat="10.76844342" lon="106.70564176"><ele>8.932</ele><time>2025-01-16T11:59:29Z</time><speed>6.280</speed><sat>17</sat></trkpt>
  <trkpt lat="10.76849713" lon="106.70563423"><ele>9.095</ele><time>2025-01-16T11:59:30Z</time><speed>6.080</speed><sat>18</sat></trkpt>
  <trkpt lat="10.76855479" lon="106.70563484"><ele>9.778</ele><time>2025-01-16T11:59:31Z</time><speed>6.420</speed><sat>17</sat></trkpt>
  <trkpt lat="10.76861260" lon="106.70563545"><ele>10.051</ele><time>2025-01-16T11:59:32Z</time><speed>6.430</speed><sat>18</sat></trkpt>
  <trkpt lat="10.76865842" lon="106.70564402"><ele>8.636</ele><time>2025-01-16T11:59:33Z</time><speed>6.400</speed><sat>21</sat></trkpt>
  <trkpt lat="10.76871490" lon="106.70564212"><ele>9.128</ele><time>2025-01-16T11:59:34Z</time><speed>6.390</speed><sat>21</sat></trkpt>
  <trkpt lat="10.76877246" lon="106.70564102"><ele>9.184</ele><time>2025-01-16T11:59:35Z</time><speed>6.380</speed><sat>21</sat></trkpt>
  <trkpt lat="10.76883037" lon="106.70563755"><ele>8.521</ele><time>2025-01-16T11:59:36Z</time><speed>6.250</speed><sat>19</sat></trkpt>
  <trkpt lat="10.76888627" lon="106.70564852"><ele>9.144</ele><time>2025-01-16T11:59:37Z</time><speed>6.220</speed><sat>18</sat></trkpt>
  <trkpt lat="10.76895217" lon="106.70565779"><ele>9.587</ele><time>2025-01-16T11:59:38Z</time><speed>6.240</speed><sat>19</sat></trkpt>
  <trkpt lat="10.76900767" lon="106.70566580"><ele>10.145</ele><time>2025-01-16T11:59:39Z</time><speed>5.760</speed><sat>18</sat></trkpt>
  <trkpt lat="10.76906303" lon="106.70568124"><ele>10.017</ele><time>2025-01-16T11:59:40Z</time><speed>6.380</speed><sat>18</sat></trkpt>
  <trkpt lat="10.76912130" lon="106.70570222"><ele>9.770</ele><time>2025-01-16T11:59:41Z</time><speed>6.570</speed><sat>19</sat></trkpt>
  <trkpt lat="10.76917178" lon="106.70572616"><ele>9.601</ele><time>2025-01-16T11:59:42Z</time><speed>6.360</speed><sat>20</sat></trkpt>
  <trkpt lat="10.76922934" lon="106.70574330"><ele>9.153</ele><time>2025-01-16T11:59:43Z</time><speed>6.320</speed><sat>19</sat></trkpt>
  <trkpt lat="10.76928262" lon="106.70577246"><ele>8.881</ele><time>2025-01-16T11:59:44Z</time><speed>6.580</speed><sat>15</sat></trkpt>
  <trkpt lat="10.76933664" lon="106.70579656"><ele>8.984</ele><time>2025-01-16T11:59:45Z</time><speed>6.530</speed><sat>15</sat></trkpt>
  <trkpt lat="10.76938585" lon="106.70583399"><ele>10.102</ele><time>2025-01-16T11:59:46Z</time><speed>6.180</speed><sat>19</sat></trkpt>
  <trkpt lat="10.76943358" lon="106.70586009"><ele>11.072</ele><time>2025-01-16T11:59:47Z</time><speed>5.940</speed><sat>19</sat></trkpt>
  <trkpt lat="10.76947227" lon="106.70586811"><ele>11.156</ele><time>2025-01-16T11:59:48Z</time><speed>5.380</speed><sat>20</sat></trkpt>
  <trkpt lat="10.76952105" lon="106.70589675"><ele>10.937</ele><time>2025-01-16T11:59:49Z</time><speed>6.390</speed><sat>21</sat></trkpt>
  <trkpt lat="10.76956694" lon="106.70591913"><ele>11.424</ele><time>2025-01-16T11:59:50Z</time><speed>6.180</speed><sat>20</sat></trkpt>
  <trkpt lat="10.76962394" lon="106.70593889"><ele>12.841</ele><time>2025-01-16T11:59:51Z</time><speed>6.300</speed><sat>20</sat></trkpt>
  <trkpt lat="10.76968057" lon="106.70596406"><ele>12.458</ele><time>2025-01-16T11:59:52Z</time><speed>6.310</speed><sat>20</sat></trkpt>
  <trkpt lat="10.76973269" lon="106.70597868"><ele>12.091</ele><time>2025-01-16T11:59:53Z</time><speed>6.300</speed><sat>16</sat></trkpt>
  <trkpt lat="10.76977249" lon="106.70600670"><ele>10.519</ele><time>2025-01-16T11:59:54Z</time><speed>6.540</speed><sat>18</sat></trkpt>
  <trkpt lat="10.76982595" lon="106.70603126"><ele>10.357</ele><time>2025-01-16T11:59:55Z</time><speed>6.490</speed><sat>18</sat></trkpt>
  <trkpt lat="10.76987081" lon="106.70604740"><ele>9.124</ele><time>2025-01-16T11:59:56Z</time><speed>4.470</speed><sat>15</sat></trkpt>
  <trkpt lat="10.76992146" lon="106.70606644"><ele>8.603</ele><time>2025-01-16T11:59:57Z</time><speed>6.770</speed><sat>20</sat></trkpt>
  <trkpt lat="10.76998111" lon="106.70608474"><ele>8.499</ele><time>2025-01-16T11:59:58Z</time><speed>6.780</speed><sat>21</sat></trkpt>
  <trkpt lat="10.77004108" lon="106.70610133"><ele>7.346</ele><time>2025-01-16T11:59:59Z</time><speed>6.870</speed><sat>19</sat></trkpt>
  <trkpt lat="10.77009921" lon="106.70611854"><ele>6.810</ele><time>2025-01-16T12:00:00Z</time><speed>6.620</speed><sat>20</sat></trkpt>
  <trkpt lat="10.77016176" lon="106.70614382"><ele>6.567</ele><time>2025-01-16T12:00:01Z</time><speed>6.990</speed><sat>16</sat></trkpt>
  <trkpt lat="10.77022107" lon="106.70616415"><ele>6.310</ele><time>2025-01-16T12:00:02Z</time><speed>6.930</speed><sat>16</sat></trkpt>
  <trkpt lat="10.77028729" lon="106.70617808"><ele>6.707</ele><time>2025-01-16T12:00:03Z</time><speed>7.860</speed><sat>15</sat></trkpt>
  <trkpt lat="10.77034909" lon="106.70619858"><ele>6.713</ele><time>2025-01-16T12:00:04Z</time><speed>7.020</speed><sat>18</sat></trkpt>
  <trkpt lat="10.77041438" lon="106.70621264"><ele>7.056</ele><time>2025-01-16T12:00:05Z</time><speed>6.690</speed><sat>19</sat></trkpt>
  <trkpt lat="10.77047864" lon="106.70622272"><ele>8.975</ele><time>2025-01-16T12:00:06Z</time><speed>6.570</speed><sat>18</sat></trkpt>
  <trkpt lat="10.77053866" lon="106.70623708"><ele>9.052</ele><time>2025-01-16T12:00:07Z</time><speed>6.240</speed><sat>19</sat></trkpt>
  <trkpt lat="10.77059927" lon="106.70624869"><ele>9.098</ele><time>2025-01-16T12:00:08Z</time><speed>6.010</speed><sat>19</sat></trkpt>
  <trkpt lat="10.77065444" lon="106.70626285"><ele>8.787</ele><time>2025-01-16T12:00:09Z</time><speed>5.630</speed><sat>19</sat></trkpt>
  <trkpt lat="10.77070621" lon="106.70627051"><ele>9.433</ele><time>2025-01-16T12:00:10Z</time><speed>5.360</speed><sat>15</sat></trkpt>
  <trkpt lat="10.77074755" lon="106.70627467"><ele>9.586</ele><time>2025-01-16T12:00:11Z</time><speed>5.030</speed><sat>18</sat></trkpt>
  <trkpt lat="10.77079119" lon="106.70628128"><ele>9.408</ele><time>2025-01-16T12:00:12Z</time><speed>4.670</speed><sat>18</sat></trkpt>
  <trkpt lat="10.77083017" lon="106.70628620"><ele>9.851</ele><time>2025-01-16T12:00:13Z</time><speed>4.480</speed><sat>17</sat></trkpt>
  <trkpt lat="10.77086627" lon="106.70629766"><ele>9.902</ele><time>2025-01-16T12:00:14Z</time><speed>3.810</speed><sat>15</sat></trkpt>
  <trkpt lat="10.77089950" lon="106.70630149"><ele>10.158</ele><time>2025-01-16T12:00:15Z</time><speed>3.740</speed><sat>18</sat></trkpt>
  <trkpt lat="10.77092753" lon="106.70630792"><ele>10.459</ele><time>2025-01-16T12:00:16Z</time><speed>2.910</speed><sat>18</sat></trkpt>
  <trkpt lat="10.77095045" lon="106.70631791"><ele>10.176</ele><time>2025-01-16T12:00:17Z</time><speed>3.020</speed><sat>17</sat></trkpt>
  <trkpt lat="10.77097473" lon="106.70632362"><ele>9.876</ele><time>2025-01-16T12:00:18Z</time><speed>2.630</speed><sat>17</sat></trkpt>
  <trkpt lat="10.77099501" lon="106.70632414"><ele>10.075</ele><time>2025-01-16T12:00:19Z</time><speed>2.510</speed><sat>16</sat></trkpt>
  <trkpt lat="10.77101978" lon="106.70632310"><ele>9.366</ele><time>2025-01-16T12:00:20Z</time><speed>2.300</speed><sat>16</sat></trkpt>
  <trkpt lat="10.77103941" lon="106.70632798"><ele>9.887</ele><time>2025-01-16T12:00:21Z</time><speed>2.440</speed><sat>15</sat></trkpt>
  <trkpt lat="10.77106079" lon="106.70633193"><ele>10.053</ele><time>2025-01-16T12:00:22Z</time><speed>2.320</speed><sat>16</sat></trkpt>
  <trkpt lat="10.77108112" lon="106.70633437"><ele>10.303</ele><time>2025-01-16T12:00:23Z</time><speed>2.100</speed><sat>15</sat></trkpt>
  <trkpt lat="10.77110051" lon="106.70633566"><ele>9.766</ele><time>2025-01-16T12:00:24Z</time><speed>2.100</speed><sat>16</sat></trkpt>
  <trkpt lat="10.77111881" lon="106.70633869"><ele>10.016</ele><time>2025-01-16T12:00:25Z</time><speed>1.860</speed><sat>16</sat></trkpt>
  <trkpt lat="10.77113431" lon="106.70634106"><ele>10.431</ele><time>2025-01-16T12:00:26Z</time><speed>1.600</speed><sat>17</sat></trkpt>
  <trkpt lat="10.77114503" lon="106.70634237"><ele>10.627</ele><time>2025-01-16T12:00:27Z</time><speed>0.970</speed><sat>15</sat></trkpt>
  <trkpt lat="10.77115190" lon="106.70634427"><ele>9.969</ele><time>2025-01-16T12:00:28Z</time><speed>0.660</speed><sat>17</sat></trkpt>
  <trkpt lat="10.77115845" lon="106.70634680"><ele>10.206</ele><time>2025-01-16T12:00:29Z</time><speed>0.880</speed><sat>17</sat></trkpt>
  <trkpt lat="10.77116839" lon="106.70634954"><ele>10.394</ele><time>2025-01-16T12:00:30Z</time><speed>1.340</speed><sat>18</sat></trkpt>
  <trkpt lat="10.77118148" lon="106.70635289"><ele>10.276</ele><time>2025-01-16T12:00:31Z</time><speed>1.540</speed><sat>17</sat></trkpt>
  <trkpt lat="10.77119631" lon="106.70635573"><ele>9.516</ele><time>2025-01-16T12:00:32Z</time><speed>1.780</speed><sat>16</sat></trkpt>
  <trkpt lat="10.77121363" lon="106.70635750"><ele>9.484</ele><time>2025-01-16T12:00:33Z</time><speed>1.930</speed><sat>18</sat></trkpt>
  <trkpt lat="10.77123190" lon="106.70636077"><ele>9.381</ele><time>2025-01-16T12:00:34Z</time><speed>2.040</speed><sat>23</sat></trkpt>
  <trkpt lat="10.77125231" lon="106.70636402"><ele>9.434</ele><time>2025-01-16T12:00:35Z</time><speed>2.420</speed><sat>25</sat></trkpt>
  <trkpt lat="10.77127582" lon="106.70636794"><ele>9.395</ele><time>2025-01-16T12:00:36Z</time><speed>2.610</speed><sat>26</sat></trkpt>
  <trkpt lat="10.77129974" lon="106.70637164"><ele>9.623</ele><time>2025-01-16T12:00:37Z</time><speed>2.630</speed><sat>28</sat></trkpt>
  <trkpt lat="10.77132383" lon="106.70637425"><ele>9.964</ele><time>2025-01-16T12:00:38Z</time><speed>2.840</speed><sat>28</sat></trkpt>
  <trkpt lat="10.77134821" lon="106.70637626"><ele>9.639</ele><time>2025-01-16T12:00:39Z</time><speed>2.840</speed><sat>28</sat></trkpt>
  <trkpt lat="10.77137199" lon="106.70637750"><ele>9.319</ele><time>2025-01-16T12:00:40Z</time><speed>2.820</speed><sat>28</sat></trkpt>
  <trkpt lat="10.77139584" lon="106.70637914"><ele>9.006</ele><time>2025-01-16T12:00:41Z</time><speed>2.830</speed><sat>28</sat></trkpt>
  <trkpt lat="10.77142103" lon="106.70638143"><ele>8.680</ele><time>2025-01-16T12:00:42Z</time><speed>2.900</speed><sat>28</sat></trkpt>
  <trkpt lat="10.77144615" lon="106.70638401"><ele>8.315</ele><time>2025-01-16T12:00:43Z</time><speed>2.830</speed><sat>28</sat></trkpt>
  <trkpt lat="10.77146935" lon="106.70638580"><ele>8.154</ele><time>2025-01-16T12:00:44Z</time><speed>2.730</speed><sat>29</sat></trkpt>
  <trkpt lat="10.77149131" lon="106.70638800"><ele>8.573</ele><time>2025-01-16T12:00:45Z</time><speed>2.450</speed><sat>29</sat></trkpt>
  <trkpt lat="10.77151036" lon="106.70639019"><ele>8.681</ele><time>2025-01-16T12:00:46Z</time><speed>2.000</speed><sat>30</sat></trkpt>
  <trkpt lat="10.77152837" lon="106.70639278"><ele>9.403</ele><time>2025-01-16T12:00:47Z</time><speed>1.930</speed><sat>30</sat></trkpt>
  <trkpt lat="10.77154666" lon="106.70639568"><ele>9.863</ele><time>2025-01-16T12:00:48Z</time><speed>1.980</speed><sat>31</sat></trkpt>
  <trkpt lat="10.77156625" lon="106.70639776"><ele>9.952</ele><time>2025-01-16T12:00:49Z</time><speed>2.280</speed><sat>30</sat></trkpt>
  <trkpt lat="10.77158696" lon="106.70639968"><ele>9.977</ele><time>2025-01-16T12:00:50Z</time><speed>2.280</speed><sat>20</sat></trkpt>
  <trkpt lat="10.77160651" lon="106.70639968"><ele>8.474</ele><time>2025-01-16T12:00:51Z</time><speed>2.470</speed><sat>18</sat></trkpt>
  <trkpt lat="10.77162715" lon="106.70640050"><ele>8.452</ele><time>2025-01-16T12:00:52Z</time><speed>2.450</speed><sat>18</sat></trkpt>
  <trkpt lat="10.77164654" lon="106.70640136"><ele>8.340</ele><time>2025-01-16T12:00:53Z</time><speed>2.270</speed><sat>21</sat></trkpt>
  <trkpt lat="10.77166738" lon="106.70640188"><ele>8.446</ele><time>2025-01-16T12:00:54Z</time><speed>2.510</speed><sat>25</sat></trkpt>
  <trkpt lat="10.77168973" lon="106.70640077"><ele>7.431</ele><time>2025-01-16T12:00:55Z</time><speed>2.650</speed><sat>27</sat></trkpt>
  <trkpt lat="10.77171126" lon="106.70640060"><ele>7.663</ele><time>2025-01-16T12:00:56Z</time><speed>2.410</speed><sat>27</sat></trkpt>
  <trkpt lat="10.77173170" lon="106.70640147"><ele>8.171</ele><time>2025-01-16T12:00:57Z</time><speed>2.290</speed><sat>27</sat></trkpt>
  <trkpt lat="10.77174919" lon="106.70640220"><ele>8.760</ele><time>2025-01-16T12:00:58Z</time><speed>1.740</speed><sat>28</sat></trkpt>
  <trkpt lat="10.77176342" lon="106.70640283"><ele>8.901</ele><time>2025-01-16T12:00:59Z</time><speed>1.470</speed><sat>28</sat></trkpt>
  <trkpt lat="10.77177348" lon="106.70640414"><ele>9.391</ele><time>2025-01-16T12:01:00Z</time><speed>0.970</speed><sat>19</sat></trkpt>
  <trkpt lat="10.77178352" lon="106.70640525"><ele>9.831</ele><time>2025-01-16T12:01:01Z</time><speed>1.140</speed><sat>17</sat></trkpt>
  <trkpt lat="10.77179675" lon="106.70640753"><ele>9.328</ele><time>2025-01-16T12:01:02Z</time><speed>1.510</speed><sat>15</sat></trkpt>
  <trkpt lat="10.77181360" lon="106.70641011"><ele>9.954</ele><time>2025-01-16T12:01:03Z</time><speed>1.830</speed><sat>16</sat></trkpt>
  <trkpt lat="10.77183281" lon="106.70641171"><ele>9.725</ele><time>2025-01-16T12:01:04Z</time><speed>2.160</speed><sat>17</sat></trkpt>
  <trkpt lat="10.77185382" lon="106.70641275"><ele>9.995</ele><time>2025-01-16T12:01:05Z</time><speed>2.120</speed><sat>16</sat></trkpt>
  <trkpt lat="10.77187252" lon="106.70641196"><ele>10.591</ele><time>2025-01-16T12:01:06Z</time><speed>2.130</speed><sat>17</sat></trkpt>
  <trkpt lat="10.77188975" lon="106.70641118"><ele>10.514</ele><time>2025-01-16T12:01:07Z</time><speed>1.660</speed><sat>13</sat></trkpt>
  <trkpt lat="10.77190395" lon="106.70641090"><ele>10.307</ele><time>2025-01-16T12:01:08Z</time><speed>1.540</speed><sat>13</sat></trkpt>
  <trkpt lat="10.77191664" lon="106.70641298"><ele>8.912</ele><time>2025-01-16T12:01:09Z</time><speed>1.710</speed><sat>15</sat></trkpt>
  <trkpt lat="10.77193047" lon="106.70641468"><ele>9.291</ele><time>2025-01-16T12:01:10Z</time><speed>1.700</speed><sat>15</sat></trkpt>
  <trkpt lat="10.77194420" lon="106.70641818"><ele>9.787</ele><time>2025-01-16T12:01:11Z</time><speed>1.680</speed><sat>12</sat></trkpt>
  <trkpt lat="10.77195878" lon="106.70642047"><ele>9.447</ele><time>2025-01-16T12:01:12Z</time><speed>1.670</speed><sat>15</sat></trkpt>
  <trkpt lat="10.77197297" lon="106.70642253"><ele>9.723</ele><time>2025-01-16T12:01:13Z</time><speed>1.580</speed><sat>14</sat></trkpt>
  <trkpt lat="10.77198770" lon="106.70642519"><ele>9.526</ele><time>2025-01-16T12:01:14Z</time><speed>1.680</speed><sat>13</sat></trkpt>
  <trkpt lat="10.77200926" lon="106.70642519"><ele>14.014</ele><time>2025-01-16T12:01:15Z</time><speed>2.000</speed><sat>15</sat></trkpt>
  <trkpt lat="10.77203263" lon="106.70642427"><ele>16.335</ele><time>2025-01-16T12:01:16Z</time><speed>1.770</speed><sat>17</sat></trkpt>
  <trkpt lat="10.77204481" lon="106.70642513"><ele>16.360</ele><time>2025-01-16T12:01:17Z</time><speed>0.640</speed><sat>16</sat></trkpt>
  <trkpt lat="10.77205194" lon="106.70642770"><ele>16.997</ele><time>2025-01-16T12:01:18Z</time><speed>0.850</speed><sat>16</sat></trkpt>
  <trkpt lat="10.77206023" lon="106.70643028"><ele>17.301</ele><time>2025-01-16T12:01:19Z</time><speed>0.920</speed><sat>17</sat></trkpt>
  <trkpt lat="10.77206932" lon="106.70643158"><ele>16.801</ele><time>2025-01-16T12:01:20Z</time><speed>1.140</speed><sat>17</sat></trkpt>
  <trkpt lat="10.77208184" lon="106.70643212"><ele>17.503</ele><time>2025-01-16T12:01:21Z</time><speed>1.520</speed><sat>18</sat></trkpt>
  <trkpt lat="10.77209751" lon="106.70643335"><ele>17.326</ele><time>2025-01-16T12:01:22Z</time><speed>1.840</speed><sat>19</sat></trkpt>
  <trkpt lat="10.77211631" lon="106.70643380"><ele>17.935</ele><time>2025-01-16T12:01:23Z</time><speed>1.830</speed><sat>18</sat></trkpt>
  <trkpt lat="10.77213474" lon="106.70643310"><ele>17.838</ele><time>2025-01-16T12:01:24Z</time><speed>1.690</speed><sat>18</sat></trkpt>
  <trkpt lat="10.77215128" lon="106.70643324"><ele>17.768</ele><time>2025-01-16T12:01:25Z</time><speed>1.620</speed><sat>19</sat></trkpt>
  <trkpt lat="10.77216663" lon="106.70643289"><ele>18.573</ele><time>2025-01-16T12:01:26Z</time><speed>1.570</speed><sat>19</sat></trkpt>
  <trkpt lat="10.77218129" lon="106.70643320"><ele>18.755</ele><time>2025-01-16T12:01:27Z</time><speed>1.340</speed><sat>16</sat></trkpt>
  <trkpt lat="10.77219490" lon="106.70643359"><ele>18.815</ele><time>2025-01-16T12:01:28Z</time><speed>1.390</speed><sat>16</sat></trkpt>
  <trkpt lat="10.77220867" lon="106.70643273"><ele>18.375</ele><time>2025-01-16T12:01:29Z</time><speed>1.290</speed><sat>18</sat></trkpt>
  <trkpt lat="10.77222054" lon="106.70643098"><ele>18.936</ele><time>2025-01-16T12:01:30Z</time><speed>1.260</speed><sat>19</sat></trkpt>
  <trkpt lat="10.77223044" lon="106.70642878"><ele>19.867</ele><time>2025-01-16T12:01:31Z</time><speed>1.000</speed><sat>29</sat></trkpt>
  <trkpt lat="10.77223982" lon="106.70642702"><ele>19.818</ele><time>2025-01-16T12:01:32Z</time><speed>1.060</speed><sat>30</sat></trkpt>
  <trkpt lat="10.77225160" lon="106.70642525"><ele>19.965</ele><time>2025-01-16T12:01:33Z</time><speed>1.450</speed><sat>30</sat></trkpt>
  <trkpt lat="10.77226736" lon="106.70642429"><ele>20.194</ele><time>2025-01-16T12:01:34Z</time><speed>1.920</speed><sat>29</sat></trkpt>
  <trkpt lat="10.77228631" lon="106.70642372"><ele>20.728</ele><time>2025-01-16T12:01:35Z</time><speed>2.080</speed><sat>20</sat></trkpt>
  <trkpt lat="10.77230557" lon="106.70642371"><ele>20.756</ele><time>2025-01-16T12:01:36Z</time><speed>2.080</speed><sat>20</sat></trkpt>
  <trkpt lat="10.77232686" lon="106.70642544"><ele>21.583</ele><time>2025-01-16T12:01:37Z</time><speed>2.340</speed><sat>19</sat></trkpt>
  <trkpt lat="10.77234877" lon="106.70642691"><ele>21.511</ele><time>2025-01-16T12:01:38Z</time><speed>2.290</speed><sat>19</sat></trkpt>
  <trkpt lat="10.77236620" lon="106.70642839"><ele>20.483</ele><time>2025-01-16T12:01:39Z</time><speed>1.640</speed><sat>20</sat></trkpt>
  <trkpt lat="10.77238457" lon="106.70642882"><ele>20.315</ele><time>2025-01-16T12:01:40Z</time><speed>2.060</speed><sat>24</sat></trkpt>
  <trkpt lat="10.77240471" lon="106.70642902"><ele>20.493</ele><time>2025-01-16T12:01:41Z</time><speed>2.000</speed><sat>24</sat></trkpt>
  <trkpt lat="10.77242367" lon="106.70642977"><ele>20.157</ele><time>2025-01-16T12:01:42Z</time><speed>1.930</speed><sat>27</sat></trkpt>
  <trkpt lat="10.77244093" lon="106.70643077"><ele>20.061</ele><time>2025-01-16T12:01:43Z</time><speed>1.780</speed><sat>27</sat></trkpt>
  <trkpt lat="10.77245461" lon="106.70643195"><ele>20.233</ele><time>2025-01-16T12:01:44Z</time><speed>1.210</speed><sat>28</sat></trkpt>
  <trkpt lat="10.77246535" lon="106.70643244"><ele>20.022</ele><time>2025-01-16T12:01:45Z</time><speed>1.000</speed><sat>28</sat></trkpt>
  <trkpt lat="10.77247580" lon="106.70643252"><ele>20.311</ele><time>2025-01-16T12:01:46Z</time><speed>0.960</speed><sat>28</sat></trkpt>
  <trkpt lat="10.77248491" lon="106.70643221"><ele>19.537</ele><time>2025-01-16T12:01:47Z</time><speed>0.810</speed><sat>28</sat></trkpt>
  <trkpt lat="10.77249156" lon="106.70643206"><ele>18.855</ele><time>2025-01-16T12:01:48Z</time><speed>0.490</speed><sat>29</sat></trkpt>
  <trkpt lat="10.77249534" lon="106.70643155"><ele>18.409</ele><time>2025-01-16T12:01:49Z</time><speed>0.250</speed><sat>29</sat></trkpt>
  <trkpt lat="10.77249740" lon="106.70643153"><ele>18.124</ele><time>2025-01-16T12:01:50Z</time><speed>0.240</speed><sat>29</sat></trkpt>
  <trkpt lat="10.77250117" lon="106.70643210"><ele>18.458</ele><time>2025-01-16T12:01:51Z</time><speed>0.500</speed><sat>29</sat></trkpt>
  <trkpt lat="10.77250821" lon="106.70643230"><ele>18.388</ele><time>2025-01-16T12:01:52Z</time><speed>0.920</speed><sat>29</sat></trkpt>
  <trkpt lat="10.77252140" lon="106.70643312"><ele>18.024</ele><time>2025-01-16T12:01:53Z</time><speed>1.720</speed><sat>29</sat></trkpt>
  <trkpt lat="10.77253919" lon="106.70643407"><ele>18.206</ele><time>2025-01-16T12:01:54Z</time><speed>2.020</speed><sat>28</sat></trkpt>
  <trkpt lat="10.77255799" lon="106.70643496"><ele>17.851</ele><time>2025-01-16T12:01:55Z</time><speed>2.070</speed><sat>27</sat></trkpt>
  <trkpt lat="10.77257990" lon="106.70643589"><ele>17.521</ele><time>2025-01-16T12:01:56Z</time><speed>2.630</speed><sat>26</sat></trkpt>
  <trkpt lat="10.77260547" lon="106.70643755"><ele>17.761</ele><time>2025-01-16T12:01:57Z</time><speed>2.950</speed><sat>26</sat></trkpt>
  <trkpt lat="10.77263326" lon="106.70643938"><ele>17.777</ele><time>2025-01-16T12:01:58Z</time><speed>3.070</speed><sat>25</sat></trkpt>
  <trkpt lat="10.77266027" lon="106.70644081"><ele>18.085</ele><time>2025-01-16T12:01:59Z</time><speed>2.890</speed><sat>27</sat></trkpt>
  <trkpt lat="10.77268537" lon="106.70644194"><ele>17.944</ele><time>2025-01-16T12:02:00Z</time><speed>2.710</speed><sat>27</sat></trkpt>
  <trkpt lat="10.77270882" lon="106.70644340"><ele>17.632</ele><time>2025-01-16T12:02:01Z</time><speed>2.530</speed><sat>27</sat></trkpt>
  <trkpt lat="10.77273126" lon="106.70644472"><ele>17.573</ele><time>2025-01-16T12:02:02Z</time><speed>2.410</speed><sat>27</sat></trkpt>
  <trkpt lat="10.77275395" lon="106.70644595"><ele>17.281</ele><time>2025-01-16T12:02:03Z</time><speed>2.480</speed><sat>27</sat></trkpt>
  <trkpt lat="10.77277716" lon="106.70644726"><ele>17.119</ele><time>2025-01-16T12:02:04Z</time><speed>2.480</speed><sat>27</sat></trkpt>
  <trkpt lat="10.77279614" lon="106.70644892"><ele>17.166</ele><time>2025-01-16T12:02:05Z</time><speed>1.730</speed><sat>18</sat></trkpt>
  <trkpt lat="10.77281224" lon="106.70645009"><ele>17.188</ele><time>2025-01-16T12:02:06Z</time><speed>1.730</speed><sat>18</sat></trkpt>
  <trkpt lat="10.77282696" lon="106.70645124"><ele>17.490</ele><time>2025-01-16T12:02:07Z</time><speed>1.410</speed><sat>18</sat></trkpt>
  <trkpt lat="10.77283970" lon="106.70645257"><ele>17.724</ele><time>2025-01-16T12:02:08Z</time><speed>1.300</speed><sat>18</sat></trkpt>
  <trkpt lat="10.77284958" lon="106.70645364"><ele>18.990</ele><time>2025-01-16T12:02:09Z</time><speed>0.810</speed><sat>15</sat></trkpt>
  <trkpt lat="10.77285800" lon="106.70645411"><ele>18.223</ele><time>2025-01-16T12:02:10Z</time><speed>0.840</speed><sat>25</sat></trkpt>
  <trkpt lat="10.77286414" lon="106.70645460"><ele>18.228</ele><time>2025-01-16T12:02:11Z</time><speed>0.530</speed><sat>27</sat></trkpt>
  <trkpt lat="10.77286954" lon="106.70645510"><ele>18.073</ele><time>2025-01-16T12:02:12Z</time><speed>0.600</speed><sat>28</sat></trkpt>
  <trkpt lat="10.77287635" lon="106.70645554"><ele>18.468</ele><time>2025-01-16T12:02:13Z</time><speed>0.720</speed><sat>28</sat></trkpt>
  <trkpt lat="10.77288421" lon="106.70645795"><ele>18.224</ele><time>2025-01-16T12:02:14Z</time><speed>0.940</speed><sat>29</sat></trkpt>
  <trkpt lat="10.77289480" lon="106.70645971"><ele>18.553</ele><time>2025-01-16T12:02:15Z</time><speed>1.340</speed><sat>29</sat></trkpt>
  <trkpt lat="10.77290730" lon="106.70646173"><ele>18.885</ele><time>2025-01-16T12:02:16Z</time><speed>1.440</speed><sat>29</sat></trkpt>
  <trkpt lat="10.77292103" lon="106.70646388"><ele>18.848</ele><time>2025-01-16T12:02:17Z</time><speed>1.640</speed><sat>28</sat></trkpt>
  <trkpt lat="10.77293563" lon="106.70646567"><ele>18.611</ele><time>2025-01-16T12:02:18Z</time><speed>1.590</speed><sat>18</sat></trkpt>
  <trkpt lat="10.77294998" lon="106.70646730"><ele>18.604</ele><time>2025-01-16T12:02:19Z</time><speed>1.590</speed><sat>18</sat></trkpt>
  <trkpt lat="10.77296382" lon="106.70646884"><ele>18.340</ele><time>2025-01-16T12:02:20Z</time><speed>1.410</speed><sat>17</sat></trkpt>
  <trkpt lat="10.77297687" lon="106.70647047"><ele>18.330</ele><time>2025-01-16T12:02:21Z</time><speed>1.430</speed><sat>17</sat></trkpt>
  <trkpt lat="10.77298753" lon="106.70647147"><ele>17.908</ele><time>2025-01-16T12:02:22Z</time><speed>1.130</speed><sat>17</sat></trkpt>
  <trkpt lat="10.77299753" lon="106.70647222"><ele>18.380</ele><time>2025-01-16T12:02:23Z</time><speed>1.160</speed><sat>25</sat></trkpt>
  <trkpt lat="10.77300723" lon="106.70647194"><ele>17.111</ele><time>2025-01-16T12:02:24Z</time><speed>1.050</speed><sat>27</sat></trkpt>
  <trkpt lat="10.77301639" lon="106.70647295"><ele>17.933</ele><time>2025-01-16T12:02:25Z</time><speed>1.090</speed><sat>28</sat></trkpt>
  <trkpt lat="10.77302708" lon="106.70647381"><ele>18.877</ele><time>2025-01-16T12:02:26Z</time><speed>1.300</speed><sat>28</sat></trkpt>
  <trkpt lat="10.77304159" lon="106.70647538"><ele>19.890</ele><time>2025-01-16T12:02:27Z</time><speed>1.830</speed><sat>29</sat></trkpt>
  <trkpt lat="10.77305927" lon="106.70647647"><ele>19.890</ele><time>2025-01-16T12:02:28Z</time><speed>2.060</speed><sat>29</sat></trkpt>
  <trkpt lat="10.77307760" lon="106.70647724"><ele>19.937</ele><time>2025-01-16T12:02:29Z</time><speed>1.990</speed><sat>29</sat></trkpt>
  <trkpt lat="10.77309534" lon="106.70647878"><ele>20.158</ele><time>2025-01-16T12:02:30Z</time><speed>1.850</speed><sat>20</sat></trkpt>
  <trkpt lat="10.77311243" lon="106.70648041"><ele>20.136</ele><time>2025-01-16T12:02:31Z</time><speed>1.850</speed><sat>20</sat></trkpt>
  <trkpt lat="10.77312795" lon="106.70648180"><ele>20.235</ele><time>2025-01-16T12:02:32Z</time><speed>1.680</speed><sat>20</sat></trkpt>
  <trkpt lat="10.77314157" lon="106.70648217"><ele>20.313</ele><time>2025-01-16T12:02:33Z</time><speed>1.410</speed><sat>18</sat></trkpt>
  <trkpt lat="10.77315419" lon="106.70648162"><ele>20.069</ele><time>2025-01-16T12:02:34Z</time><speed>1.310</speed><sat>19</sat></trkpt>
  <trkpt lat="10.77316724" lon="106.70648018"><ele>19.890</ele><time>2025-01-16T12:02:35Z</time><speed>1.500</speed><sat>19</sat></trkpt>
  <trkpt lat="10.77318292" lon="106.70647955"><ele>20.074</ele><time>2025-01-16T12:02:36Z</time><speed>1.830</speed><sat>19</sat></trkpt>
  <trkpt lat="10.77319876" lon="106.70648241"><ele>20.559</ele><time>2025-01-16T12:02:37Z</time><speed>1.710</speed><sat>19</sat></trkpt>
  <trkpt lat="10.77321460" lon="106.70648653"><ele>20.378</ele><time>2025-01-16T12:02:38Z</time><speed>1.810</speed><sat>17</sat></trkpt>
  <trkpt lat="10.77322807" lon="106.70649092"><ele>19.043</ele><time>2025-01-16T12:02:39Z</time><speed>1.020</speed><sat>19</sat></trkpt>
  <trkpt lat="10.77324134" lon="106.70649703"><ele>19.316</ele><time>2025-01-16T12:02:40Z</time><speed>1.570</speed><sat>17</sat></trkpt>
  <trkpt lat="10.77325670" lon="106.70650399"><ele>19.628</ele><time>2025-01-16T12:02:41Z</time><speed>1.520</speed><sat>16</sat></trkpt>
  <trkpt lat="10.77326822" lon="106.70650695"><ele>20.005</ele><time>2025-01-16T12:02:42Z</time><speed>0.600</speed><sat>20</sat></trkpt>
  <trkpt lat="10.77327721" lon="106.70650771"><ele>20.013</ele><time>2025-01-16T12:02:43Z</time><speed>0.600</speed><sat>20</sat></trkpt>
  <trkpt lat="10.77328459" lon="106.70650721"><ele>20.602</ele><time>2025-01-16T12:02:44Z</time><speed>0.410</speed><sat>29</sat></trkpt>
  <trkpt lat="10.77329142" lon="106.70650450"><ele>20.585</ele><time>2025-01-16T12:02:45Z</time><speed>0.000</speed><sat>31</sat></trkpt>
  <trkpt lat="10.77329616" lon="106.70650300"><ele>20.454</ele><time>2025-01-16T12:02:46Z</time><speed>0.310</speed><sat>30</sat></trkpt>
  <trkpt lat="10.77330138" lon="106.70650229"><ele>20.440</ele><time>2025-01-16T12:02:47Z</time><speed>0.580</speed><sat>29</sat></trkpt>
  <trkpt lat="10.77331203" lon="106.70650275"><ele>19.644</ele><time>2025-01-16T12:02:48Z</time><speed>1.480</speed><sat>29</sat></trkpt>
  <trkpt lat="10.77332760" lon="106.70650381"><ele>20.464</ele><time>2025-01-16T12:02:49Z</time><speed>1.700</speed><sat>31</sat></trkpt>
  <trkpt lat="10.77334477" lon="106.70650463"><ele>20.807</ele><time>2025-01-16T12:02:50Z</time><speed>1.900</speed><sat>21</sat></trkpt>
  <trkpt lat="10.77336656" lon="106.70650714"><ele>19.740</ele><time>2025-01-16T12:02:51Z</time><speed>2.480</speed><sat>19</sat></trkpt>
  <trkpt lat="10.77339152" lon="106.70650928"><ele>19.966</ele><time>2025-01-16T12:02:52Z</time><speed>2.630</speed><sat>19</sat></trkpt>
  <trkpt lat="10.77341662" lon="106.70651205"><ele>20.066</ele><time>2025-01-16T12:02:53Z</time><speed>2.440</speed><sat>18</sat></trkpt>
  <trkpt lat="10.77343787" lon="106.70651488"><ele>20.226</ele><time>2025-01-16T12:02:54Z</time><speed>2.170</speed><sat>20</sat></trkpt>
  <trkpt lat="10.77345932" lon="106.70651822"><ele>20.656</ele><time>2025-01-16T12:02:55Z</time><speed>2.450</speed><sat>17</sat></trkpt>
  <trkpt lat="10.77348141" lon="106.70652087"><ele>21.399</ele><time>2025-01-16T12:02:56Z</time><speed>2.310</speed><sat>18</sat></trkpt>
  <trkpt lat="10.77349971" lon="106.70652271"><ele>21.394</ele><time>2025-01-16T12:02:57Z</time><speed>1.630</speed><sat>18</sat></trkpt>
  <trkpt lat="10.77351381" lon="106.70652350"><ele>21.076</ele><time>2025-01-16T12:02:58Z</time><speed>1.530</speed><sat>14</sat></trkpt>
  <trkpt lat="10.77352781" lon="106.70652394"><ele>21.001</ele><time>2025-01-16T12:02:59Z</time><speed>1.580</speed><sat>14</sat></trkpt>
  <trkpt lat="10.77353825" lon="106.70652460"><ele>20.791</ele><time>2025-01-16T12:03:00Z</time><speed>1.120</speed><sat>16</sat></trkpt>
  <trkpt lat="10.77354594" lon="106.70652607"><ele>21.208</ele><time>2025-01-16T12:03:01Z</time><speed>0.950</speed><sat>16</sat></trkpt>
  <trkpt lat="10.77355813" lon="106.70652801"><ele>21.006</ele><time>2025-01-16T12:03:02Z</time><speed>1.940</speed><sat>15</sat></trkpt>
  <trkpt lat="10.77357598" lon="106.70653132"><ele>20.963</ele><time>2025-01-16T12:03:03Z</time><speed>1.940</speed><sat>17</sat></trkpt>
  <trkpt lat="10.77359353" lon="106.70653455"><ele>20.936</ele><time>2025-01-16T12:03:04Z</time><speed>1.910</speed><sat>17</sat></trkpt>
  <trkpt lat="10.77361221" lon="106.70653822"><ele>20.117</ele><time>2025-01-16T12:03:05Z</time><speed>2.590</speed><sat>15</sat></trkpt>
  <trkpt lat="10.77363362" lon="106.70654162"><ele>19.532</ele><time>2025-01-16T12:03:06Z</time><speed>2.700</speed><sat>14</sat></trkpt>
  <trkpt lat="10.77365436" lon="106.70654392"><ele>19.377</ele><time>2025-01-16T12:03:07Z</time><speed>2.530</speed><sat>15</sat></trkpt>
  <trkpt lat="10.77367383" lon="106.70654653"><ele>18.137</ele><time>2025-01-16T12:03:08Z</time><speed>2.780</speed><sat>13</sat></trkpt>
  <trkpt lat="10.77368978" lon="106.70654997"><ele>15.816</ele><time>2025-01-16T12:03:09Z</time><speed>1.960</speed><sat>13</sat></trkpt>
  <trkpt lat="10.77370379" lon="106.70655242"><ele>15.631</ele><time>2025-01-16T12:03:10Z</time><speed>2.080</speed><sat>13</sat></trkpt>
  <trkpt lat="10.77371978" lon="106.70655532"><ele>14.485</ele><time>2025-01-16T12:03:11Z</time><speed>2.190</speed><sat>14</sat></trkpt>
  <trkpt lat="10.77374081" lon="106.70655822"><ele>15.212</ele><time>2025-01-16T12:03:12Z</time><speed>2.780</speed><sat>14</sat></trkpt>
  <trkpt lat="10.77376518" lon="106.70656160"><ele>15.502</ele><time>2025-01-16T12:03:13Z</time><speed>2.780</speed><sat>14</sat></trkpt>
  <trkpt lat="10.77379078" lon="106.70656393"><ele>15.851</ele><time>2025-01-16T12:03:14Z</time><speed>3.050</speed><sat>13</sat></trkpt>
  <trkpt lat="10.77381720" lon="106.70656495"><ele>16.306</ele><time>2025-01-16T12:03:15Z</time><speed>3.040</speed><sat>12</sat></trkpt>
  <trkpt lat="10.77384234" lon="106.70656536"><ele>16.814</ele><time>2025-01-16T12:03:16Z</time><speed>2.680</speed><sat>14</sat></trkpt>
  <trkpt lat="10.77386810" lon="106.70656608"><ele>16.714</ele><time>2025-01-16T12:03:17Z</time><speed>3.160</speed><sat>13</sat></trkpt>
  <trkpt lat="10.77389686" lon="106.70656649"><ele>16.307</ele><time>2025-01-16T12:03:18Z</time><speed>3.270</speed><sat>12</sat></trkpt>
  <trkpt lat="10.77392596" lon="106.70656657"><ele>16.371</ele><time>2025-01-16T12:03:19Z</time><speed>3.220</speed><sat>12</sat></trkpt>
  <trkpt lat="10.77394785" lon="106.70656593"><ele>15.516</ele><time>2025-01-16T12:03:20Z</time><speed>1.790</speed><sat>15</sat></trkpt>
  <trkpt lat="10.77396525" lon="106.70656545"><ele>15.149</ele><time>2025-01-16T12:03:21Z</time><speed>2.100</speed><sat>15</sat></trkpt>
  <trkpt lat="10.77398223" lon="106.70656745"><ele>15.358</ele><time>2025-01-16T12:03:22Z</time><speed>1.720</speed><sat>15</sat></trkpt>
  <trkpt lat="10.77400053" lon="106.70656938"><ele>14.992</ele><time>2025-01-16T12:03:23Z</time><speed>2.080</speed><sat>16</sat></trkpt>
  <trkpt lat="10.77401617" lon="106.70657032"><ele>15.101</ele><time>2025-01-16T12:03:24Z</time><speed>1.290</speed><sat>24</sat></trkpt>
  <trkpt lat="10.77402634" lon="106.70656939"><ele>14.756</ele><time>2025-01-16T12:03:25Z</time><speed>0.970</speed><sat>23</sat></trkpt>
  <trkpt lat="10.77403316" lon="106.70656771"><ele>14.374</ele><time>2025-01-16T12:03:26Z</time><speed>0.610</speed><sat>25</sat></trkpt>
  <trkpt lat="10.77403792" lon="106.70656580"><ele>14.653</ele><time>2025-01-16T12:03:27Z</time><speed>0.410</speed><sat>25</sat></trkpt>
  <trkpt lat="10.77404142" lon="106.70656469"><ele>14.874</ele><time>2025-01-16T12:03:28Z</time><speed>0.290</speed><sat>25</sat></trkpt>
  <trkpt lat="10.77404561" lon="106.70656348"><ele>14.646</ele><time>2025-01-16T12:03:29Z</time><speed>0.460</speed><sat>25</sat></trkpt>
  <trkpt lat="10.77405485" lon="106.70656220"><ele>14.662</ele><time>2025-01-16T12:03:30Z</time><speed>1.280</speed><sat>25</sat></trkpt>
  <trkpt lat="10.77406813" lon="106.70656117"><ele>14.604</ele><time>2025-01-16T12:03:31Z</time><speed>1.360</speed><sat>26</sat></trkpt>
  <trkpt lat="10.77408527" lon="106.70656107"><ele>15.409</ele><time>2025-01-16T12:03:32Z</time><speed>1.870</speed><sat>26</sat></trkpt>
  <trkpt lat="10.77410404" lon="106.70656071"><ele>15.548</ele><time>2025-01-16T12:03:33Z</time><speed>1.800</speed><sat>26</sat></trkpt>
  <trkpt lat="10.77411865" lon="106.70656090"><ele>15.394</ele><time>2025-01-16T12:03:34Z</time><speed>1.070</speed><sat>26</sat></trkpt>
  <trkpt lat="10.77412962" lon="106.70656106"><ele>15.451</ele><time>2025-01-16T12:03:35Z</time><speed>0.940</speed><sat>26</sat></trkpt>
  <trkpt lat="10.77414080" lon="106.70656093"><ele>15.005</ele><time>2025-01-16T12:03:36Z</time><speed>1.200</speed><sat>26</sat></trkpt>
  <trkpt lat="10.77415269" lon="106.70656176"><ele>14.804</ele><time>2025-01-16T12:03:37Z</time><speed>1.140</speed><sat>25</sat></trkpt>
  <trkpt lat="10.77416461" lon="106.70656243"><ele>14.829</ele><time>2025-01-16T12:03:38Z</time><speed>1.100</speed><sat>25</sat></trkpt>
  <trkpt lat="10.77417812" lon="106.70656390"><ele>15.020</ele><time>2025-01-16T12:03:39Z</time><speed>1.470</speed><sat>25</sat></trkpt>
  <trkpt lat="10.77419278" lon="106.70656526"><ele>15.296</ele><time>2025-01-16T12:03:40Z</time><speed>1.370</speed><sat>24</sat></trkpt>
  <trkpt lat="10.77420615" lon="106.70656641"><ele>15.733</ele><time>2025-01-16T12:03:41Z</time><speed>1.160</speed><sat>24</sat></trkpt>
  <trkpt lat="10.77421864" lon="106.70656728"><ele>16.222</ele><time>2025-01-16T12:03:42Z</time><speed>1.090</speed><sat>24</sat></trkpt>
  <trkpt lat="10.77422793" lon="106.70656831"><ele>16.543</ele><time>2025-01-16T12:03:43Z</time><speed>0.600</speed><sat>26</sat></trkpt>
  <trkpt lat="10.77423238" lon="106.70656916"><ele>16.775</ele><time>2025-01-16T12:03:44Z</time><speed>0.170</speed><sat>25</sat></trkpt>
  <trkpt lat="10.77423591" lon="106.70656978"><ele>16.763</ele><time>2025-01-16T12:03:45Z</time><speed>0.250</speed><sat>25</sat></trkpt>
  <trkpt lat="10.77424180" lon="106.70657072"><ele>17.192</ele><time>2025-01-16T12:03:46Z</time><speed>0.630</speed><sat>25</sat></trkpt>
  <trkpt lat="10.77425533" lon="106.70657144"><ele>18.088</ele><time>2025-01-16T12:03:47Z</time><speed>1.720</speed><sat>25</sat></trkpt>
  <trkpt lat="10.77427471" lon="106.70657273"><ele>18.484</ele><time>2025-01-16T12:03:48Z</time><speed>1.960</speed><sat>25</sat></trkpt>
  <trkpt lat="10.77429132" lon="106.70657381"><ele>18.116</ele><time>2025-01-16T12:03:49Z</time><speed>1.560</speed><sat>26</sat></trkpt>
  <trkpt lat="10.77430470" lon="106.70657445"><ele>18.177</ele><time>2025-01-16T12:03:50Z</time><speed>1.290</speed><sat>26</sat></trkpt>
  <trkpt lat="10.77431734" lon="106.70657490"><ele>18.189</ele><time>2025-01-16T12:03:51Z</time><speed>1.350</speed><sat>26</sat></trkpt>
  <trkpt lat="10.77433246" lon="106.70657584"><ele>18.553</ele><time>2025-01-16T12:03:52Z</time><speed>1.670</speed><sat>27</sat></trkpt>
  <trkpt lat="10.77434646" lon="106.70657670"><ele>18.493</ele><time>2025-01-16T12:03:53Z</time><speed>1.240</speed><sat>26</sat></trkpt>
  <trkpt lat="10.77435732" lon="106.70657801"><ele>18.923</ele><time>2025-01-16T12:03:54Z</time><speed>0.930</speed><sat>26</sat></trkpt>
  <trkpt lat="10.77436655" lon="106.70657903"><ele>18.959</ele><time>2025-01-16T12:03:55Z</time><speed>0.930</speed><sat>18</sat></trkpt>
  <trkpt lat="10.77437108" lon="106.70658313"><ele>19.297</ele><time>2025-01-16T12:03:56Z</time><speed>0.000</speed><sat>18</sat></trkpt>
  <trkpt lat="10.77437966" lon="106.70658678"><ele>19.750</ele><time>2025-01-16T12:03:57Z</time><speed>0.930</speed><sat>17</sat></trkpt>
  <trkpt lat="10.77439688" lon="106.70658951"><ele>19.771</ele><time>2025-01-16T12:03:58Z</time><speed>1.920</speed><sat>16</sat></trkpt>
  <trkpt lat="10.77441604" lon="106.70659204"><ele>19.730</ele><time>2025-01-16T12:03:59Z</time><speed>1.720</speed><sat>17</sat></trkpt>
  <trkpt lat="10.77443409" lon="106.70659491"><ele>19.236</ele><time>2025-01-16T12:04:00Z</time><speed>1.770</speed><sat>14</sat></trkpt>
  <trkpt lat="10.77445211" lon="106.70659815"><ele>19.351</ele><time>2025-01-16T12:04:01Z</time><speed>1.780</speed><sat>19</sat></trkpt>
  <trkpt lat="10.77446326" lon="106.70660073"><ele>18.982</ele><time>2025-01-16T12:04:02Z</time><speed>0.650</speed><sat>27</sat></trkpt>
  <trkpt lat="10.77447272" lon="106.70660270"><ele>19.503</ele><time>2025-01-16T12:04:03Z</time><speed>1.090</speed><sat>26</sat></trkpt>
  <trkpt lat="10.77448364" lon="106.70660479"><ele>19.071</ele><time>2025-01-16T12:04:04Z</time><speed>0.950</speed><sat>27</sat></trkpt>
  <trkpt lat="10.77449445" lon="106.70660627"><ele>19.293</ele><time>2025-01-16T12:04:05Z</time><speed>1.080</speed><sat>28</sat></trkpt>
  <trkpt lat="10.77450558" lon="106.70660632"><ele>19.190</ele><time>2025-01-16T12:04:06Z</time><speed>0.890</speed><sat>28</sat></trkpt>
  <trkpt lat="10.77451589" lon="106.70660654"><ele>18.936</ele><time>2025-01-16T12:04:07Z</time><speed>0.970</speed><sat>28</sat></trkpt>
  <trkpt lat="10.77452781" lon="106.70660742"><ele>19.416</ele><time>2025-01-16T12:04:08Z</time><speed>1.280</speed><sat>21</sat></trkpt>
  <trkpt lat="10.77454136" lon="106.70660781"><ele>18.389</ele><time>2025-01-16T12:04:09Z</time><speed>1.420</speed><sat>20</sat></trkpt>
  <trkpt lat="10.77455089" lon="106.70660767"><ele>18.947</ele><time>2025-01-16T12:04:10Z</time><speed>0.000</speed><sat>20</sat></trkpt>
  <trkpt lat="10.77456138" lon="106.70660683"><ele>18.715</ele><time>2025-01-16T12:04:11Z</time><speed>1.720</speed><sat>20</sat></trkpt>
  <trkpt lat="10.77457634" lon="106.70660711"><ele>18.707</ele><time>2025-01-16T12:04:12Z</time><speed>1.390</speed><sat>20</sat></trkpt>
  <trkpt lat="10.77459143" lon="106.70660733"><ele>18.221</ele><time>2025-01-16T12:04:13Z</time><speed>1.560</speed><sat>18</sat></trkpt>
  <trkpt lat="10.77460698" lon="106.70660608"><ele>18.185</ele><time>2025-01-16T12:04:14Z</time><speed>1.650</speed><sat>21</sat></trkpt>
  <trkpt lat="10.77462287" lon="106.70660433"><ele>18.112</ele><time>2025-01-16T12:04:15Z</time><speed>1.650</speed><sat>28</sat></trkpt>
  <trkpt lat="10.77463784" lon="106.70660246"><ele>18.478</ele><time>2025-01-16T12:04:16Z</time><speed>1.540</speed><sat>28</sat></trkpt>
  <trkpt lat="10.77464993" lon="106.70660072"><ele>18.644</ele><time>2025-01-16T12:04:17Z</time><speed>1.040</speed><sat>29</sat></trkpt>
  <trkpt lat="10.77465632" lon="106.70659892"><ele>19.186</ele><time>2025-01-16T12:04:18Z</time><speed>0.510</speed><sat>31</sat></trkpt>
  <trkpt lat="10.77465984" lon="106.70659625"><ele>18.833</ele><time>2025-01-16T12:04:19Z</time><speed>0.560</speed><sat>31</sat></trkpt>
  <trkpt lat="10.77466478" lon="106.70659361"><ele>19.759</ele><time>2025-01-16T12:04:20Z</time><speed>0.600</speed><sat>30</sat></trkpt>
  <trkpt lat="10.77467032" lon="106.70659081"><ele>20.256</ele><time>2025-01-16T12:04:21Z</time><speed>0.670</speed><sat>31</sat></trkpt>
  <trkpt lat="10.77467758" lon="106.70658906"><ele>20.685</ele><time>2025-01-16T12:04:22Z</time><speed>0.920</speed><sat>31</sat></trkpt>
  <trkpt lat="10.77468903" lon="106.70658902"><ele>20.585</ele><time>2025-01-16T12:04:23Z</time><speed>1.530</speed><sat>31</sat></trkpt>
  <trkpt lat="10.77470458" lon="106.70658990"><ele>21.090</ele><time>2025-01-16T12:04:24Z</time><speed>1.790</speed><sat>31</sat></trkpt>
  <trkpt lat="10.77471950" lon="106.70658990"><ele>20.668</ele><time>2025-01-16T12:04:25Z</time><speed>1.510</speed><sat>21</sat></trkpt>
  <trkpt lat="10.77473325" lon="106.70658960"><ele>20.688</ele><time>2025-01-16T12:04:26Z</time><speed>1.500</speed><sat>20</sat></trkpt>
  <trkpt lat="10.77474053" lon="106.70658648"><ele>19.765</ele><time>2025-01-16T12:04:27Z</time><speed>0.730</speed><sat>17</sat></trkpt>
  <trkpt lat="10.77474487" lon="106.70658356"><ele>19.585</ele><time>2025-01-16T12:04:28Z</time><speed>0.720</speed><sat>17</sat></trkpt>
  <trkpt lat="10.77475013" lon="106.70658106"><ele>19.566</ele><time>2025-01-16T12:04:29Z</time><speed>0.820</speed><sat>20</sat></trkpt>
  <trkpt lat="10.77474630" lon="106.70657755"><ele>18.905</ele><time>2025-01-16T12:04:30Z</time><speed>0.000</speed><sat>25</sat></trkpt>
  <trkpt lat="10.77474848" lon="106.70657650"><ele>19.191</ele><time>2025-01-16T12:04:31Z</time><speed>0.590</speed><sat>25</sat></trkpt>
  <trkpt lat="10.77475304" lon="106.70657601"><ele>19.086</ele><time>2025-01-16T12:04:32Z</time><speed>0.510</speed><sat>25</sat></trkpt>
  <trkpt lat="10.77475414" lon="106.70657625"><ele>18.225</ele><time>2025-01-16T12:04:33Z</time><speed>0.000</speed><sat>26</sat></trkpt>
  <trkpt lat="10.77475469" lon="106.70657725"><ele>18.475</ele><time>2025-01-16T12:04:34Z</time><speed>0.000</speed><sat>27</sat></trkpt>
  <trkpt lat="10.77475527" lon="106.70657829"><ele>18.543</ele><time>2025-01-16T12:04:35Z</time><speed>0.000</speed><sat>27</sat></trkpt>
  <trkpt lat="10.77475418" lon="106.70657838"><ele>18.304</ele><time>2025-01-16T12:04:36Z</time><speed>0.000</speed><sat>26</sat></trkpt>
  <trkpt lat="10.77475736" lon="106.70657790"><ele>17.974</ele><time>2025-01-16T12:04:37Z</time><speed>0.630</speed><sat>18</sat></trkpt>
  <trkpt lat="10.77476324" lon="106.70657793"><ele>17.990</ele><time>2025-01-16T12:04:38Z</time><speed>0.630</speed><sat>19</sat></trkpt>
  <trkpt lat="10.77476217" lon="106.70658548"><ele>17.282</ele><time>2025-01-16T12:04:39Z</time><speed>0.000</speed><sat>18</sat></trkpt>
  <trkpt lat="10.77476021" lon="106.70658917"><ele>17.282</ele><time>2025-01-16T12:04:40Z</time><speed>0.000</speed><sat>18</sat></trkpt>
  <trkpt lat="10.77475987" lon="106.70659109"><ele>17.063</ele><time>2025-01-16T12:04:41Z</time><speed>0.000</speed><sat>16</sat></trkpt>
  <trkpt lat="10.77475914" lon="106.70658985"><ele>16.832</ele><time>2025-01-16T12:04:42Z</time><speed>0.000</speed><sat>25</sat></trkpt>
  <trkpt lat="10.77477269" lon="106.70658999"><ele>16.972</ele><time>2025-01-16T12:04:43Z</time><speed>2.050</speed><sat>24</sat></trkpt>
  <trkpt lat="10.77478775" lon="106.70659120"><ele>16.556</ele><time>2025-01-16T12:04:44Z</time><speed>1.000</speed><sat>22</sat></trkpt>
  <trkpt lat="10.77479769" lon="106.70659208"><ele>16.634</ele><time>2025-01-16T12:04:45Z</time><speed>0.990</speed><sat>23</sat></trkpt>
  <trkpt lat="10.77480984" lon="106.70659260"><ele>16.419</ele><time>2025-01-16T12:04:46Z</time><speed>1.460</speed><sat>24</sat></trkpt>
  <trkpt lat="10.77482749" lon="106.70659360"><ele>16.478</ele><time>2025-01-16T12:04:47Z</time><speed>2.210</speed><sat>24</sat></trkpt>
  <trkpt lat="10.77484895" lon="106.70659460"><ele>16.065</ele><time>2025-01-16T12:04:48Z</time><speed>2.470</speed><sat>25</sat></trkpt>
  <trkpt lat="10.77487287" lon="106.70659570"><ele>16.064</ele><time>2025-01-16T12:04:49Z</time><speed>2.710</speed><sat>26</sat></trkpt>
  <trkpt lat="10.77490033" lon="106.70659689"><ele>15.911</ele><time>2025-01-16T12:04:50Z</time><speed>3.230</speed><sat>27</sat></trkpt>
  <trkpt lat="10.77493018" lon="106.70659795"><ele>16.331</ele><time>2025-01-16T12:04:51Z</time><speed>3.260</speed><sat>26</sat></trkpt>
  <trkpt lat="10.77496293" lon="106.70659890"><ele>16.501</ele><time>2025-01-16T12:04:52Z</time><speed>3.770</speed><sat>17</sat></trkpt>
  <trkpt lat="10.77499738" lon="106.70659991"><ele>16.566</ele><time>2025-01-16T12:04:53Z</time><speed>3.770</speed><sat>16</sat></trkpt>
  <trkpt lat="10.77503735" lon="106.70660192"><ele>16.316</ele><time>2025-01-16T12:04:54Z</time><speed>4.620</speed><sat>16</sat></trkpt>
  <trkpt lat="10.77507808" lon="106.70660482"><ele>16.245</ele><time>2025-01-16T12:04:55Z</time><speed>3.960</speed><sat>16</sat></trkpt>
  <trkpt lat="10.77511582" lon="106.70660771"><ele>16.649</ele><time>2025-01-16T12:04:56Z</time><speed>3.790</speed><sat>16</sat></trkpt>
  <trkpt lat="10.77515246" lon="106.70661040"><ele>16.281</ele><time>2025-01-16T12:04:57Z</time><speed>4.080</speed><sat>17</sat></trkpt>
  <trkpt lat="10.77518945" lon="106.70661286"><ele>16.615</ele><time>2025-01-16T12:04:58Z</time><speed>3.970</speed><sat>18</sat></trkpt>
  <trkpt lat="10.77522762" lon="106.70661661"><ele>16.956</ele><time>2025-01-16T12:04:59Z</time><speed>4.240</speed><sat>16</sat></trkpt>
  <trkpt lat="10.77526645" lon="106.70662114"><ele>16.847</ele><time>2025-01-16T12:05:00Z</time><speed>4.190</speed><sat>16</sat></trkpt>
  <trkpt lat="10.77530468" lon="106.70662501"><ele>16.893</ele><time>2025-01-16T12:05:01Z</time><speed>4.150</speed><sat>19</sat></trkpt>
  <trkpt lat="10.77534519" lon="106.70662875"><ele>17.263</ele><time>2025-01-16T12:05:02Z</time><speed>4.500</speed><sat>18</sat></trkpt>
  <trkpt lat="10.77538852" lon="106.70662872"><ele>18.311</ele><time>2025-01-16T12:05:03Z</time><speed>4.590</speed><sat>27</sat></trkpt>
  <trkpt lat="10.77543028" lon="106.70662757"><ele>17.486</ele><time>2025-01-16T12:05:04Z</time><speed>4.500</speed><sat>27</sat></trkpt>
  <trkpt lat="10.77547208" lon="106.70662731"><ele>17.247</ele><time>2025-01-16T12:05:05Z</time><speed>4.720</speed><sat>28</sat></trkpt>
  <trkpt lat="10.77551451" lon="106.70662946"><ele>17.276</ele><time>2025-01-16T12:05:06Z</time><speed>4.700</speed><sat>28</sat></trkpt>
  <trkpt lat="10.77555526" lon="106.70663385"><ele>17.483</ele><time>2025-01-16T12:05:07Z</time><speed>4.350</speed><sat>29</sat></trkpt>
  <trkpt lat="10.77559310" lon="106.70663826"><ele>17.341</ele><time>2025-01-16T12:05:08Z</time><speed>3.940</speed><sat>21</sat></trkpt>
  <trkpt lat="10.77562807" lon="106.70664232"><ele>16.882</ele><time>2025-01-16T12:05:09Z</time><speed>3.690</speed><sat>20</sat></trkpt>
  <trkpt lat="10.77566221" lon="106.70664612"><ele>16.864</ele><time>2025-01-16T12:05:10Z</time><speed>3.760</speed><sat>20</sat></trkpt>
  <trkpt lat="10.77569445" lon="106.70664899"><ele>17.238</ele><time>2025-01-16T12:05:11Z</time><speed>3.460</speed><sat>20</sat></trkpt>
  <trkpt lat="10.77572281" lon="106.70665076"><ele>17.267</ele><time>2025-01-16T12:05:12Z</time><speed>3.040</speed><sat>26</sat></trkpt>
  <trkpt lat="10.77574742" lon="106.70665172"><ele>17.288</ele><time>2025-01-16T12:05:13Z</time><speed>2.660</speed><sat>27</sat></trkpt>
  <trkpt lat="10.77577032" lon="106.70665376"><ele>17.369</ele><time>2025-01-16T12:05:14Z</time><speed>2.570</speed><sat>26</sat></trkpt>
  <trkpt lat="10.77579335" lon="106.70665545"><ele>17.905</ele><time>2025-01-16T12:05:15Z</time><speed>2.510</speed><sat>26</sat></trkpt>
  <trkpt lat="10.77581403" lon="106.70665685"><ele>17.583</ele><time>2025-01-16T12:05:16Z</time><speed>2.150</speed><sat>25</sat></trkpt>
  <trkpt lat="10.77582922" lon="106.70665885"><ele>17.702</ele><time>2025-01-16T12:05:17Z</time><speed>1.290</speed><sat>25</sat></trkpt>
  <trkpt lat="10.77583741" lon="106.70666143"><ele>17.797</ele><time>2025-01-16T12:05:18Z</time><speed>0.790</speed><sat>25</sat></trkpt>
  <trkpt lat="10.77584287" lon="106.70666342"><ele>17.244</ele><time>2025-01-16T12:05:19Z</time><speed>0.810</speed><sat>17</sat></trkpt>
  <trkpt lat="10.77584882" lon="106.70666523"><ele>17.243</ele><time>2025-01-16T12:05:20Z</time><speed>0.810</speed><sat>17</sat></trkpt>
  <trkpt lat="10.77584684" lon="106.70666445"><ele>16.201</ele><time>2025-01-16T12:05:21Z</time><speed>0.000</speed><sat>16</sat></trkpt>
  <trkpt lat="10.77584407" lon="106.70666387"><ele>16.197</ele><time>2025-01-16T12:05:22Z</time><speed>0.000</speed><sat>16</sat></trkpt>
  <trkpt lat="10.77584304" lon="106.70666389"><ele>15.999</ele><time>2025-01-16T12:05:23Z</time><speed>0.000</speed><sat>16</sat></trkpt>
  <trkpt lat="10.77584270" lon="106.70666246"><ele>15.996</ele><time>2025-01-16T12:05:24Z</time><speed>0.000</speed><sat>22</sat></trkpt>
  <trkpt lat="10.77584354" lon="106.70666137"><ele>16.066</ele><time>2025-01-16T12:05:25Z</time><speed>0.000</speed><sat>23</sat></trkpt>
  <trkpt lat="10.77584489" lon="106.70666095"><ele>16.243</ele><time>2025-01-16T12:05:26Z</time><speed>0.000</speed><sat>22</sat></trkpt>
  <trkpt lat="10.77584600" lon="106.70666230"><ele>16.103</ele><time>2025-01-16T12:05:27Z</time><speed>0.000</speed><sat>23</sat></trkpt>
  <trkpt lat="10.77584847" lon="106.70666377"><ele>16.116</ele><time>2025-01-16T12:05:28Z</time><speed>0.000</speed><sat>25</sat></trkpt>
  <trkpt lat="10.77584965" lon="106.70666693"><ele>15.638</ele><time>2025-01-16T12:05:29Z</time><speed>0.000</speed><sat>25</sat></trkpt>
  <trkpt lat="10.77584982" lon="106.70666830"><ele>15.690</ele><time>2025-01-16T12:05:30Z</time><speed>0.000</speed><sat>27</sat></trkpt>
  <trkpt lat="10.77585055" lon="106.70666882"><ele>15.977</ele><time>2025-01-16T12:05:31Z</time><speed>0.000</speed><sat>27</sat></trkpt>
  <trkpt lat="10.77585053" lon="106.70666906"><ele>15.944</ele><time>2025-01-16T12:05:32Z</time><speed>0.000</speed><sat>20</sat></trkpt>
  <trkpt lat="10.77585053" lon="106.70666918"><ele>15.944</ele><time>2025-01-16T12:05:33Z</time><speed>0.000</speed><sat>20</sat></trkpt>
  <trkpt lat="10.77585031" lon="106.70666901"><ele>15.935</ele><time>2025-01-16T12:05:34Z</time><speed>0.000</speed><sat>19</sat></trkpt>
  <trkpt lat="10.77585156" lon="106.70666855"><ele>16.159</ele><time>2025-01-16T12:05:35Z</time><speed>0.000</speed><sat>19</sat></trkpt>
  <trkpt lat="10.77585218" lon="106.70666824"><ele>16.157</ele><time>2025-01-16T12:05:36Z</time><speed>0.000</speed><sat>17</sat></trkpt>
  <trkpt lat="10.77585311" lon="106.70666819"><ele>16.417</ele><time>2025-01-16T12:05:37Z</time><speed>0.000</speed><sat>21</sat></trkpt>
  <trkpt lat="10.77585601" lon="106.70666976"><ele>16.829</ele><time>2025-01-16T12:05:38Z</time><speed>0.380</speed><sat>23</sat></trkpt>
  <trkpt lat="10.77586638" lon="106.70667076"><ele>16.690</ele><time>2025-01-16T12:05:39Z</time><speed>1.520</speed><sat>22</sat></trkpt>
  <trkpt lat="10.77588420" lon="106.70667257"><ele>16.404</ele><time>2025-01-16T12:05:40Z</time><speed>2.200</speed><sat>24</sat></trkpt>
  <trkpt lat="10.77590321" lon="106.70667387"><ele>16.787</ele><time>2025-01-16T12:05:41Z</time><speed>1.970</speed><sat>24</sat></trkpt>
  <trkpt lat="10.77591678" lon="106.70667423"><ele>15.865</ele><time>2025-01-16T12:05:42Z</time><speed>1.050</speed><sat>24</sat></trkpt>
  <trkpt lat="10.77592416" lon="106.70667383"><ele>16.128</ele><time>2025-01-16T12:05:43Z</time><speed>0.710</speed><sat>24</sat></trkpt>
  <trkpt lat="10.77592790" lon="106.70667319"><ele>16.268</ele><time>2025-01-16T12:05:44Z</time><speed>0.330</speed><sat>15</sat></trkpt>
  <trkpt lat="10.77593012" lon="106.70667264"><ele>16.279</ele><time>2025-01-16T12:05:45Z</time><speed>0.330</speed><sat>15</sat></trkpt>
  <trkpt lat="10.77592627" lon="106.70667635"><ele>16.123</ele><time>2025-01-16T12:05:46Z</time><speed>0.000</speed><sat>14</sat></trkpt>
  <trkpt lat="10.77592360" lon="106.70667815"><ele>16.123</ele><time>2025-01-16T12:05:47Z</time><speed>0.000</speed><sat>14</sat></trkpt>
  <trkpt lat="10.77592108" lon="106.70668187"><ele>16.189</ele><time>2025-01-16T12:05:48Z</time><speed>0.000</speed><sat>14</sat></trkpt>
  <trkpt lat="10.77591842" lon="106.70668624"><ele>15.963</ele><time>2025-01-16T12:05:49Z</time><speed>0.000</speed><sat>21</sat></trkpt>
  <trkpt lat="10.77591714" lon="106.70668813"><ele>16.537</ele><time>2025-01-16T12:05:50Z</time><speed>0.000</speed><sat>22</sat></trkpt>
  <trkpt lat="10.77591572" lon="106.70669067"><ele>16.688</ele><time>2025-01-16T12:05:51Z</time><speed>0.000</speed><sat>22</sat></trkpt>
  <trkpt lat="10.77591506" lon="106.70669365"><ele>16.495</ele><time>2025-01-16T12:05:52Z</time><speed>0.000</speed><sat>22</sat></trkpt>
  <trkpt lat="10.77591546" lon="106.70669511"><ele>16.178</ele><time>2025-01-16T12:05:53Z</time><speed>0.000</speed><sat>22</sat></trkpt>
  <trkpt lat="10.77591643" lon="106.70669591"><ele>15.876</ele><time>2025-01-16T12:05:54Z</time><speed>0.000</speed><sat>22</sat></trkpt>
  <trkpt lat="10.77591752" lon="106.70669585"><ele>15.960</ele><time>2025-01-16T12:05:55Z</time><speed>0.000</speed><sat>22</sat></trkpt>
  <trkpt lat="10.77591804" lon="106.70669587"><ele>15.957</ele><time>2025-01-16T12:05:56Z</time><speed>0.000</speed><sat>17</sat></trkpt>
  <trkpt lat="10.77591831" lon="106.70669588"><ele>15.957</ele><time>2025-01-16T12:05:57Z</time><speed>0.000</speed><sat>16</sat></trkpt>
  <trkpt lat="10.77591844" lon="106.70669581"><ele>15.996</ele><time>2025-01-16T12:05:58Z</time><speed>0.000</speed><sat>16</sat></trkpt>
  <trkpt lat="10.77591850" lon="106.70669575"><ele>15.989</ele><time>2025-01-16T12:05:59Z</time><speed>0.000</speed><sat>17</sat></trkpt>
  <trkpt lat="10.77591852" lon="106.70669572"><ele>15.989</ele><time>2025-01-16T12:06:00Z</time><speed>0.000</speed><sat>17</sat></trkpt>
  <trkpt lat="10.77591854" lon="106.70669569"><ele>15.985</ele><time>2025-01-16T12:06:01Z</time><speed>0.000</speed><sat>16</sat></trkpt>
  <trkpt lat="10.77591855" lon="106.70669567"><ele>15.985</ele><time>2025-01-16T12:06:02Z</time><speed>0.000</speed><sat>16</sat></trkpt>
  <trkpt lat="10.77591854" lon="106.70669567"><ele>15.984</ele><time>2025-01-16T12:06:03Z</time><speed>0.000</speed><sat>14</sat></trkpt>
  <trkpt lat="10.77591853" lon="106.70669567"><ele>15.976</ele><time>2025-01-16T12:06:04Z</time><speed>0.000</speed><sat>15</sat></trkpt>
  <trkpt lat="10.77593053" lon="106.70669825"><ele>16.017</ele><time>2025-01-16T12:06:05Z</time><speed>2.460</speed><sat>22</sat></trkpt>
  <trkpt lat="10.77594634" lon="106.70670099"><ele>16.230</ele><time>2025-01-16T12:06:06Z</time><speed>1.480</speed><sat>23</sat></trkpt>
  <trkpt lat="10.77595929" lon="106.70670236"><ele>15.176</ele><time>2025-01-16T12:06:07Z</time><speed>1.320</speed><sat>23</sat></trkpt>
  <trkpt lat="10.77597251" lon="106.70670435"><ele>15.389</ele><time>2025-01-16T12:06:08Z</time><speed>1.640</speed><sat>23</sat></trkpt>
  <trkpt lat="10.77598426" lon="106.70670559"><ele>15.432</ele><time>2025-01-16T12:06:09Z</time><speed>0.980</speed><sat>24</sat></trkpt>
  <trkpt lat="10.77599067" lon="106.70670584"><ele>14.785</ele><time>2025-01-16T12:06:10Z</time><speed>0.430</speed><sat>18</sat></trkpt>
  <trkpt lat="10.77599389" lon="106.70670257"><ele>14.007</ele><time>2025-01-16T12:06:11Z</time><speed>0.000</speed><sat>15</sat></trkpt>
  <trkpt lat="10.77599621" lon="106.70669967"><ele>13.961</ele><time>2025-01-16T12:06:12Z</time><speed>0.000</speed><sat>17</sat></trkpt>
  <trkpt lat="10.77599854" lon="106.70669721"><ele>14.145</ele><time>2025-01-16T12:06:13Z</time><speed>0.000</speed><sat>17</sat></trkpt>
  <trkpt lat="10.77599979" lon="106.70669687"><ele>14.089</ele><time>2025-01-16T12:06:14Z</time><speed>0.000</speed><sat>15</sat></trkpt>
  <trkpt lat="10.77600148" lon="106.70669841"><ele>14.211</ele><time>2025-01-16T12:06:15Z</time><speed>0.000</speed><sat>16</sat></trkpt>
  <trkpt lat="10.77599987" lon="106.70670267"><ele>14.259</ele><time>2025-01-16T12:06:16Z</time><speed>0.000</speed><sat>16</sat></trkpt>
  <trkpt lat="10.77599839" lon="106.70670632"><ele>13.923</ele><time>2025-01-16T12:06:17Z</time><speed>0.000</speed><sat>12</sat></trkpt>
  <trkpt lat="10.77599770" lon="106.70670811"><ele>13.414</ele><time>2025-01-16T12:06:18Z</time><speed>0.000</speed><sat>13</sat></trkpt>
  <trkpt lat="10.77599718" lon="106.70670956"><ele>13.663</ele><time>2025-01-16T12:06:19Z</time><speed>0.000</speed><sat>13</sat></trkpt>
  <trkpt lat="10.77600569" lon="106.70670979"><ele>13.401</ele><time>2025-01-16T12:06:20Z</time><speed>1.250</speed><sat>13</sat></trkpt>
  <trkpt lat="10.77601992" lon="106.70671334"><ele>13.703</ele><time>2025-01-16T12:06:21Z</time><speed>1.830</speed><sat>12</sat></trkpt>
  <trkpt lat="10.77603755" lon="106.70671646"><ele>13.926</ele><time>2025-01-16T12:06:22Z</time><speed>2.000</speed><sat>14</sat></trkpt>
  <trkpt lat="10.77605565" lon="106.70672090"><ele>14.039</ele><time>2025-01-16T12:06:23Z</time><speed>2.080</speed><sat>14</sat></trkpt>
  <trkpt lat="10.77607478" lon="106.70672593"><ele>14.312</ele><time>2025-01-16T12:06:24Z</time><speed>2.240</speed><sat>16</sat></trkpt>
  <trkpt lat="10.77609319" lon="106.70672990"><ele>12.430</ele><time>2025-01-16T12:06:25Z</time><speed>1.740</speed><sat>14</sat></trkpt>
  <trkpt lat="10.77610826" lon="106.70673395"><ele>12.352</ele><time>2025-01-16T12:06:26Z</time><speed>1.610</speed><sat>16</sat></trkpt>
  <trkpt lat="10.77612082" lon="106.70673807"><ele>12.308</ele><time>2025-01-16T12:06:27Z</time><speed>1.370</speed><sat>13</sat></trkpt>
  <trkpt lat="10.77613350" lon="106.70674207"><ele>11.621</ele><time>2025-01-16T12:06:28Z</time><speed>1.600</speed><sat>12</sat></trkpt>
  <trkpt lat="10.77615169" lon="106.70674788"><ele>12.048</ele><time>2025-01-16T12:06:29Z</time><speed>2.580</speed><sat>12</sat></trkpt>
  <trkpt lat="10.77617110" lon="106.70675420"><ele>11.710</ele><time>2025-01-16T12:06:30Z</time><speed>1.980</speed><sat>15</sat></trkpt>
  <trkpt lat="10.77618804" lon="106.70675850"><ele>10.050</ele><time>2025-01-16T12:06:31Z</time><speed>1.870</speed><sat>15</sat></trkpt>
  <trkpt lat="10.77620468" lon="106.70676320"><ele>10.182</ele><time>2025-01-16T12:06:32Z</time><speed>1.910</speed><sat>15</sat></trkpt>
  <trkpt lat="10.77622338" lon="106.70676699"><ele>9.971</ele><time>2025-01-16T12:06:33Z</time><speed>2.170</speed><sat>13</sat></trkpt>
  <trkpt lat="10.77624183" lon="106.70676843"><ele>7.845</ele><time>2025-01-16T12:06:34Z</time><speed>2.240</speed><sat>14</sat></trkpt>
  <trkpt lat="10.77625842" lon="106.70676983"><ele>6.844</ele><time>2025-01-16T12:06:35Z</time><speed>1.740</speed><sat>16</sat></trkpt>
  <trkpt lat="10.77627400" lon="106.70677266"><ele>7.030</ele><time>2025-01-16T12:06:36Z</time><speed>2.020</speed><sat>16</sat></trkpt>
  <trkpt lat="10.77629035" lon="106.70677531"><ele>6.882</ele><time>2025-01-16T12:06:37Z</time><speed>1.820</speed><sat>15</sat></trkpt>
  <trkpt lat="10.77630534" lon="106.70677781"><ele>7.281</ele><time>2025-01-16T12:06:38Z</time><speed>1.690</speed><sat>15</sat></trkpt>
  <trkpt lat="10.77631549" lon="106.70678036"><ele>7.533</ele><time>2025-01-16T12:06:39Z</time><speed>0.900</speed><sat>13</sat></trkpt>
  <trkpt lat="10.77631797" lon="106.70678041"><ele>7.837</ele><time>2025-01-16T12:06:40Z</time><speed>0.000</speed><sat>14</sat></trkpt>
  <trkpt lat="10.77631544" lon="106.70678233"><ele>7.459</ele><time>2025-01-16T12:06:41Z</time><speed>0.000</speed><sat>14</sat></trkpt>
  <trkpt lat="10.77631418" lon="106.70678330"><ele>7.458</ele><time>2025-01-16T12:06:42Z</time><speed>0.000</speed><sat>14</sat></trkpt>
  <trkpt lat="10.77631454" lon="106.70678388"><ele>7.019</ele><time>2025-01-16T12:06:43Z</time><speed>0.000</speed><sat>16</sat></trkpt>
  <trkpt lat="10.77631548" lon="106.70678361"><ele>7.246</ele><time>2025-01-16T12:06:44Z</time><speed>0.000</speed><sat>16</sat></trkpt>
  <trkpt lat="10.77631829" lon="106.70678512"><ele>7.930</ele><time>2025-01-16T12:06:45Z</time><speed>0.000</speed><sat>16</sat></trkpt>
  <trkpt lat="10.77631948" lon="106.70678485"><ele>8.387</ele><time>2025-01-16T12:06:46Z</time><speed>0.000</speed><sat>16</sat></trkpt>
  <trkpt lat="10.77632009" lon="106.70678472"><ele>8.386</ele><time>2025-01-16T12:06:47Z</time><speed>0.000</speed><sat>16</sat></trkpt>
  <trkpt lat="10.77632314" lon="106.70678388"><ele>9.337</ele><time>2025-01-16T12:06:48Z</time><speed>0.000</speed><sat>14</sat></trkpt>
  <trkpt lat="10.77632549" lon="106.70678308"><ele>9.480</ele><time>2025-01-16T12:06:49Z</time><speed>0.000</speed><sat>17</sat></trkpt>
  <trkpt lat="10.77632747" lon="106.70678299"><ele>9.616</ele><time>2025-01-16T12:06:50Z</time><speed>0.000</speed><sat>15</sat></trkpt>
  <trkpt lat="10.77632862" lon="106.70678303"><ele>9.612</ele><time>2025-01-16T12:06:51Z</time><speed>0.000</speed><sat>16</sat></trkpt>
  <trkpt lat="10.77632945" lon="106.70678323"><ele>9.642</ele><time>2025-01-16T12:06:52Z</time><speed>0.000</speed><sat>16</sat></trkpt>
  <trkpt lat="10.77632986" lon="106.70678332"><ele>9.642</ele><time>2025-01-16T12:06:53Z</time><speed>0.000</speed><sat>16</sat></trkpt>
  <trkpt lat="10.77633011" lon="106.70678336"><ele>9.644</ele><time>2025-01-16T12:06:54Z</time><speed>0.000</speed><sat>14</sat></trkpt>
  <trkpt lat="10.77633024" lon="106.70678339"><ele>9.640</ele><time>2025-01-16T12:06:55Z</time><speed>0.000</speed><sat>14</sat></trkpt>
  <trkpt lat="10.77633030" lon="106.70678338"><ele>9.638</ele><time>2025-01-16T12:06:56Z</time><speed>0.000</speed><sat>16</sat></trkpt>
  <trkpt lat="10.77633032" lon="106.70678338"><ele>9.637</ele><time>2025-01-16T12:06:57Z</time><speed>0.000</speed><sat>16</sat></trkpt>
  <trkpt lat="10.77633032" lon="106.70678339"><ele>9.637</ele><time>2025-01-16T12:06:58Z</time><speed>0.000</speed><sat>16</sat></trkpt>
  <trkpt lat="10.77633032" lon="106.70678340"><ele>9.637</ele><time>2025-01-16T12:06:59Z</time><speed>0.000</speed><sat>16</sat></trkpt>
  <trkpt lat="10.77633037" lon="106.70678342"><ele>9.654</ele><time>2025-01-16T12:07:00Z</time><speed>0.000</speed><sat>12</sat></trkpt>
  <trkpt lat="10.77633040" lon="106.70678344"><ele>9.660</ele><time>2025-01-16T12:07:01Z</time><speed>0.000</speed><sat>16</sat></trkpt>
  <trkpt lat="10.77634133" lon="106.70678438"><ele>9.627</ele><time>2025-01-16T12:07:02Z</time><speed>1.880</speed><sat>15</sat></trkpt>
  <trkpt lat="10.77635681" lon="106.70678967"><ele>10.044</ele><time>2025-01-16T12:07:03Z</time><speed>1.670</speed><sat>16</sat></trkpt>
  <trkpt lat="10.77637296" lon="106.70679502"><ele>9.318</ele><time>2025-01-16T12:07:04Z</time><speed>2.020</speed><sat>15</sat></trkpt>
  <trkpt lat="10.77639024" lon="106.70680057"><ele>9.096</ele><time>2025-01-16T12:07:05Z</time><speed>1.950</speed><sat>15</sat></trkpt>
  <trkpt lat="10.77640627" lon="106.70680756"><ele>9.342</ele><time>2025-01-16T12:07:06Z</time><speed>2.030</speed><sat>13</sat></trkpt>
  <trkpt lat="10.77642315" lon="106.70681368"><ele>9.229</ele><time>2025-01-16T12:07:07Z</time><speed>2.050</speed><sat>13</sat></trkpt>
  <trkpt lat="10.77643943" lon="106.70681909"><ele>10.662</ele><time>2025-01-16T12:07:08Z</time><speed>2.030</speed><sat>14</sat></trkpt>
  <trkpt lat="10.77645528" lon="106.70682410"><ele>10.846</ele><time>2025-01-16T12:07:09Z</time><speed>1.910</speed><sat>14</sat></trkpt>
  <trkpt lat="10.77646946" lon="106.70682626"><ele>7.674</ele><time>2025-01-16T12:07:10Z</time><speed>2.060</speed><sat>15</sat></trkpt>
  <trkpt lat="10.77649088" lon="106.70682954"><ele>8.016</ele><time>2025-01-16T12:07:11Z</time><speed>2.920</speed><sat>16</sat></trkpt>
  <trkpt lat="10.77651524" lon="106.70683396"><ele>8.038</ele><time>2025-01-16T12:07:12Z</time><speed>2.750</speed><sat>16</sat></trkpt>
  <trkpt lat="10.77654096" lon="106.70683857"><ele>8.714</ele><time>2025-01-16T12:07:13Z</time><speed>3.020</speed><sat>16</sat></trkpt>
  <trkpt lat="10.77656809" lon="106.70684449"><ele>8.454</ele><time>2025-01-16T12:07:14Z</time><speed>3.270</speed><sat>13</sat></trkpt>
  <trkpt lat="10.77659810" lon="106.70685171"><ele>8.935</ele><time>2025-01-16T12:07:15Z</time><speed>3.460</speed><sat>17</sat></trkpt>
  <trkpt lat="10.77662867" lon="106.70685873"><ele>9.018</ele><time>2025-01-16T12:07:16Z</time><speed>3.410</speed><sat>17</sat></trkpt>
  <trkpt lat="10.77666419" lon="106.70686529"><ele>9.037</ele><time>2025-01-16T12:07:17Z</time><speed>3.860</speed><sat>17</sat></trkpt>
  <trkpt lat="10.77669978" lon="106.70687201"><ele>9.380</ele><time>2025-01-16T12:07:18Z</time><speed>3.640</speed><sat>15</sat></trkpt>
  <trkpt lat="10.77673265" lon="106.70687800"><ele>9.516</ele><time>2025-01-16T12:07:19Z</time><speed>3.270</speed><sat>17</sat></trkpt>
  <trkpt lat="10.77676261" lon="106.70688392"><ele>9.932</ele><time>2025-01-16T12:07:20Z</time><speed>2.760</speed><sat>16</sat></trkpt>
  <trkpt lat="10.77678588" lon="106.70688964"><ele>9.792</ele><time>2025-01-16T12:07:21Z</time><speed>2.150</speed><sat>16</sat></trkpt>
  <trkpt lat="10.77680741" lon="106.70689464"><ele>11.114</ele><time>2025-01-16T12:07:22Z</time><speed>2.150</speed><sat>16</sat></trkpt>
  <trkpt lat="10.77682751" lon="106.70689925"><ele>11.100</ele><time>2025-01-16T12:07:23Z</time><speed>1.940</speed><sat>16</sat></trkpt>
  <trkpt lat="10.77684683" lon="106.70690425"><ele>11.425</ele><time>2025-01-16T12:07:24Z</time><speed>2.030</speed><sat>17</sat></trkpt>
  <trkpt lat="10.77686736" lon="106.70690853"><ele>12.149</ele><time>2025-01-16T12:07:25Z</time><speed>1.910</speed><sat>16</sat></trkpt>
  <trkpt lat="10.77688684" lon="106.70691273"><ele>11.521</ele><time>2025-01-16T12:07:26Z</time><speed>2.180</speed><sat>15</sat></trkpt>
  <trkpt lat="10.77690859" lon="106.70691713"><ele>12.050</ele><time>2025-01-16T12:07:27Z</time><speed>2.370</speed><sat>14</sat></trkpt>
  <trkpt lat="10.77693054" lon="106.70692147"><ele>11.775</ele><time>2025-01-16T12:07:28Z</time><speed>2.430</speed><sat>16</sat></trkpt>
  <trkpt lat="10.77695249" lon="106.70692595"><ele>11.698</ele><time>2025-01-16T12:07:29Z</time><speed>2.410</speed><sat>16</sat></trkpt>
  <trkpt lat="10.77697304" lon="106.70693033"><ele>12.683</ele><time>2025-01-16T12:07:30Z</time><speed>1.990</speed><sat>13</sat></trkpt>
  <trkpt lat="10.77698865" lon="106.70693347"><ele>12.556</ele><time>2025-01-16T12:07:31Z</time><speed>1.320</speed><sat>15</sat></trkpt>
  <trkpt lat="10.77700019" lon="106.70693667"><ele>12.558</ele><time>2025-01-16T12:07:32Z</time><speed>1.220</speed><sat>14</sat></trkpt>
  <trkpt lat="10.77701084" lon="106.70693956"><ele>12.546</ele><time>2025-01-16T12:07:33Z</time><speed>1.080</speed><sat>14</sat></trkpt>
  <trkpt lat="10.77702208" lon="106.70694293"><ele>13.761</ele><time>2025-01-16T12:07:34Z</time><speed>1.320</speed><sat>13</sat></trkpt>
  <trkpt lat="10.77703399" lon="106.70694647"><ele>13.820</ele><time>2025-01-16T12:07:35Z</time><speed>1.280</speed><sat>13</sat></trkpt>
  <trkpt lat="10.77704952" lon="106.70695107"><ele>14.034</ele><time>2025-01-16T12:07:36Z</time><speed>2.000</speed><sat>13</sat></trkpt>
  <trkpt lat="10.77706612" lon="106.70695631"><ele>14.136</ele><time>2025-01-16T12:07:37Z</time><speed>1.740</speed><sat>14</sat></trkpt>
  <trkpt lat="10.77707967" lon="106.70696081"><ele>14.427</ele><time>2025-01-16T12:07:38Z</time><speed>1.330</speed><sat>20</sat></trkpt>
  <trkpt lat="10.77708977" lon="106.70696273"><ele>15.088</ele><time>2025-01-16T12:07:39Z</time><speed>0.800</speed><sat>22</sat></trkpt>
  <trkpt lat="10.77709710" lon="106.70696362"><ele>15.719</ele><time>2025-01-16T12:07:40Z</time><speed>0.590</speed><sat>22</sat></trkpt>
  <trkpt lat="10.77710134" lon="106.70696436"><ele>15.962</ele><time>2025-01-16T12:07:41Z</time><speed>0.290</speed><sat>22</sat></trkpt>
  <trkpt lat="10.77710347" lon="106.70696396"><ele>16.122</ele><time>2025-01-16T12:07:42Z</time><speed>0.000</speed><sat>23</sat></trkpt>
  <trkpt lat="10.77710577" lon="106.70696306"><ele>16.309</ele><time>2025-01-16T12:07:43Z</time><speed>0.000</speed><sat>16</sat></trkpt>
  <trkpt lat="10.77710693" lon="106.70696261"><ele>16.309</ele><time>2025-01-16T12:07:44Z</time><speed>0.000</speed><sat>16</sat></trkpt>
  <trkpt lat="10.77710727" lon="106.70696252"><ele>16.220</ele><time>2025-01-16T12:07:45Z</time><speed>0.000</speed><sat>16</sat></trkpt>
  <trkpt lat="10.77710651" lon="106.70696419"><ele>16.200</ele><time>2025-01-16T12:07:46Z</time><speed>0.000</speed><sat>15</sat></trkpt>
  <trkpt lat="10.77710722" lon="106.70696574"><ele>16.037</ele><time>2025-01-16T12:07:47Z</time><speed>0.000</speed><sat>16</sat></trkpt>
  <trkpt lat="10.77710758" lon="106.70696651"><ele>16.037</ele><time>2025-01-16T12:07:48Z</time><speed>0.000</speed><sat>16</sat></trkpt>
  <trkpt lat="10.77710591" lon="106.70696743"><ele>15.448</ele><time>2025-01-16T12:07:49Z</time><speed>0.000</speed><sat>15</sat></trkpt>
  <trkpt lat="10.77710360" lon="106.70696877"><ele>15.303</ele><time>2025-01-16T12:07:50Z</time><speed>0.000</speed><sat>15</sat></trkpt>
  <trkpt lat="10.77710244" lon="106.70696944"><ele>15.303</ele><time>2025-01-16T12:07:51Z</time><speed>0.000</speed><sat>15</sat></trkpt>
  <trkpt lat="10.77710101" lon="106.70696769"><ele>14.094</ele><time>2025-01-16T12:07:52Z</time><speed>0.000</speed><sat>14</sat></trkpt>
  <trkpt lat="10.77710045" lon="106.70696705"><ele>14.195</ele><time>2025-01-16T12:07:53Z</time><speed>0.000</speed><sat>14</sat></trkpt>
  <trkpt lat="10.77710024" lon="106.70696695"><ele>14.284</ele><time>2025-01-16T12:07:54Z</time><speed>0.000</speed><sat>11</sat></trkpt>
  <trkpt lat="10.77710014" lon="106.70696690"><ele>14.284</ele><time>2025-01-16T12:07:55Z</time><speed>0.000</speed><sat>11</sat></trkpt>
  <trkpt lat="10.77709998" lon="106.70696708"><ele>14.319</ele><time>2025-01-16T12:07:56Z</time><speed>0.000</speed><sat>13</sat></trkpt>
  <trkpt lat="10.77709991" lon="106.70696717"><ele>14.327</ele><time>2025-01-16T12:07:57Z</time><speed>0.000</speed><sat>13</sat></trkpt>
  <trkpt lat="10.77709988" lon="106.70696724"><ele>14.336</ele><time>2025-01-16T12:07:58Z</time><speed>0.000</speed><sat>13</sat></trkpt>
  <trkpt lat="10.77709987" lon="106.70696730"><ele>14.342</ele><time>2025-01-16T12:07:59Z</time><speed>0.000</speed><sat>15</sat></trkpt>
  <trkpt lat="10.77710410" lon="106.70696992"><ele>13.940</ele><time>2025-01-16T12:08:00Z</time><speed>0.750</speed><sat>15</sat></trkpt>
  <trkpt lat="10.77711832" lon="106.70697313"><ele>12.900</ele><time>2025-01-16T12:08:01Z</time><speed>1.970</speed><sat>15</sat></trkpt>
  <trkpt lat="10.77713486" lon="106.70697675"><ele>12.857</ele><time>2025-01-16T12:08:02Z</time><speed>1.580</speed><sat>15</sat></trkpt>
  <trkpt lat="10.77715171" lon="106.70698167"><ele>12.878</ele><time>2025-01-16T12:08:03Z</time><speed>1.990</speed><sat>15</sat></trkpt>
  <trkpt lat="10.77717223" lon="106.70698673"><ele>13.021</ele><time>2025-01-16T12:08:04Z</time><speed>2.310</speed><sat>15</sat></trkpt>
  <trkpt lat="10.77719264" lon="106.70699097"><ele>12.309</ele><time>2025-01-16T12:08:05Z</time><speed>2.070</speed><sat>14</sat></trkpt>
  <trkpt lat="10.77721211" lon="106.70699534"><ele>12.466</ele><time>2025-01-16T12:08:06Z</time><speed>2.010</speed><sat>15</sat></trkpt>
  <trkpt lat="10.77723039" lon="106.70699966"><ele>12.702</ele><time>2025-01-16T12:08:07Z</time><speed>1.870</speed><sat>14</sat></trkpt>
  <trkpt lat="10.77724731" lon="106.70700364"><ele>12.849</ele><time>2025-01-16T12:08:08Z</time><speed>1.810</speed><sat>15</sat></trkpt>
  <trkpt lat="10.77726542" lon="106.70700801"><ele>12.485</ele><time>2025-01-16T12:08:09Z</time><speed>1.980</speed><sat>16</sat></trkpt>
  <trkpt lat="10.77728351" lon="106.70701195"><ele>12.144</ele><time>2025-01-16T12:08:10Z</time><speed>1.410</speed><sat>18</sat></trkpt>
  <trkpt lat="10.77729914" lon="106.70701172"><ele>12.816</ele><time>2025-01-16T12:08:11Z</time><speed>1.550</speed><sat>18</sat></trkpt>
  <trkpt lat="10.77730958" lon="106.70701130"><ele>13.686</ele><time>2025-01-16T12:08:12Z</time><speed>0.560</speed><sat>25</sat></trkpt>
  <trkpt lat="10.77731554" lon="106.70700893"><ele>14.606</ele><time>2025-01-16T12:08:13Z</time><speed>0.000</speed><sat>27</sat></trkpt>
  <trkpt lat="10.77731991" lon="106.70700614"><ele>15.347</ele><time>2025-01-16T12:08:14Z</time><speed>0.000</speed><sat>27</sat></trkpt>
  <trkpt lat="10.77732525" lon="106.70700461"><ele>15.471</ele><time>2025-01-16T12:08:15Z</time><speed>0.000</speed><sat>27</sat></trkpt>
  <trkpt lat="10.77733237" lon="106.70700253"><ele>16.578</ele><time>2025-01-16T12:08:16Z</time><speed>0.000</speed><sat>27</sat></trkpt>
  <trkpt lat="10.77733905" lon="106.70700038"><ele>17.259</ele><time>2025-01-16T12:08:17Z</time><speed>0.000</speed><sat>27</sat></trkpt>
  <trkpt lat="10.77734508" lon="106.70699830"><ele>17.961</ele><time>2025-01-16T12:08:18Z</time><speed>0.000</speed><sat>25</sat></trkpt>
  <trkpt lat="10.77735059" lon="106.70699646"><ele>18.608</ele><time>2025-01-16T12:08:19Z</time><speed>0.000</speed><sat>24</sat></trkpt>
  <trkpt lat="10.77735600" lon="106.70699482"><ele>19.156</ele><time>2025-01-16T12:08:20Z</time><speed>0.000</speed><sat>24</sat></trkpt>
  <trkpt lat="10.77735821" lon="106.70699425"><ele>19.435</ele><time>2025-01-16T12:08:21Z</time><speed>0.000</speed><sat>24</sat></trkpt>
  <trkpt lat="10.77736012" lon="106.70699374"><ele>19.736</ele><time>2025-01-16T12:08:22Z</time><speed>0.000</speed><sat>21</sat></trkpt>
  <trkpt lat="10.77736248" lon="106.70699315"><ele>20.042</ele><time>2025-01-16T12:08:23Z</time><speed>0.000</speed><sat>21</sat></trkpt>
  <trkpt lat="10.77736374" lon="106.70699285"><ele>20.054</ele><time>2025-01-16T12:08:24Z</time><speed>0.000</speed><sat>22</sat></trkpt>
  <trkpt lat="10.77736487" lon="106.70699263"><ele>20.135</ele><time>2025-01-16T12:08:25Z</time><speed>0.000</speed><sat>22</sat></trkpt>
  <trkpt lat="10.77736572" lon="106.70699247"><ele>20.186</ele><time>2025-01-16T12:08:26Z</time><speed>0.000</speed><sat>22</sat></trkpt>
  <trkpt lat="10.77736622" lon="106.70699240"><ele>20.206</ele><time>2025-01-16T12:08:27Z</time><speed>0.000</speed><sat>15</sat></trkpt>
  <trkpt lat="10.77736647" lon="106.70699236"><ele>20.206</ele><time>2025-01-16T12:08:28Z</time><speed>0.000</speed><sat>15</sat></trkpt>
  <trkpt lat="10.77736661" lon="106.70699234"><ele>20.202</ele><time>2025-01-16T12:08:29Z</time><speed>0.000</speed><sat>15</sat></trkpt>
  <trkpt lat="10.77736667" lon="106.70699234"><ele>20.206</ele><time>2025-01-16T12:08:30Z</time><speed>0.000</speed><sat>15</sat></trkpt>
  <trkpt lat="10.77736671" lon="106.70699237"><ele>20.214</ele><time>2025-01-16T12:08:31Z</time><speed>0.000</speed><sat>15</sat></trkpt>
  <trkpt lat="10.77736674" lon="106.70699240"><ele>20.218</ele><time>2025-01-16T12:08:32Z</time><speed>0.000</speed><sat>12</sat></trkpt>
  <trkpt lat="10.77736677" lon="106.70699244"><ele>20.221</ele><time>2025-01-16T12:08:33Z</time><speed>0.000</speed><sat>14</sat></trkpt>
  <trkpt lat="10.77736678" lon="106.70699247"><ele>20.224</ele><time>2025-01-16T12:08:34Z</time><speed>0.000</speed><sat>14</sat></trkpt>
  <trkpt lat="10.77736680" lon="106.70699251"><ele>20.227</ele><time>2025-01-16T12:08:35Z</time><speed>0.000</speed><sat>14</sat></trkpt>
  <trkpt lat="10.77736681" lon="106.70699256"><ele>20.233</ele><time>2025-01-16T12:08:36Z</time><speed>0.000</speed><sat>14</sat></trkpt>
  <trkpt lat="10.77736685" lon="106.70699259"><ele>20.234</ele><time>2025-01-16T12:08:37Z</time><speed>0.000</speed><sat>13</sat></trkpt>
  <trkpt lat="10.77736689" lon="106.70699261"><ele>20.230</ele><time>2025-01-16T12:08:38Z</time><speed>0.000</speed><sat>12</sat></trkpt>
  <trkpt lat="10.77736692" lon="106.70699264"><ele>20.228</ele><time>2025-01-16T12:08:39Z</time><speed>0.000</speed><sat>15</sat></trkpt>
  <trkpt lat="10.77736703" lon="106.70699266"><ele>20.233</ele><time>2025-01-16T12:08:40Z</time><speed>0.000</speed><sat>13</sat></trkpt>
  <trkpt lat="10.77736711" lon="106.70699269"><ele>20.231</ele><time>2025-01-16T12:08:41Z</time><speed>0.000</speed><sat>14</sat></trkpt>
  <trkpt lat="10.77736707" lon="106.70699272"><ele>20.240</ele><time>2025-01-16T12:08:42Z</time><speed>0.000</speed><sat>16</sat></trkpt>
  <trkpt lat="10.77736701" lon="106.70699275"><ele>20.243</ele><time>2025-01-16T12:08:43Z</time><speed>0.000</speed><sat>17</sat></trkpt>
  <trkpt lat="10.77736701" lon="106.70699280"><ele>20.246</ele><time>2025-01-16T12:08:44Z</time><speed>0.000</speed><sat>15</sat></trkpt>
  <trkpt lat="10.77736703" lon="106.70699283"><ele>20.247</ele><time>2025-01-16T12:08:45Z</time><speed>0.000</speed><sat>13</sat></trkpt>
  <trkpt lat="10.77736717" lon="106.70699285"><ele>20.257</ele><time>2025-01-16T12:08:46Z</time><speed>0.000</speed><sat>14</sat></trkpt>
  <trkpt lat="10.77736726" lon="106.70699288"><ele>20.257</ele><time>2025-01-16T12:08:47Z</time><speed>0.000</speed><sat>12</sat></trkpt>
  <trkpt lat="10.77736731" lon="106.70699290"><ele>20.253</ele><time>2025-01-16T12:08:48Z</time><speed>0.000</speed><sat>12</sat></trkpt>
  <trkpt lat="10.77736738" lon="106.70699291"><ele>20.255</ele><time>2025-01-16T12:08:49Z</time><speed>0.000</speed><sat>14</sat></trkpt>
  <trkpt lat="10.77736754" lon="106.70699292"><ele>20.277</ele><time>2025-01-16T12:08:50Z</time><speed>0.000</speed><sat>13</sat></trkpt>
  <trkpt lat="10.77736761" lon="106.70699283"><ele>20.358</ele><time>2025-01-16T12:08:51Z</time><speed>0.000</speed><sat>11</sat></trkpt>
  <trkpt lat="10.77736756" lon="106.70699263"><ele>20.439</ele><time>2025-01-16T12:08:52Z</time><speed>0.000</speed><sat>21</sat></trkpt>
  <trkpt lat="10.77736782" lon="106.70699260"><ele>20.436</ele><time>2025-01-16T12:08:53Z</time><speed>0.000</speed><sat>21</sat></trkpt>
  <trkpt lat="10.77736802" lon="106.70699259"><ele>20.428</ele><time>2025-01-16T12:08:54Z</time><speed>0.000</speed><sat>21</sat></trkpt>
  <trkpt lat="10.77736820" lon="106.70699261"><ele>20.423</ele><time>2025-01-16T12:08:55Z</time><speed>0.000</speed><sat>21</sat></trkpt>
  <trkpt lat="10.77736836" lon="106.70699264"><ele>20.415</ele><time>2025-01-16T12:08:56Z</time><speed>0.000</speed><sat>22</sat></trkpt>
  <trkpt lat="10.77736853" lon="106.70699268"><ele>20.418</ele><time>2025-01-16T12:08:57Z</time><speed>0.000</speed><sat>22</sat></trkpt>
  <trkpt lat="10.77736868" lon="106.70699273"><ele>20.416</ele><time>2025-01-16T12:08:58Z</time><speed>0.000</speed><sat>23</sat></trkpt>
  <trkpt lat="10.77736881" lon="106.70699277"><ele>20.413</ele><time>2025-01-16T12:08:59Z</time><speed>0.000</speed><sat>23</sat></trkpt>
  <trkpt lat="10.77736900" lon="106.70699283"><ele>20.413</ele><time>2025-01-16T12:09:00Z</time><speed>0.000</speed><sat>23</sat></trkpt>
  <trkpt lat="10.77736936" lon="106.70699289"><ele>20.431</ele><time>2025-01-16T12:09:01Z</time><speed>0.000</speed><sat>24</sat></trkpt>
  <trkpt lat="10.77736976" lon="106.70699296"><ele>20.447</ele><time>2025-01-16T12:09:02Z</time><speed>0.000</speed><sat>22</sat></trkpt>
  <trkpt lat="10.77737019" lon="106.70699302"><ele>20.461</ele><time>2025-01-16T12:09:03Z</time><speed>0.000</speed><sat>22</sat></trkpt>
  <trkpt lat="10.77737110" lon="106.70699299"><ele>20.485</ele><time>2025-01-16T12:09:04Z</time><speed>0.000</speed><sat>22</sat></trkpt>
  <trkpt lat="10.77737144" lon="106.70699295"><ele>20.520</ele><time>2025-01-16T12:09:05Z</time><speed>0.000</speed><sat>23</sat></trkpt>
  <trkpt lat="10.77737167" lon="106.70699293"><ele>20.524</ele><time>2025-01-16T12:09:06Z</time><speed>0.000</speed><sat>23</sat></trkpt>
  <trkpt lat="10.77737185" lon="106.70699294"><ele>20.527</ele><time>2025-01-16T12:09:07Z</time><speed>0.000</speed><sat>25</sat></trkpt>
  <trkpt lat="10.77737201" lon="106.70699297"><ele>20.525</ele><time>2025-01-16T12:09:08Z</time><speed>0.000</speed><sat>25</sat></trkpt>
  <trkpt lat="10.77737216" lon="106.70699301"><ele>20.524</ele><time>2025-01-16T12:09:09Z</time><speed>0.000</speed><sat>25</sat></trkpt>
  <trkpt lat="10.77737232" lon="106.70699304"><ele>20.529</ele><time>2025-01-16T12:09:10Z</time><speed>0.000</speed><sat>25</sat></trkpt>
  <trkpt lat="10.77737244" lon="106.70699307"><ele>20.539</ele><time>2025-01-16T12:09:11Z</time><speed>0.000</speed><sat>25</sat></trkpt>
  <trkpt lat="10.77737262" lon="106.70699310"><ele>20.543</ele><time>2025-01-16T12:09:12Z</time><speed>0.000</speed><sat>25</sat></trkpt>
  <trkpt lat="10.77737283" lon="106.70699312"><ele>20.544</ele><time>2025-01-16T12:09:13Z</time><speed>0.000</speed><sat>25</sat></trkpt>
  <trkpt lat="10.77737303" lon="106.70699314"><ele>20.547</ele><time>2025-01-16T12:09:14Z</time><speed>0.000</speed><sat>26</sat></trkpt>
  <trkpt lat="10.77737299" lon="106.70699344"><ele>20.500</ele><time>2025-01-16T12:09:15Z</time><speed>0.000</speed><sat>26</sat></trkpt>
  <trkpt lat="10.77737532" lon="106.70699382"><ele>20.415</ele><time>2025-01-16T12:09:16Z</time><speed>0.220</speed><sat>26</sat></trkpt>
  <trkpt lat="10.77738134" lon="106.70699571"><ele>20.947</ele><time>2025-01-16T12:09:17Z</time><speed>0.710</speed><sat>26</sat></trkpt>
  <trkpt lat="10.77738927" lon="106.70699812"><ele>20.630</ele><time>2025-01-16T12:09:18Z</time><speed>0.700</speed><sat>26</sat></trkpt>
  <trkpt lat="10.77739708" lon="106.70700113"><ele>20.933</ele><time>2025-01-16T12:09:19Z</time><speed>0.640</speed><sat>26</sat></trkpt>
  <trkpt lat="10.77740501" lon="106.70700435"><ele>20.736</ele><time>2025-01-16T12:09:20Z</time><speed>0.690</speed><sat>25</sat></trkpt>
  <trkpt lat="10.77741356" lon="106.70700799"><ele>20.249</ele><time>2025-01-16T12:09:21Z</time><speed>0.640</speed><sat>25</sat></trkpt>
  <trkpt lat="10.77742029" lon="106.70701177"><ele>19.338</ele><time>2025-01-16T12:09:22Z</time><speed>0.350</speed><sat>23</sat></trkpt>
  <trkpt lat="10.77742565" lon="106.70701916"><ele>18.722</ele><time>2025-01-16T12:09:23Z</time><speed>0.000</speed><sat>23</sat></trkpt>
  <trkpt lat="10.77742731" lon="106.70702347"><ele>18.701</ele><time>2025-01-16T12:09:24Z</time><speed>0.000</speed><sat>22</sat></trkpt>
  <trkpt lat="10.77742854" lon="106.70702648"><ele>18.610</ele><time>2025-01-16T12:09:25Z</time><speed>0.000</speed><sat>22</sat></trkpt>
  <trkpt lat="10.77742963" lon="106.70702776"><ele>18.553</ele><time>2025-01-16T12:09:26Z</time><speed>0.000</speed><sat>22</sat></trkpt>
  <trkpt lat="10.77743082" lon="106.70702852"><ele>18.502</ele><time>2025-01-16T12:09:27Z</time><speed>0.000</speed><sat>22</sat></trkpt>
  <trkpt lat="10.77743209" lon="106.70702913"><ele>18.421</ele><time>2025-01-16T12:09:28Z</time><speed>0.000</speed><sat>22</sat></trkpt>
  <trkpt lat="10.77743324" lon="106.70702989"><ele>18.286</ele><time>2025-01-16T12:09:29Z</time><speed>0.000</speed><sat>21</sat></trkpt>
  <trkpt lat="10.77743435" lon="106.70703102"><ele>18.468</ele><time>2025-01-16T12:09:30Z</time><speed>0.000</speed><sat>22</sat></trkpt>
  <trkpt lat="10.77743571" lon="106.70703148"><ele>18.453</ele><time>2025-01-16T12:09:31Z</time><speed>0.000</speed><sat>21</sat></trkpt>
  <trkpt lat="10.77743684" lon="106.70703234"><ele>18.508</ele><time>2025-01-16T12:09:32Z</time><speed>0.000</speed><sat>22</sat></trkpt>
  <trkpt lat="10.77743761" lon="106.70703271"><ele>18.541</ele><time>2025-01-16T12:09:33Z</time><speed>0.000</speed><sat>22</sat></trkpt>
  <trkpt lat="10.77743870" lon="106.70703278"><ele>18.531</ele><time>2025-01-16T12:09:34Z</time><speed>0.000</speed><sat>23</sat></trkpt>
  <trkpt lat="10.77744116" lon="106.70703277"><ele>18.557</ele><time>2025-01-16T12:09:35Z</time><speed>0.250</speed><sat>24</sat></trkpt>
  <trkpt lat="10.77744668" lon="106.70703370"><ele>18.370</ele><time>2025-01-16T12:09:36Z</time><speed>0.590</speed><sat>24</sat></trkpt>
  <trkpt lat="10.77744962" lon="106.70703466"><ele>18.231</ele><time>2025-01-16T12:09:37Z</time><speed>0.000</speed><sat>25</sat></trkpt>
  <trkpt lat="10.77745329" lon="106.70703447"><ele>18.166</ele><time>2025-01-16T12:09:38Z</time><speed>0.410</speed><sat>25</sat></trkpt>
  <trkpt lat="10.77745837" lon="106.70703565"><ele>16.672</ele><time>2025-01-16T12:09:39Z</time><speed>0.390</speed><sat>26</sat></trkpt>
  <trkpt lat="10.77746328" lon="106.70703700"><ele>16.120</ele><time>2025-01-16T12:09:40Z</time><speed>0.340</speed><sat>26</sat></trkpt>
  <trkpt lat="10.77746904" lon="106.70703968"><ele>15.948</ele><time>2025-01-16T12:09:41Z</time><speed>0.000</speed><sat>18</sat></trkpt>
  <trkpt lat="10.77747247" lon="106.70704082"><ele>15.701</ele><time>2025-01-16T12:09:42Z</time><speed>0.000</speed><sat>18</sat></trkpt>
  <trkpt lat="10.77747424" lon="106.70704145"><ele>15.700</ele><time>2025-01-16T12:09:43Z</time><speed>0.000</speed><sat>18</sat></trkpt>
  <trkpt lat="10.77747469" lon="106.70704219"><ele>15.925</ele><time>2025-01-16T12:09:44Z</time><speed>0.000</speed><sat>16</sat></trkpt>
  <trkpt lat="10.77747687" lon="106.70704183"><ele>16.006</ele><time>2025-01-16T12:09:45Z</time><speed>0.000</speed><sat>26</sat></trkpt>
  <trkpt lat="10.77748124" lon="106.70703924"><ele>16.195</ele><time>2025-01-16T12:09:46Z</time><speed>0.000</speed><sat>25</sat></trkpt>
  <trkpt lat="10.77748381" lon="106.70703704"><ele>16.150</ele><time>2025-01-16T12:09:47Z</time><speed>0.000</speed><sat>26</sat></trkpt>
  <trkpt lat="10.77748652" lon="106.70703732"><ele>15.729</ele><time>2025-01-16T12:09:48Z</time><speed>0.160</speed><sat>26</sat></trkpt>
  <trkpt lat="10.77749086" lon="106.70703820"><ele>15.374</ele><time>2025-01-16T12:09:49Z</time><speed>0.380</speed><sat>27</sat></trkpt>
  <trkpt lat="10.77749695" lon="106.70704006"><ele>15.661</ele><time>2025-01-16T12:09:50Z</time><speed>0.650</speed><sat>27</sat></trkpt>
  <trkpt lat="10.77750399" lon="106.70704183"><ele>15.732</ele><time>2025-01-16T12:09:51Z</time><speed>0.650</speed><sat>18</sat></trkpt>
  <trkpt lat="10.77751260" lon="106.70704369"><ele>16.297</ele><time>2025-01-16T12:09:52Z</time><speed>0.660</speed><sat>18</sat></trkpt>
  <trkpt lat="10.77752072" lon="106.70704524"><ele>16.152</ele><time>2025-01-16T12:09:53Z</time><speed>0.500</speed><sat>17</sat></trkpt>
  <trkpt lat="10.77752740" lon="106.70704693"><ele>16.102</ele><time>2025-01-16T12:09:54Z</time><speed>0.490</speed><sat>17</sat></trkpt>
  <trkpt lat="10.77753539" lon="106.70704717"><ele>16.133</ele><time>2025-01-16T12:09:55Z</time><speed>0.000</speed><sat>17</sat></trkpt>
  <trkpt lat="10.77753744" lon="106.70704743"><ele>15.624</ele><time>2025-01-16T12:09:56Z</time><speed>0.000</speed><sat>16</sat></trkpt>
  <trkpt lat="10.77754005" lon="106.70704789"><ele>15.382</ele><time>2025-01-16T12:09:57Z</time><speed>0.000</speed><sat>14</sat></trkpt>
  <trkpt lat="10.77754136" lon="106.70704812"><ele>15.382</ele><time>2025-01-16T12:09:58Z</time><speed>0.000</speed><sat>14</sat></trkpt>
  <trkpt lat="10.77754626" lon="106.70704974"><ele>15.634</ele><time>2025-01-16T12:09:59Z</time><speed>0.510</speed><sat>16</sat></trkpt>
  <trkpt lat="10.77755103" lon="106.70705073"><ele>15.236</ele><time>2025-01-16T12:10:00Z</time><speed>0.340</speed><sat>15</sat></trkpt>
  <trkpt lat="10.77755034" lon="106.70705063"><ele>14.641</ele><time>2025-01-16T12:10:01Z</time><speed>0.000</speed><sat>13</sat></trkpt>
  <trkpt lat="10.77754937" lon="106.70705041"><ele>14.639</ele><time>2025-01-16T12:10:02Z</time><speed>0.000</speed><sat>13</sat></trkpt>
  <trkpt lat="10.77754909" lon="106.70705102"><ele>13.950</ele><time>2025-01-16T12:10:03Z</time><speed>0.000</speed><sat>16</sat></trkpt>
  <trkpt lat="10.77754981" lon="106.70705072"><ele>13.757</ele><time>2025-01-16T12:10:04Z</time><speed>0.000</speed><sat>14</sat></trkpt>
  <trkpt lat="10.77755034" lon="106.70705107"><ele>13.713</ele><time>2025-01-16T12:10:05Z</time><speed>0.000</speed><sat>16</sat></trkpt>
  <trkpt lat="10.77755003" lon="106.70705107"><ele>13.705</ele><time>2025-01-16T12:10:06Z</time><speed>0.000</speed><sat>15</sat></trkpt>
  <trkpt lat="10.77755004" lon="106.70705148"><ele>13.637</ele><time>2025-01-16T12:10:07Z</time><speed>0.000</speed><sat>11</sat></trkpt>
  <trkpt lat="10.77754998" lon="106.70705150"><ele>13.501</ele><time>2025-01-16T12:10:08Z</time><speed>0.000</speed><sat>14</sat></trkpt>
  <trkpt lat="10.77754944" lon="106.70705102"><ele>13.548</ele><time>2025-01-16T12:10:09Z</time><speed>0.000</speed><sat>14</sat></trkpt>
  <trkpt lat="10.77754940" lon="106.70705082"><ele>13.556</ele><time>2025-01-16T12:10:10Z</time><speed>0.000</speed><sat>13</sat></trkpt>
  <trkpt lat="10.77754943" lon="106.70705083"><ele>13.579</ele><time>2025-01-16T12:10:11Z</time><speed>0.000</speed><sat>14</sat></trkpt>
  <trkpt lat="10.77754960" lon="106.70705113"><ele>13.626</ele><time>2025-01-16T12:10:12Z</time><speed>0.000</speed><sat>15</sat></trkpt>
  <trkpt lat="10.77754980" lon="106.70705127"><ele>13.593</ele><time>2025-01-16T12:10:13Z</time><speed>0.000</speed><sat>12</sat></trkpt>
  <trkpt lat="10.77754997" lon="106.70705127"><ele>13.631</ele><time>2025-01-16T12:10:14Z</time><speed>0.000</speed><sat>11</sat></trkpt>
  <trkpt lat="10.77755002" lon="106.70705132"><ele>13.619</ele><time>2025-01-16T12:10:15Z</time><speed>0.000</speed><sat>11</sat></trkpt>
  <trkpt lat="10.77755257" lon="106.70705092"><ele>13.672</ele><time>2025-01-16T12:10:16Z</time><speed>0.510</speed><sat>12</sat></trkpt>
  <trkpt lat="10.77756034" lon="106.70705219"><ele>13.898</ele><time>2025-01-16T12:10:17Z</time><speed>0.810</speed><sat>11</sat></trkpt>
  <trkpt lat="10.77756988" lon="106.70705352"><ele>14.112</ele><time>2025-01-16T12:10:18Z</time><speed>0.810</speed><sat>11</sat></trkpt>
  <trkpt lat="10.77757919" lon="106.70705471"><ele>13.659</ele><time>2025-01-16T12:10:19Z</time><speed>0.850</speed><sat>13</sat></trkpt>
  <trkpt lat="10.77758987" lon="106.70705832"><ele>13.344</ele><time>2025-01-16T12:10:20Z</time><speed>1.230</speed><sat>14</sat></trkpt>
  <trkpt lat="10.77760023" lon="106.70706394"><ele>12.944</ele><time>2025-01-16T12:10:21Z</time><speed>1.240</speed><sat>12</sat></trkpt>
  <trkpt lat="10.77760982" lon="106.70707042"><ele>12.891</ele><time>2025-01-16T12:10:22Z</time><speed>1.210</speed><sat>12</sat></trkpt>
  <trkpt lat="10.77762179" lon="106.70707600"><ele>12.989</ele><time>2025-01-16T12:10:23Z</time><speed>1.420</speed><sat>15</sat></trkpt>
  <trkpt lat="10.77763737" lon="106.70708335"><ele>13.013</ele><time>2025-01-16T12:10:24Z</time><speed>2.020</speed><sat>19</sat></trkpt>
  <trkpt lat="10.77765600" lon="106.70709098"><ele>13.862</ele><time>2025-01-16T12:10:25Z</time><speed>2.110</speed><sat>20</sat></trkpt>
  <trkpt lat="10.77767343" lon="106.70709558"><ele>13.298</ele><time>2025-01-16T12:10:26Z</time><speed>1.670</speed><sat>23</sat></trkpt>
  <trkpt lat="10.77768578" lon="106.70709817"><ele>13.424</ele><time>2025-01-16T12:10:27Z</time><speed>0.940</speed><sat>25</sat></trkpt>
  <trkpt lat="10.77769191" lon="106.70709962"><ele>13.069</ele><time>2025-01-16T12:10:28Z</time><speed>0.350</speed><sat>25</sat></trkpt>
  <trkpt lat="10.77769440" lon="106.70709935"><ele>12.762</ele><time>2025-01-16T12:10:29Z</time><speed>0.210</speed><sat>26</sat></trkpt>
  <trkpt lat="10.77769460" lon="106.70709913"><ele>13.756</ele><time>2025-01-16T12:10:30Z</time><speed>0.000</speed><sat>25</sat></trkpt>
  <trkpt lat="10.77769406" lon="106.70709976"><ele>14.033</ele><time>2025-01-16T12:10:31Z</time><speed>0.000</speed><sat>24</sat></trkpt>
  <trkpt lat="10.77769376" lon="106.70710112"><ele>14.618</ele><time>2025-01-16T12:10:32Z</time><speed>0.000</speed><sat>24</sat></trkpt>
  <trkpt lat="10.77769368" lon="106.70710135"><ele>14.816</ele><time>2025-01-16T12:10:33Z</time><speed>0.000</speed><sat>23</sat></trkpt>
  <trkpt lat="10.77769408" lon="106.70710233"><ele>15.211</ele><time>2025-01-16T12:10:34Z</time><speed>0.000</speed><sat>23</sat></trkpt>
  <trkpt lat="10.77769480" lon="106.70710289"><ele>15.613</ele><time>2025-01-16T12:10:35Z</time><speed>0.000</speed><sat>23</sat></trkpt>
  <trkpt lat="10.77769800" lon="106.70710405"><ele>15.800</ele><time>2025-01-16T12:10:36Z</time><speed>0.340</speed><sat>22</sat></trkpt>
  <trkpt lat="10.77770513" lon="106.70710706"><ele>16.644</ele><time>2025-01-16T12:10:37Z</time><speed>0.870</speed><sat>24</sat></trkpt>
  <trkpt lat="10.77771968" lon="106.70711188"><ele>17.165</ele><time>2025-01-16T12:10:38Z</time><speed>2.100</speed><sat>24</sat></trkpt>
  <trkpt lat="10.77774066" lon="106.70711914"><ele>17.404</ele><time>2025-01-16T12:10:39Z</time><speed>2.320</speed><sat>24</sat></trkpt>
  <trkpt lat="10.77776206" lon="106.70712534"><ele>17.723</ele><time>2025-01-16T12:10:40Z</time><speed>2.260</speed><sat>24</sat></trkpt>
  <trkpt lat="10.77778227" lon="106.70713035"><ele>17.469</ele><time>2025-01-16T12:10:41Z</time><speed>2.070</speed><sat>24</sat></trkpt>
  <trkpt lat="10.77779439" lon="106.70713135"><ele>17.608</ele><time>2025-01-16T12:10:42Z</time><speed>0.730</speed><sat>23</sat></trkpt>
  <trkpt lat="10.77779991" lon="106.70713112"><ele>18.013</ele><time>2025-01-16T12:10:43Z</time><speed>0.500</speed><sat>22</sat></trkpt>
  <trkpt lat="10.77780168" lon="106.70713069"><ele>18.452</ele><time>2025-01-16T12:10:44Z</time><speed>0.000</speed><sat>22</sat></trkpt>
  <trkpt lat="10.77780005" lon="106.70712994"><ele>18.399</ele><time>2025-01-16T12:10:45Z</time><speed>0.000</speed><sat>22</sat></trkpt>
  <trkpt lat="10.77779878" lon="106.70712961"><ele>18.483</ele><time>2025-01-16T12:10:46Z</time><speed>0.000</speed><sat>21</sat></trkpt>
  <trkpt lat="10.77779863" lon="106.70713071"><ele>18.621</ele><time>2025-01-16T12:10:47Z</time><speed>0.000</speed><sat>20</sat></trkpt>
  <trkpt lat="10.77779824" lon="106.70713159"><ele>18.582</ele><time>2025-01-16T12:10:48Z</time><speed>0.000</speed><sat>20</sat></trkpt>
  <trkpt lat="10.77779809" lon="106.70713225"><ele>18.511</ele><time>2025-01-16T12:10:49Z</time><speed>0.000</speed><sat>20</sat></trkpt>
  <trkpt lat="10.77780805" lon="106.70713536"><ele>18.026</ele><time>2025-01-16T12:10:50Z</time><speed>1.820</speed><sat>21</sat></trkpt>
  <trkpt lat="10.77782463" lon="106.70714180"><ele>17.953</ele><time>2025-01-16T12:10:51Z</time><speed>1.750</speed><sat>21</sat></trkpt>
  <trkpt lat="10.77783531" lon="106.70714651"><ele>17.694</ele><time>2025-01-16T12:10:52Z</time><speed>0.920</speed><sat>22</sat></trkpt>
  <trkpt lat="10.77784096" lon="106.70715002"><ele>18.015</ele><time>2025-01-16T12:10:53Z</time><speed>0.630</speed><sat>23</sat></trkpt>
  <trkpt lat="10.77784450" lon="106.70715268"><ele>18.352</ele><time>2025-01-16T12:10:54Z</time><speed>0.270</speed><sat>23</sat></trkpt>
  <trkpt lat="10.77784362" lon="106.70715487"><ele>18.072</ele><time>2025-01-16T12:10:55Z</time><speed>0.000</speed><sat>22</sat></trkpt>
  <trkpt lat="10.77784370" lon="106.70715766"><ele>18.889</ele><time>2025-01-16T12:10:56Z</time><speed>0.000</speed><sat>22</sat></trkpt>
  <trkpt lat="10.77784225" lon="106.70715929"><ele>18.659</ele><time>2025-01-16T12:10:57Z</time><speed>0.000</speed><sat>21</sat></trkpt>
  <trkpt lat="10.77784152" lon="106.70716209"><ele>18.795</ele><time>2025-01-16T12:10:58Z</time><speed>0.000</speed><sat>21</sat></trkpt>
  <trkpt lat="10.77784149" lon="106.70716442"><ele>19.233</ele><time>2025-01-16T12:10:59Z</time><speed>0.000</speed><sat>22</sat></trkpt>
  <trkpt lat="10.77784183" lon="106.70716512"><ele>19.534</ele><time>2025-01-16T12:11:00Z</time><speed>0.000</speed><sat>22</sat></trkpt>
  <trkpt lat="10.77784207" lon="106.70716554"><ele>19.465</ele><time>2025-01-16T12:11:01Z</time><speed>0.000</speed><sat>22</sat></trkpt>
  <trkpt lat="10.77784317" lon="106.70716749"><ele>20.268</ele><time>2025-01-16T12:11:02Z</time><speed>0.000</speed><sat>22</sat></trkpt>
  <trkpt lat="10.77784449" lon="106.70716982"><ele>20.831</ele><time>2025-01-16T12:11:03Z</time><speed>0.000</speed><sat>22</sat></trkpt>
  <trkpt lat="10.77784511" lon="106.70717063"><ele>21.203</ele><time>2025-01-16T12:11:04Z</time><speed>0.000</speed><sat>21</sat></trkpt>
  <trkpt lat="10.77784533" lon="106.70717112"><ele>21.250</ele><time>2025-01-16T12:11:05Z</time><speed>0.000</speed><sat>21</sat></trkpt>
  <trkpt lat="10.77784569" lon="106.70717086"><ele>21.338</ele><time>2025-01-16T12:11:06Z</time><speed>0.000</speed><sat>22</sat></trkpt>
  <trkpt lat="10.77784606" lon="106.70717056"><ele>21.422</ele><time>2025-01-16T12:11:07Z</time><speed>0.000</speed><sat>22</sat></trkpt>
  <trkpt lat="10.77784611" lon="106.70717005"><ele>21.339</ele><time>2025-01-16T12:11:08Z</time><speed>0.000</speed><sat>22</sat></trkpt>
  <trkpt lat="10.77784615" lon="106.70716930"><ele>21.326</ele><time>2025-01-16T12:11:09Z</time><speed>0.000</speed><sat>21</sat></trkpt>
  <trkpt lat="10.77784612" lon="106.70716921"><ele>21.349</ele><time>2025-01-16T12:11:10Z</time><speed>0.000</speed><sat>21</sat></trkpt>
  <trkpt lat="10.77784618" lon="106.70716876"><ele>21.354</ele><time>2025-01-16T12:11:11Z</time><speed>0.000</speed><sat>21</sat></trkpt>
  <trkpt lat="10.77784616" lon="106.70716896"><ele>21.397</ele><time>2025-01-16T12:11:12Z</time><speed>0.000</speed><sat>21</sat></trkpt>
  <trkpt lat="10.77784619" lon="106.70716910"><ele>21.444</ele><time>2025-01-16T12:11:13Z</time><speed>0.000</speed><sat>21</sat></trkpt>
  <trkpt lat="10.77784621" lon="106.70716929"><ele>21.464</ele><time>2025-01-16T12:11:14Z</time><speed>0.000</speed><sat>20</sat></trkpt>
  <trkpt lat="10.77784730" lon="106.70717077"><ele>21.276</ele><time>2025-01-16T12:11:15Z</time><speed>0.190</speed><sat>22</sat></trkpt>
  <trkpt lat="10.77785023" lon="106.70717386"><ele>20.714</ele><time>2025-01-16T12:11:16Z</time><speed>0.470</speed><sat>22</sat></trkpt>
  <trkpt lat="10.77785459" lon="106.70717726"><ele>20.749</ele><time>2025-01-16T12:11:17Z</time><speed>0.480</speed><sat>22</sat></trkpt>
  <trkpt lat="10.77785882" lon="106.70718162"><ele>21.171</ele><time>2025-01-16T12:11:18Z</time><speed>0.440</speed><sat>21</sat></trkpt>
  <trkpt lat="10.77786112" lon="106.70718836"><ele>20.706</ele><time>2025-01-16T12:11:19Z</time><speed>0.000</speed><sat>21</sat></trkpt>
  <trkpt lat="10.77786150" lon="106.70719262"><ele>20.644</ele><time>2025-01-16T12:11:20Z</time><speed>0.000</speed><sat>22</sat></trkpt>
  <trkpt lat="10.77786201" lon="106.70719522"><ele>20.793</ele><time>2025-01-16T12:11:21Z</time><speed>0.000</speed><sat>21</sat></trkpt>
  <trkpt lat="10.77786141" lon="106.70719655"><ele>20.769</ele><time>2025-01-16T12:11:22Z</time><speed>0.000</speed><sat>21</sat></trkpt>
  <trkpt lat="10.77786129" lon="106.70719735"><ele>21.159</ele><time>2025-01-16T12:11:23Z</time><speed>0.000</speed><sat>21</sat></trkpt>
  <trkpt lat="10.77786061" lon="106.70719748"><ele>21.313</ele><time>2025-01-16T12:11:24Z</time><speed>0.000</speed><sat>21</sat></trkpt>
  <trkpt lat="10.77786125" lon="106.70719780"><ele>21.588</ele><time>2025-01-16T12:11:25Z</time><speed>0.000</speed><sat>21</sat></trkpt>
  <trkpt lat="10.77786252" lon="106.70719819"><ele>21.679</ele><time>2025-01-16T12:11:26Z</time><speed>0.000</speed><sat>21</sat></trkpt>
  <trkpt lat="10.77786337" lon="106.70719852"><ele>21.855</ele><time>2025-01-16T12:11:27Z</time><speed>0.000</speed><sat>21</sat></trkpt>
  <trkpt lat="10.77786502" lon="106.70719828"><ele>21.937</ele><time>2025-01-16T12:11:28Z</time><speed>0.150</speed><sat>21</sat></trkpt>
  <trkpt lat="10.77787206" lon="106.70719861"><ele>21.786</ele><time>2025-01-16T12:11:29Z</time><speed>0.940</speed><sat>21</sat></trkpt>
  <trkpt lat="10.77789045" lon="106.70720189"><ele>22.001</ele><time>2025-01-16T12:11:30Z</time><speed>2.810</speed><sat>21</sat></trkpt>
  <trkpt lat="10.77791209" lon="106.70720776"><ele>22.396</ele><time>2025-01-16T12:11:31Z</time><speed>1.970</speed><sat>21</sat></trkpt>
  <trkpt lat="10.77792609" lon="106.70721074"><ele>21.748</ele><time>2025-01-16T12:11:32Z</time><speed>1.210</speed><sat>21</sat></trkpt>
  <trkpt lat="10.77793814" lon="106.70721375"><ele>21.609</ele><time>2025-01-16T12:11:33Z</time><speed>1.460</speed><sat>21</sat></trkpt>
  <trkpt lat="10.77795349" lon="106.70721693"><ele>21.342</ele><time>2025-01-16T12:11:34Z</time><speed>1.770</speed><sat>22</sat></trkpt>
  <trkpt lat="10.77796557" lon="106.70722005"><ele>21.640</ele><time>2025-01-16T12:11:35Z</time><speed>0.910</speed><sat>22</sat></trkpt>
  <trkpt lat="10.77797284" lon="106.70722085"><ele>20.169</ele><time>2025-01-16T12:11:36Z</time><speed>0.900</speed><sat>23</sat></trkpt>
  <trkpt lat="10.77797649" lon="106.70721795"><ele>19.929</ele><time>2025-01-16T12:11:37Z</time><speed>0.280</speed><sat>24</sat></trkpt>
  <trkpt lat="10.77797816" lon="106.70721499"><ele>19.625</ele><time>2025-01-16T12:11:38Z</time><speed>0.340</speed><sat>24</sat></trkpt>
  <trkpt lat="10.77798669" lon="106.70721381"><ele>19.531</ele><time>2025-01-16T12:11:39Z</time><speed>1.410</speed><sat>24</sat></trkpt>
  <trkpt lat="10.77800429" lon="106.70721512"><ele>19.182</ele><time>2025-01-16T12:11:40Z</time><speed>2.300</speed><sat>24</sat></trkpt>
  <trkpt lat="10.77802467" lon="106.70721837"><ele>18.855</ele><time>2025-01-16T12:11:41Z</time><speed>2.120</speed><sat>23</sat></trkpt>
  <trkpt lat="10.77804525" lon="106.70721975"><ele>18.172</ele><time>2025-01-16T12:11:42Z</time><speed>2.420</speed><sat>22</sat></trkpt>
  <trkpt lat="10.77806501" lon="106.70721975"><ele>17.526</ele><time>2025-01-16T12:11:43Z</time><speed>1.820</speed><sat>21</sat></trkpt>
  <trkpt lat="10.77807590" lon="106.70721663"><ele>17.009</ele><time>2025-01-16T12:11:44Z</time><speed>0.600</speed><sat>20</sat></trkpt>
  <trkpt lat="10.77808284" lon="106.70721344"><ele>16.685</ele><time>2025-01-16T12:11:45Z</time><speed>0.740</speed><sat>22</sat></trkpt>
  <trkpt lat="10.77808879" lon="106.70721184"><ele>17.615</ele><time>2025-01-16T12:11:46Z</time><speed>0.430</speed><sat>24</sat></trkpt>
  <trkpt lat="10.77809171" lon="106.70720883"><ele>17.047</ele><time>2025-01-16T12:11:47Z</time><speed>0.210</speed><sat>24</sat></trkpt>
  <trkpt lat="10.77809419" lon="106.70720696"><ele>17.892</ele><time>2025-01-16T12:11:48Z</time><speed>0.260</speed><sat>24</sat></trkpt>
  <trkpt lat="10.77809579" lon="106.70720433"><ele>18.153</ele><time>2025-01-16T12:11:49Z</time><speed>0.000</speed><sat>25</sat></trkpt>
  <trkpt lat="10.77809734" lon="106.70720351"><ele>18.304</ele><time>2025-01-16T12:11:50Z</time><speed>0.000</speed><sat>24</sat></trkpt>
  <trkpt lat="10.77809862" lon="106.70720312"><ele>18.077</ele><time>2025-01-16T12:11:51Z</time><speed>0.000</speed><sat>23</sat></trkpt>
  <trkpt lat="10.77809957" lon="106.70720335"><ele>18.088</ele><time>2025-01-16T12:11:52Z</time><speed>0.000</speed><sat>22</sat></trkpt>
  <trkpt lat="10.77810123" lon="106.70720378"><ele>18.076</ele><time>2025-01-16T12:11:53Z</time><speed>0.000</speed><sat>22</sat></trkpt>
  <trkpt lat="10.77810266" lon="106.70720444"><ele>18.350</ele><time>2025-01-16T12:11:54Z</time><speed>0.000</speed><sat>20</sat></trkpt>
  <trkpt lat="10.77810612" lon="106.70720517"><ele>18.630</ele><time>2025-01-16T12:11:55Z</time><speed>0.390</speed><sat>23</sat></trkpt>
  <trkpt lat="10.77811952" lon="106.70720953"><ele>18.521</ele><time>2025-01-16T12:11:56Z</time><speed>2.140</speed><sat>23</sat></trkpt>
  <trkpt lat="10.77813711" lon="106.70721586"><ele>18.180</ele><time>2025-01-16T12:11:57Z</time><speed>1.700</speed><sat>22</sat></trkpt>
  <trkpt lat="10.77815440" lon="106.70722131"><ele>18.013</ele><time>2025-01-16T12:11:58Z</time><speed>2.080</speed><sat>22</sat></trkpt>
  <trkpt lat="10.77817346" lon="106.70722700"><ele>18.519</ele><time>2025-01-16T12:11:59Z</time><speed>1.890</speed><sat>23</sat></trkpt>
  <trkpt lat="10.77819371" lon="106.70723128"><ele>18.793</ele><time>2025-01-16T12:12:00Z</time><speed>2.010</speed><sat>23</sat></trkpt>
  <trkpt lat="10.77821307" lon="106.70723571"><ele>19.370</ele><time>2025-01-16T12:12:01Z</time><speed>1.760</speed><sat>23</sat></trkpt>
  <trkpt lat="10.77823060" lon="106.70723952"><ele>19.106</ele><time>2025-01-16T12:12:02Z</time><speed>1.730</speed><sat>21</sat></trkpt>
  <trkpt lat="10.77824765" lon="106.70724312"><ele>19.182</ele><time>2025-01-16T12:12:03Z</time><speed>1.690</speed><sat>21</sat></trkpt>
  <trkpt lat="10.77826164" lon="106.70724713"><ele>18.959</ele><time>2025-01-16T12:12:04Z</time><speed>1.290</speed><sat>22</sat></trkpt>
  <trkpt lat="10.77827326" lon="106.70725042"><ele>18.903</ele><time>2025-01-16T12:12:05Z</time><speed>1.220</speed><sat>23</sat></trkpt>
  <trkpt lat="10.77828432" lon="106.70725365"><ele>18.916</ele><time>2025-01-16T12:12:06Z</time><speed>1.190</speed><sat>23</sat></trkpt>
  <trkpt lat="10.77829572" lon="106.70725692"><ele>18.988</ele><time>2025-01-16T12:12:07Z</time><speed>1.270</speed><sat>24</sat></trkpt>
  <trkpt lat="10.77830658" lon="106.70726040"><ele>19.014</ele><time>2025-01-16T12:12:08Z</time><speed>1.130</speed><sat>25</sat></trkpt>
  <trkpt lat="10.77831721" lon="106.70726366"><ele>18.794</ele><time>2025-01-16T12:12:09Z</time><speed>1.180</speed><sat>25</sat></trkpt>
  <trkpt lat="10.77833007" lon="106.70726768"><ele>19.085</ele><time>2025-01-16T12:12:10Z</time><speed>1.630</speed><sat>25</sat></trkpt>
  <trkpt lat="10.77834736" lon="106.70727304"><ele>19.154</ele><time>2025-01-16T12:12:11Z</time><speed>2.190</speed><sat>25</sat></trkpt>
  <trkpt lat="10.77836761" lon="106.70727895"><ele>19.161</ele><time>2025-01-16T12:12:12Z</time><speed>2.330</speed><sat>24</sat></trkpt>
  <trkpt lat="10.77839012" lon="106.70728528"><ele>19.144</ele><time>2025-01-16T12:12:13Z</time><speed>2.720</speed><sat>23</sat></trkpt>
  <trkpt lat="10.77841549" lon="106.70729289"><ele>18.923</ele><time>2025-01-16T12:12:14Z</time><speed>3.040</speed><sat>23</sat></trkpt>
  <trkpt lat="10.77844250" lon="106.70730101"><ele>18.739</ele><time>2025-01-16T12:12:15Z</time><speed>3.150</speed><sat>22</sat></trkpt>
  <trkpt lat="10.77847172" lon="106.70730937"><ele>18.551</ele><time>2025-01-16T12:12:16Z</time><speed>3.480</speed><sat>23</sat></trkpt>
  <trkpt lat="10.77849779" lon="106.70731205"><ele>18.311</ele><time>2025-01-16T12:12:17Z</time><speed>2.560</speed><sat>24</sat></trkpt>
  <trkpt lat="10.77852002" lon="106.70730891"><ele>17.201</ele><time>2025-01-16T12:12:18Z</time><speed>2.880</speed><sat>25</sat></trkpt>
  <trkpt lat="10.77854874" lon="106.70730478"><ele>17.211</ele><time>2025-01-16T12:12:19Z</time><speed>3.710</speed><sat>26</sat></trkpt>
  <trkpt lat="10.77858807" lon="106.70729314"><ele>17.024</ele><time>2025-01-16T12:12:20Z</time><speed>4.630</speed><sat>25</sat></trkpt>
  <trkpt lat="10.77862510" lon="106.70728923"><ele>16.966</ele><time>2025-01-16T12:12:21Z</time><speed>3.600</speed><sat>24</sat></trkpt>
  <trkpt lat="10.77865525" lon="106.70728566"><ele>17.052</ele><time>2025-01-16T12:12:22Z</time><speed>2.940</speed><sat>24</sat></trkpt>
  <trkpt lat="10.77867302" lon="106.70728480"><ele>17.688</ele><time>2025-01-16T12:12:23Z</time><speed>1.230</speed><sat>24</sat></trkpt>
  <trkpt lat="10.77868842" lon="106.70728437"><ele>17.210</ele><time>2025-01-16T12:12:24Z</time><speed>2.290</speed><sat>24</sat></trkpt>
  <trkpt lat="10.77871469" lon="106.70728707"><ele>15.729</ele><time>2025-01-16T12:12:25Z</time><speed>3.900</speed><sat>23</sat></trkpt>
  <trkpt lat="10.77874791" lon="106.70729613"><ele>16.132</ele><time>2025-01-16T12:12:26Z</time><speed>3.730</speed><sat>24</sat></trkpt>
  <trkpt lat="10.77877798" lon="106.70731165"><ele>13.764</ele><time>2025-01-16T12:12:27Z</time><speed>3.630</speed><sat>24</sat></trkpt>
  <trkpt lat="10.77880816" lon="106.70732729"><ele>13.647</ele><time>2025-01-16T12:12:28Z</time><speed>3.540</speed><sat>27</sat></trkpt>
  <trkpt lat="10.77883585" lon="106.70733956"><ele>12.422</ele><time>2025-01-16T12:12:29Z</time><speed>3.180</speed><sat>26</sat></trkpt>
  <trkpt lat="10.77886220" lon="106.70734994"><ele>12.406</ele><time>2025-01-16T12:12:30Z</time><speed>3.020</speed><sat>27</sat></trkpt>
  <trkpt lat="10.77888765" lon="106.70735930"><ele>11.732</ele><time>2025-01-16T12:12:31Z</time><speed>2.840</speed><sat>27</sat></trkpt>
  <trkpt lat="10.77891018" lon="106.70736934"><ele>11.625</ele><time>2025-01-16T12:12:32Z</time><speed>2.670</speed><sat>25</sat></trkpt>
  <trkpt lat="10.77893098" lon="106.70737733"><ele>10.881</ele><time>2025-01-16T12:12:33Z</time><speed>2.300</speed><sat>24</sat></trkpt>
  <trkpt lat="10.77895073" lon="106.70738473"><ele>11.650</ele><time>2025-01-16T12:12:34Z</time><speed>2.080</speed><sat>23</sat></trkpt>
  <trkpt lat="10.77896683" lon="106.70739297"><ele>10.778</ele><time>2025-01-16T12:12:35Z</time><speed>1.680</speed><sat>23</sat></trkpt>
  <trkpt lat="10.77897741" lon="106.70739877"><ele>10.543</ele><time>2025-01-16T12:12:36Z</time><speed>0.930</speed><sat>24</sat></trkpt>
  <trkpt lat="10.77898368" lon="106.70740292"><ele>11.000</ele><time>2025-01-16T12:12:37Z</time><speed>0.680</speed><sat>23</sat></trkpt>
  <trkpt lat="10.77898845" lon="106.70740602"><ele>11.514</ele><time>2025-01-16T12:12:38Z</time><speed>0.530</speed><sat>22</sat></trkpt>
  <trkpt lat="10.77899246" lon="106.70740891"><ele>11.837</ele><time>2025-01-16T12:12:39Z</time><speed>0.420</speed><sat>23</sat></trkpt>
  <trkpt lat="10.77899558" lon="106.70741085"><ele>11.969</ele><time>2025-01-16T12:12:40Z</time><speed>0.280</speed><sat>23</sat></trkpt>
  <trkpt lat="10.77899865" lon="106.70741241"><ele>11.861</ele><time>2025-01-16T12:12:41Z</time><speed>0.270</speed><sat>23</sat></trkpt>
  <trkpt lat="10.77900161" lon="106.70741385"><ele>12.065</ele><time>2025-01-16T12:12:42Z</time><speed>0.230</speed><sat>22</sat></trkpt>
  <trkpt lat="10.77900490" lon="106.70741609"><ele>12.121</ele><time>2025-01-16T12:12:43Z</time><speed>0.000</speed><sat>23</sat></trkpt>
  <trkpt lat="10.77900816" lon="106.70741782"><ele>12.231</ele><time>2025-01-16T12:12:44Z</time><speed>0.310</speed><sat>23</sat></trkpt>
  <trkpt lat="10.77901295" lon="106.70741939"><ele>12.755</ele><time>2025-01-16T12:12:45Z</time><speed>0.440</speed><sat>22</sat></trkpt>
  <trkpt lat="10.77901947" lon="106.70742035"><ele>12.389</ele><time>2025-01-16T12:12:46Z</time><speed>0.660</speed><sat>23</sat></trkpt>
  <trkpt lat="10.77902834" lon="106.70742147"><ele>12.741</ele><time>2025-01-16T12:12:47Z</time><speed>0.860</speed><sat>24</sat></trkpt>
  <trkpt lat="10.77904100" lon="106.70742340"><ele>12.463</ele><time>2025-01-16T12:12:48Z</time><speed>1.380</speed><sat>23</sat></trkpt>
  <trkpt lat="10.77905814" lon="106.70742650"><ele>12.156</ele><time>2025-01-16T12:12:49Z</time><speed>1.740</speed><sat>23</sat></trkpt>
  <trkpt lat="10.77907736" lon="106.70743008"><ele>12.106</ele><time>2025-01-16T12:12:50Z</time><speed>1.940</speed><sat>23</sat></trkpt>
  <trkpt lat="10.77909860" lon="106.70743493"><ele>12.094</ele><time>2025-01-16T12:12:51Z</time><speed>2.180</speed><sat>23</sat></trkpt>
  <trkpt lat="10.77912185" lon="106.70744089"><ele>11.932</ele><time>2025-01-16T12:12:52Z</time><speed>2.380</speed><sat>22</sat></trkpt>
  <trkpt lat="10.77914610" lon="106.70744766"><ele>11.661</ele><time>2025-01-16T12:12:53Z</time><speed>2.450</speed><sat>21</sat></trkpt>
  <trkpt lat="10.77917218" lon="106.70745515"><ele>11.903</ele><time>2025-01-16T12:12:54Z</time><speed>2.810</speed><sat>22</sat></trkpt>
  <trkpt lat="10.77919951" lon="106.70746298"><ele>11.687</ele><time>2025-01-16T12:12:55Z</time><speed>2.820</speed><sat>22</sat></trkpt>
  <trkpt lat="10.77922742" lon="106.70746961"><ele>11.920</ele><time>2025-01-16T12:12:56Z</time><speed>2.880</speed><sat>22</sat></trkpt>
  <trkpt lat="10.77925664" lon="106.70747577"><ele>12.276</ele><time>2025-01-16T12:12:57Z</time><speed>3.000</speed><sat>22</sat></trkpt>
  <trkpt lat="10.77928768" lon="106.70748469"><ele>13.368</ele><time>2025-01-16T12:12:58Z</time><speed>3.360</speed><sat>24</sat></trkpt>
  <trkpt lat="10.77931920" lon="106.70749238"><ele>13.823</ele><time>2025-01-16T12:12:59Z</time><speed>2.960</speed><sat>24</sat></trkpt>
  <trkpt lat="10.77935618" lon="106.70750144"><ele>14.338</ele><time>2025-01-16T12:13:00Z</time><speed>4.220</speed><sat>23</sat></trkpt>
  <trkpt lat="10.77939806" lon="106.70751084"><ele>14.618</ele><time>2025-01-16T12:13:01Z</time><speed>4.160</speed><sat>23</sat></trkpt>
  <trkpt lat="10.77944118" lon="106.70752091"><ele>15.588</ele><time>2025-01-16T12:13:02Z</time><speed>4.310</speed><sat>23</sat></trkpt>
  <trkpt lat="10.77948406" lon="106.70753347"><ele>15.955</ele><time>2025-01-16T12:13:03Z</time><speed>4.380</speed><sat>23</sat></trkpt>
  <trkpt lat="10.77953014" lon="106.70754661"><ele>16.277</ele><time>2025-01-16T12:13:04Z</time><speed>4.900</speed><sat>25</sat></trkpt>
  <trkpt lat="10.77958078" lon="106.70755816"><ele>16.938</ele><time>2025-01-16T12:13:05Z</time><speed>4.990</speed><sat>25</sat></trkpt>
  <trkpt lat="10.77963155" lon="106.70756976"><ele>17.500</ele><time>2025-01-16T12:13:06Z</time><speed>4.980</speed><sat>25</sat></trkpt>
  <trkpt lat="10.77970891" lon="106.70757825"><ele>17.821</ele><time>2025-01-16T12:13:07Z</time><speed>5.170</speed><sat>25</sat></trkpt>
  <trkpt lat="10.77972847" lon="106.70758252"><ele>15.250</ele><time>2025-01-16T12:13:08Z</time><speed>4.020</speed><sat>24</sat></trkpt>
  <trkpt lat="10.77977951" lon="106.70759626"><ele>15.811</ele><time>2025-01-16T12:13:09Z</time><speed>4.670</speed><sat>25</sat></trkpt>
  <trkpt lat="10.77982786" lon="106.70760971"><ele>15.838</ele><time>2025-01-16T12:13:10Z</time><speed>4.860</speed><sat>26</sat></trkpt>
  <trkpt lat="10.77988858" lon="106.70762301"><ele>16.191</ele><time>2025-01-16T12:13:11Z</time><speed>5.150</speed><sat>27</sat></trkpt>
  <trkpt lat="10.77995150" lon="106.70762886"><ele>16.913</ele><time>2025-01-16T12:13:12Z</time><speed>5.280</speed><sat>26</sat></trkpt>
  <trkpt lat="10.78000904" lon="106.70764471"><ele>19.170</ele><time>2025-01-16T12:13:13Z</time><speed>5.600</speed><sat>27</sat></trkpt>
  <trkpt lat="10.78006714" lon="106.70766176"><ele>20.816</ele><time>2025-01-16T12:13:14Z</time><speed>5.320</speed><sat>26</sat></trkpt>
  <trkpt lat="10.78012107" lon="106.70768034"><ele>21.730</ele><time>2025-01-16T12:13:15Z</time><speed>5.040</speed><sat>25</sat></trkpt>
  <trkpt lat="10.78017288" lon="106.70770543"><ele>23.504</ele><time>2025-01-16T12:13:16Z</time><speed>5.390</speed><sat>27</sat></trkpt>
  <trkpt lat="10.78023309" lon="106.70771238"><ele>25.068</ele><time>2025-01-16T12:13:17Z</time><speed>5.750</speed><sat>28</sat></trkpt>
  <trkpt lat="10.78029286" lon="106.70771496"><ele>25.014</ele><time>2025-01-16T12:13:18Z</time><speed>5.870</speed><sat>29</sat></trkpt>
  <trkpt lat="10.78035333" lon="106.70772684"><ele>25.119</ele><time>2025-01-16T12:13:19Z</time><speed>6.750</speed><sat>27</sat></trkpt>
  <trkpt lat="10.78042555" lon="106.70773495"><ele>25.681</ele><time>2025-01-16T12:13:20Z</time><speed>7.060</speed><sat>26</sat></trkpt>
  <trkpt lat="10.78048948" lon="106.70775238"><ele>25.891</ele><time>2025-01-16T12:13:21Z</time><speed>7.280</speed><sat>25</sat></trkpt>
  <trkpt lat="10.78056421" lon="106.70776559"><ele>26.552</ele><time>2025-01-16T12:13:22Z</time><speed>7.450</speed><sat>25</sat></trkpt>
  <trkpt lat="10.78063130" lon="106.70778894"><ele>26.474</ele><time>2025-01-16T12:13:23Z</time><speed>7.360</speed><sat>25</sat></trkpt>
  <trkpt lat="10.78068319" lon="106.70781923"><ele>25.200</ele><time>2025-01-16T12:13:24Z</time><speed>7.140</speed><sat>23</sat></trkpt>
  <trkpt lat="10.78075690" lon="106.70783805"><ele>25.393</ele><time>2025-01-16T12:13:25Z</time><speed>7.530</speed><sat>23</sat></trkpt>
  <trkpt lat="10.78083286" lon="106.70786638"><ele>28.428</ele><time>2025-01-16T12:13:26Z</time><speed>7.930</speed><sat>23</sat></trkpt>
  <trkpt lat="10.78089708" lon="106.70788434"><ele>28.655</ele><time>2025-01-16T12:13:27Z</time><speed>7.580</speed><sat>23</sat></trkpt>
  <trkpt lat="10.78087933" lon="106.70785341"><ele>27.112</ele><time>2025-01-16T12:13:28Z</time><speed>2.170</speed><sat>23</sat></trkpt>
  <trkpt lat="10.78091317" lon="106.70784829"><ele>27.113</ele><time>2025-01-16T12:13:29Z</time><speed>3.380</speed><sat>24</sat></trkpt>
  <trkpt lat="10.78097974" lon="106.70786987"><ele>26.734</ele><time>2025-01-16T12:13:30Z</time><speed>5.170</speed><sat>25</sat></trkpt>
  <trkpt lat="10.78105506" lon="106.70788197"><ele>25.927</ele><time>2025-01-16T12:13:31Z</time><speed>6.360</speed><sat>23</sat></trkpt>
  <trkpt lat="10.78111892" lon="106.70792559"><ele>25.825</ele><time>2025-01-16T12:13:32Z</time><speed>6.100</speed><sat>22</sat></trkpt>
  <trkpt lat="10.78114503" lon="106.70790187"><ele>25.346</ele><time>2025-01-16T12:13:33Z</time><speed>4.830</speed><sat>22</sat></trkpt>
  <trkpt lat="10.78117527" lon="106.70788748"><ele>25.797</ele><time>2025-01-16T12:13:34Z</time><speed>3.580</speed><sat>19</sat></trkpt>
  <trkpt lat="10.78117856" lon="106.70785227"><ele>23.640</ele><time>2025-01-16T12:13:35Z</time><speed>3.420</speed><sat>19</sat></trkpt>
  <trkpt lat="10.78117639" lon="106.70781420"><ele>21.347</ele><time>2025-01-16T12:13:36Z</time><speed>3.220</speed><sat>20</sat></trkpt>
  <trkpt lat="10.78119158" lon="106.70778734"><ele>20.760</ele><time>2025-01-16T12:13:37Z</time><speed>3.370</speed><sat>19</sat></trkpt>
  <trkpt lat="10.78120254" lon="106.70776556"><ele>19.915</ele><time>2025-01-16T12:13:38Z</time><speed>3.170</speed><sat>20</sat></trkpt>
  <trkpt lat="10.78121724" lon="106.70774175"><ele>19.517</ele><time>2025-01-16T12:13:39Z</time><speed>2.940</speed><sat>21</sat></trkpt>
  <trkpt lat="10.78122315" lon="106.70772586"><ele>18.937</ele><time>2025-01-16T12:13:40Z</time><speed>2.470</speed><sat>23</sat></trkpt>
  <trkpt lat="10.78123482" lon="106.70770120"><ele>19.165</ele><time>2025-01-16T12:13:41Z</time><speed>2.390</speed><sat>24</sat></trkpt>
  <trkpt lat="10.78124964" lon="106.70768207"><ele>19.022</ele><time>2025-01-16T12:13:42Z</time><speed>2.860</speed><sat>25</sat></trkpt>
  <trkpt lat="10.78126881" lon="106.70766301"><ele>18.927</ele><time>2025-01-16T12:13:43Z</time><speed>3.080</speed><sat>25</sat></trkpt>
  <trkpt lat="10.78129053" lon="106.70763782"><ele>18.245</ele><time>2025-01-16T12:13:44Z</time><speed>4.140</speed><sat>24</sat></trkpt>
  <trkpt lat="10.78131782" lon="106.70760877"><ele>18.856</ele><time>2025-01-16T12:13:45Z</time><speed>4.630</speed><sat>24</sat></trkpt>
  <trkpt lat="10.78134761" lon="106.70757756"><ele>18.797</ele><time>2025-01-16T12:13:46Z</time><speed>4.910</speed><sat>24</sat></trkpt>
  <trkpt lat="10.78137793" lon="106.70754499"><ele>18.418</ele><time>2025-01-16T12:13:47Z</time><speed>4.990</speed><sat>26</sat></trkpt>
  <trkpt lat="10.78138321" lon="106.70752257"><ele>15.424</ele><time>2025-01-16T12:13:48Z</time><speed>5.400</speed><sat>22</sat></trkpt>
  <trkpt lat="10.78141167" lon="106.70749569"><ele>14.951</ele><time>2025-01-16T12:13:49Z</time><speed>5.500</speed><sat>24</sat></trkpt>
  <trkpt lat="10.78145011" lon="106.70745981"><ele>15.296</ele><time>2025-01-16T12:13:50Z</time><speed>5.570</speed><sat>24</sat></trkpt>
  <trkpt lat="10.78148414" lon="106.70742702"><ele>15.230</ele><time>2025-01-16T12:13:51Z</time><speed>5.120</speed><sat>27</sat></trkpt>
  <trkpt lat="10.78151429" lon="106.70739256"><ele>15.799</ele><time>2025-01-16T12:13:52Z</time><speed>4.950</speed><sat>27</sat></trkpt>
  <trkpt lat="10.78154473" lon="106.70735928"><ele>15.845</ele><time>2025-01-16T12:13:53Z</time><speed>4.760</speed><sat>27</sat></trkpt>
  <trkpt lat="10.78157398" lon="106.70732692"><ele>15.698</ele><time>2025-01-16T12:13:54Z</time><speed>4.700</speed><sat>28</sat></trkpt>
  <trkpt lat="10.78160582" lon="106.70729522"><ele>16.045</ele><time>2025-01-16T12:13:55Z</time><speed>4.880</speed><sat>27</sat></trkpt>
  <trkpt lat="10.78163457" lon="106.70726411"><ele>16.015</ele><time>2025-01-16T12:13:56Z</time><speed>4.670</speed><sat>27</sat></trkpt>
  <trkpt lat="10.78166774" lon="106.70722956"><ele>16.281</ele><time>2025-01-16T12:13:57Z</time><speed>5.220</speed><sat>19</sat></trkpt>
  <trkpt lat="10.78170065" lon="106.70719400"><ele>16.609</ele><time>2025-01-16T12:13:58Z</time><speed>5.540</speed><sat>19</sat></trkpt>
  <trkpt lat="10.78173271" lon="106.70715517"><ele>17.454</ele><time>2025-01-16T12:13:59Z</time><speed>5.500</speed><sat>18</sat></trkpt>
  <trkpt lat="10.78176140" lon="106.70712065"><ele>16.272</ele><time>2025-01-16T12:14:00Z</time><speed>5.550</speed><sat>22</sat></trkpt>
  <trkpt lat="10.78179525" lon="106.70708446"><ele>16.490</ele><time>2025-01-16T12:14:01Z</time><speed>5.520</speed><sat>23</sat></trkpt>
  <trkpt lat="10.78182888" lon="106.70704748"><ele>16.675</ele><time>2025-01-16T12:14:02Z</time><speed>5.350</speed><sat>23</sat></trkpt>
  <trkpt lat="10.78185623" lon="106.70701601"><ele>16.688</ele><time>2025-01-16T12:14:03Z</time><speed>4.820</speed><sat>23</sat></trkpt>
  <trkpt lat="10.78187507" lon="106.70699827"><ele>13.364</ele><time>2025-01-16T12:14:04Z</time><speed>4.820</speed><sat>23</sat></trkpt>
  <trkpt lat="10.78190588" lon="106.70696635"><ele>13.633</ele><time>2025-01-16T12:14:05Z</time><speed>4.870</speed><sat>25</sat></trkpt>
  <trkpt lat="10.78193570" lon="106.70693386"><ele>13.655</ele><time>2025-01-16T12:14:06Z</time><speed>4.830</speed><sat>24</sat></trkpt>
  <trkpt lat="10.78196707" lon="106.70689867"><ele>13.961</ele><time>2025-01-16T12:14:07Z</time><speed>5.050</speed><sat>24</sat></trkpt>
  <trkpt lat="10.78199927" lon="106.70686402"><ele>14.112</ele><time>2025-01-16T12:14:08Z</time><speed>5.210</speed><sat>25</sat></trkpt>
  <trkpt lat="10.78202931" lon="106.70683320"><ele>14.175</ele><time>2025-01-16T12:14:09Z</time><speed>4.620</speed><sat>26</sat></trkpt>
  <trkpt lat="10.78206133" lon="106.70679675"><ele>13.589</ele><time>2025-01-16T12:14:10Z</time><speed>5.200</speed><sat>25</sat></trkpt>
  <trkpt lat="10.78209479" lon="106.70675755"><ele>12.916</ele><time>2025-01-16T12:14:11Z</time><speed>5.550</speed><sat>26</sat></trkpt>
  <trkpt lat="10.78214171" lon="106.70671748"><ele>13.628</ele><time>2025-01-16T12:14:12Z</time><speed>7.040</speed><sat>25</sat></trkpt>
  <trkpt lat="10.78216865" lon="106.70668551"><ele>13.466</ele><time>2025-01-16T12:14:13Z</time><speed>4.410</speed><sat>25</sat></trkpt>
  <trkpt lat="10.78219865" lon="106.70665417"><ele>13.526</ele><time>2025-01-16T12:14:14Z</time><speed>4.420</speed><sat>25</sat></trkpt>
  <trkpt lat="10.78222499" lon="106.70662563"><ele>13.437</ele><time>2025-01-16T12:14:15Z</time><speed>4.040</speed><sat>25</sat></trkpt>
  <trkpt lat="10.78224628" lon="106.70660028"><ele>13.125</ele><time>2025-01-16T12:14:16Z</time><speed>3.700</speed><sat>26</sat></trkpt>
  <trkpt lat="10.78226388" lon="106.70657779"><ele>13.336</ele><time>2025-01-16T12:14:17Z</time><speed>3.400</speed><sat>25</sat></trkpt>
  <trkpt lat="10.78228658" lon="106.70655526"><ele>13.386</ele><time>2025-01-16T12:14:18Z</time><speed>3.400</speed><sat>24</sat></trkpt>
  <trkpt lat="10.78230944" lon="106.70653073"><ele>13.015</ele><time>2025-01-16T12:14:19Z</time><speed>3.700</speed><sat>24</sat></trkpt>
  <trkpt lat="10.78233056" lon="106.70649993"><ele>12.988</ele><time>2025-01-16T12:14:20Z</time><speed>4.250</speed><sat>22</sat></trkpt>
  <trkpt lat="10.78235314" lon="106.70646815"><ele>12.983</ele><time>2025-01-16T12:14:21Z</time><speed>4.470</speed><sat>23</sat></trkpt>
  <trkpt lat="10.78237027" lon="106.70645037"><ele>12.714</ele><time>2025-01-16T12:14:22Z</time><speed>3.220</speed><sat>23</sat></trkpt>
  <trkpt lat="10.78238888" lon="106.70642955"><ele>13.160</ele><time>2025-01-16T12:14:23Z</time><speed>2.940</speed><sat>24</sat></trkpt>
  <trkpt lat="10.78240744" lon="106.70641046"><ele>13.147</ele><time>2025-01-16T12:14:24Z</time><speed>2.710</speed><sat>24</sat></trkpt>
  <trkpt lat="10.78242570" lon="106.70639306"><ele>13.282</ele><time>2025-01-16T12:14:25Z</time><speed>2.680</speed><sat>24</sat></trkpt>
  <trkpt lat="10.78244658" lon="106.70637571"><ele>12.894</ele><time>2025-01-16T12:14:26Z</time><speed>3.130</speed><sat>21</sat></trkpt>
  <trkpt lat="10.78246999" lon="106.70636134"><ele>12.986</ele><time>2025-01-16T12:14:27Z</time><speed>2.820</speed><sat>23</sat></trkpt>
  <trkpt lat="10.78249588" lon="106.70635011"><ele>12.874</ele><time>2025-01-16T12:14:28Z</time><speed>3.160</speed><sat>23</sat></trkpt>
  <trkpt lat="10.78255101" lon="106.70639076"><ele>13.149</ele><time>2025-01-16T12:14:29Z</time><speed>5.050</speed><sat>24</sat></trkpt>
  <trkpt lat="10.78258239" lon="106.70641826"><ele>12.861</ele><time>2025-01-16T12:14:30Z</time><speed>4.510</speed><sat>26</sat></trkpt>
  <trkpt lat="10.78261657" lon="106.70644994"><ele>12.046</ele><time>2025-01-16T12:14:31Z</time><speed>5.050</speed><sat>25</sat></trkpt>
  <trkpt lat="10.78265144" lon="106.70648059"><ele>12.273</ele><time>2025-01-16T12:14:32Z</time><speed>5.520</speed><sat>25</sat></trkpt>
  <trkpt lat="10.78269797" lon="106.70651765"><ele>12.093</ele><time>2025-01-16T12:14:33Z</time><speed>5.790</speed><sat>25</sat></trkpt>
  <trkpt lat="10.78273400" lon="106.70655800"><ele>11.902</ele><time>2025-01-16T12:14:34Z</time><speed>6.450</speed><sat>26</sat></trkpt>
  <trkpt lat="10.78277942" lon="106.70660059"><ele>11.579</ele><time>2025-01-16T12:14:35Z</time><speed>6.830</speed><sat>28</sat></trkpt>
  <trkpt lat="10.78283847" lon="106.70664227"><ele>11.515</ele><time>2025-01-16T12:14:36Z</time><speed>7.350</speed><sat>28</sat></trkpt>
  <trkpt lat="10.78289223" lon="106.70668916"><ele>11.263</ele><time>2025-01-16T12:14:37Z</time><speed>7.630</speed><sat>28</sat></trkpt>
  <trkpt lat="10.78294572" lon="106.70673195"><ele>11.770</ele><time>2025-01-16T12:14:38Z</time><speed>7.810</speed><sat>28</sat></trkpt>
  <trkpt lat="10.78300381" lon="106.70678140"><ele>12.032</ele><time>2025-01-16T12:14:39Z</time><speed>7.930</speed><sat>28</sat></trkpt>
  <trkpt lat="10.78305826" lon="106.70682874"><ele>12.190</ele><time>2025-01-16T12:14:40Z</time><speed>7.850</speed><sat>28</sat></trkpt>
  <trkpt lat="10.78310830" lon="106.70688004"><ele>11.586</ele><time>2025-01-16T12:14:41Z</time><speed>7.700</speed><sat>26</sat></trkpt>
  <trkpt lat="10.78315655" lon="106.70692264"><ele>10.921</ele><time>2025-01-16T12:14:42Z</time><speed>7.410</speed><sat>28</sat></trkpt>
  <trkpt lat="10.78320639" lon="106.70697010"><ele>10.869</ele><time>2025-01-16T12:14:43Z</time><speed>7.360</speed><sat>28</sat></trkpt>
  <trkpt lat="10.78325814" lon="106.70701301"><ele>10.748</ele><time>2025-01-16T12:14:44Z</time><speed>7.370</speed><sat>28</sat></trkpt>
  <trkpt lat="10.78331043" lon="106.70705602"><ele>10.682</ele><time>2025-01-16T12:14:45Z</time><speed>7.490</speed><sat>29</sat></trkpt>
  <trkpt lat="10.78336288" lon="106.70709985"><ele>10.703</ele><time>2025-01-16T12:14:46Z</time><speed>7.580</speed><sat>29</sat></trkpt>
  <trkpt lat="10.78341593" lon="106.70714627"><ele>10.743</ele><time>2025-01-16T12:14:47Z</time><speed>7.600</speed><sat>29</sat></trkpt>
  <trkpt lat="10.78346682" lon="106.70719118"><ele>10.659</ele><time>2025-01-16T12:14:48Z</time><speed>7.450</speed><sat>27</sat></trkpt>
  <trkpt lat="10.78351866" lon="106.70723712"><ele>10.525</ele><time>2025-01-16T12:14:49Z</time><speed>7.490</speed><sat>25</sat></trkpt>
  <trkpt lat="10.78356632" lon="106.70728311"><ele>10.283</ele><time>2025-01-16T12:14:50Z</time><speed>7.490</speed><sat>25</sat></trkpt>
  <trkpt lat="10.78361887" lon="106.70732711"><ele>10.450</ele><time>2025-01-16T12:14:51Z</time><speed>7.600</speed><sat>24</sat></trkpt>
  <trkpt lat="10.78367229" lon="106.70737305"><ele>10.583</ele><time>2025-01-16T12:14:52Z</time><speed>7.710</speed><sat>25</sat></trkpt>
  <trkpt lat="10.78372594" lon="106.70741979"><ele>10.656</ele><time>2025-01-16T12:14:53Z</time><speed>7.790</speed><sat>24</sat></trkpt>
  <trkpt lat="10.78377871" lon="106.70746485"><ele>10.358</ele><time>2025-01-16T12:14:54Z</time><speed>7.380</speed><sat>24</sat></trkpt>
  <trkpt lat="10.78382694" lon="106.70750887"><ele>10.263</ele><time>2025-01-16T12:14:55Z</time><speed>7.120</speed><sat>15</sat></trkpt>
  <trkpt lat="10.78386932" lon="106.70754652"><ele>8.930</ele><time>2025-01-16T12:14:56Z</time><speed>6.980</speed><sat>15</sat></trkpt>
  <trkpt lat="10.78390531" lon="106.70758212"><ele>7.104</ele><time>2025-01-16T12:14:57Z</time><speed>6.670</speed><sat>13</sat></trkpt>
  <trkpt lat="10.78395141" lon="106.70762266"><ele>6.993</ele><time>2025-01-16T12:14:58Z</time><speed>6.740</speed><sat>13</sat></trkpt>
  <trkpt lat="10.78399213" lon="106.70765993"><ele>7.265</ele><time>2025-01-16T12:14:59Z</time><speed>6.330</speed><sat>15</sat></trkpt>
  <trkpt lat="10.78403148" lon="106.70769575"><ele>7.391</ele><time>2025-01-16T12:15:00Z</time><speed>5.640</speed><sat>20</sat></trkpt>
  <trkpt lat="10.78406743" lon="106.70773201"><ele>7.927</ele><time>2025-01-16T12:15:01Z</time><speed>5.030</speed><sat>25</sat></trkpt>
  <trkpt lat="10.78410206" lon="106.70776436"><ele>8.623</ele><time>2025-01-16T12:15:02Z</time><speed>4.550</speed><sat>25</sat></trkpt>
  <trkpt lat="10.78413129" lon="106.70778766"><ele>8.799</ele><time>2025-01-16T12:15:03Z</time><speed>3.950</speed><sat>25</sat></trkpt>
  <trkpt lat="10.78415778" lon="106.70780823"><ele>9.334</ele><time>2025-01-16T12:15:04Z</time><speed>3.520</speed><sat>27</sat></trkpt>
  <trkpt lat="10.78417842" lon="106.70782460"><ele>9.129</ele><time>2025-01-16T12:15:05Z</time><speed>2.640</speed><sat>28</sat></trkpt>
  <trkpt lat="10.78419945" lon="106.70783867"><ele>9.574</ele><time>2025-01-16T12:15:06Z</time><speed>2.280</speed><sat>18</sat></trkpt>
  <trkpt lat="10.78421730" lon="106.70785379"><ele>9.553</ele><time>2025-01-16T12:15:07Z</time><speed>2.280</speed><sat>16</sat></trkpt>
  <trkpt lat="10.78422268" lon="106.70785850"><ele>9.452</ele><time>2025-01-16T12:15:08Z</time><speed>1.300</speed><sat>15</sat></trkpt>
  <trkpt lat="10.78423156" lon="106.70786156"><ele>9.419</ele><time>2025-01-16T12:15:09Z</time><speed>0.870</speed><sat>14</sat></trkpt>
  <trkpt lat="10.78423713" lon="106.70786361"><ele>9.328</ele><time>2025-01-16T12:15:10Z</time><speed>0.000</speed><sat>16</sat></trkpt>
  <trkpt lat="10.78423715" lon="106.70786364"><ele>9.327</ele><time>2025-01-16T12:15:11Z</time><speed>0.000</speed><sat>16</sat></trkpt>
  <trkpt lat="10.78424307" lon="106.70786740"><ele>10.215</ele><time>2025-01-16T12:15:12Z</time><speed>0.000</speed><sat>14</sat></trkpt>
  <trkpt lat="10.78424308" lon="106.70786742"><ele>10.215</ele><time>2025-01-16T12:15:13Z</time><speed>0.000</speed><sat>14</sat></trkpt>
  <trkpt lat="10.78425265" lon="106.70787414"><ele>11.534</ele><time>2025-01-16T12:15:14Z</time><speed>0.000</speed><sat>15</sat></trkpt>
  <trkpt lat="10.78425251" lon="106.70787562"><ele>11.730</ele><time>2025-01-16T12:15:15Z</time><speed>0.000</speed><sat>18</sat></trkpt>
  <trkpt lat="10.78425260" lon="106.70787353"><ele>11.957</ele><time>2025-01-16T12:15:16Z</time><speed>0.000</speed><sat>16</sat></trkpt>
  <trkpt lat="10.78424669" lon="106.70787583"><ele>12.015</ele><time>2025-01-16T12:15:17Z</time><speed>0.000</speed><sat>16</sat></trkpt>
  <trkpt lat="10.78423816" lon="106.70788190"><ele>11.004</ele><time>2025-01-16T12:15:18Z</time><speed>0.000</speed><sat>16</sat></trkpt>
  <trkpt lat="10.78423191" lon="106.70788129"><ele>9.619</ele><time>2025-01-16T12:15:19Z</time><speed>0.000</speed><sat>15</sat></trkpt>
  <trkpt lat="10.78423806" lon="106.70788309"><ele>10.296</ele><time>2025-01-16T12:15:20Z</time><speed>0.000</speed><sat>17</sat></trkpt>
  <trkpt lat="10.78423952" lon="106.70788509"><ele>10.193</ele><time>2025-01-16T12:15:21Z</time><speed>0.000</speed><sat>17</sat></trkpt>
  <trkpt lat="10.78424037" lon="106.70788682"><ele>10.477</ele><time>2025-01-16T12:15:22Z</time><speed>0.000</speed><sat>19</sat></trkpt>
  <trkpt lat="10.78423820" lon="106.70788852"><ele>10.128</ele><time>2025-01-16T12:15:23Z</time><speed>0.000</speed><sat>26</sat></trkpt>
  <trkpt lat="10.78424112" lon="106.70788717"><ele>10.344</ele><time>2025-01-16T12:15:24Z</time><speed>0.000</speed><sat>26</sat></trkpt>
  <trkpt lat="10.78424130" lon="106.70788801"><ele>10.423</ele><time>2025-01-16T12:15:25Z</time><speed>0.000</speed><sat>26</sat></trkpt>
  <trkpt lat="10.78424134" lon="106.70788739"><ele>10.506</ele><time>2025-01-16T12:15:26Z</time><speed>0.000</speed><sat>28</sat></trkpt>
  <trkpt lat="10.78424121" lon="106.70788650"><ele>10.597</ele><time>2025-01-16T12:15:27Z</time><speed>0.000</speed><sat>29</sat></trkpt>
  <trkpt lat="10.78424125" lon="106.70788644"><ele>10.601</ele><time>2025-01-16T12:15:28Z</time><speed>0.000</speed><sat>20</sat></trkpt>
  <trkpt lat="10.78424140" lon="106.70788632"><ele>10.607</ele><time>2025-01-16T12:15:29Z</time><speed>0.000</speed><sat>18</sat></trkpt>
  <trkpt lat="10.78423994" lon="106.70788561"><ele>10.689</ele><time>2025-01-16T12:15:30Z</time><speed>0.000</speed><sat>28</sat></trkpt>
  <trkpt lat="10.78423917" lon="106.70788520"><ele>10.745</ele><time>2025-01-16T12:15:31Z</time><speed>0.000</speed><sat>28</sat></trkpt>
  <trkpt lat="10.78423813" lon="106.70788475"><ele>10.808</ele><time>2025-01-16T12:15:32Z</time><speed>0.000</speed><sat>27</sat></trkpt>
  <trkpt lat="10.78423870" lon="106.70788482"><ele>10.810</ele><time>2025-01-16T12:15:33Z</time><speed>0.000</speed><sat>27</sat></trkpt>
  <trkpt lat="10.78423890" lon="106.70788484"><ele>10.813</ele><time>2025-01-16T12:15:34Z</time><speed>0.000</speed><sat>26</sat></trkpt>
  <trkpt lat="10.78423882" lon="106.70788469"><ele>10.829</ele><time>2025-01-16T12:15:35Z</time><speed>0.000</speed><sat>26</sat></trkpt>
  <trkpt lat="10.78423925" lon="106.70788474"><ele>10.821</ele><time>2025-01-16T12:15:36Z</time><speed>0.000</speed><sat>26</sat></trkpt>
  <trkpt lat="10.78423932" lon="106.70788460"><ele>10.825</ele><time>2025-01-16T12:15:37Z</time><speed>0.000</speed><sat>19</sat></trkpt>
  <trkpt lat="10.78423932" lon="106.70788461"><ele>10.825</ele><time>2025-01-16T12:15:38Z</time><speed>0.000</speed><sat>19</sat></trkpt>
  <trkpt lat="10.78423954" lon="106.70788463"><ele>10.834</ele><time>2025-01-16T12:15:39Z</time><speed>0.000</speed><sat>19</sat></trkpt>
  <trkpt lat="10.78423964" lon="106.70788467"><ele>10.845</ele><time>2025-01-16T12:15:40Z</time><speed>0.000</speed><sat>18</sat></trkpt>
  <trkpt lat="10.78423960" lon="106.70788482"><ele>10.835</ele><time>2025-01-16T12:15:41Z</time><speed>0.000</speed><sat>17</sat></trkpt>
  <trkpt lat="10.78423963" lon="106.70788484"><ele>10.834</ele><time>2025-01-16T12:15:42Z</time><speed>0.000</speed><sat>19</sat></trkpt>
  <trkpt lat="10.78423978" lon="106.70788490"><ele>10.847</ele><time>2025-01-16T12:15:43Z</time><speed>0.000</speed><sat>17</sat></trkpt>
  <trkpt lat="10.78424565" lon="106.70788622"><ele>10.871</ele><time>2025-01-16T12:15:44Z</time><speed>0.870</speed><sat>15</sat></trkpt>
  <trkpt lat="10.78425374" lon="106.70789256"><ele>10.145</ele><time>2025-01-16T12:15:45Z</time><speed>1.750</speed><sat>16</sat></trkpt>
  <trkpt lat="10.78427097" lon="106.70790640"><ele>8.790</ele><time>2025-01-16T12:15:46Z</time><speed>2.150</speed><sat>18</sat></trkpt>
  <trkpt lat="10.78428729" lon="106.70792029"><ele>8.638</ele><time>2025-01-16T12:15:47Z</time><speed>2.460</speed><sat>17</sat></trkpt>
  <trkpt lat="10.78430725" lon="106.70793860"><ele>9.181</ele><time>2025-01-16T12:15:48Z</time><speed>3.200</speed><sat>16</sat></trkpt>
  <trkpt lat="10.78433225" lon="106.70796049"><ele>8.441</ele><time>2025-01-16T12:15:49Z</time><speed>3.840</speed><sat>19</sat></trkpt>
  <trkpt lat="10.78436064" lon="106.70798536"><ele>8.427</ele><time>2025-01-16T12:15:50Z</time><speed>4.220</speed><sat>17</sat></trkpt>
  <trkpt lat="10.78439012" lon="106.70801230"><ele>8.535</ele><time>2025-01-16T12:15:51Z</time><speed>4.380</speed><sat>18</sat></trkpt>
  <trkpt lat="10.78441963" lon="106.70804060"><ele>8.566</ele><time>2025-01-16T12:15:52Z</time><speed>4.530</speed><sat>18</sat></trkpt>
  <trkpt lat="10.78445061" lon="106.70807045"><ele>8.867</ele><time>2025-01-16T12:15:53Z</time><speed>4.760</speed><sat>17</sat></trkpt>
  <trkpt lat="10.78448432" lon="106.70810137"><ele>9.695</ele><time>2025-01-16T12:15:54Z</time><speed>5.060</speed><sat>16</sat></trkpt>
  <trkpt lat="10.78450201" lon="106.70813720"><ele>8.194</ele><time>2025-01-16T12:15:55Z</time><speed>4.910</speed><sat>17</sat></trkpt>
  <trkpt lat="10.78451972" lon="106.70815786"><ele>6.959</ele><time>2025-01-16T12:15:56Z</time><speed>4.700</speed><sat>14</sat></trkpt>
  <trkpt lat="10.78455195" lon="106.70818670"><ele>6.503</ele><time>2025-01-16T12:15:57Z</time><speed>4.750</speed><sat>14</sat></trkpt>
  <trkpt lat="10.78457651" lon="106.70820819"><ele>5.457</ele><time>2025-01-16T12:15:58Z</time><speed>5.170</speed><sat>15</sat></trkpt>
  <trkpt lat="10.78461212" lon="106.70823404"><ele>5.233</ele><time>2025-01-16T12:15:59Z</time><speed>5.160</speed><sat>16</sat></trkpt>
  <trkpt lat="10.78464881" lon="106.70826516"><ele>5.032</ele><time>2025-01-16T12:16:00Z</time><speed>5.420</speed><sat>16</sat></trkpt>
  <trkpt lat="10.78468788" lon="106.70828901"><ele>4.533</ele><time>2025-01-16T12:16:01Z</time><speed>5.630</speed><sat>14</sat></trkpt>
  <trkpt lat="10.78473307" lon="106.70833048"><ele>4.849</ele><time>2025-01-16T12:16:02Z</time><speed>5.700</speed><sat>14</sat></trkpt>
  <trkpt lat="10.78478031" lon="106.70836567"><ele>4.961</ele><time>2025-01-16T12:16:03Z</time><speed>5.950</speed><sat>14</sat></trkpt>
  <trkpt lat="10.78482708" lon="106.70839622"><ele>5.244</ele><time>2025-01-16T12:16:04Z</time><speed>5.400</speed><sat>17</sat></trkpt>
  <trkpt lat="10.78487960" lon="106.70842933"><ele>3.587</ele><time>2025-01-16T12:16:05Z</time><speed>6.020</speed><sat>17</sat></trkpt>
  <trkpt lat="10.78493344" lon="106.70845262"><ele>4.288</ele><time>2025-01-16T12:16:06Z</time><speed>6.590</speed><sat>16</sat></trkpt>
  <trkpt lat="10.78498107" lon="106.70848653"><ele>4.407</ele><time>2025-01-16T12:16:07Z</time><speed>6.450</speed><sat>16</sat></trkpt>
  <trkpt lat="10.78503711" lon="106.70852578"><ele>4.656</ele><time>2025-01-16T12:16:08Z</time><speed>6.520</speed><sat>18</sat></trkpt>
  <trkpt lat="10.78509044" lon="106.70856131"><ele>4.275</ele><time>2025-01-16T12:16:09Z</time><speed>6.880</speed><sat>13</sat></trkpt>
  <trkpt lat="10.78514211" lon="106.70860405"><ele>3.817</ele><time>2025-01-16T12:16:10Z</time><speed>6.910</speed><sat>15</sat></trkpt>
  <trkpt lat="10.78519687" lon="106.70863032"><ele>3.231</ele><time>2025-01-16T12:16:11Z</time><speed>7.330</speed><sat>13</sat></trkpt>
  <trkpt lat="10.78523721" lon="106.70867995"><ele>2.532</ele><time>2025-01-16T12:16:12Z</time><speed>7.040</speed><sat>15</sat></trkpt>
  <trkpt lat="10.78529177" lon="106.70871061"><ele>3.479</ele><time>2025-01-16T12:16:13Z</time><speed>7.430</speed><sat>14</sat></trkpt>
  <trkpt lat="10.78535118" lon="106.70874063"><ele>3.483</ele><time>2025-01-16T12:16:14Z</time><speed>7.350</speed><sat>14</sat></trkpt>
  <trkpt lat="10.78541171" lon="106.70876334"><ele>2.798</ele><time>2025-01-16T12:16:15Z</time><speed>7.270</speed><sat>12</sat></trkpt>
  <trkpt lat="10.78546097" lon="106.70878301"><ele>3.139</ele><time>2025-01-16T12:16:16Z</time><speed>5.890</speed><sat>12</sat></trkpt>
  <trkpt lat="10.78551350" lon="106.70880828"><ele>3.113</ele><time>2025-01-16T12:16:17Z</time><speed>6.330</speed><sat>12</sat></trkpt>
  <trkpt lat="10.78557831" lon="106.70884019"><ele>4.059</ele><time>2025-01-16T12:16:18Z</time><speed>7.060</speed><sat>13</sat></trkpt>
  <trkpt lat="10.78563807" lon="106.70887545"><ele>4.134</ele><time>2025-01-16T12:16:19Z</time><speed>7.320</speed><sat>13</sat></trkpt>
  <trkpt lat="10.78571880" lon="106.70890718"><ele>2.593</ele><time>2025-01-16T12:16:20Z</time><speed>8.080</speed><sat>15</sat></trkpt>
  <trkpt lat="10.78578346" lon="106.70893720"><ele>2.531</ele><time>2025-01-16T12:16:21Z</time><speed>7.900</speed><sat>15</sat></trkpt>
  <trkpt lat="10.78584315" lon="106.70896334"><ele>4.946</ele><time>2025-01-16T12:16:22Z</time><speed>8.730</speed><sat>12</sat></trkpt>
  <trkpt lat="10.78589223" lon="106.70898442"><ele>5.521</ele><time>2025-01-16T12:16:23Z</time><speed>6.780</speed><sat>15</sat></trkpt>
  <trkpt lat="10.78595102" lon="106.70900587"><ele>5.374</ele><time>2025-01-16T12:16:24Z</time><speed>6.590</speed><sat>15</sat></trkpt>
  <trkpt lat="10.78603769" lon="106.70904119"><ele>6.798</ele><time>2025-01-16T12:16:25Z</time><speed>7.090</speed><sat>13</sat></trkpt>
  <trkpt lat="10.78609668" lon="106.70906071"><ele>6.362</ele><time>2025-01-16T12:16:26Z</time><speed>6.880</speed><sat>15</sat></trkpt>
  <trkpt lat="10.78615007" lon="106.70908959"><ele>7.060</ele><time>2025-01-16T12:16:27Z</time><speed>6.990</speed><sat>14</sat></trkpt>
  <trkpt lat="10.78620189" lon="106.70911541"><ele>6.131</ele><time>2025-01-16T12:16:28Z</time><speed>7.080</speed><sat>18</sat></trkpt>
  <trkpt lat="10.78626184" lon="106.70913879"><ele>7.683</ele><time>2025-01-16T12:16:29Z</time><speed>7.080</speed><sat>19</sat></trkpt>
  <trkpt lat="10.78632619" lon="106.70916192"><ele>8.207</ele><time>2025-01-16T12:16:30Z</time><speed>7.040</speed><sat>17</sat></trkpt>
  <trkpt lat="10.78638303" lon="106.70917544"><ele>8.264</ele><time>2025-01-16T12:16:31Z</time><speed>6.900</speed><sat>17</sat></trkpt>
  <trkpt lat="10.78643870" lon="106.70918356"><ele>8.430</ele><time>2025-01-16T12:16:32Z</time><speed>6.850</speed><sat>17</sat></trkpt>
  <trkpt lat="10.78648972" lon="106.70921135"><ele>4.785</ele><time>2025-01-16T12:16:33Z</time><speed>6.730</speed><sat>16</sat></trkpt>
  <trkpt lat="10.78655730" lon="106.70923658"><ele>5.684</ele><time>2025-01-16T12:16:34Z</time><speed>6.870</speed><sat>15</sat></trkpt>
  <trkpt lat="10.78661451" lon="106.70925857"><ele>5.729</ele><time>2025-01-16T12:16:35Z</time><speed>6.740</speed><sat>17</sat></trkpt>
  <trkpt lat="10.78666861" lon="106.70928355"><ele>6.850</ele><time>2025-01-16T12:16:36Z</time><speed>6.810</speed><sat>18</sat></trkpt>
  <trkpt lat="10.78671036" lon="106.70931013"><ele>5.232</ele><time>2025-01-16T12:16:37Z</time><speed>6.730</speed><sat>15</sat></trkpt>
  <trkpt lat="10.78676665" lon="106.70933401"><ele>5.379</ele><time>2025-01-16T12:16:38Z</time><speed>6.740</speed><sat>15</sat></trkpt>
  <trkpt lat="10.78681298" lon="106.70936216"><ele>4.041</ele><time>2025-01-16T12:16:39Z</time><speed>6.450</speed><sat>13</sat></trkpt>
  <trkpt lat="10.78686697" lon="106.70938351"><ele>3.716</ele><time>2025-01-16T12:16:40Z</time><speed>6.660</speed><sat>13</sat></trkpt>
  <trkpt lat="10.78692505" lon="106.70940641"><ele>3.698</ele><time>2025-01-16T12:16:41Z</time><speed>6.650</speed><sat>13</sat></trkpt>
  <trkpt lat="10.78698775" lon="106.70942899"><ele>4.776</ele><time>2025-01-16T12:16:42Z</time><speed>6.690</speed><sat>15</sat></trkpt>
  <trkpt lat="10.78705130" lon="106.70945405"><ele>3.760</ele><time>2025-01-16T12:16:43Z</time><speed>6.450</speed><sat>15</sat></trkpt>
  <trkpt lat="10.78711444" lon="106.70947924"><ele>3.675</ele><time>2025-01-16T12:16:44Z</time><speed>6.590</speed><sat>15</sat></trkpt>
  <trkpt lat="10.78716951" lon="106.70950145"><ele>3.773</ele><time>2025-01-16T12:16:45Z</time><speed>6.560</speed><sat>15</sat></trkpt>
  <trkpt lat="10.78722988" lon="106.70951625"><ele>2.558</ele><time>2025-01-16T12:16:46Z</time><speed>6.410</speed><sat>16</sat></trkpt>
  <trkpt lat="10.78728254" lon="106.70953871"><ele>2.902</ele><time>2025-01-16T12:16:47Z</time><speed>6.500</speed><sat>17</sat></trkpt>
  <trkpt lat="10.78733708" lon="106.70956078"><ele>2.854</ele><time>2025-01-16T12:16:48Z</time><speed>6.490</speed><sat>17</sat></trkpt>
  <trkpt lat="10.78739832" lon="106.70958198"><ele>3.761</ele><time>2025-01-16T12:16:49Z</time><speed>6.560</speed><sat>17</sat></trkpt>
  <trkpt lat="10.78746154" lon="106.70959944"><ele>2.970</ele><time>2025-01-16T12:16:50Z</time><speed>6.420</speed><sat>18</sat></trkpt>
  <trkpt lat="10.78751491" lon="106.70964243"><ele>1.590</ele><time>2025-01-16T12:16:51Z</time><speed>6.440</speed><sat>17</sat></trkpt>
  <trkpt lat="10.78756869" lon="106.70966504"><ele>1.532</ele><time>2025-01-16T12:16:52Z</time><speed>6.440</speed><sat>17</sat></trkpt>
  <trkpt lat="10.78762689" lon="106.70968305"><ele>1.659</ele><time>2025-01-16T12:16:53Z</time><speed>6.500</speed><sat>17</sat></trkpt>
  <trkpt lat="10.78768666" lon="106.70970881"><ele>1.487</ele><time>2025-01-16T12:16:54Z</time><speed>6.490</speed><sat>16</sat></trkpt>
  <trkpt lat="10.78773583" lon="106.70971512"><ele>1.106</ele><time>2025-01-16T12:16:55Z</time><speed>6.520</speed><sat>16</sat></trkpt>
  <trkpt lat="10.78779268" lon="106.70974591"><ele>0.301</ele><time>2025-01-16T12:16:56Z</time><speed>6.500</speed><sat>15</sat></trkpt>
  <trkpt lat="10.78784118" lon="106.70976447"><ele>0.221</ele><time>2025-01-16T12:16:57Z</time><speed>6.610</speed><sat>16</sat></trkpt>
  <trkpt lat="10.78789127" lon="106.70978405"><ele>0.237</ele><time>2025-01-16T12:16:58Z</time><speed>6.730</speed><sat>16</sat></trkpt>
  <trkpt lat="10.78794787" lon="106.70980314"><ele>-0.153</ele><time>2025-01-16T12:16:59Z</time><speed>6.670</speed><sat>17</sat></trkpt>
  <trkpt lat="10.78800327" lon="106.70982711"><ele>0.928</ele><time>2025-01-16T12:17:00Z</time><speed>7.090</speed><sat>13</sat></trkpt>
  <trkpt lat="10.78806450" lon="106.70984257"><ele>0.710</ele><time>2025-01-16T12:17:01Z</time><speed>7.160</speed><sat>17</sat></trkpt>
  <trkpt lat="10.78812432" lon="106.70986684"><ele>0.560</ele><time>2025-01-16T12:17:02Z</time><speed>7.130</speed><sat>17</sat></trkpt>
  <trkpt lat="10.78818933" lon="106.70989168"><ele>-1.280</ele><time>2025-01-16T12:17:03Z</time><speed>7.190</speed><sat>15</sat></trkpt>
  <trkpt lat="10.78824970" lon="106.70991586"><ele>-1.377</ele><time>2025-01-16T12:17:04Z</time><speed>7.180</speed><sat>15</sat></trkpt>
  <trkpt lat="10.78829804" lon="106.70993173"><ele>-1.971</ele><time>2025-01-16T12:17:05Z</time><speed>6.930</speed><sat>17</sat></trkpt>
  <trkpt lat="10.78836133" lon="106.70995073"><ele>-1.591</ele><time>2025-01-16T12:17:06Z</time><speed>6.780</speed><sat>16</sat></trkpt>
  <trkpt lat="10.78841609" lon="106.70997097"><ele>-2.002</ele><time>2025-01-16T12:17:07Z</time><speed>6.710</speed><sat>17</sat></trkpt>
  <trkpt lat="10.78847233" lon="106.70999932"><ele>-1.484</ele><time>2025-01-16T12:17:08Z</time><speed>6.510</speed><sat>14</sat></trkpt>
  <trkpt lat="10.78852377" lon="106.71002781"><ele>-2.049</ele><time>2025-01-16T12:17:09Z</time><speed>6.500</speed><sat>16</sat></trkpt>
  <trkpt lat="10.78856720" lon="106.71005395"><ele>-2.091</ele><time>2025-01-16T12:17:10Z</time><speed>6.230</speed><sat>20</sat></trkpt>
  <trkpt lat="10.78861727" lon="106.71008606"><ele>-2.196</ele><time>2025-01-16T12:17:11Z</time><speed>6.250</speed><sat>18</sat></trkpt>
  <trkpt lat="10.78866517" lon="106.71012281"><ele>-2.213</ele><time>2025-01-16T12:17:12Z</time><speed>6.580</speed><sat>18</sat></trkpt>
  <trkpt lat="10.78871484" lon="106.71015430"><ele>-2.021</ele><time>2025-01-16T12:17:13Z</time><speed>6.450</speed><sat>17</sat></trkpt>
  <trkpt lat="10.78875900" lon="106.71019714"><ele>-1.243</ele><time>2025-01-16T12:17:14Z</time><speed>6.650</speed><sat>17</sat></trkpt>
  <trkpt lat="10.78880087" lon="106.71022454"><ele>-1.293</ele><time>2025-01-16T12:17:15Z</time><speed>6.180</speed><sat>17</sat></trkpt>
  <trkpt lat="10.78883726" lon="106.71026098"><ele>-0.992</ele><time>2025-01-16T12:17:16Z</time><speed>5.960</speed><sat>19</sat></trkpt>
  <trkpt lat="10.78886977" lon="106.71029888"><ele>-1.485</ele><time>2025-01-16T12:17:17Z</time><speed>5.490</speed><sat>28</sat></trkpt>
  <trkpt lat="10.78889794" lon="106.71033422"><ele>-0.828</ele><time>2025-01-16T12:17:18Z</time><speed>5.440</speed><sat>30</sat></trkpt>
  <trkpt lat="10.78892765" lon="106.71037384"><ele>0.471</ele><time>2025-01-16T12:17:19Z</time><speed>5.110</speed><sat>31</sat></trkpt>
  <trkpt lat="10.78895527" lon="106.71040962"><ele>0.656</ele><time>2025-01-16T12:17:20Z</time><speed>4.840</speed><sat>31</sat></trkpt>
  <trkpt lat="10.78897999" lon="106.71044194"><ele>0.828</ele><time>2025-01-16T12:17:21Z</time><speed>4.610</speed><sat>31</sat></trkpt>
  <trkpt lat="10.78900306" lon="106.71047441"><ele>1.456</ele><time>2025-01-16T12:17:22Z</time><speed>3.940</speed><sat>20</sat></trkpt>
  <trkpt lat="10.78902600" lon="106.71050549"><ele>1.428</ele><time>2025-01-16T12:17:23Z</time><speed>3.940</speed><sat>20</sat></trkpt>
  <trkpt lat="10.78903902" lon="106.71053127"><ele>1.243</ele><time>2025-01-16T12:17:24Z</time><speed>3.150</speed><sat>20</sat></trkpt>
  <trkpt lat="10.78906566" lon="106.71055360"><ele>1.203</ele><time>2025-01-16T12:17:25Z</time><speed>2.760</speed><sat>17</sat></trkpt>
  <trkpt lat="10.78907520" lon="106.71056728"><ele>1.119</ele><time>2025-01-16T12:17:26Z</time><speed>1.950</speed><sat>17</sat></trkpt>
  <trkpt lat="10.78909185" lon="106.71058466"><ele>0.127</ele><time>2025-01-16T12:17:27Z</time><speed>1.720</speed><sat>19</sat></trkpt>
  <trkpt lat="10.78909808" lon="106.71059821"><ele>-0.129</ele><time>2025-01-16T12:17:28Z</time><speed>1.160</speed><sat>18</sat></trkpt>
  <trkpt lat="10.78910699" lon="106.71060305"><ele>-0.534</ele><time>2025-01-16T12:17:29Z</time><speed>0.760</speed><sat>19</sat></trkpt>
  <trkpt lat="10.78911055" lon="106.71060903"><ele>-0.431</ele><time>2025-01-16T12:17:30Z</time><speed>0.760</speed><sat>19</sat></trkpt>
  <trkpt lat="10.78911010" lon="106.71061131"><ele>0.609</ele><time>2025-01-16T12:17:31Z</time><speed>0.150</speed><sat>16</sat></trkpt>
  <trkpt lat="10.78910561" lon="106.71060769"><ele>0.806</ele><time>2025-01-16T12:17:32Z</time><speed>0.000</speed><sat>15</sat></trkpt>
  <trkpt lat="10.78910141" lon="106.71060721"><ele>1.323</ele><time>2025-01-16T12:17:33Z</time><speed>0.000</speed><sat>16</sat></trkpt>
  <trkpt lat="10.78910038" lon="106.71060572"><ele>1.453</ele><time>2025-01-16T12:17:34Z</time><speed>0.000</speed><sat>17</sat></trkpt>
  <trkpt lat="10.78910036" lon="106.71060488"><ele>1.482</ele><time>2025-01-16T12:17:35Z</time><speed>0.000</speed><sat>17</sat></trkpt>
  <trkpt lat="10.78910147" lon="106.71060345"><ele>1.455</ele><time>2025-01-16T12:17:36Z</time><speed>0.000</speed><sat>19</sat></trkpt>
  <trkpt lat="10.78910286" lon="106.71060185"><ele>1.294</ele><time>2025-01-16T12:17:37Z</time><speed>0.000</speed><sat>15</sat></trkpt>
  <trkpt lat="10.78910357" lon="106.71060147"><ele>1.288</ele><time>2025-01-16T12:17:38Z</time><speed>0.000</speed><sat>16</sat></trkpt>
  <trkpt lat="10.78910471" lon="106.71060051"><ele>1.228</ele><time>2025-01-16T12:17:39Z</time><speed>0.000</speed><sat>17</sat></trkpt>
  <trkpt lat="10.78910535" lon="106.71060026"><ele>1.298</ele><time>2025-01-16T12:17:40Z</time><speed>0.000</speed><sat>15</sat></trkpt>
  <trkpt lat="10.78910695" lon="106.71059899"><ele>1.310</ele><time>2025-01-16T12:17:41Z</time><speed>0.000</speed><sat>15</sat></trkpt>
  <trkpt lat="10.78910940" lon="106.71060200"><ele>1.591</ele><time>2025-01-16T12:17:42Z</time><speed>0.520</speed><sat>14</sat></trkpt>
  <trkpt lat="10.78911249" lon="106.71060655"><ele>1.629</ele><time>2025-01-16T12:17:43Z</time><speed>0.520</speed><sat>14</sat></trkpt>
  <trkpt lat="10.78911354" lon="106.71060770"><ele>1.637</ele><time>2025-01-16T12:17:44Z</time><speed>0.000</speed><sat>15</sat></trkpt>
  <trkpt lat="10.78911323" lon="106.71060826"><ele>1.754</ele><time>2025-01-16T12:17:45Z</time><speed>0.000</speed><sat>15</sat></trkpt>
  <trkpt lat="10.78911417" lon="106.71061220"><ele>1.689</ele><time>2025-01-16T12:17:46Z</time><speed>0.690</speed><sat>17</sat></trkpt>
  <trkpt lat="10.78911638" lon="106.71061807"><ele>1.815</ele><time>2025-01-16T12:17:47Z</time><speed>0.580</speed><sat>17</sat></trkpt>
  <trkpt lat="10.78911830" lon="106.71062375"><ele>1.852</ele><time>2025-01-16T12:17:48Z</time><speed>0.600</speed><sat>16</sat></trkpt>
  <trkpt lat="10.78912163" lon="106.71063026"><ele>1.948</ele><time>2025-01-16T12:17:49Z</time><speed>0.890</speed><sat>17</sat></trkpt>
  <trkpt lat="10.78912752" lon="106.71064129"><ele>2.110</ele><time>2025-01-16T12:17:50Z</time><speed>1.680</speed><sat>18</sat></trkpt>
  <trkpt lat="10.78913719" lon="106.71065638"><ele>2.417</ele><time>2025-01-16T12:17:51Z</time><speed>2.150</speed><sat>18</sat></trkpt>
  <trkpt lat="10.78914874" lon="106.71067382"><ele>2.155</ele><time>2025-01-16T12:17:52Z</time><speed>2.330</speed><sat>17</sat></trkpt>
  <trkpt lat="10.78916076" lon="106.71069430"><ele>2.625</ele><time>2025-01-16T12:17:53Z</time><speed>2.820</speed><sat>19</sat></trkpt>
  <trkpt lat="10.78917474" lon="106.71071878"><ele>2.977</ele><time>2025-01-16T12:17:54Z</time><speed>3.290</speed><sat>16</sat></trkpt>
  <trkpt lat="10.78919128" lon="106.71074699"><ele>2.370</ele><time>2025-01-16T12:17:55Z</time><speed>3.720</speed><sat>16</sat></trkpt>
  <trkpt lat="10.78920897" lon="106.71077896"><ele>2.341</ele><time>2025-01-16T12:17:56Z</time><speed>4.160</speed><sat>16</sat></trkpt>
  <trkpt lat="10.78922886" lon="106.71081610"><ele>2.389</ele><time>2025-01-16T12:17:57Z</time><speed>4.740</speed><sat>17</sat></trkpt>
  <trkpt lat="10.78924786" lon="106.71085512"><ele>2.438</ele><time>2025-01-16T12:17:58Z</time><speed>4.560</speed><sat>17</sat></trkpt>
  <trkpt lat="10.78927290" lon="106.71090121"><ele>1.912</ele><time>2025-01-16T12:17:59Z</time><speed>5.110</speed><sat>16</sat></trkpt>
  <trkpt lat="10.78929417" lon="106.71094365"><ele>2.044</ele><time>2025-01-16T12:18:00Z</time><speed>5.080</speed><sat>15</sat></trkpt>
  <trkpt lat="10.78931549" lon="106.71098475"><ele>2.070</ele><time>2025-01-16T12:18:01Z</time><speed>5.070</speed><sat>15</sat></trkpt>
  <trkpt lat="10.78933766" lon="106.71103321"><ele>1.968</ele><time>2025-01-16T12:18:02Z</time><speed>5.500</speed><sat>16</sat></trkpt>
  <trkpt lat="10.78935029" lon="106.71108933"><ele>2.301</ele><time>2025-01-16T12:18:03Z</time><speed>5.680</speed><sat>15</sat></trkpt>
  <trkpt lat="10.78936504" lon="106.71114374"><ele>2.865</ele><time>2025-01-16T12:18:04Z</time><speed>5.970</speed><sat>14</sat></trkpt>
  <trkpt lat="10.78938281" lon="106.71120073"><ele>3.786</ele><time>2025-01-16T12:18:05Z</time><speed>6.060</speed><sat>17</sat></trkpt>
  <trkpt lat="10.78939779" lon="106.71125119"><ele>2.956</ele><time>2025-01-16T12:18:06Z</time><speed>6.270</speed><sat>14</sat></trkpt>
  <trkpt lat="10.78941619" lon="106.71130813"><ele>2.946</ele><time>2025-01-16T12:18:07Z</time><speed>6.490</speed><sat>18</sat></trkpt>
  <trkpt lat="10.78943016" lon="106.71136523"><ele>2.756</ele><time>2025-01-16T12:18:08Z</time><speed>6.650</speed><sat>20</sat></trkpt>
  <trkpt lat="10.78944210" lon="106.71142441"><ele>2.759</ele><time>2025-01-16T12:18:09Z</time><speed>6.610</speed><sat>20</sat></trkpt>
  <trkpt lat="10.78944646" lon="106.71148554"><ele>2.630</ele><time>2025-01-16T12:18:10Z</time><speed>7.030</speed><sat>17</sat></trkpt>
  <trkpt lat="10.78945292" lon="106.71155102"><ele>3.186</ele><time>2025-01-16T12:18:11Z</time><speed>7.240</speed><sat>18</sat></trkpt>
  <trkpt lat="10.78945615" lon="106.71161679"><ele>3.071</ele><time>2025-01-16T12:18:12Z</time><speed>7.200</speed><sat>17</sat></trkpt>
  <trkpt lat="10.78945989" lon="106.71167399"><ele>3.050</ele><time>2025-01-16T12:18:13Z</time><speed>7.460</speed><sat>18</sat></trkpt>
  <trkpt lat="10.78945986" lon="106.71174219"><ele>4.059</ele><time>2025-01-16T12:18:14Z</time><speed>7.680</speed><sat>18</sat></trkpt>
  <trkpt lat="10.78946100" lon="106.71181191"><ele>4.234</ele><time>2025-01-16T12:18:15Z</time><speed>7.630</speed><sat>18</sat></trkpt>
  <trkpt lat="10.78945116" lon="106.71188334"><ele>4.163</ele><time>2025-01-16T12:18:16Z</time><speed>7.800</speed><sat>14</sat></trkpt>
  <trkpt lat="10.78944719" lon="106.71195798"><ele>4.539</ele><time>2025-01-16T12:18:17Z</time><speed>7.880</speed><sat>17</sat></trkpt>
  <trkpt lat="10.78943469" lon="106.71202700"><ele>4.879</ele><time>2025-01-16T12:18:18Z</time><speed>7.900</speed><sat>17</sat></trkpt>
  <trkpt lat="10.78942208" lon="106.71209535"><ele>5.307</ele><time>2025-01-16T12:18:19Z</time><speed>7.890</speed><sat>17</sat></trkpt>
  <trkpt lat="10.78941390" lon="106.71216666"><ele>5.027</ele><time>2025-01-16T12:18:20Z</time><speed>7.930</speed><sat>18</sat></trkpt>
  <trkpt lat="10.78938974" lon="106.71224046"><ele>4.018</ele><time>2025-01-16T12:18:21Z</time><speed>7.960</speed><sat>15</sat></trkpt>
  <trkpt lat="10.78938072" lon="106.71231151"><ele>4.483</ele><time>2025-01-16T12:18:22Z</time><speed>7.940</speed><sat>17</sat></trkpt>
  <trkpt lat="10.78936798" lon="106.71238494"><ele>4.141</ele><time>2025-01-16T12:18:23Z</time><speed>7.760</speed><sat>19</sat></trkpt>
  <trkpt lat="10.78935527" lon="106.71245374"><ele>3.020</ele><time>2025-01-16T12:18:24Z</time><speed>8.050</speed><sat>18</sat></trkpt>
  <trkpt lat="10.78934706" lon="106.71252968"><ele>3.411</ele><time>2025-01-16T12:18:25Z</time><speed>8.060</speed><sat>18</sat></trkpt>
  <trkpt lat="10.78933663" lon="106.71258997"><ele>-0.668</ele><time>2025-01-16T12:18:26Z</time><speed>8.020</speed><sat>16</sat></trkpt>
  <trkpt lat="10.78932900" lon="106.71266490"><ele>-0.466</ele><time>2025-01-16T12:18:27Z</time><speed>8.020</speed><sat>17</sat></trkpt>
  <trkpt lat="10.78931741" lon="106.71273730"><ele>-0.505</ele><time>2025-01-16T12:18:28Z</time><speed>8.020</speed><sat>17</sat></trkpt>
  <trkpt lat="10.78930342" lon="106.71281535"><ele>-0.695</ele><time>2025-01-16T12:18:29Z</time><speed>7.990</speed><sat>16</sat></trkpt>
  <trkpt lat="10.78929231" lon="106.71288819"><ele>-0.598</ele><time>2025-01-16T12:18:30Z</time><speed>8.040</speed><sat>16</sat></trkpt>
  <trkpt lat="10.78928611" lon="106.71295370"><ele>-0.687</ele><time>2025-01-16T12:18:31Z</time><speed>8.120</speed><sat>12</sat></trkpt>
  <trkpt lat="10.78927513" lon="106.71302708"><ele>-0.671</ele><time>2025-01-16T12:18:32Z</time><speed>8.110</speed><sat>12</sat></trkpt>
  <trkpt lat="10.78926540" lon="106.71309432"><ele>-0.214</ele><time>2025-01-16T12:18:33Z</time><speed>8.030</speed><sat>14</sat></trkpt>
  <trkpt lat="10.78925298" lon="106.71315852"><ele>0.011</ele><time>2025-01-16T12:18:34Z</time><speed>7.230</speed><sat>16</sat></trkpt>
  <trkpt lat="10.78924562" lon="106.71323751"><ele>0.491</ele><time>2025-01-16T12:18:35Z</time><speed>8.140</speed><sat>16</sat></trkpt>
  <trkpt lat="10.78923184" lon="106.71330964"><ele>0.324</ele><time>2025-01-16T12:18:36Z</time><speed>8.300</speed><sat>16</sat></trkpt>
  <trkpt lat="10.78922979" lon="106.71334701"><ele>1.005</ele><time>2025-01-16T12:18:37Z</time><speed>6.640</speed><sat>20</sat></trkpt>
  <trkpt lat="10.78921604" lon="106.71343542"><ele>1.443</ele><time>2025-01-16T12:18:38Z</time><speed>8.170</speed><sat>22</sat></trkpt>
  <trkpt lat="10.78920724" lon="106.71351240"><ele>1.716</ele><time>2025-01-16T12:18:39Z</time><speed>8.030</speed><sat>22</sat></trkpt>
  <trkpt lat="10.78919871" lon="106.71358187"><ele>2.789</ele><time>2025-01-16T12:18:40Z</time><speed>7.760</speed><sat>25</sat></trkpt>
  <trkpt lat="10.78918663" lon="106.71364855"><ele>3.381</ele><time>2025-01-16T12:18:41Z</time><speed>7.500</speed><sat>26</sat></trkpt>
  <trkpt lat="10.78917204" lon="106.71371275"><ele>4.443</ele><time>2025-01-16T12:18:42Z</time><speed>7.560</speed><sat>26</sat></trkpt>
  <trkpt lat="10.78916166" lon="106.71377699"><ele>5.280</ele><time>2025-01-16T12:18:43Z</time><speed>7.580</speed><sat>26</sat></trkpt>
  <trkpt lat="10.78914831" lon="106.71383952"><ele>5.416</ele><time>2025-01-16T12:18:44Z</time><speed>7.230</speed><sat>27</sat></trkpt>
  <trkpt lat="10.78914403" lon="106.71390909"><ele>7.325</ele><time>2025-01-16T12:18:45Z</time><speed>7.230</speed><sat>27</sat></trkpt>
  <trkpt lat="10.78912232" lon="106.71396923"><ele>6.930</ele><time>2025-01-16T12:18:46Z</time><speed>7.110</speed><sat>29</sat></trkpt>
  <trkpt lat="10.78910572" lon="106.71403005"><ele>7.584</ele><time>2025-01-16T12:18:47Z</time><speed>7.030</speed><sat>29</sat></trkpt>
  <trkpt lat="10.78908944" lon="106.71409099"><ele>7.694</ele><time>2025-01-16T12:18:48Z</time><speed>7.040</speed><sat>29</sat></trkpt>
  <trkpt lat="10.78907634" lon="106.71416009"><ele>8.748</ele><time>2025-01-16T12:18:49Z</time><speed>7.230</speed><sat>29</sat></trkpt>
  <trkpt lat="10.78906810" lon="106.71422272"><ele>7.966</ele><time>2025-01-16T12:18:50Z</time><speed>7.750</speed><sat>30</sat></trkpt>
  <trkpt lat="10.78905909" lon="106.71428640"><ele>7.496</ele><time>2025-01-16T12:18:51Z</time><speed>8.080</speed><sat>31</sat></trkpt>
  <trkpt lat="10.78904022" lon="106.71435759"><ele>7.156</ele><time>2025-01-16T12:18:52Z</time><speed>8.260</speed><sat>30</sat></trkpt>
  <trkpt lat="10.78902418" lon="106.71442877"><ele>7.145</ele><time>2025-01-16T12:18:53Z</time><speed>8.200</speed><sat>29</sat></trkpt>
  <trkpt lat="10.78901188" lon="106.71450056"><ele>7.772</ele><time>2025-01-16T12:18:54Z</time><speed>8.000</speed><sat>29</sat></trkpt>
  <trkpt lat="10.78899519" lon="106.71457590"><ele>7.879</ele><time>2025-01-16T12:18:55Z</time><speed>8.110</speed><sat>29</sat></trkpt>
  <trkpt lat="10.78897641" lon="106.71464970"><ele>8.201</ele><time>2025-01-16T12:18:56Z</time><speed>8.130</speed><sat>29</sat></trkpt>
  <trkpt lat="10.78895787" lon="106.71472271"><ele>7.564</ele><time>2025-01-16T12:18:57Z</time><speed>8.170</speed><sat>28</sat></trkpt>
  <trkpt lat="10.78893137" lon="106.71480130"><ele>7.707</ele><time>2025-01-16T12:18:58Z</time><speed>8.560</speed><sat>28</sat></trkpt>
  <trkpt lat="10.78891789" lon="106.71487756"><ele>8.549</ele><time>2025-01-16T12:18:59Z</time><speed>8.270</speed><sat>27</sat></trkpt>
  <trkpt lat="10.78890691" lon="106.71495039"><ele>9.136</ele><time>2025-01-16T12:19:00Z</time><speed>8.140</speed><sat>27</sat></trkpt>
  <trkpt lat="10.78890055" lon="106.71502945"><ele>9.523</ele><time>2025-01-16T12:19:01Z</time><speed>8.230</speed><sat>27</sat></trkpt>
  <trkpt lat="10.78890150" lon="106.71510309"><ele>10.852</ele><time>2025-01-16T12:19:02Z</time><speed>8.130</speed><sat>26</sat></trkpt>
  <trkpt lat="10.78890649" lon="106.71517365"><ele>11.417</ele><time>2025-01-16T12:19:03Z</time><speed>7.830</speed><sat>27</sat></trkpt>
  <trkpt lat="10.78891221" lon="106.71524851"><ele>12.005</ele><time>2025-01-16T12:19:04Z</time><speed>7.920</speed><sat>27</sat></trkpt>
  <trkpt lat="10.78892057" lon="106.71532290"><ele>11.794</ele><time>2025-01-16T12:19:05Z</time><speed>8.120</speed><sat>25</sat></trkpt>
  <trkpt lat="10.78892498" lon="106.71539596"><ele>11.497</ele><time>2025-01-16T12:19:06Z</time><speed>8.450</speed><sat>25</sat></trkpt>
  <trkpt lat="10.78892825" lon="106.71546973"><ele>11.077</ele><time>2025-01-16T12:19:07Z</time><speed>8.540</speed><sat>25</sat></trkpt>
  <trkpt lat="10.78894049" lon="106.71555078"><ele>12.097</ele><time>2025-01-16T12:19:08Z</time><speed>8.640</speed><sat>25</sat></trkpt>
  <trkpt lat="10.78895183" lon="106.71563273"><ele>12.416</ele><time>2025-01-16T12:19:09Z</time><speed>8.660</speed><sat>25</sat></trkpt>
  <trkpt lat="10.78896509" lon="106.71571143"><ele>12.886</ele><time>2025-01-16T12:19:10Z</time><speed>8.510</speed><sat>25</sat></trkpt>
  <trkpt lat="10.78897773" lon="106.71578535"><ele>12.433</ele><time>2025-01-16T12:19:11Z</time><speed>8.420</speed><sat>26</sat></trkpt>
  <trkpt lat="10.78899757" lon="106.71586348"><ele>12.916</ele><time>2025-01-16T12:19:12Z</time><speed>8.530</speed><sat>26</sat></trkpt>
  <trkpt lat="10.78901406" lon="106.71594196"><ele>13.080</ele><time>2025-01-16T12:19:13Z</time><speed>8.360</speed><sat>26</sat></trkpt>
  <trkpt lat="10.78903079" lon="106.71600837"><ele>12.724</ele><time>2025-01-16T12:19:14Z</time><speed>8.150</speed><sat>25</sat></trkpt>
  <trkpt lat="10.78904443" lon="106.71607985"><ele>13.081</ele><time>2025-01-16T12:19:15Z</time><speed>7.920</speed><sat>26</sat></trkpt>
  <trkpt lat="10.78905703" lon="106.71615542"><ele>13.041</ele><time>2025-01-16T12:19:16Z</time><speed>8.030</speed><sat>24</sat></trkpt>
  <trkpt lat="10.78906225" lon="106.71622581"><ele>13.345</ele><time>2025-01-16T12:19:17Z</time><speed>8.000</speed><sat>23</sat></trkpt>
  <trkpt lat="10.78905562" lon="106.71629811"><ele>13.289</ele><time>2025-01-16T12:19:18Z</time><speed>8.120</speed><sat>24</sat></trkpt>
  <trkpt lat="10.78904301" lon="106.71636663"><ele>12.612</ele><time>2025-01-16T12:19:19Z</time><speed>7.900</speed><sat>24</sat></trkpt>
  <trkpt lat="10.78900769" lon="106.71644294"><ele>13.947</ele><time>2025-01-16T12:19:20Z</time><speed>8.470</speed><sat>25</sat></trkpt>
  <trkpt lat="10.78897440" lon="106.71650640"><ele>14.711</ele><time>2025-01-16T12:19:21Z</time><speed>8.610</speed><sat>24</sat></trkpt>
  <trkpt lat="10.78892230" lon="106.71655611"><ele>12.484</ele><time>2025-01-16T12:19:22Z</time><speed>7.900</speed><sat>25</sat></trkpt>
  <trkpt lat="10.78888026" lon="106.71662144"><ele>12.834</ele><time>2025-01-16T12:19:23Z</time><speed>8.290</speed><sat>26</sat></trkpt>
  <trkpt lat="10.78881292" lon="106.71667811"><ele>13.222</ele><time>2025-01-16T12:19:24Z</time><speed>8.980</speed><sat>26</sat></trkpt>
  <trkpt lat="10.78874888" lon="106.71673637"><ele>12.107</ele><time>2025-01-16T12:19:25Z</time><speed>8.960</speed><sat>26</sat></trkpt>
  <trkpt lat="10.78868448" lon="106.71677767"><ele>12.665</ele><time>2025-01-16T12:19:26Z</time><speed>8.960</speed><sat>27</sat></trkpt>
  <trkpt lat="10.78860943" lon="106.71681699"><ele>11.383</ele><time>2025-01-16T12:19:27Z</time><speed>8.690</speed><sat>27</sat></trkpt>
  <trkpt lat="10.78853997" lon="106.71685902"><ele>12.154</ele><time>2025-01-16T12:19:28Z</time><speed>8.650</speed><sat>26</sat></trkpt>
  <trkpt lat="10.78846818" lon="106.71689392"><ele>12.818</ele><time>2025-01-16T12:19:29Z</time><speed>8.860</speed><sat>25</sat></trkpt>
  <trkpt lat="10.78839702" lon="106.71693306"><ele>13.086</ele><time>2025-01-16T12:19:30Z</time><speed>8.740</speed><sat>25</sat></trkpt>
  <trkpt lat="10.78832584" lon="106.71696627"><ele>12.149</ele><time>2025-01-16T12:19:31Z</time><speed>8.440</speed><sat>25</sat></trkpt>
  <trkpt lat="10.78825525" lon="106.71700444"><ele>10.986</ele><time>2025-01-16T12:19:32Z</time><speed>8.590</speed><sat>25</sat></trkpt>
  <trkpt lat="10.78819360" lon="106.71704081"><ele>10.378</ele><time>2025-01-16T12:19:33Z</time><speed>8.440</speed><sat>25</sat></trkpt>
  <trkpt lat="10.78812726" lon="106.71708326"><ele>11.212</ele><time>2025-01-16T12:19:34Z</time><speed>8.460</speed><sat>26</sat></trkpt>
  <trkpt lat="10.78806327" lon="106.71712282"><ele>11.285</ele><time>2025-01-16T12:19:35Z</time><speed>8.420</speed><sat>28</sat></trkpt>
  <trkpt lat="10.78799551" lon="106.71715561"><ele>11.109</ele><time>2025-01-16T12:19:36Z</time><speed>8.470</speed><sat>28</sat></trkpt>
  <trkpt lat="10.78792123" lon="106.71719051"><ele>11.632</ele><time>2025-01-16T12:19:37Z</time><speed>8.460</speed><sat>28</sat></trkpt>
  <trkpt lat="10.78785444" lon="106.71722428"><ele>11.647</ele><time>2025-01-16T12:19:38Z</time><speed>8.530</speed><sat>27</sat></trkpt>
  <trkpt lat="10.78778217" lon="106.71725933"><ele>11.631</ele><time>2025-01-16T12:19:39Z</time><speed>8.460</speed><sat>25</sat></trkpt>
  <trkpt lat="10.78771777" lon="106.71730290"><ele>10.862</ele><time>2025-01-16T12:19:40Z</time><speed>8.480</speed><sat>26</sat></trkpt>
  <trkpt lat="10.78764803" lon="106.71733841"><ele>9.590</ele><time>2025-01-16T12:19:41Z</time><speed>8.400</speed><sat>26</sat></trkpt>
  <trkpt lat="10.78757935" lon="106.71737477"><ele>10.678</ele><time>2025-01-16T12:19:42Z</time><speed>8.450</speed><sat>25</sat></trkpt>
  <trkpt lat="10.78751469" lon="106.71741201"><ele>10.832</ele><time>2025-01-16T12:19:43Z</time><speed>8.400</speed><sat>26</sat></trkpt>
  <trkpt lat="10.78745267" lon="106.71745292"><ele>10.342</ele><time>2025-01-16T12:19:44Z</time><speed>8.320</speed><sat>26</sat></trkpt>
  <trkpt lat="10.78738318" lon="106.71748849"><ele>10.661</ele><time>2025-01-16T12:19:45Z</time><speed>8.490</speed><sat>25</sat></trkpt>
  <trkpt lat="10.78731740" lon="106.71752776"><ele>11.001</ele><time>2025-01-16T12:19:46Z</time><speed>8.470</speed><sat>24</sat></trkpt>
  <trkpt lat="10.78724673" lon="106.71756497"><ele>10.101</ele><time>2025-01-16T12:19:47Z</time><speed>8.480</speed><sat>23</sat></trkpt>
  <trkpt lat="10.78718176" lon="106.71761167"><ele>10.587</ele><time>2025-01-16T12:19:48Z</time><speed>8.880</speed><sat>22</sat></trkpt>
  <trkpt lat="10.78711917" lon="106.71765262"><ele>10.329</ele><time>2025-01-16T12:19:49Z</time><speed>9.050</speed><sat>22</sat></trkpt>
  <trkpt lat="10.78704611" lon="106.71769017"><ele>10.971</ele><time>2025-01-16T12:19:50Z</time><speed>8.980</speed><sat>22</sat></trkpt>
  <trkpt lat="10.78697340" lon="106.71772971"><ele>11.744</ele><time>2025-01-16T12:19:51Z</time><speed>8.940</speed><sat>22</sat></trkpt>
  <trkpt lat="10.78688713" lon="106.71777337"><ele>12.368</ele><time>2025-01-16T12:19:52Z</time><speed>9.090</speed><sat>25</sat></trkpt>
  <trkpt lat="10.78682472" lon="106.71780134"><ele>11.924</ele><time>2025-01-16T12:19:53Z</time><speed>8.970</speed><sat>26</sat></trkpt>
  <trkpt lat="10.78674895" lon="106.71783932"><ele>12.814</ele><time>2025-01-16T12:19:54Z</time><speed>9.200</speed><sat>27</sat></trkpt>
  <trkpt lat="10.78667174" lon="106.71787763"><ele>13.706</ele><time>2025-01-16T12:19:55Z</time><speed>9.070</speed><sat>27</sat></trkpt>
  <trkpt lat="10.78660198" lon="106.71791683"><ele>14.138</ele><time>2025-01-16T12:19:56Z</time><speed>9.020</speed><sat>27</sat></trkpt>
  <trkpt lat="10.78652902" lon="106.71795151"><ele>14.750</ele><time>2025-01-16T12:19:57Z</time><speed>9.000</speed><sat>27</sat></trkpt>
  <trkpt lat="10.78645885" lon="106.71799132"><ele>14.862</ele><time>2025-01-16T12:19:58Z</time><speed>8.900</speed><sat>27</sat></trkpt>
  <trkpt lat="10.78638510" lon="106.71803026"><ele>15.911</ele><time>2025-01-16T12:19:59Z</time><speed>8.780</speed><sat>27</sat></trkpt>
  <trkpt lat="10.78631627" lon="106.71806836"><ele>16.000</ele><time>2025-01-16T12:20:00Z</time><speed>8.620</speed><sat>26</sat></trkpt>
  <trkpt lat="10.78624863" lon="106.71810596"><ele>16.009</ele><time>2025-01-16T12:20:01Z</time><speed>8.560</speed><sat>26</sat></trkpt>
  <trkpt lat="10.78618255" lon="106.71814685"><ele>15.814</ele><time>2025-01-16T12:20:02Z</time><speed>8.470</speed><sat>26</sat></trkpt>
  <trkpt lat="10.78611668" lon="106.71817885"><ele>16.328</ele><time>2025-01-16T12:20:03Z</time><speed>8.440</speed><sat>26</sat></trkpt>
  <trkpt lat="10.78604998" lon="106.71821619"><ele>16.055</ele><time>2025-01-16T12:20:04Z</time><speed>8.420</speed><sat>16</sat></trkpt>
  <trkpt lat="10.78598273" lon="106.71825259"><ele>16.065</ele><time>2025-01-16T12:20:05Z</time><speed>8.410</speed><sat>17</sat></trkpt>
  <trkpt lat="10.78590858" lon="106.71829391"><ele>17.060</ele><time>2025-01-16T12:20:06Z</time><speed>8.620</speed><sat>16</sat></trkpt>
  <trkpt lat="10.78584017" lon="106.71833202"><ele>17.075</ele><time>2025-01-16T12:20:07Z</time><speed>8.630</speed><sat>16</sat></trkpt>
  <trkpt lat="10.78576090" lon="106.71835132"><ele>16.854</ele><time>2025-01-16T12:20:08Z</time><speed>8.640</speed><sat>15</sat></trkpt>
  <trkpt lat="10.78569306" lon="106.71837751"><ele>17.357</ele><time>2025-01-16T12:20:09Z</time><speed>8.780</speed><sat>21</sat></trkpt>
  <trkpt lat="10.78562263" lon="106.71842688"><ele>16.983</ele><time>2025-01-16T12:20:10Z</time><speed>9.080</speed><sat>23</sat></trkpt>
  <trkpt lat="10.78555373" lon="106.71847741"><ele>17.165</ele><time>2025-01-16T12:20:11Z</time><speed>9.100</speed><sat>23</sat></trkpt>
  <trkpt lat="10.78548232" lon="106.71852011"><ele>16.478</ele><time>2025-01-16T12:20:12Z</time><speed>8.710</speed><sat>23</sat></trkpt>
  <trkpt lat="10.78542542" lon="106.71856834"><ele>16.097</ele><time>2025-01-16T12:20:13Z</time><speed>8.360</speed><sat>25</sat></trkpt>
  <trkpt lat="10.78536198" lon="106.71859687"><ele>14.610</ele><time>2025-01-16T12:20:14Z</time><speed>8.090</speed><sat>27</sat></trkpt>
  <trkpt lat="10.78529967" lon="106.71863027"><ele>15.175</ele><time>2025-01-16T12:20:15Z</time><speed>7.910</speed><sat>28</sat></trkpt>
  <trkpt lat="10.78523392" lon="106.71866481"><ele>15.340</ele><time>2025-01-16T12:20:16Z</time><speed>7.850</speed><sat>20</sat></trkpt>
  <trkpt lat="10.78517073" lon="106.71869888"><ele>15.264</ele><time>2025-01-16T12:20:17Z</time><speed>7.850</speed><sat>20</sat></trkpt>
  <trkpt lat="10.78510055" lon="106.71873319"><ele>14.431</ele><time>2025-01-16T12:20:18Z</time><speed>8.180</speed><sat>20</sat></trkpt>
  <trkpt lat="10.78504251" lon="106.71876441"><ele>12.868</ele><time>2025-01-16T12:20:19Z</time><speed>8.490</speed><sat>19</sat></trkpt>
  <trkpt lat="10.78497946" lon="106.71879679"><ele>12.421</ele><time>2025-01-16T12:20:20Z</time><speed>8.590</speed><sat>17</sat></trkpt>
  <trkpt lat="10.78491811" lon="106.71883656"><ele>12.386</ele><time>2025-01-16T12:20:21Z</time><speed>8.600</speed><sat>19</sat></trkpt>
  <trkpt lat="10.78484979" lon="106.71887384"><ele>12.217</ele><time>2025-01-16T12:20:22Z</time><speed>8.580</speed><sat>19</sat></trkpt>
  <trkpt lat="10.78477922" lon="106.71891292"><ele>11.890</ele><time>2025-01-16T12:20:23Z</time><speed>8.660</speed><sat>12</sat></trkpt>
  <trkpt lat="10.78471694" lon="106.71895898"><ele>10.607</ele><time>2025-01-16T12:20:24Z</time><speed>8.700</speed><sat>15</sat></trkpt>
  <trkpt lat="10.78464276" lon="106.71899001"><ele>10.185</ele><time>2025-01-16T12:20:25Z</time><speed>8.510</speed><sat>15</sat></trkpt>
  <trkpt lat="10.78457303" lon="106.71902888"><ele>9.704</ele><time>2025-01-16T12:20:26Z</time><speed>8.870</speed><sat>25</sat></trkpt>
  <trkpt lat="10.78449502" lon="106.71906016"><ele>8.796</ele><time>2025-01-16T12:20:27Z</time><speed>8.890</speed><sat>26</sat></trkpt>
  <trkpt lat="10.78441775" lon="106.71909709"><ele>8.832</ele><time>2025-01-16T12:20:28Z</time><speed>9.010</speed><sat>28</sat></trkpt>
  <trkpt lat="10.78434269" lon="106.71913237"><ele>8.193</ele><time>2025-01-16T12:20:29Z</time><speed>9.030</speed><sat>28</sat></trkpt>
  <trkpt lat="10.78426956" lon="106.71917141"><ele>7.878</ele><time>2025-01-16T12:20:30Z</time><speed>9.130</speed><sat>29</sat></trkpt>
  <trkpt lat="10.78419451" lon="106.71921011"><ele>7.635</ele><time>2025-01-16T12:20:31Z</time><speed>9.160</speed><sat>29</sat></trkpt>
  <trkpt lat="10.78411947" lon="106.71924948"><ele>7.668</ele><time>2025-01-16T12:20:32Z</time><speed>9.350</speed><sat>29</sat></trkpt>
  <trkpt lat="10.78404028" lon="106.71929720"><ele>8.344</ele><time>2025-01-16T12:20:33Z</time><speed>9.440</speed><sat>19</sat></trkpt>
  <trkpt lat="10.78396562" lon="106.71933781"><ele>8.147</ele><time>2025-01-16T12:20:34Z</time><speed>9.440</speed><sat>19</sat></trkpt>
  <trkpt lat="10.78389324" lon="106.71936618"><ele>7.706</ele><time>2025-01-16T12:20:35Z</time><speed>9.700</speed><sat>17</sat></trkpt>
  <trkpt lat="10.78382931" lon="106.71940078"><ele>6.800</ele><time>2025-01-16T12:20:36Z</time><speed>9.740</speed><sat>15</sat></trkpt>
  <trkpt lat="10.78375515" lon="106.71943694"><ele>6.182</ele><time>2025-01-16T12:20:37Z</time><speed>9.680</speed><sat>15</sat></trkpt>
  <trkpt lat="10.78367580" lon="106.71947408"><ele>6.250</ele><time>2025-01-16T12:20:38Z</time><speed>9.810</speed><sat>14</sat></trkpt>
  <trkpt lat="10.78359744" lon="106.71951540"><ele>6.082</ele><time>2025-01-16T12:20:39Z</time><speed>9.780</speed><sat>14</sat></trkpt>
  <trkpt lat="10.78351905" lon="106.71956259"><ele>5.966</ele><time>2025-01-16T12:20:40Z</time><speed>9.790</speed><sat>13</sat></trkpt>
  <trkpt lat="10.78343952" lon="106.71961280"><ele>6.107</ele><time>2025-01-16T12:20:41Z</time><speed>10.080</speed><sat>13</sat></trkpt>
  <trkpt lat="10.78336125" lon="106.71965706"><ele>6.078</ele><time>2025-01-16T12:20:42Z</time><speed>9.960</speed><sat>13</sat></trkpt>
  <trkpt lat="10.78328004" lon="106.71969704"><ele>7.846</ele><time>2025-01-16T12:20:43Z</time><speed>10.130</speed><sat>14</sat></trkpt>
  <trkpt lat="10.78319974" lon="106.71974589"><ele>7.343</ele><time>2025-01-16T12:20:44Z</time><speed>10.350</speed><sat>20</sat></trkpt>
  <trkpt lat="10.78311355" lon="106.71979772"><ele>6.653</ele><time>2025-01-16T12:20:45Z</time><speed>10.450</speed><sat>25</sat></trkpt>
  <trkpt lat="10.78302937" lon="106.71983430"><ele>5.796</ele><time>2025-01-16T12:20:46Z</time><speed>10.360</speed><sat>25</sat></trkpt>
  <trkpt lat="10.78294168" lon="106.71988231"><ele>6.253</ele><time>2025-01-16T12:20:47Z</time><speed>10.500</speed><sat>25</sat></trkpt>
  <trkpt lat="10.78286033" lon="106.71993424"><ele>5.374</ele><time>2025-01-16T12:20:48Z</time><speed>10.560</speed><sat>25</sat></trkpt>
  <trkpt lat="10.78277819" lon="106.71997900"><ele>4.901</ele><time>2025-01-16T12:20:49Z</time><speed>10.630</speed><sat>27</sat></trkpt>
  <trkpt lat="10.78268996" lon="106.72002149"><ele>4.471</ele><time>2025-01-16T12:20:50Z</time><speed>10.720</speed><sat>19</sat></trkpt>
  <trkpt lat="10.78260448" lon="106.72006681"><ele>4.248</ele><time>2025-01-16T12:20:51Z</time><speed>10.720</speed><sat>19</sat></trkpt>
  <trkpt lat="10.78251258" lon="106.72011508"><ele>4.120</ele><time>2025-01-16T12:20:52Z</time><speed>10.860</speed><sat>19</sat></trkpt>
  <trkpt lat="10.78243033" lon="106.72014876"><ele>3.105</ele><time>2025-01-16T12:20:53Z</time><speed>10.680</speed><sat>19</sat></trkpt>
  <trkpt lat="10.78234283" lon="106.72019623"><ele>3.098</ele><time>2025-01-16T12:20:54Z</time><speed>10.630</speed><sat>17</sat></trkpt>
  <trkpt lat="10.78225572" lon="106.72024339"><ele>2.927</ele><time>2025-01-16T12:20:55Z</time><speed>10.470</speed><sat>18</sat></trkpt>
  <trkpt lat="10.78217091" lon="106.72029155"><ele>3.283</ele><time>2025-01-16T12:20:56Z</time><speed>10.430</speed><sat>18</sat></trkpt>
  <trkpt lat="10.78208337" lon="106.72033671"><ele>3.351</ele><time>2025-01-16T12:20:57Z</time><speed>10.430</speed><sat>24</sat></trkpt>
  <trkpt lat="10.78200364" lon="106.72037995"><ele>3.967</ele><time>2025-01-16T12:20:58Z</time><speed>9.580</speed><sat>24</sat></trkpt>
  <trkpt lat="10.78192567" lon="106.72042069"><ele>3.993</ele><time>2025-01-16T12:20:59Z</time><speed>9.410</speed><sat>25</sat></trkpt>
  <trkpt lat="10.78184541" lon="106.72045979"><ele>3.407</ele><time>2025-01-16T12:21:00Z</time><speed>9.110</speed><sat>26</sat></trkpt>
  <trkpt lat="10.78177263" lon="106.72049946"><ele>2.902</ele><time>2025-01-16T12:21:01Z</time><speed>8.880</speed><sat>18</sat></trkpt>
  <trkpt lat="10.78169924" lon="106.72053569"><ele>2.885</ele><time>2025-01-16T12:21:02Z</time><speed>8.880</speed><sat>18</sat></trkpt>
  <trkpt lat="10.78163216" lon="106.72056574"><ele>2.188</ele><time>2025-01-16T12:21:03Z</time><speed>8.200</speed><sat>18</sat></trkpt>
  <trkpt lat="10.78156489" lon="106.72060018"><ele>2.271</ele><time>2025-01-16T12:21:04Z</time><speed>8.320</speed><sat>18</sat></trkpt>
  <trkpt lat="10.78149688" lon="106.72063944"><ele>1.525</ele><time>2025-01-16T12:21:05Z</time><speed>7.980</speed><sat>16</sat></trkpt>
  <trkpt lat="10.78143715" lon="106.72067471"><ele>3.111</ele><time>2025-01-16T12:21:06Z</time><speed>7.520</speed><sat>22</sat></trkpt>
  <trkpt lat="10.78137548" lon="106.72069828"><ele>3.737</ele><time>2025-01-16T12:21:07Z</time><speed>7.160</speed><sat>23</sat></trkpt>
  <trkpt lat="10.78132227" lon="106.72072058"><ele>2.841</ele><time>2025-01-16T12:21:08Z</time><speed>6.970</speed><sat>24</sat></trkpt>
  <trkpt lat="10.78126636" lon="106.72074826"><ele>2.733</ele><time>2025-01-16T12:21:09Z</time><speed>6.950</speed><sat>25</sat></trkpt>
  <trkpt lat="10.78121111" lon="106.72077898"><ele>2.661</ele><time>2025-01-16T12:21:10Z</time><speed>6.920</speed><sat>27</sat></trkpt>
  <trkpt lat="10.78115690" lon="106.72080587"><ele>2.738</ele><time>2025-01-16T12:21:11Z</time><speed>6.620</speed><sat>27</sat></trkpt>
  <trkpt lat="10.78109926" lon="106.72083348"><ele>2.591</ele><time>2025-01-16T12:21:12Z</time><speed>6.700</speed><sat>26</sat></trkpt>
  <trkpt lat="10.78104727" lon="106.72086438"><ele>2.691</ele><time>2025-01-16T12:21:13Z</time><speed>6.760</speed><sat>16</sat></trkpt>
  <trkpt lat="10.78098873" lon="106.72089086"><ele>1.645</ele><time>2025-01-16T12:21:14Z</time><speed>6.790</speed><sat>17</sat></trkpt>
  <trkpt lat="10.78093448" lon="106.72091927"><ele>1.675</ele><time>2025-01-16T12:21:15Z</time><speed>6.760</speed><sat>17</sat></trkpt>
  <trkpt lat="10.78087233" lon="106.72094813"><ele>1.189</ele><time>2025-01-16T12:21:16Z</time><speed>7.090</speed><sat>18</sat></trkpt>
  <trkpt lat="10.78083137" lon="106.72097820"><ele>2.008</ele><time>2025-01-16T12:21:17Z</time><speed>6.610</speed><sat>26</sat></trkpt>
  <trkpt lat="10.78077413" lon="106.72100301"><ele>2.445</ele><time>2025-01-16T12:21:18Z</time><speed>6.610</speed><sat>29</sat></trkpt>
  <trkpt lat="10.78072360" lon="106.72103510"><ele>3.239</ele><time>2025-01-16T12:21:19Z</time><speed>6.510</speed><sat>26</sat></trkpt>
  <trkpt lat="10.78067634" lon="106.72106473"><ele>3.855</ele><time>2025-01-16T12:21:20Z</time><speed>6.500</speed><sat>26</sat></trkpt>
  <trkpt lat="10.78062312" lon="106.72109703"><ele>3.733</ele><time>2025-01-16T12:21:21Z</time><speed>6.570</speed><sat>27</sat></trkpt>
  <trkpt lat="10.78057181" lon="106.72112477"><ele>3.552</ele><time>2025-01-16T12:21:22Z</time><speed>6.570</speed><sat>27</sat></trkpt>
  <trkpt lat="10.78052065" lon="106.72115369"><ele>3.679</ele><time>2025-01-16T12:21:23Z</time><speed>6.720</speed><sat>27</sat></trkpt>
  <trkpt lat="10.78046369" lon="106.72118089"><ele>3.848</ele><time>2025-01-16T12:21:24Z</time><speed>6.870</speed><sat>19</sat></trkpt>
  <trkpt lat="10.78040942" lon="106.72121005"><ele>3.873</ele><time>2025-01-16T12:21:25Z</time><speed>6.870</speed><sat>19</sat></trkpt>
  <trkpt lat="10.78035562" lon="106.72124522"><ele>4.009</ele><time>2025-01-16T12:21:26Z</time><speed>6.940</speed><sat>18</sat></trkpt>
  <trkpt lat="10.78029558" lon="106.72127833"><ele>3.497</ele><time>2025-01-16T12:21:27Z</time><speed>6.990</speed><sat>19</sat></trkpt>
  <trkpt lat="10.78023774" lon="106.72131251"><ele>3.522</ele><time>2025-01-16T12:21:28Z</time><speed>7.120</speed><sat>18</sat></trkpt>
  <trkpt lat="10.78018159" lon="106.72134359"><ele>3.526</ele><time>2025-01-16T12:21:29Z</time><speed>7.080</speed><sat>18</sat></trkpt>
  <trkpt lat="10.78011892" lon="106.72136510"><ele>3.231</ele><time>2025-01-16T12:21:30Z</time><speed>7.150</speed><sat>16</sat></trkpt>
  <trkpt lat="10.78005401" lon="106.72139291"><ele>3.835</ele><time>2025-01-16T12:21:31Z</time><speed>7.200</speed><sat>13</sat></trkpt>
  <trkpt lat="10.78000507" lon="106.72142534"><ele>3.439</ele><time>2025-01-16T12:21:32Z</time><speed>7.130</speed><sat>15</sat></trkpt>
  <trkpt lat="10.77994819" lon="106.72145931"><ele>1.901</ele><time>2025-01-16T12:21:33Z</time><speed>6.990</speed><sat>21</sat></trkpt>
  <trkpt lat="10.77989523" lon="106.72148872"><ele>2.189</ele><time>2025-01-16T12:21:34Z</time><speed>6.800</speed><sat>25</sat></trkpt>
  <trkpt lat="10.77983535" lon="106.72152011"><ele>3.093</ele><time>2025-01-16T12:21:35Z</time><speed>6.770</speed><sat>25</sat></trkpt>
  <trkpt lat="10.77978676" lon="106.72154858"><ele>2.691</ele><time>2025-01-16T12:21:36Z</time><speed>6.690</speed><sat>26</sat></trkpt>
  <trkpt lat="10.77973231" lon="106.72157958"><ele>2.879</ele><time>2025-01-16T12:21:37Z</time><speed>6.560</speed><sat>28</sat></trkpt>
  <trkpt lat="10.77968715" lon="106.72160997"><ele>3.305</ele><time>2025-01-16T12:21:38Z</time><speed>6.360</speed><sat>28</sat></trkpt>
  <trkpt lat="10.77963464" lon="106.72163585"><ele>3.295</ele><time>2025-01-16T12:21:39Z</time><speed>6.000</speed><sat>28</sat></trkpt>
  <trkpt lat="10.77958975" lon="106.72166197"><ele>3.750</ele><time>2025-01-16T12:21:40Z</time><speed>5.940</speed><sat>19</sat></trkpt>
  <trkpt lat="10.77954206" lon="106.72168862"><ele>3.749</ele><time>2025-01-16T12:21:41Z</time><speed>5.940</speed><sat>19</sat></trkpt>
  <trkpt lat="10.77950924" lon="106.72172350"><ele>4.730</ele><time>2025-01-16T12:21:42Z</time><speed>5.680</speed><sat>18</sat></trkpt>
  <trkpt lat="10.77946350" lon="106.72174810"><ele>4.740</ele><time>2025-01-16T12:21:43Z</time><speed>5.720</speed><sat>18</sat></trkpt>
  <trkpt lat="10.77942088" lon="106.72176830"><ele>4.568</ele><time>2025-01-16T12:21:44Z</time><speed>5.100</speed><sat>19</sat></trkpt>
  <trkpt lat="10.77939324" lon="106.72178294"><ele>3.481</ele><time>2025-01-16T12:21:45Z</time><speed>4.350</speed><sat>28</sat></trkpt>
  <trkpt lat="10.77935159" lon="106.72179773"><ele>3.903</ele><time>2025-01-16T12:21:46Z</time><speed>4.180</speed><sat>27</sat></trkpt>
  <trkpt lat="10.77931642" lon="106.72181960"><ele>3.947</ele><time>2025-01-16T12:21:47Z</time><speed>4.080</speed><sat>27</sat></trkpt>
  <trkpt lat="10.77928576" lon="106.72182627"><ele>3.352</ele><time>2025-01-16T12:21:48Z</time><speed>3.430</speed><sat>27</sat></trkpt>
  <trkpt lat="10.77925818" lon="106.72184211"><ele>3.420</ele><time>2025-01-16T12:21:49Z</time><speed>3.000</speed><sat>28</sat></trkpt>
  <trkpt lat="10.77923207" lon="106.72185203"><ele>3.274</ele><time>2025-01-16T12:21:50Z</time><speed>3.010</speed><sat>29</sat></trkpt>
  <trkpt lat="10.77921094" lon="106.72186869"><ele>3.312</ele><time>2025-01-16T12:21:51Z</time><speed>2.770</speed><sat>28</sat></trkpt>
  <trkpt lat="10.77919177" lon="106.72187804"><ele>3.779</ele><time>2025-01-16T12:21:52Z</time><speed>1.880</speed><sat>29</sat></trkpt>
  <trkpt lat="10.77918038" lon="106.72188420"><ele>3.945</ele><time>2025-01-16T12:21:53Z</time><speed>1.260</speed><sat>29</sat></trkpt>
  <trkpt lat="10.77917030" lon="106.72189136"><ele>4.119</ele><time>2025-01-16T12:21:54Z</time><speed>1.170</speed><sat>29</sat></trkpt>
  <trkpt lat="10.77916241" lon="106.72189571"><ele>4.133</ele><time>2025-01-16T12:21:55Z</time><speed>1.110</speed><sat>19</sat></trkpt>
  <trkpt lat="10.77915221" lon="106.72190257"><ele>4.267</ele><time>2025-01-16T12:21:56Z</time><speed>1.140</speed><sat>20</sat></trkpt>
  <trkpt lat="10.77914417" lon="106.72190830"><ele>4.226</ele><time>2025-01-16T12:21:57Z</time><speed>0.980</speed><sat>20</sat></trkpt>
  <trkpt lat="10.77913665" lon="106.72191337"><ele>4.274</ele><time>2025-01-16T12:21:58Z</time><speed>0.980</speed><sat>20</sat></trkpt>
  <trkpt lat="10.77913044" lon="106.72191744"><ele>4.359</ele><time>2025-01-16T12:21:59Z</time><speed>0.830</speed><sat>16</sat></trkpt>
  <trkpt lat="10.77912687" lon="106.72192127"><ele>4.085</ele><time>2025-01-16T12:22:00Z</time><speed>0.690</speed><sat>17</sat></trkpt>
  <trkpt lat="10.77912309" lon="106.72192248"><ele>3.916</ele><time>2025-01-16T12:22:01Z</time><speed>0.320</speed><sat>19</sat></trkpt>
  <trkpt lat="10.77911979" lon="106.72192144"><ele>4.661</ele><time>2025-01-16T12:22:02Z</time><speed>0.000</speed><sat>27</sat></trkpt>
  <trkpt lat="10.77911771" lon="106.72192186"><ele>5.281</ele><time>2025-01-16T12:22:03Z</time><speed>0.000</speed><sat>29</sat></trkpt>
  <trkpt lat="10.77911532" lon="106.72192238"><ele>5.050</ele><time>2025-01-16T12:22:04Z</time><speed>0.000</speed><sat>29</sat></trkpt>
  <trkpt lat="10.77911314" lon="106.72192367"><ele>5.301</ele><time>2025-01-16T12:22:05Z</time><speed>0.000</speed><sat>29</sat></trkpt>
  <trkpt lat="10.77911063" lon="106.72192332"><ele>5.361</ele><time>2025-01-16T12:22:06Z</time><speed>0.000</speed><sat>29</sat></trkpt>
  <trkpt lat="10.77910867" lon="106.72192278"><ele>5.399</ele><time>2025-01-16T12:22:07Z</time><speed>0.000</speed><sat>29</sat></trkpt>
  <trkpt lat="10.77910713" lon="106.72192197"><ele>5.288</ele><time>2025-01-16T12:22:08Z</time><speed>0.000</speed><sat>29</sat></trkpt>
  <trkpt lat="10.77910627" lon="106.72192092"><ele>5.231</ele><time>2025-01-16T12:22:09Z</time><speed>0.000</speed><sat>19</sat></trkpt>
  <trkpt lat="10.77910584" lon="106.72192040"><ele>5.231</ele><time>2025-01-16T12:22:10Z</time><speed>0.000</speed><sat>19</sat></trkpt>
  <trkpt lat="10.77910747" lon="106.72191972"><ele>5.029</ele><time>2025-01-16T12:22:11Z</time><speed>0.000</speed><sat>19</sat></trkpt>
  <trkpt lat="10.77910829" lon="106.72191984"><ele>5.518</ele><time>2025-01-16T12:22:12Z</time><speed>0.000</speed><sat>17</sat></trkpt>
  <trkpt lat="10.77910870" lon="106.72191990"><ele>5.519</ele><time>2025-01-16T12:22:13Z</time><speed>0.000</speed><sat>17</sat></trkpt>
  <trkpt lat="10.77910926" lon="106.72191997"><ele>5.469</ele><time>2025-01-16T12:22:14Z</time><speed>0.000</speed><sat>14</sat></trkpt>
  <trkpt lat="10.77910953" lon="106.72192000"><ele>5.469</ele><time>2025-01-16T12:22:15Z</time><speed>0.000</speed><sat>14</sat></trkpt>
  <trkpt lat="10.77910964" lon="106.72192007"><ele>5.485</ele><time>2025-01-16T12:22:16Z</time><speed>0.000</speed><sat>15</sat></trkpt>
  <trkpt lat="10.77910972" lon="106.72192008"><ele>5.480</ele><time>2025-01-16T12:22:17Z</time><speed>0.000</speed><sat>16</sat></trkpt>
  <trkpt lat="10.77910976" lon="106.72191997"><ele>5.472</ele><time>2025-01-16T12:22:18Z</time><speed>0.000</speed><sat>16</sat></trkpt>
  <trkpt lat="10.77910982" lon="106.72192015"><ele>5.488</ele><time>2025-01-16T12:22:19Z</time><speed>0.000</speed><sat>15</sat></trkpt>
  <trkpt lat="10.77910984" lon="106.72192026"><ele>5.496</ele><time>2025-01-16T12:22:20Z</time><speed>0.000</speed><sat>14</sat></trkpt>
  <trkpt lat="10.77910985" lon="106.72192031"><ele>5.497</ele><time>2025-01-16T12:22:21Z</time><speed>0.000</speed><sat>14</sat></trkpt>
  <trkpt lat="10.77910989" lon="106.72192028"><ele>5.490</ele><time>2025-01-16T12:22:22Z</time><speed>0.000</speed><sat>16</sat></trkpt>
  <trkpt lat="10.77910987" lon="106.72192028"><ele>5.485</ele><time>2025-01-16T12:22:23Z</time><speed>0.000</speed><sat>15</sat></trkpt>
  <trkpt lat="10.77910989" lon="106.72192041"><ele>5.498</ele><time>2025-01-16T12:22:24Z</time><speed>0.000</speed><sat>17</sat></trkpt>
  <trkpt lat="10.77910990" lon="106.72192048"><ele>5.498</ele><time>2025-01-16T12:22:25Z</time><speed>0.000</speed><sat>17</sat></trkpt>
  <trkpt lat="10.77910987" lon="106.72192055"><ele>5.519</ele><time>2025-01-16T12:22:26Z</time><speed>0.000</speed><sat>14</sat></trkpt>
  <trkpt lat="10.77910987" lon="106.72192057"><ele>5.520</ele><time>2025-01-16T12:22:27Z</time><speed>0.000</speed><sat>19</sat></trkpt>
  <trkpt lat="10.77910871" lon="106.72192296"><ele>4.917</ele><time>2025-01-16T12:22:28Z</time><speed>0.590</speed><sat>19</sat></trkpt>
  <trkpt lat="10.77910217" lon="106.72192776"><ele>4.912</ele><time>2025-01-16T12:22:29Z</time><speed>1.580</speed><sat>18</sat></trkpt>
  <trkpt lat="10.77908888" lon="106.72193536"><ele>5.027</ele><time>2025-01-16T12:22:30Z</time><speed>1.960</speed><sat>18</sat></trkpt>
  <trkpt lat="10.77907274" lon="106.72194376"><ele>5.149</ele><time>2025-01-16T12:22:31Z</time><speed>2.240</speed><sat>14</sat></trkpt>
  <trkpt lat="10.77905550" lon="106.72195232"><ele>5.111</ele><time>2025-01-16T12:22:32Z</time><speed>2.170</speed><sat>14</sat></trkpt>
  <trkpt lat="10.77903381" lon="106.72196503"><ele>5.173</ele><time>2025-01-16T12:22:33Z</time><speed>3.290</speed><sat>17</sat></trkpt>
  <trkpt lat="10.77900718" lon="106.72198139"><ele>5.309</ele><time>2025-01-16T12:22:34Z</time><speed>3.580</speed><sat>16</sat></trkpt>
  <trkpt lat="10.77897719" lon="106.72199876"><ele>5.261</ele><time>2025-01-16T12:22:35Z</time><speed>3.950</speed><sat>17</sat></trkpt>
  <trkpt lat="10.77894491" lon="106.72201602"><ele>4.872</ele><time>2025-01-16T12:22:36Z</time><speed>4.160</speed><sat>20</sat></trkpt>
  <trkpt lat="10.77891139" lon="106.72203293"><ele>4.567</ele><time>2025-01-16T12:22:37Z</time><speed>4.100</speed><sat>18</sat></trkpt>
  <trkpt lat="10.77887778" lon="106.72204860"><ele>4.607</ele><time>2025-01-16T12:22:38Z</time><speed>4.050</speed><sat>17</sat></trkpt>
  <trkpt lat="10.77884493" lon="106.72206545"><ele>4.558</ele><time>2025-01-16T12:22:39Z</time><speed>4.160</speed><sat>16</sat></trkpt>
  <trkpt lat="10.77881119" lon="106.72208413"><ele>4.943</ele><time>2025-01-16T12:22:40Z</time><speed>4.110</speed><sat>15</sat></trkpt>
  <trkpt lat="10.77877837" lon="106.72210174"><ele>4.576</ele><time>2025-01-16T12:22:41Z</time><speed>4.010</speed><sat>15</sat></trkpt>
  <trkpt lat="10.77874458" lon="106.72211897"><ele>4.489</ele><time>2025-01-16T12:22:42Z</time><speed>4.270</speed><sat>15</sat></trkpt>
  <trkpt lat="10.77871049" lon="106.72213581"><ele>4.364</ele><time>2025-01-16T12:22:43Z</time><speed>4.130</speed><sat>14</sat></trkpt>
  <trkpt lat="10.77867699" lon="106.72215099"><ele>5.302</ele><time>2025-01-16T12:22:44Z</time><speed>3.990</speed><sat>14</sat></trkpt>
  <trkpt lat="10.77864302" lon="106.72216297"><ele>5.617</ele><time>2025-01-16T12:22:45Z</time><speed>4.000</speed><sat>15</sat></trkpt>
  <trkpt lat="10.77860695" lon="106.72217024"><ele>5.823</ele><time>2025-01-16T12:22:46Z</time><speed>4.090</speed><sat>14</sat></trkpt>
  <trkpt lat="10.77856800" lon="106.72216618"><ele>5.269</ele><time>2025-01-16T12:22:47Z</time><speed>4.580</speed><sat>14</sat></trkpt>
  <trkpt lat="10.77852876" lon="106.72215099"><ele>6.009</ele><time>2025-01-16T12:22:48Z</time><speed>4.670</speed><sat>18</sat></trkpt>
  <trkpt lat="10.77849619" lon="106.72212204"><ele>6.132</ele><time>2025-01-16T12:22:49Z</time><speed>4.610</speed><sat>14</sat></trkpt>
  <trkpt lat="10.77847240" lon="106.72208057"><ele>5.815</ele><time>2025-01-16T12:22:50Z</time><speed>4.990</speed><sat>18</sat></trkpt>
  <trkpt lat="10.77845578" lon="106.72203358"><ele>5.813</ele><time>2025-01-16T12:22:51Z</time><speed>4.870</speed><sat>18</sat></trkpt>
  <trkpt lat="10.77847107" lon="106.72194871"><ele>5.761</ele><time>2025-01-16T12:22:52Z</time><speed>5.620</speed><sat>18</sat></trkpt>
  <trkpt lat="10.77845480" lon="106.72190139"><ele>6.586</ele><time>2025-01-16T12:22:53Z</time><speed>6.260</speed><sat>16</sat></trkpt>
  <trkpt lat="10.77844606" lon="106.72184341"><ele>6.691</ele><time>2025-01-16T12:22:54Z</time><speed>6.650</speed><sat>16</sat></trkpt>
  <trkpt lat="10.77843435" lon="106.72177939"><ele>6.169</ele><time>2025-01-16T12:22:55Z</time><speed>6.770</speed><sat>18</sat></trkpt>
  <trkpt lat="10.77842213" lon="106.72171973"><ele>6.100</ele><time>2025-01-16T12:22:56Z</time><speed>6.680</speed><sat>18</sat></trkpt>
  <trkpt lat="10.77841076" lon="106.72165416"><ele>5.913</ele><time>2025-01-16T12:22:57Z</time><speed>7.300</speed><sat>16</sat></trkpt>
  <trkpt lat="10.77840401" lon="106.72157679"><ele>4.500</ele><time>2025-01-16T12:22:58Z</time><speed>7.430</speed><sat>15</sat></trkpt>
  <trkpt lat="10.77838949" lon="106.72151112"><ele>4.446</ele><time>2025-01-16T12:22:59Z</time><speed>7.370</speed><sat>15</sat></trkpt>
  <trkpt lat="10.77837648" lon="106.72143999"><ele>4.101</ele><time>2025-01-16T12:23:00Z</time><speed>7.720</speed><sat>13</sat></trkpt>
  <trkpt lat="10.77836175" lon="106.72137182"><ele>4.047</ele><time>2025-01-16T12:23:01Z</time><speed>7.640</speed><sat>13</sat></trkpt>
  <trkpt lat="10.77834000" lon="106.72131356"><ele>2.901</ele><time>2025-01-16T12:23:02Z</time><speed>7.530</speed><sat>14</sat></trkpt>
  <trkpt lat="10.77832976" lon="106.72124393"><ele>2.581</ele><time>2025-01-16T12:23:03Z</time><speed>7.540</speed><sat>16</sat></trkpt>
  <trkpt lat="10.77831622" lon="106.72117618"><ele>2.381</ele><time>2025-01-16T12:23:04Z</time><speed>7.560</speed><sat>16</sat></trkpt>
  <trkpt lat="10.77831308" lon="106.72111242"><ele>1.968</ele><time>2025-01-16T12:23:05Z</time><speed>7.460</speed><sat>13</sat></trkpt>
  <trkpt lat="10.77830378" lon="106.72104045"><ele>1.614</ele><time>2025-01-16T12:23:06Z</time><speed>7.590</speed><sat>16</sat></trkpt>
  <trkpt lat="10.77828687" lon="106.72096855"><ele>1.432</ele><time>2025-01-16T12:23:07Z</time><speed>7.520</speed><sat>16</sat></trkpt>
  <trkpt lat="10.77827557" lon="106.72089981"><ele>1.230</ele><time>2025-01-16T12:23:08Z</time><speed>7.700</speed><sat>14</sat></trkpt>
  <trkpt lat="10.77825832" lon="106.72083492"><ele>1.119</ele><time>2025-01-16T12:23:09Z</time><speed>7.770</speed><sat>18</sat></trkpt>
  <trkpt lat="10.77824255" lon="106.72076124"><ele>1.138</ele><time>2025-01-16T12:23:10Z</time><speed>8.110</speed><sat>15</sat></trkpt>
  <trkpt lat="10.77822416" lon="106.72069522"><ele>0.827</ele><time>2025-01-16T12:23:11Z</time><speed>7.670</speed><sat>16</sat></trkpt>
  <trkpt lat="10.77820924" lon="106.72062601"><ele>0.697</ele><time>2025-01-16T12:23:12Z</time><speed>7.730</speed><sat>16</sat></trkpt>
  <trkpt lat="10.77819260" lon="106.72055079"><ele>0.532</ele><time>2025-01-16T12:23:13Z</time><speed>7.990</speed><sat>13</sat></trkpt>
  <trkpt lat="10.77817155" lon="106.72048124"><ele>0.584</ele><time>2025-01-16T12:23:14Z</time><speed>8.050</speed><sat>17</sat></trkpt>
  <trkpt lat="10.77815292" lon="106.72040794"><ele>0.848</ele><time>2025-01-16T12:23:15Z</time><speed>7.930</speed><sat>14</sat></trkpt>
  <trkpt lat="10.77813319" lon="106.72034372"><ele>0.669</ele><time>2025-01-16T12:23:16Z</time><speed>8.120</speed><sat>15</sat></trkpt>
  <trkpt lat="10.77811566" lon="106.72026978"><ele>0.855</ele><time>2025-01-16T12:23:17Z</time><speed>8.070</speed><sat>15</sat></trkpt>
  <trkpt lat="10.77809998" lon="106.72019613"><ele>0.897</ele><time>2025-01-16T12:23:18Z</time><speed>8.120</speed><sat>16</sat></trkpt>
  <trkpt lat="10.77808273" lon="106.72012291"><ele>1.055</ele><time>2025-01-16T12:23:19Z</time><speed>8.070</speed><sat>15</sat></trkpt>
  <trkpt lat="10.77806722" lon="106.72005072"><ele>1.100</ele><time>2025-01-16T12:23:20Z</time><speed>8.070</speed><sat>15</sat></trkpt>
  <trkpt lat="10.77805135" lon="106.71997603"><ele>0.848</ele><time>2025-01-16T12:23:21Z</time><speed>8.240</speed><sat>15</sat></trkpt>
  <trkpt lat="10.77803388" lon="106.71990195"><ele>0.970</ele><time>2025-01-16T12:23:22Z</time><speed>8.210</speed><sat>14</sat></trkpt>
  <trkpt lat="10.77801257" lon="106.71983288"><ele>1.182</ele><time>2025-01-16T12:23:23Z</time><speed>8.420</speed><sat>15</sat></trkpt>
  <trkpt lat="10.77799570" lon="106.71975598"><ele>1.698</ele><time>2025-01-16T12:23:24Z</time><speed>8.530</speed><sat>13</sat></trkpt>
  <trkpt lat="10.77797263" lon="106.71967980"><ele>1.884</ele><time>2025-01-16T12:23:25Z</time><speed>8.570</speed><sat>14</sat></trkpt>
  <trkpt lat="10.77794771" lon="106.71960644"><ele>2.355</ele><time>2025-01-16T12:23:26Z</time><speed>8.570</speed><sat>13</sat></trkpt>
  <trkpt lat="10.77792378" lon="106.71953192"><ele>2.512</ele><time>2025-01-16T12:23:27Z</time><speed>8.560</speed><sat>13</sat></trkpt>
  <trkpt lat="10.77789945" lon="106.71945389"><ele>2.803</ele><time>2025-01-16T12:23:28Z</time><speed>8.710</speed><sat>14</sat></trkpt>
  <trkpt lat="10.77786840" lon="106.71938013"><ele>2.894</ele><time>2025-01-16T12:23:29Z</time><speed>8.780</speed><sat>15</sat></trkpt>
  <trkpt lat="10.77783629" lon="106.71930565"><ele>3.004</ele><time>2025-01-16T12:23:30Z</time><speed>8.820</speed><sat>17</sat></trkpt>
  <trkpt lat="10.77780474" lon="106.71923747"><ele>2.714</ele><time>2025-01-16T12:23:31Z</time><speed>8.400</speed><sat>13</sat></trkpt>
  <trkpt lat="10.77777219" lon="106.71916691"><ele>2.812</ele><time>2025-01-16T12:23:32Z</time><speed>8.490</speed><sat>13</sat></trkpt>
  <trkpt lat="10.77773851" lon="106.71908875"><ele>2.830</ele><time>2025-01-16T12:23:33Z</time><speed>8.560</speed><sat>16</sat></trkpt>
  <trkpt lat="10.77769567" lon="106.71901898"><ele>3.008</ele><time>2025-01-16T12:23:34Z</time><speed>8.550</speed><sat>23</sat></trkpt>
  <trkpt lat="10.77765952" lon="106.71895287"><ele>3.249</ele><time>2025-01-16T12:23:35Z</time><speed>8.220</speed><sat>24</sat></trkpt>
  <trkpt lat="10.77762412" lon="106.71888593"><ele>3.465</ele><time>2025-01-16T12:23:36Z</time><speed>7.980</speed><sat>26</sat></trkpt>
  <trkpt lat="10.77758806" lon="106.71882311"><ele>2.848</ele><time>2025-01-16T12:23:37Z</time><speed>7.850</speed><sat>27</sat></trkpt>
  <trkpt lat="10.77755361" lon="106.71875770"><ele>3.182</ele><time>2025-01-16T12:23:38Z</time><speed>7.810</speed><sat>26</sat></trkpt>
  <trkpt lat="10.77752062" lon="106.71869575"><ele>3.172</ele><time>2025-01-16T12:23:39Z</time><speed>7.660</speed><sat>26</sat></trkpt>
  <trkpt lat="10.77747809" lon="106.71863999"><ele>3.226</ele><time>2025-01-16T12:23:40Z</time><speed>7.010</speed><sat>27</sat></trkpt>
  <trkpt lat="10.77744140" lon="106.71858172"><ele>3.411</ele><time>2025-01-16T12:23:41Z</time><speed>7.090</speed><sat>29</sat></trkpt>
  <trkpt lat="10.77740804" lon="106.71852787"><ele>3.398</ele><time>2025-01-16T12:23:42Z</time><speed>6.820</speed><sat>19</sat></trkpt>
  <trkpt lat="10.77737756" lon="106.71847236"><ele>3.401</ele><time>2025-01-16T12:23:43Z</time><speed>6.820</speed><sat>19</sat></trkpt>
  <trkpt lat="10.77735196" lon="106.71842103"><ele>3.346</ele><time>2025-01-16T12:23:44Z</time><speed>6.380</speed><sat>19</sat></trkpt>
  <trkpt lat="10.77732015" lon="106.71836770"><ele>3.208</ele><time>2025-01-16T12:23:45Z</time><speed>6.790</speed><sat>17</sat></trkpt>
  <trkpt lat="10.77728934" lon="106.71831313"><ele>3.191</ele><time>2025-01-16T12:23:46Z</time><speed>7.080</speed><sat>19</sat></trkpt>
  <trkpt lat="10.77725640" lon="106.71826179"><ele>2.777</ele><time>2025-01-16T12:23:47Z</time><speed>6.950</speed><sat>17</sat></trkpt>
  <trkpt lat="10.77721713" lon="106.71821180"><ele>2.341</ele><time>2025-01-16T12:23:48Z</time><speed>7.200</speed><sat>17</sat></trkpt>
  <trkpt lat="10.77717919" lon="106.71815870"><ele>2.139</ele><time>2025-01-16T12:23:49Z</time><speed>7.160</speed><sat>17</sat></trkpt>
  <trkpt lat="10.77714377" lon="106.71810951"><ele>1.712</ele><time>2025-01-16T12:23:50Z</time><speed>6.920</speed><sat>19</sat></trkpt>
  <trkpt lat="10.77712014" lon="106.71804927"><ele>0.326</ele><time>2025-01-16T12:23:51Z</time><speed>6.800</speed><sat>14</sat></trkpt>
  <trkpt lat="10.77708026" lon="106.71800105"><ele>0.092</ele><time>2025-01-16T12:23:52Z</time><speed>6.860</speed><sat>14</sat></trkpt>
  <trkpt lat="10.77703813" lon="106.71795066"><ele>0.813</ele><time>2025-01-16T12:23:53Z</time><speed>7.250</speed><sat>15</sat></trkpt>
  <trkpt lat="10.77699542" lon="106.71790685"><ele>0.830</ele><time>2025-01-16T12:23:54Z</time><speed>6.940</speed><sat>12</sat></trkpt>
  <trkpt lat="10.77695043" lon="106.71785871"><ele>0.809</ele><time>2025-01-16T12:23:55Z</time><speed>7.050</speed><sat>14</sat></trkpt>
  <trkpt lat="10.77690803" lon="106.71781980"><ele>0.418</ele><time>2025-01-16T12:23:56Z</time><speed>6.710</speed><sat>15</sat></trkpt>
  <trkpt lat="10.77686293" lon="106.71777260"><ele>0.187</ele><time>2025-01-16T12:23:57Z</time><speed>6.630</speed><sat>16</sat></trkpt>
  <trkpt lat="10.77681833" lon="106.71773243"><ele>-0.382</ele><time>2025-01-16T12:23:58Z</time><speed>6.390</speed><sat>16</sat></trkpt>
  <trkpt lat="10.77677576" lon="106.71769462"><ele>-0.690</ele><time>2025-01-16T12:23:59Z</time><speed>6.350</speed><sat>17</sat></trkpt>
  <trkpt lat="10.77673822" lon="106.71765791"><ele>-0.916</ele><time>2025-01-16T12:24:00Z</time><speed>6.130</speed><sat>18</sat></trkpt>
  <trkpt lat="10.77670546" lon="106.71761891"><ele>-1.317</ele><time>2025-01-16T12:24:01Z</time><speed>5.840</speed><sat>18</sat></trkpt>
  <trkpt lat="10.77666565" lon="106.71758230"><ele>-1.125</ele><time>2025-01-16T12:24:02Z</time><speed>6.240</speed><sat>15</sat></trkpt>
  <trkpt lat="10.77662119" lon="106.71754674"><ele>-0.995</ele><time>2025-01-16T12:24:03Z</time><speed>6.350</speed><sat>17</sat></trkpt>
  <trkpt lat="10.77657504" lon="106.71751073"><ele>-2.445</ele><time>2025-01-16T12:24:04Z</time><speed>6.710</speed><sat>16</sat></trkpt>
  <trkpt lat="10.77652484" lon="106.71747553"><ele>-2.347</ele><time>2025-01-16T12:24:05Z</time><speed>6.750</speed><sat>13</sat></trkpt>
  <trkpt lat="10.77647306" lon="106.71744094"><ele>-1.907</ele><time>2025-01-16T12:24:06Z</time><speed>6.590</speed><sat>16</sat></trkpt>
  <trkpt lat="10.77645023" lon="106.71740617"><ele>-3.838</ele><time>2025-01-16T12:24:07Z</time><speed>6.570</speed><sat>15</sat></trkpt>
  <trkpt lat="10.77640180" lon="106.71737110"><ele>-3.886</ele><time>2025-01-16T12:24:08Z</time><speed>6.580</speed><sat>15</sat></trkpt>
  <trkpt lat="10.77635343" lon="106.71734158"><ele>-3.682</ele><time>2025-01-16T12:24:09Z</time><speed>5.960</speed><sat>14</sat></trkpt>
  <trkpt lat="10.77629473" lon="106.71731940"><ele>-4.020</ele><time>2025-01-16T12:24:10Z</time><speed>5.680</speed><sat>16</sat></trkpt>
  <trkpt lat="10.77623117" lon="106.71729443"><ele>-4.236</ele><time>2025-01-16T12:24:11Z</time><speed>5.790</speed><sat>17</sat></trkpt>
  <trkpt lat="10.77618434" lon="106.71726976"><ele>-3.900</ele><time>2025-01-16T12:24:12Z</time><speed>5.920</speed><sat>15</sat></trkpt>
  <trkpt lat="10.77613958" lon="106.71724054"><ele>-3.850</ele><time>2025-01-16T12:24:13Z</time><speed>5.890</speed><sat>15</sat></trkpt>
  <trkpt lat="10.77610004" lon="106.71721567"><ele>-3.885</ele><time>2025-01-16T12:24:14Z</time><speed>5.090</speed><sat>13</sat></trkpt>
  <trkpt lat="10.77605982" lon="106.71718878"><ele>-3.922</ele><time>2025-01-16T12:24:15Z</time><speed>5.280</speed><sat>13</sat></trkpt>
  <trkpt lat="10.77602704" lon="106.71716761"><ele>-3.596</ele><time>2025-01-16T12:24:16Z</time><speed>3.740</speed><sat>16</sat></trkpt>
  <trkpt lat="10.77599801" lon="106.71715250"><ele>-3.539</ele><time>2025-01-16T12:24:17Z</time><speed>3.090</speed><sat>16</sat></trkpt>
  <trkpt lat="10.77597351" lon="106.71713963"><ele>-3.116</ele><time>2025-01-16T12:24:18Z</time><speed>2.830</speed><sat>18</sat></trkpt>
  <trkpt lat="10.77595486" lon="106.71711422"><ele>-3.308</ele><time>2025-01-16T12:24:19Z</time><speed>3.000</speed><sat>15</sat></trkpt>
  <trkpt lat="10.77593797" lon="106.71709799"><ele>-3.274</ele><time>2025-01-16T12:24:20Z</time><speed>2.900</speed><sat>19</sat></trkpt>
  <trkpt lat="10.77592184" lon="106.71707692"><ele>-3.440</ele><time>2025-01-16T12:24:21Z</time><speed>2.730</speed><sat>14</sat></trkpt>
  <trkpt lat="10.77591331" lon="106.71705671"><ele>-3.347</ele><time>2025-01-16T12:24:22Z</time><speed>2.640</speed><sat>16</sat></trkpt>
  <trkpt lat="10.77590388" lon="106.71703433"><ele>-3.426</ele><time>2025-01-16T12:24:23Z</time><speed>2.650</speed><sat>16</sat></trkpt>
  <trkpt lat="10.77590064" lon="106.71701246"><ele>-3.370</ele><time>2025-01-16T12:24:24Z</time><speed>2.250</speed><sat>14</sat></trkpt>
  <trkpt lat="10.77590239" lon="106.71700048"><ele>-3.765</ele><time>2025-01-16T12:24:25Z</time><speed>2.010</speed><sat>17</sat></trkpt>
  <trkpt lat="10.77590787" lon="106.71698354"><ele>-4.019</ele><time>2025-01-16T12:24:26Z</time><speed>1.910</speed><sat>17</sat></trkpt>
  <trkpt lat="10.77592020" lon="106.71696164"><ele>-3.813</ele><time>2025-01-16T12:24:27Z</time><speed>2.730</speed><sat>14</sat></trkpt>
  <trkpt lat="10.77593375" lon="106.71693564"><ele>-3.357</ele><time>2025-01-16T12:24:28Z</time><speed>3.240</speed><sat>18</sat></trkpt>
  <trkpt lat="10.77594477" lon="106.71691335"><ele>-2.657</ele><time>2025-01-16T12:24:29Z</time><speed>1.940</speed><sat>19</sat></trkpt>
  <trkpt lat="10.77595982" lon="106.71688415"><ele>-2.340</ele><time>2025-01-16T12:24:30Z</time><speed>4.680</speed><sat>16</sat></trkpt>
  <trkpt lat="10.77598204" lon="106.71684584"><ele>-2.477</ele><time>2025-01-16T12:24:31Z</time><speed>4.700</speed><sat>19</sat></trkpt>
  <trkpt lat="10.77600454" lon="106.71680672"><ele>-2.524</ele><time>2025-01-16T12:24:32Z</time><speed>4.900</speed><sat>13</sat></trkpt>
  <trkpt lat="10.77603562" lon="106.71675620"><ele>-3.070</ele><time>2025-01-16T12:24:33Z</time><speed>5.420</speed><sat>16</sat></trkpt>
  <trkpt lat="10.77605539" lon="106.71670560"><ele>-2.906</ele><time>2025-01-16T12:24:34Z</time><speed>5.900</speed><sat>15</sat></trkpt>
  <trkpt lat="10.77608295" lon="106.71665339"><ele>-2.479</ele><time>2025-01-16T12:24:35Z</time><speed>6.360</speed><sat>15</sat></trkpt>
  <trkpt lat="10.77611806" lon="106.71660519"><ele>-2.482</ele><time>2025-01-16T12:24:36Z</time><speed>6.640</speed><sat>17</sat></trkpt>
  <trkpt lat="10.77614449" lon="106.71654894"><ele>-2.374</ele><time>2025-01-16T12:24:37Z</time><speed>6.540</speed><sat>17</sat></trkpt>
  <trkpt lat="10.77617661" lon="106.71649201"><ele>-2.335</ele><time>2025-01-16T12:24:38Z</time><speed>6.570</speed><sat>15</sat></trkpt>
  <trkpt lat="10.77620622" lon="106.71643993"><ele>-2.245</ele><time>2025-01-16T12:24:39Z</time><speed>6.570</speed><sat>15</sat></trkpt>
  <trkpt lat="10.77623249" lon="106.71638292"><ele>-1.838</ele><time>2025-01-16T12:24:40Z</time><speed>6.630</speed><sat>14</sat></trkpt>
  <trkpt lat="10.77626485" lon="106.71632784"><ele>-1.836</ele><time>2025-01-16T12:24:41Z</time><speed>7.020</speed><sat>12</sat></trkpt>
  <trkpt lat="10.77629481" lon="106.71627202"><ele>-1.736</ele><time>2025-01-16T12:24:42Z</time><speed>7.110</speed><sat>14</sat></trkpt>
  <trkpt lat="10.77632208" lon="106.71621154"><ele>-1.414</ele><time>2025-01-16T12:24:43Z</time><speed>7.200</speed><sat>15</sat></trkpt>
  <trkpt lat="10.77635226" lon="106.71615099"><ele>-1.651</ele><time>2025-01-16T12:24:44Z</time><speed>7.000</speed><sat>15</sat></trkpt>
  <trkpt lat="10.77638155" lon="106.71609060"><ele>-1.269</ele><time>2025-01-16T12:24:45Z</time><speed>7.530</speed><sat>24</sat></trkpt>
  <trkpt lat="10.77641237" lon="106.71602650"><ele>-1.524</ele><time>2025-01-16T12:24:46Z</time><speed>7.610</speed><sat>25</sat></trkpt>
  <trkpt lat="10.77644415" lon="106.71596437"><ele>-1.271</ele><time>2025-01-16T12:24:47Z</time><speed>7.530</speed><sat>27</sat></trkpt>
  <trkpt lat="10.77647579" lon="106.71590184"><ele>-0.891</ele><time>2025-01-16T12:24:48Z</time><speed>7.550</speed><sat>27</sat></trkpt>
  <trkpt lat="10.77650778" lon="106.71584063"><ele>-0.478</ele><time>2025-01-16T12:24:49Z</time><speed>7.550</speed><sat>27</sat></trkpt>
  <trkpt lat="10.77654074" lon="106.71577895"><ele>-0.320</ele><time>2025-01-16T12:24:50Z</time><speed>7.570</speed><sat>27</sat></trkpt>
  <trkpt lat="10.77657359" lon="106.71571627"><ele>0.044</ele><time>2025-01-16T12:24:51Z</time><speed>7.590</speed><sat>27</sat></trkpt>
  <trkpt lat="10.77660367" lon="106.71565434"><ele>0.021</ele><time>2025-01-16T12:24:52Z</time><speed>7.510</speed><sat>26</sat></trkpt>
  <trkpt lat="10.77663199" lon="106.71559287"><ele>0.248</ele><time>2025-01-16T12:24:53Z</time><speed>7.480</speed><sat>26</sat></trkpt>
  <trkpt lat="10.77666509" lon="106.71553326"><ele>0.487</ele><time>2025-01-16T12:24:54Z</time><speed>7.440</speed><sat>25</sat></trkpt>
  <trkpt lat="10.77669771" lon="106.71547160"><ele>0.950</ele><time>2025-01-16T12:24:55Z</time><speed>7.390</speed><sat>24</sat></trkpt>
  <trkpt lat="10.77672877" lon="106.71541246"><ele>1.134</ele><time>2025-01-16T12:24:56Z</time><speed>7.350</speed><sat>24</sat></trkpt>
  <trkpt lat="10.77676307" lon="106.71535198"><ele>1.395</ele><time>2025-01-16T12:24:57Z</time><speed>7.300</speed><sat>24</sat></trkpt>
  <trkpt lat="10.77679416" lon="106.71529269"><ele>1.596</ele><time>2025-01-16T12:24:58Z</time><speed>7.250</speed><sat>24</sat></trkpt>
  <trkpt lat="10.77682763" lon="106.71523452"><ele>1.366</ele><time>2025-01-16T12:24:59Z</time><speed>7.270</speed><sat>25</sat></trkpt>
  <trkpt lat="10.77686205" lon="106.71517491"><ele>1.392</ele><time>2025-01-16T12:25:00Z</time><speed>7.500</speed><sat>18</sat></trkpt>
  <trkpt lat="10.77689776" lon="106.71511442"><ele>1.559</ele><time>2025-01-16T12:25:01Z</time><speed>7.560</speed><sat>18</sat></trkpt>
  <trkpt lat="10.77693140" lon="106.71505527"><ele>1.527</ele><time>2025-01-16T12:25:02Z</time><speed>7.490</speed><sat>18</sat></trkpt>
  <trkpt lat="10.77696149" lon="106.71499250"><ele>1.535</ele><time>2025-01-16T12:25:03Z</time><speed>7.540</speed><sat>17</sat></trkpt>
  <trkpt lat="10.77699395" lon="106.71492815"><ele>1.578</ele><time>2025-01-16T12:25:04Z</time><speed>7.190</speed><sat>25</sat></trkpt>
  <trkpt lat="10.77702442" lon="106.71486421"><ele>1.437</ele><time>2025-01-16T12:25:05Z</time><speed>7.460</speed><sat>28</sat></trkpt>
  <trkpt lat="10.77705904" lon="106.71480468"><ele>1.588</ele><time>2025-01-16T12:25:06Z</time><speed>7.580</speed><sat>28</sat></trkpt>
  <trkpt lat="10.77708989" lon="106.71474147"><ele>1.943</ele><time>2025-01-16T12:25:07Z</time><speed>7.720</speed><sat>28</sat></trkpt>
  <trkpt lat="10.77712561" lon="106.71467824"><ele>2.329</ele><time>2025-01-16T12:25:08Z</time><speed>7.900</speed><sat>28</sat></trkpt>
  <trkpt lat="10.77715859" lon="106.71461343"><ele>2.509</ele><time>2025-01-16T12:25:09Z</time><speed>7.880</speed><sat>28</sat></trkpt>
  <trkpt lat="10.77719645" lon="106.71454839"><ele>2.692</ele><time>2025-01-16T12:25:10Z</time><speed>7.910</speed><sat>28</sat></trkpt>
  <trkpt lat="10.77723149" lon="106.71448353"><ele>2.765</ele><time>2025-01-16T12:25:11Z</time><speed>8.110</speed><sat>18</sat></trkpt>
  <trkpt lat="10.77726784" lon="106.71441665"><ele>2.883</ele><time>2025-01-16T12:25:12Z</time><speed>8.360</speed><sat>15</sat></trkpt>
  <trkpt lat="10.77730319" lon="106.71434990"><ele>2.866</ele><time>2025-01-16T12:25:13Z</time><speed>8.280</speed><sat>15</sat></trkpt>
  <trkpt lat="10.77733846" lon="106.71428187"><ele>2.799</ele><time>2025-01-16T12:25:14Z</time><speed>8.440</speed><sat>17</sat></trkpt>
  <trkpt lat="10.77737570" lon="106.71421484"><ele>2.558</ele><time>2025-01-16T12:25:15Z</time><speed>8.070</speed><sat>26</sat></trkpt>
  <trkpt lat="10.77741170" lon="106.71414695"><ele>2.195</ele><time>2025-01-16T12:25:16Z</time><speed>8.310</speed><sat>25</sat></trkpt>
  <trkpt lat="10.77744587" lon="106.71408222"><ele>2.307</ele><time>2025-01-16T12:25:17Z</time><speed>8.030</speed><sat>25</sat></trkpt>
  <trkpt lat="10.77747999" lon="106.71401613"><ele>2.506</ele><time>2025-01-16T12:25:18Z</time><speed>8.070</speed><sat>25</sat></trkpt>
  <trkpt lat="10.77751471" lon="106.71395050"><ele>2.367</ele><time>2025-01-16T12:25:19Z</time><speed>7.940</speed><sat>23</sat></trkpt>
  <trkpt lat="10.77755312" lon="106.71388639"><ele>2.710</ele><time>2025-01-16T12:25:20Z</time><speed>7.850</speed><sat>23</sat></trkpt>
  <trkpt lat="10.77758872" lon="106.71382592"><ele>2.941</ele><time>2025-01-16T12:25:21Z</time><speed>7.560</speed><sat>22</sat></trkpt>
  <trkpt lat="10.77762556" lon="106.71376494"><ele>2.861</ele><time>2025-01-16T12:25:22Z</time><speed>7.630</speed><sat>21</sat></trkpt>
  <trkpt lat="10.77766372" lon="106.71370400"><ele>3.135</ele><time>2025-01-16T12:25:23Z</time><speed>7.750</speed><sat>21</sat></trkpt>
  <trkpt lat="10.77769416" lon="106.71364230"><ele>3.220</ele><time>2025-01-16T12:25:24Z</time><speed>7.760</speed><sat>22</sat></trkpt>
  <trkpt lat="10.77773266" lon="106.71357820"><ele>3.799</ele><time>2025-01-16T12:25:25Z</time><speed>7.930</speed><sat>22</sat></trkpt>
  <trkpt lat="10.77776429" lon="106.71351244"><ele>4.166</ele><time>2025-01-16T12:25:26Z</time><speed>7.950</speed><sat>23</sat></trkpt>
  <trkpt lat="10.77780082" lon="106.71344792"><ele>4.981</ele><time>2025-01-16T12:25:27Z</time><speed>7.890</speed><sat>23</sat></trkpt>
  <trkpt lat="10.77783856" lon="106.71338400"><ele>5.134</ele><time>2025-01-16T12:25:28Z</time><speed>8.040</speed><sat>23</sat></trkpt>
  <trkpt lat="10.77786482" lon="106.71332266"><ele>5.497</ele><time>2025-01-16T12:25:29Z</time><speed>7.270</speed><sat>23</sat></trkpt>
  <trkpt lat="10.77790655" lon="106.71327701"><ele>2.893</ele><time>2025-01-16T12:25:30Z</time><speed>8.340</speed><sat>24</sat></trkpt>
  <trkpt lat="10.77794649" lon="106.71322932"><ele>1.822</ele><time>2025-01-16T12:25:31Z</time><speed>7.570</speed><sat>27</sat></trkpt>
  <trkpt lat="10.77797774" lon="106.71315632"><ele>3.704</ele><time>2025-01-16T12:25:32Z</time><speed>8.120</speed><sat>27</sat></trkpt>
  <trkpt lat="10.77800746" lon="106.71308162"><ele>4.493</ele><time>2025-01-16T12:25:33Z</time><speed>8.490</speed><sat>26</sat></trkpt>
  <trkpt lat="10.77804070" lon="106.71300927"><ele>4.731</ele><time>2025-01-16T12:25:34Z</time><speed>8.370</speed><sat>26</sat></trkpt>
  <trkpt lat="10.77807364" lon="106.71294001"><ele>4.908</ele><time>2025-01-16T12:25:35Z</time><speed>8.360</speed><sat>25</sat></trkpt>
  <trkpt lat="10.77810955" lon="106.71287009"><ele>4.892</ele><time>2025-01-16T12:25:36Z</time><speed>8.400</speed><sat>26</sat></trkpt>
  <trkpt lat="10.77814814" lon="106.71280148"><ele>4.885</ele><time>2025-01-16T12:25:37Z</time><speed>8.490</speed><sat>25</sat></trkpt>
  <trkpt lat="10.77818242" lon="106.71273175"><ele>5.114</ele><time>2025-01-16T12:25:38Z</time><speed>8.410</speed><sat>26</sat></trkpt>
  <trkpt lat="10.77822159" lon="106.71266518"><ele>5.216</ele><time>2025-01-16T12:25:39Z</time><speed>8.310</speed><sat>25</sat></trkpt>
  <trkpt lat="10.77825132" lon="106.71259466"><ele>5.683</ele><time>2025-01-16T12:25:40Z</time><speed>8.100</speed><sat>26</sat></trkpt>
  <trkpt lat="10.77827845" lon="106.71253700"><ele>4.587</ele><time>2025-01-16T12:25:41Z</time><speed>8.070</speed><sat>25</sat></trkpt>
  <trkpt lat="10.77831027" lon="106.71246908"><ele>5.114</ele><time>2025-01-16T12:25:42Z</time><speed>8.190</speed><sat>24</sat></trkpt>
  <trkpt lat="10.77834715" lon="106.71240076"><ele>5.016</ele><time>2025-01-16T12:25:43Z</time><speed>8.380</speed><sat>25</sat></trkpt>
  <trkpt lat="10.77838696" lon="106.71233217"><ele>5.431</ele><time>2025-01-16T12:25:44Z</time><speed>8.520</speed><sat>26</sat></trkpt>
  <trkpt lat="10.77842612" lon="106.71226381"><ele>5.554</ele><time>2025-01-16T12:25:45Z</time><speed>8.670</speed><sat>26</sat></trkpt>
  <trkpt lat="10.77846460" lon="106.71219230"><ele>5.912</ele><time>2025-01-16T12:25:46Z</time><speed>8.700</speed><sat>26</sat></trkpt>
  <trkpt lat="10.77850635" lon="106.71212293"><ele>6.051</ele><time>2025-01-16T12:25:47Z</time><speed>8.690</speed><sat>27</sat></trkpt>
  <trkpt lat="10.77854543" lon="106.71205129"><ele>6.633</ele><time>2025-01-16T12:25:48Z</time><speed>8.640</speed><sat>26</sat></trkpt>
  <trkpt lat="10.77858235" lon="106.71197975"><ele>7.445</ele><time>2025-01-16T12:25:49Z</time><speed>8.700</speed><sat>26</sat></trkpt>
  <trkpt lat="10.77862248" lon="106.71190949"><ele>8.240</ele><time>2025-01-16T12:25:50Z</time><speed>8.670</speed><sat>18</sat></trkpt>
  <trkpt lat="10.77866019" lon="106.71183994"><ele>8.399</ele><time>2025-01-16T12:25:51Z</time><speed>8.660</speed><sat>17</sat></trkpt>
  <trkpt lat="10.77869186" lon="106.71176784"><ele>7.719</ele><time>2025-01-16T12:25:52Z</time><speed>8.510</speed><sat>16</sat></trkpt>
  <trkpt lat="10.77873322" lon="106.71170372"><ele>6.505</ele><time>2025-01-16T12:25:53Z</time><speed>8.330</speed><sat>14</sat></trkpt>
  <trkpt lat="10.77877088" lon="106.71164277"><ele>5.225</ele><time>2025-01-16T12:25:54Z</time><speed>8.170</speed><sat>15</sat></trkpt>
  <trkpt lat="10.77879957" lon="106.71158099"><ele>5.922</ele><time>2025-01-16T12:25:55Z</time><speed>7.530</speed><sat>14</sat></trkpt>
  <trkpt lat="10.77883841" lon="106.71151951"><ele>6.091</ele><time>2025-01-16T12:25:56Z</time><speed>8.470</speed><sat>15</sat></trkpt>
  <trkpt lat="10.77886774" lon="106.71146763"><ele>5.639</ele><time>2025-01-16T12:25:57Z</time><speed>7.710</speed><sat>21</sat></trkpt>
  <trkpt lat="10.77889568" lon="106.71140877"><ele>5.170</ele><time>2025-01-16T12:25:58Z</time><speed>7.760</speed><sat>23</sat></trkpt>
  <trkpt lat="10.77893010" lon="106.71134572"><ele>5.402</ele><time>2025-01-16T12:25:59Z</time><speed>7.740</speed><sat>24</sat></trkpt>
  <trkpt lat="10.77896336" lon="106.71128574"><ele>6.081</ele><time>2025-01-16T12:26:00Z</time><speed>7.280</speed><sat>24</sat></trkpt>
  <trkpt lat="10.77899790" lon="106.71122718"><ele>6.916</ele><time>2025-01-16T12:26:01Z</time><speed>7.300</speed><sat>24</sat></trkpt>
  <trkpt lat="10.77903023" lon="106.71116805"><ele>7.239</ele><time>2025-01-16T12:26:02Z</time><speed>7.160</speed><sat>26</sat></trkpt>
  <trkpt lat="10.77906055" lon="106.71110653"><ele>6.547</ele><time>2025-01-16T12:26:03Z</time><speed>7.130</speed><sat>27</sat></trkpt>
  <trkpt lat="10.77909897" lon="106.71104913"><ele>6.621</ele><time>2025-01-16T12:26:04Z</time><speed>6.980</speed><sat>19</sat></trkpt>
  <trkpt lat="10.77912970" lon="106.71099266"><ele>6.723</ele><time>2025-01-16T12:26:05Z</time><speed>6.980</speed><sat>19</sat></trkpt>
  <trkpt lat="10.77916712" lon="106.71094032"><ele>5.284</ele><time>2025-01-16T12:26:06Z</time><speed>6.650</speed><sat>16</sat></trkpt>
  <trkpt lat="10.77919804" lon="106.71088732"><ele>5.457</ele><time>2025-01-16T12:26:07Z</time><speed>6.720</speed><sat>16</sat></trkpt>
  <trkpt lat="10.77922589" lon="106.71083310"><ele>5.034</ele><time>2025-01-16T12:26:08Z</time><speed>6.780</speed><sat>18</sat></trkpt>
  <trkpt lat="10.77925762" lon="106.71077027"><ele>6.498</ele><time>2025-01-16T12:26:09Z</time><speed>6.580</speed><sat>21</sat></trkpt>
  <trkpt lat="10.77928492" lon="106.71071128"><ele>6.609</ele><time>2025-01-16T12:26:10Z</time><speed>6.770</speed><sat>27</sat></trkpt>
  <trkpt lat="10.77931168" lon="106.71065781"><ele>6.877</ele><time>2025-01-16T12:26:11Z</time><speed>6.640</speed><sat>27</sat></trkpt>
  <trkpt lat="10.77934089" lon="106.71060508"><ele>7.071</ele><time>2025-01-16T12:26:12Z</time><speed>6.640</speed><sat>27</sat></trkpt>
  <trkpt lat="10.77936587" lon="106.71055602"><ele>7.370</ele><time>2025-01-16T12:26:13Z</time><speed>6.660</speed><sat>29</sat></trkpt>
  <trkpt lat="10.77939531" lon="106.71050078"><ele>7.859</ele><time>2025-01-16T12:26:14Z</time><speed>6.790</speed><sat>29</sat></trkpt>
  <trkpt lat="10.77942000" lon="106.71044218"><ele>9.556</ele><time>2025-01-16T12:26:15Z</time><speed>6.700</speed><sat>29</sat></trkpt>
  <trkpt lat="10.77945697" lon="106.71038113"><ele>9.225</ele><time>2025-01-16T12:26:16Z</time><speed>7.030</speed><sat>20</sat></trkpt>
  <trkpt lat="10.77948739" lon="106.71032588"><ele>9.229</ele><time>2025-01-16T12:26:17Z</time><speed>7.030</speed><sat>20</sat></trkpt>
  <trkpt lat="10.77952651" lon="106.71028625"><ele>8.554</ele><time>2025-01-16T12:26:18Z</time><speed>6.280</speed><sat>20</sat></trkpt>
  <trkpt lat="10.77955750" lon="106.71023525"><ele>8.585</ele><time>2025-01-16T12:26:19Z</time><speed>6.470</speed><sat>20</sat></trkpt>
  <trkpt lat="10.77959807" lon="106.71015838"><ele>9.354</ele><time>2025-01-16T12:26:20Z</time><speed>6.920</speed><sat>19</sat></trkpt>
  <trkpt lat="10.77961115" lon="106.71012207"><ele>10.006</ele><time>2025-01-16T12:26:21Z</time><speed>6.710</speed><sat>28</sat></trkpt>
  <trkpt lat="10.77964128" lon="106.71007032"><ele>11.787</ele><time>2025-01-16T12:26:22Z</time><speed>7.170</speed><sat>28</sat></trkpt>
  <trkpt lat="10.77967725" lon="106.71001134"><ele>11.813</ele><time>2025-01-16T12:26:23Z</time><speed>7.090</speed><sat>28</sat></trkpt>
  <trkpt lat="10.77971133" lon="106.70995064"><ele>11.093</ele><time>2025-01-16T12:26:24Z</time><speed>7.160</speed><sat>28</sat></trkpt>
  <trkpt lat="10.77974203" lon="106.70988991"><ele>11.756</ele><time>2025-01-16T12:26:25Z</time><speed>7.020</speed><sat>28</sat></trkpt>
  <trkpt lat="10.77976436" lon="106.70983152"><ele>12.656</ele><time>2025-01-16T12:26:26Z</time><speed>7.160</speed><sat>29</sat></trkpt>
  <trkpt lat="10.77979114" lon="106.70977735"><ele>12.741</ele><time>2025-01-16T12:26:27Z</time><speed>7.440</speed><sat>29</sat></trkpt>
  <trkpt lat="10.77982128" lon="106.70971772"><ele>11.893</ele><time>2025-01-16T12:26:28Z</time><speed>7.170</speed><sat>20</sat></trkpt>
  <trkpt lat="10.77985277" lon="106.70965981"><ele>11.916</ele><time>2025-01-16T12:26:29Z</time><speed>7.170</speed><sat>20</sat></trkpt>
  <trkpt lat="10.77987590" lon="106.70960521"><ele>12.397</ele><time>2025-01-16T12:26:30Z</time><speed>5.950</speed><sat>19</sat></trkpt>
  <trkpt lat="10.77988702" lon="106.70957152"><ele>12.287</ele><time>2025-01-16T12:26:31Z</time><speed>5.590</speed><sat>17</sat></trkpt>
  <trkpt lat="10.77992556" lon="106.70950744"><ele>12.659</ele><time>2025-01-16T12:26:32Z</time><speed>8.050</speed><sat>25</sat></trkpt>
  <trkpt lat="10.77996522" lon="106.70944690"><ele>12.284</ele><time>2025-01-16T12:26:33Z</time><speed>7.010</speed><sat>25</sat></trkpt>
  <trkpt lat="10.77999486" lon="106.70938387"><ele>12.857</ele><time>2025-01-16T12:26:34Z</time><speed>7.010</speed><sat>26</sat></trkpt>
  <trkpt lat="10.78003276" lon="106.70932509"><ele>13.403</ele><time>2025-01-16T12:26:35Z</time><speed>7.110</speed><sat>26</sat></trkpt>
  <trkpt lat="10.78006478" lon="106.70926996"><ele>13.403</ele><time>2025-01-16T12:26:36Z</time><speed>6.790</speed><sat>28</sat></trkpt>
  <trkpt lat="10.78009651" lon="106.70921292"><ele>13.158</ele><time>2025-01-16T12:26:37Z</time><speed>6.760</speed><sat>30</sat></trkpt>
  <trkpt lat="10.78012648" lon="106.70915988"><ele>13.101</ele><time>2025-01-16T12:26:38Z</time><speed>6.450</speed><sat>30</sat></trkpt>
  <trkpt lat="10.78015187" lon="106.70910925"><ele>13.945</ele><time>2025-01-16T12:26:39Z</time><speed>6.530</speed><sat>30</sat></trkpt>
  <trkpt lat="10.78018169" lon="106.70905667"><ele>13.540</ele><time>2025-01-16T12:26:40Z</time><speed>6.380</speed><sat>30</sat></trkpt>
  <trkpt lat="10.78021040" lon="106.70900557"><ele>13.502</ele><time>2025-01-16T12:26:41Z</time><speed>6.450</speed><sat>30</sat></trkpt>
  <trkpt lat="10.78023900" lon="106.70895224"><ele>13.202</ele><time>2025-01-16T12:26:42Z</time><speed>6.480</speed><sat>30</sat></trkpt>
  <trkpt lat="10.78026442" lon="106.70890020"><ele>13.193</ele><time>2025-01-16T12:26:43Z</time><speed>6.420</speed><sat>20</sat></trkpt>
  <trkpt lat="10.78029257" lon="106.70884850"><ele>13.163</ele><time>2025-01-16T12:26:44Z</time><speed>6.420</speed><sat>20</sat></trkpt>
  <trkpt lat="10.78033150" lon="106.70879577"><ele>12.011</ele><time>2025-01-16T12:26:45Z</time><speed>6.550</speed><sat>18</sat></trkpt>
  <trkpt lat="10.78036667" lon="106.70875446"><ele>10.253</ele><time>2025-01-16T12:26:46Z</time><speed>6.400</speed><sat>16</sat></trkpt>
  <trkpt lat="10.78040387" lon="106.70869589"><ele>10.627</ele><time>2025-01-16T12:26:47Z</time><speed>6.640</speed><sat>32</sat></trkpt>
  <trkpt lat="10.78042661" lon="106.70864232"><ele>10.268</ele><time>2025-01-16T12:26:48Z</time><speed>6.730</speed><sat>32</sat></trkpt>
  <trkpt lat="10.78045346" lon="106.70858721"><ele>10.932</ele><time>2025-01-16T12:26:49Z</time><speed>6.820</speed><sat>27</sat></trkpt>
  <trkpt lat="10.78048393" lon="106.70852898"><ele>10.145</ele><time>2025-01-16T12:26:50Z</time><speed>6.770</speed><sat>29</sat></trkpt>
  <trkpt lat="10.78051458" lon="106.70847333"><ele>11.013</ele><time>2025-01-16T12:26:51Z</time><speed>7.050</speed><sat>31</sat></trkpt>
  <trkpt lat="10.78054209" lon="106.70841959"><ele>10.369</ele><time>2025-01-16T12:26:52Z</time><speed>7.010</speed><sat>19</sat></trkpt>
  <trkpt lat="10.78057250" lon="106.70836355"><ele>10.304</ele><time>2025-01-16T12:26:53Z</time><speed>7.010</speed><sat>19</sat></trkpt>
  <trkpt lat="10.78061852" lon="106.70830805"><ele>9.227</ele><time>2025-01-16T12:26:54Z</time><speed>7.160</speed><sat>18</sat></trkpt>
  <trkpt lat="10.78065205" lon="106.70825283"><ele>9.213</ele><time>2025-01-16T12:26:55Z</time><speed>7.100</speed><sat>18</sat></trkpt>
  <trkpt lat="10.78067465" lon="106.70820495"><ele>8.531</ele><time>2025-01-16T12:26:56Z</time><speed>5.360</speed><sat>24</sat></trkpt>
  <trkpt lat="10.78069812" lon="106.70815147"><ele>8.124</ele><time>2025-01-16T12:26:57Z</time><speed>6.270</speed><sat>23</sat></trkpt>
  <trkpt lat="10.78073956" lon="106.70809137"><ele>8.079</ele><time>2025-01-16T12:26:58Z</time><speed>7.110</speed><sat>24</sat></trkpt>
  <trkpt lat="10.78076889" lon="106.70802264"><ele>9.971</ele><time>2025-01-16T12:26:59Z</time><speed>7.080</speed><sat>27</sat></trkpt>
  <trkpt lat="10.78080937" lon="106.70796279"><ele>12.482</ele><time>2025-01-16T12:27:00Z</time><speed>7.160</speed><sat>27</sat></trkpt>
  <trkpt lat="10.78084766" lon="106.70790098"><ele>11.385</ele><time>2025-01-16T12:27:01Z</time><speed>6.660</speed><sat>28</sat></trkpt>
  <trkpt lat="10.78088538" lon="106.70784864"><ele>11.369</ele><time>2025-01-16T12:27:02Z</time><speed>7.020</speed><sat>28</sat></trkpt>
  <trkpt lat="10.78092260" lon="106.70779649"><ele>11.652</ele><time>2025-01-16T12:27:03Z</time><speed>7.180</speed><sat>28</sat></trkpt>
  <trkpt lat="10.78095722" lon="106.70774549"><ele>12.086</ele><time>2025-01-16T12:27:04Z</time><speed>7.240</speed><sat>28</sat></trkpt>
  <trkpt lat="10.78099926" lon="106.70769670"><ele>12.065</ele><time>2025-01-16T12:27:05Z</time><speed>7.040</speed><sat>28</sat></trkpt>
  <trkpt lat="10.78103853" lon="106.70765167"><ele>11.792</ele><time>2025-01-16T12:27:06Z</time><speed>7.370</speed><sat>27</sat></trkpt>
  <trkpt lat="10.78108073" lon="106.70760277"><ele>12.309</ele><time>2025-01-16T12:27:07Z</time><speed>7.370</speed><sat>24</sat></trkpt>
  <trkpt lat="10.78112782" lon="106.70755343"><ele>12.417</ele><time>2025-01-16T12:27:08Z</time><speed>7.400</speed><sat>27</sat></trkpt>
  <trkpt lat="10.78117453" lon="106.70750609"><ele>13.002</ele><time>2025-01-16T12:27:09Z</time><speed>7.270</speed><sat>27</sat></trkpt>
  <trkpt lat="10.78122649" lon="106.70745937"><ele>12.685</ele><time>2025-01-16T12:27:10Z</time><speed>7.100</speed><sat>27</sat></trkpt>
  <trkpt lat="10.78127287" lon="106.70740797"><ele>12.481</ele><time>2025-01-16T12:27:11Z</time><speed>7.280</speed><sat>24</sat></trkpt>
  <trkpt lat="10.78131704" lon="106.70735623"><ele>12.521</ele><time>2025-01-16T12:27:12Z</time><speed>7.440</speed><sat>24</sat></trkpt>
  <trkpt lat="10.78136582" lon="106.70730839"><ele>12.609</ele><time>2025-01-16T12:27:13Z</time><speed>7.430</speed><sat>23</sat></trkpt>
  <trkpt lat="10.78141319" lon="106.70725938"><ele>12.682</ele><time>2025-01-16T12:27:14Z</time><speed>7.440</speed><sat>25</sat></trkpt>
  <trkpt lat="10.78145955" lon="106.70721429"><ele>12.460</ele><time>2025-01-16T12:27:15Z</time><speed>7.500</speed><sat>24</sat></trkpt>
  <trkpt lat="10.78150469" lon="106.70716072"><ele>13.587</ele><time>2025-01-16T12:27:16Z</time><speed>7.600</speed><sat>24</sat></trkpt>
  <trkpt lat="10.78155239" lon="106.70711599"><ele>12.570</ele><time>2025-01-16T12:27:17Z</time><speed>7.560</speed><sat>24</sat></trkpt>
  <trkpt lat="10.78159083" lon="106.70706367"><ele>12.403</ele><time>2025-01-16T12:27:18Z</time><speed>7.690</speed><sat>24</sat></trkpt>
  <trkpt lat="10.78163810" lon="106.70701289"><ele>12.388</ele><time>2025-01-16T12:27:19Z</time><speed>7.460</speed><sat>25</sat></trkpt>
  <trkpt lat="10.78168412" lon="106.70696260"><ele>12.400</ele><time>2025-01-16T12:27:20Z</time><speed>7.430</speed><sat>18</sat></trkpt>
  <trkpt lat="10.78173047" lon="106.70691295"><ele>12.410</ele><time>2025-01-16T12:27:21Z</time><speed>7.430</speed><sat>16</sat></trkpt>
  <trkpt lat="10.78177302" lon="106.70686029"><ele>12.689</ele><time>2025-01-16T12:27:22Z</time><speed>7.280</speed><sat>16</sat></trkpt>
  <trkpt lat="10.78181309" lon="106.70680797"><ele>12.511</ele><time>2025-01-16T12:27:23Z</time><speed>7.370</speed><sat>13</sat></trkpt>
  <trkpt lat="10.78185635" lon="106.70675656"><ele>12.490</ele><time>2025-01-16T12:27:24Z</time><speed>7.390</speed><sat>13</sat></trkpt>
  <trkpt lat="10.78189982" lon="106.70670178"><ele>12.644</ele><time>2025-01-16T12:27:25Z</time><speed>7.530</speed><sat>12</sat></trkpt>
  <trkpt lat="10.78195356" lon="106.70663367"><ele>12.478</ele><time>2025-01-16T12:27:26Z</time><speed>7.910</speed><sat>12</sat></trkpt>
  <trkpt lat="10.78199749" lon="106.70657699"><ele>12.970</ele><time>2025-01-16T12:27:27Z</time><speed>7.620</speed><sat>13</sat></trkpt>
  <trkpt lat="10.78204712" lon="106.70650839"><ele>13.654</ele><time>2025-01-16T12:27:28Z</time><speed>8.140</speed><sat>18</sat></trkpt>
  <trkpt lat="10.78209711" lon="106.70644522"><ele>14.049</ele><time>2025-01-16T12:27:29Z</time><speed>8.220</speed><sat>19</sat></trkpt>
  <trkpt lat="10.78214305" lon="106.70638008"><ele>14.920</ele><time>2025-01-16T12:27:30Z</time><speed>8.370</speed><sat>18</sat></trkpt>
  <trkpt lat="10.78218662" lon="106.70632629"><ele>15.398</ele><time>2025-01-16T12:27:31Z</time><speed>8.180</speed><sat>17</sat></trkpt>
  <trkpt lat="10.78223521" lon="106.70627128"><ele>14.935</ele><time>2025-01-16T12:27:32Z</time><speed>7.950</speed><sat>19</sat></trkpt>
  <trkpt lat="10.78228391" lon="106.70621499"><ele>15.027</ele><time>2025-01-16T12:27:33Z</time><speed>7.960</speed><sat>18</sat></trkpt>
  <trkpt lat="10.78233993" lon="106.70616154"><ele>15.785</ele><time>2025-01-16T12:27:34Z</time><speed>7.470</speed><sat>19</sat></trkpt>
  <trkpt lat="10.78239092" lon="106.70610526"><ele>16.318</ele><time>2025-01-16T12:27:35Z</time><speed>7.590</speed><sat>22</sat></trkpt>
  <trkpt lat="10.78244197" lon="106.70604434"><ele>17.431</ele><time>2025-01-16T12:27:36Z</time><speed>8.020</speed><sat>24</sat></trkpt>
  <trkpt lat="10.78249841" lon="106.70598916"><ele>17.799</ele><time>2025-01-16T12:27:37Z</time><speed>8.600</speed><sat>25</sat></trkpt>
  <trkpt lat="10.78254798" lon="106.70593384"><ele>18.381</ele><time>2025-01-16T12:27:38Z</time><speed>7.940</speed><sat>23</sat></trkpt>
  <trkpt lat="10.78257876" lon="106.70590066"><ele>15.552</ele><time>2025-01-16T12:27:39Z</time><speed>7.440</speed><sat>24</sat></trkpt>
  <trkpt lat="10.78262507" lon="106.70584845"><ele>15.778</ele><time>2025-01-16T12:27:40Z</time><speed>7.670</speed><sat>25</sat></trkpt>
  <trkpt lat="10.78267356" lon="106.70579671"><ele>15.763</ele><time>2025-01-16T12:27:41Z</time><speed>7.700</speed><sat>25</sat></trkpt>
  <trkpt lat="10.78272734" lon="106.70574564"><ele>15.559</ele><time>2025-01-16T12:27:42Z</time><speed>7.770</speed><sat>25</sat></trkpt>
  <trkpt lat="10.78278164" lon="106.70569124"><ele>16.095</ele><time>2025-01-16T12:27:43Z</time><speed>7.870</speed><sat>24</sat></trkpt>
  <trkpt lat="10.78283131" lon="106.70563674"><ele>15.805</ele><time>2025-01-16T12:27:44Z</time><speed>8.100</speed><sat>24</sat></trkpt>
  <trkpt lat="10.78288323" lon="106.70558245"><ele>16.014</ele><time>2025-01-16T12:27:45Z</time><speed>8.130</speed><sat>24</sat></trkpt>
  <trkpt lat="10.78293960" lon="106.70552320"><ele>17.113</ele><time>2025-01-16T12:27:46Z</time><speed>8.160</speed><sat>23</sat></trkpt>
  <trkpt lat="10.78298822" lon="106.70547322"><ele>15.898</ele><time>2025-01-16T12:27:47Z</time><speed>8.280</speed><sat>26</sat></trkpt>
  <trkpt lat="10.78303944" lon="106.70542114"><ele>15.004</ele><time>2025-01-16T12:27:48Z</time><speed>8.560</speed><sat>27</sat></trkpt>
  <trkpt lat="10.78309201" lon="106.70536466"><ele>14.570</ele><time>2025-01-16T12:27:49Z</time><speed>8.650</speed><sat>28</sat></trkpt>
  <trkpt lat="10.78315003" lon="106.70530466"><ele>14.637</ele><time>2025-01-16T12:27:50Z</time><speed>9.210</speed><sat>26</sat></trkpt>
  <trkpt lat="10.78320689" lon="106.70524478"><ele>14.665</ele><time>2025-01-16T12:27:51Z</time><speed>9.140</speed><sat>26</sat></trkpt>
  <trkpt lat="10.78326345" lon="106.70518333"><ele>14.529</ele><time>2025-01-16T12:27:52Z</time><speed>9.110</speed><sat>27</sat></trkpt>
  <trkpt lat="10.78332053" lon="106.70511992"><ele>14.626</ele><time>2025-01-16T12:27:53Z</time><speed>9.370</speed><sat>17</sat></trkpt>
  <trkpt lat="10.78337707" lon="106.70505693"><ele>14.612</ele><time>2025-01-16T12:27:54Z</time><speed>9.380</speed><sat>16</sat></trkpt>
  <trkpt lat="10.78342832" lon="106.70500081"><ele>14.069</ele><time>2025-01-16T12:27:55Z</time><speed>8.800</speed><sat>16</sat></trkpt>
  <trkpt lat="10.78348532" lon="106.70493887"><ele>13.825</ele><time>2025-01-16T12:27:56Z</time><speed>8.900</speed><sat>15</sat></trkpt>
  <trkpt lat="10.78353977" lon="106.70487860"><ele>13.799</ele><time>2025-01-16T12:27:57Z</time><speed>8.910</speed><sat>15</sat></trkpt>
  <trkpt lat="10.78358853" lon="106.70483048"><ele>14.059</ele><time>2025-01-16T12:27:58Z</time><speed>8.120</speed><sat>14</sat></trkpt>
  <trkpt lat="10.78364903" lon="106.70477318"><ele>14.323</ele><time>2025-01-16T12:27:59Z</time><speed>8.410</speed><sat>13</sat></trkpt>
  <trkpt lat="10.78368338" lon="106.70475161"><ele>14.088</ele><time>2025-01-16T12:28:00Z</time><speed>7.010</speed><sat>15</sat></trkpt>
  <trkpt lat="10.78373125" lon="106.70471137"><ele>13.225</ele><time>2025-01-16T12:28:01Z</time><speed>7.430</speed><sat>19</sat></trkpt>
  <trkpt lat="10.78377441" lon="106.70466235"><ele>12.884</ele><time>2025-01-16T12:28:02Z</time><speed>7.320</speed><sat>20</sat></trkpt>
  <trkpt lat="10.78381865" lon="106.70461391"><ele>12.996</ele><time>2025-01-16T12:28:03Z</time><speed>7.450</speed><sat>20</sat></trkpt>
  <trkpt lat="10.78386257" lon="106.70456549"><ele>12.856</ele><time>2025-01-16T12:28:04Z</time><speed>7.360</speed><sat>20</sat></trkpt>
  <trkpt lat="10.78390747" lon="106.70451306"><ele>12.983</ele><time>2025-01-16T12:28:05Z</time><speed>7.570</speed><sat>20</sat></trkpt>
  <trkpt lat="10.78395364" lon="106.70446258"><ele>12.899</ele><time>2025-01-16T12:28:06Z</time><speed>7.300</speed><sat>15</sat></trkpt>
  <trkpt lat="10.78400258" lon="106.70440411"><ele>12.665</ele><time>2025-01-16T12:28:07Z</time><speed>7.500</speed><sat>15</sat></trkpt>
  <trkpt lat="10.78404904" lon="106.70435379"><ele>12.507</ele><time>2025-01-16T12:28:08Z</time><speed>7.520</speed><sat>15</sat></trkpt>
  <trkpt lat="10.78409544" lon="106.70430003"><ele>12.735</ele><time>2025-01-16T12:28:09Z</time><speed>7.320</speed><sat>14</sat></trkpt>
  <trkpt lat="10.78413512" lon="106.70425509"><ele>12.830</ele><time>2025-01-16T12:28:10Z</time><speed>6.140</speed><sat>15</sat></trkpt>
  <trkpt lat="10.78417730" lon="106.70421688"><ele>13.031</ele><time>2025-01-16T12:28:11Z</time><speed>6.160</speed><sat>14</sat></trkpt>
  <trkpt lat="10.78422149" lon="106.70418085"><ele>13.170</ele><time>2025-01-16T12:28:12Z</time><speed>5.820</speed><sat>14</sat></trkpt>
  <trkpt lat="10.78426074" lon="106.70414329"><ele>13.546</ele><time>2025-01-16T12:28:13Z</time><speed>5.520</speed><sat>15</sat></trkpt>
  <trkpt lat="10.78428440" lon="106.70411710"><ele>13.509</ele><time>2025-01-16T12:28:14Z</time><speed>5.600</speed><sat>14</sat></trkpt>
  <trkpt lat="10.78432267" lon="106.70407875"><ele>13.917</ele><time>2025-01-16T12:28:15Z</time><speed>5.870</speed><sat>14</sat></trkpt>
  <trkpt lat="10.78436057" lon="106.70404708"><ele>13.768</ele><time>2025-01-16T12:28:16Z</time><speed>6.110</speed><sat>15</sat></trkpt>
  <trkpt lat="10.78439817" lon="106.70401255"><ele>13.955</ele><time>2025-01-16T12:28:17Z</time><speed>6.210</speed><sat>15</sat></trkpt>
  <trkpt lat="10.78444131" lon="106.70396777"><ele>14.289</ele><time>2025-01-16T12:28:18Z</time><speed>6.310</speed><sat>15</sat></trkpt>
  <trkpt lat="10.78447966" lon="106.70392820"><ele>14.527</ele><time>2025-01-16T12:28:19Z</time><speed>6.010</speed><sat>15</sat></trkpt>
  <trkpt lat="10.78451668" lon="106.70389052"><ele>14.214</ele><time>2025-01-16T12:28:20Z</time><speed>5.320</speed><sat>13</sat></trkpt>
  <trkpt lat="10.78454817" lon="106.70385345"><ele>14.947</ele><time>2025-01-16T12:28:21Z</time><speed>5.300</speed><sat>13</sat></trkpt>
  <trkpt lat="10.78458165" lon="106.70381840"><ele>14.959</ele><time>2025-01-16T12:28:22Z</time><speed>5.320</speed><sat>13</sat></trkpt>
  <trkpt lat="10.78461182" lon="106.70380118"><ele>13.289</ele><time>2025-01-16T12:28:23Z</time><speed>4.670</speed><sat>14</sat></trkpt>
  <trkpt lat="10.78463484" lon="106.70376706"><ele>13.235</ele><time>2025-01-16T12:28:24Z</time><speed>4.750</speed><sat>15</sat></trkpt>
  <trkpt lat="10.78465637" lon="106.70372336"><ele>14.219</ele><time>2025-01-16T12:28:25Z</time><speed>4.710</speed><sat>15</sat></trkpt>
  <trkpt lat="10.78467951" lon="106.70368981"><ele>14.118</ele><time>2025-01-16T12:28:26Z</time><speed>4.580</speed><sat>14</sat></trkpt>
  <trkpt lat="10.78469108" lon="106.70365384"><ele>12.687</ele><time>2025-01-16T12:28:27Z</time><speed>4.070</speed><sat>16</sat></trkpt>
  <trkpt lat="10.78472087" lon="106.70363311"><ele>12.428</ele><time>2025-01-16T12:28:28Z</time><speed>3.650</speed><sat>17</sat></trkpt>
  <trkpt lat="10.78473968" lon="106.70360437"><ele>12.489</ele><time>2025-01-16T12:28:29Z</time><speed>3.750</speed><sat>17</sat></trkpt>
  <trkpt lat="10.78475037" lon="106.70359710"><ele>11.098</ele><time>2025-01-16T12:28:30Z</time><speed>2.790</speed><sat>15</sat></trkpt>
  <trkpt lat="10.78476435" lon="106.70357421"><ele>11.044</ele><time>2025-01-16T12:28:31Z</time><speed>2.910</speed><sat>15</sat></trkpt>
  <trkpt lat="10.78477383" lon="106.70356024"><ele>12.519</ele><time>2025-01-16T12:28:32Z</time><speed>1.850</speed><sat>15</sat></trkpt>
  <trkpt lat="10.78478395" lon="106.70355077"><ele>13.137</ele><time>2025-01-16T12:28:33Z</time><speed>1.230</speed><sat>15</sat></trkpt>
  <trkpt lat="10.78479060" lon="106.70354264"><ele>13.570</ele><time>2025-01-16T12:28:34Z</time><speed>0.970</speed><sat>18</sat></trkpt>
  <trkpt lat="10.78479702" lon="106.70353239"><ele>14.496</ele><time>2025-01-16T12:28:35Z</time><speed>1.270</speed><sat>16</sat></trkpt>
  <trkpt lat="10.78480469" lon="106.70352060"><ele>15.274</ele><time>2025-01-16T12:28:36Z</time><speed>1.760</speed><sat>17</sat></trkpt>
  <trkpt lat="10.78481398" lon="106.70350473"><ele>15.577</ele><time>2025-01-16T12:28:37Z</time><speed>2.140</speed><sat>17</sat></trkpt>
  <trkpt lat="10.78482326" lon="106.70348798"><ele>15.560</ele><time>2025-01-16T12:28:38Z</time><speed>2.280</speed><sat>15</sat></trkpt>
  <trkpt lat="10.78483454" lon="106.70347058"><ele>15.018</ele><time>2025-01-16T12:28:39Z</time><speed>2.700</speed><sat>17</sat></trkpt>
  <trkpt lat="10.78484691" lon="106.70345179"><ele>15.008</ele><time>2025-01-16T12:28:40Z</time><speed>2.600</speed><sat>17</sat></trkpt>
  <trkpt lat="10.78485895" lon="106.70342853"><ele>15.512</ele><time>2025-01-16T12:28:41Z</time><speed>3.410</speed><sat>15</sat></trkpt>
  <trkpt lat="10.78487340" lon="106.70340278"><ele>15.574</ele><time>2025-01-16T12:28:42Z</time><speed>3.320</speed><sat>15</sat></trkpt>
  <trkpt lat="10.78488877" lon="106.70337476"><ele>17.265</ele><time>2025-01-16T12:28:43Z</time><speed>3.500</speed><sat>18</sat></trkpt>
  <trkpt lat="10.78490601" lon="106.70334841"><ele>17.465</ele><time>2025-01-16T12:28:44Z</time><speed>3.290</speed><sat>13</sat></trkpt>
  <trkpt lat="10.78492155" lon="106.70332665"><ele>17.202</ele><time>2025-01-16T12:28:45Z</time><speed>2.720</speed><sat>16</sat></trkpt>
  <trkpt lat="10.78493881" lon="106.70330770"><ele>17.197</ele><time>2025-01-16T12:28:46Z</time><speed>2.920</speed><sat>18</sat></trkpt>
  <trkpt lat="10.78495762" lon="106.70329026"><ele>16.499</ele><time>2025-01-16T12:28:47Z</time><speed>2.780</speed><sat>19</sat></trkpt>
  <trkpt lat="10.78497651" lon="106.70327217"><ele>16.116</ele><time>2025-01-16T12:28:48Z</time><speed>3.080</speed><sat>19</sat></trkpt>
  <trkpt lat="10.78500012" lon="106.70325246"><ele>14.915</ele><time>2025-01-16T12:28:49Z</time><speed>3.490</speed><sat>19</sat></trkpt>
  <trkpt lat="10.78502514" lon="106.70323153"><ele>14.841</ele><time>2025-01-16T12:28:50Z</time><speed>3.450</speed><sat>18</sat></trkpt>
  <trkpt lat="10.78505066" lon="106.70320933"><ele>14.731</ele><time>2025-01-16T12:28:51Z</time><speed>3.690</speed><sat>18</sat></trkpt>
  <trkpt lat="10.78507457" lon="106.70318491"><ele>14.754</ele><time>2025-01-16T12:28:52Z</time><speed>3.660</speed><sat>16</sat></trkpt>
  <trkpt lat="10.78509461" lon="106.70315824"><ele>14.779</ele><time>2025-01-16T12:28:53Z</time><speed>3.570</speed><sat>19</sat></trkpt>
  <trkpt lat="10.78511052" lon="106.70313066"><ele>14.643</ele><time>2025-01-16T12:28:54Z</time><speed>3.330</speed><sat>27</sat></trkpt>
  <trkpt lat="10.78512285" lon="106.70310309"><ele>14.397</ele><time>2025-01-16T12:28:55Z</time><speed>3.120</speed><sat>28</sat></trkpt>
  <trkpt lat="10.78513069" lon="106.70307248"><ele>13.996</ele><time>2025-01-16T12:28:56Z</time><speed>3.600</speed><sat>29</sat></trkpt>
  <trkpt lat="10.78513292" lon="106.70303443"><ele>13.325</ele><time>2025-01-16T12:28:57Z</time><speed>4.350</speed><sat>30</sat></trkpt>
  <trkpt lat="10.78511292" lon="106.70298566"><ele>13.712</ele><time>2025-01-16T12:28:58Z</time><speed>5.030</speed><sat>30</sat></trkpt>
  <trkpt lat="10.78508953" lon="106.70294357"><ele>13.896</ele><time>2025-01-16T12:28:59Z</time><speed>5.530</speed><sat>30</sat></trkpt>
  <trkpt lat="10.78507163" lon="106.70290017"><ele>13.060</ele><time>2025-01-16T12:29:00Z</time><speed>5.280</speed><sat>30</sat></trkpt>
  <trkpt lat="10.78504938" lon="106.70285701"><ele>13.039</ele><time>2025-01-16T12:29:01Z</time><speed>5.300</speed><sat>31</sat></trkpt>
  <trkpt lat="10.78499053" lon="106.70282097"><ele>12.306</ele><time>2025-01-16T12:29:02Z</time><speed>7.120</speed><sat>30</sat></trkpt>
  <trkpt lat="10.78494595" lon="106.70278365"><ele>12.298</ele><time>2025-01-16T12:29:03Z</time><speed>6.750</speed><sat>28</sat></trkpt>
  <trkpt lat="10.78489718" lon="106.70274405"><ele>12.867</ele><time>2025-01-16T12:29:04Z</time><speed>6.900</speed><sat>28</sat></trkpt>
  <trkpt lat="10.78484589" lon="106.70271006"><ele>12.814</ele><time>2025-01-16T12:29:05Z</time><speed>7.070</speed><sat>28</sat></trkpt>
  <trkpt lat="10.78479268" lon="106.70266747"><ele>12.430</ele><time>2025-01-16T12:29:06Z</time><speed>7.460</speed><sat>29</sat></trkpt>
  <trkpt lat="10.78474215" lon="106.70262421"><ele>12.147</ele><time>2025-01-16T12:29:07Z</time><speed>7.760</speed><sat>26</sat></trkpt>
  <trkpt lat="10.78469609" lon="106.70257695"><ele>12.134</ele><time>2025-01-16T12:29:08Z</time><speed>7.230</speed><sat>23</sat></trkpt>
  <trkpt lat="10.78464643" lon="106.70253041"><ele>12.456</ele><time>2025-01-16T12:29:09Z</time><speed>7.360</speed><sat>23</sat></trkpt>
  <trkpt lat="10.78459921" lon="106.70248444"><ele>12.581</ele><time>2025-01-16T12:29:10Z</time><speed>7.430</speed><sat>23</sat></trkpt>
  <trkpt lat="10.78454946" lon="106.70244124"><ele>12.702</ele><time>2025-01-16T12:29:11Z</time><speed>7.520</speed><sat>22</sat></trkpt>
  <trkpt lat="10.78450232" lon="106.70239173"><ele>12.586</ele><time>2025-01-16T12:29:12Z</time><speed>7.280</speed><sat>23</sat></trkpt>
  <trkpt lat="10.78445395" lon="106.70234442"><ele>12.471</ele><time>2025-01-16T12:29:13Z</time><speed>7.250</speed><sat>24</sat></trkpt>
  <trkpt lat="10.78440221" lon="106.70230172"><ele>12.816</ele><time>2025-01-16T12:29:14Z</time><speed>7.290</speed><sat>24</sat></trkpt>
  <trkpt lat="10.78435586" lon="106.70226018"><ele>12.876</ele><time>2025-01-16T12:29:15Z</time><speed>6.880</speed><sat>23</sat></trkpt>
  <trkpt lat="10.78430959" lon="106.70221941"><ele>13.303</ele><time>2025-01-16T12:29:16Z</time><speed>6.700</speed><sat>24</sat></trkpt>
  <trkpt lat="10.78426770" lon="106.70217598"><ele>13.699</ele><time>2025-01-16T12:29:17Z</time><speed>6.460</speed><sat>24</sat></trkpt>
  <trkpt lat="10.78422621" lon="106.70213342"><ele>13.615</ele><time>2025-01-16T12:29:18Z</time><speed>6.230</speed><sat>23</sat></trkpt>
  <trkpt lat="10.78418403" lon="106.70209288"><ele>13.778</ele><time>2025-01-16T12:29:19Z</time><speed>6.320</speed><sat>21</sat></trkpt>
  <trkpt lat="10.78414556" lon="106.70205495"><ele>13.639</ele><time>2025-01-16T12:29:20Z</time><speed>6.120</speed><sat>22</sat></trkpt>
  <trkpt lat="10.78410146" lon="106.70202008"><ele>13.933</ele><time>2025-01-16T12:29:21Z</time><speed>6.060</speed><sat>24</sat></trkpt>
  <trkpt lat="10.78406227" lon="106.70198264"><ele>14.419</ele><time>2025-01-16T12:29:22Z</time><speed>5.960</speed><sat>24</sat></trkpt>
  <trkpt lat="10.78402148" lon="106.70194780"><ele>15.026</ele><time>2025-01-16T12:29:23Z</time><speed>6.060</speed><sat>25</sat></trkpt>
  <trkpt lat="10.78397596" lon="106.70191243"><ele>15.325</ele><time>2025-01-16T12:29:24Z</time><speed>6.220</speed><sat>25</sat></trkpt>
  <trkpt lat="10.78392733" lon="106.70187553"><ele>16.229</ele><time>2025-01-16T12:29:25Z</time><speed>6.490</speed><sat>25</sat></trkpt>
  <trkpt lat="10.78388051" lon="106.70184150"><ele>16.564</ele><time>2025-01-16T12:29:26Z</time><speed>6.370</speed><sat>25</sat></trkpt>
  <trkpt lat="10.78380105" lon="106.70181396"><ele>20.232</ele><time>2025-01-16T12:29:27Z</time><speed>6.470</speed><sat>25</sat></trkpt>
  <trkpt lat="10.78375386" lon="106.70179044"><ele>18.708</ele><time>2025-01-16T12:29:28Z</time><speed>6.180</speed><sat>25</sat></trkpt>
  <trkpt lat="10.78371150" lon="106.70175221"><ele>18.712</ele><time>2025-01-16T12:29:29Z</time><speed>6.180</speed><sat>17</sat></trkpt>
  <trkpt lat="10.78366978" lon="106.70172742"><ele>18.849</ele><time>2025-01-16T12:29:30Z</time><speed>5.870</speed><sat>17</sat></trkpt>
  <trkpt lat="10.78363204" lon="106.70169338"><ele>19.143</ele><time>2025-01-16T12:29:31Z</time><speed>5.200</speed><sat>16</sat></trkpt>
  <trkpt lat="10.78358459" lon="106.70166891"><ele>20.962</ele><time>2025-01-16T12:29:32Z</time><speed>5.270</speed><sat>15</sat></trkpt>
  <trkpt lat="10.78355099" lon="106.70164692"><ele>20.937</ele><time>2025-01-16T12:29:33Z</time><speed>4.270</speed><sat>16</sat></trkpt>
  <trkpt lat="10.78352561" lon="106.70162659"><ele>22.463</ele><time>2025-01-16T12:29:34Z</time><speed>2.950</speed><sat>15</sat></trkpt>
  <trkpt lat="10.78352293" lon="106.70159728"><ele>21.049</ele><time>2025-01-16T12:29:35Z</time><speed>2.930</speed><sat>13</sat></trkpt>
  <trkpt lat="10.78352997" lon="106.70158011"><ele>20.275</ele><time>2025-01-16T12:29:36Z</time><speed>2.230</speed><sat>13</sat></trkpt>
  <trkpt lat="10.78351389" lon="106.70155922"><ele>20.065</ele><time>2025-01-16T12:29:37Z</time><speed>2.130</speed><sat>14</sat></trkpt>
  <trkpt lat="10.78350612" lon="106.70153990"><ele>19.903</ele><time>2025-01-16T12:29:38Z</time><speed>1.830</speed><sat>15</sat></trkpt>
  <trkpt lat="10.78348319" lon="106.70152567"><ele>20.867</ele><time>2025-01-16T12:29:39Z</time><speed>1.290</speed><sat>13</sat></trkpt>
  <trkpt lat="10.78347294" lon="106.70152254"><ele>21.614</ele><time>2025-01-16T12:29:40Z</time><speed>1.100</speed><sat>10</sat></trkpt>
  <trkpt lat="10.78346470" lon="106.70151520"><ele>21.616</ele><time>2025-01-16T12:29:41Z</time><speed>1.190</speed><sat>10</sat></trkpt>
  <trkpt lat="10.78345967" lon="106.70150975"><ele>22.442</ele><time>2025-01-16T12:29:42Z</time><speed>1.030</speed><sat>14</sat></trkpt>
  <trkpt lat="10.78344953" lon="106.70149619"><ele>22.372</ele><time>2025-01-16T12:29:43Z</time><speed>1.900</speed><sat>20</sat></trkpt>
  <trkpt lat="10.78343426" lon="106.70147692"><ele>23.119</ele><time>2025-01-16T12:29:44Z</time><speed>2.770</speed><sat>20</sat></trkpt>
  <trkpt lat="10.78341148" lon="106.70145574"><ele>24.181</ele><time>2025-01-16T12:29:45Z</time><speed>3.300</speed><sat>20</sat></trkpt>
  <trkpt lat="10.78338792" lon="106.70143109"><ele>23.872</ele><time>2025-01-16T12:29:46Z</time><speed>3.600</speed><sat>23</sat></trkpt>
  <trkpt lat="10.78336838" lon="106.70140558"><ele>21.855</ele><time>2025-01-16T12:29:47Z</time><speed>3.550</speed><sat>25</sat></trkpt>
  <trkpt lat="10.78334858" lon="106.70137999"><ele>21.932</ele><time>2025-01-16T12:29:48Z</time><speed>3.820</speed><sat>25</sat></trkpt>
  <trkpt lat="10.78332876" lon="106.70135366"><ele>20.299</ele><time>2025-01-16T12:29:49Z</time><speed>3.700</speed><sat>25</sat></trkpt>
  <trkpt lat="10.78330810" lon="106.70132808"><ele>19.990</ele><time>2025-01-16T12:29:50Z</time><speed>3.750</speed><sat>25</sat></trkpt>
  <trkpt lat="10.78328670" lon="106.70130102"><ele>19.431</ele><time>2025-01-16T12:29:51Z</time><speed>4.000</speed><sat>24</sat></trkpt>
  <trkpt lat="10.78326314" lon="106.70127462"><ele>19.331</ele><time>2025-01-16T12:29:52Z</time><speed>3.890</speed><sat>25</sat></trkpt>
  <trkpt lat="10.78323932" lon="106.70124954"><ele>18.859</ele><time>2025-01-16T12:29:53Z</time><speed>3.780</speed><sat>25</sat></trkpt>
  <trkpt lat="10.78321611" lon="106.70122521"><ele>18.483</ele><time>2025-01-16T12:29:54Z</time><speed>3.900</speed><sat>26</sat></trkpt>
  <trkpt lat="10.78319062" lon="106.70120041"><ele>18.646</ele><time>2025-01-16T12:29:55Z</time><speed>3.960</speed><sat>26</sat></trkpt>
  <trkpt lat="10.78316404" lon="106.70117535"><ele>19.189</ele><time>2025-01-16T12:29:56Z</time><speed>4.050</speed><sat>26</sat></trkpt>
  <trkpt lat="10.78313818" lon="106.70115099"><ele>18.933</ele><time>2025-01-16T12:29:57Z</time><speed>3.780</speed><sat>27</sat></trkpt>
  <trkpt lat="10.78311164" lon="106.70112575"><ele>18.544</ele><time>2025-01-16T12:29:58Z</time><speed>4.240</speed><sat>26</sat></trkpt>
  <trkpt lat="10.78308351" lon="106.70109990"><ele>18.507</ele><time>2025-01-16T12:29:59Z</time><speed>4.170</speed><sat>26</sat></trkpt>
  <trkpt lat="10.78305536" lon="106.70107442"><ele>18.430</ele><time>2025-01-16T12:30:00Z</time><speed>4.230</speed><sat>27</sat></trkpt>
  <trkpt lat="10.78302613" lon="106.70104783"><ele>18.473</ele><time>2025-01-16T12:30:01Z</time><speed>4.440</speed><sat>25</sat></trkpt>
  <trkpt lat="10.78299487" lon="106.70101992"><ele>18.546</ele><time>2025-01-16T12:30:02Z</time><speed>4.980</speed><sat>24</sat></trkpt>
  <trkpt lat="10.78295591" lon="106.70098773"><ele>19.238</ele><time>2025-01-16T12:30:03Z</time><speed>5.720</speed><sat>26</sat></trkpt>
  <trkpt lat="10.78292834" lon="106.70096438"><ele>19.001</ele><time>2025-01-16T12:30:04Z</time><speed>6.070</speed><sat>27</sat></trkpt>
  <trkpt lat="10.78288337" lon="106.70093105"><ele>18.778</ele><time>2025-01-16T12:30:05Z</time><speed>6.220</speed><sat>28</sat></trkpt>
  <trkpt lat="10.78284004" lon="106.70090190"><ele>18.770</ele><time>2025-01-16T12:30:06Z</time><speed>5.680</speed><sat>28</sat></trkpt>
  <trkpt lat="10.78279479" lon="106.70086657"><ele>19.374</ele><time>2025-01-16T12:30:07Z</time><speed>5.750</speed><sat>27</sat></trkpt>
  <trkpt lat="10.78275709" lon="106.70083042"><ele>18.873</ele><time>2025-01-16T12:30:08Z</time><speed>5.620</speed><sat>27</sat></trkpt>
  <trkpt lat="10.78270248" lon="106.70080300"><ele>20.298</ele><time>2025-01-16T12:30:09Z</time><speed>5.780</speed><sat>27</sat></trkpt>
  <trkpt lat="10.78264715" lon="106.70077063"><ele>21.404</ele><time>2025-01-16T12:30:10Z</time><speed>5.710</speed><sat>27</sat></trkpt>
  <trkpt lat="10.78259991" lon="106.70073469"><ele>21.770</ele><time>2025-01-16T12:30:11Z</time><speed>6.100</speed><sat>27</sat></trkpt>
  <trkpt lat="10.78254298" lon="106.70071984"><ele>21.449</ele><time>2025-01-16T12:30:12Z</time><speed>5.720</speed><sat>26</sat></trkpt>
  <trkpt lat="10.78250753" lon="106.70068085"><ele>21.383</ele><time>2025-01-16T12:30:13Z</time><speed>5.530</speed><sat>27</sat></trkpt>
  <trkpt lat="10.78248932" lon="106.70066012"><ele>20.268</ele><time>2025-01-16T12:30:14Z</time><speed>4.620</speed><sat>26</sat></trkpt>
  <trkpt lat="10.78245774" lon="106.70063226"><ele>20.217</ele><time>2025-01-16T12:30:15Z</time><speed>4.110</speed><sat>28</sat></trkpt>
  <trkpt lat="10.78244441" lon="106.70059587"><ele>19.891</ele><time>2025-01-16T12:30:16Z</time><speed>3.390</speed><sat>28</sat></trkpt>
  <trkpt lat="10.78242519" lon="106.70056656"><ele>20.703</ele><time>2025-01-16T12:30:17Z</time><speed>2.670</speed><sat>28</sat></trkpt>
  <trkpt lat="10.78240942" lon="106.70054032"><ele>21.260</ele><time>2025-01-16T12:30:18Z</time><speed>2.400</speed><sat>27</sat></trkpt>
  <trkpt lat="10.78238105" lon="106.70052192"><ele>22.234</ele><time>2025-01-16T12:30:19Z</time><speed>2.490</speed><sat>29</sat></trkpt>
  <trkpt lat="10.78236761" lon="106.70049300"><ele>21.858</ele><time>2025-01-16T12:30:20Z</time><speed>2.900</speed><sat>29</sat></trkpt>
  <trkpt lat="10.78235301" lon="106.70046783"><ele>21.658</ele><time>2025-01-16T12:30:21Z</time><speed>3.180</speed><sat>27</sat></trkpt>
  <trkpt lat="10.78232915" lon="106.70044906"><ele>21.864</ele><time>2025-01-16T12:30:22Z</time><speed>3.370</speed><sat>27</sat></trkpt>
  <trkpt lat="10.78230600" lon="106.70042713"><ele>21.986</ele><time>2025-01-16T12:30:23Z</time><speed>3.640</speed><sat>27</sat></trkpt>
  <trkpt lat="10.78228330" lon="106.70040499"><ele>21.958</ele><time>2025-01-16T12:30:24Z</time><speed>3.450</speed><sat>27</sat></trkpt>
  <trkpt lat="10.78226076" lon="106.70038343"><ele>22.055</ele><time>2025-01-16T12:30:25Z</time><speed>3.590</speed><sat>27</sat></trkpt>
  <trkpt lat="10.78223718" lon="106.70036305"><ele>22.253</ele><time>2025-01-16T12:30:26Z</time><speed>3.210</speed><sat>27</sat></trkpt>
  <trkpt lat="10.78221593" lon="106.70034521"><ele>22.062</ele><time>2025-01-16T12:30:27Z</time><speed>2.820</speed><sat>27</sat></trkpt>
  <trkpt lat="10.78219735" lon="106.70033043"><ele>22.129</ele><time>2025-01-16T12:30:28Z</time><speed>2.330</speed><sat>27</sat></trkpt>
  <trkpt lat="10.78218240" lon="106.70031888"><ele>22.213</ele><time>2025-01-16T12:30:29Z</time><speed>1.780</speed><sat>26</sat></trkpt>
  <trkpt lat="10.78217011" lon="106.70031095"><ele>22.155</ele><time>2025-01-16T12:30:30Z</time><speed>1.440</speed><sat>25</sat></trkpt>
  <trkpt lat="10.78215690" lon="106.70030304"><ele>21.400</ele><time>2025-01-16T12:30:31Z</time><speed>1.640</speed><sat>25</sat></trkpt>
  <trkpt lat="10.78214242" lon="106.70029380"><ele>20.732</ele><time>2025-01-16T12:30:32Z</time><speed>1.660</speed><sat>24</sat></trkpt>
  <trkpt lat="10.78212941" lon="106.70028188"><ele>20.476</ele><time>2025-01-16T12:30:33Z</time><speed>1.670</speed><sat>23</sat></trkpt>
  <trkpt lat="10.78211533" lon="106.70026954"><ele>20.123</ele><time>2025-01-16T12:30:34Z</time><speed>1.880</speed><sat>16</sat></trkpt>
  <trkpt lat="10.78210122" lon="106.70025680"><ele>20.157</ele><time>2025-01-16T12:30:35Z</time><speed>1.880</speed><sat>16</sat></trkpt>
  <trkpt lat="10.78208177" lon="106.70024126"><ele>21.196</ele><time>2025-01-16T12:30:36Z</time><speed>2.560</speed><sat>16</sat></trkpt>
  <trkpt lat="10.78205779" lon="106.70022989"><ele>19.211</ele><time>2025-01-16T12:30:37Z</time><speed>2.570</speed><sat>15</sat></trkpt>
  <trkpt lat="10.78203388" lon="106.70022082"><ele>18.206</ele><time>2025-01-16T12:30:38Z</time><speed>2.400</speed><sat>16</sat></trkpt>
  <trkpt lat="10.78201300" lon="106.70020993"><ele>18.081</ele><time>2025-01-16T12:30:39Z</time><speed>2.390</speed><sat>16</sat></trkpt>
  <trkpt lat="10.78199704" lon="106.70020105"><ele>17.282</ele><time>2025-01-16T12:30:40Z</time><speed>1.740</speed><sat>13</sat></trkpt>
  <trkpt lat="10.78198794" lon="106.70019579"><ele>17.489</ele><time>2025-01-16T12:30:41Z</time><speed>0.950</speed><sat>12</sat></trkpt>
  <trkpt lat="10.78198123" lon="106.70019512"><ele>16.932</ele><time>2025-01-16T12:30:42Z</time><speed>0.680</speed><sat>15</sat></trkpt>
  <trkpt lat="10.78197508" lon="106.70019612"><ele>16.982</ele><time>2025-01-16T12:30:43Z</time><speed>0.530</speed><sat>20</sat></trkpt>
  <trkpt lat="10.78197182" lon="106.70019560"><ele>16.085</ele><time>2025-01-16T12:30:44Z</time><speed>0.310</speed><sat>22</sat></trkpt>
  <trkpt lat="10.78197025" lon="106.70019799"><ele>15.385</ele><time>2025-01-16T12:30:45Z</time><speed>0.000</speed><sat>23</sat></trkpt>
  <trkpt lat="10.78197094" lon="106.70019784"><ele>15.245</ele><time>2025-01-16T12:30:46Z</time><speed>0.000</speed><sat>23</sat></trkpt>
  <trkpt lat="10.78196936" lon="106.70019710"><ele>15.137</ele><time>2025-01-16T12:30:47Z</time><speed>0.000</speed><sat>23</sat></trkpt>
  <trkpt lat="10.78196687" lon="106.70019659"><ele>15.049</ele><time>2025-01-16T12:30:48Z</time><speed>0.000</speed><sat>23</sat></trkpt>
  <trkpt lat="10.78196561" lon="106.70019647"><ele>14.882</ele><time>2025-01-16T12:30:49Z</time><speed>0.000</speed><sat>23</sat></trkpt>
  <trkpt lat="10.78196431" lon="106.70019690"><ele>14.713</ele><time>2025-01-16T12:30:50Z</time><speed>0.000</speed><sat>23</sat></trkpt>
  <trkpt lat="10.78196225" lon="106.70019752"><ele>14.390</ele><time>2025-01-16T12:30:51Z</time><speed>0.000</speed><sat>23</sat></trkpt>
  <trkpt lat="10.78196052" lon="106.70019683"><ele>14.108</ele><time>2025-01-16T12:30:52Z</time><speed>0.000</speed><sat>23</sat></trkpt>
  <trkpt lat="10.78195885" lon="106.70019672"><ele>13.813</ele><time>2025-01-16T12:30:53Z</time><speed>0.000</speed><sat>23</sat></trkpt>
  <trkpt lat="10.78196003" lon="106.70019535"><ele>13.371</ele><time>2025-01-16T12:30:54Z</time><speed>0.000</speed><sat>23</sat></trkpt>
  <trkpt lat="10.78195930" lon="106.70019387"><ele>13.733</ele><time>2025-01-16T12:30:55Z</time><speed>0.000</speed><sat>23</sat></trkpt>
  <trkpt lat="10.78195768" lon="106.70019418"><ele>13.856</ele><time>2025-01-16T12:30:56Z</time><speed>0.000</speed><sat>24</sat></trkpt>
  <trkpt lat="10.78195625" lon="106.70019478"><ele>13.870</ele><time>2025-01-16T12:30:57Z</time><speed>0.000</speed><sat>24</sat></trkpt>
  <trkpt lat="10.78195552" lon="106.70019508"><ele>13.866</ele><time>2025-01-16T12:30:58Z</time><speed>0.000</speed><sat>25</sat></trkpt>
  <trkpt lat="10.78195501" lon="106.70019513"><ele>13.926</ele><time>2025-01-16T12:30:59Z</time><speed>0.000</speed><sat>23</sat></trkpt>
  <trkpt lat="10.78195473" lon="106.70019516"><ele>13.928</ele><time>2025-01-16T12:31:00Z</time><speed>0.000</speed><sat>23</sat></trkpt>
  <trkpt lat="10.78195385" lon="106.70019227"><ele>14.612</ele><time>2025-01-16T12:31:01Z</time><speed>0.250</speed><sat>24</sat></trkpt>
  <trkpt lat="10.78195172" lon="106.70019142"><ele>14.478</ele><time>2025-01-16T12:31:02Z</time><speed>0.000</speed><sat>24</sat></trkpt>
  <trkpt lat="10.78194895" lon="106.70018945"><ele>15.543</ele><time>2025-01-16T12:31:03Z</time><speed>0.220</speed><sat>25</sat></trkpt>
  <trkpt lat="10.78194495" lon="106.70018738"><ele>16.207</ele><time>2025-01-16T12:31:04Z</time><speed>0.160</speed><sat>25</sat></trkpt>
  <trkpt lat="10.78194180" lon="106.70018417"><ele>16.919</ele><time>2025-01-16T12:31:05Z</time><speed>0.160</speed><sat>25</sat></trkpt>
  <trkpt lat="10.78194096" lon="106.70018163"><ele>16.226</ele><time>2025-01-16T12:31:06Z</time><speed>0.000</speed><sat>24</sat></trkpt>
  <trkpt lat="10.78194002" lon="106.70017945"><ele>16.190</ele><time>2025-01-16T12:31:07Z</time><speed>0.000</speed><sat>23</sat></trkpt>
  <trkpt lat="10.78193862" lon="106.70017695"><ele>16.677</ele><time>2025-01-16T12:31:08Z</time><speed>0.180</speed><sat>24</sat></trkpt>
  <trkpt lat="10.78193768" lon="106.70017336"><ele>16.743</ele><time>2025-01-16T12:31:09Z</time><speed>0.250</speed><sat>24</sat></trkpt>
  <trkpt lat="10.78193812" lon="106.70016839"><ele>16.357</ele><time>2025-01-16T12:31:10Z</time><speed>0.000</speed><sat>23</sat></trkpt>
  <trkpt lat="10.78193844" lon="106.70016691"><ele>16.009</ele><time>2025-01-16T12:31:11Z</time><speed>0.000</speed><sat>23</sat></trkpt>
  <trkpt lat="10.78193612" lon="106.70016584"><ele>16.100</ele><time>2025-01-16T12:31:12Z</time><speed>0.000</speed><sat>23</sat></trkpt>
  <trkpt lat="10.78193145" lon="106.70016359"><ele>16.435</ele><time>2025-01-16T12:31:13Z</time><speed>0.000</speed><sat>22</sat></trkpt>
  <trkpt lat="10.78192911" lon="106.70016320"><ele>16.396</ele><time>2025-01-16T12:31:14Z</time><speed>0.000</speed><sat>22</sat></trkpt>
  <trkpt lat="10.78192677" lon="106.70016209"><ele>16.634</ele><time>2025-01-16T12:31:15Z</time><speed>0.000</speed><sat>13</sat></trkpt>
  <trkpt lat="10.78192560" lon="106.70016152"><ele>16.634</ele><time>2025-01-16T12:31:16Z</time><speed>0.000</speed><sat>13</sat></trkpt>
  <trkpt lat="10.78192415" lon="106.70016177"><ele>16.939</ele><time>2025-01-16T12:31:17Z</time><speed>0.000</speed><sat>13</sat></trkpt>
  <trkpt lat="10.78192343" lon="106.70016189"><ele>16.939</ele><time>2025-01-16T12:31:18Z</time><speed>0.000</speed><sat>13</sat></trkpt>
  <trkpt lat="10.78192277" lon="106.70016234"><ele>17.208</ele><time>2025-01-16T12:31:19Z</time><speed>0.000</speed><sat>11</sat></trkpt>
  <trkpt lat="10.78192137" lon="106.70016352"><ele>17.161</ele><time>2025-01-16T12:31:20Z</time><speed>0.000</speed><sat>20</sat></trkpt>
  <trkpt lat="10.78192076" lon="106.70016599"><ele>16.888</ele><time>2025-01-16T12:31:21Z</time><speed>0.000</speed><sat>21</sat></trkpt>
  <trkpt lat="10.78191889" lon="106.70016785"><ele>17.145</ele><time>2025-01-16T12:31:22Z</time><speed>0.000</speed><sat>21</sat></trkpt>
  <trkpt lat="10.78191700" lon="106.70016952"><ele>17.286</ele><time>2025-01-16T12:31:23Z</time><speed>0.000</speed><sat>22</sat></trkpt>
  <trkpt lat="10.78191595" lon="106.70017068"><ele>17.264</ele><time>2025-01-16T12:31:24Z</time><speed>0.000</speed><sat>23</sat></trkpt>
  <trkpt lat="10.78191419" lon="106.70017004"><ele>17.230</ele><time>2025-01-16T12:31:25Z</time><speed>0.270</speed><sat>23</sat></trkpt>
  <trkpt lat="10.78190900" lon="106.70016639"><ele>17.052</ele><time>2025-01-16T12:31:26Z</time><speed>0.920</speed><sat>23</sat></trkpt>
  <trkpt lat="10.78190080" lon="106.70015845"><ele>16.858</ele><time>2025-01-16T12:31:27Z</time><speed>1.400</speed><sat>23</sat></trkpt>
  <trkpt lat="10.78188845" lon="106.70014384"><ele>17.091</ele><time>2025-01-16T12:31:28Z</time><speed>2.340</speed><sat>23</sat></trkpt>
  <trkpt lat="10.78187270" lon="106.70012766"><ele>16.682</ele><time>2025-01-16T12:31:29Z</time><speed>2.390</speed><sat>23</sat></trkpt>
  <trkpt lat="10.78185504" lon="106.70011089"><ele>16.650</ele><time>2025-01-16T12:31:30Z</time><speed>2.790</speed><sat>21</sat></trkpt>
  <trkpt lat="10.78183366" lon="106.70009405"><ele>16.453</ele><time>2025-01-16T12:31:31Z</time><speed>3.040</speed><sat>20</sat></trkpt>
  <trkpt lat="10.78180674" lon="106.70007845"><ele>16.749</ele><time>2025-01-16T12:31:32Z</time><speed>3.510</speed><sat>21</sat></trkpt>
  <trkpt lat="10.78177105" lon="106.70006896"><ele>16.903</ele><time>2025-01-16T12:31:33Z</time><speed>3.870</speed><sat>20</sat></trkpt>
  <trkpt lat="10.78174016" lon="106.70005386"><ele>17.324</ele><time>2025-01-16T12:31:34Z</time><speed>3.260</speed><sat>20</sat></trkpt>
  <trkpt lat="10.78171615" lon="106.70003794"><ele>17.581</ele><time>2025-01-16T12:31:35Z</time><speed>2.670</speed><sat>21</sat></trkpt>
  <trkpt lat="10.78169910" lon="106.70001990"><ele>17.581</ele><time>2025-01-16T12:31:36Z</time><speed>2.500</speed><sat>20</sat></trkpt>
  <trkpt lat="10.78168433" lon="106.70000245"><ele>17.269</ele><time>2025-01-16T12:31:37Z</time><speed>2.370</speed><sat>20</sat></trkpt>
  <trkpt lat="10.78166832" lon="106.69998677"><ele>17.536</ele><time>2025-01-16T12:31:38Z</time><speed>2.270</speed><sat>20</sat></trkpt>
  <trkpt lat="10.78164759" lon="106.69997507"><ele>17.928</ele><time>2025-01-16T12:31:39Z</time><speed>2.390</speed><sat>21</sat></trkpt>
  <trkpt lat="10.78162261" lon="106.69996168"><ele>19.942</ele><time>2025-01-16T12:31:40Z</time><speed>2.690</speed><sat>20</sat></trkpt>
  <trkpt lat="10.78160465" lon="106.69994732"><ele>18.245</ele><time>2025-01-16T12:31:41Z</time><speed>2.150</speed><sat>22</sat></trkpt>
  <trkpt lat="10.78159033" lon="106.69993371"><ele>17.503</ele><time>2025-01-16T12:31:42Z</time><speed>2.230</speed><sat>22</sat></trkpt>
  <trkpt lat="10.78157362" lon="106.69991734"><ele>19.149</ele><time>2025-01-16T12:31:43Z</time><speed>2.140</speed><sat>24</sat></trkpt>
  <trkpt lat="10.78156148" lon="106.69990709"><ele>19.135</ele><time>2025-01-16T12:31:44Z</time><speed>1.050</speed><sat>24</sat></trkpt>
  <trkpt lat="10.78155404" lon="106.69990308"><ele>19.341</ele><time>2025-01-16T12:31:45Z</time><speed>0.630</speed><sat>24</sat></trkpt>
  <trkpt lat="10.78154922" lon="106.69990080"><ele>19.641</ele><time>2025-01-16T12:31:46Z</time><speed>0.340</speed><sat>24</sat></trkpt>
  <trkpt lat="10.78154740" lon="106.69989831"><ele>19.479</ele><time>2025-01-16T12:31:47Z</time><speed>0.190</speed><sat>25</sat></trkpt>
  <trkpt lat="10.78154853" lon="106.69989708"><ele>18.132</ele><time>2025-01-16T12:31:48Z</time><speed>0.200</speed><sat>25</sat></trkpt>
  <trkpt lat="10.78154962" lon="106.69989604"><ele>17.828</ele><time>2025-01-16T12:31:49Z</time><speed>0.000</speed><sat>25</sat></trkpt>
  <trkpt lat="10.78155357" lon="106.69989694"><ele>17.846</ele><time>2025-01-16T12:31:50Z</time><speed>0.000</speed><sat>25</sat></trkpt>
  <trkpt lat="10.78155628" lon="106.69989699"><ele>17.927</ele><time>2025-01-16T12:31:51Z</time><speed>0.000</speed><sat>25</sat></trkpt>
  <trkpt lat="10.78155807" lon="106.69989635"><ele>17.764</ele><time>2025-01-16T12:31:52Z</time><speed>0.000</speed><sat>24</sat></trkpt>
  <trkpt lat="10.78155767" lon="106.69989461"><ele>18.274</ele><time>2025-01-16T12:31:53Z</time><speed>0.000</speed><sat>22</sat></trkpt>
  <trkpt lat="10.78155586" lon="106.69989592"><ele>18.416</ele><time>2025-01-16T12:31:54Z</time><speed>0.000</speed><sat>25</sat></trkpt>
  <trkpt lat="10.78155368" lon="106.69989624"><ele>18.501</ele><time>2025-01-16T12:31:55Z</time><speed>0.000</speed><sat>25</sat></trkpt>
  <trkpt lat="10.78155202" lon="106.69989801"><ele>18.737</ele><time>2025-01-16T12:31:56Z</time><speed>0.000</speed><sat>25</sat></trkpt>
  <trkpt lat="10.78155029" lon="106.69990064"><ele>19.072</ele><time>2025-01-16T12:31:57Z</time><speed>0.000</speed><sat>24</sat></trkpt>
  <trkpt lat="10.78154994" lon="106.69990183"><ele>19.139</ele><time>2025-01-16T12:31:58Z</time><speed>0.000</speed><sat>24</sat></trkpt>
  <trkpt lat="10.78154908" lon="106.69990365"><ele>19.283</ele><time>2025-01-16T12:31:59Z</time><speed>0.000</speed><sat>24</sat></trkpt>
  <trkpt lat="10.78154768" lon="106.69990478"><ele>19.555</ele><time>2025-01-16T12:32:00Z</time><speed>0.000</speed><sat>22</sat></trkpt>
  <trkpt lat="10.78154638" lon="106.69990535"><ele>19.709</ele><time>2025-01-16T12:32:01Z</time><speed>0.000</speed><sat>22</sat></trkpt>
  <trkpt lat="10.78154609" lon="106.69990542"><ele>19.624</ele><time>2025-01-16T12:32:02Z</time><speed>0.000</speed><sat>23</sat></trkpt>
  <trkpt lat="10.78154608" lon="106.69990564"><ele>19.626</ele><time>2025-01-16T12:32:03Z</time><speed>0.000</speed><sat>24</sat></trkpt>
  <trkpt lat="10.78154591" lon="106.69990565"><ele>19.704</ele><time>2025-01-16T12:32:04Z</time><speed>0.000</speed><sat>25</sat></trkpt>
  <trkpt lat="10.78154570" lon="106.69990562"><ele>19.735</ele><time>2025-01-16T12:32:05Z</time><speed>0.000</speed><sat>26</sat></trkpt>
  <trkpt lat="10.78154561" lon="106.69990557"><ele>19.740</ele><time>2025-01-16T12:32:06Z</time><speed>0.000</speed><sat>18</sat></trkpt>
  <trkpt lat="10.78154551" lon="106.69990553"><ele>19.752</ele><time>2025-01-16T12:32:07Z</time><speed>0.000</speed><sat>18</sat></trkpt>
  <trkpt lat="10.78154543" lon="106.69990554"><ele>19.759</ele><time>2025-01-16T12:32:08Z</time><speed>0.000</speed><sat>16</sat></trkpt>
  <trkpt lat="10.78154541" lon="106.69990555"><ele>19.751</ele><time>2025-01-16T12:32:09Z</time><speed>0.000</speed><sat>16</sat></trkpt>
  <trkpt lat="10.78154543" lon="106.69990555"><ele>19.743</ele><time>2025-01-16T12:32:10Z</time><speed>0.000</speed><sat>15</sat></trkpt>
  <trkpt lat="10.78154545" lon="106.69990556"><ele>19.743</ele><time>2025-01-16T12:32:11Z</time><speed>0.000</speed><sat>15</sat></trkpt>
  <trkpt lat="10.78154544" lon="106.69990560"><ele>19.744</ele><time>2025-01-16T12:32:12Z</time><speed>0.000</speed><sat>12</sat></trkpt>
  <trkpt lat="10.78154551" lon="106.69990577"><ele>19.717</ele><time>2025-01-16T12:32:13Z</time><speed>0.000</speed><sat>12</sat></trkpt>
  <trkpt lat="10.78154530" lon="106.69990567"><ele>19.801</ele><time>2025-01-16T12:32:14Z</time><speed>0.000</speed><sat>12</sat></trkpt>
  <trkpt lat="10.78154520" lon="106.69990559"><ele>19.801</ele><time>2025-01-16T12:32:15Z</time><speed>0.000</speed><sat>13</sat></trkpt>
  <trkpt lat="10.78154528" lon="106.69990566"><ele>19.757</ele><time>2025-01-16T12:32:16Z</time><speed>0.000</speed><sat>14</sat></trkpt>
  <trkpt lat="10.78154557" lon="106.69990531"><ele>19.771</ele><time>2025-01-16T12:32:17Z</time><speed>0.000</speed><sat>13</sat></trkpt>
  <trkpt lat="10.78154570" lon="106.69990513"><ele>19.773</ele><time>2025-01-16T12:32:18Z</time><speed>0.000</speed><sat>14</sat></trkpt>
  <trkpt lat="10.78154577" lon="106.69990501"><ele>19.778</ele><time>2025-01-16T12:32:19Z</time><speed>0.000</speed><sat>14</sat></trkpt>
  <trkpt lat="10.78154582" lon="106.69990491"><ele>19.782</ele><time>2025-01-16T12:32:20Z</time><speed>0.000</speed><sat>13</sat></trkpt>
  <trkpt lat="10.78154590" lon="106.69990491"><ele>19.766</ele><time>2025-01-16T12:32:21Z</time><speed>0.000</speed><sat>13</sat></trkpt>
  <trkpt lat="10.78154594" lon="106.69990489"><ele>19.768</ele><time>2025-01-16T12:32:22Z</time><speed>0.000</speed><sat>12</sat></trkpt>
  <trkpt lat="10.78154595" lon="106.69990484"><ele>19.777</ele><time>2025-01-16T12:32:23Z</time><speed>0.000</speed><sat>13</sat></trkpt>
  <trkpt lat="10.78154594" lon="106.69990482"><ele>19.779</ele><time>2025-01-16T12:32:24Z</time><speed>0.000</speed><sat>7</sat></trkpt>
  <trkpt lat="10.78154593" lon="106.69990479"><ele>19.780</ele><time>2025-01-16T12:32:25Z</time><speed>0.000</speed><sat>13</sat></trkpt>
  <trkpt lat="10.78154604" lon="106.69990484"><ele>19.751</ele><time>2025-01-16T12:32:26Z</time><speed>0.000</speed><sat>13</sat></trkpt>
  <trkpt lat="10.78154590" lon="106.69990471"><ele>19.817</ele><time>2025-01-16T12:32:27Z</time><speed>0.000</speed><sat>14</sat></trkpt>
  <trkpt lat="10.78154583" lon="106.69990461"><ele>19.823</ele><time>2025-01-16T12:32:28Z</time><speed>0.000</speed><sat>12</sat></trkpt>
  <trkpt lat="10.78154580" lon="106.69990454"><ele>19.823</ele><time>2025-01-16T12:32:29Z</time><speed>0.000</speed><sat>12</sat></trkpt>
  <trkpt lat="10.78154579" lon="106.69990451"><ele>19.820</ele><time>2025-01-16T12:32:30Z</time><speed>0.000</speed><sat>11</sat></trkpt>
  <trkpt lat="10.78154578" lon="106.69990447"><ele>19.825</ele><time>2025-01-16T12:32:31Z</time><speed>0.000</speed><sat>12</sat></trkpt>
  <trkpt lat="10.78154576" lon="106.69990441"><ele>19.829</ele><time>2025-01-16T12:32:32Z</time><speed>0.000</speed><sat>14</sat></trkpt>
  <trkpt lat="10.78154584" lon="106.69990420"><ele>19.868</ele><time>2025-01-16T12:32:33Z</time><speed>0.000</speed><sat>18</sat></trkpt>
  <trkpt lat="10.78153481" lon="106.69989482"><ele>19.834</ele><time>2025-01-16T12:32:34Z</time><speed>2.280</speed><sat>21</sat></trkpt>
  <trkpt lat="10.78152174" lon="106.69988176"><ele>19.831</ele><time>2025-01-16T12:32:35Z</time><speed>1.730</speed><sat>23</sat></trkpt>
  <trkpt lat="10.78151042" lon="106.69987100"><ele>18.593</ele><time>2025-01-16T12:32:36Z</time><speed>2.100</speed><sat>24</sat></trkpt>
  <trkpt lat="10.78149822" lon="106.69985675"><ele>18.436</ele><time>2025-01-16T12:32:37Z</time><speed>2.250</speed><sat>28</sat></trkpt>
  <trkpt lat="10.78148348" lon="106.69983829"><ele>18.717</ele><time>2025-01-16T12:32:38Z</time><speed>2.980</speed><sat>28</sat></trkpt>
  <trkpt lat="10.78146707" lon="106.69981571"><ele>18.803</ele><time>2025-01-16T12:32:39Z</time><speed>3.140</speed><sat>28</sat></trkpt>
  <trkpt lat="10.78145079" lon="106.69978752"><ele>18.854</ele><time>2025-01-16T12:32:40Z</time><speed>3.590</speed><sat>28</sat></trkpt>
  <trkpt lat="10.78143290" lon="106.69975559"><ele>18.938</ele><time>2025-01-16T12:32:41Z</time><speed>3.820</speed><sat>27</sat></trkpt>
  <trkpt lat="10.78141482" lon="106.69972440"><ele>19.273</ele><time>2025-01-16T12:32:42Z</time><speed>3.480</speed><sat>26</sat></trkpt>
  <trkpt lat="10.78139711" lon="106.69969289"><ele>19.057</ele><time>2025-01-16T12:32:43Z</time><speed>3.790</speed><sat>26</sat></trkpt>
  <trkpt lat="10.78137688" lon="106.69966001"><ele>18.347</ele><time>2025-01-16T12:32:44Z</time><speed>4.150</speed><sat>29</sat></trkpt>
  <trkpt lat="10.78135337" lon="106.69962485"><ele>17.768</ele><time>2025-01-16T12:32:45Z</time><speed>4.510</speed><sat>29</sat></trkpt>
  <trkpt lat="10.78132897" lon="106.69958868"><ele>17.862</ele><time>2025-01-16T12:32:46Z</time><speed>4.500</speed><sat>29</sat></trkpt>
  <trkpt lat="10.78132171" lon="106.69952182"><ele>16.389</ele><time>2025-01-16T12:32:47Z</time><speed>5.090</speed><sat>28</sat></trkpt>
  <trkpt lat="10.78129249" lon="106.69948153"><ele>16.469</ele><time>2025-01-16T12:32:48Z</time><speed>5.300</speed><sat>27</sat></trkpt>
  <trkpt lat="10.78126249" lon="106.69944786"><ele>15.649</ele><time>2025-01-16T12:32:49Z</time><speed>5.170</speed><sat>27</sat></trkpt>
  <trkpt lat="10.78122423" lon="106.69940995"><ele>15.747</ele><time>2025-01-16T12:32:50Z</time><speed>5.810</speed><sat>28</sat></trkpt>
  <trkpt lat="10.78119013" lon="106.69937416"><ele>15.745</ele><time>2025-01-16T12:32:51Z</time><speed>5.640</speed><sat>28</sat></trkpt>
  <trkpt lat="10.78115518" lon="106.69933767"><ele>16.081</ele><time>2025-01-16T12:32:52Z</time><speed>5.700</speed><sat>28</sat></trkpt>
  <trkpt lat="10.78111786" lon="106.69931115"><ele>15.400</ele><time>2025-01-16T12:32:53Z</time><speed>5.290</speed><sat>27</sat></trkpt>
  <trkpt lat="10.78108516" lon="106.69928066"><ele>15.512</ele><time>2025-01-16T12:32:54Z</time><speed>4.610</speed><sat>26</sat></trkpt>
  <trkpt lat="10.78105891" lon="106.69925826"><ele>14.672</ele><time>2025-01-16T12:32:55Z</time><speed>3.650</speed><sat>24</sat></trkpt>
  <trkpt lat="10.78104133" lon="106.69923667"><ele>14.484</ele><time>2025-01-16T12:32:56Z</time><speed>2.460</speed><sat>21</sat></trkpt>
  <trkpt lat="10.78102367" lon="106.69921850"><ele>14.602</ele><time>2025-01-16T12:32:57Z</time><speed>2.100</speed><sat>20</sat></trkpt>
  <trkpt lat="10.78101643" lon="106.69920683"><ele>14.344</ele><time>2025-01-16T12:32:58Z</time><speed>0.970</speed><sat>20</sat></trkpt>
  <trkpt lat="10.78100711" lon="106.69919795"><ele>14.579</ele><time>2025-01-16T12:32:59Z</time><speed>1.260</speed><sat>20</sat></trkpt>
  <trkpt lat="10.78099697" lon="106.69918630"><ele>14.224</ele><time>2025-01-16T12:33:00Z</time><speed>1.440</speed><sat>18</sat></trkpt>
  <trkpt lat="10.78098701" lon="106.69918111"><ele>13.596</ele><time>2025-01-16T12:33:01Z</time><speed>1.640</speed><sat>18</sat></trkpt>
  <trkpt lat="10.78097494" lon="106.69916570"><ele>13.643</ele><time>2025-01-16T12:33:02Z</time><speed>1.960</speed><sat>18</sat></trkpt>
  <trkpt lat="10.78096196" lon="106.69915131"><ele>13.132</ele><time>2025-01-16T12:33:03Z</time><speed>2.020</speed><sat>18</sat></trkpt>
  <trkpt lat="10.78094861" lon="106.69913671"><ele>12.963</ele><time>2025-01-16T12:33:04Z</time><speed>2.150</speed><sat>19</sat></trkpt>
  <trkpt lat="10.78093685" lon="106.69912172"><ele>12.189</ele><time>2025-01-16T12:33:05Z</time><speed>2.240</speed><sat>18</sat></trkpt>
  <trkpt lat="10.78092106" lon="106.69910427"><ele>12.230</ele><time>2025-01-16T12:33:06Z</time><speed>2.890</speed><sat>19</sat></trkpt>
  <trkpt lat="10.78090431" lon="106.69908608"><ele>12.381</ele><time>2025-01-16T12:33:07Z</time><speed>2.550</speed><sat>19</sat></trkpt>
  <trkpt lat="10.78088984" lon="106.69907060"><ele>12.594</ele><time>2025-01-16T12:33:08Z</time><speed>2.110</speed><sat>20</sat></trkpt>
  <trkpt lat="10.78087742" lon="106.69905876"><ele>12.867</ele><time>2025-01-16T12:33:09Z</time><speed>1.670</speed><sat>19</sat></trkpt>
  <trkpt lat="10.78086772" lon="106.69904791"><ele>12.343</ele><time>2025-01-16T12:33:10Z</time><speed>1.490</speed><sat>20</sat></trkpt>
  <trkpt lat="10.78085855" lon="106.69903653"><ele>12.146</ele><time>2025-01-16T12:33:11Z</time><speed>1.680</speed><sat>20</sat></trkpt>
  <trkpt lat="10.78084749" lon="106.69902326"><ele>12.227</ele><time>2025-01-16T12:33:12Z</time><speed>2.120</speed><sat>21</sat></trkpt>
  <trkpt lat="10.78083292" lon="106.69900694"><ele>11.823</ele><time>2025-01-16T12:33:13Z</time><speed>2.680</speed><sat>21</sat></trkpt>
  <trkpt lat="10.78081556" lon="106.69898753"><ele>12.085</ele><time>2025-01-16T12:33:14Z</time><speed>3.030</speed><sat>20</sat></trkpt>
  <trkpt lat="10.78080088" lon="106.69896863"><ele>9.241</ele><time>2025-01-16T12:33:15Z</time><speed>2.620</speed><sat>23</sat></trkpt>
  <trkpt lat="10.78077981" lon="106.69894397"><ele>9.806</ele><time>2025-01-16T12:33:16Z</time><speed>4.600</speed><sat>25</sat></trkpt>
  <trkpt lat="10.78075209" lon="106.69891354"><ele>9.792</ele><time>2025-01-16T12:33:17Z</time><speed>4.600</speed><sat>25</sat></trkpt>
  <trkpt lat="10.78072502" lon="106.69888359"><ele>9.662</ele><time>2025-01-16T12:33:18Z</time><speed>4.460</speed><sat>25</sat></trkpt>
  <trkpt lat="10.78069918" lon="106.69885467"><ele>9.782</ele><time>2025-01-16T12:33:19Z</time><speed>4.230</speed><sat>25</sat></trkpt>
  <trkpt lat="10.78067411" lon="106.69882640"><ele>9.919</ele><time>2025-01-16T12:33:20Z</time><speed>4.170</speed><sat>25</sat></trkpt>
  <trkpt lat="10.78065562" lon="106.69880410"><ele>9.081</ele><time>2025-01-16T12:33:21Z</time><speed>2.750</speed><sat>23</sat></trkpt>
  <trkpt lat="10.78064060" lon="106.69878642"><ele>8.950</ele><time>2025-01-16T12:33:22Z</time><speed>2.830</speed><sat>18</sat></trkpt>
  <trkpt lat="10.78062762" lon="106.69876950"><ele>8.284</ele><time>2025-01-16T12:33:23Z</time><speed>2.280</speed><sat>20</sat></trkpt>
  <trkpt lat="10.78061979" lon="106.69875606"><ele>6.587</ele><time>2025-01-16T12:33:24Z</time><speed>1.610</speed><sat>19</sat></trkpt>
  <trkpt lat="10.78061292" lon="106.69874469"><ele>7.528</ele><time>2025-01-16T12:33:25Z</time><speed>1.450</speed><sat>20</sat></trkpt>
  <trkpt lat="10.78060778" lon="106.69873580"><ele>7.512</ele><time>2025-01-16T12:33:26Z</time><speed>0.770</speed><sat>20</sat></trkpt>
  <trkpt lat="10.78060390" lon="106.69872810"><ele>7.373</ele><time>2025-01-16T12:33:27Z</time><speed>0.760</speed><sat>21</sat></trkpt>
  <trkpt lat="10.78059888" lon="106.69871913"><ele>8.530</ele><time>2025-01-16T12:33:28Z</time><speed>0.850</speed><sat>23</sat></trkpt>
  <trkpt lat="10.78059414" lon="106.69871100"><ele>8.234</ele><time>2025-01-16T12:33:29Z</time><speed>0.760</speed><sat>22</sat></trkpt>
  <trkpt lat="10.78059041" lon="106.69870413"><ele>7.681</ele><time>2025-01-16T12:33:30Z</time><speed>0.570</speed><sat>22</sat></trkpt>
  <trkpt lat="10.78058792" lon="106.69869887"><ele>7.465</ele><time>2025-01-16T12:33:31Z</time><speed>0.380</speed><sat>22</sat></trkpt>
  <trkpt lat="10.78058578" lon="106.69869640"><ele>7.398</ele><time>2025-01-16T12:33:32Z</time><speed>0.310</speed><sat>21</sat></trkpt>
  <trkpt lat="10.78058372" lon="106.69869381"><ele>7.761</ele><time>2025-01-16T12:33:33Z</time><speed>0.200</speed><sat>21</sat></trkpt>
  <trkpt lat="10.78058129" lon="106.69869141"><ele>8.303</ele><time>2025-01-16T12:33:34Z</time><speed>0.310</speed><sat>22</sat></trkpt>
  <trkpt lat="10.78057893" lon="106.69869026"><ele>8.308</ele><time>2025-01-16T12:33:35Z</time><speed>0.000</speed><sat>21</sat></trkpt>
  <trkpt lat="10.78057619" lon="106.69868922"><ele>8.606</ele><time>2025-01-16T12:33:36Z</time><speed>0.290</speed><sat>21</sat></trkpt>
  <trkpt lat="10.78057246" lon="106.69868690"><ele>9.348</ele><time>2025-01-16T12:33:37Z</time><speed>0.290</speed><sat>21</sat></trkpt>
  <trkpt lat="10.78056933" lon="106.69868621"><ele>9.553</ele><time>2025-01-16T12:33:38Z</time><speed>0.000</speed><sat>21</sat></trkpt>
  <trkpt lat="10.78056787" lon="106.69868568"><ele>9.443</ele><time>2025-01-16T12:33:39Z</time><speed>0.000</speed><sat>22</sat></trkpt>
  <trkpt lat="10.78056691" lon="106.69868540"><ele>9.469</ele><time>2025-01-16T12:33:40Z</time><speed>0.000</speed><sat>21</sat></trkpt>
  <trkpt lat="10.78056622" lon="106.69868564"><ele>9.396</ele><time>2025-01-16T12:33:41Z</time><speed>0.000</speed><sat>22</sat></trkpt>
  <trkpt lat="10.78056587" lon="106.69868608"><ele>9.373</ele><time>2025-01-16T12:33:42Z</time><speed>0.000</speed><sat>22</sat></trkpt>
  <trkpt lat="10.78056593" lon="106.69868516"><ele>9.048</ele><time>2025-01-16T12:33:43Z</time><speed>0.000</speed><sat>22</sat></trkpt>
  <trkpt lat="10.78056599" lon="106.69868456"><ele>9.069</ele><time>2025-01-16T12:33:44Z</time><speed>0.000</speed><sat>21</sat></trkpt>
  <trkpt lat="10.78056499" lon="106.69868336"><ele>9.444</ele><time>2025-01-16T12:33:45Z</time><speed>0.260</speed><sat>18</sat></trkpt>
  <trkpt lat="10.78056136" lon="106.69867903"><ele>9.670</ele><time>2025-01-16T12:33:46Z</time><speed>0.690</speed><sat>18</sat></trkpt>
  <trkpt lat="10.78055454" lon="106.69867170"><ele>9.787</ele><time>2025-01-16T12:33:47Z</time><speed>1.250</speed><sat>19</sat></trkpt>
  <trkpt lat="10.78054627" lon="106.69866341"><ele>9.885</ele><time>2025-01-16T12:33:48Z</time><speed>1.120</speed><sat>19</sat></trkpt>
  <trkpt lat="10.78053840" lon="106.69865595"><ele>9.796</ele><time>2025-01-16T12:33:49Z</time><speed>1.160</speed><sat>19</sat></trkpt>
  <trkpt lat="10.78052849" lon="106.69864734"><ele>10.095</ele><time>2025-01-16T12:33:50Z</time><speed>1.680</speed><sat>18</sat></trkpt>
  <trkpt lat="10.78051556" lon="106.69863578"><ele>9.626</ele><time>2025-01-16T12:33:51Z</time><speed>2.150</speed><sat>18</sat></trkpt>
  <trkpt lat="10.78050110" lon="106.69862150"><ele>9.748</ele><time>2025-01-16T12:33:52Z</time><speed>2.360</speed><sat>17</sat></trkpt>
  <trkpt lat="10.78048559" lon="106.69860733"><ele>9.877</ele><time>2025-01-16T12:33:53Z</time><speed>2.450</speed><sat>16</sat></trkpt>
  <trkpt lat="10.78047062" lon="106.69859367"><ele>9.851</ele><time>2025-01-16T12:33:54Z</time><speed>2.230</speed><sat>17</sat></trkpt>
  <trkpt lat="10.78045604" lon="106.69858105"><ele>10.015</ele><time>2025-01-16T12:33:55Z</time><speed>2.290</speed><sat>17</sat></trkpt>
  <trkpt lat="10.78044199" lon="106.69856910"><ele>9.930</ele><time>2025-01-16T12:33:56Z</time><speed>2.130</speed><sat>17</sat></trkpt>
  <trkpt lat="10.78042993" lon="106.69855879"><ele>10.063</ele><time>2025-01-16T12:33:57Z</time><speed>1.720</speed><sat>11</sat></trkpt>
  <trkpt lat="10.78041892" lon="106.69854916"><ele>10.085</ele><time>2025-01-16T12:33:58Z</time><speed>1.720</speed><sat>12</sat></trkpt>
  <trkpt lat="10.78040663" lon="106.69853817"><ele>9.822</ele><time>2025-01-16T12:33:59Z</time><speed>2.030</speed><sat>12</sat></trkpt>
  <trkpt lat="10.78039293" lon="106.69852456"><ele>9.568</ele><time>2025-01-16T12:34:00Z</time><speed>2.320</speed><sat>10</sat></trkpt>
  <trkpt lat="10.78037897" lon="106.69850983"><ele>9.428</ele><time>2025-01-16T12:34:01Z</time><speed>2.250</speed><sat>10</sat></trkpt>
  <trkpt lat="10.78036396" lon="106.69849267"><ele>9.324</ele><time>2025-01-16T12:34:02Z</time><speed>2.670</speed><sat>14</sat></trkpt>
  <trkpt lat="10.78034731" lon="106.69847403"><ele>9.404</ele><time>2025-01-16T12:34:03Z</time><speed>2.990</speed><sat>12</sat></trkpt>
  <trkpt lat="10.78033247" lon="106.69844886"><ele>9.615</ele><time>2025-01-16T12:34:04Z</time><speed>3.620</speed><sat>21</sat></trkpt>
  <trkpt lat="10.78032440" lon="106.69841978"><ele>10.379</ele><time>2025-01-16T12:34:05Z</time><speed>3.370</speed><sat>24</sat></trkpt>
  <trkpt lat="10.78033356" lon="106.69838969"><ele>9.270</ele><time>2025-01-16T12:34:06Z</time><speed>3.820</speed><sat>25</sat></trkpt>
  <trkpt lat="10.78035381" lon="106.69835891"><ele>9.269</ele><time>2025-01-16T12:34:07Z</time><speed>3.910</speed><sat>27</sat></trkpt>
  <trkpt lat="10.78038311" lon="106.69832911"><ele>9.447</ele><time>2025-01-16T12:34:08Z</time><speed>4.270</speed><sat>28</sat></trkpt>
  <trkpt lat="10.78041707" lon="106.69829732"><ele>8.921</ele><time>2025-01-16T12:34:09Z</time><speed>4.730</speed><sat>18</sat></trkpt>
  <trkpt lat="10.78045078" lon="106.69826421"><ele>8.575</ele><time>2025-01-16T12:34:10Z</time><speed>4.810</speed><sat>17</sat></trkpt>
  <trkpt lat="10.78050187" lon="106.69822492"><ele>7.937</ele><time>2025-01-16T12:34:11Z</time><speed>5.660</speed><sat>14</sat></trkpt>
  <trkpt lat="10.78053869" lon="106.69818924"><ele>7.647</ele><time>2025-01-16T12:34:12Z</time><speed>5.580</speed><sat>16</sat></trkpt>
  <trkpt lat="10.78057420" lon="106.69815353"><ele>7.536</ele><time>2025-01-16T12:34:13Z</time><speed>5.550</speed><sat>16</sat></trkpt>
  <trkpt lat="10.78060389" lon="106.69812110"><ele>7.591</ele><time>2025-01-16T12:34:14Z</time><speed>5.050</speed><sat>15</sat></trkpt>
  <trkpt lat="10.78061229" lon="106.69809596"><ele>7.868</ele><time>2025-01-16T12:34:15Z</time><speed>3.870</speed><sat>18</sat></trkpt>
  <trkpt lat="10.78063601" lon="106.69807368"><ele>8.308</ele><time>2025-01-16T12:34:16Z</time><speed>3.900</speed><sat>11</sat></trkpt>
  <trkpt lat="10.78066641" lon="106.69804458"><ele>8.863</ele><time>2025-01-16T12:34:17Z</time><speed>4.330</speed><sat>11</sat></trkpt>
  <trkpt lat="10.78069765" lon="106.69801402"><ele>8.783</ele><time>2025-01-16T12:34:18Z</time><speed>4.230</speed><sat>12</sat></trkpt>
  <trkpt lat="10.78072352" lon="106.69799554"><ele>8.414</ele><time>2025-01-16T12:34:19Z</time><speed>3.770</speed><sat>12</sat></trkpt>
  <trkpt lat="10.78075391" lon="106.69796692"><ele>8.549</ele><time>2025-01-16T12:34:20Z</time><speed>4.000</speed><sat>13</sat></trkpt>
  <trkpt lat="10.78078424" lon="106.69794099"><ele>8.617</ele><time>2025-01-16T12:34:21Z</time><speed>3.770</speed><sat>13</sat></trkpt>
  <trkpt lat="10.78081160" lon="106.69791243"><ele>8.818</ele><time>2025-01-16T12:34:22Z</time><speed>3.530</speed><sat>13</sat></trkpt>
  <trkpt lat="10.78082692" lon="106.69789956"><ele>8.218</ele><time>2025-01-16T12:34:23Z</time><speed>2.890</speed><sat>13</sat></trkpt>
  <trkpt lat="10.78084044" lon="106.69787489"><ele>8.626</ele><time>2025-01-16T12:34:24Z</time><speed>2.670</speed><sat>13</sat></trkpt>
  <trkpt lat="10.78085717" lon="106.69785224"><ele>8.931</ele><time>2025-01-16T12:34:25Z</time><speed>2.880</speed><sat>13</sat></trkpt>
  <trkpt lat="10.78087617" lon="106.69782699"><ele>9.249</ele><time>2025-01-16T12:34:26Z</time><speed>3.330</speed><sat>13</sat></trkpt>
  <trkpt lat="10.78089923" lon="106.69779847"><ele>9.988</ele><time>2025-01-16T12:34:27Z</time><speed>4.210</speed><sat>13</sat></trkpt>
  <trkpt lat="10.78092437" lon="106.69776909"><ele>10.152</ele><time>2025-01-16T12:34:28Z</time><speed>4.030</speed><sat>13</sat></trkpt>
  <trkpt lat="10.78095218" lon="106.69773630"><ele>12.207</ele><time>2025-01-16T12:34:29Z</time><speed>4.720</speed><sat>14</sat></trkpt>
  <trkpt lat="10.78098862" lon="106.69768939"><ele>12.517</ele><time>2025-01-16T12:34:30Z</time><speed>5.110</speed><sat>14</sat></trkpt>
  <trkpt lat="10.78102101" lon="106.69765877"><ele>12.852</ele><time>2025-01-16T12:34:31Z</time><speed>5.210</speed><sat>13</sat></trkpt>
  <trkpt lat="10.78105143" lon="106.69762654"><ele>12.653</ele><time>2025-01-16T12:34:32Z</time><speed>4.740</speed><sat>14</sat></trkpt>
  <trkpt lat="10.78108381" lon="106.69759540"><ele>12.845</ele><time>2025-01-16T12:34:33Z</time><speed>4.230</speed><sat>13</sat></trkpt>
  <trkpt lat="10.78110816" lon="106.69756087"><ele>13.039</ele><time>2025-01-16T12:34:34Z</time><speed>4.180</speed><sat>15</sat></trkpt>
  <trkpt lat="10.78113439" lon="106.69754029"><ele>12.627</ele><time>2025-01-16T12:34:35Z</time><speed>3.720</speed><sat>13</sat></trkpt>
  <trkpt lat="10.78115320" lon="106.69751410"><ele>12.727</ele><time>2025-01-16T12:34:36Z</time><speed>3.580</speed><sat>12</sat></trkpt>
  <trkpt lat="10.78117632" lon="106.69749014"><ele>12.763</ele><time>2025-01-16T12:34:37Z</time><speed>3.670</speed><sat>13</sat></trkpt>
  <trkpt lat="10.78119944" lon="106.69746676"><ele>12.774</ele><time>2025-01-16T12:34:38Z</time><speed>3.610</speed><sat>13</sat></trkpt>
  <trkpt lat="10.78122073" lon="106.69744149"><ele>13.765</ele><time>2025-01-16T12:34:39Z</time><speed>3.640</speed><sat>13</sat></trkpt>
  <trkpt lat="10.78124382" lon="106.69741411"><ele>13.577</ele><time>2025-01-16T12:34:40Z</time><speed>3.630</speed><sat>11</sat></trkpt>
  <trkpt lat="10.78126649" lon="106.69738637"><ele>14.068</ele><time>2025-01-16T12:34:41Z</time><speed>3.610</speed><sat>11</sat></trkpt>
  <trkpt lat="10.78129056" lon="106.69736305"><ele>14.982</ele><time>2025-01-16T12:34:42Z</time><speed>3.450</speed><sat>12</sat></trkpt>
  <trkpt lat="10.78131212" lon="106.69733983"><ele>15.517</ele><time>2025-01-16T12:34:43Z</time><speed>3.210</speed><sat>12</sat></trkpt>
  <trkpt lat="10.78133150" lon="106.69731839"><ele>15.914</ele><time>2025-01-16T12:34:44Z</time><speed>2.780</speed><sat>10</sat></trkpt>
  <trkpt lat="10.78135048" lon="106.69729715"><ele>16.777</ele><time>2025-01-16T12:34:45Z</time><speed>3.170</speed><sat>13</sat></trkpt>
  <trkpt lat="10.78136888" lon="106.69727718"><ele>17.253</ele><time>2025-01-16T12:34:46Z</time><speed>2.640</speed><sat>11</sat></trkpt>
  <trkpt lat="10.78138451" lon="106.69725934"><ele>17.458</ele><time>2025-01-16T12:34:47Z</time><speed>2.370</speed><sat>12</sat></trkpt>
  <trkpt lat="10.78139811" lon="106.69724446"><ele>17.688</ele><time>2025-01-16T12:34:48Z</time><speed>2.030</speed><sat>12</sat></trkpt>
  <trkpt lat="10.78141004" lon="106.69723237"><ele>17.589</ele><time>2025-01-16T12:34:49Z</time><speed>1.670</speed><sat>13</sat></trkpt>
  <trkpt lat="10.78141990" lon="106.69722108"><ele>17.690</ele><time>2025-01-16T12:34:50Z</time><speed>1.710</speed><sat>11</sat></trkpt>
  <trkpt lat="10.78142986" lon="106.69721061"><ele>17.601</ele><time>2025-01-16T12:34:51Z</time><speed>1.500</speed><sat>12</sat></trkpt>
  <trkpt lat="10.78143734" lon="106.69720287"><ele>18.437</ele><time>2025-01-16T12:34:52Z</time><speed>0.960</speed><sat>11</sat></trkpt>
  <trkpt lat="10.78144372" lon="106.69719659"><ele>18.704</ele><time>2025-01-16T12:34:53Z</time><speed>0.890</speed><sat>10</sat></trkpt>
  <trkpt lat="10.78144850" lon="106.69719089"><ele>17.442</ele><time>2025-01-16T12:34:54Z</time><speed>0.710</speed><sat>12</sat></trkpt>
  <trkpt lat="10.78145143" lon="106.69718931"><ele>15.403</ele><time>2025-01-16T12:34:55Z</time><speed>0.750</speed><sat>10</sat></trkpt>
  <trkpt lat="10.78145482" lon="106.69718658"><ele>16.306</ele><time>2025-01-16T12:34:56Z</time><speed>0.530</speed><sat>11</sat></trkpt>
  <trkpt lat="10.78145762" lon="106.69718370"><ele>16.107</ele><time>2025-01-16T12:34:57Z</time><speed>0.560</speed><sat>11</sat></trkpt>
  <trkpt lat="10.78145961" lon="106.69718177"><ele>16.085</ele><time>2025-01-16T12:34:58Z</time><speed>0.290</speed><sat>17</sat></trkpt>
  <trkpt lat="10.78146092" lon="106.69718014"><ele>15.906</ele><time>2025-01-16T12:34:59Z</time><speed>0.330</speed><sat>19</sat></trkpt>
  <trkpt lat="10.78146318" lon="106.69717766"><ele>15.697</ele><time>2025-01-16T12:35:00Z</time><speed>0.640</speed><sat>20</sat></trkpt>
  <trkpt lat="10.78146695" lon="106.69717357"><ele>16.004</ele><time>2025-01-16T12:35:01Z</time><speed>0.780</speed><sat>24</sat></trkpt>
  <trkpt lat="10.78147329" lon="106.69716655"><ele>15.847</ele><time>2025-01-16T12:35:02Z</time><speed>1.380</speed><sat>23</sat></trkpt>
  <trkpt lat="10.78148245" lon="106.69715592"><ele>15.755</ele><time>2025-01-16T12:35:03Z</time><speed>1.800</speed><sat>23</sat></trkpt>
  <trkpt lat="10.78149387" lon="106.69714296"><ele>15.557</ele><time>2025-01-16T12:35:04Z</time><speed>2.090</speed><sat>22</sat></trkpt>
  <trkpt lat="10.78150643" lon="106.69712906"><ele>15.488</ele><time>2025-01-16T12:35:05Z</time><speed>2.170</speed><sat>22</sat></trkpt>
  <trkpt lat="10.78152044" lon="106.69711429"><ele>15.327</ele><time>2025-01-16T12:35:06Z</time><speed>2.450</speed><sat>24</sat></trkpt>
  <trkpt lat="10.78153860" lon="106.69709461"><ele>15.829</ele><time>2025-01-16T12:35:07Z</time><speed>3.380</speed><sat>20</sat></trkpt>
  <trkpt lat="10.78156063" lon="106.69707195"><ele>15.534</ele><time>2025-01-16T12:35:08Z</time><speed>3.530</speed><sat>19</sat></trkpt>
  <trkpt lat="10.78158477" lon="106.69704696"><ele>15.375</ele><time>2025-01-16T12:35:09Z</time><speed>4.030</speed><sat>22</sat></trkpt>
  <trkpt lat="10.78161117" lon="106.69701911"><ele>15.620</ele><time>2025-01-16T12:35:10Z</time><speed>4.410</speed><sat>21</sat></trkpt>
  <trkpt lat="10.78163834" lon="106.69698973"><ele>15.620</ele><time>2025-01-16T12:35:11Z</time><speed>4.440</speed><sat>23</sat></trkpt>
  <trkpt lat="10.78166644" lon="106.69696070"><ele>14.765</ele><time>2025-01-16T12:35:12Z</time><speed>4.520</speed><sat>23</sat></trkpt>
  <trkpt lat="10.78169590" lon="106.69693133"><ele>14.263</ele><time>2025-01-16T12:35:13Z</time><speed>4.780</speed><sat>24</sat></trkpt>
  <trkpt lat="10.78172631" lon="106.69690053"><ele>14.033</ele><time>2025-01-16T12:35:14Z</time><speed>4.930</speed><sat>23</sat></trkpt>
  <trkpt lat="10.78175628" lon="106.69686833"><ele>15.295</ele><time>2025-01-16T12:35:15Z</time><speed>4.870</speed><sat>22</sat></trkpt>
  <trkpt lat="10.78178335" lon="106.69683595"><ele>13.790</ele><time>2025-01-16T12:35:16Z</time><speed>5.570</speed><sat>25</sat></trkpt>
  <trkpt lat="10.78181830" lon="106.69679483"><ele>13.956</ele><time>2025-01-16T12:35:17Z</time><speed>5.990</speed><sat>26</sat></trkpt>
  <trkpt lat="10.78185315" lon="106.69675719"><ele>14.098</ele><time>2025-01-16T12:35:18Z</time><speed>5.820</speed><sat>15</sat></trkpt>
  <trkpt lat="10.78189061" lon="106.69671789"><ele>14.359</ele><time>2025-01-16T12:35:19Z</time><speed>6.050</speed><sat>15</sat></trkpt>
  <trkpt lat="10.78192826" lon="106.69668183"><ele>14.001</ele><time>2025-01-16T12:35:20Z</time><speed>5.860</speed><sat>12</sat></trkpt>
  <trkpt lat="10.78196457" lon="106.69664285"><ele>13.462</ele><time>2025-01-16T12:35:21Z</time><speed>6.100</speed><sat>14</sat></trkpt>
  <trkpt lat="10.78200587" lon="106.69660049"><ele>12.195</ele><time>2025-01-16T12:35:22Z</time><speed>6.050</speed><sat>14</sat></trkpt>
  <trkpt lat="10.78204193" lon="106.69656575"><ele>11.418</ele><time>2025-01-16T12:35:23Z</time><speed>5.920</speed><sat>16</sat></trkpt>
  <trkpt lat="10.78208064" lon="106.69652716"><ele>11.729</ele><time>2025-01-16T12:35:24Z</time><speed>6.100</speed><sat>15</sat></trkpt>
  <trkpt lat="10.78212015" lon="106.69648814"><ele>12.007</ele><time>2025-01-16T12:35:25Z</time><speed>5.940</speed><sat>13</sat></trkpt>
  <trkpt lat="10.78215325" lon="106.69644985"><ele>11.805</ele><time>2025-01-16T12:35:26Z</time><speed>5.960</speed><sat>12</sat></trkpt>
  <trkpt lat="10.78218900" lon="106.69640986"><ele>12.359</ele><time>2025-01-16T12:35:27Z</time><speed>6.090</speed><sat>12</sat></trkpt>
  <trkpt lat="10.78222944" lon="106.69637446"><ele>12.178</ele><time>2025-01-16T12:35:28Z</time><speed>5.620</speed><sat>12</sat></trkpt>
  <trkpt lat="10.78225660" lon="106.69635450"><ele>9.408</ele><time>2025-01-16T12:35:29Z</time><speed>5.540</speed><sat>10</sat></trkpt>
  <trkpt lat="10.78229973" lon="106.69633378"><ele>8.972</ele><time>2025-01-16T12:35:30Z</time><speed>4.850</speed><sat>11</sat></trkpt>
  <trkpt lat="10.78233824" lon="106.69633879"><ele>6.652</ele><time>2025-01-16T12:35:31Z</time><speed>3.450</speed><sat>13</sat></trkpt>
  <trkpt lat="10.78238498" lon="106.69632846"><ele>6.966</ele><time>2025-01-16T12:35:32Z</time><speed>4.730</speed><sat>20</sat></trkpt>
  <trkpt lat="10.78242484" lon="106.69632428"><ele>7.157</ele><time>2025-01-16T12:35:33Z</time><speed>4.560</speed><sat>22</sat></trkpt>
  <trkpt lat="10.78247273" lon="106.69631899"><ele>10.955</ele><time>2025-01-16T12:35:34Z</time><speed>4.390</speed><sat>22</sat></trkpt>
  <trkpt lat="10.78251490" lon="106.69631765"><ele>11.425</ele><time>2025-01-16T12:35:35Z</time><speed>4.550</speed><sat>25</sat></trkpt>
  <trkpt lat="10.78255821" lon="106.69632060"><ele>11.680</ele><time>2025-01-16T12:35:36Z</time><speed>4.840</speed><sat>25</sat></trkpt>
  <trkpt lat="10.78260197" lon="106.69632112"><ele>11.645</ele><time>2025-01-16T12:35:37Z</time><speed>4.840</speed><sat>25</sat></trkpt>
  <trkpt lat="10.78264577" lon="106.69632065"><ele>11.657</ele><time>2025-01-16T12:35:38Z</time><speed>4.760</speed><sat>26</sat></trkpt>
  <trkpt lat="10.78269327" lon="106.69631085"><ele>11.946</ele><time>2025-01-16T12:35:39Z</time><speed>5.100</speed><sat>25</sat></trkpt>
  <trkpt lat="10.78273702" lon="106.69629961"><ele>11.999</ele><time>2025-01-16T12:35:40Z</time><speed>4.910</speed><sat>25</sat></trkpt>
  <trkpt lat="10.78278283" lon="106.69628195"><ele>12.042</ele><time>2025-01-16T12:35:41Z</time><speed>5.070</speed><sat>25</sat></trkpt>
  <trkpt lat="10.78281964" lon="106.69625647"><ele>11.931</ele><time>2025-01-16T12:35:42Z</time><speed>5.010</speed><sat>26</sat></trkpt>
  <trkpt lat="10.78285464" lon="106.69622800"><ele>11.985</ele><time>2025-01-16T12:35:43Z</time><speed>4.990</speed><sat>26</sat></trkpt>
  <trkpt lat="10.78288817" lon="106.69618654"><ele>11.677</ele><time>2025-01-16T12:35:44Z</time><speed>5.470</speed><sat>24</sat></trkpt>
  <trkpt lat="10.78292124" lon="106.69614600"><ele>11.802</ele><time>2025-01-16T12:35:45Z</time><speed>5.550</speed><sat>24</sat></trkpt>
  <trkpt lat="10.78294423" lon="106.69610370"><ele>11.394</ele><time>2025-01-16T12:35:46Z</time><speed>4.970</speed><sat>23</sat></trkpt>
  <trkpt lat="10.78296630" lon="106.69606152"><ele>11.209</ele><time>2025-01-16T12:35:47Z</time><speed>5.010</speed><sat>23</sat></trkpt>
  <trkpt lat="10.78298216" lon="106.69601515"><ele>11.242</ele><time>2025-01-16T12:35:48Z</time><speed>5.170</speed><sat>22</sat></trkpt>
  <trkpt lat="10.78299497" lon="106.69596452"><ele>11.056</ele><time>2025-01-16T12:35:49Z</time><speed>5.610</speed><sat>20</sat></trkpt>
  <trkpt lat="10.78300607" lon="106.69591308"><ele>10.633</ele><time>2025-01-16T12:35:50Z</time><speed>5.600</speed><sat>21</sat></trkpt>
  <trkpt lat="10.78300102" lon="106.69585632"><ele>11.170</ele><time>2025-01-16T12:35:51Z</time><speed>6.330</speed><sat>23</sat></trkpt>
  <trkpt lat="10.78299244" lon="106.69580035"><ele>11.039</ele><time>2025-01-16T12:35:52Z</time><speed>6.320</speed><sat>21</sat></trkpt>
  <trkpt lat="10.78296386" lon="106.69577449"><ele>5.968</ele><time>2025-01-16T12:35:53Z</time><speed>5.970</speed><sat>19</sat></trkpt>
  <trkpt lat="10.78293631" lon="106.69572123"><ele>5.208</ele><time>2025-01-16T12:35:54Z</time><speed>6.350</speed><sat>21</sat></trkpt>
  <trkpt lat="10.78289810" lon="106.69568455"><ele>5.191</ele><time>2025-01-16T12:35:55Z</time><speed>5.950</speed><sat>21</sat></trkpt>
  <trkpt lat="10.78286059" lon="106.69564507"><ele>4.989</ele><time>2025-01-16T12:35:56Z</time><speed>6.060</speed><sat>22</sat></trkpt>
  <trkpt lat="10.78282034" lon="106.69560501"><ele>5.156</ele><time>2025-01-16T12:35:57Z</time><speed>5.950</speed><sat>21</sat></trkpt>
  <trkpt lat="10.78276112" lon="106.69557381"><ele>6.355</ele><time>2025-01-16T12:35:58Z</time><speed>6.390</speed><sat>21</sat></trkpt>
  <trkpt lat="10.78270595" lon="106.69555815"><ele>6.366</ele><time>2025-01-16T12:35:59Z</time><speed>6.230</speed><sat>24</sat></trkpt>
  <trkpt lat="10.78265131" lon="106.69554448"><ele>6.281</ele><time>2025-01-16T12:36:00Z</time><speed>5.780</speed><sat>26</sat></trkpt>
  <trkpt lat="10.78260021" lon="106.69554582"><ele>6.285</ele><time>2025-01-16T12:36:01Z</time><speed>5.730</speed><sat>27</sat></trkpt>
  <trkpt lat="10.78253479" lon="106.69555450"><ele>6.195</ele><time>2025-01-16T12:36:02Z</time><speed>5.440</speed><sat>26</sat></trkpt>
  <trkpt lat="10.78248518" lon="106.69556469"><ele>6.594</ele><time>2025-01-16T12:36:03Z</time><speed>5.720</speed><sat>27</sat></trkpt>
  <trkpt lat="10.78243317" lon="106.69558740"><ele>6.428</ele><time>2025-01-16T12:36:04Z</time><speed>5.720</speed><sat>27</sat></trkpt>
  <trkpt lat="10.78238818" lon="106.69560971"><ele>6.541</ele><time>2025-01-16T12:36:05Z</time><speed>5.740</speed><sat>27</sat></trkpt>
  <trkpt lat="10.78235121" lon="106.69565196"><ele>6.137</ele><time>2025-01-16T12:36:06Z</time><speed>5.750</speed><sat>28</sat></trkpt>
  <trkpt lat="10.78231074" lon="106.69568667"><ele>5.887</ele><time>2025-01-16T12:36:07Z</time><speed>5.740</speed><sat>27</sat></trkpt>
  <trkpt lat="10.78227541" lon="106.69572669"><ele>5.444</ele><time>2025-01-16T12:36:08Z</time><speed>5.850</speed><sat>27</sat></trkpt>
  <trkpt lat="10.78224198" lon="106.69576956"><ele>6.543</ele><time>2025-01-16T12:36:09Z</time><speed>6.020</speed><sat>24</sat></trkpt>
  <trkpt lat="10.78221799" lon="106.69581711"><ele>6.865</ele><time>2025-01-16T12:36:10Z</time><speed>6.010</speed><sat>24</sat></trkpt>
  <trkpt lat="10.78220577" lon="106.69586748"><ele>7.527</ele><time>2025-01-16T12:36:11Z</time><speed>5.620</speed><sat>25</sat></trkpt>
  <trkpt lat="10.78220406" lon="106.69591994"><ele>7.777</ele><time>2025-01-16T12:36:12Z</time><speed>5.690</speed><sat>26</sat></trkpt>
  <trkpt lat="10.78221689" lon="106.69597025"><ele>8.155</ele><time>2025-01-16T12:36:13Z</time><speed>5.470</speed><sat>29</sat></trkpt>
  <trkpt lat="10.78222184" lon="106.69601887"><ele>7.449</ele><time>2025-01-16T12:36:14Z</time><speed>5.350</speed><sat>30</sat></trkpt>
  <trkpt lat="10.78222735" lon="106.69606367"><ele>6.984</ele><time>2025-01-16T12:36:15Z</time><speed>4.950</speed><sat>30</sat></trkpt>
  <trkpt lat="10.78223458" lon="106.69610702"><ele>7.584</ele><time>2025-01-16T12:36:16Z</time><speed>4.890</speed><sat>31</sat></trkpt>
  <trkpt lat="10.78224127" lon="106.69615196"><ele>7.575</ele><time>2025-01-16T12:36:17Z</time><speed>4.890</speed><sat>20</sat></trkpt>
  <trkpt lat="10.78224236" lon="106.69619733"><ele>8.504</ele><time>2025-01-16T12:36:18Z</time><speed>4.260</speed><sat>20</sat></trkpt>
  <trkpt lat="10.78223647" lon="106.69623742"><ele>9.033</ele><time>2025-01-16T12:36:19Z</time><speed>4.470</speed><sat>17</sat></trkpt>
  <trkpt lat="10.78222765" lon="106.69627310"><ele>9.400</ele><time>2025-01-16T12:36:20Z</time><speed>4.130</speed><sat>20</sat></trkpt>
  <trkpt lat="10.78221547" lon="106.69630949"><ele>9.458</ele><time>2025-01-16T12:36:21Z</time><speed>4.190</speed><sat>20</sat></trkpt>
  <trkpt lat="10.78219871" lon="106.69634740"><ele>9.374</ele><time>2025-01-16T12:36:22Z</time><speed>4.450</speed><sat>18</sat></trkpt>
  <trkpt lat="10.78215863" lon="106.69638431"><ele>8.616</ele><time>2025-01-16T12:36:23Z</time><speed>4.910</speed><sat>14</sat></trkpt>
  <trkpt lat="10.78212773" lon="106.69642297"><ele>8.097</ele><time>2025-01-16T12:36:24Z</time><speed>4.100</speed><sat>14</sat></trkpt>
  <trkpt lat="10.78209832" lon="106.69645782"><ele>8.513</ele><time>2025-01-16T12:36:25Z</time><speed>5.060</speed><sat>22</sat></trkpt>
  <trkpt lat="10.78207362" lon="106.69649621"><ele>8.686</ele><time>2025-01-16T12:36:26Z</time><speed>4.920</speed><sat>22</sat></trkpt>
  <trkpt lat="10.78203970" lon="106.69651980"><ele>8.067</ele><time>2025-01-16T12:36:27Z</time><speed>4.070</speed><sat>23</sat></trkpt>
  <trkpt lat="10.78200400" lon="106.69654450"><ele>7.087</ele><time>2025-01-16T12:36:28Z</time><speed>4.620</speed><sat>23</sat></trkpt>
  <trkpt lat="10.78197716" lon="106.69658629"><ele>7.773</ele><time>2025-01-16T12:36:29Z</time><speed>4.330</speed><sat>26</sat></trkpt>
  <trkpt lat="10.78194822" lon="106.69661725"><ele>8.223</ele><time>2025-01-16T12:36:30Z</time><speed>4.080</speed><sat>27</sat></trkpt>
  <trkpt lat="10.78192165" lon="106.69664819"><ele>9.147</ele><time>2025-01-16T12:36:31Z</time><speed>3.600</speed><sat>27</sat></trkpt>
  <trkpt lat="10.78190861" lon="106.69667251"><ele>8.471</ele><time>2025-01-16T12:36:32Z</time><speed>2.590</speed><sat>28</sat></trkpt>
  <trkpt lat="10.78189204" lon="106.69668802"><ele>8.709</ele><time>2025-01-16T12:36:33Z</time><speed>2.130</speed><sat>28</sat></trkpt>
  <trkpt lat="10.78187495" lon="106.69670800"><ele>9.715</ele><time>2025-01-16T12:36:34Z</time><speed>2.180</speed><sat>29</sat></trkpt>
  <trkpt lat="10.78186337" lon="106.69671964"><ele>9.743</ele><time>2025-01-16T12:36:35Z</time><speed>1.470</speed><sat>28</sat></trkpt>
  <trkpt lat="10.78185505" lon="106.69672883"><ele>9.958</ele><time>2025-01-16T12:36:36Z</time><speed>1.110</speed><sat>28</sat></trkpt>
  <trkpt lat="10.78184790" lon="106.69673716"><ele>10.045</ele><time>2025-01-16T12:36:37Z</time><speed>0.900</speed><sat>27</sat></trkpt>
  <trkpt lat="10.78184160" lon="106.69674411"><ele>10.511</ele><time>2025-01-16T12:36:38Z</time><speed>0.810</speed><sat>27</sat></trkpt>
  <trkpt lat="10.78183641" lon="106.69674965"><ele>10.967</ele><time>2025-01-16T12:36:39Z</time><speed>0.560</speed><sat>27</sat></trkpt>
  <trkpt lat="10.78183314" lon="106.69675407"><ele>10.896</ele><time>2025-01-16T12:36:40Z</time><speed>0.330</speed><sat>27</sat></trkpt>
  <trkpt lat="10.78183238" lon="106.69675812"><ele>11.427</ele><time>2025-01-16T12:36:41Z</time><speed>0.000</speed><sat>28</sat></trkpt>
  <trkpt lat="10.78183283" lon="106.69675949"><ele>11.565</ele><time>2025-01-16T12:36:42Z</time><speed>0.000</speed><sat>29</sat></trkpt>
  <trkpt lat="10.78183348" lon="106.69675965"><ele>11.788</ele><time>2025-01-16T12:36:43Z</time><speed>0.000</speed><sat>29</sat></trkpt>
  <trkpt lat="10.78183348" lon="106.69675950"><ele>11.927</ele><time>2025-01-16T12:36:44Z</time><speed>0.000</speed><sat>29</sat></trkpt>
  <trkpt lat="10.78183394" lon="106.69675977"><ele>12.184</ele><time>2025-01-16T12:36:45Z</time><speed>0.000</speed><sat>29</sat></trkpt>
  <trkpt lat="10.78183412" lon="106.69675837"><ele>12.140</ele><time>2025-01-16T12:36:46Z</time><speed>0.000</speed><sat>28</sat></trkpt>
  <trkpt lat="10.78183488" lon="106.69675856"><ele>12.398</ele><time>2025-01-16T12:36:47Z</time><speed>0.000</speed><sat>29</sat></trkpt>
  <trkpt lat="10.78183563" lon="106.69675927"><ele>12.339</ele><time>2025-01-16T12:36:48Z</time><speed>0.000</speed><sat>25</sat></trkpt>
  <trkpt lat="10.78183709" lon="106.69676049"><ele>12.248</ele><time>2025-01-16T12:36:49Z</time><speed>0.000</speed><sat>28</sat></trkpt>
  <trkpt lat="10.78183484" lon="106.69676367"><ele>12.438</ele><time>2025-01-16T12:36:50Z</time><speed>0.520</speed><sat>28</sat></trkpt>
  <trkpt lat="10.78182699" lon="106.69677172"><ele>12.124</ele><time>2025-01-16T12:36:51Z</time><speed>1.600</speed><sat>28</sat></trkpt>
  <trkpt lat="10.78181506" lon="106.69678373"><ele>11.878</ele><time>2025-01-16T12:36:52Z</time><speed>2.090</speed><sat>28</sat></trkpt>
  <trkpt lat="10.78180127" lon="106.69679794"><ele>11.742</ele><time>2025-01-16T12:36:53Z</time><speed>2.220</speed><sat>27</sat></trkpt>
  <trkpt lat="10.78178577" lon="106.69681333"><ele>12.081</ele><time>2025-01-16T12:36:54Z</time><speed>2.510</speed><sat>28</sat></trkpt>
  <trkpt lat="10.78176849" lon="106.69683072"><ele>12.197</ele><time>2025-01-16T12:36:55Z</time><speed>2.730</speed><sat>28</sat></trkpt>
  <trkpt lat="10.78174964" lon="106.69684930"><ele>12.145</ele><time>2025-01-16T12:36:56Z</time><speed>2.980</speed><sat>28</sat></trkpt>
  <trkpt lat="10.78172904" lon="106.69686922"><ele>12.375</ele><time>2025-01-16T12:36:57Z</time><speed>3.210</speed><sat>28</sat></trkpt>
  <trkpt lat="10.78170517" lon="106.69689021"><ele>12.490</ele><time>2025-01-16T12:36:58Z</time><speed>3.520</speed><sat>28</sat></trkpt>
  <trkpt lat="10.78167921" lon="106.69691186"><ele>12.878</ele><time>2025-01-16T12:36:59Z</time><speed>3.750</speed><sat>26</sat></trkpt>
  <trkpt lat="10.78165227" lon="106.69693542"><ele>13.093</ele><time>2025-01-16T12:37:00Z</time><speed>4.070</speed><sat>26</sat></trkpt>
  <trkpt lat="10.78162523" lon="106.69696287"><ele>13.268</ele><time>2025-01-16T12:37:01Z</time><speed>4.410</speed><sat>26</sat></trkpt>
  <trkpt lat="10.78159880" lon="106.69699286"><ele>13.648</ele><time>2025-01-16T12:37:02Z</time><speed>4.420</speed><sat>27</sat></trkpt>
  <trkpt lat="10.78157200" lon="106.69702459"><ele>14.051</ele><time>2025-01-16T12:37:03Z</time><speed>4.630</speed><sat>25</sat></trkpt>
  <trkpt lat="10.78154527" lon="106.69705709"><ele>14.060</ele><time>2025-01-16T12:37:04Z</time><speed>4.620</speed><sat>26</sat></trkpt>
  <trkpt lat="10.78151709" lon="106.69709038"><ele>13.980</ele><time>2025-01-16T12:37:05Z</time><speed>4.940</speed><sat>28</sat></trkpt>
  <trkpt lat="10.78148294" lon="106.69711944"><ele>13.944</ele><time>2025-01-16T12:37:06Z</time><speed>5.320</speed><sat>29</sat></trkpt>
  <trkpt lat="10.78145099" lon="106.69714934"><ele>13.989</ele><time>2025-01-16T12:37:07Z</time><speed>5.210</speed><sat>29</sat></trkpt>
  <trkpt lat="10.78141881" lon="106.69718548"><ele>14.192</ele><time>2025-01-16T12:37:08Z</time><speed>5.220</speed><sat>29</sat></trkpt>
  <trkpt lat="10.78138514" lon="106.69721565"><ele>14.341</ele><time>2025-01-16T12:37:09Z</time><speed>5.240</speed><sat>29</sat></trkpt>
  <trkpt lat="10.78135067" lon="106.69724811"><ele>14.697</ele><time>2025-01-16T12:37:10Z</time><speed>5.220</speed><sat>30</sat></trkpt>
  <trkpt lat="10.78132027" lon="106.69728249"><ele>14.992</ele><time>2025-01-16T12:37:11Z</time><speed>5.200</speed><sat>30</sat></trkpt>
  <trkpt lat="10.78129524" lon="106.69731609"><ele>14.642</ele><time>2025-01-16T12:37:12Z</time><speed>4.970</speed><sat>28</sat></trkpt>
  <trkpt lat="10.78125885" lon="106.69734757"><ele>14.590</ele><time>2025-01-16T12:37:13Z</time><speed>4.980</speed><sat>28</sat></trkpt>
  <trkpt lat="10.78122701" lon="106.69738321"><ele>14.786</ele><time>2025-01-16T12:37:14Z</time><speed>4.840</speed><sat>28</sat></trkpt>
  <trkpt lat="10.78119472" lon="106.69741551"><ele>14.717</ele><time>2025-01-16T12:37:15Z</time><speed>4.790</speed><sat>28</sat></trkpt>
  <trkpt lat="10.78116802" lon="106.69744723"><ele>15.134</ele><time>2025-01-16T12:37:16Z</time><speed>4.800</speed><sat>28</sat></trkpt>
  <trkpt lat="10.78113861" lon="106.69747917"><ele>14.922</ele><time>2025-01-16T12:37:17Z</time><speed>4.830</speed><sat>28</sat></trkpt>
  <trkpt lat="10.78111131" lon="106.69751453"><ele>15.394</ele><time>2025-01-16T12:37:18Z</time><speed>4.800</speed><sat>29</sat></trkpt>
  <trkpt lat="10.78108247" lon="106.69754344"><ele>15.827</ele><time>2025-01-16T12:37:19Z</time><speed>4.020</speed><sat>29</sat></trkpt>
  <trkpt lat="10.78105091" lon="106.69757936"><ele>15.817</ele><time>2025-01-16T12:37:20Z</time><speed>4.910</speed><sat>29</sat></trkpt>
  <trkpt lat="10.78101618" lon="106.69761936"><ele>16.295</ele><time>2025-01-16T12:37:21Z</time><speed>5.340</speed><sat>29</sat></trkpt>
  <trkpt lat="10.78097232" lon="106.69765519"><ele>16.249</ele><time>2025-01-16T12:37:22Z</time><speed>5.360</speed><sat>28</sat></trkpt>
  <trkpt lat="10.78094012" lon="106.69768990"><ele>16.240</ele><time>2025-01-16T12:37:23Z</time><speed>5.100</speed><sat>28</sat></trkpt>
  <trkpt lat="10.78091132" lon="106.69772557"><ele>16.560</ele><time>2025-01-16T12:37:24Z</time><speed>4.840</speed><sat>27</sat></trkpt>
  <trkpt lat="10.78088185" lon="106.69776186"><ele>16.773</ele><time>2025-01-16T12:37:25Z</time><speed>4.740</speed><sat>27</sat></trkpt>
  <trkpt lat="10.78085295" lon="106.69780127"><ele>17.191</ele><time>2025-01-16T12:37:26Z</time><speed>4.800</speed><sat>28</sat></trkpt>
  <trkpt lat="10.78082489" lon="106.69782919"><ele>17.229</ele><time>2025-01-16T12:37:27Z</time><speed>4.180</speed><sat>28</sat></trkpt>
  <trkpt lat="10.78081423" lon="106.69786259"><ele>16.922</ele><time>2025-01-16T12:37:28Z</time><speed>3.420</speed><sat>29</sat></trkpt>
  <trkpt lat="10.78078971" lon="106.69789075"><ele>17.095</ele><time>2025-01-16T12:37:29Z</time><speed>3.780</speed><sat>30</sat></trkpt>
  <trkpt lat="10.78076534" lon="106.69792143"><ele>16.998</ele><time>2025-01-16T12:37:30Z</time><speed>4.130</speed><sat>30</sat></trkpt>
  <trkpt lat="10.78074671" lon="106.69794453"><ele>17.191</ele><time>2025-01-16T12:37:31Z</time><speed>3.290</speed><sat>30</sat></trkpt>
  <trkpt lat="10.78072690" lon="106.69798332"><ele>17.668</ele><time>2025-01-16T12:37:32Z</time><speed>4.200</speed><sat>32</sat></trkpt>
  <trkpt lat="10.78069827" lon="106.69801512"><ele>17.195</ele><time>2025-01-16T12:37:33Z</time><speed>4.870</speed><sat>31</sat></trkpt>
  <trkpt lat="10.78067004" lon="106.69804557"><ele>17.645</ele><time>2025-01-16T12:37:34Z</time><speed>4.570</speed><sat>29</sat></trkpt>
  <trkpt lat="10.78064795" lon="106.69807563"><ele>17.033</ele><time>2025-01-16T12:37:35Z</time><speed>3.720</speed><sat>29</sat></trkpt>
  <trkpt lat="10.78063141" lon="106.69810328"><ele>16.597</ele><time>2025-01-16T12:37:36Z</time><speed>3.470</speed><sat>29</sat></trkpt>
  <trkpt lat="10.78061010" lon="106.69813016"><ele>15.988</ele><time>2025-01-16T12:37:37Z</time><speed>3.780</speed><sat>28</sat></trkpt>
  <trkpt lat="10.78058598" lon="106.69815564"><ele>14.675</ele><time>2025-01-16T12:37:38Z</time><speed>3.720</speed><sat>28</sat></trkpt>
  <trkpt lat="10.78056221" lon="106.69818005"><ele>14.332</ele><time>2025-01-16T12:37:39Z</time><speed>3.450</speed><sat>27</sat></trkpt>
  <trkpt lat="10.78054153" lon="106.69820332"><ele>14.220</ele><time>2025-01-16T12:37:40Z</time><speed>2.700</speed><sat>27</sat></trkpt>
  <trkpt lat="10.78052043" lon="106.69822400"><ele>14.577</ele><time>2025-01-16T12:37:41Z</time><speed>2.740</speed><sat>28</sat></trkpt>
  <trkpt lat="10.78050396" lon="106.69824282"><ele>14.233</ele><time>2025-01-16T12:37:42Z</time><speed>1.950</speed><sat>28</sat></trkpt>
  <trkpt lat="10.78048990" lon="106.69826141"><ele>13.827</ele><time>2025-01-16T12:37:43Z</time><speed>2.130</speed><sat>27</sat></trkpt>
  <trkpt lat="10.78047671" lon="106.69827875"><ele>13.957</ele><time>2025-01-16T12:37:44Z</time><speed>1.820</speed><sat>27</sat></trkpt>
  <trkpt lat="10.78046726" lon="106.69829257"><ele>14.295</ele><time>2025-01-16T12:37:45Z</time><speed>1.050</speed><sat>28</sat></trkpt>
  <trkpt lat="10.78046069" lon="106.69830193"><ele>14.181</ele><time>2025-01-16T12:37:46Z</time><speed>0.740</speed><sat>28</sat></trkpt>
  <trkpt lat="10.78045634" lon="106.69830883"><ele>14.675</ele><time>2025-01-16T12:37:47Z</time><speed>0.380</speed><sat>29</sat></trkpt>
  <trkpt lat="10.78045416" lon="106.69831332"><ele>14.537</ele><time>2025-01-16T12:37:48Z</time><speed>0.240</speed><sat>28</sat></trkpt>
  <trkpt lat="10.78045185" lon="106.69831682"><ele>14.977</ele><time>2025-01-16T12:37:49Z</time><speed>0.180</speed><sat>30</sat></trkpt>
  <trkpt lat="10.78044933" lon="106.69831909"><ele>15.252</ele><time>2025-01-16T12:37:50Z</time><speed>0.200</speed><sat>30</sat></trkpt>
  <trkpt lat="10.78044680" lon="106.69832191"><ele>15.031</ele><time>2025-01-16T12:37:51Z</time><speed>0.000</speed><sat>29</sat></trkpt>
  <trkpt lat="10.78044533" lon="106.69832367"><ele>15.013</ele><time>2025-01-16T12:37:52Z</time><speed>0.200</speed><sat>29</sat></trkpt>
  <trkpt lat="10.78044355" lon="106.69832448"><ele>15.581</ele><time>2025-01-16T12:37:53Z</time><speed>0.000</speed><sat>29</sat></trkpt>
  <trkpt lat="10.78044291" lon="106.69832483"><ele>15.506</ele><time>2025-01-16T12:37:54Z</time><speed>0.000</speed><sat>28</sat></trkpt>
  <trkpt lat="10.78044217" lon="106.69832545"><ele>15.362</ele><time>2025-01-16T12:37:55Z</time><speed>0.000</speed><sat>28</sat></trkpt>
  <trkpt lat="10.78044205" lon="106.69832615"><ele>15.313</ele><time>2025-01-16T12:37:56Z</time><speed>0.000</speed><sat>19</sat></trkpt>
  <trkpt lat="10.78044198" lon="106.69832651"><ele>15.312</ele><time>2025-01-16T12:37:57Z</time><speed>0.000</speed><sat>17</sat></trkpt>
  <trkpt lat="10.78044222" lon="106.69832726"><ele>15.135</ele><time>2025-01-16T12:37:58Z</time><speed>0.000</speed><sat>16</sat></trkpt>
  <trkpt lat="10.78044407" lon="106.69832876"><ele>14.952</ele><time>2025-01-16T12:37:59Z</time><speed>0.000</speed><sat>14</sat></trkpt>
  <trkpt lat="10.78044679" lon="106.69833059"><ele>14.723</ele><time>2025-01-16T12:38:00Z</time><speed>0.000</speed><sat>14</sat></trkpt>
  <trkpt lat="10.78044898" lon="106.69833209"><ele>14.833</ele><time>2025-01-16T12:38:01Z</time><speed>0.000</speed><sat>12</sat></trkpt>
  <trkpt lat="10.78045067" lon="106.69833331"><ele>14.943</ele><time>2025-01-16T12:38:02Z</time><speed>0.000</speed><sat>11</sat></trkpt>
  <trkpt lat="10.78045151" lon="106.69833392"><ele>14.943</ele><time>2025-01-16T12:38:03Z</time><speed>0.000</speed><sat>11</sat></trkpt>
  <trkpt lat="10.78045199" lon="106.69833429"><ele>15.117</ele><time>2025-01-16T12:38:04Z</time><speed>0.000</speed><sat>10</sat></trkpt>
  <trkpt lat="10.78045258" lon="106.69833465"><ele>15.102</ele><time>2025-01-16T12:38:05Z</time><speed>0.000</speed><sat>11</sat></trkpt>
  <trkpt lat="10.78045224" lon="106.69833465"><ele>15.145</ele><time>2025-01-16T12:38:06Z</time><speed>0.000</speed><sat>16</sat></trkpt>
  <trkpt lat="10.78044088" lon="106.69834724"><ele>15.591</ele><time>2025-01-16T12:38:07Z</time><speed>2.330</speed><sat>23</sat></trkpt>
  <trkpt lat="10.78042345" lon="106.69836723"><ele>15.884</ele><time>2025-01-16T12:38:08Z</time><speed>3.200</speed><sat>25</sat></trkpt>
  <trkpt lat="10.78040450" lon="106.69838770"><ele>15.313</ele><time>2025-01-16T12:38:09Z</time><speed>2.970</speed><sat>23</sat></trkpt>
  <trkpt lat="10.78038435" lon="106.69840797"><ele>14.979</ele><time>2025-01-16T12:38:10Z</time><speed>3.330</speed><sat>24</sat></trkpt>
  <trkpt lat="10.78036279" lon="106.69842669"><ele>14.862</ele><time>2025-01-16T12:38:11Z</time><speed>3.160</speed><sat>25</sat></trkpt>
  <trkpt lat="10.78033707" lon="106.69844521"><ele>14.772</ele><time>2025-01-16T12:38:12Z</time><speed>3.500</speed><sat>24</sat></trkpt>
  <trkpt lat="10.78030938" lon="106.69846128"><ele>14.630</ele><time>2025-01-16T12:38:13Z</time><speed>3.190</speed><sat>25</sat></trkpt>
  <trkpt lat="10.78028094" lon="106.69847365"><ele>14.668</ele><time>2025-01-16T12:38:14Z</time><speed>3.170</speed><sat>24</sat></trkpt>
  <trkpt lat="10.78025162" lon="106.69848251"><ele>14.717</ele><time>2025-01-16T12:38:15Z</time><speed>3.200</speed><sat>24</sat></trkpt>
  <trkpt lat="10.78022083" lon="106.69848803"><ele>14.756</ele><time>2025-01-16T12:38:16Z</time><speed>3.410</speed><sat>25</sat></trkpt>
  <trkpt lat="10.78018889" lon="106.69849079"><ele>14.517</ele><time>2025-01-16T12:38:17Z</time><speed>3.490</speed><sat>17</sat></trkpt>
  <trkpt lat="10.78015667" lon="106.69849231"><ele>14.554</ele><time>2025-01-16T12:38:18Z</time><speed>3.490</speed><sat>17</sat></trkpt>
  <trkpt lat="10.78012235" lon="106.69849420"><ele>15.133</ele><time>2025-01-16T12:38:19Z</time><speed>3.690</speed><sat>17</sat></trkpt>
  <trkpt lat="10.78008766" lon="106.69849649"><ele>15.288</ele><time>2025-01-16T12:38:20Z</time><speed>3.670</speed><sat>17</sat></trkpt>
  <trkpt lat="10.78005186" lon="106.69849930"><ele>15.362</ele><time>2025-01-16T12:38:21Z</time><speed>3.940</speed><sat>16</sat></trkpt>
  <trkpt lat="10.78001577" lon="106.69850237"><ele>15.410</ele><time>2025-01-16T12:38:22Z</time><speed>3.840</speed><sat>16</sat></trkpt>
  <trkpt lat="10.77997779" lon="106.69850889"><ele>16.018</ele><time>2025-01-16T12:38:23Z</time><speed>4.170</speed><sat>17</sat></trkpt>
  <trkpt lat="10.77994085" lon="106.69851977"><ele>15.664</ele><time>2025-01-16T12:38:24Z</time><speed>3.950</speed><sat>15</sat></trkpt>
  <trkpt lat="10.77990643" lon="106.69853733"><ele>15.429</ele><time>2025-01-16T12:38:25Z</time><speed>4.260</speed><sat>26</sat></trkpt>
  <trkpt lat="10.77987371" lon="106.69856035"><ele>15.213</ele><time>2025-01-16T12:38:26Z</time><speed>4.220</speed><sat>27</sat></trkpt>
  <trkpt lat="10.77984446" lon="106.69858766"><ele>15.318</ele><time>2025-01-16T12:38:27Z</time><speed>4.340</speed><sat>29</sat></trkpt>
  <trkpt lat="10.77981694" lon="106.69861713"><ele>14.987</ele><time>2025-01-16T12:38:28Z</time><speed>4.330</speed><sat>29</sat></trkpt>
  <trkpt lat="10.77979035" lon="106.69864752"><ele>14.659</ele><time>2025-01-16T12:38:29Z</time><speed>4.460</speed><sat>27</sat></trkpt>
  <trkpt lat="10.77976269" lon="106.69867999"><ele>15.175</ele><time>2025-01-16T12:38:30Z</time><speed>4.650</speed><sat>15</sat></trkpt>
  <trkpt lat="10.77973487" lon="106.69871294"><ele>15.171</ele><time>2025-01-16T12:38:31Z</time><speed>4.650</speed><sat>15</sat></trkpt>
  <trkpt lat="10.77971237" lon="106.69872750"><ele>12.627</ele><time>2025-01-16T12:38:32Z</time><speed>5.310</speed><sat>14</sat></trkpt>
  <trkpt lat="10.77968371" lon="106.69878014"><ele>13.156</ele><time>2025-01-16T12:38:33Z</time><speed>5.960</speed><sat>14</sat></trkpt>
  <trkpt lat="10.77964848" lon="106.69881824"><ele>13.023</ele><time>2025-01-16T12:38:34Z</time><speed>5.740</speed><sat>14</sat></trkpt>
  <trkpt lat="10.77961644" lon="106.69886249"><ele>13.693</ele><time>2025-01-16T12:38:35Z</time><speed>6.210</speed><sat>10</sat></trkpt>
  <trkpt lat="10.77957798" lon="106.69891104"><ele>14.626</ele><time>2025-01-16T12:38:36Z</time><speed>6.270</speed><sat>11</sat></trkpt>
  <trkpt lat="10.77954036" lon="106.69895385"><ele>14.572</ele><time>2025-01-16T12:38:37Z</time><speed>6.080</speed><sat>13</sat></trkpt>
  <trkpt lat="10.77950869" lon="106.69898552"><ele>14.124</ele><time>2025-01-16T12:38:38Z</time><speed>6.030</speed><sat>13</sat></trkpt>
  <trkpt lat="10.77946084" lon="106.69902809"><ele>13.865</ele><time>2025-01-16T12:38:39Z</time><speed>5.740</speed><sat>12</sat></trkpt>
  <trkpt lat="10.77943042" lon="106.69906491"><ele>13.166</ele><time>2025-01-16T12:38:40Z</time><speed>5.700</speed><sat>15</sat></trkpt>
  <trkpt lat="10.77939496" lon="106.69910424"><ele>13.151</ele><time>2025-01-16T12:38:41Z</time><speed>5.640</speed><sat>14</sat></trkpt>
  <trkpt lat="10.77936200" lon="106.69915570"><ele>13.123</ele><time>2025-01-16T12:38:42Z</time><speed>5.580</speed><sat>15</sat></trkpt>
  <trkpt lat="10.77933361" lon="106.69918578"><ele>12.076</ele><time>2025-01-16T12:38:43Z</time><speed>5.830</speed><sat>14</sat></trkpt>
  <trkpt lat="10.77929414" lon="106.69922616"><ele>11.296</ele><time>2025-01-16T12:38:44Z</time><speed>6.220</speed><sat>13</sat></trkpt>
  <trkpt lat="10.77925713" lon="106.69926120"><ele>11.510</ele><time>2025-01-16T12:38:45Z</time><speed>5.640</speed><sat>16</sat></trkpt>
  <trkpt lat="10.77921919" lon="106.69930389"><ele>11.431</ele><time>2025-01-16T12:38:46Z</time><speed>6.320</speed><sat>25</sat></trkpt>
  <trkpt lat="10.77917674" lon="106.69934420"><ele>11.643</ele><time>2025-01-16T12:38:47Z</time><speed>6.520</speed><sat>25</sat></trkpt>
  <trkpt lat="10.77913745" lon="106.69939030"><ele>11.669</ele><time>2025-01-16T12:38:48Z</time><speed>6.740</speed><sat>27</sat></trkpt>
  <trkpt lat="10.77909892" lon="106.69943754"><ele>12.281</ele><time>2025-01-16T12:38:49Z</time><speed>6.640</speed><sat>27</sat></trkpt>
  <trkpt lat="10.77905929" lon="106.69948317"><ele>12.852</ele><time>2025-01-16T12:38:50Z</time><speed>6.340</speed><sat>27</sat></trkpt>
  <trkpt lat="10.77902392" lon="106.69952105"><ele>13.102</ele><time>2025-01-16T12:38:51Z</time><speed>5.930</speed><sat>28</sat></trkpt>
  <trkpt lat="10.77898675" lon="106.69956547"><ele>13.345</ele><time>2025-01-16T12:38:52Z</time><speed>5.690</speed><sat>16</sat></trkpt>
  <trkpt lat="10.77895658" lon="106.69960936"><ele>13.310</ele><time>2025-01-16T12:38:53Z</time><speed>5.690</speed><sat>17</sat></trkpt>
  <trkpt lat="10.77893821" lon="106.69965712"><ele>13.287</ele><time>2025-01-16T12:38:54Z</time><speed>5.860</speed><sat>16</sat></trkpt>
  <trkpt lat="10.77892490" lon="106.69970751"><ele>13.161</ele><time>2025-01-16T12:38:55Z</time><speed>5.550</speed><sat>16</sat></trkpt>
  <trkpt lat="10.77890697" lon="106.69973958"><ele>12.110</ele><time>2025-01-16T12:38:56Z</time><speed>5.390</speed><sat>16</sat></trkpt>
  <trkpt lat="10.77889607" lon="106.69978512"><ele>11.711</ele><time>2025-01-16T12:38:57Z</time><speed>4.920</speed><sat>15</sat></trkpt>
  <trkpt lat="10.77888302" lon="106.69982750"><ele>11.750</ele><time>2025-01-16T12:38:58Z</time><speed>4.610</speed><sat>15</sat></trkpt>
  <trkpt lat="10.77886994" lon="106.69986558"><ele>11.232</ele><time>2025-01-16T12:38:59Z</time><speed>4.170</speed><sat>13</sat></trkpt>
  <trkpt lat="10.77886571" lon="106.69991129"><ele>10.851</ele><time>2025-01-16T12:39:00Z</time><speed>4.580</speed><sat>14</sat></trkpt>
  <trkpt lat="10.77885667" lon="106.69995210"><ele>10.843</ele><time>2025-01-16T12:39:01Z</time><speed>4.980</speed><sat>12</sat></trkpt>
  <trkpt lat="10.77885009" lon="106.69999203"><ele>10.467</ele><time>2025-01-16T12:39:02Z</time><speed>4.740</speed><sat>15</sat></trkpt>
  <trkpt lat="10.77884123" lon="106.70003484"><ele>10.371</ele><time>2025-01-16T12:39:03Z</time><speed>4.770</speed><sat>15</sat></trkpt>
  <trkpt lat="10.77881264" lon="106.70006605"><ele>9.958</ele><time>2025-01-16T12:39:04Z</time><speed>5.210</speed><sat>13</sat></trkpt>
  <trkpt lat="10.77878444" lon="106.70009631"><ele>8.643</ele><time>2025-01-16T12:39:05Z</time><speed>4.980</speed><sat>14</sat></trkpt>
  <trkpt lat="10.77875586" lon="106.70012511"><ele>9.055</ele><time>2025-01-16T12:39:06Z</time><speed>4.400</speed><sat>14</sat></trkpt>
  <trkpt lat="10.77872314" lon="106.70014939"><ele>9.252</ele><time>2025-01-16T12:39:07Z</time><speed>4.530</speed><sat>22</sat></trkpt>
  <trkpt lat="10.77869206" lon="106.70017640"><ele>9.833</ele><time>2025-01-16T12:39:08Z</time><speed>4.290</speed><sat>25</sat></trkpt>
  <trkpt lat="10.77866599" lon="106.70020703"><ele>10.111</ele><time>2025-01-16T12:39:09Z</time><speed>4.350</speed><sat>24</sat></trkpt>
  <trkpt lat="10.77863008" lon="106.70022882"><ele>9.191</ele><time>2025-01-16T12:39:10Z</time><speed>4.320</speed><sat>24</sat></trkpt>
  <trkpt lat="10.77860341" lon="106.70025732"><ele>9.968</ele><time>2025-01-16T12:39:11Z</time><speed>4.140</speed><sat>24</sat></trkpt>
  <trkpt lat="10.77857901" lon="106.70028567"><ele>10.139</ele><time>2025-01-16T12:39:12Z</time><speed>3.800</speed><sat>25</sat></trkpt>
  <trkpt lat="10.77856095" lon="106.70031297"><ele>10.667</ele><time>2025-01-16T12:39:13Z</time><speed>3.400</speed><sat>23</sat></trkpt>
  <trkpt lat="10.77854161" lon="106.70034282"><ele>11.331</ele><time>2025-01-16T12:39:14Z</time><speed>3.110</speed><sat>23</sat></trkpt>
  <trkpt lat="10.77852091" lon="106.70036273"><ele>11.009</ele><time>2025-01-16T12:39:15Z</time><speed>3.090</speed><sat>23</sat></trkpt>
  <trkpt lat="10.77850461" lon="106.70038064"><ele>11.195</ele><time>2025-01-16T12:39:16Z</time><speed>2.240</speed><sat>25</sat></trkpt>
  <trkpt lat="10.77849101" lon="106.70039407"><ele>11.078</ele><time>2025-01-16T12:39:17Z</time><speed>1.940</speed><sat>25</sat></trkpt>
  <trkpt lat="10.77847768" lon="106.70040680"><ele>11.241</ele><time>2025-01-16T12:39:18Z</time><speed>2.050</speed><sat>25</sat></trkpt>
  <trkpt lat="10.77846414" lon="106.70042029"><ele>11.454</ele><time>2025-01-16T12:39:19Z</time><speed>1.980</speed><sat>25</sat></trkpt>
  <trkpt lat="10.77844980" lon="106.70043439"><ele>11.194</ele><time>2025-01-16T12:39:20Z</time><speed>2.200</speed><sat>26</sat></trkpt>
  <trkpt lat="10.77843435" lon="106.70044939"><ele>11.460</ele><time>2025-01-16T12:39:21Z</time><speed>2.300</speed><sat>26</sat></trkpt>
  <trkpt lat="10.77841778" lon="106.70046619"><ele>11.809</ele><time>2025-01-16T12:39:22Z</time><speed>2.510</speed><sat>17</sat></trkpt>
  <trkpt lat="10.77840120" lon="106.70048362"><ele>11.798</ele><time>2025-01-16T12:39:23Z</time><speed>2.510</speed><sat>17</sat></trkpt>
  <trkpt lat="10.77838593" lon="106.70050042"><ele>11.362</ele><time>2025-01-16T12:39:24Z</time><speed>2.320</speed><sat>16</sat></trkpt>
  <trkpt lat="10.77837527" lon="106.70051341"><ele>11.461</ele><time>2025-01-16T12:39:25Z</time><speed>1.340</speed><sat>14</sat></trkpt>
  <trkpt lat="10.77836761" lon="106.70052188"><ele>11.627</ele><time>2025-01-16T12:39:26Z</time><speed>0.920</speed><sat>13</sat></trkpt>
  <trkpt lat="10.77836190" lon="106.70052979"><ele>11.897</ele><time>2025-01-16T12:39:27Z</time><speed>1.070</speed><sat>14</sat></trkpt>
  <trkpt lat="10.77835671" lon="106.70053859"><ele>11.599</ele><time>2025-01-16T12:39:28Z</time><speed>1.090</speed><sat>13</sat></trkpt>
  <trkpt lat="10.77834855" lon="106.70055039"><ele>11.873</ele><time>2025-01-16T12:39:29Z</time><speed>1.900</speed><sat>13</sat></trkpt>
  <trkpt lat="10.77833840" lon="106.70056356"><ele>11.905</ele><time>2025-01-16T12:39:30Z</time><speed>1.690</speed><sat>13</sat></trkpt>
  <trkpt lat="10.77832428" lon="106.70058042"><ele>11.655</ele><time>2025-01-16T12:39:31Z</time><speed>2.540</speed><sat>12</sat></trkpt>
  <trkpt lat="10.77830720" lon="106.70060060"><ele>11.587</ele><time>2025-01-16T12:39:32Z</time><speed>2.670</speed><sat>12</sat></trkpt>
  <trkpt lat="10.77828570" lon="106.70062086"><ele>10.499</ele><time>2025-01-16T12:39:33Z</time><speed>3.000</speed><sat>12</sat></trkpt>
  <trkpt lat="10.77826044" lon="106.70064332"><ele>10.628</ele><time>2025-01-16T12:39:34Z</time><speed>3.900</speed><sat>16</sat></trkpt>
  <trkpt lat="10.77823348" lon="106.70066972"><ele>10.756</ele><time>2025-01-16T12:39:35Z</time><speed>4.040</speed><sat>19</sat></trkpt>
  <trkpt lat="10.77820666" lon="106.70069765"><ele>10.599</ele><time>2025-01-16T12:39:36Z</time><speed>4.290</speed><sat>19</sat></trkpt>
  <trkpt lat="10.77818176" lon="106.70072682"><ele>11.263</ele><time>2025-01-16T12:39:37Z</time><speed>4.340</speed><sat>19</sat></trkpt>
  <trkpt lat="10.77815851" lon="106.70075482"><ele>11.704</ele><time>2025-01-16T12:39:38Z</time><speed>3.900</speed><sat>21</sat></trkpt>
  <trkpt lat="10.77813572" lon="106.70078207"><ele>12.133</ele><time>2025-01-16T12:39:39Z</time><speed>4.030</speed><sat>23</sat></trkpt>
  <trkpt lat="10.77811070" lon="106.70081145"><ele>12.568</ele><time>2025-01-16T12:39:40Z</time><speed>4.370</speed><sat>23</sat></trkpt>
  <trkpt lat="10.77808475" lon="106.70084322"><ele>13.569</ele><time>2025-01-16T12:39:41Z</time><speed>4.530</speed><sat>22</sat></trkpt>
  <trkpt lat="10.77806179" lon="106.70087254"><ele>13.926</ele><time>2025-01-16T12:39:42Z</time><speed>3.860</speed><sat>23</sat></trkpt>
  <trkpt lat="10.77804615" lon="106.70089274"><ele>13.614</ele><time>2025-01-16T12:39:43Z</time><speed>2.060</speed><sat>25</sat></trkpt>
  <trkpt lat="10.77803933" lon="106.70090329"><ele>14.201</ele><time>2025-01-16T12:39:44Z</time><speed>0.870</speed><sat>26</sat></trkpt>
  <trkpt lat="10.77803597" lon="106.70090911"><ele>14.311</ele><time>2025-01-16T12:39:45Z</time><speed>0.720</speed><sat>26</sat></trkpt>
  <trkpt lat="10.77803498" lon="106.70091357"><ele>14.237</ele><time>2025-01-16T12:39:46Z</time><speed>0.190</speed><sat>26</sat></trkpt>
  <trkpt lat="10.77803856" lon="106.70091881"><ele>14.482</ele><time>2025-01-16T12:39:47Z</time><speed>0.000</speed><sat>26</sat></trkpt>
  <trkpt lat="10.77803977" lon="106.70092111"><ele>14.829</ele><time>2025-01-16T12:39:48Z</time><speed>0.000</speed><sat>17</sat></trkpt>
  <trkpt lat="10.77804036" lon="106.70092228"><ele>14.828</ele><time>2025-01-16T12:39:49Z</time><speed>0.000</speed><sat>16</sat></trkpt>
  <trkpt lat="10.77804004" lon="106.70092357"><ele>14.896</ele><time>2025-01-16T12:39:50Z</time><speed>0.000</speed><sat>15</sat></trkpt>
  <trkpt lat="10.77803987" lon="106.70092423"><ele>14.895</ele><time>2025-01-16T12:39:51Z</time><speed>0.000</speed><sat>15</sat></trkpt>
  <trkpt lat="10.77803973" lon="106.70092494"><ele>14.826</ele><time>2025-01-16T12:39:52Z</time><speed>0.000</speed><sat>11</sat></trkpt>
  <trkpt lat="10.77803982" lon="106.70092598"><ele>14.704</ele><time>2025-01-16T12:39:53Z</time><speed>0.000</speed><sat>19</sat></trkpt>
  <trkpt lat="10.77804018" lon="106.70092412"><ele>14.349</ele><time>2025-01-16T12:39:54Z</time><speed>0.000</speed><sat>22</sat></trkpt>
  <trkpt lat="10.77804217" lon="106.70092033"><ele>12.991</ele><time>2025-01-16T12:39:55Z</time><speed>0.000</speed><sat>21</sat></trkpt>
  <trkpt lat="10.77804274" lon="106.70091715"><ele>12.688</ele><time>2025-01-16T12:39:56Z</time><speed>0.000</speed><sat>21</sat></trkpt>
  <trkpt lat="10.77804260" lon="106.70091576"><ele>12.364</ele><time>2025-01-16T12:39:57Z</time><speed>0.000</speed><sat>22</sat></trkpt>
  <trkpt lat="10.77804262" lon="106.70091517"><ele>12.349</ele><time>2025-01-16T12:39:58Z</time><speed>0.000</speed><sat>23</sat></trkpt>
  <trkpt lat="10.77804325" lon="106.70091451"><ele>12.491</ele><time>2025-01-16T12:39:59Z</time><speed>0.000</speed><sat>23</sat></trkpt>
  <trkpt lat="10.77804393" lon="106.70091436"><ele>12.575</ele><time>2025-01-16T12:40:00Z</time><speed>0.000</speed><sat>23</sat></trkpt>
  <trkpt lat="10.77804435" lon="106.70091423"><ele>12.862</ele><time>2025-01-16T12:40:01Z</time><speed>0.000</speed><sat>23</sat></trkpt>
  <trkpt lat="10.77804491" lon="106.70091432"><ele>12.965</ele><time>2025-01-16T12:40:02Z</time><speed>0.000</speed><sat>23</sat></trkpt>
  <trkpt lat="10.77804519" lon="106.70091393"><ele>12.941</ele><time>2025-01-16T12:40:03Z</time><speed>0.000</speed><sat>23</sat></trkpt>
  <trkpt lat="10.77804544" lon="106.70091389"><ele>12.991</ele><time>2025-01-16T12:40:04Z</time><speed>0.000</speed><sat>23</sat></trkpt>
  <trkpt lat="10.77804560" lon="106.70091395"><ele>13.024</ele><time>2025-01-16T12:40:05Z</time><speed>0.000</speed><sat>22</sat></trkpt>
  <trkpt lat="10.77804490" lon="106.70091335"><ele>13.106</ele><time>2025-01-16T12:40:06Z</time><speed>0.000</speed><sat>22</sat></trkpt>
  <trkpt lat="10.77804442" lon="106.70091313"><ele>13.072</ele><time>2025-01-16T12:40:07Z</time><speed>0.000</speed><sat>22</sat></trkpt>
  <trkpt lat="10.77804418" lon="106.70091304"><ele>13.088</ele><time>2025-01-16T12:40:08Z</time><speed>0.000</speed><sat>23</sat></trkpt>
  <trkpt lat="10.77804403" lon="106.70091303"><ele>13.055</ele><time>2025-01-16T12:40:09Z</time><speed>0.000</speed><sat>22</sat></trkpt>
  <trkpt lat="10.77804396" lon="106.70091304"><ele>13.060</ele><time>2025-01-16T12:40:10Z</time><speed>0.000</speed><sat>23</sat></trkpt>
  <trkpt lat="10.77804392" lon="106.70091307"><ele>13.069</ele><time>2025-01-16T12:40:11Z</time><speed>0.000</speed><sat>23</sat></trkpt>
  <trkpt lat="10.77804397" lon="106.70091281"><ele>13.051</ele><time>2025-01-16T12:40:12Z</time><speed>0.000</speed><sat>23</sat></trkpt>
  <trkpt lat="10.77804401" lon="106.70091269"><ele>13.052</ele><time>2025-01-16T12:40:13Z</time><speed>0.000</speed><sat>22</sat></trkpt>
  <trkpt lat="10.77804376" lon="106.70091250"><ele>13.084</ele><time>2025-01-16T12:40:14Z</time><speed>0.000</speed><sat>22</sat></trkpt>
  <trkpt lat="10.77804368" lon="106.70091244"><ele>13.083</ele><time>2025-01-16T12:40:15Z</time><speed>0.000</speed><sat>24</sat></trkpt>
  <trkpt lat="10.77804363" lon="106.70091243"><ele>13.062</ele><time>2025-01-16T12:40:16Z</time><speed>0.000</speed><sat>24</sat></trkpt>
  <trkpt lat="10.77804373" lon="106.70091243"><ele>13.147</ele><time>2025-01-16T12:40:17Z</time><speed>0.000</speed><sat>24</sat></trkpt>
  <trkpt lat="10.77804082" lon="106.70091444"><ele>13.178</ele><time>2025-01-16T12:40:18Z</time><speed>0.640</speed><sat>24</sat></trkpt>
  <trkpt lat="10.77802900" lon="106.70092441"><ele>13.637</ele><time>2025-01-16T12:40:19Z</time><speed>2.190</speed><sat>25</sat></trkpt>
  <trkpt lat="10.77801250" lon="106.70094156"><ele>13.892</ele><time>2025-01-16T12:40:20Z</time><speed>2.610</speed><sat>25</sat></trkpt>
  <trkpt lat="10.77799321" lon="106.70096291"><ele>14.878</ele><time>2025-01-16T12:40:21Z</time><speed>3.380</speed><sat>25</sat></trkpt>
  <trkpt lat="10.77796901" lon="106.70098623"><ele>15.787</ele><time>2025-01-16T12:40:22Z</time><speed>3.770</speed><sat>26</sat></trkpt>
  <trkpt lat="10.77794240" lon="106.70101059"><ele>14.566</ele><time>2025-01-16T12:40:23Z</time><speed>3.960</speed><sat>28</sat></trkpt>
  <trkpt lat="10.77791395" lon="106.70103643"><ele>15.314</ele><time>2025-01-16T12:40:24Z</time><speed>4.480</speed><sat>30</sat></trkpt>
  <trkpt lat="10.77788481" lon="106.70106272"><ele>15.746</ele><time>2025-01-16T12:40:25Z</time><speed>4.250</speed><sat>29</sat></trkpt>
  <trkpt lat="10.77785750" lon="106.70108741"><ele>15.438</ele><time>2025-01-16T12:40:26Z</time><speed>4.150</speed><sat>29</sat></trkpt>
  <trkpt lat="10.77783081" lon="106.70111329"><ele>15.804</ele><time>2025-01-16T12:40:27Z</time><speed>4.340</speed><sat>30</sat></trkpt>
  <trkpt lat="10.77780443" lon="106.70114082"><ele>15.473</ele><time>2025-01-16T12:40:28Z</time><speed>4.410</speed><sat>30</sat></trkpt>
  <trkpt lat="10.77777883" lon="106.70116838"><ele>15.129</ele><time>2025-01-16T12:40:29Z</time><speed>4.230</speed><sat>29</sat></trkpt>
  <trkpt lat="10.77775423" lon="106.70119557"><ele>15.110</ele><time>2025-01-16T12:40:30Z</time><speed>4.240</speed><sat>29</sat></trkpt>
  <trkpt lat="10.77772867" lon="106.70122466"><ele>14.800</ele><time>2025-01-16T12:40:31Z</time><speed>4.500</speed><sat>28</sat></trkpt>
  <trkpt lat="10.77770198" lon="106.70125513"><ele>14.901</ele><time>2025-01-16T12:40:32Z</time><speed>4.620</speed><sat>28</sat></trkpt>
  <trkpt lat="10.77767364" lon="106.70128633"><ele>14.605</ele><time>2025-01-16T12:40:33Z</time><speed>4.850</speed><sat>26</sat></trkpt>
  <trkpt lat="10.77764413" lon="106.70131780"><ele>14.286</ele><time>2025-01-16T12:40:34Z</time><speed>4.820</speed><sat>25</sat></trkpt>
  <trkpt lat="10.77761497" lon="106.70134906"><ele>14.141</ele><time>2025-01-16T12:40:35Z</time><speed>4.840</speed><sat>26</sat></trkpt>
  <trkpt lat="10.77759103" lon="106.70138568"><ele>13.242</ele><time>2025-01-16T12:40:36Z</time><speed>5.090</speed><sat>25</sat></trkpt>
  <trkpt lat="10.77755963" lon="106.70141632"><ele>12.952</ele><time>2025-01-16T12:40:37Z</time><speed>5.290</speed><sat>26</sat></trkpt>
  <trkpt lat="10.77752972" lon="106.70145292"><ele>12.442</ele><time>2025-01-16T12:40:38Z</time><speed>5.300</speed><sat>16</sat></trkpt>
  <trkpt lat="10.77749774" lon="106.70148853"><ele>12.421</ele><time>2025-01-16T12:40:39Z</time><speed>5.300</speed><sat>16</sat></trkpt>
  <trkpt lat="10.77746567" lon="106.70152233"><ele>12.015</ele><time>2025-01-16T12:40:40Z</time><speed>5.070</speed><sat>15</sat></trkpt>
  <trkpt lat="10.77743457" lon="106.70156374"><ele>12.381</ele><time>2025-01-16T12:40:41Z</time><speed>5.110</speed><sat>13</sat></trkpt>
  <trkpt lat="10.77740160" lon="106.70159528"><ele>11.959</ele><time>2025-01-16T12:40:42Z</time><speed>5.170</speed><sat>12</sat></trkpt>
  <trkpt lat="10.77736981" lon="106.70162983"><ele>11.847</ele><time>2025-01-16T12:40:43Z</time><speed>5.160</speed><sat>12</sat></trkpt>
  <trkpt lat="10.77732724" lon="106.70165809"><ele>12.122</ele><time>2025-01-16T12:40:44Z</time><speed>5.300</speed><sat>12</sat></trkpt>
  <trkpt lat="10.77729826" lon="106.70167269"><ele>11.672</ele><time>2025-01-16T12:40:45Z</time><speed>5.170</speed><sat>11</sat></trkpt>
  <trkpt lat="10.77726028" lon="106.70171201"><ele>12.480</ele><time>2025-01-16T12:40:46Z</time><speed>5.670</speed><sat>21</sat></trkpt>
  <trkpt lat="10.77721916" lon="106.70174671"><ele>11.019</ele><time>2025-01-16T12:40:47Z</time><speed>5.740</speed><sat>23</sat></trkpt>
  <trkpt lat="10.77718390" lon="106.70178149"><ele>10.734</ele><time>2025-01-16T12:40:48Z</time><speed>5.870</speed><sat>23</sat></trkpt>
  <trkpt lat="10.77714594" lon="106.70182386"><ele>10.547</ele><time>2025-01-16T12:40:49Z</time><speed>5.770</speed><sat>22</sat></trkpt>
  <trkpt lat="10.77711060" lon="106.70186057"><ele>9.898</ele><time>2025-01-16T12:40:50Z</time><speed>5.730</speed><sat>24</sat></trkpt>
  <trkpt lat="10.77707642" lon="106.70189636"><ele>9.808</ele><time>2025-01-16T12:40:51Z</time><speed>5.500</speed><sat>24</sat></trkpt>
  <trkpt lat="10.77704560" lon="106.70193612"><ele>10.153</ele><time>2025-01-16T12:40:52Z</time><speed>5.260</speed><sat>24</sat></trkpt>
  <trkpt lat="10.77702371" lon="106.70197923"><ele>9.828</ele><time>2025-01-16T12:40:53Z</time><speed>5.080</speed><sat>23</sat></trkpt>
  <trkpt lat="10.77699874" lon="106.70201416"><ele>10.109</ele><time>2025-01-16T12:40:54Z</time><speed>4.720</speed><sat>23</sat></trkpt>
  <trkpt lat="10.77698345" lon="106.70206039"><ele>10.009</ele><time>2025-01-16T12:40:55Z</time><speed>5.100</speed><sat>21</sat></trkpt>
  <trkpt lat="10.77695324" lon="106.70208861"><ele>9.935</ele><time>2025-01-16T12:40:56Z</time><speed>5.120</speed><sat>22</sat></trkpt>
  <trkpt lat="10.77693353" lon="106.70214977"><ele>9.613</ele><time>2025-01-16T12:40:57Z</time><speed>5.780</speed><sat>20</sat></trkpt>
  <trkpt lat="10.77690952" lon="106.70220216"><ele>9.561</ele><time>2025-01-16T12:40:58Z</time><speed>5.560</speed><sat>21</sat></trkpt>
  <trkpt lat="10.77685264" lon="106.70220624"><ele>10.140</ele><time>2025-01-16T12:40:59Z</time><speed>4.750</speed><sat>21</sat></trkpt>
  <trkpt lat="10.77681208" lon="106.70222828"><ele>11.179</ele><time>2025-01-16T12:41:00Z</time><speed>4.630</speed><sat>23</sat></trkpt>
  <trkpt lat="10.77676411" lon="106.70224070"><ele>10.222</ele><time>2025-01-16T12:41:01Z</time><speed>4.380</speed><sat>23</sat></trkpt>
  <trkpt lat="10.77672243" lon="106.70227050"><ele>10.875</ele><time>2025-01-16T12:41:02Z</time><speed>4.260</speed><sat>22</sat></trkpt>
  <trkpt lat="10.77669466" lon="106.70229385"><ele>12.079</ele><time>2025-01-16T12:41:03Z</time><speed>3.900</speed><sat>22</sat></trkpt>
  <trkpt lat="10.77666673" lon="106.70231491"><ele>11.757</ele><time>2025-01-16T12:41:04Z</time><speed>3.690</speed><sat>23</sat></trkpt>
  <trkpt lat="10.77663789" lon="106.70233306"><ele>12.048</ele><time>2025-01-16T12:41:05Z</time><speed>3.390</speed><sat>23</sat></trkpt>
  <trkpt lat="10.77660858" lon="106.70235485"><ele>12.514</ele><time>2025-01-16T12:41:06Z</time><speed>3.440</speed><sat>22</sat></trkpt>
  <trkpt lat="10.77658545" lon="106.70237623"><ele>12.211</ele><time>2025-01-16T12:41:07Z</time><speed>3.540</speed><sat>24</sat></trkpt>
  <trkpt lat="10.77656348" lon="106.70240945"><ele>11.137</ele><time>2025-01-16T12:41:08Z</time><speed>3.500</speed><sat>23</sat></trkpt>
  <trkpt lat="10.77654260" lon="106.70243300"><ele>10.159</ele><time>2025-01-16T12:41:09Z</time><speed>3.200</speed><sat>23</sat></trkpt>
  <trkpt lat="10.77652376" lon="106.70245513"><ele>10.033</ele><time>2025-01-16T12:41:10Z</time><speed>3.190</speed><sat>23</sat></trkpt>
  <trkpt lat="10.77650772" lon="106.70247902"><ele>9.911</ele><time>2025-01-16T12:41:11Z</time><speed>3.210</speed><sat>23</sat></trkpt>
  <trkpt lat="10.77649418" lon="106.70250664"><ele>10.361</ele><time>2025-01-16T12:41:12Z</time><speed>3.080</speed><sat>22</sat></trkpt>
  <trkpt lat="10.77648346" lon="106.70253087"><ele>9.897</ele><time>2025-01-16T12:41:13Z</time><speed>2.560</speed><sat>23</sat></trkpt>
  <trkpt lat="10.77647299" lon="106.70255116"><ele>9.731</ele><time>2025-01-16T12:41:14Z</time><speed>2.480</speed><sat>22</sat></trkpt>
  <trkpt lat="10.77646137" lon="106.70256157"><ele>9.625</ele><time>2025-01-16T12:41:15Z</time><speed>1.640</speed><sat>22</sat></trkpt>
  <trkpt lat="10.77644933" lon="106.70256740"><ele>9.349</ele><time>2025-01-16T12:41:16Z</time><speed>1.710</speed><sat>21</sat></trkpt>
  <trkpt lat="10.77643905" lon="106.70257168"><ele>9.152</ele><time>2025-01-16T12:41:17Z</time><speed>1.120</speed><sat>21</sat></trkpt>
  <trkpt lat="10.77643123" lon="106.70257482"><ele>9.353</ele><time>2025-01-16T12:41:18Z</time><speed>1.060</speed><sat>21</sat></trkpt>
  <trkpt lat="10.77642494" lon="106.70257927"><ele>9.815</ele><time>2025-01-16T12:41:19Z</time><speed>0.990</speed><sat>19</sat></trkpt>
  <trkpt lat="10.77642081" lon="106.70258416"><ele>10.758</ele><time>2025-01-16T12:41:20Z</time><speed>0.900</speed><sat>19</sat></trkpt>
  <trkpt lat="10.77641946" lon="106.70258769"><ele>10.735</ele><time>2025-01-16T12:41:21Z</time><speed>0.540</speed><sat>21</sat></trkpt>
  <trkpt lat="10.77641990" lon="106.70259162"><ele>10.772</ele><time>2025-01-16T12:41:22Z</time><speed>0.560</speed><sat>22</sat></trkpt>
  <trkpt lat="10.77642005" lon="106.70259550"><ele>10.570</ele><time>2025-01-16T12:41:23Z</time><speed>0.620</speed><sat>21</sat></trkpt>
  <trkpt lat="10.77642049" lon="106.70260016"><ele>11.104</ele><time>2025-01-16T12:41:24Z</time><speed>0.600</speed><sat>22</sat></trkpt>
  <trkpt lat="10.77641991" lon="106.70260512"><ele>11.498</ele><time>2025-01-16T12:41:25Z</time><speed>0.700</speed><sat>22</sat></trkpt>
  <trkpt lat="10.77641734" lon="106.70260940"><ele>11.682</ele><time>2025-01-16T12:41:26Z</time><speed>0.660</speed><sat>22</sat></trkpt>
  <trkpt lat="10.77641503" lon="106.70261277"><ele>11.757</ele><time>2025-01-16T12:41:27Z</time><speed>0.570</speed><sat>22</sat></trkpt>
  <trkpt lat="10.77641100" lon="106.70261612"><ele>11.968</ele><time>2025-01-16T12:41:28Z</time><speed>0.690</speed><sat>22</sat></trkpt>
  <trkpt lat="10.77640582" lon="106.70262142"><ele>12.395</ele><time>2025-01-16T12:41:29Z</time><speed>0.890</speed><sat>23</sat></trkpt>
  <trkpt lat="10.77640200" lon="106.70262802"><ele>12.437</ele><time>2025-01-16T12:41:30Z</time><speed>0.650</speed><sat>23</sat></trkpt>
  <trkpt lat="10.77639988" lon="106.70263415"><ele>12.069</ele><time>2025-01-16T12:41:31Z</time><speed>0.560</speed><sat>23</sat></trkpt>
  <trkpt lat="10.77639926" lon="106.70263907"><ele>12.218</ele><time>2025-01-16T12:41:32Z</time><speed>0.340</speed><sat>23</sat></trkpt>
  <trkpt lat="10.77639997" lon="106.70264287"><ele>12.587</ele><time>2025-01-16T12:41:33Z</time><speed>0.200</speed><sat>23</sat></trkpt>
  <trkpt lat="10.77640488" lon="106.70264555"><ele>12.683</ele><time>2025-01-16T12:41:34Z</time><speed>0.000</speed><sat>23</sat></trkpt>
  <trkpt lat="10.77640542" lon="106.70264366"><ele>11.675</ele><time>2025-01-16T12:41:35Z</time><speed>0.000</speed><sat>23</sat></trkpt>
  <trkpt lat="10.77640457" lon="106.70264206"><ele>11.323</ele><time>2025-01-16T12:41:36Z</time><speed>0.000</speed><sat>23</sat></trkpt>
  <trkpt lat="10.77640477" lon="106.70264105"><ele>11.366</ele><time>2025-01-16T12:41:37Z</time><speed>0.000</speed><sat>23</sat></trkpt>
  <trkpt lat="10.77640615" lon="106.70264084"><ele>11.480</ele><time>2025-01-16T12:41:38Z</time><speed>0.190</speed><sat>23</sat></trkpt>
  <trkpt lat="10.77640847" lon="106.70264161"><ele>11.785</ele><time>2025-01-16T12:41:39Z</time><speed>0.150</speed><sat>23</sat></trkpt>
  <trkpt lat="10.77641176" lon="106.70264133"><ele>11.500</ele><time>2025-01-16T12:41:40Z</time><speed>0.220</speed><sat>23</sat></trkpt>
  <trkpt lat="10.77641459" lon="106.70264022"><ele>11.483</ele><time>2025-01-16T12:41:41Z</time><speed>0.240</speed><sat>23</sat></trkpt>
  <trkpt lat="10.77641797" lon="106.70263944"><ele>11.330</ele><time>2025-01-16T12:41:42Z</time><speed>0.310</speed><sat>22</sat></trkpt>
  <trkpt lat="10.77642137" lon="106.70263847"><ele>11.683</ele><time>2025-01-16T12:41:43Z</time><speed>0.360</speed><sat>22</sat></trkpt>
  <trkpt lat="10.77642431" lon="106.70263741"><ele>11.563</ele><time>2025-01-16T12:41:44Z</time><speed>0.280</speed><sat>22</sat></trkpt>
  <trkpt lat="10.77642647" lon="106.70263653"><ele>11.219</ele><time>2025-01-16T12:41:45Z</time><speed>0.270</speed><sat>21</sat></trkpt>
  <trkpt lat="10.77642852" lon="106.70263589"><ele>11.587</ele><time>2025-01-16T12:41:46Z</time><speed>0.260</speed><sat>22</sat></trkpt>
  <trkpt lat="10.77643059" lon="106.70263531"><ele>11.675</ele><time>2025-01-16T12:41:47Z</time><speed>0.240</speed><sat>21</sat></trkpt>
  <trkpt lat="10.77643144" lon="106.70263816"><ele>11.040</ele><time>2025-01-16T12:41:48Z</time><speed>0.000</speed><sat>23</sat></trkpt>
  <trkpt lat="10.77643063" lon="106.70264034"><ele>10.608</ele><time>2025-01-16T12:41:49Z</time><speed>0.000</speed><sat>23</sat></trkpt>
  <trkpt lat="10.77643073" lon="106.70264224"><ele>10.609</ele><time>2025-01-16T12:41:50Z</time><speed>0.000</speed><sat>24</sat></trkpt>
  <trkpt lat="10.77643035" lon="106.70264429"><ele>10.297</ele><time>2025-01-16T12:41:51Z</time><speed>0.000</speed><sat>23</sat></trkpt>
  <trkpt lat="10.77642989" lon="106.70264608"><ele>10.371</ele><time>2025-01-16T12:41:52Z</time><speed>0.000</speed><sat>23</sat></trkpt>
  <trkpt lat="10.77642917" lon="106.70264780"><ele>10.681</ele><time>2025-01-16T12:41:53Z</time><speed>0.000</speed><sat>23</sat></trkpt>
  <trkpt lat="10.77642760" lon="106.70264856"><ele>10.629</ele><time>2025-01-16T12:41:54Z</time><speed>0.000</speed><sat>19</sat></trkpt>
  <trkpt lat="10.77642632" lon="106.70264968"><ele>10.714</ele><time>2025-01-16T12:41:55Z</time><speed>0.000</speed><sat>20</sat></trkpt>
  <trkpt lat="10.77642503" lon="106.70264973"><ele>10.754</ele><time>2025-01-16T12:41:56Z</time><speed>0.000</speed><sat>20</sat></trkpt>
  <trkpt lat="10.77642407" lon="106.70264984"><ele>10.902</ele><time>2025-01-16T12:41:57Z</time><speed>0.000</speed><sat>20</sat></trkpt>
  <trkpt lat="10.77642347" lon="106.70264938"><ele>10.934</ele><time>2025-01-16T12:41:58Z</time><speed>0.000</speed><sat>19</sat></trkpt>
  <trkpt lat="10.77642309" lon="106.70264886"><ele>10.964</ele><time>2025-01-16T12:41:59Z</time><speed>0.000</speed><sat>19</sat></trkpt>
  <trkpt lat="10.77642293" lon="106.70264638"><ele>11.145</ele><time>2025-01-16T12:42:00Z</time><speed>0.000</speed><sat>20</sat></trkpt>
  <trkpt lat="10.77642154" lon="106.70264173"><ele>11.088</ele><time>2025-01-16T12:42:01Z</time><speed>0.000</speed><sat>18</sat></trkpt>
  <trkpt lat="10.77641996" lon="106.70263938"><ele>10.992</ele><time>2025-01-16T12:42:02Z</time><speed>0.000</speed><sat>19</sat></trkpt>
  <trkpt lat="10.77641836" lon="106.70263815"><ele>11.050</ele><time>2025-01-16T12:42:03Z</time><speed>0.000</speed><sat>20</sat></trkpt>
  <trkpt lat="10.77641669" lon="106.70263807"><ele>11.450</ele><time>2025-01-16T12:42:04Z</time><speed>0.000</speed><sat>22</sat></trkpt>
  <trkpt lat="10.77641443" lon="106.70263788"><ele>11.396</ele><time>2025-01-16T12:42:05Z</time><speed>0.000</speed><sat>22</sat></trkpt>
  <trkpt lat="10.77641262" lon="106.70263677"><ele>11.698</ele><time>2025-01-16T12:42:06Z</time><speed>0.000</speed><sat>23</sat></trkpt>
  <trkpt lat="10.77641201" lon="106.70263735"><ele>11.698</ele><time>2025-01-16T12:42:07Z</time><speed>0.000</speed><sat>23</sat></trkpt>
  <trkpt lat="10.77641077" lon="106.70263682"><ele>11.812</ele><time>2025-01-16T12:42:08Z</time><speed>0.000</speed><sat>23</sat></trkpt>
  <trkpt lat="10.77641012" lon="106.70263629"><ele>12.071</ele><time>2025-01-16T12:42:09Z</time><speed>0.000</speed><sat>24</sat></trkpt>
  <trkpt lat="10.77640933" lon="106.70263537"><ele>12.118</ele><time>2025-01-16T12:42:10Z</time><speed>0.000</speed><sat>16</sat></trkpt>
  <trkpt lat="10.77640895" lon="106.70263495"><ele>12.121</ele><time>2025-01-16T12:42:11Z</time><speed>0.000</speed><sat>15</sat></trkpt>
  <trkpt lat="10.77640889" lon="106.70263343"><ele>12.024</ele><time>2025-01-16T12:42:12Z</time><speed>0.000</speed><sat>14</sat></trkpt>
  <trkpt lat="10.77640888" lon="106.70263272"><ele>12.029</ele><time>2025-01-16T12:42:13Z</time><speed>0.000</speed><sat>10</sat></trkpt>
  <trkpt lat="10.77640887" lon="106.70263236"><ele>12.029</ele><time>2025-01-16T12:42:14Z</time><speed>0.000</speed><sat>10</sat></trkpt>
  <trkpt lat="10.77640833" lon="106.70263154"><ele>11.709</ele><time>2025-01-16T12:42:15Z</time><speed>0.000</speed><sat>21</sat></trkpt>
  <trkpt lat="10.77640789" lon="106.70263087"><ele>11.810</ele><time>2025-01-16T12:42:16Z</time><speed>0.000</speed><sat>21</sat></trkpt>
  <trkpt lat="10.77640748" lon="106.70263070"><ele>11.842</ele><time>2025-01-16T12:42:17Z</time><speed>0.000</speed><sat>23</sat></trkpt>
  <trkpt lat="10.77640854" lon="106.70262776"><ele>11.989</ele><time>2025-01-16T12:42:18Z</time><speed>0.300</speed><sat>24</sat></trkpt>
  <trkpt lat="10.77640820" lon="106.70262354"><ele>11.778</ele><time>2025-01-16T12:42:19Z</time><speed>0.000</speed><sat>24</sat></trkpt>
  <trkpt lat="10.77640894" lon="106.70262167"><ele>11.672</ele><time>2025-01-16T12:42:20Z</time><speed>0.000</speed><sat>25</sat></trkpt>
  <trkpt lat="10.77641034" lon="106.70261736"><ele>11.826</ele><time>2025-01-16T12:42:21Z</time><speed>0.350</speed><sat>17</sat></trkpt>
  <trkpt lat="10.77641129" lon="106.70261279"><ele>11.857</ele><time>2025-01-16T12:42:22Z</time><speed>0.350</speed><sat>17</sat></trkpt>
  <trkpt lat="10.77641545" lon="106.70261254"><ele>11.904</ele><time>2025-01-16T12:42:23Z</time><speed>0.000</speed><sat>17</sat></trkpt>
  <trkpt lat="10.77641820" lon="106.70261554"><ele>11.619</ele><time>2025-01-16T12:42:24Z</time><speed>0.000</speed><sat>16</sat></trkpt>
  <trkpt lat="10.77641791" lon="106.70261617"><ele>11.251</ele><time>2025-01-16T12:42:25Z</time><speed>0.000</speed><sat>16</sat></trkpt>
  <trkpt lat="10.77641776" lon="106.70261649"><ele>11.251</ele><time>2025-01-16T12:42:26Z</time><speed>0.000</speed><sat>16</sat></trkpt>
  <trkpt lat="10.77641645" lon="106.70261556"><ele>11.341</ele><time>2025-01-16T12:42:27Z</time><speed>0.000</speed><sat>14</sat></trkpt>
  <trkpt lat="10.77641587" lon="106.70261597"><ele>11.011</ele><time>2025-01-16T12:42:28Z</time><speed>0.000</speed><sat>11</sat></trkpt>
  <trkpt lat="10.77641379" lon="106.70261518"><ele>10.085</ele><time>2025-01-16T12:42:29Z</time><speed>0.000</speed><sat>15</sat></trkpt>
  <trkpt lat="10.77641461" lon="106.70261298"><ele>9.135</ele><time>2025-01-16T12:42:30Z</time><speed>0.000</speed><sat>24</sat></trkpt>
  <trkpt lat="10.77641496" lon="106.70261147"><ele>9.069</ele><time>2025-01-16T12:42:31Z</time><speed>0.000</speed><sat>25</sat></trkpt>
  <trkpt lat="10.77641477" lon="106.70260850"><ele>9.566</ele><time>2025-01-16T12:42:32Z</time><speed>0.000</speed><sat>25</sat></trkpt>
  <trkpt lat="10.77641464" lon="106.70260559"><ele>9.432</ele><time>2025-01-16T12:42:33Z</time><speed>0.000</speed><sat>27</sat></trkpt>
  <trkpt lat="10.77641376" lon="106.70260287"><ele>9.611</ele><time>2025-01-16T12:42:34Z</time><speed>0.000</speed><sat>27</sat></trkpt>
  <trkpt lat="10.77641304" lon="106.70260065"><ele>9.667</ele><time>2025-01-16T12:42:35Z</time><speed>0.000</speed><sat>27</sat></trkpt>
  <trkpt lat="10.77641253" lon="106.70259984"><ele>9.705</ele><time>2025-01-16T12:42:36Z</time><speed>0.000</speed><sat>27</sat></trkpt>
  <trkpt lat="10.77641251" lon="106.70260019"><ele>9.978</ele><time>2025-01-16T12:42:37Z</time><speed>0.000</speed><sat>27</sat></trkpt>
  <trkpt lat="10.77641208" lon="106.70260005"><ele>10.158</ele><time>2025-01-16T12:42:38Z</time><speed>0.000</speed><sat>26</sat></trkpt>
  <trkpt lat="10.77641196" lon="106.70260009"><ele>9.986</ele><time>2025-01-16T12:42:39Z</time><speed>0.000</speed><sat>25</sat></trkpt>
  <trkpt lat="10.77641194" lon="106.70260014"><ele>9.992</ele><time>2025-01-16T12:42:40Z</time><speed>0.000</speed><sat>25</sat></trkpt>
  <trkpt lat="10.77641190" lon="106.70260041"><ele>10.022</ele><time>2025-01-16T12:42:41Z</time><speed>0.000</speed><sat>25</sat></trkpt>
  <trkpt lat="10.77641186" lon="106.70260059"><ele>10.005</ele><time>2025-01-16T12:42:42Z</time><speed>0.000</speed><sat>25</sat></trkpt>
  <trkpt lat="10.77641187" lon="106.70260063"><ele>10.006</ele><time>2025-01-16T12:42:43Z</time><speed>0.000</speed><sat>25</sat></trkpt>
  <trkpt lat="10.77641192" lon="106.70260100"><ele>10.085</ele><time>2025-01-16T12:42:44Z</time><speed>0.000</speed><sat>25</sat></trkpt>
  <trkpt lat="10.77641315" lon="106.70260119"><ele>10.691</ele><time>2025-01-16T12:42:45Z</time><speed>0.000</speed><sat>29</sat></trkpt>
  <trkpt lat="10.77641388" lon="106.70259851"><ele>10.645</ele><time>2025-01-16T12:42:46Z</time><speed>0.650</speed><sat>29</sat></trkpt>
  <trkpt lat="10.77641421" lon="106.70259753"><ele>10.669</ele><time>2025-01-16T12:42:47Z</time><speed>0.000</speed><sat>19</sat></trkpt>
  <trkpt lat="10.77641416" lon="106.70259853"><ele>10.669</ele><time>2025-01-16T12:42:48Z</time><speed>0.000</speed><sat>19</sat></trkpt>
  <trkpt lat="10.77641397" lon="106.70259964"><ele>10.883</ele><time>2025-01-16T12:42:49Z</time><speed>0.000</speed><sat>18</sat></trkpt>
  <trkpt lat="10.77641444" lon="106.70260135"><ele>10.835</ele><time>2025-01-16T12:42:50Z</time><speed>0.000</speed><sat>17</sat></trkpt>
  <trkpt lat="10.77641490" lon="106.70260301"><ele>10.970</ele><time>2025-01-16T12:42:51Z</time><speed>0.000</speed><sat>14</sat></trkpt>
  <trkpt lat="10.77641513" lon="106.70260384"><ele>10.970</ele><time>2025-01-16T12:42:52Z</time><speed>0.000</speed><sat>14</sat></trkpt>
  <trkpt lat="10.77641572" lon="106.70260379"><ele>10.780</ele><time>2025-01-16T12:42:53Z</time><speed>0.000</speed><sat>15</sat></trkpt>
  <trkpt lat="10.77641671" lon="106.70260340"><ele>10.855</ele><time>2025-01-16T12:42:54Z</time><speed>0.000</speed><sat>15</sat></trkpt>
  <trkpt lat="10.77641765" lon="106.70260214"><ele>10.936</ele><time>2025-01-16T12:42:55Z</time><speed>0.000</speed><sat>13</sat></trkpt>
  <trkpt lat="10.77641888" lon="106.70260131"><ele>10.667</ele><time>2025-01-16T12:42:56Z</time><speed>0.000</speed><sat>21</sat></trkpt>
  <trkpt lat="10.77642068" lon="106.70259965"><ele>10.320</ele><time>2025-01-16T12:42:57Z</time><speed>0.000</speed><sat>24</sat></trkpt>
  <trkpt lat="10.77642199" lon="106.70259922"><ele>10.403</ele><time>2025-01-16T12:42:58Z</time><speed>0.000</speed><sat>24</sat></trkpt>
  <trkpt lat="10.77642300" lon="106.70259827"><ele>10.527</ele><time>2025-01-16T12:42:59Z</time><speed>0.000</speed><sat>24</sat></trkpt>
  <trkpt lat="10.77642383" lon="106.70259816"><ele>11.167</ele><time>2025-01-16T12:43:00Z</time><speed>0.000</speed><sat>24</sat></trkpt>
  <trkpt lat="10.77642438" lon="106.70259830"><ele>10.837</ele><time>2025-01-16T12:43:01Z</time><speed>0.000</speed><sat>24</sat></trkpt>
  <trkpt lat="10.77642464" lon="106.70259831"><ele>10.821</ele><time>2025-01-16T12:43:02Z</time><speed>0.000</speed><sat>16</sat></trkpt>
  <trkpt lat="10.77642477" lon="106.70259831"><ele>10.821</ele><time>2025-01-16T12:43:03Z</time><speed>0.000</speed><sat>17</sat></trkpt>
  <trkpt lat="10.77642483" lon="106.70259830"><ele>10.821</ele><time>2025-01-16T12:43:04Z</time><speed>0.000</speed><sat>16</sat></trkpt>
  <trkpt lat="10.77642485" lon="106.70259830"><ele>10.821</ele><time>2025-01-16T12:43:05Z</time><speed>0.000</speed><sat>13</sat></trkpt>
  <trkpt lat="10.77642486" lon="106.70259830"><ele>10.821</ele><time>2025-01-16T12:43:06Z</time><speed>0.000</speed><sat>13</sat></trkpt>
  <trkpt lat="10.77642487" lon="106.70259830"><ele>10.823</ele><time>2025-01-16T12:43:07Z</time><speed>0.000</speed><sat>15</sat></trkpt>
  <trkpt lat="10.77642478" lon="106.70259889"><ele>11.126</ele><time>2025-01-16T12:43:08Z</time><speed>0.000</speed><sat>16</sat></trkpt>
  <trkpt lat="10.77642702" lon="106.70259651"><ele>11.414</ele><time>2025-01-16T12:43:09Z</time><speed>0.220</speed><sat>24</sat></trkpt>
  <trkpt lat="10.77642848" lon="106.70259139"><ele>11.712</ele><time>2025-01-16T12:43:10Z</time><speed>0.370</speed><sat>27</sat></trkpt>
  <trkpt lat="10.77642890" lon="106.70258555"><ele>12.031</ele><time>2025-01-16T12:43:11Z</time><speed>0.470</speed><sat>27</sat></trkpt>
  <trkpt lat="10.77642824" lon="106.70257635"><ele>11.269</ele><time>2025-01-16T12:43:12Z</time><speed>0.000</speed><sat>28</sat></trkpt>
  <trkpt lat="10.77642811" lon="106.70257394"><ele>10.543</ele><time>2025-01-16T12:43:13Z</time><speed>0.000</speed><sat>29</sat></trkpt>
  <trkpt lat="10.77642815" lon="106.70257438"><ele>10.996</ele><time>2025-01-16T12:43:14Z</time><speed>0.000</speed><sat>29</sat></trkpt>
  <trkpt lat="10.77642734" lon="106.70257597"><ele>10.368</ele><time>2025-01-16T12:43:15Z</time><speed>0.000</speed><sat>29</sat></trkpt>
  <trkpt lat="10.77642780" lon="106.70257829"><ele>10.172</ele><time>2025-01-16T12:43:16Z</time><speed>0.000</speed><sat>29</sat></trkpt>
  <trkpt lat="10.77642830" lon="106.70257934"><ele>9.951</ele><time>2025-01-16T12:43:17Z</time><speed>0.000</speed><sat>28</sat></trkpt>
  <trkpt lat="10.77642938" lon="106.70258029"><ele>10.235</ele><time>2025-01-16T12:43:18Z</time><speed>0.000</speed><sat>18</sat></trkpt>
  <trkpt lat="10.77642993" lon="106.70258076"><ele>10.235</ele><time>2025-01-16T12:43:19Z</time><speed>0.000</speed><sat>18</sat></trkpt>
  <trkpt lat="10.77643074" lon="106.70257762"><ele>9.999</ele><time>2025-01-16T12:43:20Z</time><speed>0.000</speed><sat>18</sat></trkpt>
  <trkpt lat="10.77643080" lon="106.70257648"><ele>10.177</ele><time>2025-01-16T12:43:21Z</time><speed>0.000</speed><sat>15</sat></trkpt>
  <trkpt lat="10.77643084" lon="106.70257591"><ele>10.177</ele><time>2025-01-16T12:43:22Z</time><speed>0.000</speed><sat>15</sat></trkpt>
  <trkpt lat="10.77643087" lon="106.70257662"><ele>10.289</ele><time>2025-01-16T12:43:23Z</time><speed>0.000</speed><sat>14</sat></trkpt>
  <trkpt lat="10.77643119" lon="106.70257533"><ele>9.669</ele><time>2025-01-16T12:43:24Z</time><speed>0.000</speed><sat>13</sat></trkpt>
  <trkpt lat="10.77643180" lon="106.70257458"><ele>9.914</ele><time>2025-01-16T12:43:25Z</time><speed>0.000</speed><sat>14</sat></trkpt>
  <trkpt lat="10.77643208" lon="106.70257408"><ele>9.942</ele><time>2025-01-16T12:43:26Z</time><speed>0.000</speed><sat>23</sat></trkpt>
  <trkpt lat="10.77643257" lon="106.70257463"><ele>10.332</ele><time>2025-01-16T12:43:27Z</time><speed>0.000</speed><sat>23</sat></trkpt>
  <trkpt lat="10.77643621" lon="106.70257237"><ele>10.364</ele><time>2025-01-16T12:43:28Z</time><speed>0.310</speed><sat>23</sat></trkpt>
  <trkpt lat="10.77644072" lon="106.70256824"><ele>9.752</ele><time>2025-01-16T12:43:29Z</time><speed>0.000</speed><sat>24</sat></trkpt>
  <trkpt lat="10.77644374" lon="106.70256902"><ele>9.984</ele><time>2025-01-16T12:43:30Z</time><speed>0.000</speed><sat>24</sat></trkpt>
  <trkpt lat="10.77644667" lon="106.70257239"><ele>10.963</ele><time>2025-01-16T12:43:31Z</time><speed>0.000</speed><sat>25</sat></trkpt>
  <trkpt lat="10.77644991" lon="106.70257491"><ele>11.424</ele><time>2025-01-16T12:43:32Z</time><speed>0.000</speed><sat>25</sat></trkpt>
  <trkpt lat="10.77645207" lon="106.70257675"><ele>11.443</ele><time>2025-01-16T12:43:33Z</time><speed>0.000</speed><sat>25</sat></trkpt>
  <trkpt lat="10.77645328" lon="106.70257812"><ele>11.495</ele><time>2025-01-16T12:43:34Z</time><speed>0.000</speed><sat>25</sat></trkpt>
  <trkpt lat="10.77645348" lon="106.70257874"><ele>11.942</ele><time>2025-01-16T12:43:35Z</time><speed>0.000</speed><sat>26</sat></trkpt>
  <trkpt lat="10.77645405" lon="106.70257600"><ele>11.606</ele><time>2025-01-16T12:43:36Z</time><speed>0.000</speed><sat>19</sat></trkpt>
  <trkpt lat="10.77645434" lon="106.70257463"><ele>11.606</ele><time>2025-01-16T12:43:37Z</time><speed>0.000</speed><sat>19</sat></trkpt>
  <trkpt lat="10.77645453" lon="106.70257472"><ele>11.669</ele><time>2025-01-16T12:43:38Z</time><speed>0.000</speed><sat>17</sat></trkpt>
  <trkpt lat="10.77645463" lon="106.70257476"><ele>11.669</ele><time>2025-01-16T12:43:39Z</time><speed>0.000</speed><sat>17</sat></trkpt>
  <trkpt lat="10.77645464" lon="106.70257631"><ele>11.420</ele><time>2025-01-16T12:43:40Z</time><speed>0.000</speed><sat>15</sat></trkpt>
  <trkpt lat="10.77645400" lon="106.70257784"><ele>11.702</ele><time>2025-01-16T12:43:41Z</time><speed>0.000</speed><sat>26</sat></trkpt>
  <trkpt lat="10.77645234" lon="106.70257703"><ele>11.511</ele><time>2025-01-16T12:43:42Z</time><speed>0.000</speed><sat>26</sat></trkpt>
  <trkpt lat="10.77645052" lon="106.70257672"><ele>11.781</ele><time>2025-01-16T12:43:43Z</time><speed>0.000</speed><sat>26</sat></trkpt>
  <trkpt lat="10.77644930" lon="106.70257637"><ele>11.942</ele><time>2025-01-16T12:43:44Z</time><speed>0.000</speed><sat>26</sat></trkpt>
  <trkpt lat="10.77644918" lon="106.70257635"><ele>12.662</ele><time>2025-01-16T12:43:45Z</time><speed>0.000</speed><sat>27</sat></trkpt>
  <trkpt lat="10.77644800" lon="106.70257403"><ele>12.423</ele><time>2025-01-16T12:43:46Z</time><speed>0.300</speed><sat>27</sat></trkpt>
  <trkpt lat="10.77644838" lon="106.70257027"><ele>12.402</ele><time>2025-01-16T12:43:47Z</time><speed>0.350</speed><sat>17</sat></trkpt>
  <trkpt lat="10.77644933" lon="106.70256650"><ele>12.425</ele><time>2025-01-16T12:43:48Z</time><speed>0.350</speed><sat>17</sat></trkpt>
  <trkpt lat="10.77645193" lon="106.70256425"><ele>12.687</ele><time>2025-01-16T12:43:49Z</time><speed>0.000</speed><sat>17</sat></trkpt>
  <trkpt lat="10.77645090" lon="106.70256498"><ele>11.967</ele><time>2025-01-16T12:43:50Z</time><speed>0.000</speed><sat>16</sat></trkpt>
  <trkpt lat="10.77645049" lon="106.70256409"><ele>11.883</ele><time>2025-01-16T12:43:51Z</time><speed>0.000</speed><sat>13</sat></trkpt>
  <trkpt lat="10.77645043" lon="106.70256327"><ele>11.972</ele><time>2025-01-16T12:43:52Z</time><speed>0.000</speed><sat>14</sat></trkpt>
  <trkpt lat="10.77645039" lon="106.70256357"><ele>12.111</ele><time>2025-01-16T12:43:53Z</time><speed>0.000</speed><sat>15</sat></trkpt>
  <trkpt lat="10.77645077" lon="106.70256141"><ele>11.744</ele><time>2025-01-16T12:43:54Z</time><speed>0.000</speed><sat>13</sat></trkpt>
  <trkpt lat="10.77645020" lon="106.70256012"><ele>11.552</ele><time>2025-01-16T12:43:55Z</time><speed>0.000</speed><sat>14</sat></trkpt>
  <trkpt lat="10.77645114" lon="106.70255842"><ele>11.021</ele><time>2025-01-16T12:43:56Z</time><speed>0.000</speed><sat>14</sat></trkpt>
  <trkpt lat="10.77645205" lon="106.70255767"><ele>11.088</ele><time>2025-01-16T12:43:57Z</time><speed>0.000</speed><sat>13</sat></trkpt>
  <trkpt lat="10.77645221" lon="106.70255672"><ele>11.441</ele><time>2025-01-16T12:43:58Z</time><speed>0.000</speed><sat>11</sat></trkpt>
  <trkpt lat="10.77645230" lon="106.70255624"><ele>11.440</ele><time>2025-01-16T12:43:59Z</time><speed>0.000</speed><sat>11</sat></trkpt>
  <trkpt lat="10.77645273" lon="106.70255527"><ele>11.139</ele><time>2025-01-16T12:44:00Z</time><speed>0.000</speed><sat>13</sat></trkpt>
  <trkpt lat="10.77645262" lon="106.70255361"><ele>11.114</ele><time>2025-01-16T12:44:01Z</time><speed>0.000</speed><sat>21</sat></trkpt>
  <trkpt lat="10.77645174" lon="106.70255270"><ele>10.943</ele><time>2025-01-16T12:44:02Z</time><speed>0.000</speed><sat>22</sat></trkpt>
  <trkpt lat="10.77645066" lon="106.70255186"><ele>10.762</ele><time>2025-01-16T12:44:03Z</time><speed>0.000</speed><sat>24</sat></trkpt>
  <trkpt lat="10.77644948" lon="106.70255138"><ele>11.312</ele><time>2025-01-16T12:44:04Z</time><speed>0.000</speed><sat>24</sat></trkpt>
  <trkpt lat="10.77644811" lon="106.70255160"><ele>11.801</ele><time>2025-01-16T12:44:05Z</time><speed>0.000</speed><sat>25</sat></trkpt>
  <trkpt lat="10.77644699" lon="106.70255119"><ele>11.596</ele><time>2025-01-16T12:44:06Z</time><speed>0.000</speed><sat>26</sat></trkpt>
  <trkpt lat="10.77644631" lon="106.70255104"><ele>11.596</ele><time>2025-01-16T12:44:07Z</time><speed>0.000</speed><sat>26</sat></trkpt>
  <trkpt lat="10.77644537" lon="106.70255087"><ele>11.841</ele><time>2025-01-16T12:44:08Z</time><speed>0.000</speed><sat>25</sat></trkpt>
  <trkpt lat="10.77644444" lon="106.70255113"><ele>11.941</ele><time>2025-01-16T12:44:09Z</time><speed>0.000</speed><sat>26</sat></trkpt>
  <trkpt lat="10.77644363" lon="106.70255141"><ele>12.194</ele><time>2025-01-16T12:44:10Z</time><speed>0.000</speed><sat>27</sat></trkpt>
  <trkpt lat="10.77644320" lon="106.70255194"><ele>12.154</ele><time>2025-01-16T12:44:11Z</time><speed>0.000</speed><sat>27</sat></trkpt>
  <trkpt lat="10.77644287" lon="106.70255234"><ele>12.275</ele><time>2025-01-16T12:44:12Z</time><speed>0.000</speed><sat>27</sat></trkpt>
  <trkpt lat="10.77644287" lon="106.70255289"><ele>12.407</ele><time>2025-01-16T12:44:13Z</time><speed>0.000</speed><sat>27</sat></trkpt>
  <trkpt lat="10.77644263" lon="106.70255303"><ele>12.277</ele><time>2025-01-16T12:44:14Z</time><speed>0.000</speed><sat>27</sat></trkpt>
  <trkpt lat="10.77644248" lon="106.70255351"><ele>12.303</ele><time>2025-01-16T12:44:15Z</time><speed>0.000</speed><sat>26</sat></trkpt>
  <trkpt lat="10.77644251" lon="106.70255414"><ele>12.525</ele><time>2025-01-16T12:44:16Z</time><speed>0.000</speed><sat>26</sat></trkpt>
  <trkpt lat="10.77644249" lon="106.70255446"><ele>12.521</ele><time>2025-01-16T12:44:17Z</time><speed>0.000</speed><sat>26</sat></trkpt>
  <trkpt lat="10.77644221" lon="106.70255439"><ele>12.413</ele><time>2025-01-16T12:44:18Z</time><speed>0.000</speed><sat>26</sat></trkpt>
  <trkpt lat="10.77644216" lon="106.70255483"><ele>12.541</ele><time>2025-01-16T12:44:19Z</time><speed>0.000</speed><sat>25</sat></trkpt>
  <trkpt lat="10.77644213" lon="106.70255555"><ele>12.535</ele><time>2025-01-16T12:44:20Z</time><speed>0.000</speed><sat>26</sat></trkpt>
  <trkpt lat="10.77644207" lon="106.70255632"><ele>12.649</ele><time>2025-01-16T12:44:21Z</time><speed>0.000</speed><sat>26</sat></trkpt>
  <trkpt lat="10.77644188" lon="106.70255680"><ele>12.580</ele><time>2025-01-16T12:44:22Z</time><speed>0.000</speed><sat>26</sat></trkpt>
  <trkpt lat="10.77644162" lon="106.70255717"><ele>12.546</ele><time>2025-01-16T12:44:23Z</time><speed>0.000</speed><sat>27</sat></trkpt>
  <trkpt lat="10.77644125" lon="106.70255749"><ele>12.621</ele><time>2025-01-16T12:44:24Z</time><speed>0.000</speed><sat>28</sat></trkpt>
  <trkpt lat="10.77644118" lon="106.70255745"><ele>12.515</ele><time>2025-01-16T12:44:25Z</time><speed>0.000</speed><sat>28</sat></trkpt>
  <trkpt lat="10.77644140" lon="106.70255703"><ele>12.251</ele><time>2025-01-16T12:44:26Z</time><speed>0.000</speed><sat>27</sat></trkpt>
  <trkpt lat="10.77644151" lon="106.70255683"><ele>12.250</ele><time>2025-01-16T12:44:27Z</time><speed>0.000</speed><sat>27</sat></trkpt>
  <trkpt lat="10.77644151" lon="106.70255678"><ele>12.278</ele><time>2025-01-16T12:44:28Z</time><speed>0.000</speed><sat>28</sat></trkpt>
  <trkpt lat="10.77644140" lon="106.70255699"><ele>12.242</ele><time>2025-01-16T12:44:29Z</time><speed>0.000</speed><sat>27</sat></trkpt>
  <trkpt lat="10.77644132" lon="106.70255701"><ele>12.268</ele><time>2025-01-16T12:44:30Z</time><speed>0.000</speed><sat>28</sat></trkpt>
  <trkpt lat="10.77644126" lon="106.70255690"><ele>12.297</ele><time>2025-01-16T12:44:31Z</time><speed>0.000</speed><sat>29</sat></trkpt>
  <trkpt lat="10.77644121" lon="106.70255689"><ele>12.306</ele><time>2025-01-16T12:44:32Z</time><speed>0.000</speed><sat>29</sat></trkpt>
  <trkpt lat="10.77644113" lon="106.70255691"><ele>12.296</ele><time>2025-01-16T12:44:33Z</time><speed>0.000</speed><sat>29</sat></trkpt>
  <trkpt lat="10.77644104" lon="106.70255695"><ele>12.303</ele><time>2025-01-16T12:44:34Z</time><speed>0.000</speed><sat>29</sat></trkpt>
  <trkpt lat="10.77644098" lon="106.70255708"><ele>12.314</ele><time>2025-01-16T12:44:35Z</time><speed>0.000</speed><sat>27</sat></trkpt>
  <trkpt lat="10.77644094" lon="106.70255720"><ele>12.318</ele><time>2025-01-16T12:44:36Z</time><speed>0.000</speed><sat>27</sat></trkpt>
  <trkpt lat="10.77644092" lon="106.70255730"><ele>12.320</ele><time>2025-01-16T12:44:37Z</time><speed>0.000</speed><sat>28</sat></trkpt>
  <trkpt lat="10.77644090" lon="106.70255738"><ele>12.323</ele><time>2025-01-16T12:44:38Z</time><speed>0.000</speed><sat>28</sat></trkpt>
  <trkpt lat="10.77644088" lon="106.70255747"><ele>12.319</ele><time>2025-01-16T12:44:39Z</time><speed>0.000</speed><sat>28</sat></trkpt>
  <trkpt lat="10.77644085" lon="106.70255756"><ele>12.321</ele><time>2025-01-16T12:44:40Z</time><speed>0.000</speed><sat>28</sat></trkpt>
  <trkpt lat="10.77643841" lon="106.70255727"><ele>11.784</ele><time>2025-01-16T12:44:41Z</time><speed>0.410</speed><sat>29</sat></trkpt>
  <trkpt lat="10.77642809" lon="106.70255769"><ele>12.288</ele><time>2025-01-16T12:44:42Z</time><speed>0.000</speed><sat>28</sat></trkpt>
  <trkpt lat="10.77641835" lon="106.70255923"><ele>12.376</ele><time>2025-01-16T12:44:43Z</time><speed>0.570</speed><sat>28</sat></trkpt>
  <trkpt lat="10.77641038" lon="106.70255984"><ele>12.418</ele><time>2025-01-16T12:44:44Z</time><speed>0.390</speed><sat>29</sat></trkpt>
  <trkpt lat="10.77640324" lon="106.70256412"><ele>12.446</ele><time>2025-01-16T12:44:45Z</time><speed>0.000</speed><sat>29</sat></trkpt>
  <trkpt lat="10.77639379" lon="106.70256946"><ele>12.272</ele><time>2025-01-16T12:44:46Z</time><speed>0.610</speed><sat>28</sat></trkpt>
  <trkpt lat="10.77638386" lon="106.70257724"><ele>11.625</ele><time>2025-01-16T12:44:47Z</time><speed>0.490</speed><sat>28</sat></trkpt>
  <trkpt lat="10.77637756" lon="106.70258469"><ele>11.788</ele><time>2025-01-16T12:44:48Z</time><speed>0.590</speed><sat>28</sat></trkpt>
  <trkpt lat="10.77637123" lon="106.70259364"><ele>12.002</ele><time>2025-01-16T12:44:49Z</time><speed>0.820</speed><sat>28</sat></trkpt>
  <trkpt lat="10.77636286" lon="106.70260309"><ele>11.941</ele><time>2025-01-16T12:44:50Z</time><speed>0.950</speed><sat>28</sat></trkpt>
  <trkpt lat="10.77635191" lon="106.70260896"><ele>10.637</ele><time>2025-01-16T12:44:51Z</time><speed>0.740</speed><sat>28</sat></trkpt>
  <trkpt lat="10.77633928" lon="106.70261185"><ele>11.672</ele><time>2025-01-16T12:44:52Z</time><speed>0.760</speed><sat>27</sat></trkpt>
  <trkpt lat="10.77632789" lon="106.70261788"><ele>13.111</ele><time>2025-01-16T12:44:53Z</time><speed>0.940</speed><sat>26</sat></trkpt>
  <trkpt lat="10.77631736" lon="106.70262456"><ele>14.505</ele><time>2025-01-16T12:44:54Z</time><speed>0.920</speed><sat>26</sat></trkpt>
  <trkpt lat="10.77630951" lon="106.70263770"><ele>14.042</ele><time>2025-01-16T12:44:55Z</time><speed>0.990</speed><sat>25</sat></trkpt>
  <trkpt lat="10.77630683" lon="106.70265278"><ele>13.825</ele><time>2025-01-16T12:44:56Z</time><speed>0.000</speed><sat>27</sat></trkpt>
  <trkpt lat="10.77630351" lon="106.70266197"><ele>13.947</ele><time>2025-01-16T12:44:57Z</time><speed>0.000</speed><sat>27</sat></trkpt>
  <trkpt lat="10.77629925" lon="106.70266246"><ele>12.514</ele><time>2025-01-16T12:44:58Z</time><speed>0.150</speed><sat>27</sat></trkpt>
  <trkpt lat="10.77628874" lon="106.70264827"><ele>8.712</ele><time>2025-01-16T12:44:59Z</time><speed>0.000</speed><sat>27</sat></trkpt>
  <trkpt lat="10.77628073" lon="106.70263511"><ele>6.954</ele><time>2025-01-16T12:45:00Z</time><speed>0.000</speed><sat>27</sat></trkpt>
  <trkpt lat="10.77627194" lon="106.70262759"><ele>5.225</ele><time>2025-01-16T12:45:01Z</time><speed>0.000</speed><sat>27</sat></trkpt>
  <trkpt lat="10.77626773" lon="106.70262908"><ele>6.339</ele><time>2025-01-16T12:45:02Z</time><speed>0.000</speed><sat>26</sat></trkpt>
  <trkpt lat="10.77626465" lon="106.70263073"><ele>6.557</ele><time>2025-01-16T12:45:03Z</time><speed>0.240</speed><sat>28</sat></trkpt>
  <trkpt lat="10.77626036" lon="106.70263256"><ele>6.130</ele><time>2025-01-16T12:45:04Z</time><speed>0.440</speed><sat>29</sat></trkpt>
  <trkpt lat="10.77625744" lon="106.70263327"><ele>6.079</ele><time>2025-01-16T12:45:05Z</time><speed>0.000</speed><sat>29</sat></trkpt>
  <trkpt lat="10.77625807" lon="106.70263547"><ele>6.263</ele><time>2025-01-16T12:45:06Z</time><speed>0.000</speed><sat>29</sat></trkpt>
  <trkpt lat="10.77625971" lon="106.70263596"><ele>6.425</ele><time>2025-01-16T12:45:07Z</time><speed>0.000</speed><sat>29</sat></trkpt>
  <trkpt lat="10.77626044" lon="106.70263703"><ele>6.628</ele><time>2025-01-16T12:45:08Z</time><speed>0.220</speed><sat>29</sat></trkpt>
  <trkpt lat="10.77626086" lon="106.70263982"><ele>7.083</ele><time>2025-01-16T12:45:09Z</time><speed>0.360</speed><sat>27</sat></trkpt>
  <trkpt lat="10.77626305" lon="106.70264290"><ele>7.032</ele><time>2025-01-16T12:45:10Z</time><speed>0.000</speed><sat>27</sat></trkpt>
  <trkpt lat="10.77626430" lon="106.70264381"><ele>7.172</ele><time>2025-01-16T12:45:11Z</time><speed>0.000</speed><sat>26</sat></trkpt>
  <trkpt lat="10.77626517" lon="106.70264482"><ele>7.114</ele><time>2025-01-16T12:45:12Z</time><speed>0.000</speed><sat>16</sat></trkpt>
  <trkpt lat="10.77626487" lon="106.70264585"><ele>7.290</ele><time>2025-01-16T12:45:13Z</time><speed>0.000</speed><sat>16</sat></trkpt>
  <trkpt lat="10.77626412" lon="106.70264726"><ele>7.218</ele><time>2025-01-16T12:45:14Z</time><speed>0.000</speed><sat>12</sat></trkpt>
  <trkpt lat="10.77626444" lon="106.70264874"><ele>7.334</ele><time>2025-01-16T12:45:15Z</time><speed>0.000</speed><sat>12</sat></trkpt>
  <trkpt lat="10.77626558" lon="106.70265064"><ele>7.334</ele><time>2025-01-16T12:45:16Z</time><speed>0.000</speed><sat>14</sat></trkpt>
  <trkpt lat="10.77626627" lon="106.70265187"><ele>7.422</ele><time>2025-01-16T12:45:17Z</time><speed>0.000</speed><sat>14</sat></trkpt>
  <trkpt lat="10.77626661" lon="106.70265249"><ele>7.422</ele><time>2025-01-16T12:45:18Z</time><speed>0.000</speed><sat>14</sat></trkpt>
  <trkpt lat="10.77626485" lon="106.70265551"><ele>7.261</ele><time>2025-01-16T12:45:19Z</time><speed>0.000</speed><sat>16</sat></trkpt>
  <trkpt lat="10.77626439" lon="106.70265734"><ele>7.336</ele><time>2025-01-16T12:45:20Z</time><speed>0.000</speed><sat>17</sat></trkpt>
  <trkpt lat="10.77626389" lon="106.70266067"><ele>7.489</ele><time>2025-01-16T12:45:21Z</time><speed>0.000</speed><sat>16</sat></trkpt>
  <trkpt lat="10.77626151" lon="106.70266604"><ele>7.689</ele><time>2025-01-16T12:45:22Z</time><speed>0.810</speed><sat>12</sat></trkpt>
  <trkpt lat="10.77625637" lon="106.70267788"><ele>7.797</ele><time>2025-01-16T12:45:23Z</time><speed>1.310</speed><sat>15</sat></trkpt>
  <trkpt lat="10.77625086" lon="106.70268559"><ele>7.841</ele><time>2025-01-16T12:45:24Z</time><speed>0.450</speed><sat>15</sat></trkpt>
  <trkpt lat="10.77624910" lon="106.70269136"><ele>6.515</ele><time>2025-01-16T12:45:25Z</time><speed>0.370</speed><sat>15</sat></trkpt>
  <trkpt lat="10.77624771" lon="106.70269316"><ele>6.486</ele><time>2025-01-16T12:45:26Z</time><speed>0.370</speed><sat>15</sat></trkpt>
  <trkpt lat="10.77624009" lon="106.70269616"><ele>4.963</ele><time>2025-01-16T12:45:27Z</time><speed>0.720</speed><sat>16</sat></trkpt>
  <trkpt lat="10.77623329" lon="106.70270713"><ele>4.569</ele><time>2025-01-16T12:45:28Z</time><speed>0.000</speed><sat>17</sat></trkpt>
  <trkpt lat="10.77622783" lon="106.70272704"><ele>4.731</ele><time>2025-01-16T12:45:29Z</time><speed>0.000</speed><sat>16</sat></trkpt>
  <trkpt lat="10.77622421" lon="106.70274618"><ele>5.347</ele><time>2025-01-16T12:45:30Z</time><speed>0.000</speed><sat>16</sat></trkpt>
  <trkpt lat="10.77621989" lon="106.70275886"><ele>4.461</ele><time>2025-01-16T12:45:31Z</time><speed>0.390</speed><sat>24</sat></trkpt>
  <trkpt lat="10.77621294" lon="106.70277140"><ele>3.683</ele><time>2025-01-16T12:45:32Z</time><speed>0.350</speed><sat>27</sat></trkpt>
  <trkpt lat="10.77620547" lon="106.70278173"><ele>3.603</ele><time>2025-01-16T12:45:33Z</time><speed>0.490</speed><sat>27</sat></trkpt>
  <trkpt lat="10.77619476" lon="106.70278814"><ele>4.385</ele><time>2025-01-16T12:45:34Z</time><speed>0.910</speed><sat>27</sat></trkpt>
  <trkpt lat="10.77618188" lon="106.70279222"><ele>4.296</ele><time>2025-01-16T12:45:35Z</time><speed>0.860</speed><sat>29</sat></trkpt>
  <trkpt lat="10.77617386" lon="106.70279854"><ele>6.383</ele><time>2025-01-16T12:45:36Z</time><speed>0.000</speed><sat>29</sat></trkpt>
  <trkpt lat="10.77616709" lon="106.70280570"><ele>7.251</ele><time>2025-01-16T12:45:37Z</time><speed>0.340</speed><sat>31</sat></trkpt>
  <trkpt lat="10.77615961" lon="106.70281051"><ele>7.829</ele><time>2025-01-16T12:45:38Z</time><speed>0.490</speed><sat>29</sat></trkpt>
  <trkpt lat="10.77615042" lon="106.70281546"><ele>6.809</ele><time>2025-01-16T12:45:39Z</time><speed>0.520</speed><sat>29</sat></trkpt>
  <trkpt lat="10.77613889" lon="106.70283733"><ele>8.365</ele><time>2025-01-16T12:45:40Z</time><speed>0.000</speed><sat>29</sat></trkpt>
  <trkpt lat="10.77613696" lon="106.70284462"><ele>8.042</ele><time>2025-01-16T12:45:41Z</time><speed>0.000</speed><sat>29</sat></trkpt>
  <trkpt lat="10.77613655" lon="106.70284727"><ele>8.452</ele><time>2025-01-16T12:45:42Z</time><speed>0.000</speed><sat>30</sat></trkpt>
  <trkpt lat="10.77613534" lon="106.70284705"><ele>8.746</ele><time>2025-01-16T12:45:43Z</time><speed>0.360</speed><sat>28</sat></trkpt>
  <trkpt lat="10.77613456" lon="106.70284953"><ele>9.667</ele><time>2025-01-16T12:45:44Z</time><speed>0.210</speed><sat>27</sat></trkpt>
  <trkpt lat="10.77613727" lon="106.70285085"><ele>9.993</ele><time>2025-01-16T12:45:45Z</time><speed>0.000</speed><sat>28</sat></trkpt>
  <trkpt lat="10.77613935" lon="106.70285010"><ele>9.644</ele><time>2025-01-16T12:45:46Z</time><speed>0.000</speed><sat>28</sat></trkpt>
  <trkpt lat="10.77614059" lon="106.70284823"><ele>9.755</ele><time>2025-01-16T12:45:47Z</time><speed>0.000</speed><sat>27</sat></trkpt>
  <trkpt lat="10.77614226" lon="106.70284486"><ele>9.208</ele><time>2025-01-16T12:45:48Z</time><speed>0.000</speed><sat>27</sat></trkpt>
  <trkpt lat="10.77614306" lon="106.70284367"><ele>9.556</ele><time>2025-01-16T12:45:49Z</time><speed>0.000</speed><sat>27</sat></trkpt>
  <trkpt lat="10.77614353" lon="106.70284280"><ele>9.538</ele><time>2025-01-16T12:45:50Z</time><speed>0.000</speed><sat>27</sat></trkpt>
  <trkpt lat="10.77614457" lon="106.70284531"><ele>9.538</ele><time>2025-01-16T12:45:51Z</time><speed>0.390</speed><sat>24</sat></trkpt>
  <trkpt lat="10.77614603" lon="106.70285028"><ele>9.579</ele><time>2025-01-16T12:45:52Z</time><speed>0.550</speed><sat>25</sat></trkpt>
  <trkpt lat="10.77614966" lon="106.70285551"><ele>8.856</ele><time>2025-01-16T12:45:53Z</time><speed>0.460</speed><sat>26</sat></trkpt>
  <trkpt lat="10.77615255" lon="106.70285932"><ele>10.159</ele><time>2025-01-16T12:45:54Z</time><speed>0.240</speed><sat>27</sat></trkpt>
  <trkpt lat="10.77615756" lon="106.70286102"><ele>10.103</ele><time>2025-01-16T12:45:55Z</time><speed>0.000</speed><sat>30</sat></trkpt>
  <trkpt lat="10.77616158" lon="106.70286164"><ele>10.029</ele><time>2025-01-16T12:45:56Z</time><speed>0.000</speed><sat>30</sat></trkpt>
  <trkpt lat="10.77616522" lon="106.70286199"><ele>9.837</ele><time>2025-01-16T12:45:57Z</time><speed>0.000</speed><sat>30</sat></trkpt>
  <trkpt lat="10.77616584" lon="106.70286269"><ele>10.148</ele><time>2025-01-16T12:45:58Z</time><speed>0.240</speed><sat>30</sat></trkpt>
  <trkpt lat="10.77616699" lon="106.70286201"><ele>9.852</ele><time>2025-01-16T12:45:59Z</time><speed>0.000</speed><sat>29</sat></trkpt>
  <trkpt lat="10.77616827" lon="106.70286093"><ele>10.106</ele><time>2025-01-16T12:46:00Z</time><speed>0.000</speed><sat>28</sat></trkpt>
  <trkpt lat="10.77616333" lon="106.70286883"><ele>10.335</ele><time>2025-01-16T12:46:01Z</time><speed>0.820</speed><sat>26</sat></trkpt>
  <trkpt lat="10.77614624" lon="106.70287002"><ele>10.995</ele><time>2025-01-16T12:46:02Z</time><speed>1.700</speed><sat>28</sat></trkpt>
  <trkpt lat="10.77613082" lon="106.70286810"><ele>10.911</ele><time>2025-01-16T12:46:03Z</time><speed>0.740</speed><sat>27</sat></trkpt>
  <trkpt lat="10.77611978" lon="106.70286866"><ele>11.448</ele><time>2025-01-16T12:46:04Z</time><speed>0.540</speed><sat>29</sat></trkpt>
  <trkpt lat="10.77610912" lon="106.70286998"><ele>11.453</ele><time>2025-01-16T12:46:05Z</time><speed>0.510</speed><sat>28</sat></trkpt>
  <trkpt lat="10.77609847" lon="106.70287189"><ele>10.904</ele><time>2025-01-16T12:46:06Z</time><speed>0.560</speed><sat>28</sat></trkpt>
  <trkpt lat="10.77608721" lon="106.70287515"><ele>9.678</ele><time>2025-01-16T12:46:07Z</time><speed>0.560</speed><sat>28</sat></trkpt>
  <trkpt lat="10.77607545" lon="106.70287726"><ele>9.099</ele><time>2025-01-16T12:46:08Z</time><speed>0.670</speed><sat>29</sat></trkpt>
  <trkpt lat="10.77606763" lon="106.70287979"><ele>9.577</ele><time>2025-01-16T12:46:09Z</time><speed>0.560</speed><sat>29</sat></trkpt>
  <trkpt lat="10.77606087" lon="106.70288303"><ele>9.734</ele><time>2025-01-16T12:46:10Z</time><speed>0.570</speed><sat>28</sat></trkpt>
  <trkpt lat="10.77605432" lon="106.70288664"><ele>9.098</ele><time>2025-01-16T12:46:11Z</time><speed>0.480</speed><sat>27</sat></trkpt>
  <trkpt lat="10.77604911" lon="106.70288689"><ele>8.922</ele><time>2025-01-16T12:46:12Z</time><speed>0.320</speed><sat>25</sat></trkpt>
  <trkpt lat="10.77604466" lon="106.70288207"><ele>7.888</ele><time>2025-01-16T12:46:13Z</time><speed>0.290</speed><sat>25</sat></trkpt>
  <trkpt lat="10.77604040" lon="106.70287111"><ele>7.335</ele><time>2025-01-16T12:46:14Z</time><speed>0.000</speed><sat>26</sat></trkpt>
  <trkpt lat="10.77603852" lon="106.70286839"><ele>6.847</ele><time>2025-01-16T12:46:15Z</time><speed>0.000</speed><sat>27</sat></trkpt>
  <trkpt lat="10.77603779" lon="106.70286716"><ele>7.073</ele><time>2025-01-16T12:46:16Z</time><speed>0.190</speed><sat>26</sat></trkpt>
  <trkpt lat="10.77603601" lon="106.70286737"><ele>6.090</ele><time>2025-01-16T12:46:17Z</time><speed>0.000</speed><sat>26</sat></trkpt>
  <trkpt lat="10.77603591" lon="106.70286815"><ele>6.431</ele><time>2025-01-16T12:46:18Z</time><speed>0.160</speed><sat>26</sat></trkpt>
  <trkpt lat="10.77603767" lon="106.70287113"><ele>6.690</ele><time>2025-01-16T12:46:19Z</time><speed>0.250</speed><sat>27</sat></trkpt>
  <trkpt lat="10.77603791" lon="106.70287548"><ele>6.356</ele><time>2025-01-16T12:46:20Z</time><speed>0.000</speed><sat>26</sat></trkpt>
  <trkpt lat="10.77603885" lon="106.70287730"><ele>6.362</ele><time>2025-01-16T12:46:21Z</time><speed>0.000</speed><sat>26</sat></trkpt>
  <trkpt lat="10.77603914" lon="106.70287854"><ele>6.150</ele><time>2025-01-16T12:46:22Z</time><speed>0.000</speed><sat>26</sat></trkpt>
  <trkpt lat="10.77603878" lon="106.70287933"><ele>5.965</ele><time>2025-01-16T12:46:23Z</time><speed>0.000</speed><sat>25</sat></trkpt>
  <trkpt lat="10.77603763" lon="106.70287989"><ele>5.690</ele><time>2025-01-16T12:46:24Z</time><speed>0.000</speed><sat>26</sat></trkpt>
  <trkpt lat="10.77603603" lon="106.70288011"><ele>5.533</ele><time>2025-01-16T12:46:25Z</time><speed>0.000</speed><sat>25</sat></trkpt>
  <trkpt lat="10.77603353" lon="106.70288009"><ele>5.323</ele><time>2025-01-16T12:46:26Z</time><speed>0.000</speed><sat>26</sat></trkpt>
  <trkpt lat="10.77603060" lon="106.70288002"><ele>5.058</ele><time>2025-01-16T12:46:27Z</time><speed>0.000</speed><sat>24</sat></trkpt>
  <trkpt lat="10.77602974" lon="106.70288050"><ele>5.354</ele><time>2025-01-16T12:46:28Z</time><speed>0.000</speed><sat>23</sat></trkpt>
  <trkpt lat="10.77602938" lon="106.70288080"><ele>5.393</ele><time>2025-01-16T12:46:29Z</time><speed>0.000</speed><sat>23</sat></trkpt>
  <trkpt lat="10.77602880" lon="106.70288085"><ele>5.339</ele><time>2025-01-16T12:46:30Z</time><speed>0.000</speed><sat>22</sat></trkpt>
  <trkpt lat="10.77602861" lon="106.70288091"><ele>5.328</ele><time>2025-01-16T12:46:31Z</time><speed>0.000</speed><sat>23</sat></trkpt>
  <trkpt lat="10.77602840" lon="106.70288094"><ele>5.297</ele><time>2025-01-16T12:46:32Z</time><speed>0.000</speed><sat>24</sat></trkpt>
  <trkpt lat="10.77602833" lon="106.70288096"><ele>5.306</ele><time>2025-01-16T12:46:33Z</time><speed>0.000</speed><sat>24</sat></trkpt>
  <trkpt lat="10.77602830" lon="106.70288098"><ele>5.308</ele><time>2025-01-16T12:46:34Z</time><speed>0.000</speed><sat>24</sat></trkpt>
  <trkpt lat="10.77602843" lon="106.70288162"><ele>5.375</ele><time>2025-01-16T12:46:35Z</time><speed>0.000</speed><sat>24</sat></trkpt>
  <trkpt lat="10.77602850" lon="106.70288194"><ele>5.376</ele><time>2025-01-16T12:46:36Z</time><speed>0.000</speed><sat>24</sat></trkpt>
  <trkpt lat="10.77602853" lon="106.70288211"><ele>5.376</ele><time>2025-01-16T12:46:37Z</time><speed>0.000</speed><sat>24</sat></trkpt>
  <trkpt lat="10.77602867" lon="106.70288296"><ele>5.443</ele><time>2025-01-16T12:46:38Z</time><speed>0.000</speed><sat>24</sat></trkpt>
  <trkpt lat="10.77602873" lon="106.70288339"><ele>5.441</ele><time>2025-01-16T12:46:39Z</time><speed>0.000</speed><sat>24</sat></trkpt>
  <trkpt lat="10.77602876" lon="106.70288361"><ele>5.438</ele><time>2025-01-16T12:46:40Z</time><speed>0.000</speed><sat>25</sat></trkpt>
  <trkpt lat="10.77602877" lon="106.70288372"><ele>5.439</ele><time>2025-01-16T12:46:41Z</time><speed>0.000</speed><sat>23</sat></trkpt>
  <trkpt lat="10.77602879" lon="106.70288378"><ele>5.439</ele><time>2025-01-16T12:46:42Z</time><speed>0.000</speed><sat>24</sat></trkpt>
  <trkpt lat="10.77602899" lon="106.70288442"><ele>5.516</ele><time>2025-01-16T12:46:43Z</time><speed>0.000</speed><sat>24</sat></trkpt>
  <trkpt lat="10.77602909" lon="106.70288482"><ele>5.519</ele><time>2025-01-16T12:46:44Z</time><speed>0.000</speed><sat>24</sat></trkpt>
  <trkpt lat="10.77602914" lon="106.70288518"><ele>5.522</ele><time>2025-01-16T12:46:45Z</time><speed>0.000</speed><sat>26</sat></trkpt>
  <trkpt lat="10.77602913" lon="106.70288540"><ele>5.533</ele><time>2025-01-16T12:46:46Z</time><speed>0.000</speed><sat>26</sat></trkpt>
  <trkpt lat="10.77602907" lon="106.70288557"><ele>5.511</ele><time>2025-01-16T12:46:47Z</time><speed>0.000</speed><sat>26</sat></trkpt>
  <trkpt lat="10.77602880" lon="106.70288600"><ele>5.507</ele><time>2025-01-16T12:46:48Z</time><speed>0.000</speed><sat>26</sat></trkpt>
  <trkpt lat="10.77602865" lon="106.70288621"><ele>5.509</ele><time>2025-01-16T12:46:49Z</time><speed>0.000</speed><sat>27</sat></trkpt>
  <trkpt lat="10.77602865" lon="106.70288634"><ele>5.552</ele><time>2025-01-16T12:46:50Z</time><speed>0.000</speed><sat>27</sat></trkpt>
  <trkpt lat="10.77602871" lon="106.70288632"><ele>5.583</ele><time>2025-01-16T12:46:51Z</time><speed>0.000</speed><sat>29</sat></trkpt>
  <trkpt lat="10.77602882" lon="106.70288629"><ele>5.626</ele><time>2025-01-16T12:46:52Z</time><speed>0.000</speed><sat>29</sat></trkpt>
  <trkpt lat="10.77602900" lon="106.70288634"><ele>5.669</ele><time>2025-01-16T12:46:53Z</time><speed>0.000</speed><sat>29</sat></trkpt>
  <trkpt lat="10.77602908" lon="106.70288637"><ele>5.680</ele><time>2025-01-16T12:46:54Z</time><speed>0.000</speed><sat>29</sat></trkpt>
  <trkpt lat="10.77602923" lon="106.70288639"><ele>5.744</ele><time>2025-01-16T12:46:55Z</time><speed>0.000</speed><sat>27</sat></trkpt>
  <trkpt lat="10.77602933" lon="106.70288646"><ele>5.741</ele><time>2025-01-16T12:46:56Z</time><speed>0.000</speed><sat>27</sat></trkpt>
  <trkpt lat="10.77602946" lon="106.70288654"><ele>5.799</ele><time>2025-01-16T12:46:57Z</time><speed>0.000</speed><sat>27</sat></trkpt>
  <trkpt lat="10.77602971" lon="106.70288661"><ele>5.895</ele><time>2025-01-16T12:46:58Z</time><speed>0.000</speed><sat>27</sat></trkpt>
  <trkpt lat="10.77602989" lon="106.70288671"><ele>5.906</ele><time>2025-01-16T12:46:59Z</time><speed>0.000</speed><sat>27</sat></trkpt>
  <trkpt lat="10.77603014" lon="106.70288678"><ele>5.973</ele><time>2025-01-16T12:47:00Z</time><speed>0.000</speed><sat>27</sat></trkpt>
  <trkpt lat="10.77603025" lon="106.70288686"><ele>5.978</ele><time>2025-01-16T12:47:01Z</time><speed>0.000</speed><sat>27</sat></trkpt>
  <trkpt lat="10.77603031" lon="106.70288692"><ele>5.995</ele><time>2025-01-16T12:47:02Z</time><speed>0.000</speed><sat>27</sat></trkpt>
  <trkpt lat="10.77603036" lon="106.70288688"><ele>6.046</ele><time>2025-01-16T12:47:03Z</time><speed>0.000</speed><sat>26</sat></trkpt>
  <trkpt lat="10.77603041" lon="106.70288684"><ele>6.067</ele><time>2025-01-16T12:47:04Z</time><speed>0.000</speed><sat>26</sat></trkpt>
  <trkpt lat="10.77603057" lon="106.70288681"><ele>6.148</ele><time>2025-01-16T12:47:05Z</time><speed>0.000</speed><sat>26</sat></trkpt>
  <trkpt lat="10.77603060" lon="106.70288686"><ele>6.156</ele><time>2025-01-16T12:47:06Z</time><speed>0.000</speed><sat>26</sat></trkpt>
  <trkpt lat="10.77603072" lon="106.70288688"><ele>6.220</ele><time>2025-01-16T12:47:07Z</time><speed>0.000</speed><sat>28</sat></trkpt>
  <trkpt lat="10.77603082" lon="106.70288689"><ele>6.233</ele><time>2025-01-16T12:47:08Z</time><speed>0.000</speed><sat>28</sat></trkpt>
  <trkpt lat="10.77603081" lon="106.70288780"><ele>6.266</ele><time>2025-01-16T12:47:09Z</time><speed>0.000</speed><sat>29</sat></trkpt>
  <trkpt lat="10.77603079" lon="106.70288828"><ele>6.270</ele><time>2025-01-16T12:47:10Z</time><speed>0.000</speed><sat>28</sat></trkpt>
  <trkpt lat="10.77603080" lon="106.70288853"><ele>6.277</ele><time>2025-01-16T12:47:11Z</time><speed>0.000</speed><sat>28</sat></trkpt>
  <trkpt lat="10.77603083" lon="106.70288864"><ele>6.291</ele><time>2025-01-16T12:47:12Z</time><speed>0.000</speed><sat>28</sat></trkpt>
  <trkpt lat="10.77603089" lon="106.70288869"><ele>6.310</ele><time>2025-01-16T12:47:13Z</time><speed>0.000</speed><sat>28</sat></trkpt>
  <trkpt lat="10.77603102" lon="106.70288898"><ele>6.358</ele><time>2025-01-16T12:47:14Z</time><speed>0.000</speed><sat>27</sat></trkpt>
  <trkpt lat="10.77603110" lon="106.70288917"><ele>6.371</ele><time>2025-01-16T12:47:15Z</time><speed>0.000</speed><sat>27</sat></trkpt>
  <trkpt lat="10.77603320" lon="106.70289406"><ele>5.872</ele><time>2025-01-16T12:47:16Z</time><speed>0.330</speed><sat>27</sat></trkpt>
  <trkpt lat="10.77603489" lon="106.70289801"><ele>5.524</ele><time>2025-01-16T12:47:17Z</time><speed>0.000</speed><sat>27</sat></trkpt>
  <trkpt lat="10.77603673" lon="106.70290034"><ele>5.398</ele><time>2025-01-16T12:47:18Z</time><speed>0.000</speed><sat>27</sat></trkpt>
  <trkpt lat="10.77603855" lon="106.70290335"><ele>5.447</ele><time>2025-01-16T12:47:19Z</time><speed>0.000</speed><sat>26</sat></trkpt>
  <trkpt lat="10.77603884" lon="106.70290567"><ele>5.623</ele><time>2025-01-16T12:47:20Z</time><speed>0.000</speed><sat>26</sat></trkpt>
  <trkpt lat="10.77603797" lon="106.70290677"><ele>5.548</ele><time>2025-01-16T12:47:21Z</time><speed>0.000</speed><sat>25</sat></trkpt>
  <trkpt lat="10.77603580" lon="106.70290700"><ele>5.420</ele><time>2025-01-16T12:47:22Z</time><speed>0.000</speed><sat>25</sat></trkpt>
  <trkpt lat="10.77603458" lon="106.70290819"><ele>5.262</ele><time>2025-01-16T12:47:23Z</time><speed>0.000</speed><sat>24</sat></trkpt>
  <trkpt lat="10.77603377" lon="106.70290932"><ele>4.758</ele><time>2025-01-16T12:47:24Z</time><speed>0.000</speed><sat>24</sat></trkpt>
  <trkpt lat="10.77603307" lon="106.70291028"><ele>4.491</ele><time>2025-01-16T12:47:25Z</time><speed>0.000</speed><sat>22</sat></trkpt>
  <trkpt lat="10.77603306" lon="106.70291125"><ele>4.309</ele><time>2025-01-16T12:47:26Z</time><speed>0.000</speed><sat>21</sat></trkpt>
  <trkpt lat="10.77603291" lon="106.70291218"><ele>4.218</ele><time>2025-01-16T12:47:27Z</time><speed>0.000</speed><sat>20</sat></trkpt>
  <trkpt lat="10.77603253" lon="106.70291304"><ele>4.186</ele><time>2025-01-16T12:47:28Z</time><speed>0.000</speed><sat>20</sat></trkpt>
  <trkpt lat="10.77603312" lon="106.70291481"><ele>4.566</ele><time>2025-01-16T12:47:29Z</time><speed>0.000</speed><sat>20</sat></trkpt>
  <trkpt lat="10.77603422" lon="106.70291854"><ele>5.878</ele><time>2025-01-16T12:47:30Z</time><speed>0.000</speed><sat>23</sat></trkpt>
  <trkpt lat="10.77603458" lon="106.70292009"><ele>5.774</ele><time>2025-01-16T12:47:31Z</time><speed>0.000</speed><sat>26</sat></trkpt>
  <trkpt lat="10.77603484" lon="106.70292047"><ele>5.498</ele><time>2025-01-16T12:47:32Z</time><speed>0.000</speed><sat>25</sat></trkpt>
  <trkpt lat="10.77603701" lon="106.70292262"><ele>5.909</ele><time>2025-01-16T12:47:33Z</time><speed>0.000</speed><sat>25</sat></trkpt>
  <trkpt lat="10.77604002" lon="106.70292474"><ele>6.285</ele><time>2025-01-16T12:47:34Z</time><speed>0.000</speed><sat>26</sat></trkpt>
  <trkpt lat="10.77604202" lon="106.70292621"><ele>6.559</ele><time>2025-01-16T12:47:35Z</time><speed>0.000</speed><sat>26</sat></trkpt>
  <trkpt lat="10.77604106" lon="106.70292697"><ele>6.034</ele><time>2025-01-16T12:47:36Z</time><speed>0.000</speed><sat>26</sat></trkpt>
  <trkpt lat="10.77604054" lon="106.70292491"><ele>6.416</ele><time>2025-01-16T12:47:37Z</time><speed>0.000</speed><sat>26</sat></trkpt>
  <trkpt lat="10.77604054" lon="106.70292455"><ele>6.527</ele><time>2025-01-16T12:47:38Z</time><speed>0.000</speed><sat>27</sat></trkpt>
  <trkpt lat="10.77604369" lon="106.70292408"><ele>7.401</ele><time>2025-01-16T12:47:39Z</time><speed>0.000</speed><sat>27</sat></trkpt>
  <trkpt lat="10.77604541" lon="106.70292394"><ele>7.520</ele><time>2025-01-16T12:47:40Z</time><speed>0.000</speed><sat>25</sat></trkpt>
  <trkpt lat="10.77604278" lon="106.70292290"><ele>7.311</ele><time>2025-01-16T12:47:41Z</time><speed>0.400</speed><sat>25</sat></trkpt>
  <trkpt lat="10.77603675" lon="106.70292233"><ele>7.545</ele><time>2025-01-16T12:47:42Z</time><speed>0.840</speed><sat>25</sat></trkpt>
  <trkpt lat="10.77602941" lon="106.70292299"><ele>7.196</ele><time>2025-01-16T12:47:43Z</time><speed>0.730</speed><sat>27</sat></trkpt>
  <trkpt lat="10.77602069" lon="106.70292696"><ele>7.135</ele><time>2025-01-16T12:47:44Z</time><speed>0.910</speed><sat>26</sat></trkpt>
  <trkpt lat="10.77601207" lon="106.70293508"><ele>8.444</ele><time>2025-01-16T12:47:45Z</time><speed>0.820</speed><sat>27</sat></trkpt>
  <trkpt lat="10.77600272" lon="106.70294689"><ele>9.113</ele><time>2025-01-16T12:47:46Z</time><speed>0.820</speed><sat>28</sat></trkpt>
  <trkpt lat="10.77599748" lon="106.70296195"><ele>9.522</ele><time>2025-01-16T12:47:47Z</time><speed>1.180</speed><sat>28</sat></trkpt>
  <trkpt lat="10.77599556" lon="106.70297526"><ele>8.435</ele><time>2025-01-16T12:47:48Z</time><speed>0.430</speed><sat>28</sat></trkpt>
  <trkpt lat="10.77599714" lon="106.70298515"><ele>8.594</ele><time>2025-01-16T12:47:49Z</time><speed>0.550</speed><sat>29</sat></trkpt>
  <trkpt lat="10.77599694" lon="106.70299759"><ele>9.716</ele><time>2025-01-16T12:47:50Z</time><speed>0.680</speed><sat>29</sat></trkpt>
  <trkpt lat="10.77599440" lon="106.70300964"><ele>9.643</ele><time>2025-01-16T12:47:51Z</time><speed>0.730</speed><sat>29</sat></trkpt>
  <trkpt lat="10.77599522" lon="106.70302427"><ele>9.911</ele><time>2025-01-16T12:47:52Z</time><speed>0.000</speed><sat>29</sat></trkpt>
  <trkpt lat="10.77599722" lon="106.70303040"><ele>10.080</ele><time>2025-01-16T12:47:53Z</time><speed>0.000</speed><sat>29</sat></trkpt>
  <trkpt lat="10.77599605" lon="106.70303871"><ele>10.469</ele><time>2025-01-16T12:47:54Z</time><speed>0.760</speed><sat>28</sat></trkpt>
  <trkpt lat="10.77599200" lon="106.70304687"><ele>10.724</ele><time>2025-01-16T12:47:55Z</time><speed>0.970</speed><sat>27</sat></trkpt>
  <trkpt lat="10.77598787" lon="106.70305545"><ele>10.694</ele><time>2025-01-16T12:47:56Z</time><speed>0.950</speed><sat>27</sat></trkpt>
  <trkpt lat="10.77598371" lon="106.70306295"><ele>10.260</ele><time>2025-01-16T12:47:57Z</time><speed>0.750</speed><sat>25</sat></trkpt>
  <trkpt lat="10.77598902" lon="106.70307063"><ele>11.780</ele><time>2025-01-16T12:47:58Z</time><speed>0.660</speed><sat>25</sat></trkpt>
  <trkpt lat="10.77600565" lon="106.70307695"><ele>12.054</ele><time>2025-01-16T12:47:59Z</time><speed>0.000</speed><sat>24</sat></trkpt>
  <trkpt lat="10.77601690" lon="106.70308154"><ele>12.472</ele><time>2025-01-16T12:48:00Z</time><speed>0.000</speed><sat>24</sat></trkpt>
  <trkpt lat="10.77602334" lon="106.70308778"><ele>12.893</ele><time>2025-01-16T12:48:01Z</time><speed>0.000</speed><sat>26</sat></trkpt>
  <trkpt lat="10.77602386" lon="106.70309862"><ele>13.642</ele><time>2025-01-16T12:48:02Z</time><speed>0.000</speed><sat>27</sat></trkpt>
  <trkpt lat="10.77602311" lon="106.70311111"><ele>14.820</ele><time>2025-01-16T12:48:03Z</time><speed>0.000</speed><sat>25</sat></trkpt>
  <trkpt lat="10.77602250" lon="106.70312089"><ele>15.337</ele><time>2025-01-16T12:48:04Z</time><speed>0.000</speed><sat>25</sat></trkpt>
  <trkpt lat="10.77601835" lon="106.70313045"><ele>15.559</ele><time>2025-01-16T12:48:05Z</time><speed>0.000</speed><sat>25</sat></trkpt>
  <trkpt lat="10.77601316" lon="106.70313819"><ele>15.650</ele><time>2025-01-16T12:48:06Z</time><speed>0.000</speed><sat>23</sat></trkpt>
  <trkpt lat="10.77600987" lon="106.70314571"><ele>16.071</ele><time>2025-01-16T12:48:07Z</time><speed>0.000</speed><sat>23</sat></trkpt>
  <trkpt lat="10.77600838" lon="106.70315102"><ele>16.780</ele><time>2025-01-16T12:48:08Z</time><speed>0.000</speed><sat>23</sat></trkpt>
  <trkpt lat="10.77600670" lon="106.70315533"><ele>16.940</ele><time>2025-01-16T12:48:09Z</time><speed>0.000</speed><sat>23</sat></trkpt>
  <trkpt lat="10.77600578" lon="106.70315839"><ele>17.174</ele><time>2025-01-16T12:48:10Z</time><speed>0.000</speed><sat>23</sat></trkpt>
  <trkpt lat="10.77600532" lon="106.70316017"><ele>17.328</ele><time>2025-01-16T12:48:11Z</time><speed>0.000</speed><sat>25</sat></trkpt>
  <trkpt lat="10.77600533" lon="106.70316090"><ele>17.244</ele><time>2025-01-16T12:48:12Z</time><speed>0.000</speed><sat>26</sat></trkpt>
  <trkpt lat="10.77600532" lon="106.70316147"><ele>17.288</ele><time>2025-01-16T12:48:13Z</time><speed>0.000</speed><sat>26</sat></trkpt>
  <trkpt lat="10.77600518" lon="106.70316210"><ele>17.433</ele><time>2025-01-16T12:48:14Z</time><speed>0.000</speed><sat>25</sat></trkpt>
  <trkpt lat="10.77600509" lon="106.70316235"><ele>17.454</ele><time>2025-01-16T12:48:15Z</time><speed>0.000</speed><sat>25</sat></trkpt>
  <trkpt lat="10.77600386" lon="106.70316307"><ele>17.297</ele><time>2025-01-16T12:48:16Z</time><speed>0.000</speed><sat>25</sat></trkpt>
  <trkpt lat="10.77600323" lon="106.70316357"><ele>17.329</ele><time>2025-01-16T12:48:17Z</time><speed>0.000</speed><sat>24</sat></trkpt>
  <trkpt lat="10.77600293" lon="106.70316382"><ele>17.343</ele><time>2025-01-16T12:48:18Z</time><speed>0.000</speed><sat>24</sat></trkpt>
  <trkpt lat="10.77600183" lon="106.70316535"><ele>17.309</ele><time>2025-01-16T12:48:19Z</time><speed>0.000</speed><sat>25</sat></trkpt>
  <trkpt lat="10.77600128" lon="106.70316609"><ele>17.317</ele><time>2025-01-16T12:48:20Z</time><speed>0.000</speed><sat>24</sat></trkpt>
  <trkpt lat="10.77599002" lon="106.70317699"><ele>18.110</ele><time>2025-01-16T12:48:21Z</time><speed>0.930</speed><sat>24</sat></trkpt>
  <trkpt lat="10.77597713" lon="106.70318954"><ele>17.715</ele><time>2025-01-16T12:48:22Z</time><speed>1.130</speed><sat>24</sat></trkpt>
  <trkpt lat="10.77596466" lon="106.70320312"><ele>19.165</ele><time>2025-01-16T12:48:23Z</time><speed>0.860</speed><sat>23</sat></trkpt>
  <trkpt lat="10.77595258" lon="106.70321429"><ele>18.963</ele><time>2025-01-16T12:48:24Z</time><speed>0.700</speed><sat>24</sat></trkpt>
  <trkpt lat="10.77594125" lon="106.70322323"><ele>19.763</ele><time>2025-01-16T12:48:25Z</time><speed>0.770</speed><sat>24</sat></trkpt>
  <trkpt lat="10.77592966" lon="106.70323346"><ele>19.713</ele><time>2025-01-16T12:48:26Z</time><speed>0.930</speed><sat>23</sat></trkpt>
  <trkpt lat="10.77591624" lon="106.70324948"><ele>19.064</ele><time>2025-01-16T12:48:27Z</time><speed>1.580</speed><sat>22</sat></trkpt>
  <trkpt lat="10.77590352" lon="106.70327270"><ele>17.316</ele><time>2025-01-16T12:48:28Z</time><speed>1.950</speed><sat>23</sat></trkpt>
  <trkpt lat="10.77589301" lon="106.70329433"><ele>18.096</ele><time>2025-01-16T12:48:29Z</time><speed>1.290</speed><sat>22</sat></trkpt>
  <trkpt lat="10.77588767" lon="106.70331307"><ele>17.537</ele><time>2025-01-16T12:48:30Z</time><speed>0.820</speed><sat>21</sat></trkpt>
  <trkpt lat="10.77588387" lon="106.70333215"><ele>18.411</ele><time>2025-01-16T12:48:31Z</time><speed>0.990</speed><sat>20</sat></trkpt>
  <trkpt lat="10.77587792" lon="106.70335687"><ele>17.661</ele><time>2025-01-16T12:48:32Z</time><speed>1.710</speed><sat>20</sat></trkpt>
  <trkpt lat="10.77587334" lon="106.70337917"><ele>16.671</ele><time>2025-01-16T12:48:33Z</time><speed>0.760</speed><sat>19</sat></trkpt>
  <trkpt lat="10.77587095" lon="106.70339338"><ele>16.175</ele><time>2025-01-16T12:48:34Z</time><speed>0.640</speed><sat>18</sat></trkpt>
  <trkpt lat="10.77586518" lon="106.70340854"><ele>15.587</ele><time>2025-01-16T12:48:35Z</time><speed>1.230</speed><sat>18</sat></trkpt>
  <trkpt lat="10.77585792" lon="106.70342014"><ele>14.484</ele><time>2025-01-16T12:48:36Z</time><speed>0.540</speed><sat>18</sat></trkpt>
  <trkpt lat="10.77585339" lon="106.70342705"><ele>14.216</ele><time>2025-01-16T12:48:37Z</time><speed>0.590</speed><sat>21</sat></trkpt>
  <trkpt lat="10.77585039" lon="106.70343288"><ele>14.032</ele><time>2025-01-16T12:48:38Z</time><speed>0.590</speed><sat>21</sat></trkpt>
  <trkpt lat="10.77584693" lon="106.70343927"><ele>11.404</ele><time>2025-01-16T12:48:39Z</time><speed>0.610</speed><sat>21</sat></trkpt>
  <trkpt lat="10.77584344" lon="106.70344856"><ele>11.156</ele><time>2025-01-16T12:48:40Z</time><speed>0.650</speed><sat>21</sat></trkpt>
  <trkpt lat="10.77584006" lon="106.70345939"><ele>9.409</ele><time>2025-01-16T12:48:41Z</time><speed>0.650</speed><sat>21</sat></trkpt>
  <trkpt lat="10.77583455" lon="106.70346435"><ele>10.432</ele><time>2025-01-16T12:48:42Z</time><speed>0.660</speed><sat>21</sat></trkpt>
  <trkpt lat="10.77582659" lon="106.70346698"><ele>8.475</ele><time>2025-01-16T12:48:43Z</time><speed>0.760</speed><sat>18</sat></trkpt>
  <trkpt lat="10.77581758" lon="106.70347181"><ele>9.270</ele><time>2025-01-16T12:48:44Z</time><speed>0.940</speed><sat>18</sat></trkpt>
  <trkpt lat="10.77581063" lon="106.70348100"><ele>9.748</ele><time>2025-01-16T12:48:45Z</time><speed>0.760</speed><sat>18</sat></trkpt>
  <trkpt lat="10.77580733" lon="106.70349103"><ele>9.868</ele><time>2025-01-16T12:48:46Z</time><speed>0.610</speed><sat>19</sat></trkpt>
  <trkpt lat="10.77580688" lon="106.70350125"><ele>9.690</ele><time>2025-01-16T12:48:47Z</time><speed>0.550</speed><sat>19</sat></trkpt>
  <trkpt lat="10.77580574" lon="106.70351024"><ele>9.889</ele><time>2025-01-16T12:48:48Z</time><speed>0.370</speed><sat>19</sat></trkpt>
  <trkpt lat="10.77580451" lon="106.70351845"><ele>9.159</ele><time>2025-01-16T12:48:49Z</time><speed>0.260</speed><sat>19</sat></trkpt>
  <trkpt lat="10.77580192" lon="106.70352981"><ele>7.807</ele><time>2025-01-16T12:48:50Z</time><speed>0.610</speed><sat>18</sat></trkpt>
  <trkpt lat="10.77579783" lon="106.70355038"><ele>7.183</ele><time>2025-01-16T12:48:51Z</time><speed>1.710</speed><sat>18</sat></trkpt>
  <trkpt lat="10.77579389" lon="106.70355976"><ele>6.685</ele><time>2025-01-16T12:48:52Z</time><speed>0.170</speed><sat>18</sat></trkpt>
  <trkpt lat="10.77579584" lon="106.70356545"><ele>6.430</ele><time>2025-01-16T12:48:53Z</time><speed>0.480</speed><sat>18</sat></trkpt>
  <trkpt lat="10.77579444" lon="106.70357177"><ele>6.137</ele><time>2025-01-16T12:48:54Z</time><speed>0.620</speed><sat>18</sat></trkpt>
  <trkpt lat="10.77579229" lon="106.70357910"><ele>6.204</ele><time>2025-01-16T12:48:55Z</time><speed>0.590</speed><sat>17</sat></trkpt>
  <trkpt lat="10.77578784" lon="106.70359847"><ele>4.262</ele><time>2025-01-16T12:48:56Z</time><speed>1.970</speed><sat>17</sat></trkpt>
  <trkpt lat="10.77577913" lon="106.70361895"><ele>5.292</ele><time>2025-01-16T12:48:57Z</time><speed>1.580</speed><sat>16</sat></trkpt>
  <trkpt lat="10.77576580" lon="106.70363550"><ele>4.202</ele><time>2025-01-16T12:48:58Z</time><speed>1.870</speed><sat>17</sat></trkpt>
  <trkpt lat="10.77575667" lon="106.70364331"><ele>3.533</ele><time>2025-01-16T12:48:59Z</time><speed>0.490</speed><sat>17</sat></trkpt>
  <trkpt lat="10.77575183" lon="106.70364390"><ele>3.888</ele><time>2025-01-16T12:49:00Z</time><speed>0.450</speed><sat>17</sat></trkpt>
  <trkpt lat="10.77574620" lon="106.70364599"><ele>3.796</ele><time>2025-01-16T12:49:01Z</time><speed>0.450</speed><sat>18</sat></trkpt>
  <trkpt lat="10.77574157" lon="106.70364974"><ele>3.412</ele><time>2025-01-16T12:49:02Z</time><speed>0.510</speed><sat>19</sat></trkpt>
  <trkpt lat="10.77573871" lon="106.70365562"><ele>3.349</ele><time>2025-01-16T12:49:03Z</time><speed>0.530</speed><sat>20</sat></trkpt>
  <trkpt lat="10.77573502" lon="106.70366227"><ele>3.659</ele><time>2025-01-16T12:49:04Z</time><speed>0.650</speed><sat>20</sat></trkpt>
  <trkpt lat="10.77573296" lon="106.70366608"><ele>2.402</ele><time>2025-01-16T12:49:05Z</time><speed>0.320</speed><sat>20</sat></trkpt>
  <trkpt lat="10.77572711" lon="106.70368227"><ele>2.092</ele><time>2025-01-16T12:49:06Z</time><speed>1.860</speed><sat>19</sat></trkpt>
  <trkpt lat="10.77572227" lon="106.70369328"><ele>2.574</ele><time>2025-01-16T12:49:07Z</time><speed>0.000</speed><sat>18</sat></trkpt>
  <trkpt lat="10.77571810" lon="106.70369388"><ele>1.668</ele><time>2025-01-16T12:49:08Z</time><speed>0.260</speed><sat>17</sat></trkpt>
  <trkpt lat="10.77570968" lon="106.70369154"><ele>1.718</ele><time>2025-01-16T12:49:09Z</time><speed>0.610</speed><sat>16</sat></trkpt>
  <trkpt lat="10.77568854" lon="106.70368693"><ele>3.294</ele><time>2025-01-16T12:49:10Z</time><speed>1.800</speed><sat>16</sat></trkpt>
  <trkpt lat="10.77566445" lon="106.70367625"><ele>2.169</ele><time>2025-01-16T12:49:11Z</time><speed>1.840</speed><sat>16</sat></trkpt>
  <trkpt lat="10.77565410" lon="106.70367315"><ele>1.592</ele><time>2025-01-16T12:49:12Z</time><speed>0.460</speed><sat>17</sat></trkpt>
  <trkpt lat="10.77565133" lon="106.70367835"><ele>1.940</ele><time>2025-01-16T12:49:13Z</time><speed>0.440</speed><sat>18</sat></trkpt>
  <trkpt lat="10.77565548" lon="106.70368488"><ele>1.665</ele><time>2025-01-16T12:49:14Z</time><speed>0.210</speed><sat>21</sat></trkpt>
  <trkpt lat="10.77566289" lon="106.70369048"><ele>1.239</ele><time>2025-01-16T12:49:15Z</time><speed>0.250</speed><sat>22</sat></trkpt>
  <trkpt lat="10.77567174" lon="106.70369332"><ele>0.100</ele><time>2025-01-16T12:49:16Z</time><speed>0.170</speed><sat>21</sat></trkpt>
  <trkpt lat="10.77569196" lon="106.70369993"><ele>-0.265</ele><time>2025-01-16T12:49:17Z</time><speed>0.000</speed><sat>21</sat></trkpt>
  <trkpt lat="10.77569677" lon="106.70370063"><ele>0.024</ele><time>2025-01-16T12:49:18Z</time><speed>0.000</speed><sat>20</sat></trkpt>
  <trkpt lat="10.77569940" lon="106.70370139"><ele>0.102</ele><time>2025-01-16T12:49:19Z</time><speed>0.000</speed><sat>19</sat></trkpt>
  <trkpt lat="10.77569862" lon="106.70370068"><ele>-0.091</ele><time>2025-01-16T12:49:20Z</time><speed>0.000</speed><sat>18</sat></trkpt>
  <trkpt lat="10.77569719" lon="106.70369926"><ele>-0.338</ele><time>2025-01-16T12:49:21Z</time><speed>0.000</speed><sat>17</sat></trkpt>
  <trkpt lat="10.77569701" lon="106.70369856"><ele>-0.201</ele><time>2025-01-16T12:49:22Z</time><speed>0.000</speed><sat>16</sat></trkpt>
  <trkpt lat="10.77569164" lon="106.70369276"><ele>-0.083</ele><time>2025-01-16T12:49:23Z</time><speed>0.000</speed><sat>15</sat></trkpt>
  <trkpt lat="10.77568625" lon="106.70368854"><ele>-0.443</ele><time>2025-01-16T12:49:24Z</time><speed>0.000</speed><sat>16</sat></trkpt>
  <trkpt lat="10.77568082" lon="106.70368533"><ele>-1.243</ele><time>2025-01-16T12:49:25Z</time><speed>0.000</speed><sat>16</sat></trkpt>
  <trkpt lat="10.77567547" lon="106.70368333"><ele>-1.706</ele><time>2025-01-16T12:49:26Z</time><speed>0.000</speed><sat>15</sat></trkpt>
  <trkpt lat="10.77567209" lon="106.70368146"><ele>-1.923</ele><time>2025-01-16T12:49:27Z</time><speed>0.000</speed><sat>13</sat></trkpt>
  <trkpt lat="10.77566686" lon="106.70367543"><ele>-1.338</ele><time>2025-01-16T12:49:28Z</time><speed>0.000</speed><sat>14</sat></trkpt>
  <trkpt lat="10.77566436" lon="106.70367191"><ele>-1.417</ele><time>2025-01-16T12:49:29Z</time><speed>0.000</speed><sat>16</sat></trkpt>
  <trkpt lat="10.77566303" lon="106.70366929"><ele>-1.297</ele><time>2025-01-16T12:49:30Z</time><speed>0.000</speed><sat>15</sat></trkpt>
  <trkpt lat="10.77566112" lon="106.70366666"><ele>-0.932</ele><time>2025-01-16T12:49:31Z</time><speed>0.000</speed><sat>15</sat></trkpt>
  <trkpt lat="10.77565952" lon="106.70366389"><ele>-0.520</ele><time>2025-01-16T12:49:32Z</time><speed>0.000</speed><sat>16</sat></trkpt>
  <trkpt lat="10.77565464" lon="106.70366097"><ele>-0.461</ele><time>2025-01-16T12:49:33Z</time><speed>0.000</speed><sat>16</sat></trkpt>
  <trkpt lat="10.77565236" lon="106.70365941"><ele>-0.384</ele><time>2025-01-16T12:49:34Z</time><speed>0.000</speed><sat>16</sat></trkpt>
  <trkpt lat="10.77565135" lon="106.70365828"><ele>-0.189</ele><time>2025-01-16T12:49:35Z</time><speed>0.000</speed><sat>16</sat></trkpt>
  <trkpt lat="10.77565134" lon="106.70365713"><ele>0.223</ele><time>2025-01-16T12:49:36Z</time><speed>0.000</speed><sat>17</sat></trkpt>
  <trkpt lat="10.77565142" lon="106.70365643"><ele>0.393</ele><time>2025-01-16T12:49:37Z</time><speed>0.000</speed><sat>19</sat></trkpt>
  <trkpt lat="10.77564957" lon="106.70365429"><ele>0.707</ele><time>2025-01-16T12:49:38Z</time><speed>0.000</speed><sat>18</sat></trkpt>
  <trkpt lat="10.77564875" lon="106.70365329"><ele>0.744</ele><time>2025-01-16T12:49:39Z</time><speed>0.000</speed><sat>18</sat></trkpt>
  <trkpt lat="10.77564807" lon="106.70365256"><ele>0.753</ele><time>2025-01-16T12:49:40Z</time><speed>0.000</speed><sat>18</sat></trkpt>
  <trkpt lat="10.77564765" lon="106.70365214"><ele>0.834</ele><time>2025-01-16T12:49:41Z</time><speed>0.000</speed><sat>18</sat></trkpt>
  <trkpt lat="10.77564737" lon="106.70365183"><ele>0.872</ele><time>2025-01-16T12:49:42Z</time><speed>0.000</speed><sat>17</sat></trkpt>
  <trkpt lat="10.77564551" lon="106.70365125"><ele>1.021</ele><time>2025-01-16T12:49:43Z</time><speed>0.000</speed><sat>18</sat></trkpt>
  <trkpt lat="10.77564456" lon="106.70365098"><ele>1.037</ele><time>2025-01-16T12:49:44Z</time><speed>0.000</speed><sat>18</sat></trkpt>
  <trkpt lat="10.77564411" lon="106.70365099"><ele>1.050</ele><time>2025-01-16T12:49:45Z</time><speed>0.000</speed><sat>18</sat></trkpt>
  <trkpt lat="10.77564372" lon="106.70365063"><ele>1.152</ele><time>2025-01-16T12:49:46Z</time><speed>0.000</speed><sat>19</sat></trkpt>
  <trkpt lat="10.77564327" lon="106.70364997"><ele>1.216</ele><time>2025-01-16T12:49:47Z</time><speed>0.000</speed><sat>19</sat></trkpt>
  <trkpt lat="10.77564039" lon="106.70364756"><ele>1.388</ele><time>2025-01-16T12:49:48Z</time><speed>0.000</speed><sat>20</sat></trkpt>
  <trkpt lat="10.77563890" lon="106.70364640"><ele>1.447</ele><time>2025-01-16T12:49:49Z</time><speed>0.000</speed><sat>22</sat></trkpt>
  <trkpt lat="10.77563799" lon="106.70364555"><ele>1.490</ele><time>2025-01-16T12:49:50Z</time><speed>0.000</speed><sat>22</sat></trkpt>
  <trkpt lat="10.77563759" lon="106.70364560"><ele>1.348</ele><time>2025-01-16T12:49:51Z</time><speed>0.000</speed><sat>23</sat></trkpt>
  <trkpt lat="10.77563752" lon="106.70364624"><ele>1.142</ele><time>2025-01-16T12:49:52Z</time><speed>0.000</speed><sat>22</sat></trkpt>
  <trkpt lat="10.77563629" lon="106.70364721"><ele>0.947</ele><time>2025-01-16T12:49:53Z</time><speed>0.000</speed><sat>22</sat></trkpt>
  <trkpt lat="10.77563409" lon="106.70365438"><ele>1.143</ele><time>2025-01-16T12:49:54Z</time><speed>0.440</speed><sat>21</sat></trkpt>
  <trkpt lat="10.77563426" lon="106.70366630"><ele>-0.200</ele><time>2025-01-16T12:49:55Z</time><speed>0.550</speed><sat>21</sat></trkpt>
  <trkpt lat="10.77562171" lon="106.70368921"><ele>-2.485</ele><time>2025-01-16T12:49:56Z</time><speed>2.360</speed><sat>19</sat></trkpt>
  <trkpt lat="10.77561039" lon="106.70371553"><ele>-3.016</ele><time>2025-01-16T12:49:57Z</time><speed>1.110</speed><sat>18</sat></trkpt>
  <trkpt lat="10.77559838" lon="106.70373225"><ele>-3.743</ele><time>2025-01-16T12:49:58Z</time><speed>0.550</speed><sat>18</sat></trkpt>
  <trkpt lat="10.77558852" lon="106.70374568"><ele>-2.569</ele><time>2025-01-16T12:49:59Z</time><speed>0.490</speed><sat>19</sat></trkpt>
  <trkpt lat="10.77557970" lon="106.70375566"><ele>-2.920</ele><time>2025-01-16T12:50:00Z</time><speed>0.470</speed><sat>21</sat></trkpt>
  <trkpt lat="10.77556227" lon="106.70377672"><ele>-4.207</ele><time>2025-01-16T12:50:01Z</time><speed>0.000</speed><sat>21</sat></trkpt>
  <trkpt lat="10.77555274" lon="106.70378750"><ele>-4.352</ele><time>2025-01-16T12:50:02Z</time><speed>0.000</speed><sat>23</sat></trkpt>
  <trkpt lat="10.77554681" lon="106.70379246"><ele>-3.606</ele><time>2025-01-16T12:50:03Z</time><speed>0.000</speed><sat>23</sat></trkpt>
  <trkpt lat="10.77554115" lon="106.70379877"><ele>-4.074</ele><time>2025-01-16T12:50:04Z</time><speed>0.000</speed><sat>23</sat></trkpt>
  <trkpt lat="10.77553211" lon="106.70380588"><ele>-4.139</ele><time>2025-01-16T12:50:05Z</time><speed>0.000</speed><sat>23</sat></trkpt>
  <trkpt lat="10.77551595" lon="106.70381804"><ele>-4.643</ele><time>2025-01-16T12:50:06Z</time><speed>2.000</speed><sat>23</sat></trkpt>
  <trkpt lat="10.77549811" lon="106.70382875"><ele>-5.123</ele><time>2025-01-16T12:50:07Z</time><speed>1.210</speed><sat>23</sat></trkpt>
  <trkpt lat="10.77547902" lon="106.70383432"><ele>-4.349</ele><time>2025-01-16T12:50:08Z</time><speed>1.380</speed><sat>21</sat></trkpt>
  <trkpt lat="10.77545997" lon="106.70384205"><ele>-2.232</ele><time>2025-01-16T12:50:09Z</time><speed>0.940</speed><sat>21</sat></trkpt>
  <trkpt lat="10.77544260" lon="106.70384808"><ele>0.942</ele><time>2025-01-16T12:50:10Z</time><speed>0.990</speed><sat>23</sat></trkpt>
  <trkpt lat="10.77542340" lon="106.70385747"><ele>1.909</ele><time>2025-01-16T12:50:11Z</time><speed>1.450</speed><sat>22</sat></trkpt>
  <trkpt lat="10.77540797" lon="106.70387081"><ele>3.883</ele><time>2025-01-16T12:50:12Z</time><speed>1.220</speed><sat>22</sat></trkpt>
  <trkpt lat="10.77539720" lon="106.70388051"><ele>7.231</ele><time>2025-01-16T12:50:13Z</time><speed>0.940</speed><sat>23</sat></trkpt>
  <trkpt lat="10.77538744" lon="106.70388670"><ele>8.984</ele><time>2025-01-16T12:50:14Z</time><speed>0.690</speed><sat>25</sat></trkpt>
  <trkpt lat="10.77537888" lon="106.70389089"><ele>10.801</ele><time>2025-01-16T12:50:15Z</time><speed>0.620</speed><sat>25</sat></trkpt>
  <trkpt lat="10.77535683" lon="106.70389889"><ele>11.031</ele><time>2025-01-16T12:50:16Z</time><speed>2.200</speed><sat>24</sat></trkpt>
  <trkpt lat="10.77534046" lon="106.70390665"><ele>11.807</ele><time>2025-01-16T12:50:17Z</time><speed>0.970</speed><sat>25</sat></trkpt>
  <trkpt lat="10.77533162" lon="106.70391210"><ele>12.774</ele><time>2025-01-16T12:50:18Z</time><speed>0.800</speed><sat>25</sat></trkpt>
  <trkpt lat="10.77532539" lon="106.70391675"><ele>12.535</ele><time>2025-01-16T12:50:19Z</time><speed>0.540</speed><sat>23</sat></trkpt>
  <trkpt lat="10.77532374" lon="106.70391947"><ele>12.694</ele><time>2025-01-16T12:50:20Z</time><speed>0.180</speed><sat>23</sat></trkpt>
  <trkpt lat="10.77532251" lon="106.70392196"><ele>13.814</ele><time>2025-01-16T12:50:21Z</time><speed>0.220</speed><sat>24</sat></trkpt>
  <trkpt lat="10.77532244" lon="106.70392817"><ele>14.677</ele><time>2025-01-16T12:50:22Z</time><speed>0.540</speed><sat>23</sat></trkpt>
  <trkpt lat="10.77532293" lon="106.70393631"><ele>15.049</ele><time>2025-01-16T12:50:23Z</time><speed>0.580</speed><sat>20</sat></trkpt>
  <trkpt lat="10.77532335" lon="106.70394357"><ele>15.118</ele><time>2025-01-16T12:50:24Z</time><speed>0.550</speed><sat>21</sat></trkpt>
  <trkpt lat="10.77532470" lon="106.70394925"><ele>15.451</ele><time>2025-01-16T12:50:25Z</time><speed>0.380</speed><sat>20</sat></trkpt>
  <trkpt lat="10.77532383" lon="106.70395629"><ele>16.339</ele><time>2025-01-16T12:50:26Z</time><speed>0.500</speed><sat>20</sat></trkpt>
  <trkpt lat="10.77532220" lon="106.70396712"><ele>16.995</ele><time>2025-01-16T12:50:27Z</time><speed>0.930</speed><sat>19</sat></trkpt>
  <trkpt lat="10.77531995" lon="106.70397878"><ele>18.168</ele><time>2025-01-16T12:50:28Z</time><speed>0.880</speed><sat>19</sat></trkpt>
  <trkpt lat="10.77531482" lon="106.70398938"><ele>19.024</ele><time>2025-01-16T12:50:29Z</time><speed>0.970</speed><sat>20</sat></trkpt>
  <trkpt lat="10.77531183" lon="106.70399684"><ele>19.953</ele><time>2025-01-16T12:50:30Z</time><speed>0.470</speed><sat>20</sat></trkpt>
  <trkpt lat="10.77530745" lon="106.70400025"><ele>19.669</ele><time>2025-01-16T12:50:31Z</time><speed>0.510</speed><sat>20</sat></trkpt>
  <trkpt lat="10.77530381" lon="106.70400406"><ele>19.608</ele><time>2025-01-16T12:50:32Z</time><speed>0.530</speed><sat>18</sat></trkpt>
  <trkpt lat="10.77530071" lon="106.70400877"><ele>19.804</ele><time>2025-01-16T12:50:33Z</time><speed>0.850</speed><sat>19</sat></trkpt>
  <trkpt lat="10.77529985" lon="106.70401202"><ele>20.187</ele><time>2025-01-16T12:50:34Z</time><speed>0.190</speed><sat>19</sat></trkpt>
  <trkpt lat="10.77530189" lon="106.70401404"><ele>22.540</ele><time>2025-01-16T12:50:35Z</time><speed>0.230</speed><sat>18</sat></trkpt>
  <trkpt lat="10.77529650" lon="106.70402136"><ele>21.693</ele><time>2025-01-16T12:50:36Z</time><speed>0.700</speed><sat>19</sat></trkpt>
  <trkpt lat="10.77528695" lon="106.70403134"><ele>20.772</ele><time>2025-01-16T12:50:37Z</time><speed>0.750</speed><sat>19</sat></trkpt>
  <trkpt lat="10.77527649" lon="106.70404162"><ele>21.471</ele><time>2025-01-16T12:50:38Z</time><speed>0.860</speed><sat>23</sat></trkpt>
  <trkpt lat="10.77526733" lon="106.70405382"><ele>21.699</ele><time>2025-01-16T12:50:39Z</time><speed>0.970</speed><sat>24</sat></trkpt>
  <trkpt lat="10.77525652" lon="106.70406628"><ele>21.042</ele><time>2025-01-16T12:50:40Z</time><speed>0.900</speed><sat>24</sat></trkpt>
  <trkpt lat="10.77524668" lon="106.70407784"><ele>20.699</ele><time>2025-01-16T12:50:41Z</time><speed>0.970</speed><sat>25</sat></trkpt>
  <trkpt lat="10.77523844" lon="106.70408465"><ele>20.275</ele><time>2025-01-16T12:50:42Z</time><speed>0.230</speed><sat>24</sat></trkpt>
  <trkpt lat="10.77523043" lon="106.70408739"><ele>20.599</ele><time>2025-01-16T12:50:43Z</time><speed>0.480</speed><sat>24</sat></trkpt>
  <trkpt lat="10.77522319" lon="106.70409230"><ele>20.806</ele><time>2025-01-16T12:50:44Z</time><speed>0.240</speed><sat>22</sat></trkpt>
  <trkpt lat="10.77521745" lon="106.70409762"><ele>20.270</ele><time>2025-01-16T12:50:45Z</time><speed>0.220</speed><sat>19</sat></trkpt>
  <trkpt lat="10.77521644" lon="106.70410376"><ele>20.807</ele><time>2025-01-16T12:50:46Z</time><speed>0.630</speed><sat>19</sat></trkpt>
  <trkpt lat="10.77521911" lon="106.70411355"><ele>19.888</ele><time>2025-01-16T12:50:47Z</time><speed>1.260</speed><sat>19</sat></trkpt>
  <trkpt lat="10.77521871" lon="106.70412036"><ele>20.493</ele><time>2025-01-16T12:50:48Z</time><speed>0.360</speed><sat>18</sat></trkpt>
  <trkpt lat="10.77521579" lon="106.70412851"><ele>20.618</ele><time>2025-01-16T12:50:49Z</time><speed>0.810</speed><sat>18</sat></trkpt>
  <trkpt lat="10.77521167" lon="106.70414058"><ele>20.410</ele><time>2025-01-16T12:50:50Z</time><speed>1.440</speed><sat>19</sat></trkpt>
  <trkpt lat="10.77520706" lon="106.70415162"><ele>21.415</ele><time>2025-01-16T12:50:51Z</time><speed>0.570</speed><sat>19</sat></trkpt>
  <trkpt lat="10.77520319" lon="106.70415683"><ele>21.744</ele><time>2025-01-16T12:50:52Z</time><speed>0.000</speed><sat>19</sat></trkpt>
  <trkpt lat="10.77519302" lon="106.70416419"><ele>22.621</ele><time>2025-01-16T12:50:53Z</time><speed>1.500</speed><sat>19</sat></trkpt>
  <trkpt lat="10.77518454" lon="106.70416715"><ele>22.728</ele><time>2025-01-16T12:50:54Z</time><speed>0.260</speed><sat>19</sat></trkpt>
  <trkpt lat="10.77517457" lon="106.70416773"><ele>24.390</ele><time>2025-01-16T12:50:55Z</time><speed>0.780</speed><sat>19</sat></trkpt>
  <trkpt lat="10.77514955" lon="106.70417610"><ele>24.301</ele><time>2025-01-16T12:50:56Z</time><speed>2.410</speed><sat>19</sat></trkpt>
  <trkpt lat="10.77512868" lon="106.70417758"><ele>22.908</ele><time>2025-01-16T12:50:57Z</time><speed>0.890</speed><sat>19</sat></trkpt>
  <trkpt lat="10.77512261" lon="106.70417990"><ele>23.408</ele><time>2025-01-16T12:50:58Z</time><speed>0.350</speed><sat>19</sat></trkpt>
  <trkpt lat="10.77511898" lon="106.70418302"><ele>22.393</ele><time>2025-01-16T12:50:59Z</time><speed>0.180</speed><sat>21</sat></trkpt>
  <trkpt lat="10.77511251" lon="106.70418965"><ele>22.712</ele><time>2025-01-16T12:51:00Z</time><speed>0.000</speed><sat>21</sat></trkpt>
  <trkpt lat="10.77510619" lon="106.70419391"><ele>22.311</ele><time>2025-01-16T12:51:01Z</time><speed>0.000</speed><sat>21</sat></trkpt>
  <trkpt lat="10.77510323" lon="106.70419757"><ele>21.702</ele><time>2025-01-16T12:51:02Z</time><speed>0.000</speed><sat>21</sat></trkpt>
  <trkpt lat="10.77509769" lon="106.70420344"><ele>21.571</ele><time>2025-01-16T12:51:03Z</time><speed>0.000</speed><sat>20</sat></trkpt>
  <trkpt lat="10.77508941" lon="106.70420973"><ele>22.127</ele><time>2025-01-16T12:51:04Z</time><speed>0.620</speed><sat>22</sat></trkpt>
  <trkpt lat="10.77508040" lon="106.70421575"><ele>21.374</ele><time>2025-01-16T12:51:05Z</time><speed>0.580</speed><sat>22</sat></trkpt>
  <trkpt lat="10.77507496" lon="106.70422317"><ele>20.099</ele><time>2025-01-16T12:51:06Z</time><speed>0.430</speed><sat>21</sat></trkpt>
  <trkpt lat="10.77506912" lon="106.70422625"><ele>19.892</ele><time>2025-01-16T12:51:07Z</time><speed>0.460</speed><sat>22</sat></trkpt>
  <trkpt lat="10.77506171" lon="106.70423129"><ele>21.159</ele><time>2025-01-16T12:51:08Z</time><speed>0.560</speed><sat>22</sat></trkpt>
  <trkpt lat="10.77505239" lon="106.70423765"><ele>20.593</ele><time>2025-01-16T12:51:09Z</time><speed>0.250</speed><sat>22</sat></trkpt>
  <trkpt lat="10.77504536" lon="106.70424364"><ele>21.028</ele><time>2025-01-16T12:51:10Z</time><speed>0.280</speed><sat>21</sat></trkpt>
  <trkpt lat="10.77503685" lon="106.70425899"><ele>22.361</ele><time>2025-01-16T12:51:11Z</time><speed>0.000</speed><sat>20</sat></trkpt>
  <trkpt lat="10.77503211" lon="106.70426779"><ele>22.922</ele><time>2025-01-16T12:51:12Z</time><speed>0.000</speed><sat>21</sat></trkpt>
  <trkpt lat="10.77502865" lon="106.70427682"><ele>23.529</ele><time>2025-01-16T12:51:13Z</time><speed>0.000</speed><sat>22</sat></trkpt>
  <trkpt lat="10.77502837" lon="106.70428230"><ele>24.228</ele><time>2025-01-16T12:51:14Z</time><speed>0.000</speed><sat>22</sat></trkpt>
  <trkpt lat="10.77502828" lon="106.70428860"><ele>24.401</ele><time>2025-01-16T12:51:15Z</time><speed>0.000</speed><sat>23</sat></trkpt>
  <trkpt lat="10.77502714" lon="106.70429078"><ele>25.302</ele><time>2025-01-16T12:51:16Z</time><speed>0.000</speed><sat>23</sat></trkpt>
  <trkpt lat="10.77502585" lon="106.70429393"><ele>25.396</ele><time>2025-01-16T12:51:17Z</time><speed>0.000</speed><sat>24</sat></trkpt>
  <trkpt lat="10.77502637" lon="106.70429848"><ele>25.805</ele><time>2025-01-16T12:51:18Z</time><speed>0.000</speed><sat>23</sat></trkpt>
  <trkpt lat="10.77502577" lon="106.70430330"><ele>26.192</ele><time>2025-01-16T12:51:19Z</time><speed>0.000</speed><sat>23</sat></trkpt>
  <trkpt lat="10.77502514" lon="106.70430726"><ele>26.550</ele><time>2025-01-16T12:51:20Z</time><speed>0.000</speed><sat>23</sat></trkpt>
  <trkpt lat="10.77502493" lon="106.70431192"><ele>27.040</ele><time>2025-01-16T12:51:21Z</time><speed>0.000</speed><sat>23</sat></trkpt>
  <trkpt lat="10.77502451" lon="106.70431626"><ele>27.277</ele><time>2025-01-16T12:51:22Z</time><speed>0.000</speed><sat>23</sat></trkpt>
  <trkpt lat="10.77502398" lon="106.70432119"><ele>27.775</ele><time>2025-01-16T12:51:23Z</time><speed>0.000</speed><sat>22</sat></trkpt>
  <trkpt lat="10.77502430" lon="106.70432546"><ele>27.893</ele><time>2025-01-16T12:51:24Z</time><speed>0.000</speed><sat>25</sat></trkpt>
  <trkpt lat="10.77502399" lon="106.70432899"><ele>28.161</ele><time>2025-01-16T12:51:25Z</time><speed>0.000</speed><sat>25</sat></trkpt>
  <trkpt lat="10.77502392" lon="106.70433233"><ele>28.442</ele><time>2025-01-16T12:51:26Z</time><speed>0.000</speed><sat>25</sat></trkpt>
  <trkpt lat="10.77502370" lon="106.70433572"><ele>28.721</ele><time>2025-01-16T12:51:27Z</time><speed>0.000</speed><sat>25</sat></trkpt>
  <trkpt lat="10.77501830" lon="106.70433249"><ele>29.261</ele><time>2025-01-16T12:51:28Z</time><speed>0.000</speed><sat>26</sat></trkpt>
  <trkpt lat="10.77501510" lon="106.70433124"><ele>28.991</ele><time>2025-01-16T12:51:29Z</time><speed>0.000</speed><sat>28</sat></trkpt>
  <trkpt lat="10.77501385" lon="106.70433147"><ele>28.348</ele><time>2025-01-16T12:51:30Z</time><speed>0.000</speed><sat>26</sat></trkpt>
  <trkpt lat="10.77500040" lon="106.70433722"><ele>27.975</ele><time>2025-01-16T12:51:31Z</time><speed>0.840</speed><sat>26</sat></trkpt>
  <trkpt lat="10.77497718" lon="106.70435100"><ele>28.759</ele><time>2025-01-16T12:51:32Z</time><speed>1.960</speed><sat>26</sat></trkpt>
  <trkpt lat="10.77495569" lon="106.70435857"><ele>28.009</ele><time>2025-01-16T12:51:33Z</time><speed>0.660</speed><sat>28</sat></trkpt>
  <trkpt lat="10.77493742" lon="106.70436783"><ele>26.529</ele><time>2025-01-16T12:51:34Z</time><speed>0.850</speed><sat>28</sat></trkpt>
  <trkpt lat="10.77491860" lon="106.70437106"><ele>23.184</ele><time>2025-01-16T12:51:35Z</time><speed>0.450</speed><sat>28</sat></trkpt>
  <trkpt lat="10.77489948" lon="106.70437063"><ele>21.534</ele><time>2025-01-16T12:51:36Z</time><speed>0.470</speed><sat>30</sat></trkpt>
  <trkpt lat="10.77487051" lon="106.70435874"><ele>15.590</ele><time>2025-01-16T12:51:37Z</time><speed>2.100</speed><sat>31</sat></trkpt>
  <trkpt lat="10.77483523" lon="106.70435448"><ele>15.144</ele><time>2025-01-16T12:51:38Z</time><speed>2.060</speed><sat>31</sat></trkpt>
  <trkpt lat="10.77480466" lon="106.70436101"><ele>14.107</ele><time>2025-01-16T12:51:39Z</time><speed>1.140</speed><sat>29</sat></trkpt>
  <trkpt lat="10.77478033" lon="106.70437107"><ele>13.941</ele><time>2025-01-16T12:51:40Z</time><speed>1.130</speed><sat>29</sat></trkpt>
  <trkpt lat="10.77475945" lon="106.70438238"><ele>13.839</ele><time>2025-01-16T12:51:41Z</time><speed>1.190</speed><sat>29</sat></trkpt>
  <trkpt lat="10.77474775" lon="106.70439234"><ele>12.743</ele><time>2025-01-16T12:51:42Z</time><speed>0.380</speed><sat>26</sat></trkpt>
  <trkpt lat="10.77474004" lon="106.70440211"><ele>13.485</ele><time>2025-01-16T12:51:43Z</time><speed>0.000</speed><sat>26</sat></trkpt>
  <trkpt lat="10.77473543" lon="106.70440875"><ele>13.537</ele><time>2025-01-16T12:51:44Z</time><speed>0.220</speed><sat>25</sat></trkpt>
  <trkpt lat="10.77472676" lon="106.70441755"><ele>14.214</ele><time>2025-01-16T12:51:45Z</time><speed>0.900</speed><sat>27</sat></trkpt>
  <trkpt lat="10.77471377" lon="106.70443125"><ele>13.835</ele><time>2025-01-16T12:51:46Z</time><speed>1.420</speed><sat>29</sat></trkpt>
  <trkpt lat="10.77470311" lon="106.70444511"><ele>13.604</ele><time>2025-01-16T12:51:47Z</time><speed>0.890</speed><sat>29</sat></trkpt>
  <trkpt lat="10.77469327" lon="106.70445374"><ele>13.740</ele><time>2025-01-16T12:51:48Z</time><speed>0.730</speed><sat>29</sat></trkpt>
  <trkpt lat="10.77468570" lon="106.70445939"><ele>13.351</ele><time>2025-01-16T12:51:49Z</time><speed>0.450</speed><sat>29</sat></trkpt>
  <trkpt lat="10.77468131" lon="106.70446216"><ele>14.062</ele><time>2025-01-16T12:51:50Z</time><speed>0.180</speed><sat>30</sat></trkpt>
  <trkpt lat="10.77467595" lon="106.70446440"><ele>14.000</ele><time>2025-01-16T12:51:51Z</time><speed>0.310</speed><sat>31</sat></trkpt>
  <trkpt lat="10.77467417" lon="106.70447323"><ele>14.237</ele><time>2025-01-16T12:51:52Z</time><speed>0.000</speed><sat>29</sat></trkpt>
  <trkpt lat="10.77467421" lon="106.70448140"><ele>14.677</ele><time>2025-01-16T12:51:53Z</time><speed>0.000</speed><sat>28</sat></trkpt>
  <trkpt lat="10.77467629" lon="106.70448741"><ele>14.536</ele><time>2025-01-16T12:51:54Z</time><speed>0.000</speed><sat>28</sat></trkpt>
  <trkpt lat="10.77467849" lon="106.70449119"><ele>14.537</ele><time>2025-01-16T12:51:55Z</time><speed>0.000</speed><sat>27</sat></trkpt>
  <trkpt lat="10.77468116" lon="106.70449692"><ele>14.428</ele><time>2025-01-16T12:51:56Z</time><speed>0.000</speed><sat>28</sat></trkpt>
  <trkpt lat="10.77468344" lon="106.70450038"><ele>14.943</ele><time>2025-01-16T12:51:57Z</time><speed>0.000</speed><sat>27</sat></trkpt>
  <trkpt lat="10.77468188" lon="106.70450434"><ele>14.768</ele><time>2025-01-16T12:51:58Z</time><speed>0.000</speed><sat>28</sat></trkpt>
  <trkpt lat="10.77468154" lon="106.70450763"><ele>15.069</ele><time>2025-01-16T12:51:59Z</time><speed>0.000</speed><sat>28</sat></trkpt>
  <trkpt lat="10.77467404" lon="106.70451354"><ele>15.054</ele><time>2025-01-16T12:52:00Z</time><speed>0.900</speed><sat>28</sat></trkpt>
  <trkpt lat="10.77466388" lon="106.70452040"><ele>15.427</ele><time>2025-01-16T12:52:01Z</time><speed>0.960</speed><sat>28</sat></trkpt>
  <trkpt lat="10.77465876" lon="106.70452483"><ele>15.320</ele><time>2025-01-16T12:52:02Z</time><speed>0.000</speed><sat>28</sat></trkpt>
  <trkpt lat="10.77466068" lon="106.70453180"><ele>15.273</ele><time>2025-01-16T12:52:03Z</time><speed>0.000</speed><sat>27</sat></trkpt>
  <trkpt lat="10.77466370" lon="106.70454048"><ele>16.030</ele><time>2025-01-16T12:52:04Z</time><speed>0.000</speed><sat>26</sat></trkpt>
  <trkpt lat="10.77466493" lon="106.70454643"><ele>16.488</ele><time>2025-01-16T12:52:05Z</time><speed>0.000</speed><sat>26</sat></trkpt>
  <trkpt lat="10.77466495" lon="106.70455142"><ele>16.813</ele><time>2025-01-16T12:52:06Z</time><speed>0.000</speed><sat>27</sat></trkpt>
  <trkpt lat="10.77466088" lon="106.70455770"><ele>16.404</ele><time>2025-01-16T12:52:07Z</time><speed>0.000</speed><sat>27</sat></trkpt>
  <trkpt lat="10.77465606" lon="106.70456566"><ele>16.316</ele><time>2025-01-16T12:52:08Z</time><speed>0.000</speed><sat>27</sat></trkpt>
  <trkpt lat="10.77465277" lon="106.70457030"><ele>16.765</ele><time>2025-01-16T12:52:09Z</time><speed>0.000</speed><sat>28</sat></trkpt>
  <trkpt lat="10.77464830" lon="106.70457554"><ele>16.474</ele><time>2025-01-16T12:52:10Z</time><speed>0.000</speed><sat>28</sat></trkpt>
  <trkpt lat="10.77464794" lon="106.70458179"><ele>16.991</ele><time>2025-01-16T12:52:11Z</time><speed>0.000</speed><sat>25</sat></trkpt>
  <trkpt lat="10.77464635" lon="106.70458584"><ele>17.205</ele><time>2025-01-16T12:52:12Z</time><speed>0.000</speed><sat>26</sat></trkpt>
  <trkpt lat="10.77464545" lon="106.70458934"><ele>17.179</ele><time>2025-01-16T12:52:13Z</time><speed>0.000</speed><sat>26</sat></trkpt>
  <trkpt lat="10.77464210" lon="106.70459070"><ele>16.598</ele><time>2025-01-16T12:52:14Z</time><speed>0.370</speed><sat>26</sat></trkpt>
  <trkpt lat="10.77463915" lon="106.70459287"><ele>17.893</ele><time>2025-01-16T12:52:15Z</time><speed>0.340</speed><sat>26</sat></trkpt>
  <trkpt lat="10.77463805" lon="106.70459465"><ele>17.733</ele><time>2025-01-16T12:52:16Z</time><speed>0.000</speed><sat>26</sat></trkpt>
  <trkpt lat="10.77463543" lon="106.70459855"><ele>17.561</ele><time>2025-01-16T12:52:17Z</time><speed>0.410</speed><sat>26</sat></trkpt>
  <trkpt lat="10.77463294" lon="106.70460417"><ele>17.235</ele><time>2025-01-16T12:52:18Z</time><speed>0.430</speed><sat>24</sat></trkpt>
  <trkpt lat="10.77463089" lon="106.70460667"><ele>16.852</ele><time>2025-01-16T12:52:19Z</time><speed>0.240</speed><sat>22</sat></trkpt>
  <trkpt lat="10.77462878" lon="106.70460712"><ele>18.294</ele><time>2025-01-16T12:52:20Z</time><speed>0.000</speed><sat>22</sat></trkpt>
  <trkpt lat="10.77462642" lon="106.70461014"><ele>18.005</ele><time>2025-01-16T12:52:21Z</time><speed>0.000</speed><sat>24</sat></trkpt>
  <trkpt lat="10.77462474" lon="106.70461525"><ele>19.353</ele><time>2025-01-16T12:52:22Z</time><speed>0.370</speed><sat>24</sat></trkpt>
  <trkpt lat="10.77461891" lon="106.70462130"><ele>20.131</ele><time>2025-01-16T12:52:23Z</time><speed>0.550</speed><sat>24</sat></trkpt>
  <trkpt lat="10.77460982" lon="106.70462476"><ele>18.691</ele><time>2025-01-16T12:52:24Z</time><speed>0.710</speed><sat>24</sat></trkpt>
  <trkpt lat="10.77460345" lon="106.70462787"><ele>19.092</ele><time>2025-01-16T12:52:25Z</time><speed>0.260</speed><sat>24</sat></trkpt>
  <trkpt lat="10.77460296" lon="106.70462940"><ele>17.657</ele><time>2025-01-16T12:52:26Z</time><speed>0.000</speed><sat>24</sat></trkpt>
  <trkpt lat="10.77460533" lon="106.70462945"><ele>16.817</ele><time>2025-01-16T12:52:27Z</time><speed>0.400</speed><sat>21</sat></trkpt>
  <trkpt lat="10.77461031" lon="106.70462989"><ele>16.267</ele><time>2025-01-16T12:52:28Z</time><speed>0.370</speed><sat>21</sat></trkpt>
  <trkpt lat="10.77461218" lon="106.70462911"><ele>15.691</ele><time>2025-01-16T12:52:29Z</time><speed>0.200</speed><sat>21</sat></trkpt>
  <trkpt lat="10.77460562" lon="106.70463703"><ele>13.557</ele><time>2025-01-16T12:52:30Z</time><speed>0.960</speed><sat>21</sat></trkpt>
  <trkpt lat="10.77460006" lon="106.70464695"><ele>14.104</ele><time>2025-01-16T12:52:31Z</time><speed>0.690</speed><sat>21</sat></trkpt>
  <trkpt lat="10.77458773" lon="106.70464904"><ele>13.717</ele><time>2025-01-16T12:52:32Z</time><speed>0.000</speed><sat>20</sat></trkpt>
  <trkpt lat="10.77457944" lon="106.70464765"><ele>13.242</ele><time>2025-01-16T12:52:33Z</time><speed>0.000</speed><sat>19</sat></trkpt>
  <trkpt lat="10.77457394" lon="106.70464407"><ele>12.910</ele><time>2025-01-16T12:52:34Z</time><speed>0.000</speed><sat>20</sat></trkpt>
  <trkpt lat="10.77456950" lon="106.70464167"><ele>12.712</ele><time>2025-01-16T12:52:35Z</time><speed>0.430</speed><sat>19</sat></trkpt>
  <trkpt lat="10.77456719" lon="106.70463945"><ele>10.976</ele><time>2025-01-16T12:52:36Z</time><speed>0.000</speed><sat>18</sat></trkpt>
  <trkpt lat="10.77456444" lon="106.70463628"><ele>11.002</ele><time>2025-01-16T12:52:37Z</time><speed>0.000</speed><sat>18</sat></trkpt>
  <trkpt lat="10.77456091" lon="106.70463454"><ele>10.646</ele><time>2025-01-16T12:52:38Z</time><speed>0.000</speed><sat>18</sat></trkpt>
  <trkpt lat="10.77455775" lon="106.70463374"><ele>10.818</ele><time>2025-01-16T12:52:39Z</time><speed>0.000</speed><sat>18</sat></trkpt>
  <trkpt lat="10.77454889" lon="106.70466124"><ele>9.534</ele><time>2025-01-16T12:52:40Z</time><speed>2.590</speed><sat>18</sat></trkpt>
  <trkpt lat="10.77453875" lon="106.70468265"><ele>8.149</ele><time>2025-01-16T12:52:41Z</time><speed>1.380</speed><sat>22</sat></trkpt>
  <trkpt lat="10.77453511" lon="106.70472862"><ele>6.998</ele><time>2025-01-16T12:52:42Z</time><speed>4.430</speed><sat>22</sat></trkpt>
  <trkpt lat="10.77451599" lon="106.70478323"><ele>7.660</ele><time>2025-01-16T12:52:43Z</time><speed>4.470</speed><sat>22</sat></trkpt>
  <trkpt lat="10.77450678" lon="106.70480818"><ele>9.399</ele><time>2025-01-16T12:52:44Z</time><speed>0.790</speed><sat>24</sat></trkpt>
  <trkpt lat="10.77450078" lon="106.70482693"><ele>10.786</ele><time>2025-01-16T12:52:45Z</time><speed>2.220</speed><sat>27</sat></trkpt>
  <trkpt lat="10.77449773" lon="106.70483738"><ele>9.310</ele><time>2025-01-16T12:52:46Z</time><speed>0.560</speed><sat>27</sat></trkpt>
  <trkpt lat="10.77449628" lon="106.70484299"><ele>8.335</ele><time>2025-01-16T12:52:47Z</time><speed>0.760</speed><sat>27</sat></trkpt>
  <trkpt lat="10.77449256" lon="106.70485094"><ele>9.017</ele><time>2025-01-16T12:52:48Z</time><speed>0.800</speed><sat>26</sat></trkpt>
  <trkpt lat="10.77448626" lon="106.70485321"><ele>9.469</ele><time>2025-01-16T12:52:49Z</time><speed>0.510</speed><sat>27</sat></trkpt>
  <trkpt lat="10.77447270" lon="106.70486041"><ele>8.123</ele><time>2025-01-16T12:52:50Z</time><speed>1.670</speed><sat>27</sat></trkpt>
  <trkpt lat="10.77445833" lon="106.70485959"><ele>8.688</ele><time>2025-01-16T12:52:51Z</time><speed>0.000</speed><sat>26</sat></trkpt>
  <trkpt lat="10.77445579" lon="106.70485756"><ele>7.882</ele><time>2025-01-16T12:52:52Z</time><speed>0.000</speed><sat>26</sat></trkpt>
  <trkpt lat="10.77445290" lon="106.70486197"><ele>8.929</ele><time>2025-01-16T12:52:53Z</time><speed>0.930</speed><sat>26</sat></trkpt>
  <trkpt lat="10.77444723" lon="106.70485392"><ele>9.197</ele><time>2025-01-16T12:52:54Z</time><speed>0.590</speed><sat>27</sat></trkpt>
  <trkpt lat="10.77444873" lon="106.70485199"><ele>9.669</ele><time>2025-01-16T12:52:55Z</time><speed>0.560</speed><sat>23</sat></trkpt>
  <trkpt lat="10.77445451" lon="106.70485433"><ele>9.776</ele><time>2025-01-16T12:52:56Z</time><speed>0.480</speed><sat>24</sat></trkpt>
  <trkpt lat="10.77445879" lon="106.70485571"><ele>8.038</ele><time>2025-01-16T12:52:57Z</time><speed>0.260</speed><sat>26</sat></trkpt>
  <trkpt lat="10.77446080" lon="106.70485913"><ele>8.184</ele><time>2025-01-16T12:52:58Z</time><speed>0.560</speed><sat>27</sat></trkpt>
  <trkpt lat="10.77446033" lon="106.70486237"><ele>7.902</ele><time>2025-01-16T12:52:59Z</time><speed>0.220</speed><sat>28</sat></trkpt>
  <trkpt lat="10.77445789" lon="106.70486637"><ele>9.138</ele><time>2025-01-16T12:53:00Z</time><speed>0.450</speed><sat>28</sat></trkpt>
  <trkpt lat="10.77445608" lon="106.70487347"><ele>9.188</ele><time>2025-01-16T12:53:01Z</time><speed>0.430</speed><sat>28</sat></trkpt>
  <trkpt lat="10.77445221" lon="106.70488102"><ele>8.980</ele><time>2025-01-16T12:53:02Z</time><speed>0.650</speed><sat>27</sat></trkpt>
  <trkpt lat="10.77444518" lon="106.70488772"><ele>9.048</ele><time>2025-01-16T12:53:03Z</time><speed>0.690</speed><sat>26</sat></trkpt>
  <trkpt lat="10.77443655" lon="106.70489090"><ele>9.378</ele><time>2025-01-16T12:53:04Z</time><speed>0.390</speed><sat>26</sat></trkpt>
  <trkpt lat="10.77442602" lon="106.70489258"><ele>9.764</ele><time>2025-01-16T12:53:05Z</time><speed>0.470</speed><sat>25</sat></trkpt>
  <trkpt lat="10.77441634" lon="106.70489091"><ele>10.666</ele><time>2025-01-16T12:53:06Z</time><speed>0.490</speed><sat>25</sat></trkpt>
  <trkpt lat="10.77440167" lon="106.70488900"><ele>9.868</ele><time>2025-01-16T12:53:07Z</time><speed>1.460</speed><sat>26</sat></trkpt>
  <trkpt lat="10.77438108" lon="106.70488774"><ele>9.879</ele><time>2025-01-16T12:53:08Z</time><speed>1.480</speed><sat>27</sat></trkpt>
  <trkpt lat="10.77437014" lon="106.70488818"><ele>9.511</ele><time>2025-01-16T12:53:09Z</time><speed>0.380</speed><sat>29</sat></trkpt>
  <trkpt lat="10.77436333" lon="106.70489281"><ele>9.444</ele><time>2025-01-16T12:53:10Z</time><speed>0.450</speed><sat>29</sat></trkpt>
  <trkpt lat="10.77435483" lon="106.70489593"><ele>9.837</ele><time>2025-01-16T12:53:11Z</time><speed>0.310</speed><sat>28</sat></trkpt>
  <trkpt lat="10.77434684" lon="106.70490182"><ele>9.124</ele><time>2025-01-16T12:53:12Z</time><speed>0.820</speed><sat>28</sat></trkpt>
  <trkpt lat="10.77433463" lon="106.70491007"><ele>10.450</ele><time>2025-01-16T12:53:13Z</time><speed>1.110</speed><sat>29</sat></trkpt>
  <trkpt lat="10.77432390" lon="106.70491774"><ele>11.876</ele><time>2025-01-16T12:53:14Z</time><speed>0.780</speed><sat>28</sat></trkpt>
  <trkpt lat="10.77431532" lon="106.70492494"><ele>13.089</ele><time>2025-01-16T12:53:15Z</time><speed>0.740</speed><sat>27</sat></trkpt>
  <trkpt lat="10.77430682" lon="106.70493091"><ele>13.239</ele><time>2025-01-16T12:53:16Z</time><speed>0.560</speed><sat>27</sat></trkpt>
  <trkpt lat="10.77429867" lon="106.70493921"><ele>14.100</ele><time>2025-01-16T12:53:17Z</time><speed>0.860</speed><sat>27</sat></trkpt>
  <trkpt lat="10.77429009" lon="106.70494518"><ele>14.645</ele><time>2025-01-16T12:53:18Z</time><speed>0.570</speed><sat>27</sat></trkpt>
  <trkpt lat="10.77428244" lon="106.70494722"><ele>15.756</ele><time>2025-01-16T12:53:19Z</time><speed>0.520</speed><sat>29</sat></trkpt>
  <trkpt lat="10.77427454" lon="106.70494674"><ele>14.842</ele><time>2025-01-16T12:53:20Z</time><speed>0.730</speed><sat>29</sat></trkpt>
  <trkpt lat="10.77426848" lon="106.70494621"><ele>16.112</ele><time>2025-01-16T12:53:21Z</time><speed>0.540</speed><sat>30</sat></trkpt>
  <trkpt lat="10.77426061" lon="106.70494966"><ele>17.699</ele><time>2025-01-16T12:53:22Z</time><speed>0.980</speed><sat>30</sat></trkpt>
  <trkpt lat="10.77425139" lon="106.70495558"><ele>17.844</ele><time>2025-01-16T12:53:23Z</time><speed>0.910</speed><sat>30</sat></trkpt>
  <trkpt lat="10.77424823" lon="106.70495979"><ele>17.713</ele><time>2025-01-16T12:53:24Z</time><speed>0.500</speed><sat>31</sat></trkpt>
  <trkpt lat="10.77424947" lon="106.70496423"><ele>17.101</ele><time>2025-01-16T12:53:25Z</time><speed>0.530</speed><sat>30</sat></trkpt>
  <trkpt lat="10.77425381" lon="106.70496896"><ele>17.725</ele><time>2025-01-16T12:53:26Z</time><speed>0.450</speed><sat>30</sat></trkpt>
  <trkpt lat="10.77426028" lon="106.70497477"><ele>18.121</ele><time>2025-01-16T12:53:27Z</time><speed>0.560</speed><sat>29</sat></trkpt>
  <trkpt lat="10.77426343" lon="106.70497578"><ele>17.665</ele><time>2025-01-16T12:53:28Z</time><speed>0.160</speed><sat>30</sat></trkpt>
  <trkpt lat="10.77426674" lon="106.70497397"><ele>18.199</ele><time>2025-01-16T12:53:29Z</time><speed>0.170</speed><sat>30</sat></trkpt>
  <trkpt lat="10.77426729" lon="106.70497435"><ele>18.358</ele><time>2025-01-16T12:53:30Z</time><speed>0.250</speed><sat>29</sat></trkpt>
  <trkpt lat="10.77426851" lon="106.70497486"><ele>18.436</ele><time>2025-01-16T12:53:31Z</time><speed>0.240</speed><sat>29</sat></trkpt>
  <trkpt lat="10.77426728" lon="106.70497400"><ele>18.396</ele><time>2025-01-16T12:53:32Z</time><speed>0.370</speed><sat>29</sat></trkpt>
  <trkpt lat="10.77426437" lon="106.70497597"><ele>19.425</ele><time>2025-01-16T12:53:33Z</time><speed>0.220</speed><sat>30</sat></trkpt>
  <trkpt lat="10.77426042" lon="106.70497846"><ele>20.447</ele><time>2025-01-16T12:53:34Z</time><speed>0.240</speed><sat>29</sat></trkpt>
  <trkpt lat="10.77425564" lon="106.70498152"><ele>20.853</ele><time>2025-01-16T12:53:35Z</time><speed>0.210</speed><sat>29</sat></trkpt>
  <trkpt lat="10.77424563" lon="106.70499081"><ele>20.870</ele><time>2025-01-16T12:53:36Z</time><speed>0.000</speed><sat>29</sat></trkpt>
  <trkpt lat="10.77424092" lon="106.70499788"><ele>20.875</ele><time>2025-01-16T12:53:37Z</time><speed>0.000</speed><sat>28</sat></trkpt>
  <trkpt lat="10.77423902" lon="106.70500465"><ele>21.486</ele><time>2025-01-16T12:53:38Z</time><speed>0.000</speed><sat>27</sat></trkpt>
  <trkpt lat="10.77423844" lon="106.70500936"><ele>21.673</ele><time>2025-01-16T12:53:39Z</time><speed>0.000</speed><sat>27</sat></trkpt>
  <trkpt lat="10.77423781" lon="106.70501197"><ele>21.913</ele><time>2025-01-16T12:53:40Z</time><speed>0.000</speed><sat>29</sat></trkpt>
  <trkpt lat="10.77423357" lon="106.70500732"><ele>21.346</ele><time>2025-01-16T12:53:41Z</time><speed>0.430</speed><sat>29</sat></trkpt>
  <trkpt lat="10.77423221" lon="106.70500068"><ele>21.250</ele><time>2025-01-16T12:53:42Z</time><speed>0.000</speed><sat>28</sat></trkpt>
  <trkpt lat="10.77423174" lon="106.70499637"><ele>20.897</ele><time>2025-01-16T12:53:43Z</time><speed>0.000</speed><sat>28</sat></trkpt>
  <trkpt lat="10.77423512" lon="106.70499464"><ele>20.730</ele><time>2025-01-16T12:53:44Z</time><speed>0.000</speed><sat>28</sat></trkpt>
  <trkpt lat="10.77423841" lon="106.70499272"><ele>20.831</ele><time>2025-01-16T12:53:45Z</time><speed>0.000</speed><sat>27</sat></trkpt>
  <trkpt lat="10.77422943" lon="106.70499198"><ele>20.539</ele><time>2025-01-16T12:53:46Z</time><speed>1.590</speed><sat>23</sat></trkpt>
  <trkpt lat="10.77422619" lon="106.70499160"><ele>21.132</ele><time>2025-01-16T12:53:47Z</time><speed>0.530</speed><sat>22</sat></trkpt>
  <trkpt lat="10.77422661" lon="106.70499168"><ele>20.978</ele><time>2025-01-16T12:53:48Z</time><speed>0.640</speed><sat>25</sat></trkpt>
  <trkpt lat="10.77422907" lon="106.70499429"><ele>21.266</ele><time>2025-01-16T12:53:49Z</time><speed>0.570</speed><sat>24</sat></trkpt>
  <trkpt lat="10.77423980" lon="106.70498851"><ele>21.516</ele><time>2025-01-16T12:53:50Z</time><speed>0.000</speed><sat>24</sat></trkpt>
  <trkpt lat="10.77424454" lon="106.70498931"><ele>21.644</ele><time>2025-01-16T12:53:51Z</time><speed>0.680</speed><sat>25</sat></trkpt>
  <trkpt lat="10.77424945" lon="106.70499576"><ele>21.985</ele><time>2025-01-16T12:53:52Z</time><speed>0.840</speed><sat>25</sat></trkpt>
  <trkpt lat="10.77425658" lon="106.70500116"><ele>21.461</ele><time>2025-01-16T12:53:53Z</time><speed>0.740</speed><sat>25</sat></trkpt>
  <trkpt lat="10.77426485" lon="106.70500244"><ele>19.505</ele><time>2025-01-16T12:53:54Z</time><speed>0.630</speed><sat>23</sat></trkpt>
  <trkpt lat="10.77427217" lon="106.70500382"><ele>19.764</ele><time>2025-01-16T12:53:55Z</time><speed>0.670</speed><sat>23</sat></trkpt>
  <trkpt lat="10.77428078" lon="106.70501054"><ele>19.493</ele><time>2025-01-16T12:53:56Z</time><speed>1.620</speed><sat>22</sat></trkpt>
  <trkpt lat="10.77429332" lon="106.70501787"><ele>19.569</ele><time>2025-01-16T12:53:57Z</time><speed>1.370</speed><sat>22</sat></trkpt>
  <trkpt lat="10.77430896" lon="106.70501965"><ele>17.620</ele><time>2025-01-16T12:53:58Z</time><speed>1.520</speed><sat>24</sat></trkpt>
  <trkpt lat="10.77432134" lon="106.70502431"><ele>17.090</ele><time>2025-01-16T12:53:59Z</time><speed>1.320</speed><sat>24</sat></trkpt>
  <trkpt lat="10.77433159" lon="106.70502742"><ele>16.907</ele><time>2025-01-16T12:54:00Z</time><speed>0.940</speed><sat>24</sat></trkpt>
  <trkpt lat="10.77432650" lon="106.70502823"><ele>15.744</ele><time>2025-01-16T12:54:01Z</time><speed>0.760</speed><sat>24</sat></trkpt>
  <trkpt lat="10.77432201" lon="106.70502762"><ele>15.357</ele><time>2025-01-16T12:54:02Z</time><speed>0.000</speed><sat>29</sat></trkpt>
  <trkpt lat="10.77432335" lon="106.70502737"><ele>14.994</ele><time>2025-01-16T12:54:03Z</time><speed>0.810</speed><sat>29</sat></trkpt>
  <trkpt lat="10.77430787" lon="106.70501908"><ele>13.683</ele><time>2025-01-16T12:54:04Z</time><speed>0.000</speed><sat>28</sat></trkpt>
  <trkpt lat="10.77429176" lon="106.70501203"><ele>11.248</ele><time>2025-01-16T12:54:05Z</time><speed>0.000</speed><sat>29</sat></trkpt>
  <trkpt lat="10.77428084" lon="106.70500988"><ele>10.196</ele><time>2025-01-16T12:54:06Z</time><speed>0.000</speed><sat>29</sat></trkpt>
  <trkpt lat="10.77427168" lon="106.70500932"><ele>9.002</ele><time>2025-01-16T12:54:07Z</time><speed>0.000</speed><sat>29</sat></trkpt>
  <trkpt lat="10.77426550" lon="106.70501043"><ele>8.195</ele><time>2025-01-16T12:54:08Z</time><speed>0.000</speed><sat>28</sat></trkpt>
  <trkpt lat="10.77426331" lon="106.70501221"><ele>6.011</ele><time>2025-01-16T12:54:09Z</time><speed>0.000</speed><sat>28</sat></trkpt>
  <trkpt lat="10.77426316" lon="106.70502205"><ele>4.133</ele><time>2025-01-16T12:54:10Z</time><speed>0.780</speed><sat>29</sat></trkpt>
  <trkpt lat="10.77426487" lon="106.70504029"><ele>3.895</ele><time>2025-01-16T12:54:11Z</time><speed>1.200</speed><sat>28</sat></trkpt>
  <trkpt lat="10.77426676" lon="106.70506144"><ele>3.468</ele><time>2025-01-16T12:54:12Z</time><speed>1.210</speed><sat>28</sat></trkpt>
  <trkpt lat="10.77426625" lon="106.70508331"><ele>3.423</ele><time>2025-01-16T12:54:13Z</time><speed>1.010</speed><sat>27</sat></trkpt>
  <trkpt lat="10.77426414" lon="106.70509843"><ele>4.071</ele><time>2025-01-16T12:54:14Z</time><speed>0.000</speed><sat>27</sat></trkpt>
  <trkpt lat="10.77426090" lon="106.70510748"><ele>3.080</ele><time>2025-01-16T12:54:15Z</time><speed>0.000</speed><sat>26</sat></trkpt>
  <trkpt lat="10.77425962" lon="106.70512101"><ele>3.542</ele><time>2025-01-16T12:54:16Z</time><speed>0.370</speed><sat>26</sat></trkpt>
  <trkpt lat="10.77426240" lon="106.70513832"><ele>3.533</ele><time>2025-01-16T12:54:17Z</time><speed>0.850</speed><sat>26</sat></trkpt>
  <trkpt lat="10.77426506" lon="106.70515686"><ele>3.968</ele><time>2025-01-16T12:54:18Z</time><speed>0.890</speed><sat>26</sat></trkpt>
  <trkpt lat="10.77427049" lon="106.70518049"><ele>3.372</ele><time>2025-01-16T12:54:19Z</time><speed>1.670</speed><sat>26</sat></trkpt>
  <trkpt lat="10.77427244" lon="106.70519752"><ele>3.131</ele><time>2025-01-16T12:54:20Z</time><speed>0.260</speed><sat>27</sat></trkpt>
  <trkpt lat="10.77427009" lon="106.70521536"><ele>2.528</ele><time>2025-01-16T12:54:21Z</time><speed>0.000</speed><sat>27</sat></trkpt>
  <trkpt lat="10.77426773" lon="106.70522659"><ele>1.688</ele><time>2025-01-16T12:54:22Z</time><speed>0.000</speed><sat>27</sat></trkpt>
  <trkpt lat="10.77427012" lon="106.70523798"><ele>1.774</ele><time>2025-01-16T12:54:23Z</time><speed>0.580</speed><sat>27</sat></trkpt>
  <trkpt lat="10.77427451" lon="106.70524383"><ele>2.164</ele><time>2025-01-16T12:54:24Z</time><speed>0.380</speed><sat>25</sat></trkpt>
  <trkpt lat="10.77427972" lon="106.70524841"><ele>3.076</ele><time>2025-01-16T12:54:25Z</time><speed>0.570</speed><sat>23</sat></trkpt>
  <trkpt lat="10.77428386" lon="106.70525329"><ele>3.113</ele><time>2025-01-16T12:54:26Z</time><speed>0.460</speed><sat>22</sat></trkpt>
  <trkpt lat="10.77428982" lon="106.70525718"><ele>2.683</ele><time>2025-01-16T12:54:27Z</time><speed>0.770</speed><sat>23</sat></trkpt>
  <trkpt lat="10.77429471" lon="106.70526190"><ele>3.244</ele><time>2025-01-16T12:54:28Z</time><speed>0.570</speed><sat>23</sat></trkpt>
  <trkpt lat="10.77430034" lon="106.70526658"><ele>3.344</ele><time>2025-01-16T12:54:29Z</time><speed>0.750</speed><sat>25</sat></trkpt>
  <trkpt lat="10.77430599" lon="106.70527205"><ele>4.619</ele><time>2025-01-16T12:54:30Z</time><speed>0.460</speed><sat>26</sat></trkpt>
  <trkpt lat="10.77431005" lon="106.70527694"><ele>4.913</ele><time>2025-01-16T12:54:31Z</time><speed>0.410</speed><sat>26</sat></trkpt>
  <trkpt lat="10.77431251" lon="106.70528258"><ele>5.652</ele><time>2025-01-16T12:54:32Z</time><speed>0.240</speed><sat>26</sat></trkpt>
  <trkpt lat="10.77431135" lon="106.70529220"><ele>5.400</ele><time>2025-01-16T12:54:33Z</time><speed>0.710</speed><sat>26</sat></trkpt>
  <trkpt lat="10.77430782" lon="106.70529842"><ele>4.858</ele><time>2025-01-16T12:54:34Z</time><speed>0.000</speed><sat>26</sat></trkpt>
  <trkpt lat="10.77430506" lon="106.70530007"><ele>4.842</ele><time>2025-01-16T12:54:35Z</time><speed>0.000</speed><sat>24</sat></trkpt>
  <trkpt lat="10.77430288" lon="106.70530055"><ele>4.920</ele><time>2025-01-16T12:54:36Z</time><speed>0.000</speed><sat>23</sat></trkpt>
  <trkpt lat="10.77430110" lon="106.70530076"><ele>5.020</ele><time>2025-01-16T12:54:37Z</time><speed>0.000</speed><sat>22</sat></trkpt>
  <trkpt lat="10.77429895" lon="106.70530115"><ele>4.977</ele><time>2025-01-16T12:54:38Z</time><speed>0.000</speed><sat>21</sat></trkpt>
  <trkpt lat="10.77429840" lon="106.70530028"><ele>4.737</ele><time>2025-01-16T12:54:39Z</time><speed>0.000</speed><sat>21</sat></trkpt>
  <trkpt lat="10.77429814" lon="106.70529978"><ele>4.722</ele><time>2025-01-16T12:54:40Z</time><speed>0.000</speed><sat>21</sat></trkpt>
  <trkpt lat="10.77430155" lon="106.70529386"><ele>4.489</ele><time>2025-01-16T12:54:41Z</time><speed>0.000</speed><sat>20</sat></trkpt>
  <trkpt lat="10.77430267" lon="106.70529117"><ele>4.462</ele><time>2025-01-16T12:54:42Z</time><speed>0.000</speed><sat>18</sat></trkpt>
  <trkpt lat="10.77430278" lon="106.70528949"><ele>4.457</ele><time>2025-01-16T12:54:43Z</time><speed>0.000</speed><sat>15</sat></trkpt>
  <trkpt lat="10.77430259" lon="106.70528838"><ele>4.393</ele><time>2025-01-16T12:54:44Z</time><speed>0.000</speed><sat>14</sat></trkpt>
  <trkpt lat="10.77430545" lon="106.70528336"><ele>4.237</ele><time>2025-01-16T12:54:45Z</time><speed>0.000</speed><sat>11</sat></trkpt>
  <trkpt lat="10.77430647" lon="106.70528047"><ele>4.127</ele><time>2025-01-16T12:54:46Z</time><speed>0.000</speed><sat>9</sat></trkpt>
  <trkpt lat="10.77430699" lon="106.70527904"><ele>4.130</ele><time>2025-01-16T12:54:47Z</time><speed>0.000</speed><sat>10</sat></trkpt>
  <trkpt lat="10.77430711" lon="106.70527841"><ele>4.101</ele><time>2025-01-16T12:54:48Z</time><speed>0.000</speed><sat>9</sat></trkpt>
  <trkpt lat="10.77430735" lon="106.70527812"><ele>4.070</ele><time>2025-01-16T12:54:49Z</time><speed>0.000</speed><sat>10</sat></trkpt>
  <trkpt lat="10.77431007" lon="106.70527453"><ele>4.000</ele><time>2025-01-16T12:54:50Z</time><speed>0.000</speed><sat>11</sat></trkpt>
  <trkpt lat="10.77431142" lon="106.70527274"><ele>3.995</ele><time>2025-01-16T12:54:51Z</time><speed>0.000</speed><sat>11</sat></trkpt>
  <trkpt lat="10.77431210" lon="106.70527184"><ele>3.995</ele><time>2025-01-16T12:54:52Z</time><speed>0.000</speed><sat>12</sat></trkpt>
  <trkpt lat="10.77431245" lon="106.70527143"><ele>4.009</ele><time>2025-01-16T12:54:53Z</time><speed>0.000</speed><sat>8</sat></trkpt>
  <trkpt lat="10.77431263" lon="106.70527123"><ele>4.009</ele><time>2025-01-16T12:54:54Z</time><speed>0.000</speed><sat>8</sat></trkpt>
  <trkpt lat="10.77431496" lon="106.70526827"><ele>3.979</ele><time>2025-01-16T12:54:55Z</time><speed>0.000</speed><sat>6</sat></trkpt>
  <trkpt lat="10.77431610" lon="106.70526686"><ele>3.983</ele><time>2025-01-16T12:54:56Z</time><speed>0.000</speed><sat>4</sat></trkpt>
  <trkpt lat="10.77431666" lon="106.70526615"><ele>3.983</ele><time>2025-01-16T12:54:57Z</time><speed>0.000</speed><sat>4</sat></trkpt>
  <trkpt lat="10.77431694" lon="106.70526580"><ele>3.983</ele><time>2025-01-16T12:54:58Z</time><speed>0.000</speed><sat>3</sat></trkpt>
  <trkpt lat="10.77431708" lon="106.70526562"><ele>3.983</ele><time>2025-01-16T12:54:59Z</time><speed>0.000</speed><sat>4</sat></trkpt>
  <trkpt lat="10.77431949" lon="106.70526249"><ele>3.927</ele><time>2025-01-16T12:55:00Z</time><speed>0.000</speed><sat>3</sat></trkpt>
  <trkpt lat="10.77432069" lon="106.70526092"><ele>3.927</ele><time>2025-01-16T12:55:01Z</time><speed>0.000</speed><sat>3</sat></trkpt>
  <trkpt lat="10.77441070" lon="106.70516819"><ele>2.682</ele><time>2025-01-16T12:55:02Z</time><speed>0.430</speed><sat>2</sat></trkpt>
  <trkpt lat="10.77432163" lon="106.70525968"><ele>3.913</ele><time>2025-01-16T12:55:03Z</time><speed>0.000</speed><sat>2</sat></trkpt>
  <trkpt lat="10.77442386" lon="106.70515772"><ele>2.612</ele><time>2025-01-16T12:55:04Z</time><speed>0.570</speed><sat>2</sat></trkpt>
  <trkpt lat="10.77428440" lon="106.70522301"><ele>-15.478</ele><time>2025-01-16T12:58:31Z</time><speed>0.310</speed><sat>24</sat></trkpt>
  <trkpt lat="10.77429238" lon="106.70525921"><ele>-15.841</ele><time>2025-01-16T12:58:32Z</time><speed>0.000</speed><sat>25</sat></trkpt>
  <trkpt lat="10.77429571" lon="106.70527627"><ele>-15.558</ele><time>2025-01-16T12:58:33Z</time><speed>0.000</speed><sat>25</sat></trkpt>
  <trkpt lat="10.77429709" lon="106.70528771"><ele>-13.920</ele><time>2025-01-16T12:58:34Z</time><speed>0.000</speed><sat>25</sat></trkpt>
  <trkpt lat="10.77429745" lon="106.70529389"><ele>-14.207</ele><time>2025-01-16T12:58:35Z</time><speed>0.000</speed><sat>27</sat></trkpt>
  <trkpt lat="10.77430296" lon="106.70529889"><ele>-12.208</ele><time>2025-01-16T12:58:36Z</time><speed>0.000</speed><sat>26</sat></trkpt>
  <trkpt lat="10.77430888" lon="106.70530641"><ele>-10.863</ele><time>2025-01-16T12:58:37Z</time><speed>0.320</speed><sat>27</sat></trkpt>
  <trkpt lat="10.77431711" lon="106.70531596"><ele>-9.201</ele><time>2025-01-16T12:58:38Z</time><speed>0.500</speed><sat>28</sat></trkpt>
  <trkpt lat="10.77432223" lon="106.70532608"><ele>-7.917</ele><time>2025-01-16T12:58:39Z</time><speed>0.450</speed><sat>28</sat></trkpt>
  <trkpt lat="10.77432913" lon="106.70533809"><ele>-6.395</ele><time>2025-01-16T12:58:40Z</time><speed>0.650</speed><sat>28</sat></trkpt>
  <trkpt lat="10.77433393" lon="106.70534517"><ele>-7.016</ele><time>2025-01-16T12:58:41Z</time><speed>0.190</speed><sat>28</sat></trkpt>
  <trkpt lat="10.77433494" lon="106.70535306"><ele>-7.794</ele><time>2025-01-16T12:58:42Z</time><speed>0.570</speed><sat>28</sat></trkpt>
  <trkpt lat="10.77433461" lon="106.70536207"><ele>-7.558</ele><time>2025-01-16T12:58:43Z</time><speed>0.540</speed><sat>28</sat></trkpt>
  <trkpt lat="10.77433701" lon="106.70537265"><ele>-4.803</ele><time>2025-01-16T12:58:44Z</time><speed>0.660</speed><sat>27</sat></trkpt>
  <trkpt lat="10.77433971" lon="106.70538335"><ele>-4.352</ele><time>2025-01-16T12:58:45Z</time><speed>0.580</speed><sat>27</sat></trkpt>
  <trkpt lat="10.77434529" lon="106.70539439"><ele>-2.753</ele><time>2025-01-16T12:58:46Z</time><speed>0.720</speed><sat>26</sat></trkpt>
  <trkpt lat="10.77434880" lon="106.70540717"><ele>-2.407</ele><time>2025-01-16T12:58:47Z</time><speed>0.870</speed><sat>28</sat></trkpt>
  <trkpt lat="10.77435261" lon="106.70541789"><ele>-2.314</ele><time>2025-01-16T12:58:48Z</time><speed>0.490</speed><sat>28</sat></trkpt>
  <trkpt lat="10.77435510" lon="106.70542856"><ele>-3.090</ele><time>2025-01-16T12:58:49Z</time><speed>0.810</speed><sat>28</sat></trkpt>
  <trkpt lat="10.77435803" lon="106.70543948"><ele>-4.090</ele><time>2025-01-16T12:58:50Z</time><speed>0.790</speed><sat>28</sat></trkpt>
  <trkpt lat="10.77436513" lon="106.70544852"><ele>-2.548</ele><time>2025-01-16T12:58:51Z</time><speed>0.690</speed><sat>27</sat></trkpt>
  <trkpt lat="10.77436792" lon="106.70545668"><ele>-0.742</ele><time>2025-01-16T12:58:52Z</time><speed>0.610</speed><sat>26</sat></trkpt>
  <trkpt lat="10.77436599" lon="106.70546563"><ele>0.016</ele><time>2025-01-16T12:58:53Z</time><speed>0.790</speed><sat>27</sat></trkpt>
  <trkpt lat="10.77436423" lon="106.70547858"><ele>0.179</ele><time>2025-01-16T12:58:54Z</time><speed>1.280</speed><sat>27</sat></trkpt>
  <trkpt lat="10.77436914" lon="106.70549262"><ele>0.449</ele><time>2025-01-16T12:58:55Z</time><speed>1.330</speed><sat>27</sat></trkpt>
  <trkpt lat="10.77438157" lon="106.70549763"><ele>1.939</ele><time>2025-01-16T12:58:56Z</time><speed>0.800</speed><sat>27</sat></trkpt>
  <trkpt lat="10.77439219" lon="106.70549738"><ele>1.830</ele><time>2025-01-16T12:58:57Z</time><speed>0.560</speed><sat>27</sat></trkpt>
  <trkpt lat="10.77440209" lon="106.70549652"><ele>2.357</ele><time>2025-01-16T12:58:58Z</time><speed>0.480</speed><sat>25</sat></trkpt>
  <trkpt lat="10.77440977" lon="106.70550077"><ele>2.208</ele><time>2025-01-16T12:58:59Z</time><speed>0.740</speed><sat>20</sat></trkpt>
  <trkpt lat="10.77442522" lon="106.70551646"><ele>3.139</ele><time>2025-01-16T12:59:00Z</time><speed>1.940</speed><sat>18</sat></trkpt>
  <trkpt lat="10.77444303" lon="106.70553348"><ele>4.711</ele><time>2025-01-16T12:59:01Z</time><speed>1.580</speed><sat>22</sat></trkpt>
  <trkpt lat="10.77445563" lon="106.70554892"><ele>4.497</ele><time>2025-01-16T12:59:02Z</time><speed>1.240</speed><sat>21</sat></trkpt>
  <trkpt lat="10.77446716" lon="106.70556730"><ele>5.121</ele><time>2025-01-16T12:59:03Z</time><speed>1.870</speed><sat>22</sat></trkpt>
  <trkpt lat="10.77448141" lon="106.70559004"><ele>5.543</ele><time>2025-01-16T12:59:04Z</time><speed>2.300</speed><sat>22</sat></trkpt>
  <trkpt lat="10.77449300" lon="106.70561216"><ele>7.269</ele><time>2025-01-16T12:59:05Z</time><speed>2.050</speed><sat>22</sat></trkpt>
  <trkpt lat="10.77450485" lon="106.70564117"><ele>8.382</ele><time>2025-01-16T12:59:06Z</time><speed>2.980</speed><sat>22</sat></trkpt>
  <trkpt lat="10.77451438" lon="106.70567572"><ele>8.665</ele><time>2025-01-16T12:59:07Z</time><speed>2.920</speed><sat>20</sat></trkpt>
  <trkpt lat="10.77452767" lon="106.70570708"><ele>9.714</ele><time>2025-01-16T12:59:08Z</time><speed>2.800</speed><sat>22</sat></trkpt>
  <trkpt lat="10.77454535" lon="106.70574733"><ele>9.838</ele><time>2025-01-16T12:59:09Z</time><speed>3.930</speed><sat>22</sat></trkpt>
  <trkpt lat="10.77456595" lon="106.70578501"><ele>9.662</ele><time>2025-01-16T12:59:10Z</time><speed>3.430</speed><sat>22</sat></trkpt>
  <trkpt lat="10.77458034" lon="106.70579044"><ele>11.375</ele><time>2025-01-16T12:59:11Z</time><speed>1.140</speed><sat>22</sat></trkpt>
  <trkpt lat="10.77458331" lon="106.70576718"><ele>8.597</ele><time>2025-01-16T12:59:12Z</time><speed>0.930</speed><sat>22</sat></trkpt>
  <trkpt lat="10.77458875" lon="106.70574501"><ele>8.505</ele><time>2025-01-16T12:59:13Z</time><speed>0.940</speed><sat>24</sat></trkpt>
  <trkpt lat="10.77459631" lon="106.70572837"><ele>9.005</ele><time>2025-01-16T12:59:14Z</time><speed>1.130</speed><sat>24</sat></trkpt>
  <trkpt lat="10.77460474" lon="106.70571736"><ele>10.579</ele><time>2025-01-16T12:59:15Z</time><speed>0.980</speed><sat>24</sat></trkpt>
  <trkpt lat="10.77461139" lon="106.70571168"><ele>11.232</ele><time>2025-01-16T12:59:16Z</time><speed>1.050</speed><sat>24</sat></trkpt>
  <trkpt lat="10.77462186" lon="106.70571063"><ele>10.986</ele><time>2025-01-16T12:59:17Z</time><speed>1.320</speed><sat>24</sat></trkpt>
  <trkpt lat="10.77463309" lon="106.70571594"><ele>11.136</ele><time>2025-01-16T12:59:18Z</time><speed>1.750</speed><sat>24</sat></trkpt>
  <trkpt lat="10.77464307" lon="106.70572337"><ele>14.124</ele><time>2025-01-16T12:59:19Z</time><speed>1.530</speed><sat>21</sat></trkpt>
  <trkpt lat="10.77465150" lon="106.70573146"><ele>15.572</ele><time>2025-01-16T12:59:20Z</time><speed>1.530</speed><sat>21</sat></trkpt>
  <trkpt lat="10.77466360" lon="106.70574207"><ele>17.663</ele><time>2025-01-16T12:59:21Z</time><speed>2.030</speed><sat>21</sat></trkpt>
  <trkpt lat="10.77467051" lon="106.70574188"><ele>16.691</ele><time>2025-01-16T12:59:22Z</time><speed>1.100</speed><sat>22</sat></trkpt>
  <trkpt lat="10.77467580" lon="106.70573523"><ele>16.017</ele><time>2025-01-16T12:59:23Z</time><speed>0.790</speed><sat>21</sat></trkpt>
  <trkpt lat="10.77467554" lon="106.70571669"><ele>13.345</ele><time>2025-01-16T12:59:24Z</time><speed>0.250</speed><sat>21</sat></trkpt>
  <trkpt lat="10.77467649" lon="106.70569792"><ele>12.894</ele><time>2025-01-16T12:59:25Z</time><speed>0.430</speed><sat>26</sat></trkpt>
  <trkpt lat="10.77468023" lon="106.70568000"><ele>11.394</ele><time>2025-01-16T12:59:26Z</time><speed>0.440</speed><sat>25</sat></trkpt>
  <trkpt lat="10.77468282" lon="106.70567030"><ele>11.019</ele><time>2025-01-16T12:59:27Z</time><speed>0.470</speed><sat>26</sat></trkpt>
  <trkpt lat="10.77468849" lon="106.70566432"><ele>10.290</ele><time>2025-01-16T12:59:28Z</time><speed>0.510</speed><sat>26</sat></trkpt>
  <trkpt lat="10.77469673" lon="106.70566319"><ele>10.330</ele><time>2025-01-16T12:59:29Z</time><speed>0.670</speed><sat>26</sat></trkpt>
  <trkpt lat="10.77470263" lon="106.70566310"><ele>10.415</ele><time>2025-01-16T12:59:30Z</time><speed>0.460</speed><sat>27</sat></trkpt>
  <trkpt lat="10.77470621" lon="106.70566436"><ele>10.401</ele><time>2025-01-16T12:59:31Z</time><speed>0.520</speed><sat>21</sat></trkpt>
  <trkpt lat="10.77456251" lon="106.70555124"><ele>-5.198</ele><time>2025-01-16T13:02:16Z</time><speed>0.700</speed><sat>16</sat></trkpt>
  <trkpt lat="10.77457167" lon="106.70553878"><ele>-7.572</ele><time>2025-01-16T13:02:17Z</time><speed>0.740</speed><sat>16</sat></trkpt>
  <trkpt lat="10.77457872" lon="106.70553293"><ele>-10.414</ele><time>2025-01-16T13:02:18Z</time><speed>0.850</speed><sat>20</sat></trkpt>
  <trkpt lat="10.77458166" lon="106.70553083"><ele>-7.247</ele><time>2025-01-16T13:02:19Z</time><speed>0.540</speed><sat>23</sat></trkpt>
  <trkpt lat="10.77457205" lon="106.70552654"><ele>1.502</ele><time>2025-01-16T13:02:20Z</time><speed>0.000</speed><sat>23</sat></trkpt>
  <trkpt lat="10.77456562" lon="106.70552417"><ele>2.343</ele><time>2025-01-16T13:02:21Z</time><speed>0.000</speed><sat>27</sat></trkpt>
  <trkpt lat="10.77456665" lon="106.70551909"><ele>6.256</ele><time>2025-01-16T13:02:22Z</time><speed>0.430</speed><sat>27</sat></trkpt>
  <trkpt lat="10.77456776" lon="106.70551634"><ele>7.342</ele><time>2025-01-16T13:02:23Z</time><speed>0.210</speed><sat>29</sat></trkpt>
  <trkpt lat="10.77455923" lon="106.70550863"><ele>7.713</ele><time>2025-01-16T13:02:24Z</time><speed>0.650</speed><sat>29</sat></trkpt>
  <trkpt lat="10.77454911" lon="106.70550388"><ele>8.789</ele><time>2025-01-16T13:02:25Z</time><speed>0.260</speed><sat>25</sat></trkpt>
  <trkpt lat="10.77454206" lon="106.70549514"><ele>10.048</ele><time>2025-01-16T13:02:26Z</time><speed>0.260</speed><sat>25</sat></trkpt>
  <trkpt lat="10.77454260" lon="106.70548466"><ele>14.432</ele><time>2025-01-16T13:02:27Z</time><speed>0.300</speed><sat>26</sat></trkpt>
  <trkpt lat="10.77454146" lon="106.70547327"><ele>16.264</ele><time>2025-01-16T13:02:28Z</time><speed>0.420</speed><sat>27</sat></trkpt>
  <trkpt lat="10.77454023" lon="106.70546453"><ele>14.492</ele><time>2025-01-16T13:02:29Z</time><speed>0.310</speed><sat>27</sat></trkpt>
  <trkpt lat="10.77453581" lon="106.70545755"><ele>13.704</ele><time>2025-01-16T13:02:30Z</time><speed>0.340</speed><sat>27</sat></trkpt>
  <trkpt lat="10.77452627" lon="106.70545047"><ele>13.447</ele><time>2025-01-16T13:02:31Z</time><speed>0.800</speed><sat>26</sat></trkpt>
  <trkpt lat="10.77452525" lon="106.70544475"><ele>15.230</ele><time>2025-01-16T13:02:32Z</time><speed>0.430</speed><sat>27</sat></trkpt>
  <trkpt lat="10.77452530" lon="106.70543866"><ele>14.062</ele><time>2025-01-16T13:02:33Z</time><speed>0.540</speed><sat>29</sat></trkpt>
  <trkpt lat="10.77452489" lon="106.70543238"><ele>11.410</ele><time>2025-01-16T13:02:34Z</time><speed>0.880</speed><sat>28</sat></trkpt>
  <trkpt lat="10.77452360" lon="106.70542279"><ele>12.690</ele><time>2025-01-16T13:02:35Z</time><speed>1.100</speed><sat>29</sat></trkpt>
  <trkpt lat="10.77452216" lon="106.70541710"><ele>11.997</ele><time>2025-01-16T13:02:36Z</time><speed>0.460</speed><sat>30</sat></trkpt>
  <trkpt lat="10.77452476" lon="106.70541297"><ele>13.304</ele><time>2025-01-16T13:02:37Z</time><speed>0.280</speed><sat>28</sat></trkpt>
  <trkpt lat="10.77452651" lon="106.70541007"><ele>12.630</ele><time>2025-01-16T13:02:38Z</time><speed>0.200</speed><sat>28</sat></trkpt>
  <trkpt lat="10.77453564" lon="106.70540560"><ele>13.183</ele><time>2025-01-16T13:02:39Z</time><speed>0.000</speed><sat>24</sat></trkpt>
  <trkpt lat="10.77454136" lon="106.70540147"><ele>13.542</ele><time>2025-01-16T13:02:40Z</time><speed>0.000</speed><sat>22</sat></trkpt>
  <trkpt lat="10.77454118" lon="106.70539777"><ele>13.546</ele><time>2025-01-16T13:02:41Z</time><speed>0.000</speed><sat>21</sat></trkpt>
  <trkpt lat="10.77453633" lon="106.70539678"><ele>13.135</ele><time>2025-01-16T13:02:42Z</time><speed>0.000</speed><sat>20</sat></trkpt>
  <trkpt lat="10.77452560" lon="106.70539387"><ele>14.639</ele><time>2025-01-16T13:02:43Z</time><speed>0.690</speed><sat>24</sat></trkpt>
  <trkpt lat="10.77451612" lon="106.70538950"><ele>15.765</ele><time>2025-01-16T13:02:44Z</time><speed>0.000</speed><sat>24</sat></trkpt>
  <trkpt lat="10.77450953" lon="106.70538562"><ele>15.196</ele><time>2025-01-16T13:02:45Z</time><speed>0.000</speed><sat>26</sat></trkpt>
  <trkpt lat="10.77450211" lon="106.70538200"><ele>14.874</ele><time>2025-01-16T13:02:46Z</time><speed>0.000</speed><sat>27</sat></trkpt>
  <trkpt lat="10.77448679" lon="106.70537609"><ele>13.035</ele><time>2025-01-16T13:02:47Z</time><speed>0.000</speed><sat>28</sat></trkpt>
  <trkpt lat="10.77447738" lon="106.70536913"><ele>12.469</ele><time>2025-01-16T13:02:48Z</time><speed>0.000</speed><sat>28</sat></trkpt>
  <trkpt lat="10.77447019" lon="106.70536767"><ele>11.898</ele><time>2025-01-16T13:02:49Z</time><speed>0.000</speed><sat>27</sat></trkpt>
  <trkpt lat="10.77446229" lon="106.70536779"><ele>11.043</ele><time>2025-01-16T13:02:50Z</time><speed>0.000</speed><sat>28</sat></trkpt>
  <trkpt lat="10.77445782" lon="106.70537131"><ele>10.780</ele><time>2025-01-16T13:02:51Z</time><speed>0.000</speed><sat>29</sat></trkpt>
  <trkpt lat="10.77445585" lon="106.70537435"><ele>9.620</ele><time>2025-01-16T13:02:52Z</time><speed>0.000</speed><sat>28</sat></trkpt>
  <trkpt lat="10.77445499" lon="106.70537686"><ele>9.674</ele><time>2025-01-16T13:02:53Z</time><speed>0.000</speed><sat>28</sat></trkpt>
  <trkpt lat="10.77445324" lon="106.70537803"><ele>9.732</ele><time>2025-01-16T13:02:54Z</time><speed>0.000</speed><sat>28</sat></trkpt>
  <trkpt lat="10.77445040" lon="106.70537823"><ele>9.861</ele><time>2025-01-16T13:02:55Z</time><speed>0.000</speed><sat>28</sat></trkpt>
  <trkpt lat="10.77444755" lon="106.70537762"><ele>9.954</ele><time>2025-01-16T13:02:56Z</time><speed>0.000</speed><sat>29</sat></trkpt>
  <trkpt lat="10.77444605" lon="106.70537670"><ele>10.169</ele><time>2025-01-16T13:02:57Z</time><speed>0.000</speed><sat>29</sat></trkpt>
  <trkpt lat="10.77444439" lon="106.70537578"><ele>10.200</ele><time>2025-01-16T13:02:58Z</time><speed>0.000</speed><sat>30</sat></trkpt>
  <trkpt lat="10.77444347" lon="106.70537496"><ele>10.202</ele><time>2025-01-16T13:02:59Z</time><speed>0.000</speed><sat>29</sat></trkpt>
  <trkpt lat="10.77444383" lon="106.70537393"><ele>10.221</ele><time>2025-01-16T13:03:00Z</time><speed>0.000</speed><sat>29</sat></trkpt>
  <trkpt lat="10.77444402" lon="106.70537335"><ele>10.320</ele><time>2025-01-16T13:03:01Z</time><speed>0.000</speed><sat>29</sat></trkpt>
  <trkpt lat="10.77444182" lon="106.70537222"><ele>9.752</ele><time>2025-01-16T13:03:02Z</time><speed>0.000</speed><sat>29</sat></trkpt>
  <trkpt lat="10.77444002" lon="106.70537156"><ele>9.615</ele><time>2025-01-16T13:03:03Z</time><speed>0.000</speed><sat>31</sat></trkpt>
  <trkpt lat="10.77443919" lon="106.70537096"><ele>9.686</ele><time>2025-01-16T13:03:04Z</time><speed>0.000</speed><sat>32</sat></trkpt>
  <trkpt lat="10.77443652" lon="106.70536891"><ele>10.969</ele><time>2025-01-16T13:03:05Z</time><speed>0.230</speed><sat>32</sat></trkpt>
  <trkpt lat="10.77442693" lon="106.70536264"><ele>11.615</ele><time>2025-01-16T13:03:06Z</time><speed>0.000</speed><sat>32</sat></trkpt>
  <trkpt lat="10.77441579" lon="106.70535426"><ele>10.417</ele><time>2025-01-16T13:03:07Z</time><speed>0.000</speed><sat>31</sat></trkpt>
  <trkpt lat="10.77441079" lon="106.70534554"><ele>12.218</ele><time>2025-01-16T13:03:08Z</time><speed>0.000</speed><sat>30</sat></trkpt>
  <trkpt lat="10.77440350" lon="106.70534030"><ele>12.851</ele><time>2025-01-16T13:03:09Z</time><speed>0.310</speed><sat>28</sat></trkpt>
  <trkpt lat="10.77439428" lon="106.70533677"><ele>15.726</ele><time>2025-01-16T13:03:10Z</time><speed>0.300</speed><sat>27</sat></trkpt>
  <trkpt lat="10.77438868" lon="106.70533625"><ele>17.442</ele><time>2025-01-16T13:03:11Z</time><speed>0.230</speed><sat>29</sat></trkpt>
  <trkpt lat="10.77438209" lon="106.70533294"><ele>19.150</ele><time>2025-01-16T13:03:12Z</time><speed>0.000</speed><sat>30</sat></trkpt>
  <trkpt lat="10.77437316" lon="106.70532897"><ele>18.279</ele><time>2025-01-16T13:03:13Z</time><speed>0.150</speed><sat>29</sat></trkpt>
  <trkpt lat="10.77436502" lon="106.70532735"><ele>18.459</ele><time>2025-01-16T13:03:14Z</time><speed>0.320</speed><sat>29</sat></trkpt>
  <trkpt lat="10.77435689" lon="106.70532746"><ele>18.403</ele><time>2025-01-16T13:03:15Z</time><speed>0.500</speed><sat>28</sat></trkpt>
  <trkpt lat="10.77434994" lon="106.70532886"><ele>18.789</ele><time>2025-01-16T13:03:16Z</time><speed>0.560</speed><sat>28</sat></trkpt>
  <trkpt lat="10.77434345" lon="106.70532854"><ele>18.035</ele><time>2025-01-16T13:03:17Z</time><speed>0.480</speed><sat>28</sat></trkpt>
  <trkpt lat="10.77433283" lon="106.70533372"><ele>18.072</ele><time>2025-01-16T13:03:18Z</time><speed>0.930</speed><sat>28</sat></trkpt>
  <trkpt lat="10.77432133" lon="106.70534031"><ele>18.553</ele><time>2025-01-16T13:03:19Z</time><speed>0.720</speed><sat>27</sat></trkpt>
  <trkpt lat="10.77430848" lon="106.70535125"><ele>17.563</ele><time>2025-01-16T13:03:20Z</time><speed>1.550</speed><sat>26</sat></trkpt>
  <trkpt lat="10.77429249" lon="106.70536550"><ele>16.796</ele><time>2025-01-16T13:03:21Z</time><speed>1.700</speed><sat>25</sat></trkpt>
  <trkpt lat="10.77428249" lon="106.70536402"><ele>15.116</ele><time>2025-01-16T13:03:22Z</time><speed>0.000</speed><sat>25</sat></trkpt>
  <trkpt lat="10.77427600" lon="106.70535630"><ele>14.905</ele><time>2025-01-16T13:03:23Z</time><speed>0.620</speed><sat>25</sat></trkpt>
  <trkpt lat="10.77427098" lon="106.70534715"><ele>14.743</ele><time>2025-01-16T13:03:24Z</time><speed>0.590</speed><sat>26</sat></trkpt>
  <trkpt lat="10.77426659" lon="106.70533276"><ele>15.272</ele><time>2025-01-16T13:03:25Z</time><speed>0.660</speed><sat>27</sat></trkpt>
  <trkpt lat="10.77425158" lon="106.70531697"><ele>15.127</ele><time>2025-01-16T13:03:26Z</time><speed>0.000</speed><sat>26</sat></trkpt>
  <trkpt lat="10.77423221" lon="106.70527951"><ele>12.209</ele><time>2025-01-16T13:03:27Z</time><speed>0.000</speed><sat>26</sat></trkpt>
  <trkpt lat="10.77422097" lon="106.70523290"><ele>9.282</ele><time>2025-01-16T13:03:28Z</time><speed>3.610</speed><sat>29</sat></trkpt>
  <trkpt lat="10.77421270" lon="106.70519975"><ele>7.006</ele><time>2025-01-16T13:03:29Z</time><speed>0.360</speed><sat>29</sat></trkpt>
  <trkpt lat="10.77420541" lon="106.70518423"><ele>5.427</ele><time>2025-01-16T13:03:30Z</time><speed>0.180</speed><sat>28</sat></trkpt>
  <trkpt lat="10.77419037" lon="106.70515055"><ele>4.512</ele><time>2025-01-16T13:03:31Z</time><speed>0.000</speed><sat>34</sat></trkpt>
  <trkpt lat="10.77418015" lon="106.70512633"><ele>3.322</ele><time>2025-01-16T13:03:32Z</time><speed>0.000</speed><sat>34</sat></trkpt>
  <trkpt lat="10.77417360" lon="106.70510905"><ele>2.674</ele><time>2025-01-16T13:03:33Z</time><speed>0.000</speed><sat>34</sat></trkpt>
  <trkpt lat="10.77416949" lon="106.70509771"><ele>2.138</ele><time>2025-01-16T13:03:34Z</time><speed>0.000</speed><sat>34</sat></trkpt>
  <trkpt lat="10.77416562" lon="106.70508812"><ele>1.083</ele><time>2025-01-16T13:03:35Z</time><speed>0.000</speed><sat>33</sat></trkpt>
  <trkpt lat="10.77416238" lon="106.70508070"><ele>0.327</ele><time>2025-01-16T13:03:36Z</time><speed>0.000</speed><sat>32</sat></trkpt>
  <trkpt lat="10.77416322" lon="106.70507518"><ele>-0.439</ele><time>2025-01-16T13:03:37Z</time><speed>0.000</speed><sat>27</sat></trkpt>
  <trkpt lat="10.77416070" lon="106.70507244"><ele>-0.520</ele><time>2025-01-16T13:03:38Z</time><speed>0.000</speed><sat>27</sat></trkpt>
  <trkpt lat="10.77415525" lon="106.70507158"><ele>-0.613</ele><time>2025-01-16T13:03:39Z</time><speed>0.000</speed><sat>28</sat></trkpt>
  <trkpt lat="10.77415084" lon="106.70507236"><ele>-0.299</ele><time>2025-01-16T13:03:40Z</time><speed>0.000</speed><sat>29</sat></trkpt>
  <trkpt lat="10.77414795" lon="106.70507201"><ele>-0.583</ele><time>2025-01-16T13:03:41Z</time><speed>0.000</speed><sat>29</sat></trkpt>
  <trkpt lat="10.77414640" lon="106.70506855"><ele>-1.143</ele><time>2025-01-16T13:03:42Z</time><speed>0.000</speed><sat>27</sat></trkpt>
  <trkpt lat="10.77414196" lon="106.70505356"><ele>-1.662</ele><time>2025-01-16T13:03:43Z</time><speed>1.660</speed><sat>28</sat></trkpt>
  <trkpt lat="10.77413904" lon="106.70503880"><ele>-2.314</ele><time>2025-01-16T13:03:44Z</time><speed>0.380</speed><sat>29</sat></trkpt>
  <trkpt lat="10.77413960" lon="106.70502822"><ele>-3.019</ele><time>2025-01-16T13:03:45Z</time><speed>0.880</speed><sat>29</sat></trkpt>
  <trkpt lat="10.77414283" lon="106.70501616"><ele>-4.424</ele><time>2025-01-16T13:03:46Z</time><speed>0.840</speed><sat>27</sat></trkpt>
  <trkpt lat="10.77414789" lon="106.70500535"><ele>-4.712</ele><time>2025-01-16T13:03:47Z</time><speed>0.720</speed><sat>26</sat></trkpt>
  <trkpt lat="10.77414738" lon="106.70498976"><ele>-4.145</ele><time>2025-01-16T13:03:48Z</time><speed>1.320</speed><sat>26</sat></trkpt>
  <trkpt lat="10.77413387" lon="106.70496311"><ele>-4.225</ele><time>2025-01-16T13:03:49Z</time><speed>2.680</speed><sat>26</sat></trkpt>
  <trkpt lat="10.77410938" lon="106.70492795"><ele>-6.168</ele><time>2025-01-16T13:03:50Z</time><speed>3.410</speed><sat>24</sat></trkpt>
  <trkpt lat="10.77408285" lon="106.70489056"><ele>-7.415</ele><time>2025-01-16T13:03:51Z</time><speed>3.560</speed><sat>24</sat></trkpt>
  <trkpt lat="10.77406830" lon="106.70485924"><ele>-7.830</ele><time>2025-01-16T13:03:52Z</time><speed>2.520</speed><sat>24</sat></trkpt>
  <trkpt lat="10.77406735" lon="106.70483541"><ele>-8.323</ele><time>2025-01-16T13:03:53Z</time><speed>1.760</speed><sat>24</sat></trkpt>
  <trkpt lat="10.77406945" lon="106.70480894"><ele>-7.971</ele><time>2025-01-16T13:03:54Z</time><speed>2.460</speed><sat>24</sat></trkpt>
  <trkpt lat="10.77406525" lon="106.70479061"><ele>-7.643</ele><time>2025-01-16T13:03:55Z</time><speed>1.420</speed><sat>24</sat></trkpt>
  <trkpt lat="10.77406409" lon="106.70477436"><ele>-6.475</ele><time>2025-01-16T13:03:56Z</time><speed>1.730</speed><sat>21</sat></trkpt>
  <trkpt lat="10.77406458" lon="106.70476382"><ele>-7.067</ele><time>2025-01-16T13:03:57Z</time><speed>0.950</speed><sat>23</sat></trkpt>
  <trkpt lat="10.77406686" lon="106.70476136"><ele>-5.621</ele><time>2025-01-16T13:03:58Z</time><speed>0.390</speed><sat>26</sat></trkpt>
  <trkpt lat="10.77407881" lon="106.70476834"><ele>-6.063</ele><time>2025-01-16T13:03:59Z</time><speed>0.000</speed><sat>26</sat></trkpt>
  <trkpt lat="10.77408514" lon="106.70477353"><ele>-6.658</ele><time>2025-01-16T13:04:00Z</time><speed>0.000</speed><sat>27</sat></trkpt>
  <trkpt lat="10.77408925" lon="106.70477764"><ele>-7.244</ele><time>2025-01-16T13:04:01Z</time><speed>0.000</speed><sat>27</sat></trkpt>
  <trkpt lat="10.77409237" lon="106.70478122"><ele>-7.503</ele><time>2025-01-16T13:04:02Z</time><speed>0.000</speed><sat>27</sat></trkpt>
  <trkpt lat="10.77409377" lon="106.70478393"><ele>-7.431</ele><time>2025-01-16T13:04:03Z</time><speed>0.000</speed><sat>25</sat></trkpt>
  <trkpt lat="10.77409374" lon="106.70478500"><ele>-7.548</ele><time>2025-01-16T13:04:04Z</time><speed>0.000</speed><sat>22</sat></trkpt>
  <trkpt lat="10.77409169" lon="106.70478555"><ele>-7.774</ele><time>2025-01-16T13:04:05Z</time><speed>0.000</speed><sat>21</sat></trkpt>
  <trkpt lat="10.77408940" lon="106.70478484"><ele>-8.017</ele><time>2025-01-16T13:04:06Z</time><speed>0.000</speed><sat>21</sat></trkpt>
  <trkpt lat="10.77408853" lon="106.70478605"><ele>-8.329</ele><time>2025-01-16T13:04:07Z</time><speed>0.000</speed><sat>19</sat></trkpt>
  <trkpt lat="10.77408605" lon="106.70478687"><ele>-8.629</ele><time>2025-01-16T13:04:08Z</time><speed>0.000</speed><sat>22</sat></trkpt>
  <trkpt lat="10.77408350" lon="106.70478691"><ele>-9.007</ele><time>2025-01-16T13:04:09Z</time><speed>0.000</speed><sat>20</sat></trkpt>
  <trkpt lat="10.77408184" lon="106.70478670"><ele>-8.911</ele><time>2025-01-16T13:04:10Z</time><speed>0.000</speed><sat>21</sat></trkpt>
  <trkpt lat="10.77408075" lon="106.70478650"><ele>-8.961</ele><time>2025-01-16T13:04:11Z</time><speed>0.000</speed><sat>21</sat></trkpt>
  <trkpt lat="10.77408298" lon="106.70478842"><ele>-8.935</ele><time>2025-01-16T13:04:12Z</time><speed>0.000</speed><sat>20</sat></trkpt>
  <trkpt lat="10.77408413" lon="106.70478945"><ele>-8.821</ele><time>2025-01-16T13:04:13Z</time><speed>0.000</speed><sat>21</sat></trkpt>
  <trkpt lat="10.77408467" lon="106.70479002"><ele>-8.920</ele><time>2025-01-16T13:04:14Z</time><speed>0.000</speed><sat>22</sat></trkpt>
  <trkpt lat="10.77408558" lon="106.70479138"><ele>-8.745</ele><time>2025-01-16T13:04:15Z</time><speed>0.000</speed><sat>22</sat></trkpt>
  <trkpt lat="10.77408620" lon="106.70479205"><ele>-8.702</ele><time>2025-01-16T13:04:16Z</time><speed>0.000</speed><sat>24</sat></trkpt>
  <trkpt lat="10.77408873" lon="106.70479393"><ele>-8.627</ele><time>2025-01-16T13:04:17Z</time><speed>0.000</speed><sat>27</sat></trkpt>
  <trkpt lat="10.77408999" lon="106.70479488"><ele>-8.619</ele><time>2025-01-16T13:04:18Z</time><speed>0.000</speed><sat>27</sat></trkpt>
  <trkpt lat="10.77409054" lon="106.70479537"><ele>-8.599</ele><time>2025-01-16T13:04:19Z</time><speed>0.000</speed><sat>27</sat></trkpt>
  <trkpt lat="10.77409020" lon="106.70479529"><ele>-8.442</ele><time>2025-01-16T13:04:20Z</time><speed>0.000</speed><sat>27</sat></trkpt>
  <trkpt lat="10.77408994" lon="106.70479526"><ele>-8.437</ele><time>2025-01-16T13:04:21Z</time><speed>0.000</speed><sat>28</sat></trkpt>
  <trkpt lat="10.77409193" lon="106.70479660"><ele>-8.293</ele><time>2025-01-16T13:04:22Z</time><speed>0.000</speed><sat>25</sat></trkpt>
  <trkpt lat="10.77409290" lon="106.70479728"><ele>-8.302</ele><time>2025-01-16T13:04:23Z</time><speed>0.000</speed><sat>24</sat></trkpt>
  <trkpt lat="10.77409337" lon="106.70479761"><ele>-8.312</ele><time>2025-01-16T13:04:24Z</time><speed>0.000</speed><sat>24</sat></trkpt>
  <trkpt lat="10.77409299" lon="106.70479770"><ele>-8.009</ele><time>2025-01-16T13:04:25Z</time><speed>0.000</speed><sat>25</sat></trkpt>
  <trkpt lat="10.77409269" lon="106.70479773"><ele>-8.001</ele><time>2025-01-16T13:04:26Z</time><speed>0.000</speed><sat>27</sat></trkpt>
  <trkpt lat="10.77409182" lon="106.70479752"><ele>-7.831</ele><time>2025-01-16T13:04:27Z</time><speed>0.000</speed><sat>24</sat></trkpt>
  <trkpt lat="10.77409119" lon="106.70479751"><ele>-7.727</ele><time>2025-01-16T13:04:28Z</time><speed>0.000</speed><sat>26</sat></trkpt>
  <trkpt lat="10.77409075" lon="106.70479769"><ele>-7.608</ele><time>2025-01-16T13:04:29Z</time><speed>0.000</speed><sat>27</sat></trkpt>
  <trkpt lat="10.77409246" lon="106.70479920"><ele>-7.380</ele><time>2025-01-16T13:04:30Z</time><speed>0.000</speed><sat>30</sat></trkpt>
  <trkpt lat="10.77409313" lon="106.70479999"><ele>-7.309</ele><time>2025-01-16T13:04:31Z</time><speed>0.000</speed><sat>30</sat></trkpt>
  <trkpt lat="10.77409316" lon="106.70480044"><ele>-7.022</ele><time>2025-01-16T13:04:32Z</time><speed>0.000</speed><sat>29</sat></trkpt>
  <trkpt lat="10.77409303" lon="106.70480072"><ele>-6.898</ele><time>2025-01-16T13:04:33Z</time><speed>0.000</speed><sat>30</sat></trkpt>
  <trkpt lat="10.77409281" lon="106.70480078"><ele>-6.648</ele><time>2025-01-16T13:04:34Z</time><speed>0.000</speed><sat>28</sat></trkpt>
  <trkpt lat="10.77409468" lon="106.70480211"><ele>-6.380</ele><time>2025-01-16T13:04:35Z</time><speed>0.000</speed><sat>29</sat></trkpt>
  <trkpt lat="10.77409531" lon="106.70480250"><ele>-6.082</ele><time>2025-01-16T13:04:36Z</time><speed>0.000</speed><sat>29</sat></trkpt>
  <trkpt lat="10.77409540" lon="106.70480255"><ele>-5.975</ele><time>2025-01-16T13:04:37Z</time><speed>0.000</speed><sat>28</sat></trkpt>
  <trkpt lat="10.77409521" lon="106.70480241"><ele>-5.747</ele><time>2025-01-16T13:04:38Z</time><speed>0.000</speed><sat>29</sat></trkpt>
  <trkpt lat="10.77409468" lon="106.70480211"><ele>-5.492</ele><time>2025-01-16T13:04:39Z</time><speed>0.000</speed><sat>28</sat></trkpt>
  <trkpt lat="10.77409652" lon="106.70480320"><ele>-5.420</ele><time>2025-01-16T13:04:40Z</time><speed>0.000</speed><sat>30</sat></trkpt>
  <trkpt lat="10.77409686" lon="106.70480185"><ele>-4.765</ele><time>2025-01-16T13:04:41Z</time><speed>0.390</speed><sat>30</sat></trkpt>
  <trkpt lat="10.77409687" lon="106.70479837"><ele>-4.410</ele><time>2025-01-16T13:04:42Z</time><speed>0.480</speed><sat>30</sat></trkpt>
  <trkpt lat="10.77409671" lon="106.70479538"><ele>-3.072</ele><time>2025-01-16T13:04:43Z</time><speed>0.420</speed><sat>32</sat></trkpt>
  <trkpt lat="10.77409555" lon="106.70479151"><ele>-1.923</ele><time>2025-01-16T13:04:44Z</time><speed>0.460</speed><sat>31</sat></trkpt>
  <trkpt lat="10.77410459" lon="106.70477935"><ele>-0.985</ele><time>2025-01-16T13:04:45Z</time><speed>1.890</speed><sat>32</sat></trkpt>
  <trkpt lat="10.77412222" lon="106.70476446"><ele>-0.054</ele><time>2025-01-16T13:04:46Z</time><speed>1.880</speed><sat>32</sat></trkpt>
  <trkpt lat="10.77413246" lon="106.70475664"><ele>0.003</ele><time>2025-01-16T13:04:47Z</time><speed>0.760</speed><sat>32</sat></trkpt>
  <trkpt lat="10.77413846" lon="106.70475409"><ele>0.660</ele><time>2025-01-16T13:04:48Z</time><speed>0.000</speed><sat>31</sat></trkpt>
  <trkpt lat="10.77415216" lon="106.70475578"><ele>1.004</ele><time>2025-01-16T13:04:49Z</time><speed>0.000</speed><sat>30</sat></trkpt>
  <trkpt lat="10.77416259" lon="106.70475703"><ele>1.208</ele><time>2025-01-16T13:04:50Z</time><speed>0.000</speed><sat>30</sat></trkpt>
  <trkpt lat="10.77416334" lon="106.70475363"><ele>1.399</ele><time>2025-01-16T13:04:51Z</time><speed>0.430</speed><sat>29</sat></trkpt>
  <trkpt lat="10.77416587" lon="106.70474667"><ele>1.217</ele><time>2025-01-16T13:04:52Z</time><speed>0.420</speed><sat>29</sat></trkpt>
  <trkpt lat="10.77416490" lon="106.70474071"><ele>0.570</ele><time>2025-01-16T13:04:53Z</time><speed>0.660</speed><sat>28</sat></trkpt>
  <trkpt lat="10.77416624" lon="106.70473427"><ele>0.400</ele><time>2025-01-16T13:04:54Z</time><speed>0.510</speed><sat>29</sat></trkpt>
  <trkpt lat="10.77417142" lon="106.70472864"><ele>0.609</ele><time>2025-01-16T13:04:55Z</time><speed>0.540</speed><sat>30</sat></trkpt>
  <trkpt lat="10.77417897" lon="106.70471966"><ele>0.274</ele><time>2025-01-16T13:04:56Z</time><speed>0.970</speed><sat>30</sat></trkpt>
  <trkpt lat="10.77419219" lon="106.70471016"><ele>0.480</ele><time>2025-01-16T13:04:57Z</time><speed>1.440</speed><sat>30</sat></trkpt>
  <trkpt lat="10.77420774" lon="106.70470099"><ele>-0.354</ele><time>2025-01-16T13:04:58Z</time><speed>1.150</speed><sat>29</sat></trkpt>
  <trkpt lat="10.77422540" lon="106.70469276"><ele>-0.103</ele><time>2025-01-16T13:04:59Z</time><speed>1.380</speed><sat>28</sat></trkpt>
  <trkpt lat="10.77423838" lon="106.70469048"><ele>-0.330</ele><time>2025-01-16T13:05:00Z</time><speed>0.430</speed><sat>28</sat></trkpt>
  <trkpt lat="10.77424585" lon="106.70468883"><ele>-1.051</ele><time>2025-01-16T13:05:01Z</time><speed>0.480</speed><sat>27</sat></trkpt>
  <trkpt lat="10.77425141" lon="106.70468540"><ele>-1.887</ele><time>2025-01-16T13:05:02Z</time><speed>0.540</speed><sat>26</sat></trkpt>
  <trkpt lat="10.77425394" lon="106.70468174"><ele>-2.071</ele><time>2025-01-16T13:05:03Z</time><speed>0.480</speed><sat>26</sat></trkpt>
  <trkpt lat="10.77425283" lon="106.70468075"><ele>-2.293</ele><time>2025-01-16T13:05:04Z</time><speed>0.280</speed><sat>27</sat></trkpt>
  <trkpt lat="10.77424680" lon="106.70468237"><ele>-2.807</ele><time>2025-01-16T13:05:05Z</time><speed>0.630</speed><sat>28</sat></trkpt>
  <trkpt lat="10.77424596" lon="106.70468137"><ele>-2.643</ele><time>2025-01-16T13:05:06Z</time><speed>0.640</speed><sat>27</sat></trkpt>
  <trkpt lat="10.77424497" lon="106.70467834"><ele>-2.783</ele><time>2025-01-16T13:05:07Z</time><speed>0.640</speed><sat>28</sat></trkpt>
  <trkpt lat="10.77424637" lon="106.70466971"><ele>-1.880</ele><time>2025-01-16T13:05:08Z</time><speed>0.730</speed><sat>29</sat></trkpt>
  <trkpt lat="10.77424953" lon="106.70466220"><ele>-1.324</ele><time>2025-01-16T13:05:09Z</time><speed>0.380</speed><sat>29</sat></trkpt>
  <trkpt lat="10.77425867" lon="106.70465905"><ele>-1.929</ele><time>2025-01-16T13:05:10Z</time><speed>0.260</speed><sat>27</sat></trkpt>
  <trkpt lat="10.77427114" lon="106.70465820"><ele>-0.561</ele><time>2025-01-16T13:05:11Z</time><speed>0.250</speed><sat>26</sat></trkpt>
  <trkpt lat="10.77429697" lon="106.70465990"><ele>-0.415</ele><time>2025-01-16T13:05:12Z</time><speed>0.000</speed><sat>26</sat></trkpt>
  <trkpt lat="10.77430966" lon="106.70466144"><ele>-0.453</ele><time>2025-01-16T13:05:13Z</time><speed>0.000</speed><sat>24</sat></trkpt>
  <trkpt lat="10.77431609" lon="106.70466222"><ele>-0.719</ele><time>2025-01-16T13:05:14Z</time><speed>0.000</speed><sat>23</sat></trkpt>
  <trkpt lat="10.77432361" lon="106.70466169"><ele>-0.226</ele><time>2025-01-16T13:05:15Z</time><speed>0.590</speed><sat>21</sat></trkpt>
  <trkpt lat="10.77433338" lon="106.70465907"><ele>-0.611</ele><time>2025-01-16T13:05:16Z</time><speed>0.760</speed><sat>20</sat></trkpt>
  <trkpt lat="10.77434505" lon="106.70465741"><ele>-0.895</ele><time>2025-01-16T13:05:17Z</time><speed>0.920</speed><sat>20</sat></trkpt>
  <trkpt lat="10.77435517" lon="106.70465568"><ele>-0.823</ele><time>2025-01-16T13:05:18Z</time><speed>0.840</speed><sat>22</sat></trkpt>
  <trkpt lat="10.77436367" lon="106.70465456"><ele>-1.296</ele><time>2025-01-16T13:05:19Z</time><speed>0.800</speed><sat>20</sat></trkpt>
  <trkpt lat="10.77437697" lon="106.70464544"><ele>-0.486</ele><time>2025-01-16T13:05:20Z</time><speed>1.780</speed><sat>19</sat></trkpt>
  <trkpt lat="10.77438716" lon="106.70463179"><ele>-0.849</ele><time>2025-01-16T13:05:21Z</time><speed>1.290</speed><sat>19</sat></trkpt>
  <trkpt lat="10.77439657" lon="106.70461790"><ele>-0.740</ele><time>2025-01-16T13:05:22Z</time><speed>1.420</speed><sat>19</sat></trkpt>
  <trkpt lat="10.77440295" lon="106.70461647"><ele>-0.721</ele><time>2025-01-16T13:05:23Z</time><speed>0.720</speed><sat>19</sat></trkpt>
  <trkpt lat="10.77441005" lon="106.70461937"><ele>0.099</ele><time>2025-01-16T13:05:24Z</time><speed>0.840</speed><sat>21</sat></trkpt>
  <trkpt lat="10.77442419" lon="106.70462786"><ele>1.254</ele><time>2025-01-16T13:05:25Z</time><speed>1.500</speed><sat>21</sat></trkpt>
  <trkpt lat="10.77444378" lon="106.70464206"><ele>1.916</ele><time>2025-01-16T13:05:26Z</time><speed>1.160</speed><sat>21</sat></trkpt>
  <trkpt lat="10.77445896" lon="106.70466416"><ele>2.165</ele><time>2025-01-16T13:05:27Z</time><speed>2.200</speed><sat>20</sat></trkpt>
  <trkpt lat="10.77447269" lon="106.70468848"><ele>2.323</ele><time>2025-01-16T13:05:28Z</time><speed>1.810</speed><sat>20</sat></trkpt>
  <trkpt lat="10.77447188" lon="106.70468983"><ele>3.476</ele><time>2025-01-16T13:05:29Z</time><speed>0.000</speed><sat>20</sat></trkpt>
  <trkpt lat="10.77446899" lon="106.70467921"><ele>4.076</ele><time>2025-01-16T13:05:30Z</time><speed>0.000</speed><sat>16</sat></trkpt>
  <trkpt lat="10.77447058" lon="106.70466458"><ele>4.860</ele><time>2025-01-16T13:05:31Z</time><speed>0.000</speed><sat>17</sat></trkpt>
  <trkpt lat="10.77446989" lon="106.70465175"><ele>4.194</ele><time>2025-01-16T13:05:32Z</time><speed>0.000</speed><sat>18</sat></trkpt>
  <trkpt lat="10.77447548" lon="106.70464814"><ele>4.396</ele><time>2025-01-16T13:05:33Z</time><speed>0.830</speed><sat>20</sat></trkpt>
  <trkpt lat="10.77448848" lon="106.70463507"><ele>6.123</ele><time>2025-01-16T13:05:34Z</time><speed>1.460</speed><sat>20</sat></trkpt>
  <trkpt lat="10.77449701" lon="106.70461721"><ele>6.224</ele><time>2025-01-16T13:05:35Z</time><speed>1.300</speed><sat>24</sat></trkpt>
  <trkpt lat="10.77450417" lon="106.70459641"><ele>6.403</ele><time>2025-01-16T13:05:36Z</time><speed>0.900</speed><sat>27</sat></trkpt>
  <trkpt lat="10.77450853" lon="106.70457909"><ele>7.473</ele><time>2025-01-16T13:05:37Z</time><speed>0.820</speed><sat>28</sat></trkpt>
  <trkpt lat="10.77451473" lon="106.70455920"><ele>9.485</ele><time>2025-01-16T13:05:38Z</time><speed>1.350</speed><sat>28</sat></trkpt>
  <trkpt lat="10.77452147" lon="106.70454583"><ele>11.595</ele><time>2025-01-16T13:05:39Z</time><speed>0.260</speed><sat>28</sat></trkpt>
  <trkpt lat="10.77452907" lon="106.70453661"><ele>12.908</ele><time>2025-01-16T13:05:40Z</time><speed>0.490</speed><sat>28</sat></trkpt>
  <trkpt lat="10.77454050" lon="106.70452424"><ele>14.393</ele><time>2025-01-16T13:05:41Z</time><speed>0.970</speed><sat>27</sat></trkpt>
  <trkpt lat="10.77455098" lon="106.70450869"><ele>17.251</ele><time>2025-01-16T13:05:42Z</time><speed>0.750</speed><sat>27</sat></trkpt>
  <trkpt lat="10.77455946" lon="106.70449447"><ele>18.507</ele><time>2025-01-16T13:05:43Z</time><speed>0.790</speed><sat>27</sat></trkpt>
  <trkpt lat="10.77456797" lon="106.70448033"><ele>18.883</ele><time>2025-01-16T13:05:44Z</time><speed>0.970</speed><sat>27</sat></trkpt>
  <trkpt lat="10.77457657" lon="106.70446984"><ele>19.137</ele><time>2025-01-16T13:05:45Z</time><speed>0.560</speed><sat>27</sat></trkpt>
  <trkpt lat="10.77458554" lon="106.70446045"><ele>22.073</ele><time>2025-01-16T13:05:46Z</time><speed>0.580</speed><sat>27</sat></trkpt>
  <trkpt lat="10.77459373" lon="106.70445033"><ele>23.507</ele><time>2025-01-16T13:05:47Z</time><speed>0.520</speed><sat>28</sat></trkpt>
  <trkpt lat="10.77460551" lon="106.70443703"><ele>24.086</ele><time>2025-01-16T13:05:48Z</time><speed>0.850</speed><sat>29</sat></trkpt>
  <trkpt lat="10.77461612" lon="106.70442617"><ele>23.764</ele><time>2025-01-16T13:05:49Z</time><speed>0.850</speed><sat>28</sat></trkpt>
  <trkpt lat="10.77462712" lon="106.70441214"><ele>22.740</ele><time>2025-01-16T13:05:50Z</time><speed>1.470</speed><sat>26</sat></trkpt>
  <trkpt lat="10.77463625" lon="106.70439752"><ele>22.574</ele><time>2025-01-16T13:05:51Z</time><speed>1.250</speed><sat>27</sat></trkpt>
  <trkpt lat="10.77464098" lon="106.70438456"><ele>22.460</ele><time>2025-01-16T13:05:52Z</time><speed>0.920</speed><sat>27</sat></trkpt>
  <trkpt lat="10.77464678" lon="106.70437190"><ele>21.256</ele><time>2025-01-16T13:05:53Z</time><speed>1.300</speed><sat>27</sat></trkpt>
  <trkpt lat="10.77465282" lon="106.70435293"><ele>21.880</ele><time>2025-01-16T13:05:54Z</time><speed>1.860</speed><sat>24</sat></trkpt>
  <trkpt lat="10.77465865" lon="106.70433033"><ele>22.628</ele><time>2025-01-16T13:05:55Z</time><speed>2.100</speed><sat>26</sat></trkpt>
  <trkpt lat="10.77465999" lon="106.70431964"><ele>24.032</ele><time>2025-01-16T13:05:56Z</time><speed>0.490</speed><sat>26</sat></trkpt>
  <trkpt lat="10.77465894" lon="106.70431558"><ele>24.590</ele><time>2025-01-16T13:05:57Z</time><speed>0.320</speed><sat>28</sat></trkpt>
  <trkpt lat="10.77466006" lon="106.70430979"><ele>25.140</ele><time>2025-01-16T13:05:58Z</time><speed>0.400</speed><sat>28</sat></trkpt>
  <trkpt lat="10.77466149" lon="106.70430265"><ele>26.355</ele><time>2025-01-16T13:05:59Z</time><speed>0.000</speed><sat>28</sat></trkpt>
  <trkpt lat="10.77466244" lon="106.70429801"><ele>27.847</ele><time>2025-01-16T13:06:00Z</time><speed>0.350</speed><sat>29</sat></trkpt>
  <trkpt lat="10.77466929" lon="106.70430162"><ele>29.671</ele><time>2025-01-16T13:06:01Z</time><speed>0.000</speed><sat>29</sat></trkpt>
  <trkpt lat="10.77467655" lon="106.70430279"><ele>29.973</ele><time>2025-01-16T13:06:02Z</time><speed>0.000</speed><sat>30</sat></trkpt>
  <trkpt lat="10.77467923" lon="106.70430207"><ele>31.168</ele><time>2025-01-16T13:06:03Z</time><speed>0.160</speed><sat>30</sat></trkpt>
  <trkpt lat="10.77467977" lon="106.70430905"><ele>27.186</ele><time>2025-01-16T13:06:04Z</time><speed>0.000</speed><sat>30</sat></trkpt>
  <trkpt lat="10.77468195" lon="106.70430844"><ele>28.511</ele><time>2025-01-16T13:06:05Z</time><speed>0.290</speed><sat>30</sat></trkpt>
  <trkpt lat="10.77468776" lon="106.70430489"><ele>28.884</ele><time>2025-01-16T13:06:06Z</time><speed>0.680</speed><sat>30</sat></trkpt>
  <trkpt lat="10.77469560" lon="106.70430844"><ele>30.435</ele><time>2025-01-16T13:06:07Z</time><speed>0.000</speed><sat>30</sat></trkpt>
  <trkpt lat="10.77469808" lon="106.70431083"><ele>29.409</ele><time>2025-01-16T13:06:08Z</time><speed>0.000</speed><sat>32</sat></trkpt>
  <trkpt lat="10.77470145" lon="106.70431496"><ele>27.802</ele><time>2025-01-16T13:06:09Z</time><speed>0.000</speed><sat>31</sat></trkpt>
  <trkpt lat="10.77470646" lon="106.70431901"><ele>28.197</ele><time>2025-01-16T13:06:10Z</time><speed>0.000</speed><sat>32</sat></trkpt>
  <trkpt lat="10.77471205" lon="106.70432275"><ele>27.233</ele><time>2025-01-16T13:06:11Z</time><speed>0.000</speed><sat>30</sat></trkpt>
  <trkpt lat="10.77471704" lon="106.70432600"><ele>27.104</ele><time>2025-01-16T13:06:12Z</time><speed>0.000</speed><sat>31</sat></trkpt>
  <trkpt lat="10.77472079" lon="106.70432746"><ele>28.065</ele><time>2025-01-16T13:06:13Z</time><speed>0.000</speed><sat>31</sat></trkpt>
  <trkpt lat="10.77472850" lon="106.70432571"><ele>29.638</ele><time>2025-01-16T13:06:14Z</time><speed>0.930</speed><sat>30</sat></trkpt>
  <trkpt lat="10.77473952" lon="106.70432101"><ele>29.424</ele><time>2025-01-16T13:06:15Z</time><speed>1.200</speed><sat>31</sat></trkpt>
  <trkpt lat="10.77475260" lon="106.70431665"><ele>29.627</ele><time>2025-01-16T13:06:16Z</time><speed>1.130</speed><sat>31</sat></trkpt>
  <trkpt lat="10.77476203" lon="106.70431682"><ele>29.935</ele><time>2025-01-16T13:06:17Z</time><speed>0.240</speed><sat>31</sat></trkpt>
  <trkpt lat="10.77477408" lon="106.70431571"><ele>27.898</ele><time>2025-01-16T13:06:18Z</time><speed>1.530</speed><sat>32</sat></trkpt>
  <trkpt lat="10.77478601" lon="106.70431284"><ele>25.295</ele><time>2025-01-16T13:06:19Z</time><speed>0.930</speed><sat>30</sat></trkpt>
  <trkpt lat="10.77479508" lon="106.70431116"><ele>24.001</ele><time>2025-01-16T13:06:20Z</time><speed>0.890</speed><sat>30</sat></trkpt>
  <trkpt lat="10.77480979" lon="106.70430812"><ele>23.937</ele><time>2025-01-16T13:06:21Z</time><speed>1.590</speed><sat>28</sat></trkpt>
  <trkpt lat="10.77482075" lon="106.70430936"><ele>25.400</ele><time>2025-01-16T13:06:22Z</time><speed>0.170</speed><sat>28</sat></trkpt>
  <trkpt lat="10.77482716" lon="106.70431395"><ele>25.589</ele><time>2025-01-16T13:06:23Z</time><speed>0.180</speed><sat>28</sat></trkpt>
  <trkpt lat="10.77483298" lon="106.70431731"><ele>25.737</ele><time>2025-01-16T13:06:24Z</time><speed>0.180</speed><sat>26</sat></trkpt>
  <trkpt lat="10.77483600" lon="106.70432034"><ele>25.292</ele><time>2025-01-16T13:06:25Z</time><speed>0.260</speed><sat>28</sat></trkpt>
  <trkpt lat="10.77483939" lon="106.70432037"><ele>24.533</ele><time>2025-01-16T13:06:26Z</time><speed>0.510</speed><sat>28</sat></trkpt>
  <trkpt lat="10.77484417" lon="106.70432613"><ele>24.617</ele><time>2025-01-16T13:06:27Z</time><speed>0.000</speed><sat>29</sat></trkpt>
  <trkpt lat="10.77484572" lon="106.70432956"><ele>24.730</ele><time>2025-01-16T13:06:28Z</time><speed>0.000</speed><sat>28</sat></trkpt>
  <trkpt lat="10.77484673" lon="106.70433165"><ele>24.835</ele><time>2025-01-16T13:06:29Z</time><speed>0.000</speed><sat>29</sat></trkpt>
  <trkpt lat="10.77484628" lon="106.70433406"><ele>24.938</ele><time>2025-01-16T13:06:30Z</time><speed>0.000</speed><sat>29</sat></trkpt>
  <trkpt lat="10.77484512" lon="106.70433596"><ele>24.811</ele><time>2025-01-16T13:06:31Z</time><speed>0.000</speed><sat>28</sat></trkpt>
  <trkpt lat="10.77484373" lon="106.70433721"><ele>24.826</ele><time>2025-01-16T13:06:32Z</time><speed>0.000</speed><sat>27</sat></trkpt>
  <trkpt lat="10.77484284" lon="106.70433856"><ele>24.938</ele><time>2025-01-16T13:06:33Z</time><speed>0.000</speed><sat>26</sat></trkpt>
  <trkpt lat="10.77484244" lon="106.70433922"><ele>24.934</ele><time>2025-01-16T13:06:34Z</time><speed>0.000</speed><sat>26</sat></trkpt>
  <trkpt lat="10.77484224" lon="106.70433956"><ele>24.934</ele><time>2025-01-16T13:06:35Z</time><speed>0.000</speed><sat>22</sat></trkpt>
  <trkpt lat="10.77484208" lon="106.70433979"><ele>24.948</ele><time>2025-01-16T13:06:36Z</time><speed>0.000</speed><sat>20</sat></trkpt>
  <trkpt lat="10.77484193" lon="106.70433992"><ele>24.953</ele><time>2025-01-16T13:06:37Z</time><speed>0.000</speed><sat>18</sat></trkpt>
  <trkpt lat="10.77484186" lon="106.70433999"><ele>24.953</ele><time>2025-01-16T13:06:38Z</time><speed>0.000</speed><sat>17</sat></trkpt>
  <trkpt lat="10.77484182" lon="106.70434002"><ele>24.953</ele><time>2025-01-16T13:06:39Z</time><speed>0.000</speed><sat>11</sat></trkpt>
  <trkpt lat="10.77484170" lon="106.70434004"><ele>24.967</ele><time>2025-01-16T13:06:40Z</time><speed>0.000</speed><sat>5</sat></trkpt>
  <trkpt lat="10.77484150" lon="106.70434010"><ele>24.969</ele><time>2025-01-16T13:06:41Z</time><speed>0.000</speed><sat>5</sat></trkpt>
  <trkpt lat="10.77484140" lon="106.70434013"><ele>24.969</ele><time>2025-01-16T13:06:42Z</time><speed>0.000</speed><sat>6</sat></trkpt>
  <trkpt lat="10.77484324" lon="106.70433984"><ele>25.270</ele><time>2025-01-16T13:06:48Z</time><speed>0.000</speed></trkpt>
  <trkpt lat="10.77484426" lon="106.70433972"><ele>25.291</ele><time>2025-01-16T13:06:49Z</time><speed>0.000</speed><sat>8</sat></trkpt>
  <trkpt lat="10.77484478" lon="106.70433966"><ele>25.291</ele><time>2025-01-16T13:06:50Z</time><speed>0.000</speed><sat>7</sat></trkpt>
  <trkpt lat="10.77484503" lon="106.70433963"><ele>25.291</ele><time>2025-01-16T13:06:51Z</time><speed>0.000</speed><sat>4</sat></trkpt>
  <trkpt lat="10.77426142" lon="106.70502336"><ele>26.672</ele><time>2025-01-16T13:08:25Z</time><speed>0.790</speed><sat>10</sat></trkpt>
  <trkpt lat="10.77430540" lon="106.70504590"><ele>26.545</ele><time>2025-01-16T13:08:26Z</time><speed>0.000</speed><sat>10</sat></trkpt>
  <trkpt lat="10.77435417" lon="106.70505174"><ele>28.897</ele><time>2025-01-16T13:08:27Z</time><speed>0.000</speed><sat>10</sat></trkpt>
  <trkpt lat="10.77440279" lon="106.70507626"><ele>26.973</ele><time>2025-01-16T13:08:28Z</time><speed>0.000</speed><sat>10</sat></trkpt>
  <trkpt lat="10.77443254" lon="106.70507109"><ele>33.874</ele><time>2025-01-16T13:08:29Z</time><speed>0.000</speed><sat>10</sat></trkpt>
  <trkpt lat="10.77446276" lon="106.70507195"><ele>39.047</ele><time>2025-01-16T13:08:30Z</time><speed>0.000</speed><sat>10</sat></trkpt>
  <trkpt lat="10.77447828" lon="106.70506978"><ele>41.026</ele><time>2025-01-16T13:08:31Z</time><speed>0.000</speed><sat>14</sat></trkpt>
  <trkpt lat="10.77450472" lon="106.70506313"><ele>43.927</ele><time>2025-01-16T13:08:32Z</time><speed>0.000</speed><sat>14</sat></trkpt>
  <trkpt lat="10.77452339" lon="106.70506437"><ele>43.856</ele><time>2025-01-16T13:08:33Z</time><speed>0.000</speed><sat>18</sat></trkpt>
  <trkpt lat="10.77453115" lon="106.70505977"><ele>44.859</ele><time>2025-01-16T13:08:34Z</time><speed>0.000</speed><sat>18</sat></trkpt>
  <trkpt lat="10.77453809" lon="106.70505397"><ele>44.675</ele><time>2025-01-16T13:08:35Z</time><speed>0.000</speed><sat>14</sat></trkpt>
  <trkpt lat="10.77454466" lon="106.70504837"><ele>45.839</ele><time>2025-01-16T13:08:36Z</time><speed>0.000</speed><sat>14</sat></trkpt>
  <trkpt lat="10.77456433" lon="106.70503855"><ele>48.055</ele><time>2025-01-16T13:08:37Z</time><speed>0.000</speed><sat>12</sat></trkpt>
  <trkpt lat="10.77457731" lon="106.70503432"><ele>48.472</ele><time>2025-01-16T13:08:38Z</time><speed>0.000</speed><sat>13</sat></trkpt>
  <trkpt lat="10.77458645" lon="106.70502961"><ele>48.338</ele><time>2025-01-16T13:08:39Z</time><speed>0.000</speed><sat>11</sat></trkpt>
  <trkpt lat="10.77459446" lon="106.70502595"><ele>48.863</ele><time>2025-01-16T13:08:40Z</time><speed>0.000</speed><sat>12</sat></trkpt>
  <trkpt lat="10.77460158" lon="106.70502334"><ele>49.279</ele><time>2025-01-16T13:08:41Z</time><speed>0.000</speed><sat>14</sat></trkpt>
  <trkpt lat="10.77462016" lon="106.70501011"><ele>48.580</ele><time>2025-01-16T13:08:42Z</time><speed>0.000</speed><sat>14</sat></trkpt>
  <trkpt lat="10.77462665" lon="106.70500591"><ele>48.808</ele><time>2025-01-16T13:08:43Z</time><speed>0.000</speed><sat>13</sat></trkpt>
  <trkpt lat="10.77462902" lon="106.70500883"><ele>49.296</ele><time>2025-01-16T13:08:44Z</time><speed>0.000</speed><sat>13</sat></trkpt>
  <trkpt lat="10.77463078" lon="106.70501400"><ele>50.132</ele><time>2025-01-16T13:08:45Z</time><speed>0.000</speed><sat>15</sat></trkpt>
  <trkpt lat="10.77463644" lon="106.70501948"><ele>51.824</ele><time>2025-01-16T13:08:46Z</time><speed>0.000</speed><sat>14</sat></trkpt>
  <trkpt lat="10.77464514" lon="106.70502141"><ele>53.022</ele><time>2025-01-16T13:08:47Z</time><speed>0.000</speed><sat>14</sat></trkpt>
  <trkpt lat="10.77464754" lon="106.70502019"><ele>52.649</ele><time>2025-01-16T13:08:48Z</time><speed>0.000</speed><sat>14</sat></trkpt>
  <trkpt lat="10.77464948" lon="106.70502060"><ele>52.811</ele><time>2025-01-16T13:08:49Z</time><speed>0.000</speed><sat>14</sat></trkpt>
  <trkpt lat="10.77465428" lon="106.70502335"><ele>53.579</ele><time>2025-01-16T13:08:50Z</time><speed>0.000</speed><sat>14</sat></trkpt>
  <trkpt lat="10.77465667" lon="106.70502548"><ele>53.750</ele><time>2025-01-16T13:08:51Z</time><speed>0.000</speed><sat>13</sat></trkpt>
  <trkpt lat="10.77466371" lon="106.70502493"><ele>54.047</ele><time>2025-01-16T13:08:52Z</time><speed>0.000</speed><sat>13</sat></trkpt>
  <trkpt lat="10.77467071" lon="106.70502412"><ele>53.044</ele><time>2025-01-16T13:08:53Z</time><speed>0.000</speed><sat>14</sat></trkpt>
  <trkpt lat="10.77466904" lon="106.70502283"><ele>52.323</ele><time>2025-01-16T13:08:54Z</time><speed>0.000</speed><sat>15</sat></trkpt>
  <trkpt lat="10.77467348" lon="106.70502381"><ele>52.638</ele><time>2025-01-16T13:08:55Z</time><speed>0.000</speed><sat>15</sat></trkpt>
  <trkpt lat="10.77467667" lon="106.70502617"><ele>53.261</ele><time>2025-01-16T13:08:56Z</time><speed>0.000</speed><sat>15</sat></trkpt>
  <trkpt lat="10.77468361" lon="106.70502666"><ele>54.243</ele><time>2025-01-16T13:08:57Z</time><speed>0.000</speed><sat>17</sat></trkpt>
  <trkpt lat="10.77468934" lon="106.70502792"><ele>54.632</ele><time>2025-01-16T13:08:58Z</time><speed>0.000</speed><sat>17</sat></trkpt>
  <trkpt lat="10.77469200" lon="106.70502918"><ele>55.010</ele><time>2025-01-16T13:08:59Z</time><speed>0.000</speed><sat>16</sat></trkpt>
  <trkpt lat="10.77469522" lon="106.70503118"><ele>55.704</ele><time>2025-01-16T13:09:00Z</time><speed>0.000</speed><sat>16</sat></trkpt>
  <trkpt lat="10.77469785" lon="106.70503389"><ele>56.354</ele><time>2025-01-16T13:09:01Z</time><speed>0.000</speed><sat>15</sat></trkpt>
  <trkpt lat="10.77470216" lon="106.70503271"><ele>56.703</ele><time>2025-01-16T13:09:02Z</time><speed>0.000</speed><sat>15</sat></trkpt>
  <trkpt lat="10.77470458" lon="106.70503231"><ele>56.755</ele><time>2025-01-16T13:09:03Z</time><speed>0.000</speed><sat>14</sat></trkpt>
  <trkpt lat="10.77470514" lon="106.70503260"><ele>56.919</ele><time>2025-01-16T13:09:04Z</time><speed>0.000</speed><sat>14</sat></trkpt>
  <trkpt lat="10.77470459" lon="106.70503352"><ele>57.057</ele><time>2025-01-16T13:09:05Z</time><speed>0.000</speed><sat>14</sat></trkpt>
  <trkpt lat="10.77470460" lon="106.70503397"><ele>57.116</ele><time>2025-01-16T13:09:06Z</time><speed>0.000</speed><sat>13</sat></trkpt>
  <trkpt lat="10.77470808" lon="106.70503180"><ele>57.451</ele><time>2025-01-16T13:09:07Z</time><speed>0.000</speed><sat>13</sat></trkpt>
  <trkpt lat="10.77470979" lon="106.70503073"><ele>57.457</ele><time>2025-01-16T13:09:08Z</time><speed>0.000</speed><sat>12</sat></trkpt>
  <trkpt lat="10.77471064" lon="106.70503122"><ele>57.769</ele><time>2025-01-16T13:09:09Z</time><speed>0.000</speed><sat>14</sat></trkpt>
  <trkpt lat="10.77471106" lon="106.70503148"><ele>57.759</ele><time>2025-01-16T13:09:10Z</time><speed>0.000</speed><sat>15</sat></trkpt>
  <trkpt lat="10.77471150" lon="106.70503179"><ele>57.687</ele><time>2025-01-16T13:09:11Z</time><speed>0.000</speed><sat>15</sat></trkpt>
  <trkpt lat="10.77471389" lon="106.70502947"><ele>57.707</ele><time>2025-01-16T13:09:12Z</time><speed>0.000</speed><sat>15</sat></trkpt>
  <trkpt lat="10.77471518" lon="106.70502842"><ele>57.719</ele><time>2025-01-16T13:09:13Z</time><speed>0.000</speed><sat>14</sat></trkpt>
  <trkpt lat="10.77471588" lon="106.70502794"><ele>57.721</ele><time>2025-01-16T13:09:14Z</time><speed>0.000</speed><sat>13</sat></trkpt>
  <trkpt lat="10.77471627" lon="106.70502885"><ele>58.061</ele><time>2025-01-16T13:09:15Z</time><speed>0.000</speed><sat>9</sat></trkpt>
  <trkpt lat="10.77471649" lon="106.70502947"><ele>58.097</ele><time>2025-01-16T13:09:16Z</time><speed>0.000</speed><sat>9</sat></trkpt>
  <trkpt lat="10.77471977" lon="106.70502723"><ele>58.411</ele><time>2025-01-16T13:09:17Z</time><speed>0.000</speed><sat>8</sat></trkpt>
  <trkpt lat="10.77472120" lon="106.70502605"><ele>58.452</ele><time>2025-01-16T13:09:18Z</time><speed>0.000</speed><sat>8</sat></trkpt>
  <trkpt lat="10.77472195" lon="106.70502568"><ele>58.461</ele><time>2025-01-16T13:09:19Z</time><speed>0.000</speed><sat>8</sat></trkpt>
  <trkpt lat="10.77472167" lon="106.70502564"><ele>58.439</ele><time>2025-01-16T13:09:20Z</time><speed>0.000</speed><sat>8</sat></trkpt>
  <trkpt lat="10.77472156" lon="106.70502571"><ele>58.348</ele><time>2025-01-16T13:09:21Z</time><speed>0.000</speed><sat>9</sat></trkpt>
  <trkpt lat="10.77472462" lon="106.70502379"><ele>58.676</ele><time>2025-01-16T13:09:22Z</time><speed>0.000</speed><sat>9</sat></trkpt>
  <trkpt lat="10.77472620" lon="106.70502303"><ele>58.724</ele><time>2025-01-16T13:09:23Z</time><speed>0.000</speed><sat>10</sat></trkpt>
  <trkpt lat="10.77472698" lon="106.70502275"><ele>58.723</ele><time>2025-01-16T13:09:24Z</time><speed>0.000</speed><sat>11</sat></trkpt>
  <trkpt lat="10.77472743" lon="106.70502264"><ele>58.719</ele><time>2025-01-16T13:09:25Z</time><speed>0.000</speed><sat>11</sat></trkpt>
  <trkpt lat="10.77472766" lon="106.70502267"><ele>58.727</ele><time>2025-01-16T13:09:26Z</time><speed>0.000</speed><sat>11</sat></trkpt>
 </trkseg>
</trk>

</gpx>
 